# Tree_Leaves_Amber: 9690 triangles, generated by tools/statue_gen
o Tree_Leaves_Amber
v -0.49318 3.77817 -0.02387
v -0.51061 3.77204 -0.06890
v -0.52634 3.79025 -0.10266
v -0.59584 3.81390 -0.10488
v -0.57480 3.80393 -0.03522
v -0.54176 3.78083 -0.02555
v -0.54842 3.80269 -0.06853
v -0.66175 2.68391 0.96591
v -0.66331 2.64169 0.97330
v -0.65080 2.60865 0.96399
v -0.67092 2.57858 0.91034
v -0.68446 2.64176 0.90680
v -0.68495 2.66297 0.93654
v -0.66291 2.62632 0.93326
v -0.55765 3.34318 0.18794
v -0.52039 3.31842 0.21488
v -0.47803 3.31870 0.22845
v -0.41886 3.30052 0.17970
v -0.48354 3.31816 0.13832
v -0.52393 3.31808 0.15695
v -0.47932 3.32471 0.18326
v 0.00680 3.94946 -0.53837
v 0.04418 3.93657 -0.49818
v 0.07131 3.95281 -0.46203
v 0.14316 3.99614 -0.47607
v 0.09494 3.99606 -0.54615
v 0.05937 3.96437 -0.55225
v 0.07972 3.98017 -0.50210
v 0.10944 3.11155 -1.18354
v 0.08902 3.15445 -1.17738
v 0.05961 3.17578 -1.15880
v -0.00924 3.17246 -1.18059
v 0.02778 3.11608 -1.20660
v 0.06856 3.11607 -1.20811
v 0.04258 3.14267 -1.17789
v 0.06167 3.40148 -0.43383
v 0.10648 3.38268 -0.41796
v 0.14786 3.39137 -0.40754
v 0.20129 3.40472 -0.46156
v 0.13069 3.41315 -0.49148
v 0.09544 3.39668 -0.47191
v 0.13903 3.40836 -0.44788
v -0.22670 3.13168 -1.07515
v -0.20055 3.11841 -1.04956
v -0.17906 3.09434 -1.04198
v -0.19699 3.04231 -1.02153
v -0.24169 3.07033 -1.04731
v -0.24081 3.10297 -1.05299
v -0.20930 3.08050 -1.04895
v -0.39708 3.35140 -0.03362
v -0.41686 3.32612 0.00511
v -0.41177 3.29429 0.03333
v -0.42068 3.22159 0.01346
v -0.41066 3.26446 -0.04836
v -0.41615 3.30694 -0.04741
v -0.40504 3.27881 -0.00722
v 0.14146 3.40335 -0.89751
v 0.11423 3.44127 -0.91214
v 0.11267 3.47630 -0.93466
v 0.14401 3.53890 -0.91121
v 0.17164 3.48130 -0.87420
v 0.15213 3.44449 -0.87327
v 0.14647 3.47790 -0.90856
v -1.07842 3.08960 0.59638
v -1.02546 3.11732 0.59961
v -0.99714 3.15223 0.62368
v -1.00933 3.24070 0.61020
v -1.08189 3.19477 0.58220
v -1.07994 3.14467 0.57295
v -1.04265 3.17378 0.60963
v 0.19463 3.42871 0.03473
v 0.19501 3.46875 0.05285
v 0.21326 3.50125 0.05638
v 0.26693 3.50704 0.09490
v 0.25534 3.44314 0.08146
v 0.22206 3.43140 0.06897
v 0.23726 3.47238 0.06437
v -0.82450 3.04925 0.81725
v -0.82999 3.08133 0.77061
v -0.85955 3.10855 0.74356
v -0.91877 3.07350 0.69230
v -0.89259 3.01620 0.75056
v -0.85123 3.02196 0.77511
v -0.88091 3.06446 0.75171
v -1.50009 3.30726 -0.10530
v -1.49923 3.30208 -0.14413
v -1.48083 3.29369 -0.17068
v -1.44149 3.33101 -0.19424
v -1.45540 3.34813 -0.13939
v -1.48288 3.33707 -0.12401
v -1.46464 3.31817 -0.15308
v -0.28325 3.43502 -0.32153
v -0.24471 3.43973 -0.31156
v -0.21740 3.46020 -0.31233
v -0.18478 3.46774 -0.36269
v -0.23901 3.44470 -0.37633
v -0.25860 3.42977 -0.35270
v -0.23024 3.45694 -0.34473
v -0.27873 3.67114 -0.22769
v -0.25452 3.69710 -0.27668
v -0.25623 3.73671 -0.30960
v -0.31976 3.74203 -0.37493
v -0.34572 3.68256 -0.31074
v -0.31205 3.66229 -0.27741
v -0.30426 3.71498 -0.30611
v -1.21419 3.23579 0.77769
v -1.25470 3.22444 0.73395
v -1.27052 3.23536 0.68596
v -1.31604 3.31244 0.66670
v -1.27312 3.32055 0.74718
v -1.25637 3.27920 0.77331
v -1.26555 3.28048 0.71333
v -0.03790 3.49273 -0.42796
v -0.07203 3.51879 -0.45189
v -0.10475 3.54472 -0.44871
v -0.17198 3.52036 -0.42903
v -0.12033 3.47057 -0.41020
v -0.08205 3.47113 -0.42713
v -0.11163 3.51026 -0.42405
v -0.15449 3.34507 0.23309
v -0.13132 3.32164 0.19495
v -0.13583 3.29747 0.15976
v -0.15017 3.22291 0.16407
v -0.16642 3.25651 0.23034
v -0.15099 3.29531 0.24032
v -0.15695 3.27827 0.19326
v -0.64556 3.09575 -0.50324
v -0.63746 3.05761 -0.51137
v -0.63590 3.02587 -0.49949
v -0.59078 3.00752 -0.46431
v -0.59330 3.06755 -0.46500
v -0.61007 3.08440 -0.48919
v -0.61776 3.04682 -0.47847
v 0.11511 3.13966 -0.44866
v 0.13653 3.18119 -0.47701
v 0.13145 3.21037 -0.51292
v 0.14431 3.18605 -0.59065
v 0.13344 3.12045 -0.54189
v 0.13781 3.12338 -0.49564
v 0.12575 3.16554 -0.52826
v -0.51816 2.91866 1.19755
v -0.50250 2.94577 1.17167
v -0.50854 2.97325 1.15152
v -0.53685 2.96791 1.09742
v -0.54720 2.91810 1.13161
v -0.52736 2.91032 1.15887
v -0.53191 2.94773 1.14371
v 0.22511 3.02149 -0.52647
v 0.18677 3.02639 -0.50314
v 0.15405 3.04615 -0.49902
v 0.15299 3.10814 -0.47080
v 0.21632 3.09242 -0.49036
v 0.22681 3.05613 -0.49757
v 0.18436 3.07135 -0.49981
v -0.41100 3.59096 0.32664
v -0.35610 3.61280 0.31458
v -0.30864 3.60251 0.29783
v -0.24763 3.56000 0.35026
v -0.33149 3.54702 0.38310
v -0.37078 3.57712 0.36939
v -0.32111 3.56872 0.33625
v -0.27145 3.75004 -0.29436
v -0.22125 3.74231 -0.26134
v -0.20097 3.72425 -0.21747
v -0.21016 3.76904 -0.13833
v -0.27219 3.79868 -0.19856
v -0.26704 3.79016 -0.24918
v -0.24152 3.75623 -0.20598
v -0.32819 3.06851 0.74665
v -0.33955 3.07915 0.79180
v -0.33684 3.06831 0.83091
v -0.37681 3.01497 0.85827
v -0.37520 3.01031 0.78638
v -0.36422 3.04186 0.76318
v -0.35113 3.03602 0.80873
v 0.11139 2.89020 -0.03246
v 0.13818 2.91039 0.01235
v 0.13539 2.92171 0.05858
v 0.09626 2.99181 0.08479
v 0.07229 2.97294 0.00604
v 0.09762 2.94332 -0.02142
v 0.09870 2.94328 0.03454
v 0.16202 2.94843 0.42372
v 0.19273 2.96547 0.44986
v 0.21963 2.99101 0.45369
v 0.27873 2.98369 0.42511
v 0.23458 2.94376 0.39647
v 0.20234 2.93509 0.41309
v 0.22562 2.97119 0.42155
v -0.19778 3.93340 -0.54593
v -0.20465 3.91442 -0.58970
v -0.18997 3.90999 -0.62777
v -0.19363 3.96373 -0.67661
v -0.20293 3.99026 -0.60955
v -0.21298 3.96602 -0.57798
v -0.19060 3.95089 -0.61789
v -1.11135 3.23412 -0.85238
v -1.08261 3.24260 -0.82113
v -1.07676 3.24628 -0.78491
v -1.09585 3.29958 -0.75231
v -1.12741 3.29568 -0.80937
v -1.11517 3.27435 -0.83686
v -1.10600 3.26801 -0.79502
v 0.14000 3.78259 -0.76048
v 0.13553 3.80751 -0.81198
v 0.13653 3.80137 -0.86046
v 0.21096 3.79093 -0.90345
v 0.22289 3.77535 -0.81911
v 0.19105 3.79079 -0.78540
v 0.17800 3.78152 -0.84051
v -0.12108 3.80299 -0.56493
v -0.11832 3.76169 -0.56397
v -0.12449 3.73222 -0.54560
v -0.08831 3.71533 -0.49755
v -0.07998 3.77589 -0.51043
v -0.08971 3.78976 -0.54136
v -0.10606 3.75546 -0.52492
v 0.38430 3.06003 -0.40585
v 0.41007 3.06614 -0.45126
v 0.43618 3.04706 -0.48224
v 0.51361 3.03515 -0.46984
v 0.47656 3.04745 -0.40080
v 0.43603 3.06639 -0.39891
v 0.45501 3.04094 -0.44082
v -0.28763 3.16756 -0.32286
v -0.33078 3.17324 -0.35134
v -0.35670 3.15613 -0.38293
v -0.33699 3.15963 -0.45880
v -0.27386 3.17228 -0.41395
v -0.27752 3.18362 -0.37128
v -0.31393 3.15793 -0.39810
v 0.88322 2.68194 -1.71779
v 0.88537 2.64019 -1.72642
v 0.87146 2.61237 -1.74524
v 0.81588 2.58455 -1.72835
v 0.82090 2.64250 -1.70070
v 0.85287 2.65956 -1.69779
v 0.84397 2.62984 -1.72710
v -0.21713 3.19576 1.12218
v -0.19134 3.18860 1.07624
v -0.17130 3.20829 1.04072
v -0.21388 3.24144 0.98137
v -0.25993 3.23204 1.04638
v -0.24831 3.20387 1.07988
v -0.21389 3.22602 1.04595
v 0.01160 3.85113 -0.73617
v -0.03840 3.82897 -0.76219
v -0.07535 3.83619 -0.79747
v -0.14449 3.89425 -0.78337
v -0.07599 3.91244 -0.72569
v -0.03882 3.87799 -0.71605
v -0.07238 3.87893 -0.76646
v -0.32151 3.60539 -1.00719
v -0.33995 3.55757 -0.99555
v -0.36701 3.53334 -0.96939
v -0.34771 3.51570 -0.89453
v -0.30365 3.57632 -0.92044
v -0.29922 3.58520 -0.96409
v -0.33975 3.55920 -0.94303
v -0.48248 3.62737 -0.68018
v -0.48443 3.59394 -0.63748
v -0.49457 3.58926 -0.59263
v -0.44490 3.61777 -0.53412
v -0.42715 3.65318 -0.60578
v -0.44110 3.63503 -0.64593
v -0.46531 3.62612 -0.59820
v -0.86244 3.34411 -0.18876
v -0.84378 3.39780 -0.17150
v -0.81563 3.43831 -0.18275
v -0.72633 3.43716 -0.17517
v -0.75812 3.35338 -0.17723
v -0.80681 3.34320 -0.16795
v -0.78656 3.39558 -0.18732
v -0.25992 3.22633 0.74640
v -0.21789 3.26230 0.76789
v -0.20653 3.30872 0.78436
v -0.19499 3.37719 0.72781
v -0.23900 3.31071 0.68704
v -0.23877 3.26358 0.70532
v -0.22927 3.31226 0.73792
v -0.21159 3.12998 -1.36012
v -0.24622 3.10715 -1.31988
v -0.25209 3.09606 -1.27228
v -0.21217 3.02757 -1.23594
v -0.17319 3.04857 -1.31107
v -0.19550 3.07662 -1.34482
v -0.20827 3.07694 -1.28845
v -0.04945 3.14059 0.85308
v -0.04459 3.10069 0.87681
v -0.06294 3.07102 0.89589
v -0.08937 3.07944 0.96063
v -0.07857 3.14220 0.93057
v -0.05464 3.14645 0.89910
v -0.07599 3.10663 0.91083
v -0.92172 3.38331 -0.26452
v -0.89058 3.41106 -0.29325
v -0.85144 3.42878 -0.29712
v -0.83211 3.49209 -0.25896
v -0.89359 3.45992 -0.22697
v -0.91767 3.43107 -0.24815
v -0.86901 3.44073 -0.25834
v -1.39590 2.35679 -0.12852
v -1.43945 2.37499 -0.11122
v -1.46550 2.40888 -0.10869
v -1.45123 2.46668 -0.06167
v -1.38831 2.42568 -0.07242
v -1.38983 2.38579 -0.08790
v -1.42528 2.42061 -0.09554
v -0.17638 3.29674 -0.03051
v -0.14536 3.29869 -0.05449
v -0.12402 3.28179 -0.07390
v -0.07983 3.24972 -0.05097
v -0.12061 3.26077 -0.00946
v -0.14317 3.28518 -0.01307
v -0.12486 3.26731 -0.04284
v -1.23446 3.38417 -0.51147
v -1.25197 3.38627 -0.47285
v -1.26282 3.36793 -0.44362
v -1.31717 3.33401 -0.44345
v -1.29898 3.34611 -0.50368
v -1.27521 3.37224 -0.51145
v -1.27795 3.35270 -0.47386
v -0.19850 3.20476 0.10989
v -0.17173 3.17901 0.12663
v -0.15304 3.15005 0.12260
v -0.17864 3.09430 0.12654
v -0.22204 3.13685 0.11735
v -0.21609 3.17052 0.12325
v -0.18710 3.14312 0.11497
v -0.09567 3.61213 -0.68613
v -0.07946 3.62287 -0.73069
v -0.08747 3.62270 -0.77131
v -0.08401 3.56111 -0.81100
v -0.08891 3.54485 -0.73964
v -0.08038 3.57283 -0.71033
v -0.09419 3.58383 -0.75563
v -0.30730 3.40868 1.08655
v -0.26547 3.42682 1.09806
v -0.23537 3.42722 1.12447
v -0.24099 3.46054 1.18686
v -0.30541 3.44951 1.15925
v -0.31050 3.44115 1.12041
v -0.27082 3.43313 1.14435
v 0.03055 2.73836 -0.33086
v -0.01393 2.77530 -0.31380
v -0.02647 2.82157 -0.29543
v -0.01542 2.84273 -0.20766
v 0.03456 2.76972 -0.22872
v 0.02531 2.74196 -0.27092
v 0.00985 2.79983 -0.26413
v -1.02372 3.30779 -1.01647
v -1.07234 3.29876 -1.03034
v -1.10034 3.27085 -1.04904
v -1.10339 3.26167 -1.12591
v -1.03659 3.29535 -1.10577
v -1.03135 3.31450 -1.06681
v -1.06559 3.27750 -1.07659
v -0.32545 3.59794 0.26335
v -0.29562 3.56222 0.27795
v -0.25812 3.55232 0.29282
v -0.19838 3.55185 0.24983
v -0.25217 3.59067 0.21795
v -0.29180 3.58687 0.22982
v -0.25344 3.57658 0.25812
v -0.11963 2.97362 -0.67039
v -0.14509 2.97361 -0.63695
v -0.15719 2.99189 -0.60865
v -0.12234 2.99888 -0.55613
v -0.08534 2.98177 -0.60471
v -0.09890 2.96711 -0.63442
v -0.12049 2.99176 -0.60810
v -0.42052 3.70454 -0.13512
v -0.41371 3.72343 -0.17023
v -0.39459 3.74655 -0.18717
v -0.40243 3.80655 -0.17932
v -0.42777 3.77588 -0.13305
v -0.43504 3.74229 -0.13544
v -0.40692 3.76122 -0.15750
v 0.57813 2.72922 -1.58765
v 0.52252 2.73546 -1.60663
v 0.48149 2.76459 -1.60747
v 0.42730 2.77122 -1.53699
v 0.50627 2.73829 -1.51191
v 0.53845 2.71855 -1.54519
v 0.49664 2.75810 -1.55857
v -0.44981 3.28970 -0.33228
v -0.41335 3.24986 -0.34429
v -0.37191 3.23916 -0.36402
v -0.36260 3.23486 -0.44687
v -0.43194 3.27734 -0.42798
v -0.45194 3.27440 -0.38540
v -0.39853 3.26417 -0.39564
v -0.47025 3.76431 -0.21153
v -0.41547 3.78384 -0.22654
v -0.38553 3.80263 -0.26352
v -0.35235 3.74987 -0.32930
v -0.42234 3.70889 -0.28887
v -0.43913 3.72358 -0.24283
v -0.40883 3.75892 -0.28078
v -0.14130 3.39542 -1.15002
v -0.13644 3.34759 -1.11799
v -0.12896 3.29897 -1.11774
v -0.19163 3.24291 -1.14068
v -0.21075 3.32276 -1.16989
v -0.18901 3.36289 -1.15151
v -0.16628 3.30981 -1.14990
v -0.45362 3.28873 -0.60127
v -0.42150 3.27237 -0.64774
v -0.42166 3.25243 -0.69368
v -0.43183 3.16525 -0.70661
v -0.45912 3.18735 -0.62514
v -0.44558 3.23053 -0.60367
v -0.44712 3.22132 -0.66173
v 0.06152 3.80965 -0.26800
v 0.04482 3.80339 -0.30394
v 0.02118 3.78636 -0.32180
v 0.02868 3.72830 -0.33720
v 0.06649 3.74293 -0.29224
v 0.07395 3.77547 -0.28494
v 0.04048 3.76350 -0.30356
v -0.45444 3.64143 0.20832
v -0.40352 3.65223 0.22345
v -0.37534 3.66415 0.25802
v -0.37149 3.74099 0.28575
v -0.44025 3.73003 0.24285
v -0.44525 3.69458 0.21370
v -0.41116 3.69502 0.25584
v -0.89863 3.26853 -0.09683
v -0.87273 3.23030 -0.09465
v -0.84145 3.21098 -0.10876
v -0.84312 3.17883 -0.17064
v -0.89521 3.22500 -0.16623
v -0.90728 3.23932 -0.13159
v -0.86507 3.22222 -0.13952
v 0.08438 3.53031 -0.52374
v 0.03842 3.49050 -0.52424
v 0.00996 3.45775 -0.55251
v -0.05488 3.48764 -0.61013
v 0.00252 3.55604 -0.58907
v 0.03364 3.55369 -0.54774
v 0.01088 3.50515 -0.57643
v -0.42741 3.77445 -0.41824
v -0.45814 3.79370 -0.38806
v -0.47325 3.79334 -0.35082
v -0.51939 3.74343 -0.32967
v -0.48522 3.72187 -0.38829
v -0.46584 3.74776 -0.41214
v -0.47490 3.75525 -0.36645
v -1.69581 2.54744 0.01035
v -1.69025 2.59301 0.01854
v -1.69925 2.62380 0.04197
v -1.76199 2.65550 0.03885
v -1.76548 2.59200 0.00873
v -1.73282 2.57258 -0.00283
v -1.73365 2.60534 0.03035
v -0.48647 3.62500 -0.46338
v -0.52970 3.65859 -0.47729
v -0.55071 3.70145 -0.47137
v -0.59506 3.72023 -0.40106
v -0.54466 3.65301 -0.38679
v -0.52580 3.62744 -0.42292
v -0.54235 3.68128 -0.42714
v -0.30127 3.11435 -1.44658
v -0.34196 3.10446 -1.41100
v -0.37054 3.07246 -1.39231
v -0.43615 3.04320 -1.43370
v -0.38302 3.07911 -1.48626
v -0.34998 3.10874 -1.47139
v -0.37331 3.07002 -1.44015
v -0.30009 3.71424 -0.09255
v -0.26816 3.70551 -0.04708
v -0.26514 3.70791 0.00067
v -0.25358 3.78170 0.04094
v -0.28114 3.79564 -0.03810
v -0.27845 3.76191 -0.07200
v -0.27980 3.75143 -0.01676
v -0.52982 3.34179 -0.25687
v -0.52845 3.36653 -0.22044
v -0.50787 3.38925 -0.19881
v -0.46069 3.36567 -0.15837
v -0.47619 3.32020 -0.20431
v -0.50808 3.32214 -0.22398
v -0.48836 3.35669 -0.20507
v -1.11021 3.37788 -0.16245
v -1.07968 3.41590 -0.15964
v -1.06137 3.44393 -0.13496
v -1.09800 3.50228 -0.10881
v -1.14547 3.45097 -0.13213
v -1.13375 3.42042 -0.15782
v -1.10347 3.44470 -0.12817
v -0.31341 3.60154 0.06625
v -0.35546 3.59462 0.08528
v -0.37665 3.59206 0.11882
v -0.37414 3.53492 0.15989
v -0.31869 3.53596 0.11649
v -0.31820 3.55855 0.08379
v -0.34453 3.56711 0.12136
v -0.27109 3.45780 -0.53636
v -0.23908 3.42466 -0.53866
v -0.20699 3.41132 -0.55701
v -0.21066 3.38050 -0.61932
v -0.26879 3.41681 -0.60715
v -0.27880 3.42820 -0.57090
v -0.23566 3.41882 -0.58430
v -0.46619 3.36413 -0.87146
v -0.41335 3.37418 -0.86950
v -0.38001 3.40021 -0.85180
v -0.36646 3.47585 -0.87808
v -0.44065 3.45146 -0.90037
v -0.45232 3.40713 -0.90073
v -0.41304 3.42800 -0.87042
v -0.28952 3.79411 -0.12991
v -0.31779 3.82136 -0.10377
v -0.35561 3.83153 -0.09483
v -0.39440 3.87280 -0.13793
v -0.33896 3.84571 -0.17340
v -0.30709 3.83047 -0.15428
v -0.35027 3.83384 -0.13561
v -0.07991 2.93283 -0.45777
v -0.08120 2.93648 -0.50301
v -0.08487 2.91797 -0.53676
v -0.03344 2.88152 -0.56359
v -0.02237 2.89222 -0.49684
v -0.04102 2.91993 -0.47734
v -0.05645 2.90047 -0.51536
v -1.42454 3.05231 -0.27255
v -1.45972 3.02219 -0.24821
v -1.47829 2.98179 -0.24518
v -1.53133 2.95648 -0.29787
v -1.49099 3.01764 -0.32725
v -1.46789 3.04523 -0.30098
v -1.48003 2.99587 -0.28861
v -1.01097 3.37830 -0.58008
v -1.03387 3.34699 -0.56004
v -1.06174 3.33904 -0.53674
v -1.05544 3.34620 -0.47157
v -1.00858 3.38044 -0.50271
v -0.99969 3.37360 -0.53816
v -1.03830 3.36410 -0.52013
v -0.71773 3.71036 -0.45475
v -0.69783 3.72791 -0.41660
v -0.68581 3.76052 -0.39768
v -0.62707 3.79414 -0.41594
v -0.64781 3.75193 -0.46794
v -0.67340 3.72239 -0.46177
v -0.67013 3.76030 -0.43510
v -1.05227 3.76723 -0.32168
v -1.07413 3.80616 -0.33738
v -1.07404 3.84644 -0.33895
v -1.09380 3.88620 -0.28302
v -1.07853 3.81977 -0.26172
v -1.07701 3.78902 -0.28773
v -1.07064 3.83440 -0.29956
v -0.79531 3.64240 -0.30870
v -0.80267 3.68079 -0.32934
v -0.79421 3.70277 -0.35872
v -0.73721 3.73730 -0.36137
v -0.73244 3.68867 -0.31597
v -0.76296 3.67173 -0.30186
v -0.76158 3.69212 -0.34105
v -0.76949 2.56695 -1.59771
v -0.79354 2.52293 -1.61316
v -0.79425 2.48915 -1.64244
v -0.82071 2.49880 -1.71645
v -0.80370 2.56913 -1.68426
v -0.79961 2.57435 -1.64005
v -0.79280 2.52884 -1.66531
v -0.99404 3.07638 0.50034
v -0.97212 3.09195 0.54020
v -0.97468 3.11552 0.57358
v -0.96746 3.18760 0.56997
v -0.98191 3.16069 0.50418
v -0.97677 3.12099 0.49558
v -0.98416 3.13849 0.53974
v -0.05962 3.19644 -0.15600
v -0.04218 3.17447 -0.12633
v -0.04260 3.16568 -0.09269
v -0.02179 3.20383 -0.04904
v -0.03301 3.23514 -0.10089
v -0.03602 3.21912 -0.13160
v -0.04261 3.20123 -0.09550
v 0.27904 2.83680 -1.41857
v 0.29901 2.80232 -1.40891
v 0.32475 2.78782 -1.39028
v 0.38407 2.79353 -1.40689
v 0.34985 2.83663 -1.43516
v 0.31514 2.83370 -1.43775
v 0.33785 2.81547 -1.40888
v -1.36004 3.14696 0.24215
v -1.41244 3.14460 0.25632
v -1.45055 3.11849 0.25898
v -1.49540 3.10089 0.19265
v -1.42076 3.12631 0.17023
v -1.39329 3.14963 0.19926
v -1.43315 3.11618 0.21490
v -0.53461 3.50264 -0.22136
v -0.50241 3.54788 -0.23330
v -0.49644 3.59562 -0.22820
v -0.54285 3.65184 -0.27326
v -0.58076 3.57499 -0.27414
v -0.55662 3.53462 -0.26283
v -0.54214 3.58666 -0.24528
v -0.24048 3.37252 0.01863
v -0.25555 3.39942 0.05184
v -0.26424 3.40250 0.08932
v -0.32171 3.37597 0.11515
v -0.30803 3.34770 0.05442
v -0.28370 3.36419 0.02940
v -0.28298 3.37110 0.07418
v -1.12772 3.41439 -0.91103
v -1.11032 3.38169 -0.94237
v -1.09373 3.34417 -0.94736
v -1.02359 3.33070 -0.93131
v -1.04536 3.39260 -0.89885
v -1.07922 3.41282 -0.91118
v -1.07148 3.36545 -0.91825
v 0.16668 3.82483 -0.64907
v 0.13396 3.79306 -0.62514
v 0.09567 3.77174 -0.62708
v 0.02797 3.80838 -0.61648
v 0.08389 3.85982 -0.63275
v 0.12639 3.84968 -0.62879
v 0.08881 3.81525 -0.63618
v -0.46623 3.72655 -0.60605
v -0.50191 3.69880 -0.56870
v -0.54910 3.69035 -0.55467
v -0.59550 3.75036 -0.50914
v -0.52576 3.78877 -0.54773
v -0.48691 3.76207 -0.56423
v -0.54114 3.74087 -0.55728
v -0.39862 3.91322 -0.00581
v -0.39065 3.86438 0.01646
v -0.36535 3.82569 0.01649
v -0.37455 3.76824 -0.04113
v -0.40709 3.83897 -0.06649
v -0.41748 3.87292 -0.03688
v -0.38040 3.83440 -0.02760
v -0.69136 3.66055 -0.33511
v -0.71958 3.69934 -0.35245
v -0.72127 3.74189 -0.36107
v -0.72911 3.79418 -0.30515
v -0.70541 3.72720 -0.27556
v -0.70938 3.68990 -0.29748
v -0.70728 3.73601 -0.31919
v -0.71364 2.97130 -0.55217
v -0.73001 2.92690 -0.54499
v -0.74707 2.89385 -0.56167
v -0.81733 2.89169 -0.57821
v -0.79594 2.96014 -0.56971
v -0.76143 2.96951 -0.55016
v -0.76994 2.92746 -0.57137
v -0.65942 3.33038 0.76617
v -0.61605 3.31830 0.76521
v -0.58962 3.29305 0.77684
v -0.56503 3.29374 0.84018
v -0.62333 3.32852 0.83741
v -0.63772 3.34111 0.80415
v -0.60951 3.30623 0.80811
v -0.31771 3.05446 -0.44985
v -0.30628 3.03108 -0.49709
v -0.28880 2.99434 -0.51841
v -0.20853 2.98182 -0.52308
v -0.22506 3.03547 -0.46417
v -0.26531 3.05752 -0.46222
v -0.25769 3.01009 -0.48674
v -1.08632 3.09086 -0.68936
v -1.07012 3.07745 -0.74267
v -1.03284 3.06772 -0.77266
v -0.98151 3.13031 -0.80310
v -1.02501 3.15860 -0.73392
v -1.06508 3.13588 -0.71777
v -1.02394 3.11083 -0.74884
v -0.37963 3.57825 -1.06119
v -0.39860 3.61610 -1.06540
v -0.40873 3.64680 -1.04905
v -0.45978 3.64906 -1.01021
v -0.44071 3.58827 -1.01804
v -0.41915 3.57847 -1.04546
v -0.42136 3.61784 -1.02951
v -0.40294 3.47955 -0.43192
v -0.38123 3.52164 -0.43313
v -0.38427 3.56126 -0.42619
v -0.41978 3.60453 -0.47062
v -0.43892 3.53662 -0.48199
v -0.41636 3.50579 -0.46900
v -0.41583 3.54921 -0.45006
v -0.35869 3.10714 0.17486
v -0.36030 3.07769 0.14597
v -0.36668 3.04383 0.13895
v -0.32566 2.99917 0.15317
v -0.31295 3.05094 0.18540
v -0.32576 3.08226 0.17584
v -0.34293 3.04603 0.16598
v -0.56948 3.55820 0.25851
v -0.53230 3.54370 0.26029
v -0.51272 3.51591 0.26145
v -0.50664 3.48356 0.31192
v -0.55546 3.51870 0.31562
v -0.55978 3.54550 0.29511
v -0.53696 3.51388 0.28644
v -1.09605 3.14890 0.15125
v -1.11793 3.19171 0.17335
v -1.12895 3.21275 0.21164
v -1.19191 3.19023 0.25524
v -1.17108 3.13183 0.20497
v -1.14501 3.13969 0.16906
v -1.14579 3.16974 0.21260
v -1.09891 3.16058 0.25288
v -1.13704 3.17810 0.29485
v -1.18002 3.20262 0.30517
v -1.18428 3.29207 0.30525
v -1.11144 3.26479 0.26089
v -1.09295 3.21807 0.26638
v -1.14939 3.23324 0.27670
v 0.82527 2.73379 -1.73986
v 0.77643 2.72920 -1.70670
v 0.74975 2.74809 -1.66831
v 0.77345 2.73409 -1.58332
v 0.84248 2.71751 -1.63755
v 0.83605 2.70955 -1.68693
v 0.79834 2.73976 -1.65272
v -0.45398 3.46630 -0.04840
v -0.43627 3.47666 0.00138
v -0.42940 3.46036 0.04369
v -0.49066 3.45065 0.09615
v -0.51949 3.45703 0.02047
v -0.49419 3.47452 -0.01355
v -0.47394 3.45215 0.03104
v -0.78968 3.82875 0.09232
v -0.79801 3.81451 0.14604
v -0.82373 3.82182 0.18574
v -0.81178 3.89007 0.23460
v -0.77819 3.90298 0.15783
v -0.76873 3.86669 0.12810
v -0.80693 3.86489 0.16928
v -0.73236 3.52878 -0.25923
v -0.69516 3.55857 -0.24813
v -0.65972 3.57623 -0.26112
v -0.59653 3.53824 -0.26478
v -0.65386 3.49184 -0.26151
v -0.69139 3.50431 -0.24838
v -0.65744 3.53402 -0.26732
v 0.85667 2.93183 -1.84321
v 0.88431 2.98032 -1.86133
v 0.92370 2.99923 -1.88561
v 1.00409 3.00217 -1.84862
v 0.95282 2.94439 -1.80536
v 0.90303 2.94506 -1.80974
v 0.94015 2.96638 -1.84988
v 0.79134 2.96586 -1.63633
v 0.78381 2.97820 -1.58710
v 0.77256 2.96407 -1.54731
v 0.69884 2.94956 -1.52865
v 0.70688 2.95159 -1.60562
v 0.74158 2.97017 -1.62459
v 0.74113 2.95166 -1.57674
v 0.17792 3.52834 -0.93497
v 0.21034 3.55350 -0.94934
v 0.22238 3.57603 -0.97615
v 0.24355 3.55282 -1.03374
v 0.20791 3.50725 -1.00281
v 0.20104 3.50928 -0.96648
v 0.21057 3.54344 -0.99164
v -0.51870 3.78751 -0.03060
v -0.56198 3.81378 -0.05856
v -0.61067 3.82043 -0.06190
v -0.66290 3.75987 -0.09680
v -0.58621 3.72437 -0.07507
v -0.54626 3.75203 -0.06702
v -0.60067 3.77093 -0.06186
v 0.13285 2.82436 -0.44117
v 0.08910 2.84819 -0.47679
v 0.03836 2.84875 -0.48888
v -0.00051 2.78099 -0.53826
v 0.08025 2.75259 -0.50347
v 0.11603 2.78638 -0.48617
v 0.05606 2.79828 -0.48977
v -1.14522 3.67929 -0.14714
v -1.14636 3.65124 -0.11971
v -1.12891 3.62914 -0.10171
v -1.10942 3.57839 -0.12518
v -1.12324 3.61669 -0.16817
v -1.14272 3.64324 -0.16243
v -1.12163 3.62484 -0.13492
v -0.17496 3.17235 -1.06999
v -0.14869 3.15815 -1.11190
v -0.12062 3.12943 -1.12944
v -0.04463 3.13188 -1.11372
v -0.08421 3.17201 -1.06034
v -0.12529 3.18553 -1.06747
v -0.10326 3.14557 -1.09127
v 0.61468 2.72107 -2.13273
v 0.57944 2.73726 -2.10245
v 0.56703 2.76759 -2.07633
v 0.59499 2.77392 -2.00785
v 0.63941 2.73166 -2.04971
v 0.62597 2.71417 -2.08534
v 0.60634 2.75445 -2.06501
v -0.92516 3.32137 -0.32121
v -0.92593 3.37227 -0.35375
v -0.95396 3.41200 -0.37062
v -1.01387 3.40283 -0.43871
v -0.99312 3.32110 -0.40406
v -0.95111 3.31384 -0.37525
v -0.97896 3.36700 -0.38223
v -0.72914 3.42921 -0.14648
v -0.71724 3.38883 -0.14493
v -0.69087 3.36518 -0.15061
v -0.67535 3.34589 -0.20914
v -0.70907 3.39968 -0.21211
v -0.72894 3.41101 -0.18447
v -0.69570 3.38538 -0.18097
v -0.28720 3.78636 -0.50210
v -0.27107 3.80612 -0.55143
v -0.27034 3.79948 -0.59825
v -0.21837 3.74439 -0.63408
v -0.22576 3.72796 -0.55225
v -0.24241 3.76015 -0.52186
v -0.25349 3.75967 -0.57627
v -0.18029 3.71846 -0.20639
v -0.13807 3.72473 -0.21350
v -0.10571 3.70927 -0.22198
v -0.07144 3.67520 -0.17807
v -0.13344 3.68106 -0.15847
v -0.15590 3.70659 -0.17268
v -0.12105 3.69074 -0.19283
v 0.05011 3.66922 -0.83424
v 0.00663 3.71183 -0.82875
v -0.00600 3.76199 -0.83472
v 0.02247 3.82651 -0.77528
v 0.07389 3.75045 -0.76648
v 0.05799 3.70441 -0.78489
v 0.03881 3.75852 -0.80590
v -0.67529 3.81036 -0.48551
v -0.65795 3.75966 -0.48211
v -0.66044 3.71994 -0.45958
v -0.62397 3.70925 -0.38804
v -0.63112 3.78833 -0.40407
v -0.63910 3.80362 -0.44642
v -0.65178 3.75444 -0.42903
v -1.03468 3.67743 -0.03636
v -1.02385 3.67654 0.00719
v -1.01191 3.65529 0.03665
v -1.05345 3.61258 0.06886
v -1.07920 3.62889 0.00838
v -1.06712 3.65957 -0.01098
v -1.04287 3.63794 0.02000
v -0.70899 3.56953 -0.55901
v -0.68343 3.58989 -0.59428
v -0.66238 3.58410 -0.62892
v -0.59535 3.55637 -0.62860
v -0.62855 3.54202 -0.56572
v -0.66168 3.56284 -0.55364
v -0.64780 3.55802 -0.59942
v -0.17308 3.32754 -0.31267
v -0.16802 3.34093 -0.36412
v -0.18053 3.33226 -0.40697
v -0.15109 3.26931 -0.44774
v -0.13924 3.25908 -0.36870
v -0.14147 3.29389 -0.33951
v -0.16576 3.29277 -0.38706
v -0.74393 3.86099 -0.01727
v -0.76985 3.90633 0.00152
v -0.80037 3.94113 -0.00811
v -0.77884 4.00658 -0.05571
v -0.72500 3.94353 -0.06747
v -0.72140 3.90787 -0.03664
v -0.76652 3.93961 -0.04278
v -0.23849 2.61053 0.90632
v -0.24025 2.57938 0.86376
v -0.21826 2.54981 0.83802
v -0.16196 2.57284 0.78665
v -0.17515 2.63020 0.84028
v -0.21254 2.63105 0.86521
v -0.19231 2.58753 0.84327
v -1.11975 3.62068 -0.77840
v -1.15761 3.65661 -0.77016
v -1.16724 3.69990 -0.76252
v -1.15631 3.73323 -0.69092
v -1.11461 3.66549 -0.69624
v -1.12378 3.63449 -0.72755
v -1.13575 3.68577 -0.73190
v 0.06056 3.46697 -0.11138
v 0.08006 3.51107 -0.10961
v 0.11425 3.53359 -0.11325
v 0.16481 3.53510 -0.06088
v 0.12156 3.47717 -0.05222
v 0.08477 3.47480 -0.07037
v 0.12132 3.50200 -0.08627
v -0.11603 3.44477 -0.42683
v -0.09839 3.40266 -0.46723
v -0.07552 3.39339 -0.51292
v -0.11903 3.40818 -0.59259
v -0.16132 3.45348 -0.52463
v -0.15355 3.44129 -0.47476
v -0.11405 3.42950 -0.51968
v 0.30608 2.92371 -0.46631
v 0.29033 2.91005 -0.51326
v 0.28458 2.92240 -0.55483
v 0.22559 2.96801 -0.57596
v 0.23675 2.97268 -0.49941
v 0.25959 2.94237 -0.47763
v 0.26487 2.95224 -0.52776
v -0.69415 3.28103 -1.04783
v -0.74180 3.29425 -1.06839
v -0.76696 3.32665 -1.08833
v -0.79755 3.38851 -1.04630
v -0.73775 3.35356 -1.00468
v -0.72303 3.31154 -1.01461
v -0.74778 3.34394 -1.04934
v 0.20455 3.36914 -0.67258
v 0.22199 3.41194 -0.67139
v 0.24733 3.43752 -0.68733
v 0.31587 3.43381 -0.67488
v 0.28525 3.37328 -0.65861
v 0.24637 3.37063 -0.65292
v 0.26691 3.40339 -0.67828
v -0.19555 3.63117 -0.76958
v -0.16953 3.65386 -0.79023
v -0.16541 3.67773 -0.81446
v -0.16999 3.66436 -0.87348
v -0.19583 3.62072 -0.84016
v -0.18909 3.61721 -0.80675
v -0.18501 3.65156 -0.82729
v 0.01608 3.54338 -0.69803
v 0.02395 3.55831 -0.66029
v 0.03791 3.58456 -0.64142
v 0.09960 3.59067 -0.63442
v 0.08712 3.55343 -0.68289
v 0.05558 3.53830 -0.68695
v 0.06228 3.57294 -0.66539
v -0.46956 3.65822 0.16983
v -0.48893 3.68580 0.20785
v -0.48456 3.72082 0.23288
v -0.43392 3.72315 0.29038
v -0.41613 3.66650 0.24191
v -0.44494 3.65087 0.21366
v -0.44686 3.69746 0.23383
v 1.01638 3.16539 -1.88155
v 1.07168 3.17815 -1.87306
v 1.11023 3.20423 -1.88796
v 1.15539 3.18238 -1.95851
v 1.07800 3.14360 -1.95956
v 1.05095 3.13917 -1.91909
v 1.09108 3.17941 -1.92705
v -0.06787 3.04648 -1.36097
v -0.05067 3.07606 -1.33950
v -0.02661 3.10065 -1.33866
v 0.03232 3.08749 -1.33034
v 0.00197 3.03755 -1.34763
v -0.03230 3.03550 -1.34527
v -0.01163 3.07010 -1.34799
v -0.39950 2.57344 0.96386
v -0.38879 2.53463 0.97714
v -0.39673 2.49941 0.97675
v -0.44461 2.47537 1.01171
v -0.45149 2.53867 1.00562
v -0.42399 2.55987 0.99570
v -0.42682 2.51853 0.98673
v -0.04504 3.11407 -0.34981
v -0.00211 3.12446 -0.33227
v 0.03362 3.11012 -0.31975
v 0.04115 3.07827 -0.25594
v -0.02807 3.07994 -0.27461
v -0.04177 3.10506 -0.30326
v 0.00317 3.08993 -0.30005
v 0.13651 3.33364 -0.25321
v 0.10198 3.36648 -0.23943
v 0.08135 3.38451 -0.20727
v 0.02688 3.34868 -0.17049
v 0.06856 3.29971 -0.20880
v 0.09376 3.31197 -0.24042
v 0.07888 3.34143 -0.20338
v 0.14249 3.57625 -0.43242
v 0.20036 3.58967 -0.44245
v 0.24187 3.61498 -0.42606
v 0.25009 3.70493 -0.43632
v 0.16308 3.68027 -0.44555
v 0.14971 3.63164 -0.45498
v 0.20120 3.64827 -0.42850
v -0.29785 2.73822 0.98383
v -0.28557 2.73420 0.93025
v -0.27037 2.75644 0.89181
v -0.31954 2.80788 0.84880
v -0.35063 2.79568 0.92495
v -0.33716 2.75943 0.95156
v -0.30690 2.78122 0.91098
v -0.47735 3.76929 -1.10966
v -0.53238 3.76991 -1.13482
v -0.57727 3.79482 -1.13940
v -0.64024 3.79273 -1.07332
v -0.55905 3.76745 -1.04007
v -0.52067 3.75231 -1.07097
v -0.56628 3.78819 -1.08814
v -0.62753 2.93444 0.69501
v -0.61928 2.97856 0.69875
v -0.63142 3.01233 0.71228
v -0.68159 3.04687 0.68219
v -0.68261 2.98198 0.66208
v -0.65219 2.95905 0.66648
v -0.66029 2.99565 0.69142
v -0.29450 3.52219 -1.31453
v -0.30192 3.57233 -1.28962
v -0.29365 3.59941 -1.25074
v -0.33723 3.58829 -1.17838
v -0.34474 3.51939 -1.22793
v -0.33477 3.52089 -1.27496
v -0.31345 3.55649 -1.23666
v -0.78011 3.65082 -0.74221
v -0.77264 3.61468 -0.70577
v -0.77438 3.57172 -0.69557
v -0.84231 3.53564 -0.68111
v -0.85514 3.60288 -0.71905
v -0.82455 3.63470 -0.72086
v -0.81418 3.58449 -0.71304
v 0.00437 3.31593 -0.68230
v -0.01498 3.29477 -0.73340
v -0.04666 3.26372 -0.75627
v -0.03270 3.17645 -0.75846
v 0.01599 3.21338 -0.69458
v 0.02530 3.26241 -0.69374
v -0.02066 3.23788 -0.72057
v -0.21807 3.36970 -0.05189
v -0.16011 3.35656 -0.04619
v -0.11518 3.35199 -0.06954
v -0.09590 3.28100 -0.12153
v -0.18496 3.28737 -0.10967
v -0.20497 3.31503 -0.07199
v -0.15083 3.32413 -0.09544
v -0.21191 3.41389 0.68416
v -0.24347 3.41531 0.65315
v -0.27912 3.42447 0.64496
v -0.33047 3.38642 0.66438
v -0.27606 3.37151 0.70014
v -0.24150 3.38126 0.68862
v -0.27872 3.40182 0.67629
v -0.79836 3.08701 0.93324
v -0.78425 3.11785 0.97077
v -0.75764 3.14932 0.98333
v -0.68464 3.13550 1.00077
v -0.71324 3.07768 0.95998
v -0.75571 3.07180 0.95576
v -0.73390 3.11622 0.96625
v -0.49248 3.84909 -0.40710
v -0.43920 3.87246 -0.42277
v -0.41381 3.91399 -0.43899
v -0.41787 3.94167 -0.52548
v -0.48680 3.88520 -0.50751
v -0.48612 3.85395 -0.46681
v -0.45467 3.90516 -0.47094
v 0.17215 2.88201 -0.56321
v 0.20300 2.86193 -0.51789
v 0.20680 2.82730 -0.48241
v 0.15639 2.82932 -0.41021
v 0.12123 2.88001 -0.47307
v 0.14799 2.89581 -0.51189
v 0.16031 2.84814 -0.48053
v 0.10926 3.53287 -0.49382
v 0.08406 3.48955 -0.49603
v 0.05732 3.46284 -0.47612
v 0.08063 3.41784 -0.41991
v 0.13039 3.47383 -0.43070
v 0.13103 3.49662 -0.46684
v 0.09086 3.47209 -0.44950
v -0.54021 3.44402 -1.54123
v -0.52071 3.41798 -1.50647
v -0.50057 3.41822 -1.47127
v -0.43019 3.43223 -1.46818
v -0.45713 3.45496 -1.53076
v -0.49278 3.44160 -1.54471
v -0.48024 3.44185 -1.49879
v -0.95005 2.95423 1.20050
v -0.99407 2.98598 1.20895
v -1.02913 3.01005 1.18945
v -1.01666 3.08364 1.15343
v -0.94473 3.04324 1.16125
v -0.93981 3.00732 1.19082
v -0.98770 3.02353 1.16937
v -0.51306 3.83379 -0.31129
v -0.49289 3.79013 -0.30991
v -0.46507 3.76481 -0.32616
v -0.47632 3.73152 -0.38968
v -0.52154 3.78788 -0.38272
v -0.52919 3.80496 -0.34627
v -0.48937 3.78011 -0.35683
v -0.46517 2.64999 0.58065
v -0.51727 2.64653 0.59509
v -0.54753 2.63210 0.62678
v -0.56806 2.55331 0.63377
v -0.49838 2.56052 0.59169
v -0.48567 2.60051 0.57253
v -0.51925 2.59612 0.61480
v -0.02078 3.72456 -0.27038
v -0.05156 3.74046 -0.29428
v -0.06593 3.76991 -0.30883
v -0.09979 3.81107 -0.27430
v -0.06477 3.77425 -0.23619
v -0.05082 3.74325 -0.24758
v -0.06129 3.77531 -0.27277
v -0.08974 3.56335 0.08210
v -0.08035 3.51408 0.09175
v -0.05011 3.48318 0.09648
v -0.01415 3.45212 0.03583
v -0.04708 3.51883 0.01576
v -0.07840 3.53700 0.03985
v -0.04349 3.50432 0.05777
v -0.43687 3.80375 -0.27604
v -0.41227 3.85237 -0.26733
v -0.39730 3.89267 -0.28631
v -0.32762 3.89637 -0.33174
v -0.35374 3.81754 -0.32582
v -0.38427 3.80407 -0.29273
v -0.37948 3.85571 -0.31158
v -0.01971 3.61399 -0.64589
v -0.05812 3.60188 -0.65012
v -0.09101 3.61145 -0.65417
v -0.12403 3.63333 -0.60765
v -0.06446 3.63652 -0.59443
v -0.04106 3.61800 -0.61171
v -0.07731 3.62850 -0.62639
v -1.23196 2.95977 0.11197
v -1.19437 2.98937 0.12422
v -1.15547 2.99195 0.14000
v -1.14238 2.98562 0.21308
v -1.20967 2.95816 0.19666
v -1.22922 2.96764 0.16065
v -1.18031 2.96951 0.16719
v -0.55731 3.67429 0.47889
v -0.52552 3.69345 0.43443
v -0.51847 3.72937 0.40136
v -0.56984 3.73787 0.33118
v -0.60909 3.68797 0.39123
v -0.58377 3.66683 0.42791
v -0.56673 3.71434 0.39951
v -1.02281 3.18016 -0.83331
v -1.06339 3.15379 -0.87069
v -1.11370 3.14710 -0.88241
v -1.16787 3.09093 -0.83318
v -1.09203 3.11201 -0.78505
v -1.04946 3.13123 -0.80810
v -1.10607 3.13573 -0.83079
v 0.60869 3.46834 -0.52413
v 0.61964 3.52440 -0.53146
v 0.63138 3.56693 -0.51003
v 0.57291 3.61328 -0.46551
v 0.54514 3.53151 -0.47508
v 0.56419 3.50163 -0.50900
v 0.59154 3.54710 -0.48661
v -0.39091 2.46380 0.88256
v -0.39441 2.47629 0.92193
v -0.39466 2.50367 0.94422
v -0.34192 2.53269 0.96117
v -0.33226 2.49918 0.90926
v -0.35430 2.47340 0.89946
v -0.36487 2.50531 0.92372
v -0.16433 3.51134 -0.47077
v -0.11862 3.48827 -0.47593
v -0.09232 3.46465 -0.50184
v -0.10344 3.38859 -0.51277
v -0.16797 3.42117 -0.48443
v -0.16725 3.46032 -0.46474
v -0.13230 3.44432 -0.49895
v -0.85083 3.31601 0.01745
v -0.83226 3.33795 -0.01289
v -0.82165 3.37003 -0.02409
v -0.86251 3.41237 -0.04680
v -0.89317 3.36818 -0.01387
v -0.87824 3.33676 -0.00632
v -0.85685 3.37171 -0.01456
v -0.30055 3.64223 0.07094
v -0.30813 3.66004 0.11576
v -0.29227 3.66645 0.15366
v -0.28576 3.61181 0.20262
v -0.29437 3.58418 0.13489
v -0.30948 3.60715 0.10369
v -0.28738 3.62541 0.14321
v -0.59999 3.87119 -0.19985
v -0.60473 3.82845 -0.22629
v -0.60684 3.81046 -0.26529
v -0.66989 3.81446 -0.30784
v -0.67180 3.86750 -0.25321
v -0.64650 3.86512 -0.21852
v -0.63634 3.84313 -0.26282
v 0.12314 3.06709 -0.26578
v 0.14728 3.09783 -0.27463
v 0.16879 3.11150 -0.29732
v 0.22527 3.09096 -0.30389
v 0.19145 3.04989 -0.27517
v 0.16184 3.05822 -0.26039
v 0.17866 3.07863 -0.29050
v 0.12113 2.51146 -1.65200
v 0.16327 2.49788 -1.65687
v 0.19188 2.47769 -1.64229
v 0.22832 2.50036 -1.59056
v 0.17035 2.53412 -1.59451
v 0.14942 2.53416 -1.62615
v 0.17850 2.50223 -1.61524
v -0.51158 3.35836 0.30210
v -0.51086 3.32311 0.26530
v -0.48914 3.29022 0.24710
v -0.42797 3.30223 0.20207
v -0.44232 3.36483 0.24437
v -0.48076 3.37107 0.26354
v -0.46215 3.32545 0.25048
v -0.99677 3.11622 -0.28673
v -1.02570 3.10233 -0.32924
v -1.03300 3.10830 -0.37362
v -1.07105 3.17325 -0.40178
v -1.04501 3.18679 -0.32696
v -1.03342 3.15279 -0.29924
v -1.03317 3.14970 -0.35242
v -0.67667 2.72654 1.33764
v -0.68992 2.77026 1.33298
v -0.70117 2.79847 1.30834
v -0.65580 2.83162 1.26781
v -0.62827 2.77235 1.29081
v -0.64306 2.75346 1.32171
v -0.66683 2.78247 1.29521
v -1.00143 3.05730 -0.37754
v -0.97321 3.09353 -0.38688
v -0.93966 3.11292 -0.37730
v -0.93578 3.15445 -0.32019
v -0.99132 3.11100 -0.31490
v -1.00642 3.09230 -0.34676
v -0.96231 3.10782 -0.34359
v -0.75579 3.08529 -0.29076
v -0.75547 3.07599 -0.23734
v -0.73869 3.08850 -0.19618
v -0.66273 3.06888 -0.17298
v -0.67005 3.06171 -0.25414
v -0.71134 3.05876 -0.27461
v -0.70270 3.08151 -0.22615
v 0.22984 3.59692 -0.26212
v 0.22845 3.58541 -0.22358
v 0.24599 3.58066 -0.19453
v 0.28255 3.53280 -0.18683
v 0.27097 3.54090 -0.24587
v 0.24450 3.55986 -0.25659
v 0.26232 3.56389 -0.22074
v -0.17990 3.76926 -0.57089
v -0.15124 3.80571 -0.60881
v -0.15278 3.84932 -0.63525
v -0.20145 3.85721 -0.71099
v -0.22936 3.78557 -0.66349
v -0.20048 3.76473 -0.62697
v -0.19588 3.82151 -0.64549
v -0.70887 3.07917 1.21415
v -0.69563 3.13171 1.20844
v -0.66332 3.16439 1.21487
v -0.64863 3.19656 1.28908
v -0.68938 3.12557 1.29665
v -0.71238 3.10675 1.26101
v -0.67065 3.14140 1.25588
v -0.95745 3.70754 -0.33531
v -0.94853 3.73666 -0.37113
v -0.94778 3.74145 -0.41088
v -0.89598 3.71390 -0.45075
v -0.89753 3.68201 -0.38740
v -0.91623 3.69846 -0.35603
v -0.92649 3.70777 -0.40096
v -0.06624 3.62002 -0.07505
v -0.07770 3.65572 -0.08944
v -0.10331 3.67807 -0.09318
v -0.14712 3.66970 -0.13418
v -0.11803 3.61756 -0.12388
v -0.08716 3.61682 -0.10917
v -0.11368 3.64664 -0.10477
v -0.35513 2.99762 -0.99202
v -0.31418 3.01845 -0.97384
v -0.27865 3.03930 -0.98241
v -0.21908 3.00497 -1.01122
v -0.28001 2.96320 -1.02120
v -0.31506 2.96952 -0.99878
v -0.28064 3.00398 -1.00711
v -0.12147 3.59606 -0.31366
v -0.16731 3.60791 -0.32281
v -0.20473 3.59451 -0.33315
v -0.22096 3.57546 -0.40145
v -0.14880 3.57661 -0.39232
v -0.13135 3.59639 -0.36085
v -0.17666 3.57989 -0.36092
v -0.60921 3.55569 0.06184
v -0.66000 3.55324 0.08956
v -0.68446 3.53716 0.12927
v -0.70829 3.45351 0.13773
v -0.64578 3.46091 0.07712
v -0.63514 3.50422 0.05603
v -0.65992 3.49835 0.10805
v -0.77746 3.73147 -0.48665
v -0.73069 3.74636 -0.45421
v -0.71130 3.75026 -0.40817
v -0.73388 3.81647 -0.35352
v -0.79390 3.80874 -0.41847
v -0.78379 3.78396 -0.46083
v -0.75649 3.77466 -0.40955
v -0.95328 3.74445 -0.24892
v -0.92244 3.69539 -0.25945
v -0.92408 3.64601 -0.26809
v -0.93927 3.58769 -0.20280
v -0.96468 3.66901 -0.17759
v -0.94854 3.71018 -0.20127
v -0.95105 3.65661 -0.22560
v -0.54740 3.54149 0.04542
v -0.52663 3.57858 0.02562
v -0.52338 3.61839 0.02470
v -0.57275 3.65903 -0.00561
v -0.59903 3.59467 0.00766
v -0.57526 3.56334 0.01466
v -0.56289 3.60806 0.02151
v -0.18607 3.45719 -1.44111
v -0.18079 3.41668 -1.44661
v -0.19335 3.38445 -1.44066
v -0.18783 3.35698 -1.38513
v -0.17908 3.41831 -1.37959
v -0.17161 3.43845 -1.40736
v -0.19119 3.40224 -1.40944
v -0.18259 3.65629 -0.70114
v -0.15084 3.64294 -0.66229
v -0.12015 3.61457 -0.64784
v -0.13901 3.54271 -0.62298
v -0.19744 3.57257 -0.66577
v -0.20052 3.61595 -0.67382
v -0.15630 3.59131 -0.66227
v -0.00446 3.19508 -1.21242
v -0.02757 3.22652 -1.21302
v -0.04171 3.25087 -1.19535
v -0.08847 3.24098 -1.16096
v -0.06154 3.19016 -1.17358
v -0.04032 3.18749 -1.19902
v -0.04867 3.22091 -1.18068
v -0.70595 4.04482 -0.44594
v -0.72023 4.00373 -0.46741
v -0.74905 3.97418 -0.46956
v -0.75371 3.92129 -0.41917
v -0.71429 3.97728 -0.39328
v -0.69789 4.00572 -0.41837
v -0.73654 3.97851 -0.42931
v -0.23073 3.36181 0.11686
v -0.20875 3.34720 0.07620
v -0.18128 3.32146 0.05926
v -0.10927 3.33235 0.06585
v -0.14525 3.37095 0.11649
v -0.18558 3.37902 0.11300
v -0.16318 3.34165 0.09176
v -0.16855 3.77445 -0.15541
v -0.14841 3.80450 -0.13585
v -0.12830 3.81320 -0.10853
v -0.15181 3.81950 -0.05145
v -0.19095 3.78722 -0.08718
v -0.18869 3.78780 -0.12213
v -0.15739 3.79581 -0.09667
v -1.02104 3.27871 0.64957
v -1.01946 3.31230 0.61208
v -1.00835 3.31995 0.57136
v -0.93596 3.33115 0.55117
v -0.93916 3.29763 0.61929
v -0.97498 3.29795 0.64289
v -0.97385 3.30311 0.59280
v -0.87831 3.13870 0.84901
v -0.87451 3.17144 0.82709
v -0.86406 3.20347 0.82598
v -0.89540 3.24759 0.85126
v -0.91268 3.19487 0.87337
v -0.90577 3.16591 0.85755
v -0.88497 3.19930 0.85319
v -0.96552 3.14049 0.27878
v -0.92578 3.13311 0.24971
v -0.89389 3.10715 0.23934
v -0.83283 3.10041 0.28258
v -0.88900 3.13114 0.32187
v -0.92263 3.14853 0.30277
v -0.89359 3.11364 0.28233
v -0.86219 3.45199 -0.94489
v -0.84506 3.46266 -0.90645
v -0.83827 3.45200 -0.87170
v -0.88542 3.45081 -0.82624
v -0.91194 3.45245 -0.88612
v -0.89242 3.46295 -0.91572
v -0.87506 3.44688 -0.87932
v -0.48929 3.21633 -0.15808
v -0.48595 3.20889 -0.11471
v -0.48787 3.18354 -0.08701
v -0.54623 3.16088 -0.06430
v -0.55433 3.18906 -0.12410
v -0.52868 3.21244 -0.13855
v -0.52004 3.18163 -0.10815
v -0.38552 3.45635 -0.23228
v -0.41420 3.44766 -0.19095
v -0.41574 3.43137 -0.15066
v -0.41893 3.35549 -0.13780
v -0.39442 3.36915 -0.20954
v -0.40049 3.40766 -0.22880
v -0.39906 3.40058 -0.17826
v -1.44031 3.45879 0.06531
v -1.48722 3.48029 0.07546
v -1.52562 3.47710 0.09833
v -1.58259 3.42604 0.07721
v -1.51365 3.40530 0.04380
v -1.47953 3.43413 0.04041
v -1.51793 3.43759 0.07619
v -1.28652 3.31323 -0.00201
v -1.26378 3.28195 0.02044
v -1.25823 3.24472 0.02618
v -1.30156 3.20755 0.06211
v -1.33097 3.26506 0.04264
v -1.31055 3.29503 0.03102
v -1.29629 3.25267 0.02965
v -1.26355 3.09712 -0.21465
v -1.20648 3.11688 -0.20650
v -1.17151 3.13553 -0.17298
v -1.17383 3.22288 -0.14437
v -1.25505 3.19930 -0.18044
v -1.26018 3.15788 -0.21129
v -1.21582 3.16486 -0.17010
v -0.28652 3.59351 0.02365
v -0.31808 3.61774 0.05732
v -0.35654 3.63913 0.06318
v -0.36627 3.71368 0.04010
v -0.30391 3.68216 0.00401
v -0.28425 3.64540 0.01928
v -0.33383 3.65840 0.02876
v 0.30069 3.44002 -0.22334
v 0.27051 3.45819 -0.19468
v 0.26103 3.46483 -0.15777
v 0.23573 3.41537 -0.11766
v 0.26651 3.38787 -0.17235
v 0.27404 3.40872 -0.20405
v 0.26875 3.42621 -0.16248
v -0.75955 3.79117 -0.27855
v -0.72906 3.76624 -0.26012
v -0.71636 3.75106 -0.22882
v -0.68401 3.78643 -0.18402
v -0.71734 3.82610 -0.22428
v -0.72969 3.81448 -0.25720
v -0.72126 3.78833 -0.22349
v -0.41511 2.74553 -1.38270
v -0.47010 2.75898 -1.37349
v -0.50174 2.79298 -1.35833
v -0.51280 2.81054 -1.27431
v -0.43822 2.76830 -1.28627
v -0.42927 2.74311 -1.32717
v -0.46641 2.78666 -1.32339
v -0.32596 3.03637 0.80320
v -0.28659 2.99510 0.81723
v -0.27185 2.94769 0.81107
v -0.31349 2.88043 0.85102
v -0.36527 2.95235 0.85062
v -0.34665 2.99809 0.84266
v -0.32138 2.94832 0.82438
v 0.00122 3.12459 -0.39741
v -0.03250 3.10133 -0.38699
v -0.05110 3.07109 -0.39294
v -0.08826 3.06417 -0.44430
v -0.04710 3.11203 -0.45334
v -0.02992 3.12765 -0.42583
v -0.04546 3.08835 -0.42507
v -0.13487 3.50885 -0.48495
v -0.10529 3.51905 -0.52241
v -0.08788 3.50531 -0.55757
v -0.03115 3.45836 -0.55686
v -0.06533 3.45771 -0.49163
v -0.09080 3.48845 -0.48002
v -0.08045 3.47723 -0.52638
v -0.52271 3.18411 0.82738
v -0.49608 3.20349 0.86050
v -0.46487 3.22681 0.86854
v -0.39864 3.20388 0.86113
v -0.44282 3.16227 0.82530
v -0.48191 3.16200 0.83270
v -0.45348 3.19783 0.84219
v -1.30183 3.30145 0.66470
v -1.33169 3.30602 0.70378
v -1.33441 3.31122 0.74544
v -1.32118 3.25523 0.79281
v -1.29251 3.23942 0.72586
v -1.30476 3.25987 0.69120
v -1.30817 3.27804 0.73700
v -0.23682 2.89519 -0.26787
v -0.24130 2.93836 -0.24852
v -0.25843 2.96070 -0.21944
v -0.32713 2.98093 -0.22303
v -0.31517 2.92627 -0.26787
v -0.27777 2.91622 -0.27965
v -0.28794 2.93951 -0.23949
v -0.35798 3.80976 -0.30108
v -0.31874 3.80116 -0.33490
v -0.27489 3.79409 -0.34013
v -0.22223 3.85298 -0.33411
v -0.29082 3.87429 -0.30065
v -0.32898 3.85272 -0.30952
v -0.28113 3.83170 -0.31465
v -0.96787 3.18051 -0.41163
v -0.98187 3.22417 -0.37605
v -0.98025 3.27291 -0.36799
v -0.90693 3.31271 -0.34143
v -0.88798 3.23412 -0.37506
v -0.92256 3.19923 -0.38059
v -0.93351 3.25617 -0.37815
v -0.18779 3.80926 -0.63380
v -0.20335 3.83953 -0.65638
v -0.23183 3.85309 -0.67107
v -0.25615 3.82935 -0.72249
v -0.21847 3.78838 -0.69603
v -0.19476 3.79794 -0.67243
v -0.22886 3.81886 -0.68068
v 0.64639 3.44881 -0.43264
v 0.64590 3.47531 -0.38778
v 0.62137 3.49070 -0.35415
v 0.57528 3.55389 -0.36220
v 0.59408 3.52501 -0.43287
v 0.62837 3.49736 -0.43838
v 0.60269 3.50385 -0.39350
v -0.50078 3.80445 -0.07208
v -0.48392 3.80236 -0.03370
v -0.45433 3.80574 -0.01391
v -0.40929 3.76122 -0.01354
v -0.44654 3.75405 -0.06426
v -0.47891 3.76913 -0.06606
v -0.44753 3.78311 -0.04193
v -0.55370 3.37571 -0.21154
v -0.55229 3.34364 -0.18420
v -0.53147 3.32115 -0.16547
v -0.50249 3.27166 -0.19303
v -0.52052 3.31378 -0.23718
v -0.54525 3.33890 -0.23030
v -0.52153 3.32012 -0.20092
v -0.17741 3.08893 -0.18751
v -0.15477 3.11144 -0.14159
v -0.11543 3.11687 -0.11527
v -0.08631 3.05501 -0.06581
v -0.13985 3.02362 -0.12298
v -0.17046 3.05149 -0.14654
v -0.12260 3.06931 -0.12375
v -0.88156 3.43048 1.07971
v -0.86554 3.47823 1.09563
v -0.85337 3.50406 1.13040
v -0.90706 3.53389 1.18118
v -0.93878 3.47327 1.14032
v -0.92044 3.45844 1.10201
v -0.89399 3.48428 1.13972
v -0.23732 2.82659 -0.00380
v -0.23779 2.76927 -0.01221
v -0.25998 2.72636 -0.00208
v -0.24928 2.68618 0.07482
v -0.22574 2.77013 0.08129
v -0.21578 2.79740 0.04138
v -0.24951 2.75029 0.04126
v -0.79759 3.47775 -0.34970
v -0.80214 3.49745 -0.39236
v -0.82712 3.51406 -0.41912
v -0.87159 3.47457 -0.45830
v -0.84884 3.43726 -0.40207
v -0.81610 3.44808 -0.38139
v -0.84231 3.47763 -0.40723
v -1.19752 3.38647 -0.45648
v -1.20639 3.33798 -0.46293
v -1.19838 3.29856 -0.44971
v -1.13391 3.26386 -0.46606
v -1.12654 3.33787 -0.47584
v -1.16021 3.36325 -0.47972
v -1.16080 3.31908 -0.45692
v -0.26069 3.57476 -0.60031
v -0.26214 3.53612 -0.63257
v -0.27713 3.49674 -0.64055
v -0.24773 3.43528 -0.60692
v -0.22814 3.49788 -0.56858
v -0.23064 3.53686 -0.58631
v -0.25777 3.49708 -0.60107
v -0.93041 3.27330 -0.56043
v -0.92806 3.27447 -0.51961
v -0.94483 3.28071 -0.48971
v -0.95657 3.33818 -0.47051
v -0.94345 3.33824 -0.53082
v -0.92718 3.31146 -0.54604
v -0.94897 3.30869 -0.51153
v -0.88558 3.87977 -0.17712
v -0.88388 3.90709 -0.20509
v -0.87187 3.93682 -0.21423
v -0.89456 3.98719 -0.19334
v -0.91059 3.94193 -0.15895
v -0.90877 3.91038 -0.16956
v -0.88726 3.93979 -0.18385
v -0.65406 3.19241 -0.50659
v -0.67898 3.23656 -0.52044
v -0.69725 3.26024 -0.55376
v -0.65266 3.29976 -0.60609
v -0.60882 3.24539 -0.56853
v -0.62213 3.22702 -0.52994
v -0.65453 3.24822 -0.56548
v -0.88911 3.17976 1.29491
v -0.90769 3.13651 1.29021
v -0.94126 3.11467 1.28575
v -0.98544 3.10226 1.34042
v -0.94276 3.15746 1.35544
v -0.90866 3.16401 1.33501
v -0.94570 3.13989 1.31817
v -0.25321 3.55539 -0.42514
v -0.28714 3.52779 -0.41125
v -0.30560 3.49372 -0.41636
v -0.34948 3.48366 -0.46898
v -0.30911 3.53843 -0.48182
v -0.28940 3.55654 -0.45333
v -0.30336 3.51286 -0.45150
v -0.28453 3.68567 -0.36263
v -0.25343 3.65999 -0.33426
v -0.21963 3.66119 -0.30936
v -0.15086 3.66726 -0.33709
v -0.20091 3.68778 -0.38818
v -0.24140 3.67708 -0.38493
v -0.21026 3.68025 -0.34682
v -0.71348 3.59489 0.20678
v -0.74227 3.60290 0.23533
v -0.76902 3.62362 0.24503
v -0.75951 3.68081 0.26800
v -0.70853 3.66101 0.23803
v -0.70338 3.62694 0.23083
v -0.74043 3.64416 0.23707
v 0.07519 2.23909 0.90060
v 0.11850 2.25881 0.89974
v 0.14154 2.29029 0.91080
v 0.13782 2.35350 0.87691
v 0.07938 2.31432 0.86251
v 0.07854 2.27426 0.86870
v 0.10761 2.30438 0.89136
v -0.38323 3.87822 -0.16452
v -0.36995 3.83254 -0.16188
v -0.34949 3.80219 -0.17940
v -0.37572 3.76684 -0.23622
v -0.40994 3.82954 -0.22822
v -0.40881 3.85013 -0.19327
v -0.37576 3.81872 -0.20710
v -0.29999 3.51376 -1.10045
v -0.30070 3.45512 -1.11214
v -0.32252 3.41730 -1.13836
v -0.40287 3.38360 -1.11492
v -0.39083 3.46443 -1.07668
v -0.34461 3.48542 -1.07248
v -0.35952 3.44439 -1.11335
v -0.36680 3.64122 -0.53510
v -0.37649 3.62790 -0.57230
v -0.36481 3.61756 -0.60324
v -0.34404 3.65760 -0.64487
v -0.34505 3.68361 -0.58929
v -0.36379 3.67036 -0.56333
v -0.35029 3.64897 -0.59520
v 0.28604 3.79010 -0.42948
v 0.29494 3.79443 -0.38974
v 0.29431 3.77988 -0.35804
v 0.24213 3.77596 -0.32517
v 0.22901 3.78626 -0.38466
v 0.25296 3.79853 -0.40685
v 0.26161 3.77813 -0.37241
v -0.74984 3.22036 0.86219
v -0.77551 3.26483 0.84808
v -0.81119 3.29185 0.85544
v -0.88478 3.27254 0.82961
v -0.83790 3.20729 0.83066
v -0.79269 3.21047 0.83215
v -0.82609 3.24823 0.84930
v -0.27508 3.61206 -0.21752
v -0.26267 3.66035 -0.19792
v -0.25490 3.70434 -0.20723
v -0.18540 3.72912 -0.24023
v -0.19450 3.64955 -0.25116
v -0.22384 3.62513 -0.22616
v -0.22802 3.67783 -0.23485
v -0.24131 3.50174 0.01762
v -0.24229 3.54346 0.01878
v -0.22676 3.57378 0.00860
v -0.17410 3.59481 0.03604
v -0.18203 3.53358 0.04852
v -0.21354 3.51762 0.04445
v -0.20186 3.55227 0.02430
v -0.90368 3.24703 0.46195
v -0.88549 3.22462 0.51337
v -0.89486 3.19223 0.55060
v -0.95612 3.20909 0.61289
v -0.96936 3.26133 0.54209
v -0.93338 3.26904 0.50790
v -0.93634 3.22182 0.54310
v -1.18017 3.10147 0.77194
v -1.23589 3.10666 0.75246
v -1.28435 3.09473 0.75992
v -1.31619 3.01344 0.74068
v -1.22705 3.01083 0.74683
v -1.19905 3.05272 0.74405
v -1.25593 3.05150 0.76057
v -0.32445 3.86135 -0.16779
v -0.34629 3.91287 -0.15609
v -0.38238 3.93784 -0.13497
v -0.46035 3.94426 -0.17132
v -0.41674 3.87848 -0.20617
v -0.36838 3.87472 -0.20186
v -0.40190 3.90364 -0.16567
v -0.30121 3.30385 -1.23034
v -0.30859 3.29865 -1.28857
v -0.31857 3.32220 -1.33176
v -0.40100 3.34795 -1.35294
v -0.39542 3.33222 -1.26561
v -0.35799 3.30509 -1.24605
v -0.35490 3.33404 -1.29728
v -1.06554 3.09941 -0.08565
v -1.11317 3.09362 -0.08353
v -1.14889 3.10911 -0.07095
v -1.16927 3.10621 -0.00146
v -1.09783 3.09533 -0.00692
v -1.08035 3.08477 -0.04237
v -1.12220 3.10803 -0.03860
v -0.59177 3.61934 0.05066
v -0.61502 3.65167 0.06075
v -0.63062 3.68097 0.04969
v -0.59855 3.73297 0.03921
v -0.56026 3.68425 0.04055
v -0.56978 3.65378 0.05487
v -0.59604 3.68174 0.04016
v -0.46195 3.72877 -0.04061
v -0.40556 3.71716 -0.02598
v -0.36458 3.68890 -0.03505
v -0.35863 3.60411 -0.00658
v -0.44419 3.63083 -0.00605
v -0.45673 3.67983 -0.00734
v -0.40539 3.65777 -0.02751
v 0.84585 2.77117 -1.85940
v 0.80626 2.73468 -1.85618
v 0.78371 2.70067 -1.87727
v 0.72920 2.71542 -1.93588
v 0.77688 2.78048 -1.92504
v 0.80187 2.78599 -1.88689
v 0.78480 2.73834 -1.90553
v -0.42799 2.87830 0.87415
v -0.46657 2.88193 0.91608
v -0.48867 2.85917 0.95292
v -0.55042 2.80066 0.93941
v -0.50491 2.81281 0.86730
v -0.47701 2.85213 0.86104
v -0.49209 2.83104 0.91190
v 0.49154 2.72335 -1.91698
v 0.44559 2.74136 -1.91685
v 0.41014 2.74715 -1.93870
v 0.40460 2.79992 -1.99095
v 0.47624 2.78610 -1.97606
v 0.48808 2.76640 -1.94087
v 0.44346 2.76218 -1.96154
v -0.45088 2.88710 -0.32516
v -0.46399 2.92206 -0.27651
v -0.49555 2.92969 -0.23561
v -0.58057 2.96476 -0.24571
v -0.54941 2.93311 -0.32687
v -0.49861 2.92426 -0.33519
v -0.52517 2.92444 -0.27991
v 0.00853 3.55321 -0.39119
v -0.02914 3.55568 -0.40572
v -0.05509 3.53916 -0.42124
v -0.05418 3.52710 -0.48107
v 0.00218 3.53984 -0.46140
v 0.00767 3.55612 -0.43153
v -0.02557 3.53473 -0.44014
v -0.19312 3.27969 0.22849
v -0.19861 3.27255 0.27660
v -0.20419 3.24480 0.30721
v -0.26986 3.21332 0.31954
v -0.26806 3.24253 0.25173
v -0.23967 3.27109 0.24093
v -0.23387 3.23859 0.27708
v -0.72481 3.32768 -1.00164
v -0.69330 3.34468 -1.03638
v -0.67894 3.34070 -1.07618
v -0.63194 3.28529 -1.09590
v -0.66592 3.26845 -1.03087
v -0.68493 3.29823 -1.00726
v -0.67718 3.30191 -1.05641
v -1.05493 2.31945 -0.29997
v -1.06798 2.34361 -0.26750
v -1.08035 2.34434 -0.23346
v -1.14113 2.32939 -0.21937
v -1.12589 2.30711 -0.27757
v -1.09725 2.31967 -0.29585
v -1.10132 2.32120 -0.25355
v -0.87444 4.16260 0.12726
v -0.88374 4.16836 0.17509
v -0.90929 4.15946 0.20693
v -0.97470 4.19319 0.21490
v -0.95011 4.20146 0.14557
v -0.90998 4.19536 0.13564
v -0.93231 4.17529 0.17445
v -0.30261 3.27611 -0.25380
v -0.33113 3.23712 -0.24416
v -0.36189 3.21206 -0.25779
v -0.43301 3.23363 -0.25710
v -0.38834 3.29277 -0.25146
v -0.34813 3.28901 -0.24010
v -0.37474 3.25301 -0.26067
v -1.16577 3.11393 0.19462
v -1.18683 3.09778 0.14858
v -1.18379 3.06912 0.11368
v -1.12992 3.07953 0.05521
v -1.10903 3.12219 0.11981
v -1.13877 3.13189 0.15252
v -1.14305 3.09063 0.11931
v -0.31384 3.31644 0.20800
v -0.32675 3.27067 0.18460
v -0.31223 3.23513 0.16088
v -0.29641 3.24045 0.08268
v -0.29820 3.31340 0.11537
v -0.31773 3.32099 0.15534
v -0.29886 3.27402 0.13966
v -0.09788 3.95093 -0.63447
v -0.14169 3.96405 -0.63286
v -0.17202 3.97338 -0.61021
v -0.20876 3.92517 -0.57714
v -0.14778 3.89929 -0.59662
v -0.12611 3.91642 -0.62412
v -0.15739 3.93803 -0.59864
v -0.11044 3.00675 -1.42835
v -0.14522 2.99288 -1.39389
v -0.15261 2.97401 -1.35558
v -0.15042 2.89773 -1.34710
v -0.11452 2.91811 -1.41184
v -0.12073 2.95694 -1.43006
v -0.12808 2.94680 -1.38074
v -0.97840 3.15978 0.85902
v -0.94099 3.19861 0.83497
v -0.91882 3.21493 0.79289
v -0.85113 3.17072 0.75550
v -0.89502 3.11750 0.81186
v -0.92569 3.13597 0.84716
v -0.91158 3.16407 0.79719
v -0.68134 3.25927 -0.78963
v -0.70567 3.27679 -0.82305
v -0.72925 3.30482 -0.83403
v -0.79449 3.30561 -0.81580
v -0.75958 3.26384 -0.77548
v -0.72516 3.25044 -0.78542
v -0.74314 3.28842 -0.80123
v -0.14917 3.04700 -1.34498
v -0.15699 3.07670 -1.37253
v -0.17681 3.08703 -1.39964
v -0.16822 3.06431 -1.45696
v -0.14128 3.02710 -1.41495
v -0.13414 3.03817 -1.38237
v -0.16331 3.05437 -1.40664
v -0.32514 2.47850 -1.24971
v -0.36585 2.47932 -1.27547
v -0.38659 2.46357 -1.30718
v -0.37083 2.48155 -1.37582
v -0.31527 2.49861 -1.33217
v -0.32000 2.50184 -1.29153
v -0.34849 2.47570 -1.32027
v 0.10171 3.54775 0.08624
v 0.09564 3.56989 0.13342
v 0.11557 3.58357 0.17101
v 0.13883 3.53238 0.22673
v 0.12706 3.49450 0.15822
v 0.10303 3.51263 0.12520
v 0.12741 3.54010 0.16268
v -0.49260 3.39457 -0.16674
v -0.45210 3.37500 -0.16467
v -0.42223 3.36112 -0.18434
v -0.42507 3.30096 -0.21579
v -0.48782 3.32308 -0.20205
v -0.49426 3.35054 -0.17605
v -0.45535 3.34489 -0.19800
v 0.09677 2.91609 -0.37191
v 0.07350 2.87438 -0.34249
v 0.03714 2.86069 -0.31467
v 0.03230 2.88364 -0.23335
v 0.08644 2.93397 -0.27458
v 0.10520 2.92148 -0.31671
v 0.05676 2.90172 -0.29646
v -0.17160 3.22549 -0.28958
v -0.18981 3.22597 -0.34615
v -0.22692 3.21462 -0.37864
v -0.24211 3.13033 -0.40518
v -0.19265 3.13062 -0.33040
v -0.16778 3.17197 -0.31514
v -0.21573 3.17265 -0.35023
v -1.09035 3.67966 -0.88281
v -1.07863 3.71091 -0.90822
v -1.06163 3.72009 -0.93828
v -0.99843 3.72132 -0.94169
v -1.01685 3.68695 -0.89182
v -1.04984 3.68961 -0.87835
v -1.03952 3.69919 -0.91788
v 0.75520 2.84485 -1.70091
v 0.77783 2.85638 -1.73061
v 0.79134 2.88211 -1.74685
v 0.75956 2.91591 -1.78324
v 0.72385 2.88541 -1.74758
v 0.73444 2.85851 -1.73108
v 0.75773 2.88719 -1.74382
v -0.77275 2.45986 1.03873
v -0.75428 2.50772 1.06721
v -0.75743 2.53528 1.10878
v -0.82673 2.58809 1.12442
v -0.84732 2.52853 1.06224
v -0.81207 2.50338 1.03729
v -0.80456 2.52707 1.09044
v -0.67610 3.64485 -0.13014
v -0.66322 3.67118 -0.09541
v -0.67315 3.68707 -0.06153
v -0.71477 3.74147 -0.05809
v -0.72068 3.71114 -0.11931
v -0.69378 3.68665 -0.13255
v -0.70092 3.69563 -0.08857
v -0.42783 3.13594 -1.17734
v -0.42074 3.18937 -1.16684
v -0.41884 3.23266 -1.18444
v -0.35258 3.25981 -1.22612
v -0.35199 3.17704 -1.22255
v -0.37776 3.15362 -1.19133
v -0.38910 3.20430 -1.20916
v -0.44860 3.32510 -0.50056
v -0.43941 3.29340 -0.54955
v -0.40666 3.26629 -0.57644
v -0.34216 3.30486 -0.62433
v -0.37384 3.36218 -0.56390
v -0.41831 3.35505 -0.54148
v -0.38553 3.31196 -0.56509
v -0.18239 3.58820 -0.56907
v -0.18934 3.57092 -0.60469
v -0.18746 3.54229 -0.62340
v -0.13488 3.52273 -0.64649
v -0.12452 3.56255 -0.60191
v -0.14888 3.58394 -0.59088
v -0.15602 3.54886 -0.60919
v -0.27150 3.42552 -0.57264
v -0.28661 3.39390 -0.54437
v -0.30322 3.38649 -0.51061
v -0.26877 3.39069 -0.45221
v -0.23582 3.42429 -0.50120
v -0.24328 3.41820 -0.53832
v -0.27230 3.41009 -0.50487
v -1.43436 2.60906 -0.54536
v -1.39779 2.59446 -0.50646
v -1.35390 2.59932 -0.48998
v -1.28894 2.56162 -0.52646
v -1.35384 2.56405 -0.57893
v -1.39776 2.57179 -0.56364
v -1.35204 2.58781 -0.53688
v -0.12289 3.15704 -0.16052
v -0.10765 3.11257 -0.15601
v -0.07685 3.08707 -0.16033
v -0.05718 3.06264 -0.22431
v -0.09747 3.12095 -0.23170
v -0.12091 3.13435 -0.20189
v -0.08253 3.10754 -0.19568
v -1.09715 3.76777 -0.67761
v -1.13260 3.78519 -0.70226
v -1.15799 3.81530 -0.70693
v -1.21338 3.82376 -0.66456
v -1.16639 3.78099 -0.63459
v -1.13800 3.76314 -0.65575
v -1.15938 3.80254 -0.66835
v -0.50619 3.51129 -0.86102
v -0.51536 3.54588 -0.89842
v -0.54524 3.56363 -0.92555
v -0.57007 3.52611 -0.98939
v -0.53629 3.47578 -0.94014
v -0.50961 3.48941 -0.90780
v -0.54626 3.51863 -0.92976
v -0.15626 3.57651 -1.24622
v -0.18158 3.59439 -1.21726
v -0.18378 3.61603 -1.18842
v -0.16604 3.59632 -1.13017
v -0.14102 3.55799 -1.17491
v -0.15410 3.55707 -1.20858
v -0.15815 3.59003 -1.18217
v -1.18355 3.32539 -0.23125
v -1.15054 3.31333 -0.18792
v -1.14603 3.31231 -0.14062
v -1.13266 3.38240 -0.09596
v -1.16234 3.40197 -0.17226
v -1.16103 3.37097 -0.20826
v -1.16073 3.35669 -0.15432
v -0.45575 3.80014 -0.07290
v -0.50163 3.80607 -0.05629
v -0.52729 3.80431 -0.02327
v -0.55182 3.73968 0.00359
v -0.49222 3.72854 -0.03911
v -0.47908 3.75736 -0.06647
v -0.50596 3.76721 -0.02652
v -0.18477 3.43795 -1.04018
v -0.18983 3.37832 -1.04125
v -0.20879 3.33685 -1.01846
v -0.17171 3.30280 -0.94349
v -0.14431 3.38798 -0.95571
v -0.14838 3.41119 -1.00091
v -0.18233 3.36513 -0.98335
v -0.02002 3.10062 -1.30757
v -0.06509 3.07524 -1.30790
v -0.09364 3.05076 -1.28495
v -0.08043 2.97522 -1.27040
v -0.01394 3.01060 -1.29091
v -0.01386 3.04943 -1.31174
v -0.05251 3.03233 -1.28189
v 0.92631 2.83005 -1.57901
v 0.89043 2.83810 -1.60840
v 0.87740 2.85826 -1.64051
v 0.85926 2.92681 -1.63668
v 0.89908 2.90896 -1.58065
v 0.90437 2.87069 -1.56992
v 0.89318 2.88482 -1.61340
v -0.22913 3.97635 -0.68893
v -0.20089 3.99754 -0.72559
v -0.17864 3.99126 -0.76226
v -0.10904 3.95882 -0.76215
v -0.14529 3.94368 -0.69617
v -0.17945 3.96695 -0.68310
v -0.16465 3.96230 -0.73158
v 0.22117 3.51537 -0.12498
v 0.25985 3.51188 -0.10722
v 0.27946 3.51376 -0.07666
v 0.29562 3.57026 -0.05025
v 0.24681 3.57828 -0.09151
v 0.23885 3.55336 -0.11677
v 0.25954 3.54506 -0.08035
v -0.31123 3.67206 0.11124
v -0.26883 3.70007 0.10861
v -0.24554 3.72829 0.08538
v -0.20467 3.70618 0.02426
v -0.25706 3.65282 0.04165
v -0.27624 3.65155 0.08050
v -0.25567 3.69330 0.05993
v -1.51600 2.99544 -0.19559
v -1.51758 2.96555 -0.22046
v -1.50042 2.94372 -0.23855
v -1.47411 2.95916 -0.28872
v -1.48643 3.00693 -0.25688
v -1.50859 3.00618 -0.23224
v -1.48924 2.97508 -0.24537
v -0.33801 3.68659 -0.02264
v -0.32754 3.63609 0.00266
v -0.34541 3.59969 0.03002
v -0.35628 3.60816 0.11559
v -0.34859 3.68620 0.07870
v -0.32958 3.69171 0.03395
v -0.35397 3.64338 0.05314
v -0.02189 3.72470 -0.91483
v -0.01546 3.74055 -0.95190
v 0.00393 3.76188 -0.97136
v -0.00243 3.82309 -0.96841
v -0.02754 3.79679 -0.91868
v -0.03569 3.76299 -0.91804
v -0.00745 3.77946 -0.94249
v -0.93484 3.42943 -0.27270
v -0.92336 3.40771 -0.30605
v -0.92610 3.40385 -0.34100
v -0.97684 3.37866 -0.36736
v -0.98982 3.39704 -0.30907
v -0.96433 3.40333 -0.28552
v -0.95924 3.40515 -0.32658
v 0.41052 3.37063 0.22251
v 0.45113 3.34110 0.21014
v 0.49176 3.32808 0.22108
v 0.55392 3.37382 0.20961
v 0.48858 3.41640 0.20750
v 0.44908 3.39787 0.20141
v 0.49029 3.37321 0.22060
v -0.47877 3.71854 -0.21057
v -0.51086 3.73122 -0.19196
v -0.53907 3.72279 -0.17621
v -0.58697 3.70471 -0.20584
v -0.53901 3.70041 -0.24020
v -0.51082 3.71683 -0.23309
v -0.53807 3.70712 -0.20664
v -0.22956 3.61306 -0.13745
v -0.21671 3.61071 -0.09816
v -0.21921 3.59369 -0.06737
v -0.26820 3.60154 -0.02942
v -0.28232 3.62118 -0.08702
v -0.25728 3.62838 -0.11079
v -0.25234 3.60279 -0.07862
v 0.08399 3.82273 -0.63439
v 0.05206 3.85279 -0.61938
v 0.03559 3.87045 -0.58816
v -0.00952 3.83693 -0.54656
v 0.02709 3.79087 -0.58434
v 0.04660 3.80163 -0.61692
v 0.03551 3.83040 -0.58233
v -0.71611 2.85212 0.63955
v -0.67577 2.81715 0.62516
v -0.66473 2.77634 0.60443
v -0.67742 2.70312 0.64231
v -0.72275 2.76266 0.67916
v -0.71307 2.80836 0.67320
v -0.69899 2.76853 0.63754
v -0.58624 3.79785 -0.08132
v -0.54845 3.78470 -0.11606
v -0.52037 3.79905 -0.14835
v -0.54615 3.81524 -0.22227
v -0.60780 3.81386 -0.17138
v -0.60465 3.79422 -0.13087
v -0.56339 3.81280 -0.15843
v -0.33056 3.51600 -0.17310
v -0.32858 3.45568 -0.18390
v -0.33724 3.41729 -0.21822
v -0.42268 3.38719 -0.23692
v -0.42641 3.47039 -0.19666
v -0.38591 3.48982 -0.17004
v -0.38130 3.44743 -0.21409
v -0.40060 3.05781 0.60897
v -0.40537 3.09306 0.58800
v -0.39765 3.11108 0.55880
v -0.34183 3.13744 0.55041
v -0.33858 3.09426 0.59520
v -0.36740 3.08224 0.61140
v -0.36710 3.09896 0.57364
v 0.17109 3.16495 -0.52435
v 0.15911 3.12985 -0.56270
v 0.12729 3.10299 -0.58088
v 0.10657 3.03303 -0.54690
v 0.14507 3.07936 -0.49351
v 0.17054 3.11466 -0.50653
v 0.13058 3.09407 -0.53527
v 0.23503 3.83676 -0.26805
v 0.26876 3.85535 -0.23878
v 0.29951 3.84755 -0.21248
v 0.28678 3.82506 -0.14422
v 0.22745 3.81477 -0.18546
v 0.22244 3.83428 -0.22141
v 0.26531 3.82574 -0.20068
v -0.48947 3.02827 0.73582
v -0.47248 3.07672 0.74791
v -0.46929 3.11962 0.73496
v -0.41635 3.14295 0.68030
v -0.42675 3.06415 0.67639
v -0.44513 3.04106 0.71026
v -0.45299 3.09248 0.70150
v 1.07353 2.80232 -1.80825
v 1.10557 2.75595 -1.83229
v 1.14041 2.71806 -1.82369
v 1.23067 2.73613 -1.81509
v 1.18150 2.81347 -1.80288
v 1.13198 2.81729 -1.81892
v 1.16019 2.76448 -1.80587
v -0.84060 2.84642 -1.69641
v -0.88744 2.86678 -1.68165
v -0.92153 2.86535 -1.65189
v -0.97708 2.80753 -1.65421
v -0.91226 2.78514 -1.69582
v -0.88148 2.81521 -1.70989
v -0.91404 2.82266 -1.66853
v 0.06336 3.14110 -0.42403
v 0.07461 3.16385 -0.38631
v 0.07763 3.16289 -0.34771
v 0.02251 3.16756 -0.30713
v 0.00351 3.15053 -0.37081
v 0.02696 3.15590 -0.40116
v 0.04116 3.15123 -0.35822
v -0.58740 3.23418 -0.16757
v -0.62614 3.23477 -0.19363
v -0.65685 3.25627 -0.20692
v -0.71200 3.27140 -0.16576
v -0.65707 3.25165 -0.12631
v -0.62628 3.23180 -0.14181
v -0.65494 3.25935 -0.16630
v -0.12965 3.58446 -0.77481
v -0.12258 3.63416 -0.74505
v -0.14478 3.67278 -0.72299
v -0.17901 3.73922 -0.76953
v -0.16719 3.66898 -0.82129
v -0.13698 3.63172 -0.80825
v -0.16250 3.66824 -0.77055
v -0.15318 3.07970 0.80403
v -0.12233 3.04460 0.78915
v -0.09087 3.01917 0.79956
v -0.02139 3.04386 0.80586
v -0.06886 3.10057 0.80854
v -0.10818 3.09693 0.79492
v -0.08050 3.05938 0.81005
v -0.56499 3.27400 -0.40307
v -0.54379 3.25539 -0.43491
v -0.51881 3.23088 -0.44432
v -0.45604 3.24227 -0.43716
v -0.49009 3.28297 -0.40104
v -0.52533 3.28887 -0.40709
v -0.50453 3.25359 -0.41862
v -0.82449 3.21503 0.58272
v -0.80260 3.16242 0.57617
v -0.81195 3.11472 0.57140
v -0.83499 3.06594 0.63906
v -0.84650 3.14970 0.65752
v -0.82481 3.18491 0.63153
v -0.83580 3.13218 0.61183
v -0.48841 3.15853 -1.33318
v -0.49950 3.19249 -1.28993
v -0.52579 3.22886 -1.27357
v -0.51024 3.30880 -1.29657
v -0.47341 3.25528 -1.35079
v -0.46583 3.20947 -1.33957
v -0.50527 3.24173 -1.31614
v -0.24178 3.73416 -0.39614
v -0.22577 3.70507 -0.42489
v -0.19530 3.69137 -0.44170
v -0.16504 3.72395 -0.49082
v -0.20430 3.76521 -0.45695
v -0.23156 3.75254 -0.43469
v -0.19586 3.72950 -0.44580
v -1.10420 3.46391 -0.80356
v -1.07460 3.42666 -0.79565
v -1.03863 3.41416 -0.78023
v -0.97590 3.42585 -0.81524
v -1.02762 3.46997 -0.84122
v -1.06752 3.46253 -0.83486
v -1.03193 3.44626 -0.80667
v -0.77743 3.56992 -0.54926
v -0.75943 3.59087 -0.49818
v -0.75400 3.63089 -0.46963
v -0.68994 3.68900 -0.48356
v -0.70198 3.63978 -0.55503
v -0.72599 3.59659 -0.55308
v -0.73299 3.63978 -0.51491
v -0.67357 3.72328 0.14825
v -0.70693 3.68018 0.15184
v -0.71036 3.63382 0.15365
v -0.70122 3.58709 0.08638
v -0.66952 3.66202 0.07330
v -0.68068 3.69831 0.10019
v -0.68391 3.64610 0.11590
v -0.71857 3.15712 -0.30441
v -0.71719 3.20598 -0.32833
v -0.73433 3.24904 -0.32929
v -0.80822 3.26534 -0.36117
v -0.80168 3.18517 -0.34469
v -0.76049 3.16492 -0.33823
v -0.77023 3.21793 -0.33071
v -0.36448 3.40510 0.15632
v -0.40672 3.39669 0.16781
v -0.43090 3.37217 0.18382
v -0.45185 3.31701 0.15152
v -0.39623 3.34112 0.12238
v -0.38443 3.37673 0.12831
v -0.41028 3.35373 0.15642
v -0.07167 3.29504 -0.33121
v -0.05075 3.33109 -0.31365
v -0.02983 3.34504 -0.28446
v -0.05798 3.35989 -0.22408
v -0.09912 3.31862 -0.25961
v -0.09529 3.31411 -0.29768
v -0.06200 3.32725 -0.27001
v -0.54072 3.34322 0.53263
v -0.56101 3.39872 0.51980
v -0.59892 3.43305 0.52587
v -0.67759 3.42614 0.48019
v -0.63354 3.34625 0.47899
v -0.58327 3.34292 0.48967
v -0.61940 3.38746 0.50883
v 0.94694 2.73028 -2.14637
v 0.98049 2.70957 -2.16988
v 0.99792 2.70491 -2.20457
v 0.96982 2.66594 -2.25445
v 0.92181 2.68255 -2.20737
v 0.93157 2.69520 -2.17168
v 0.95855 2.69854 -2.20866
v 0.33060 3.58788 -0.05774
v 0.30662 3.60425 -0.10531
v 0.30992 3.63168 -0.14390
v 0.29605 3.71454 -0.14050
v 0.31063 3.68452 -0.06333
v 0.30707 3.63822 -0.05351
v 0.31707 3.65898 -0.10425
v -0.28733 3.54210 -1.25510
v -0.33470 3.53100 -1.26546
v -0.36278 3.50044 -1.27400
v -0.36603 3.46763 -1.34143
v -0.30020 3.50266 -1.33297
v -0.29448 3.53244 -1.30337
v -0.32890 3.49660 -1.30092
v -0.03471 3.83966 -0.69482
v -0.08845 3.81748 -0.68816
v -0.13113 3.80454 -0.71042
v -0.19049 3.86489 -0.73553
v -0.11207 3.90322 -0.72219
v -0.07620 3.88091 -0.69572
v -0.11951 3.85266 -0.72312
v -0.03586 3.34623 -0.23377
v -0.02093 3.30246 -0.22574
v 0.00889 3.27929 -0.21260
v 0.06652 3.26697 -0.25189
v 0.03218 3.32393 -0.27626
v -0.00595 3.33116 -0.26666
v 0.02343 3.30516 -0.24088
v 0.02906 3.07315 -0.03190
v 0.04645 3.09001 -0.06451
v 0.07055 3.11185 -0.07630
v 0.06288 3.17260 -0.07387
v 0.02404 3.14493 -0.03538
v 0.01655 3.11128 -0.03820
v 0.05063 3.12846 -0.05209
v -0.17623 3.07020 -0.11202
v -0.19539 3.08099 -0.07915
v -0.20406 3.10635 -0.05874
v -0.16511 3.13059 -0.02059
v -0.13611 3.09986 -0.06272
v -0.15171 3.07683 -0.08171
v -0.16989 3.10698 -0.06370
v 0.05814 3.04934 0.52707
v 0.04766 3.03982 0.56654
v 0.02222 3.02779 0.58851
v -0.02626 3.06429 0.60635
v 0.00128 3.08844 0.55478
v 0.03420 3.07881 0.54485
v 0.00875 3.05532 0.56848
v -1.47091 3.31408 -0.27345
v -1.44901 3.30611 -0.22877
v -1.41336 3.29432 -0.20798
v -1.39198 3.22149 -0.20349
v -1.44225 3.23052 -0.25982
v -1.46758 3.26510 -0.26209
v -1.42333 3.26375 -0.23802
v -0.31128 3.82231 -0.12334
v -0.34008 3.85063 -0.12143
v -0.35710 3.87544 -0.13817
v -0.33201 3.93005 -0.14863
v -0.28866 3.88935 -0.13502
v -0.29608 3.85957 -0.11940
v -0.32238 3.88102 -0.14137
v -0.70980 3.77145 -0.48189
v -0.70312 3.71535 -0.47433
v -0.72499 3.67232 -0.46913
v -0.76247 3.64934 -0.39521
v -0.75107 3.73456 -0.39730
v -0.71989 3.75536 -0.42815
v -0.74423 3.70448 -0.43637
v -0.14840 3.59502 -0.18204
v -0.15096 3.57207 -0.22503
v -0.14094 3.57281 -0.26536
v -0.17679 3.61564 -0.31334
v -0.18902 3.63896 -0.24458
v -0.18187 3.61460 -0.21167
v -0.16012 3.60944 -0.25505
v -0.34206 2.68522 1.39079
v -0.39575 2.69834 1.36735
v -0.44650 2.69447 1.37223
v -0.49031 2.61738 1.35378
v -0.40207 2.60089 1.36579
v -0.36719 2.63818 1.36321
v -0.42514 2.64677 1.37632
v -0.31865 3.41678 -0.34480
v -0.30352 3.46550 -0.33068
v -0.26902 3.49269 -0.32052
v -0.23214 3.48903 -0.24977
v -0.27383 3.42210 -0.26246
v -0.30662 3.42012 -0.29335
v -0.26641 3.45453 -0.29456
v -1.17370 3.54195 -1.11027
v -1.18201 3.48820 -1.11616
v -1.16869 3.44525 -1.10392
v -1.10033 3.41066 -1.13464
v -1.09815 3.49243 -1.14570
v -1.13666 3.51853 -1.14302
v -1.13053 3.46986 -1.11879
v 0.25903 3.17468 0.08720
v 0.30027 3.14748 0.05747
v 0.34073 3.15203 0.03000
v 0.33687 3.17705 -0.05324
v 0.26296 3.19786 -0.01233
v 0.25027 3.17694 0.03025
v 0.30442 3.18125 0.01091
v -0.95695 3.10854 0.05264
v -0.97977 3.07261 0.07176
v -1.01284 3.05056 0.07174
v -1.07290 3.07396 0.10005
v -1.02924 3.12786 0.08801
v -0.99031 3.12230 0.08222
v -1.02301 3.08992 0.07451
v -0.63220 3.48657 -0.88662
v -0.63120 3.45321 -0.92941
v -0.65450 3.43604 -0.96544
v -0.71221 3.37874 -0.95596
v -0.69728 3.41570 -0.88445
v -0.65870 3.44014 -0.87735
v -0.68044 3.43064 -0.92615
v -0.66509 3.44167 -0.75003
v -0.72228 3.46097 -0.75847
v -0.76706 3.45390 -0.78376
v -0.77749 3.47927 -0.87153
v -0.68810 3.47365 -0.85069
v -0.67152 3.47367 -0.80150
v -0.72730 3.45648 -0.81904
v -0.07797 3.78913 -0.69888
v -0.06010 3.75716 -0.72609
v -0.03791 3.74971 -0.75711
v -0.06101 3.75934 -0.82123
v -0.10029 3.79393 -0.77652
v -0.10020 3.78558 -0.73857
v -0.06579 3.77637 -0.76707
v -0.46240 3.56008 -0.35141
v -0.47549 3.51326 -0.36081
v -0.49342 3.48656 -0.38809
v -0.56754 3.48327 -0.39681
v -0.54846 3.54730 -0.36339
v -0.51087 3.55231 -0.34493
v -0.52018 3.51979 -0.38109
v -0.61380 3.10486 -0.34761
v -0.64036 3.13925 -0.30567
v -0.63650 3.16079 -0.25911
v -0.64674 3.11201 -0.18282
v -0.63016 3.05671 -0.25332
v -0.63629 3.07235 -0.30195
v -0.62595 3.10925 -0.25527
v -0.15183 3.65531 -0.57105
v -0.16860 3.68823 -0.59741
v -0.19321 3.71791 -0.60018
v -0.26055 3.70821 -0.60789
v -0.23106 3.65096 -0.58462
v -0.19294 3.64518 -0.58741
v -0.21274 3.68602 -0.58706
v -0.16538 3.72270 -0.14389
v -0.13273 3.70308 -0.17410
v -0.11086 3.66938 -0.18414
v -0.05196 3.64877 -0.14557
v -0.09276 3.69536 -0.10626
v -0.12110 3.71978 -0.12404
v -0.10515 3.67792 -0.14294
v -0.81154 3.59336 -0.21407
v -0.77391 3.58004 -0.19564
v -0.73790 3.58789 -0.18898
v -0.69165 3.58188 -0.23615
v -0.75199 3.58427 -0.26360
v -0.78297 3.57771 -0.24360
v -0.74485 3.59150 -0.22657
v -0.08238 2.98051 -0.18344
v -0.10499 3.00561 -0.14366
v -0.14283 3.01428 -0.12202
v -0.19612 3.06476 -0.15048
v -0.14710 3.04205 -0.20776
v -0.10774 3.02346 -0.19878
v -0.14862 3.02306 -0.16636
v -0.24645 3.63760 -0.57276
v -0.30508 3.62845 -0.55657
v -0.34294 3.63880 -0.52186
v -0.34530 3.59781 -0.43863
v -0.26054 3.58998 -0.47562
v -0.25211 3.59707 -0.52684
v -0.29949 3.62101 -0.49576
v -1.49938 3.17148 0.07319
v -1.46177 3.18879 0.02896
v -1.42249 3.17553 -0.00176
v -1.33653 3.17187 0.02909
v -1.39513 3.17035 0.09922
v -1.44418 3.18546 0.09388
v -1.40937 3.16548 0.04850
v -0.48176 3.29497 -1.37625
v -0.49017 3.34504 -1.34390
v -0.48992 3.39631 -1.34363
v -0.41242 3.44363 -1.34161
v -0.39616 3.35825 -1.36799
v -0.42989 3.32057 -1.35956
v -0.44422 3.37894 -1.36296
v -1.49329 2.80784 0.63456
v -1.44162 2.78737 0.61378
v -1.41829 2.76066 0.57778
v -1.42068 2.67118 0.57662
v -1.48606 2.70301 0.62884
v -1.48519 2.75031 0.64660
v -1.45684 2.73234 0.59768
v -0.36309 2.50901 -1.78743
v -0.40001 2.54429 -1.80444
v -0.44302 2.55959 -1.80030
v -0.50593 2.51900 -1.83175
v -0.44135 2.47013 -1.82586
v -0.39893 2.48678 -1.82087
v -0.44377 2.51306 -1.80688
v -0.54612 3.13185 -0.25070
v -0.53502 3.10486 -0.19870
v -0.52255 3.11064 -0.14980
v -0.43828 3.12939 -0.12443
v -0.44912 3.14804 -0.21178
v -0.48782 3.12890 -0.23854
v -0.48811 3.13619 -0.17935
v -0.80515 3.36907 -0.80951
v -0.76788 3.33975 -0.79856
v -0.73750 3.31558 -0.81308
v -0.75101 3.24861 -0.83999
v -0.81298 3.28795 -0.83798
v -0.81641 3.32199 -0.81457
v -0.77426 3.30404 -0.83101
v -1.23268 3.49860 -0.23097
v -1.22649 3.47993 -0.27920
v -1.24304 3.45416 -0.31130
v -1.23809 3.37580 -0.30799
v -1.22623 3.40662 -0.23668
v -1.21569 3.44937 -0.23123
v -1.24092 3.43031 -0.27262
v -0.43535 3.44361 -0.15161
v -0.43417 3.43915 -0.10686
v -0.42686 3.41597 -0.07725
v -0.47013 3.36707 -0.05874
v -0.48367 3.38743 -0.12205
v -0.47069 3.42081 -0.13566
v -0.45170 3.39804 -0.10184
v -0.04070 3.43021 -1.29361
v -0.03535 3.48246 -1.27867
v -0.05392 3.51827 -1.25551
v -0.11701 3.56154 -1.28611
v -0.11095 3.48910 -1.32488
v -0.07202 3.46370 -1.32326
v -0.08638 3.50062 -1.28566
v -0.99571 3.23163 -0.71083
v -0.98886 3.23528 -0.76010
v -1.00556 3.22941 -0.79871
v -1.01111 3.16092 -0.82940
v -1.00095 3.15519 -0.75505
v -0.98589 3.18756 -0.73203
v -1.00931 3.19257 -0.77578
v -0.78488 3.73219 -0.42661
v -0.81828 3.75744 -0.46390
v -0.82644 3.79665 -0.48993
v -0.85802 3.86713 -0.45539
v -0.82669 3.81674 -0.39508
v -0.81845 3.77036 -0.40293
v -0.82024 3.80947 -0.44307
v -0.45377 3.13061 -1.07058
v -0.45866 3.17845 -1.08925
v -0.47341 3.21922 -1.08213
v -0.54905 3.23682 -1.08734
v -0.53996 3.15989 -1.07977
v -0.50145 3.14031 -1.08773
v -0.50677 3.18990 -1.07459
v -0.69139 3.60375 -0.58266
v -0.69755 3.65209 -0.61235
v -0.67813 3.68227 -0.64512
v -0.61414 3.73612 -0.62467
v -0.62027 3.67372 -0.56567
v -0.66035 3.64659 -0.56127
v -0.64487 3.67376 -0.60900
v 0.11841 3.19329 -0.42547
v 0.16356 3.16727 -0.45113
v 0.20682 3.14408 -0.44489
v 0.28009 3.18789 -0.42507
v 0.20984 3.23738 -0.40783
v 0.16551 3.22725 -0.42731
v 0.20775 3.18811 -0.41970
v -0.40659 3.39725 0.04712
v -0.39809 3.44288 0.01672
v -0.36758 3.46758 -0.00960
v -0.30584 3.51232 0.02500
v -0.33511 3.45638 0.07999
v -0.37721 3.43568 0.07431
v -0.34700 3.45715 0.03302
v 0.08903 3.31606 -1.43970
v 0.06073 3.28422 -1.46937
v 0.05378 3.26809 -1.50995
v 0.01764 3.31013 -1.56529
v 0.04305 3.35719 -1.50806
v 0.05383 3.34150 -1.46815
v 0.05414 3.31339 -1.51180
v -0.11592 3.08338 0.79454
v -0.09066 3.05218 0.84086
v -0.06831 3.05469 0.88796
v 0.01927 3.08236 0.89874
v -0.01242 3.10877 0.81598
v -0.05473 3.08695 0.79458
v -0.04308 3.08823 0.85474
v 0.08569 3.55666 -0.64752
v 0.07493 3.59363 -0.61428
v 0.04429 3.61904 -0.59718
v 0.01619 3.67948 -0.63522
v 0.05162 3.63187 -0.68388
v 0.07964 3.60188 -0.67002
v 0.04272 3.62211 -0.64147
v 0.22983 3.52725 -0.42535
v 0.26923 3.53871 -0.45285
v 0.28713 3.56688 -0.47847
v 0.26586 3.57424 -0.54952
v 0.21348 3.53810 -0.51074
v 0.22188 3.52021 -0.47360
v 0.24756 3.55769 -0.49298
v -0.24893 2.81915 -0.28060
v -0.27585 2.82422 -0.24318
v -0.27723 2.82890 -0.20398
v -0.26570 2.77556 -0.16018
v -0.24096 2.76018 -0.22381
v -0.25253 2.78005 -0.25593
v -0.25400 2.79689 -0.21274
v 0.21223 3.82769 -0.39232
v 0.23646 3.83077 -0.35143
v 0.24450 3.81373 -0.31550
v 0.19793 3.81709 -0.26085
v 0.16446 3.83177 -0.32275
v 0.18501 3.84237 -0.35609
v 0.20329 3.81707 -0.32010
v -0.43943 3.71941 -0.40053
v -0.44414 3.69335 -0.35205
v -0.47327 3.67796 -0.31846
v -0.50735 3.72989 -0.26289
v -0.47909 3.77275 -0.32855
v -0.44789 3.75429 -0.35854
v -0.48207 3.72464 -0.32686
v -0.47841 3.97377 -0.00540
v -0.47233 4.00177 -0.05162
v -0.44260 4.02019 -0.08199
v -0.40224 4.08980 -0.06598
v -0.43142 4.05752 0.00358
v -0.46514 4.02577 0.00339
v -0.43150 4.03513 -0.03830
v -0.07855 3.75243 -0.11653
v -0.04483 3.75069 -0.14705
v -0.00650 3.74976 -0.15288
v 0.03232 3.80607 -0.14659
v -0.02805 3.81541 -0.11519
v -0.05868 3.79290 -0.12283
v -0.01536 3.78044 -0.12920
v -0.23973 3.51291 -0.18582
v -0.27063 3.48494 -0.19805
v -0.30589 3.47435 -0.19432
v -0.32642 3.44090 -0.14183
v -0.26909 3.46995 -0.12899
v -0.24697 3.48211 -0.15605
v -0.28989 3.47665 -0.16000
v 0.50287 3.71549 -0.67168
v 0.48676 3.74060 -0.63136
v 0.49340 3.74991 -0.59020
v 0.47732 3.70051 -0.53518
v 0.48192 3.66473 -0.60170
v 0.47939 3.68584 -0.63875
v 0.49376 3.70641 -0.59533
v -0.54261 3.44433 1.02890
v -0.53627 3.45836 1.08724
v -0.54683 3.49201 1.12461
v -0.50266 3.57132 1.13142
v -0.49195 3.53665 1.04794
v -0.50098 3.48705 1.03795
v -0.52558 3.51764 1.08377
v -0.88744 3.61217 0.06114
v -0.88858 3.57782 0.09657
v -0.91249 3.55536 0.12287
v -0.94132 3.58523 0.18471
v -0.92045 3.63904 0.13764
v -0.89370 3.63162 0.10607
v -0.92188 3.59718 0.12744
v -0.01696 3.71080 0.03860
v -0.05225 3.73068 0.01061
v -0.07295 3.72924 -0.02584
v -0.04266 3.75418 -0.08892
v 0.01025 3.74249 -0.03810
v 0.00123 3.73920 0.00273
v -0.03067 3.73006 -0.03365
v -0.56148 3.35222 0.40333
v -0.61428 3.36600 0.38224
v -0.63994 3.39006 0.34695
v -0.64945 3.47781 0.34824
v -0.58234 3.45382 0.40032
v -0.57725 3.40699 0.41655
v -0.60641 3.42224 0.36818
v 0.75502 2.64132 -1.87567
v 0.71057 2.66298 -1.87700
v 0.68900 2.69855 -1.88377
v 0.68720 2.75351 -1.83329
v 0.74443 2.70769 -1.81926
v 0.74620 2.66886 -1.83554
v 0.72046 2.70627 -1.85518
v 0.11756 3.25685 0.67425
v 0.09782 3.30720 0.67799
v 0.07788 3.34249 0.65587
v 0.12041 3.39157 0.60614
v 0.16142 3.32191 0.61867
v 0.15153 3.29398 0.65408
v 0.11661 3.32917 0.63213
v -0.53513 3.44177 -0.06723
v -0.50220 3.44564 -0.03891
v -0.48275 3.46842 -0.01695
v -0.43826 3.51028 -0.04137
v -0.47871 3.48993 -0.08910
v -0.49960 3.45947 -0.08528
v -0.48424 3.48314 -0.05204
v -0.60632 3.11226 1.05602
v -0.63726 3.12351 1.01950
v -0.67637 3.12079 1.00480
v -0.70255 3.05806 0.97511
v -0.64211 3.04376 1.01565
v -0.61524 3.07399 1.02648
v -0.66251 3.08153 1.01529
v -0.52304 3.24464 0.30419
v -0.56714 3.25033 0.33249
v -0.58496 3.26072 0.37237
v -0.58339 3.20972 0.43337
v -0.52970 3.18852 0.37866
v -0.53162 3.20392 0.33653
v -0.55273 3.22837 0.37819
v -0.10909 3.11440 1.35627
v -0.11605 3.14893 1.39566
v -0.09702 3.17981 1.42231
v -0.05025 3.15920 1.48351
v -0.05748 3.09810 1.43280
v -0.09064 3.09640 1.40240
v -0.07216 3.14096 1.42399
v -0.61718 3.52238 -0.23456
v -0.61012 3.57452 -0.20700
v -0.62914 3.62060 -0.19840
v -0.62438 3.68570 -0.25981
v -0.61083 3.60595 -0.29838
v -0.59835 3.56510 -0.27128
v -0.62716 3.61228 -0.24956
v -0.30726 3.69328 -0.05219
v -0.27141 3.71298 -0.06453
v -0.25031 3.72289 -0.09247
v -0.21252 3.68055 -0.12303
v -0.25780 3.64947 -0.08929
v -0.27622 3.66578 -0.06248
v -0.25748 3.68636 -0.09489
v 0.17994 3.51003 -1.56661
v 0.17489 3.53618 -1.52665
v 0.15763 3.56894 -1.50928
v 0.18224 3.63597 -1.52163
v 0.20641 3.59075 -1.57284
v 0.20625 3.55020 -1.56751
v 0.17722 3.58072 -1.54444
v -0.86888 3.81283 -0.32299
v -0.83443 3.79488 -0.29721
v -0.79524 3.78988 -0.29317
v -0.75983 3.74290 -0.33173
v -0.82207 3.75660 -0.36152
v -0.85168 3.77349 -0.34115
v -0.80651 3.77767 -0.33034
v -0.35298 3.86402 -0.69341
v -0.39636 3.87211 -0.69737
v -0.42968 3.87443 -0.67979
v -0.46377 3.81981 -0.66180
v -0.39987 3.80413 -0.67363
v -0.37720 3.82691 -0.69341
v -0.41332 3.84035 -0.67154
v -0.59036 3.59590 -0.52816
v -0.54574 3.60840 -0.52183
v -0.51884 3.62402 -0.49696
v -0.51597 3.69337 -0.48427
v -0.57846 3.67644 -0.51232
v -0.58407 3.64210 -0.53171
v -0.55094 3.64914 -0.49946
v 0.40295 3.24058 -0.27369
v 0.41689 3.28326 -0.28883
v 0.41558 3.32316 -0.28290
v 0.35791 3.36179 -0.30002
v 0.34066 3.29255 -0.29564
v 0.36873 3.26358 -0.29703
v 0.37698 3.30825 -0.28354
v -0.37885 3.18111 -0.94639
v -0.34847 3.22391 -0.94490
v -0.33843 3.26319 -0.96377
v -0.29672 3.26762 -1.03097
v -0.32617 3.19462 -1.02199
v -0.34058 3.17983 -0.98233
v -0.33782 3.23048 -0.99589
v -0.46968 2.67595 -1.41984
v -0.48344 2.69948 -1.37740
v -0.47484 2.73101 -1.34952
v -0.41868 2.72504 -1.29851
v -0.40893 2.67409 -1.35419
v -0.44107 2.66289 -1.38040
v -0.43865 2.70658 -1.35532
v -0.54941 2.72415 0.85162
v -0.54793 2.70845 0.80814
v -0.56281 2.68320 0.78182
v -0.54627 2.61541 0.78266
v -0.53078 2.64462 0.84411
v -0.52735 2.68365 0.84818
v -0.55202 2.66290 0.81503
v 0.17589 3.04298 -0.00812
v 0.23116 3.03293 -0.00330
v 0.26730 3.02114 0.02604
v 0.30111 3.07741 0.08013
v 0.22470 3.10421 0.05407
v 0.20377 3.08633 0.01473
v 0.24274 3.05927 0.04518
v 0.41807 3.09106 -0.40153
v 0.40930 3.10155 -0.36425
v 0.42004 3.10353 -0.33225
v 0.42325 3.05515 -0.29707
v 0.42023 3.03862 -0.35458
v 0.40942 3.05981 -0.37861
v 0.42501 3.07127 -0.34393
v -0.28092 3.62886 -0.29127
v -0.32433 3.61116 -0.29554
v -0.35775 3.60952 -0.31763
v -0.40456 3.66293 -0.31847
v -0.34212 3.68563 -0.29336
v -0.31428 3.66008 -0.27993
v -0.34800 3.64887 -0.31082
v -0.58063 3.13523 1.01195
v -0.57043 3.07947 1.00785
v -0.54022 3.04501 0.99227
v -0.53533 3.02351 0.90940
v -0.57276 3.10020 0.91776
v -0.59135 3.11495 0.95995
v -0.55033 3.07595 0.95480
v -1.05381 3.02007 -0.33927
v -1.03409 2.98384 -0.36031
v -1.03038 2.96324 -0.39374
v -1.08038 2.91969 -0.41574
v -1.10633 2.96407 -0.36842
v -1.08291 2.98437 -0.34404
v -1.06965 2.96753 -0.38508
v -0.11439 3.36041 -0.86322
v -0.14096 3.33158 -0.87012
v -0.17351 3.32220 -0.86870
v -0.19970 3.30690 -0.81685
v -0.14927 3.33773 -0.80618
v -0.12537 3.34156 -0.82993
v -0.16375 3.33427 -0.83759
v -0.62239 3.40658 -1.10417
v -0.58893 3.42742 -1.09597
v -0.55956 3.44030 -1.10812
v -0.51121 3.40506 -1.11864
v -0.56136 3.37102 -1.11468
v -0.59009 3.38288 -1.10019
v -0.56142 3.40614 -1.11625
v -0.79269 2.55131 1.19592
v -0.75332 2.58221 1.18431
v -0.72876 2.59967 1.15258
v -0.67426 2.55848 1.11595
v -0.72374 2.51098 1.15208
v -0.75009 2.52520 1.18399
v -0.73013 2.55514 1.14731
v -0.09189 3.34086 0.57412
v -0.08010 3.30639 0.55376
v -0.07963 3.28898 0.52278
v -0.13078 3.25983 0.50045
v -0.14721 3.30144 0.54475
v -0.12355 3.31441 0.56788
v -0.11384 3.29903 0.53033
v 0.04063 3.49633 -0.03367
v 0.08532 3.51519 -0.04960
v 0.12311 3.50699 -0.06949
v 0.18028 3.46957 -0.03391
v 0.11378 3.45760 0.00308
v 0.07932 3.48343 -0.00295
v 0.11705 3.47730 -0.03679
v 0.04193 3.56591 -0.30020
v 0.05432 3.52489 -0.32284
v 0.08065 3.49315 -0.32460
v 0.14793 3.50057 -0.35225
v 0.12030 3.56616 -0.33550
v 0.07980 3.57182 -0.32985
v 0.10254 3.52937 -0.32444
v -0.64722 3.19711 -0.03682
v -0.62758 3.25340 -0.02536
v -0.58751 3.28319 -0.01190
v -0.55755 3.28734 0.07456
v -0.60926 3.21266 0.06274
v -0.64156 3.20806 0.02263
v -0.59250 3.24381 0.02325
v -0.84449 3.04762 -0.95556
v -0.87329 3.02402 -0.96723
v -0.89875 3.01960 -0.98813
v -0.95031 3.04691 -0.98028
v -0.90820 3.07390 -0.94922
v -0.87937 3.05893 -0.94221
v -0.90230 3.04961 -0.97238
v -0.47420 2.50407 0.64389
v -0.46757 2.53687 0.60245
v -0.45422 2.57791 0.58843
v -0.50004 2.64308 0.59901
v -0.52428 2.58408 0.64790
v -0.51261 2.54084 0.64067
v -0.48507 2.58283 0.62290
v -0.36508 3.40915 0.58611
v -0.41380 3.40902 0.61257
v -0.45671 3.42840 0.61615
v -0.46838 3.50299 0.65217
v -0.38788 3.49332 0.63156
v -0.36955 3.45076 0.62248
v -0.42330 3.46341 0.61758
v 0.22297 3.84298 -0.45764
v 0.25413 3.88206 -0.44177
v 0.29157 3.90524 -0.44927
v 0.36289 3.87584 -0.43164
v 0.30952 3.81751 -0.43500
v 0.26567 3.82566 -0.43259
v 0.30148 3.86053 -0.44849
v -0.70508 3.35128 -0.58439
v -0.71266 3.32750 -0.53394
v -0.70814 3.33220 -0.48645
v -0.63289 3.32460 -0.44784
v -0.62179 3.33842 -0.53089
v -0.65715 3.33150 -0.56251
v -0.66502 3.34221 -0.50782
v 0.35319 2.67981 -1.80773
v 0.37783 2.65347 -1.85119
v 0.37337 2.63823 -1.89659
v 0.32811 2.56876 -1.91624
v 0.30677 2.59659 -1.83858
v 0.33501 2.62670 -1.81389
v 0.33518 2.62167 -1.87014
v -0.28960 3.53373 -0.42687
v -0.23971 3.54336 -0.40984
v -0.19655 3.55238 -0.42162
v -0.14740 3.49484 -0.45010
v -0.22443 3.47095 -0.45594
v -0.25763 3.49102 -0.43190
v -0.21117 3.51442 -0.44476
v -1.30614 3.20262 -0.22822
v -1.27600 3.17145 -0.24711
v -1.24739 3.16487 -0.27471
v -1.26323 3.15610 -0.34374
v -1.31792 3.18689 -0.30978
v -1.32133 3.18561 -0.26966
v -1.28052 3.18124 -0.29317
v -0.36001 3.62722 -0.93803
v -0.35785 3.61285 -0.89784
v -0.36548 3.61932 -0.86284
v -0.33058 3.66055 -0.82763
v -0.32049 3.67103 -0.89045
v -0.32892 3.64609 -0.91559
v -0.34704 3.64854 -0.87696
v 0.44481 2.67324 -1.48218
v 0.47922 2.64271 -1.45872
v 0.50522 2.60740 -1.46209
v 0.47661 2.53504 -1.45840
v 0.41942 2.58566 -1.47375
v 0.42407 2.62874 -1.46622
v 0.46328 2.59611 -1.47421
v 0.31660 3.26593 -0.81469
v 0.31724 3.27520 -0.76914
v 0.33544 3.29424 -0.73957
v 0.39572 3.27093 -0.71234
v 0.38480 3.24174 -0.77517
v 0.34897 3.24145 -0.79202
v 0.36275 3.27230 -0.76010
v -0.36587 3.67289 -0.65532
v -0.34798 3.71577 -0.63666
v -0.35724 3.75442 -0.62120
v -0.37771 3.81138 -0.66639
v -0.38574 3.74549 -0.70245
v -0.36631 3.71003 -0.68890
v -0.37726 3.74921 -0.65972
v -0.03635 3.28186 -0.74479
v -0.05125 3.32908 -0.73110
v -0.08185 3.36016 -0.73467
v -0.08800 3.40412 -0.79822
v -0.04651 3.34052 -0.81377
v -0.02853 3.31646 -0.78195
v -0.06937 3.34700 -0.77571
v -0.86002 3.67479 0.00061
v -0.90205 3.68487 -0.00539
v -0.93655 3.67206 -0.01066
v -0.95616 3.64847 -0.06891
v -0.89040 3.64993 -0.06609
v -0.87239 3.67064 -0.04103
v -0.91324 3.65606 -0.03621
v -0.50630 3.68461 -0.11621
v -0.51003 3.63303 -0.13077
v -0.53277 3.59360 -0.12604
v -0.52381 3.54691 -0.06039
v -0.49728 3.62194 -0.04500
v -0.48722 3.65125 -0.07867
v -0.52104 3.60980 -0.08359
v -0.52514 2.39903 -1.70195
v -0.46728 2.41253 -1.71571
v -0.41964 2.39419 -1.72533
v -0.36491 2.36402 -1.65779
v -0.45214 2.36729 -1.62869
v -0.48818 2.39523 -1.65358
v -0.43728 2.37375 -1.67943
v -0.28666 3.13159 0.07641
v -0.28424 3.16782 0.10232
v -0.26195 3.19034 0.12329
v -0.24093 3.17212 0.18458
v -0.26222 3.11815 0.15045
v -0.28441 3.12141 0.11978
v -0.25711 3.15340 0.13466
v -0.71392 3.23657 -0.39188
v -0.70313 3.22947 -0.34001
v -0.71370 3.20718 -0.30174
v -0.77911 3.22601 -0.25845
v -0.78564 3.25608 -0.33301
v -0.74937 3.26090 -0.36011
v -0.75244 3.22609 -0.31966
v -0.23743 2.84566 -1.37695
v -0.19221 2.86031 -1.34346
v -0.14512 2.85099 -1.33127
v -0.12321 2.78238 -1.28119
v -0.20368 2.77106 -1.31425
v -0.22985 2.80892 -1.33252
v -0.17184 2.80789 -1.32869
v -1.16515 3.08373 -0.22482
v -1.16445 3.12160 -0.20352
v -1.15791 3.13885 -0.17143
v -1.20042 3.13613 -0.12159
v -1.21273 3.08796 -0.16433
v -1.19969 3.08889 -0.19896
v -1.18190 3.11006 -0.16544
v -0.86490 3.52699 0.03188
v -0.88934 3.52011 -0.00797
v -0.88830 3.51887 -0.04817
v -0.88594 3.57832 -0.08742
v -0.86675 3.59255 -0.02027
v -0.87549 3.56748 0.00997
v -0.87192 3.55448 -0.03531
v -0.26581 2.70866 1.11712
v -0.27253 2.66740 1.13225
v -0.28990 2.64561 1.15788
v -0.26834 2.64178 1.22127
v -0.24308 2.69638 1.19161
v -0.24243 2.70004 1.15393
v -0.27082 2.67405 1.17617
v -0.70510 3.48799 -0.07763
v -0.64770 3.48509 -0.07037
v -0.60891 3.49902 -0.04324
v -0.57536 3.57953 -0.04902
v -0.65615 3.57821 -0.08236
v -0.67807 3.53600 -0.09552
v -0.63550 3.53999 -0.05643
v 0.51710 3.06751 0.34087
v 0.55283 3.05203 0.35937
v 0.58619 3.05966 0.37267
v 0.63689 3.07074 0.33345
v 0.58125 3.07723 0.30040
v 0.54965 3.06332 0.31291
v 0.58330 3.07360 0.33782
v 0.18623 3.81255 -0.68758
v 0.23200 3.81685 -0.67690
v 0.26712 3.79800 -0.67167
v 0.28089 3.76019 -0.61292
v 0.21074 3.77052 -0.61946
v 0.19576 3.79919 -0.64333
v 0.23828 3.77945 -0.64880
v -0.95794 3.58776 -0.09248
v -0.96400 3.63021 -0.09866
v -0.96405 3.65808 -0.12283
v -0.90847 3.68457 -0.14480
v -0.89657 3.62584 -0.11870
v -0.92062 3.60948 -0.09600
v -0.93121 3.63947 -0.12542
v -0.12491 2.87501 1.16329
v -0.15429 2.85744 1.21433
v -0.20015 2.85405 1.23933
v -0.23994 2.92817 1.27835
v -0.17581 2.95505 1.21700
v -0.13864 2.92236 1.19998
v -0.19298 2.90449 1.22245
v -0.83476 3.60869 -0.55353
v -0.79612 3.63551 -0.56176
v -0.77378 3.65522 -0.58946
v -0.73004 3.62014 -0.63471
v -0.77807 3.57451 -0.60637
v -0.79887 3.58363 -0.57263
v -0.77985 3.61597 -0.60218
v 0.11915 3.50584 -0.54527
v 0.07490 3.51880 -0.56021
v 0.05268 3.53904 -0.58850
v 0.04798 3.61200 -0.58864
v 0.10533 3.59061 -0.54864
v 0.10875 3.55195 -0.53459
v 0.08263 3.56480 -0.57333
v -0.64515 4.00879 -0.63818
v -0.68460 3.98825 -0.67996
v -0.72725 3.95998 -0.68910
v -0.72503 3.86793 -0.68977
v -0.65063 3.90103 -0.64680
v -0.63534 3.95035 -0.65278
v -0.69248 3.93068 -0.66130
v -0.50425 3.68715 -0.15502
v -0.46339 3.71027 -0.13719
v -0.44799 3.73999 -0.11057
v -0.45247 3.81391 -0.12658
v -0.50148 3.77502 -0.16930
v -0.49778 3.73279 -0.17495
v -0.47919 3.75791 -0.13564
v -1.17442 2.96095 0.20884
v -1.19909 2.96570 0.17594
v -1.22640 2.95303 0.15760
v -1.22069 2.90313 0.12049
v -1.17299 2.90551 0.16073
v -1.16475 2.93515 0.17795
v -1.20227 2.92661 0.16270
v -0.65324 3.27839 -0.99145
v -0.65302 3.29604 -1.02715
v -0.63540 3.31457 -1.04943
v -0.62740 3.37366 -1.04201
v -0.64392 3.34839 -0.99006
v -0.65850 3.31778 -0.98898
v -0.63500 3.33049 -1.01851
v -0.74134 3.65404 0.04903
v -0.77621 3.62831 0.04061
v -0.79409 3.59617 0.04846
v -0.77270 3.53759 0.02501
v -0.72401 3.58291 0.02123
v -0.73116 3.61978 0.02310
v -0.75731 3.58841 0.03989
v -1.22010 3.43701 -0.47948
v -1.19090 3.46450 -0.47981
v -1.18295 3.49757 -0.48297
v -1.18240 3.52511 -0.53684
v -1.21396 3.47359 -0.54017
v -1.21083 3.44909 -0.51658
v -1.20266 3.48783 -0.51023
v -0.86236 3.74695 -0.22595
v -0.84494 3.74434 -0.18293
v -0.84518 3.75924 -0.14626
v -0.81311 3.81969 -0.13086
v -0.82309 3.81468 -0.20010
v -0.83074 3.77997 -0.21755
v -0.83934 3.78936 -0.17284
v 0.31145 3.42708 -0.13102
v 0.28899 3.39446 -0.13080
v 0.28837 3.36074 -0.13055
v 0.29995 3.32877 -0.17969
v 0.32032 3.38457 -0.18623
v 0.30953 3.40978 -0.16659
v 0.30866 3.37152 -0.15639
v -0.30988 3.51262 0.08694
v -0.31782 3.46592 0.11647
v -0.29923 3.42476 0.13130
v -0.29228 3.35833 0.08001
v -0.30323 3.42863 0.03496
v -0.32039 3.46841 0.05453
v -0.29445 3.42794 0.08290
v -0.02420 3.17726 -0.39488
v -0.00768 3.19967 -0.36084
v 0.02294 3.21431 -0.34499
v 0.06751 3.17639 -0.31371
v 0.02947 3.13899 -0.35317
v -0.00348 3.15125 -0.36610
v 0.02949 3.17740 -0.35333
v -0.40660 3.30869 -0.97684
v -0.38780 3.36471 -0.96166
v -0.35125 3.39330 -0.93826
v -0.34595 3.39935 -0.84656
v -0.39658 3.32631 -0.87054
v -0.41694 3.32165 -0.91812
v -0.36786 3.35534 -0.90476
v -1.20115 3.01499 -0.21273
v -1.17107 3.00179 -0.25557
v -1.13237 3.00964 -0.27913
v -1.12383 3.07514 -0.32678
v -1.18537 3.08634 -0.27461
v -1.20514 3.05110 -0.25267
v -1.15482 3.05051 -0.27221
v -0.63189 3.11002 0.74211
v -0.65360 3.08355 0.79257
v -0.64225 3.06115 0.83803
v -0.61033 2.97500 0.84281
v -0.59983 3.00789 0.75754
v -0.62633 3.04931 0.74083
v -0.61429 3.03744 0.79941
v -0.50246 3.44463 -0.31230
v -0.49172 3.39132 -0.28426
v -0.46232 3.36547 -0.24988
v -0.37695 3.33719 -0.27066
v -0.40400 3.40257 -0.32995
v -0.45423 3.41517 -0.33574
v -0.43058 3.38955 -0.28546
v -0.28583 4.01986 0.11050
v -0.26366 3.96887 0.12212
v -0.23321 3.93398 0.10812
v -0.25288 3.87985 0.04466
v -0.30337 3.94901 0.04106
v -0.30877 3.97853 0.07901
v -0.26371 3.94498 0.07058
v -0.90405 3.42888 -0.94878
v -0.88959 3.47452 -0.96786
v -0.87134 3.51356 -0.95951
v -0.91040 3.56990 -0.92282
v -0.94502 3.50129 -0.91092
v -0.93696 3.46664 -0.93662
v -0.90460 3.50621 -0.93009
v -0.83851 3.08191 0.89697
v -0.79911 3.04046 0.89547
v -0.75491 3.02696 0.88004
v -0.74035 3.00494 0.79787
v -0.81415 3.04927 0.80404
v -0.83719 3.05480 0.84661
v -0.78121 3.04431 0.84128
v -0.38674 3.14629 -1.28922
v -0.35572 3.15479 -1.24333
v -0.35558 3.16168 -1.19610
v -0.37660 3.23616 -1.16202
v -0.40465 3.23172 -1.24166
v -0.38727 3.19982 -1.27262
v -0.38608 3.19380 -1.21692
v -0.62245 3.36346 -0.46648
v -0.56446 3.35995 -0.47981
v -0.52060 3.33565 -0.47187
v -0.47246 3.34832 -0.39696
v -0.55691 3.37667 -0.38458
v -0.58781 3.38632 -0.42369
v -0.54099 3.34950 -0.42602
v -0.55462 3.19729 0.13421
v -0.57934 3.18324 0.17443
v -0.60573 3.15534 0.19129
v -0.67859 3.15676 0.17670
v -0.64153 3.19584 0.12549
v -0.60235 3.20928 0.13212
v -0.62278 3.17068 0.15490
v -0.26245 3.78401 -0.39466
v -0.21428 3.76992 -0.40700
v -0.17593 3.78205 -0.42489
v -0.16675 3.78777 -0.50212
v -0.24262 3.78804 -0.48407
v -0.25715 3.77377 -0.44504
v -0.20935 3.79138 -0.45376
v 0.07300 3.13783 -0.63120
v 0.12773 3.14002 -0.62950
v 0.16541 3.16667 -0.62257
v 0.19205 3.21993 -0.67992
v 0.11368 3.19856 -0.69525
v 0.09447 3.16052 -0.67622
v 0.13713 3.18759 -0.65501
v -0.32368 3.29914 -0.97039
v -0.27830 3.30586 -0.95340
v -0.23774 3.30813 -0.96263
v -0.19769 3.24769 -0.97640
v -0.26961 3.23245 -0.98289
v -0.29879 3.25721 -0.96643
v -0.25374 3.27188 -0.97858
v -0.66651 2.67844 0.76391
v -0.64367 2.65798 0.79705
v -0.61061 2.65575 0.81658
v -0.55544 2.62569 0.79025
v -0.59972 2.64082 0.74073
v -0.63666 2.64838 0.74828
v -0.60300 2.65338 0.77796
v -0.14522 2.87002 1.65679
v -0.15656 2.89468 1.68579
v -0.18248 2.90796 1.70301
v -0.21700 2.95103 1.67966
v -0.18656 2.92322 1.63616
v -0.15918 2.90449 1.64282
v -0.18802 2.91220 1.66903
v 0.26211 3.55818 -0.38625
v 0.25931 3.57051 -0.34453
v 0.23690 3.58009 -0.31651
v 0.20875 3.63945 -0.31354
v 0.22957 3.62737 -0.37475
v 0.25459 3.60091 -0.38197
v 0.22860 3.60135 -0.34698
v -0.28707 3.26545 -0.30074
v -0.27313 3.22446 -0.33522
v -0.28826 3.18847 -0.36164
v -0.31068 3.11554 -0.32771
v -0.30995 3.17529 -0.26937
v -0.28708 3.21599 -0.27591
v -0.30559 3.18360 -0.31679
v 0.24738 3.09880 -0.33221
v 0.25767 3.10769 -0.29256
v 0.28409 3.11304 -0.26914
v 0.31756 3.06498 -0.24525
v 0.28734 3.04647 -0.29765
v 0.25976 3.06489 -0.31089
v 0.28963 3.08125 -0.28643
v -0.38760 3.13212 0.49982
v -0.42918 3.16794 0.51451
v -0.45865 3.18330 0.54968
v -0.52731 3.13802 0.57386
v -0.47295 3.08807 0.53029
v -0.43837 3.10672 0.50204
v -0.46227 3.13397 0.54580
v -0.97410 3.07269 0.21434
v -0.92104 3.05961 0.19582
v -0.88183 3.07433 0.17012
v -0.88145 3.07396 0.08306
v -0.96324 3.07009 0.11261
v -0.97338 3.05689 0.15885
v -0.92309 3.07931 0.14162
v 0.06382 3.46375 -0.87217
v 0.03095 3.44248 -0.89925
v -0.00847 3.43482 -0.90481
v -0.04336 3.38604 -0.86530
v 0.01788 3.40484 -0.83283
v 0.04789 3.42321 -0.85298
v 0.00212 3.42431 -0.86601
v -0.38308 3.44451 -0.15695
v -0.40957 3.45769 -0.10310
v -0.44284 3.44206 -0.06586
v -0.53468 3.44651 -0.07763
v -0.49178 3.45169 -0.15964
v -0.44103 3.46388 -0.16339
v -0.46726 3.43933 -0.11355
v -0.85865 3.18595 -0.38564
v -0.85487 3.15789 -0.35858
v -0.83387 3.13868 -0.34116
v -0.80715 3.09192 -0.36550
v -0.82757 3.12787 -0.40772
v -0.85082 3.15094 -0.40137
v -0.82664 3.13588 -0.37448
v -0.20860 3.33528 -0.02732
v -0.21479 3.31660 -0.06275
v -0.21235 3.28713 -0.08057
v -0.15879 3.26695 -0.10209
v -0.14947 3.30866 -0.05835
v -0.17437 3.33044 -0.04847
v -0.18100 3.29443 -0.06585
v -1.32699 3.18630 0.49651
v -1.34952 3.21645 0.53658
v -1.38869 3.22781 0.55958
v -1.44540 3.27856 0.52661
v -1.39556 3.24912 0.46721
v -1.35393 3.23016 0.47720
v -1.39604 3.23300 0.51242
v -0.87890 2.94023 0.94083
v -0.91114 2.97014 0.92680
v -0.94913 2.98021 0.92771
v -0.99691 2.94615 0.89019
v -0.93919 2.90762 0.89606
v -0.90475 2.92348 0.90645
v -0.94595 2.94155 0.91675
v 0.11365 3.06826 -0.39023
v 0.10038 3.11295 -0.40346
v 0.10827 3.15338 -0.40088
v 0.09167 3.19200 -0.34106
v 0.09266 3.12060 -0.32537
v 0.09034 3.09188 -0.35491
v 0.10631 3.13710 -0.36187
v -0.75853 3.53051 -0.50248
v -0.75791 3.52776 -0.54672
v -0.73841 3.53426 -0.57840
v -0.73244 3.59577 -0.60399
v -0.75139 3.59928 -0.53994
v -0.76625 3.56956 -0.52200
v -0.73972 3.56675 -0.55740
v 0.26609 3.13016 -0.76483
v 0.31099 3.10623 -0.73522
v 0.36056 3.09891 -0.73317
v 0.40112 3.03942 -0.78518
v 0.32079 3.05872 -0.81781
v 0.28543 3.08040 -0.78963
v 0.34326 3.08440 -0.77936
v -1.00941 3.27086 0.56131
v -1.01078 3.29349 0.51188
v -0.99337 3.32589 0.48375
v -1.01404 3.40494 0.49108
v -1.03263 3.36446 0.55997
v -1.03602 3.31828 0.56088
v -1.00690 3.34624 0.52446
v -0.20469 3.01977 1.30942
v -0.17077 3.01432 1.34718
v -0.15865 3.02663 1.38709
v -0.12417 3.09432 1.39981
v -0.15946 3.09508 1.33135
v -0.17129 3.05832 1.31135
v -0.16448 3.06285 1.36175
v -1.33690 3.21412 0.23207
v -1.35693 3.15983 0.23197
v -1.36708 3.11972 0.25875
v -1.30409 3.06609 0.28667
v -1.26994 3.14314 0.26388
v -1.29448 3.17489 0.23526
v -1.31950 3.13414 0.26785
v -0.98007 3.57900 -0.34823
v -1.01227 3.59030 -0.32035
v -1.02240 3.61177 -0.29128
v -1.00319 3.59780 -0.22918
v -0.96458 3.56572 -0.27278
v -0.97510 3.56069 -0.30846
v -0.99004 3.59294 -0.28239
v -1.12396 3.32425 0.48432
v -1.14876 3.28706 0.45443
v -1.18147 3.25506 0.45270
v -1.17189 3.18243 0.48754
v -1.11830 3.23519 0.51795
v -1.10815 3.27429 0.49638
v -1.15412 3.24713 0.49003
v -1.13158 3.11150 1.03075
v -1.16479 3.14821 1.05942
v -1.17377 3.19482 1.07038
v -1.12530 3.23821 1.12710
v -1.08336 3.16782 1.10001
v -1.10666 3.13085 1.07847
v -1.12574 3.18476 1.07971
v 0.19660 3.68693 -0.35151
v 0.16874 3.71220 -0.38293
v 0.14003 3.71044 -0.41318
v 0.15754 3.69062 -0.48223
v 0.21067 3.66928 -0.43545
v 0.21415 3.68574 -0.39725
v 0.17261 3.68457 -0.42323
v -0.37197 3.74997 -0.85971
v -0.38811 3.78778 -0.85231
v -0.41741 3.80664 -0.84514
v -0.45997 3.81990 -0.88969
v -0.42328 3.77216 -0.90833
v -0.39188 3.76561 -0.89293
v -0.42343 3.78589 -0.87454
v -0.32574 3.26182 -1.47135
v -0.32229 3.21616 -1.48340
v -0.30899 3.18945 -1.51053
v -0.34269 3.17915 -1.57267
v -0.36278 3.24137 -1.54389
v -0.35687 3.24954 -1.50485
v -0.33150 3.21829 -1.52979
v -1.04518 3.06685 0.30966
v -1.07358 3.07566 0.28329
v -1.08339 3.09609 0.25814
v -1.10327 3.15168 0.26866
v -1.07294 3.13131 0.31621
v -1.06686 3.09830 0.32062
v -1.07389 3.11535 0.28541
v -0.60421 3.22095 0.78047
v -0.62373 3.25532 0.80355
v -0.65550 3.26802 0.82223
v -0.71169 3.28904 0.78806
v -0.67152 3.25114 0.74660
v -0.63403 3.24447 0.75493
v -0.66600 3.25477 0.78602
v -0.60890 3.63628 -0.13631
v -0.56727 3.61489 -0.17193
v -0.53307 3.57906 -0.17941
v -0.45544 3.57902 -0.13643
v -0.51336 3.63172 -0.09468
v -0.55460 3.64874 -0.11746
v -0.52578 3.59990 -0.13304
v -0.99299 3.15089 -0.71243
v -1.00549 3.11109 -0.74398
v -1.03786 3.09013 -0.76627
v -1.09005 3.04367 -0.72962
v -1.05451 3.09095 -0.67740
v -1.01620 3.11162 -0.68685
v -1.05055 3.09522 -0.72270
v -0.17330 3.54701 -0.43521
v -0.20786 3.52851 -0.39317
v -0.25381 3.51862 -0.37949
v -0.30986 3.58161 -0.35919
v -0.24345 3.61427 -0.40441
v -0.20120 3.59000 -0.40919
v -0.25185 3.56517 -0.39814
v -1.00209 3.48377 0.16963
v -0.99718 3.45333 0.13501
v -0.97237 3.43612 0.10957
v -0.94878 3.46963 0.05290
v -0.97425 3.51556 0.09909
v -0.99839 3.50439 0.12828
v -0.96827 3.47631 0.10700
v -0.65377 3.55575 0.23735
v -0.67117 3.59960 0.20190
v -0.68108 3.64870 0.19773
v -0.75605 3.68418 0.23010
v -0.74145 3.60454 0.26713
v -0.70998 3.57121 0.24651
v -0.70723 3.62951 0.23777
v -0.38775 3.89591 0.10278
v -0.38916 3.87143 0.15736
v -0.41781 3.85905 0.19765
v -0.44546 3.92115 0.25705
v -0.41956 3.96102 0.18031
v -0.39029 3.93699 0.14621
v -0.42543 3.90942 0.18603
v -0.66132 3.35916 0.48087
v -0.64783 3.35911 0.53495
v -0.66226 3.36769 0.57935
v -0.66881 3.44599 0.60932
v -0.66643 3.44734 0.52527
v -0.65051 3.41032 0.50018
v -0.67118 3.40683 0.55182
v -0.41997 3.04617 0.84575
v -0.39847 3.07469 0.80477
v -0.40652 3.09824 0.76572
v -0.42301 3.06006 0.69502
v -0.43468 3.00889 0.75805
v -0.41658 3.01725 0.79984
v -0.42698 3.05551 0.76264
v -0.08855 3.45480 -0.06899
v -0.08995 3.49901 -0.08035
v -0.09988 3.52529 -0.10726
v -0.06198 3.53513 -0.16395
v -0.04635 3.47445 -0.13527
v -0.05554 3.46633 -0.09836
v -0.07716 3.49720 -0.12415
v -0.28128 3.34311 -0.86580
v -0.31329 3.38508 -0.87105
v -0.35591 3.39990 -0.87333
v -0.40003 3.39095 -0.93950
v -0.33749 3.34103 -0.94122
v -0.30145 3.34724 -0.91469
v -0.35001 3.36578 -0.90411
v -1.00995 3.09817 -0.45666
v -1.03223 3.04770 -0.45189
v -1.07169 3.02251 -0.44613
v -1.10930 3.01626 -0.37179
v -1.05699 3.08141 -0.37209
v -1.02278 3.08556 -0.40429
v -1.06916 3.05618 -0.41151
v -0.49725 3.22128 -0.27201
v -0.51805 3.17471 -0.29172
v -0.53789 3.13377 -0.28177
v -0.49397 3.07028 -0.25271
v -0.45203 3.14062 -0.24281
v -0.46286 3.17911 -0.26667
v -0.49778 3.13836 -0.25627
v -0.38458 3.59632 -0.32245
v -0.38082 3.55635 -0.34202
v -0.35810 3.52686 -0.34980
v -0.31089 3.53024 -0.39777
v -0.33044 3.59227 -0.38013
v -0.36305 3.59840 -0.36152
v -0.34052 3.55985 -0.36093
v -0.94661 3.91982 -0.61688
v -0.92157 3.91290 -0.67069
v -0.88200 3.92377 -0.70079
v -0.87279 4.00465 -0.73954
v -0.93099 4.00967 -0.67087
v -0.95306 3.96812 -0.65145
v -0.90111 3.96809 -0.68097
v -0.25124 3.44613 -0.23125
v -0.27806 3.41442 -0.21314
v -0.31422 3.40189 -0.20813
v -0.35660 3.43146 -0.16338
v -0.30443 3.47332 -0.17750
v -0.27177 3.46034 -0.19345
v -0.31200 3.43984 -0.19719
v -1.02784 3.17965 -0.45510
v -0.99529 3.14043 -0.42486
v -0.97353 3.09488 -0.42487
v -1.02117 3.02007 -0.41348
v -1.07505 3.08755 -0.43671
v -1.06055 3.13571 -0.43247
v -1.02336 3.08990 -0.43793
v -0.52466 3.02053 -0.19879
v -0.57462 3.00816 -0.16989
v -0.59852 2.97628 -0.13920
v -0.63035 2.89835 -0.16829
v -0.57007 2.93009 -0.22567
v -0.55634 2.97846 -0.22547
v -0.57879 2.94996 -0.17890
v -0.24735 3.77746 -1.06403
v -0.29983 3.77173 -1.03523
v -0.34958 3.78391 -1.03426
v -0.37805 3.86598 -1.00805
v -0.28986 3.86889 -1.02921
v -0.26144 3.82636 -1.03198
v -0.32117 3.82784 -1.03888
v 0.35428 3.34241 -0.11233
v 0.41282 3.33339 -0.10837
v 0.45409 3.31410 -0.13030
v 0.47018 3.22598 -0.13097
v 0.38385 3.24135 -0.11270
v 0.36767 3.28663 -0.09705
v 0.41716 3.27775 -0.12861
v -0.57872 3.38983 -0.31069
v -0.55887 3.36152 -0.27230
v -0.55447 3.35665 -0.22879
v -0.50533 3.40081 -0.18743
v -0.51973 3.43418 -0.25639
v -0.53654 3.41136 -0.29004
v -0.54220 3.39851 -0.24032
v -0.92876 3.23687 -0.47963
v -0.90411 3.22709 -0.51424
v -0.88742 3.23969 -0.54492
v -0.92129 3.25283 -0.59976
v -0.96202 3.25004 -0.54818
v -0.95207 3.23374 -0.51633
v -0.92404 3.25009 -0.54545
v -0.61756 3.73845 0.03021
v -0.61256 3.71602 0.06166
v -0.60537 3.68576 0.07319
v -0.64476 3.64216 0.07209
v -0.66081 3.68479 0.03497
v -0.64820 3.71540 0.03708
v -0.63057 3.68335 0.05047
v -1.01931 3.30277 -0.84864
v -0.99856 3.27296 -0.86662
v -0.96772 3.25822 -0.87148
v -0.92594 3.28272 -0.90883
v -0.96800 3.32458 -0.89404
v -0.99874 3.31561 -0.88112
v -0.96533 3.29280 -0.87867
v -1.27220 3.21898 -0.34763
v -1.26971 3.22528 -0.39217
v -1.27490 3.24961 -0.42138
v -1.33689 3.26409 -0.44522
v -1.34154 3.23682 -0.38313
v -1.31255 3.21705 -0.36758
v -1.30776 3.24818 -0.39979
v -1.33343 3.21730 -0.07116
v -1.33884 3.24972 -0.04400
v -1.32556 3.28097 -0.03113
v -1.27619 3.28226 0.01009
v -1.27870 3.22524 -0.01959
v -1.30872 3.21390 -0.03658
v -1.29913 3.25480 -0.02934
v -0.73108 3.72270 0.05249
v -0.68791 3.72201 0.02264
v -0.66834 3.73629 -0.01493
v -0.68628 3.70526 -0.08555
v -0.74296 3.68792 -0.03304
v -0.73588 3.69092 0.01100
v -0.70889 3.71757 -0.02527
v -0.52139 3.66917 -0.06063
v -0.48480 3.63014 -0.06369
v -0.47105 3.59248 -0.08551
v -0.50753 3.52121 -0.07430
v -0.55543 3.58120 -0.04894
v -0.53904 3.62289 -0.04018
v -0.51594 3.58759 -0.07322
v 0.47001 3.44158 -0.27673
v 0.48857 3.40806 -0.26948
v 0.48719 3.37822 -0.25497
v 0.49325 3.37184 -0.19679
v 0.48024 3.42774 -0.20974
v 0.48410 3.43989 -0.24041
v 0.47898 3.40213 -0.23215
v -0.49414 3.59363 -0.20457
v -0.51339 3.63723 -0.20889
v -0.51931 3.67365 -0.19156
v -0.56799 3.68320 -0.13908
v -0.55253 3.61302 -0.14608
v -0.53474 3.59826 -0.17966
v -0.53140 3.64370 -0.16503
v 0.05912 3.00024 -0.33414
v 0.08817 2.97031 -0.35027
v 0.12219 2.95368 -0.34619
v 0.17934 2.98534 -0.36300
v 0.12930 3.03004 -0.35596
v 0.09274 3.01940 -0.35654
v 0.12674 2.99246 -0.34567
v -0.72966 3.81156 -0.27279
v -0.70515 3.86353 -0.27537
v -0.66401 3.88960 -0.27005
v -0.63288 3.91012 -0.19169
v -0.68946 3.84465 -0.18506
v -0.72150 3.83463 -0.22074
v -0.67167 3.86225 -0.22862
v -0.24283 2.84271 -1.36185
v -0.21867 2.88040 -1.32390
v -0.17924 2.89098 -1.29507
v -0.16551 2.84955 -1.21803
v -0.22229 2.80326 -1.26775
v -0.24635 2.82401 -1.30634
v -0.19541 2.84348 -1.28466
v -0.68054 3.63737 -0.45068
v -0.73169 3.63807 -0.47969
v -0.76707 3.66618 -0.50131
v -0.82694 3.71077 -0.45333
v -0.75788 3.68809 -0.40243
v -0.72578 3.65215 -0.41613
v -0.75886 3.68321 -0.45355
v -0.29697 3.41886 1.29353
v -0.26788 3.40253 1.26271
v -0.23119 3.40116 1.25054
v -0.20241 3.45353 1.21703
v -0.25864 3.47472 1.24995
v -0.28553 3.44982 1.26233
v -0.24203 3.43905 1.25493
v 0.40716 3.39602 -0.46582
v 0.39360 3.42851 -0.43893
v 0.40184 3.45027 -0.40923
v 0.39874 3.42692 -0.34667
v 0.40130 3.37612 -0.39003
v 0.39325 3.38084 -0.42659
v 0.40704 3.41316 -0.39961
v -1.11010 3.64804 -0.23556
v -1.16525 3.63991 -0.23517
v -1.20355 3.62706 -0.26013
v -1.23928 3.67880 -0.31600
v -1.16108 3.70451 -0.29871
v -1.13795 3.68970 -0.25998
v -1.17962 3.66184 -0.28437
v -0.65362 3.75338 -0.17486
v -0.60788 3.75620 -0.16758
v -0.57872 3.77391 -0.14764
v -0.55698 3.83844 -0.16388
v -0.62024 3.82674 -0.19145
v -0.63457 3.79017 -0.19575
v -0.60214 3.80216 -0.16481
v 0.13842 3.13210 -0.90107
v 0.13752 3.13815 -0.84099
v 0.11387 3.12586 -0.79700
v 0.03543 3.16508 -0.77226
v 0.04967 3.17712 -0.86145
v 0.09625 3.17110 -0.88243
v 0.07837 3.14507 -0.83094
v -0.07987 3.61960 -0.49130
v -0.11742 3.60719 -0.51409
v -0.14410 3.57954 -0.51998
v -0.13023 3.52324 -0.55713
v -0.07164 3.55355 -0.53737
v -0.07084 3.59048 -0.52526
v -0.10774 3.56367 -0.52384
v -0.00664 3.56411 0.03538
v -0.01399 3.55313 -0.00887
v -0.04011 3.55083 -0.03818
v -0.08715 3.49953 -0.04135
v -0.06131 3.50435 0.02318
v -0.02762 3.52325 0.03058
v -0.05465 3.53142 -0.00596
v -0.28595 3.36298 0.27205
v -0.32427 3.33852 0.24650
v -0.36067 3.31326 0.24967
v -0.35626 3.23611 0.26453
v -0.28866 3.27131 0.28410
v -0.27798 3.31156 0.26863
v -0.32675 3.29358 0.27284
v -0.77704 2.96675 -0.17438
v -0.76444 2.93020 -0.18303
v -0.76359 2.89778 -0.17369
v -0.72768 2.87866 -0.12988
v -0.73432 2.93798 -0.12657
v -0.74563 2.95604 -0.15274
v -0.75293 2.91748 -0.14731
v -0.25509 3.19706 -1.24783
v -0.21611 3.18216 -1.24186
v -0.18383 3.17613 -1.25636
v -0.17373 3.12782 -1.29646
v -0.23601 3.13989 -1.29206
v -0.24966 3.15887 -1.26481
v -0.20973 3.16152 -1.27805
v -0.37424 3.78319 -0.38060
v -0.33829 3.76273 -0.34126
v -0.30280 3.77284 -0.30961
v -0.22187 3.78705 -0.33542
v -0.27602 3.79555 -0.40185
v -0.32108 3.77733 -0.40055
v -0.29048 3.79103 -0.35436
v -0.02040 3.59860 0.30624
v 0.02470 3.60872 0.27604
v 0.07082 3.61793 0.27630
v 0.10025 3.69337 0.29588
v 0.02177 3.68545 0.32268
v -0.00683 3.65212 0.30585
v 0.04830 3.64905 0.30545
v -0.42227 3.62953 -0.39093
v -0.42463 3.59009 -0.36227
v -0.40899 3.55257 -0.35358
v -0.42446 3.49368 -0.39500
v -0.43985 3.55542 -0.43207
v -0.44447 3.59193 -0.41273
v -0.41882 3.55437 -0.39502
v -0.58201 3.66702 -0.03920
v -0.54333 3.66397 -0.02276
v -0.51902 3.67832 -0.00059
v -0.48555 3.72995 -0.01664
v -0.53685 3.72474 -0.05385
v -0.55479 3.69381 -0.05700
v -0.53089 3.70422 -0.02389
v -0.46167 3.49681 -0.31582
v -0.42849 3.53363 -0.33797
v -0.42158 3.56334 -0.37271
v -0.39940 3.53786 -0.44732
v -0.43050 3.47544 -0.40437
v -0.43423 3.47712 -0.35832
v -0.43228 3.52075 -0.39056
v -0.49196 3.66809 0.21375
v -0.52168 3.66809 0.17430
v -0.52464 3.67291 0.13262
v -0.52274 3.74026 0.10078
v -0.49537 3.74390 0.16999
v -0.50286 3.71372 0.19833
v -0.50436 3.70707 0.14941
v -0.64367 3.78907 -0.29194
v -0.64293 3.75024 -0.24948
v -0.66189 3.73634 -0.20647
v -0.64049 3.77598 -0.13224
v -0.61976 3.82625 -0.19994
v -0.61584 3.80804 -0.24528
v -0.64726 3.78431 -0.20330
v -1.60495 3.13208 0.23046
v -1.60467 3.16993 0.24355
v -1.62170 3.19444 0.26008
v -1.66712 3.22462 0.23404
v -1.65624 3.17340 0.20387
v -1.62688 3.15641 0.20741
v -1.64206 3.18133 0.23484
v -0.37722 4.14217 0.25631
v -0.41192 4.13384 0.29321
v -0.45141 4.11796 0.30321
v -0.51632 4.15655 0.28601
v -0.45726 4.18377 0.24395
v -0.41568 4.17615 0.25511
v -0.45532 4.14663 0.26897
v -0.16604 3.51280 -0.69292
v -0.18515 3.54383 -0.72337
v -0.20474 3.57891 -0.72791
v -0.27481 3.58492 -0.71423
v -0.24867 3.52586 -0.68324
v -0.21339 3.50972 -0.69465
v -0.22526 3.55529 -0.70070
v -0.30958 3.44214 -0.21701
v -0.29721 3.46082 -0.25177
v -0.28624 3.45675 -0.28499
v -0.22807 3.43854 -0.29828
v -0.24170 3.42504 -0.23892
v -0.26858 3.44043 -0.22215
v -0.26591 3.43635 -0.26321
v -0.04808 2.87657 -1.30805
v -0.05709 2.82969 -1.27361
v -0.05608 2.77970 -1.26993
v -0.11943 2.72899 -1.30603
v -0.12097 2.81008 -1.34222
v -0.09880 2.84923 -1.32008
v -0.08370 2.79303 -1.31119
v -0.95885 3.07951 0.39649
v -0.98882 3.05421 0.36956
v -0.99783 3.01789 0.35400
v -0.96190 2.99090 0.29801
v -0.92413 3.04390 0.32831
v -0.94145 3.07093 0.35304
v -0.95837 3.02721 0.34491
v 0.03535 3.75255 -0.72492
v 0.03617 3.77530 -0.76255
v 0.02876 3.80785 -0.77953
v -0.03317 3.82555 -0.79546
v -0.03426 3.77718 -0.75006
v -0.00435 3.75558 -0.74360
v -0.00255 3.79606 -0.76069
v -0.02494 3.54736 -0.15930
v -0.04856 3.57441 -0.13151
v -0.06082 3.58070 -0.09537
v -0.11264 3.54505 -0.06823
v -0.08778 3.51237 -0.12307
v -0.06589 3.53048 -0.14931
v -0.07050 3.54379 -0.10614
v -0.11923 2.95457 -1.01743
v -0.15710 2.95172 -1.04509
v -0.19020 2.93121 -1.05435
v -0.18743 2.87069 -1.09116
v -0.12364 2.88566 -1.06409
v -0.11432 2.92244 -1.05136
v -0.15810 2.90565 -1.05427
v -0.37609 2.77521 0.99996
v -0.38315 2.82249 1.00617
v -0.38405 2.85378 1.03276
v -0.43992 2.86363 1.07828
v -0.44024 2.79553 1.05272
v -0.41927 2.78505 1.01901
v -0.40860 2.82273 1.04712
v -0.10265 3.54349 -0.92035
v -0.08501 3.51385 -0.89830
v -0.08271 3.49816 -0.86724
v -0.05190 3.52370 -0.82018
v -0.06470 3.56648 -0.86287
v -0.07343 3.55777 -0.89549
v -0.07819 3.53337 -0.86296
v -0.60409 3.18447 -0.28536
v -0.62511 3.14288 -0.30393
v -0.62171 3.11058 -0.33170
v -0.63439 3.12026 -0.40570
v -0.62217 3.18716 -0.37245
v -0.62541 3.19211 -0.33013
v -0.61582 3.14845 -0.35292
v -0.54858 3.92462 0.33607
v -0.51691 3.91837 0.37955
v -0.47867 3.89922 0.39686
v -0.47541 3.81991 0.41628
v -0.53845 3.83397 0.36622
v -0.55533 3.87643 0.35985
v -0.50479 3.86570 0.37609
v -0.19695 3.40948 0.02959
v -0.21486 3.36224 0.04409
v -0.24937 3.33373 0.04387
v -0.31165 3.34336 0.09200
v -0.27085 3.41112 0.08639
v -0.22867 3.41199 0.07142
v -0.26349 3.37434 0.05993
v -0.24448 3.61445 -1.19810
v -0.26559 3.64423 -1.16918
v -0.30007 3.65741 -1.15466
v -0.34209 3.69965 -1.19192
v -0.29618 3.66766 -1.23443
v -0.26309 3.65082 -1.22046
v -0.30161 3.65802 -1.19529
v -1.42449 3.35119 -0.05794
v -1.45112 3.33038 -0.08219
v -1.45641 3.30194 -0.10265
v -1.43262 3.29814 -0.16059
v -1.40274 3.34261 -0.12791
v -1.41662 3.35652 -0.09843
v -1.42616 3.31891 -0.11343
v 0.17735 3.04542 -0.25265
v 0.19753 3.02571 -0.20153
v 0.20726 2.98590 -0.17336
v 0.14318 2.94141 -0.13242
v 0.10918 2.99112 -0.19671
v 0.13448 3.02906 -0.21654
v 0.15911 2.98330 -0.18994
v -0.42674 3.63296 -0.01963
v -0.37801 3.62643 -0.02862
v -0.33844 3.62856 -0.01305
v -0.30279 3.69444 -0.00434
v -0.37701 3.70588 -0.01125
v -0.40280 3.67614 -0.02746
v -0.35864 3.66662 -0.00607
v -0.12604 3.56096 -0.55385
v -0.13199 3.56626 -0.61382
v -0.12004 3.59342 -0.65595
v -0.16075 3.67289 -0.67491
v -0.17272 3.65174 -0.58692
v -0.16586 3.60376 -0.56945
v -0.14002 3.62596 -0.61944
v -0.37105 2.89267 1.50957
v -0.33396 2.90047 1.52559
v -0.30722 2.92302 1.52774
v -0.26619 2.92942 1.48160
v -0.31763 2.90167 1.46069
v -0.34066 2.88676 1.48248
v -0.31464 2.91679 1.49314
v 0.19542 3.48248 0.43978
v 0.17433 3.53078 0.45841
v 0.17469 3.57826 0.45485
v 0.23702 3.62465 0.48766
v 0.26162 3.54434 0.48006
v 0.23020 3.50898 0.47461
v 0.22042 3.56230 0.46101
v -0.14066 3.47733 -0.05064
v -0.13451 3.43894 -0.04075
v -0.11983 3.40931 -0.04935
v -0.14280 3.37385 -0.09269
v -0.16512 3.42989 -0.09769
v -0.16362 3.45217 -0.07183
v -0.13872 3.42106 -0.07641
v -0.20087 3.61283 -0.36968
v -0.18936 3.64233 -0.41417
v -0.16137 3.64778 -0.45091
v -0.08568 3.67941 -0.44332
v -0.11318 3.65394 -0.36996
v -0.15838 3.64628 -0.36213
v -0.13487 3.64463 -0.41139
v -0.22828 3.50283 -0.21896
v -0.18898 3.48163 -0.20734
v -0.14995 3.48456 -0.20392
v -0.10810 3.48229 -0.25950
v -0.17334 3.49641 -0.27926
v -0.20402 3.48925 -0.25577
v -0.16087 3.49609 -0.24094
v 0.06571 3.76555 -0.03943
v 0.04852 3.72674 -0.04282
v 0.02802 3.70438 -0.06269
v -0.03596 3.70991 -0.06452
v -0.00974 3.76424 -0.04243
v 0.02424 3.76523 -0.02979
v 0.00967 3.73628 -0.05741
v 0.32470 3.88229 -0.51309
v 0.28817 3.85081 -0.51356
v 0.27696 3.81132 -0.51196
v 0.28449 3.76710 -0.56926
v 0.32623 3.82612 -0.57758
v 0.31984 3.86032 -0.55575
v 0.30617 3.81619 -0.54191
v -1.16371 3.46125 -0.18324
v -1.13927 3.48712 -0.15453
v -1.10637 3.50721 -0.14890
v -1.04647 3.47564 -0.13561
v -1.09131 3.43085 -0.16290
v -1.12959 3.43804 -0.16353
v -1.09726 3.47031 -0.16117
v -0.63384 2.75317 0.96518
v -0.66495 2.72956 0.98820
v -0.68433 2.69631 0.99131
v -0.73611 2.68084 0.94939
v -0.69813 2.73088 0.92233
v -0.67382 2.75178 0.94385
v -0.68780 2.70995 0.95431
v -0.71200 2.56507 -1.60904
v -0.74125 2.57851 -1.58191
v -0.76249 2.60558 -1.57183
v -0.73983 2.65573 -1.54012
v -0.69227 2.62438 -1.56820
v -0.69611 2.59060 -1.57958
v -0.72789 2.61772 -1.57441
v 0.32993 3.72688 -0.42533
v 0.32209 3.73144 -0.46723
v 0.33622 3.73283 -0.50087
v 0.36722 3.78529 -0.52254
v 0.36358 3.78674 -0.45798
v 0.33968 3.76609 -0.43966
v 0.35441 3.75707 -0.47889
v -0.28875 3.02822 -0.46149
v -0.25507 3.03433 -0.41411
v -0.21894 3.06045 -0.39195
v -0.13440 3.05174 -0.41545
v -0.18687 3.01997 -0.47881
v -0.23445 3.00831 -0.46995
v -0.20344 3.04666 -0.43858
v 0.08107 3.44936 -0.86162
v 0.08756 3.47956 -0.89355
v 0.10230 3.51320 -0.90263
v 0.07266 3.57060 -0.88477
v 0.04917 3.52002 -0.84758
v 0.05341 3.48394 -0.85816
v 0.07970 3.51723 -0.87136
v 0.23878 2.96751 -1.48743
v 0.28729 2.97529 -1.50549
v 0.31250 2.98896 -1.53963
v 0.32371 2.94394 -1.60353
v 0.26076 2.91854 -1.56318
v 0.25402 2.93003 -1.52063
v 0.28265 2.95773 -1.55458
v 0.25649 3.14424 0.00220
v 0.28254 3.12023 0.03906
v 0.31989 3.11756 0.06128
v 0.38303 3.08553 0.03067
v 0.33290 3.10374 -0.02505
v 0.29091 3.11135 -0.01644
v 0.32875 3.11648 0.01754
v -1.38033 3.01085 -0.19259
v -1.42052 3.00307 -0.19711
v -1.44793 2.98384 -0.18669
v -1.45522 2.92488 -0.20487
v -1.39640 2.94281 -0.21370
v -1.38739 2.97669 -0.21448
v -1.42081 2.96192 -0.19550
v 0.01678 3.50795 -1.24493
v 0.07650 3.50152 -1.24871
v 0.12019 3.51920 -1.26883
v 0.14283 3.50307 -1.35527
v 0.05397 3.48892 -1.34315
v 0.03392 3.48206 -1.29648
v 0.08544 3.51116 -1.30743
v 0.33746 3.48267 -0.42890
v 0.30852 3.45284 -0.40877
v 0.28624 3.42072 -0.41316
v 0.22482 3.42299 -0.44599
v 0.26269 3.47920 -0.46217
v 0.29338 3.49043 -0.44028
v 0.27697 3.44730 -0.44205
v -0.99028 3.45420 -0.03449
v -0.94923 3.45419 -0.05807
v -0.92255 3.47588 -0.07914
v -0.93467 3.49459 -0.14701
v -0.99589 3.47559 -0.11550
v -0.99638 3.45400 -0.08144
v -0.96020 3.48117 -0.09539
v -0.33788 3.09667 0.14189
v -0.34618 3.04055 0.14783
v -0.36337 2.99980 0.12774
v -0.44775 2.98337 0.12399
v -0.43458 3.06717 0.13845
v -0.39196 3.08386 0.15472
v -0.39865 3.03492 0.12621
v -0.82530 2.50794 1.11317
v -0.79355 2.54425 1.11637
v -0.75470 2.55651 1.11042
v -0.70107 2.53725 1.15595
v -0.75851 2.49320 1.16486
v -0.79600 2.50356 1.15137
v -0.75469 2.52110 1.13341
v -0.57069 3.58006 -1.51461
v -0.54153 3.55101 -1.53855
v -0.50476 3.54595 -1.55489
v -0.48644 3.57711 -1.61697
v -0.54412 3.60965 -1.58911
v -0.56684 3.59196 -1.56055
v -0.52113 3.58153 -1.56888
v -1.02112 3.48811 0.66917
v -1.05645 3.46060 0.64276
v -1.09928 3.45040 0.63801
v -1.13570 3.40149 0.68735
v -1.06929 3.42787 0.71969
v -1.03717 3.44612 0.69527
v -1.08723 3.44427 0.68135
v 0.07658 3.37686 0.29101
v 0.05023 3.41962 0.29611
v 0.02157 3.44639 0.27848
v 0.04071 3.49420 0.22236
v 0.09279 3.43895 0.22856
v 0.09602 3.41484 0.26402
v 0.05405 3.43894 0.24962
v -0.74184 3.77145 -0.31458
v -0.68333 3.78393 -0.30705
v -0.63795 3.76749 -0.28948
v -0.61863 3.76658 -0.20058
v -0.70857 3.77246 -0.21294
v -0.72872 3.78712 -0.25785
v -0.67402 3.76257 -0.25143
v -0.02941 3.65916 -0.55363
v -0.06236 3.70562 -0.54071
v -0.07430 3.75251 -0.55225
v -0.02175 3.82012 -0.53141
v 0.02341 3.74452 -0.52800
v 0.00045 3.70048 -0.52512
v -0.02368 3.74891 -0.54711
v -0.28146 3.74565 -1.11435
v -0.24323 3.75738 -1.08542
v -0.22070 3.78826 -1.06790
v -0.17174 3.82817 -1.10736
v -0.21898 3.79320 -1.15309
v -0.24213 3.76056 -1.14018
v -0.22383 3.79534 -1.11031
v -0.44428 3.53276 -1.26716
v -0.44458 3.55822 -1.23539
v -0.42858 3.58430 -1.21909
v -0.37788 3.57517 -1.18564
v -0.38707 3.52762 -1.22341
v -0.41790 3.52178 -1.23817
v -0.40523 3.55814 -1.22497
v -0.25183 3.40692 -0.47650
v -0.23220 3.39254 -0.50750
v -0.23330 3.38462 -0.54009
v -0.26081 3.33558 -0.55941
v -0.27916 3.34899 -0.50447
v -0.26169 3.36963 -0.48460
v -0.25977 3.36969 -0.52396
v 0.59203 2.51880 -1.92078
v 0.61614 2.55645 -1.94719
v 0.61386 2.59769 -1.96299
v 0.57186 2.61503 -2.02681
v 0.54923 2.54592 -1.99768
v 0.57459 2.52317 -1.96949
v 0.57725 2.57456 -1.97644
v 0.20557 3.07752 -1.39982
v 0.24560 3.07283 -1.38078
v 0.27538 3.09028 -1.36496
v 0.32125 3.12252 -1.40210
v 0.26503 3.11319 -1.43782
v 0.23895 3.08755 -1.42761
v 0.26801 3.10645 -1.39959
v -0.32612 3.40664 -1.01744
v -0.29949 3.35972 -1.02278
v -0.29085 3.31808 -1.00477
v -0.24068 3.30846 -0.94088
v -0.26465 3.38649 -0.94628
v -0.28265 3.40370 -0.98518
v -0.28318 3.35116 -0.97178
v -1.68137 3.33209 -0.02805
v -1.65249 3.32988 0.02432
v -1.60898 3.33895 0.04927
v -1.53742 3.28450 0.04114
v -1.59486 3.27061 -0.02712
v -1.64341 3.28595 -0.02479
v -1.59877 3.31004 0.00695
v -0.55532 3.81841 -0.04543
v -0.54447 3.75887 -0.04849
v -0.56452 3.71133 -0.04688
v -0.58948 3.67239 0.03199
v -0.58171 3.76286 0.04272
v -0.55553 3.79199 0.00911
v -0.58023 3.73826 -0.00411
v -0.58850 2.83060 0.71966
v -0.63015 2.85401 0.70286
v -0.66027 2.85612 0.67205
v -0.64565 2.88696 0.60368
v -0.58024 2.86964 0.63918
v -0.57870 2.86270 0.68173
v -0.62023 2.85707 0.65329
v -0.58738 3.75527 -0.48614
v -0.56658 3.77152 -0.44138
v -0.57208 3.77634 -0.39772
v -0.61691 3.83334 -0.36791
v -0.63404 3.82245 -0.44364
v -0.60641 3.80116 -0.47089
v -0.60742 3.79489 -0.41932
v -0.71378 3.39222 0.15366
v -0.69182 3.43711 0.12077
v -0.65465 3.45272 0.08961
v -0.57282 3.47471 0.12072
v -0.61711 3.42549 0.18207
v -0.66769 3.41960 0.18020
v -0.63342 3.43275 0.13297
v -0.81199 3.58634 -0.32190
v -0.79671 3.63689 -0.33797
v -0.80648 3.67403 -0.36508
v -0.79214 3.67328 -0.44712
v -0.79320 3.59542 -0.41756
v -0.78817 3.58635 -0.37170
v -0.80657 3.63418 -0.39221
v -0.40034 3.04552 -0.39831
v -0.44277 3.01696 -0.39167
v -0.47738 3.00818 -0.36608
v -0.47027 2.96706 -0.30041
v -0.40074 2.99385 -0.32282
v -0.39350 3.00775 -0.36386
v -0.43984 3.00647 -0.34126
v -0.84548 2.69917 1.04757
v -0.84741 2.74520 1.06042
v -0.86271 2.77261 1.08640
v -0.93094 2.79558 1.08142
v -0.92281 2.73395 1.04476
v -0.88604 2.72035 1.03365
v -0.89395 2.75000 1.07035
v -0.12357 3.86876 0.08091
v -0.16388 3.84122 0.10841
v -0.20141 3.81193 0.10513
v -0.27675 3.83916 0.07813
v -0.21634 3.89382 0.05558
v -0.17347 3.89386 0.07655
v -0.20765 3.84951 0.07443
v -0.49407 3.39893 -0.45689
v -0.52524 3.35909 -0.43269
v -0.56919 3.34192 -0.42529
v -0.62235 3.37809 -0.37031
v -0.56032 3.43197 -0.39048
v -0.51954 3.41698 -0.41031
v -0.56826 3.38940 -0.41333
v -0.31190 3.79627 -0.21898
v -0.31122 3.83641 -0.20225
v -0.32983 3.86800 -0.19700
v -0.33821 3.91150 -0.24540
v -0.32150 3.85311 -0.27023
v -0.30587 3.82684 -0.24933
v -0.33079 3.85895 -0.23388
v -0.26820 3.04379 0.14145
v -0.24735 3.03018 0.09876
v -0.23624 2.99820 0.07375
v -0.17642 2.95611 0.08824
v -0.19690 2.99344 0.14945
v -0.22206 3.02712 0.14742
v -0.22041 2.99139 0.11332
v -0.30423 2.89097 1.46538
v -0.26590 2.89768 1.43040
v -0.22973 2.92106 1.41893
v -0.23524 2.99361 1.38829
v -0.30277 2.97417 1.42428
v -0.31285 2.93182 1.43384
v -0.26418 2.94988 1.42729
v -0.08587 3.90846 -0.69350
v -0.10147 3.92833 -0.65382
v -0.11929 3.92267 -0.61838
v -0.18927 3.91202 -0.61312
v -0.16773 3.90006 -0.67969
v -0.13261 3.91380 -0.69323
v -0.14233 3.90579 -0.64790
v 0.01684 3.16884 0.23196
v 0.01233 3.14286 0.19119
v -0.01316 3.12175 0.16638
v -0.03639 3.05438 0.18343
v -0.01053 3.08795 0.24320
v 0.01403 3.12113 0.24056
v -0.01718 3.10727 0.20604
v -0.80358 2.80438 1.39180
v -0.80915 2.80312 1.35010
v -0.83139 2.79514 1.32313
v -0.84225 2.73510 1.30549
v -0.81718 2.73650 1.36383
v -0.80001 2.76542 1.37626
v -0.82896 2.76624 1.34571
v -0.10929 3.14505 0.52283
v -0.15060 3.16122 0.50852
v -0.17398 3.19300 0.50410
v -0.20733 3.22220 0.55870
v -0.15480 3.18139 0.58151
v -0.13827 3.15375 0.55829
v -0.16059 3.19151 0.54251
v -0.13412 3.23749 -1.12076
v -0.13343 3.22094 -1.15823
v -0.14302 3.19411 -1.17836
v -0.11398 3.13961 -1.17579
v -0.10149 3.17272 -1.12512
v -0.10674 3.20719 -1.12400
v -0.12631 3.18160 -1.14931
v -0.15366 3.31946 0.13530
v -0.14167 3.35574 0.17941
v -0.15032 3.36750 0.22693
v -0.22448 3.40796 0.25180
v -0.23498 3.37185 0.17218
v -0.19609 3.35854 0.14421
v -0.19479 3.36339 0.20236
v 0.63664 3.05658 -0.86467
v 0.62667 3.06545 -0.81738
v 0.64180 3.06832 -0.77845
v 0.65829 3.00804 -0.73854
v 0.65359 2.99048 -0.81043
v 0.63424 3.01541 -0.83793
v 0.65355 3.03068 -0.79539
v 0.09371 3.07523 -0.14081
v 0.07059 3.08581 -0.19074
v 0.03076 3.08546 -0.21703
v -0.00111 3.01371 -0.24840
v 0.05296 2.99650 -0.18573
v 0.08487 3.02862 -0.17062
v 0.03689 3.04142 -0.19658
v -1.08022 3.55844 -0.25719
v -1.06239 3.53102 -0.22379
v -1.04291 3.49733 -0.21539
v -1.07486 3.43449 -0.21774
v -1.11254 3.48218 -0.25353
v -1.10715 3.52128 -0.24831
v -1.07483 3.48873 -0.23935
v -0.58962 3.74406 -0.44559
v -0.61827 3.72113 -0.46743
v -0.65350 3.71504 -0.47411
v -0.69078 3.68290 -0.43253
v -0.63739 3.70358 -0.40297
v -0.60791 3.71377 -0.42169
v -0.64767 3.71393 -0.43730
v -0.45002 3.56910 0.17308
v -0.41368 3.56493 0.14131
v -0.37853 3.58107 0.12692
v -0.37825 3.63967 0.08323
v -0.44242 3.63448 0.11784
v -0.45475 3.59927 0.13547
v -0.40849 3.61094 0.12705
v -0.83490 4.19080 -0.41409
v -0.80178 4.21117 -0.38848
v -0.77065 4.23572 -0.38817
v -0.70769 4.21575 -0.41208
v -0.75749 4.17251 -0.43624
v -0.79333 4.17054 -0.41938
v -0.76503 4.20742 -0.41681
v 0.39637 3.42794 -0.09347
v 0.41852 3.43815 -0.05389
v 0.45343 3.44149 -0.03549
v 0.48942 3.38514 -0.01424
v 0.44149 3.36652 -0.06197
v 0.41084 3.38995 -0.07090
v 0.45108 3.40496 -0.05308
v -0.46231 3.91746 -0.05133
v -0.43370 3.90901 -0.08440
v -0.39951 3.91607 -0.09923
v -0.38636 3.97326 -0.13198
v -0.44169 3.98032 -0.09450
v -0.46082 3.95031 -0.08136
v -0.41770 3.94978 -0.09247
v -0.59630 3.12368 0.98680
v -0.64733 3.09802 1.00033
v -0.68142 3.08916 1.03581
v -0.66763 3.02933 1.09964
v -0.59078 3.05153 1.06165
v -0.58906 3.07383 1.01694
v -0.63510 3.07588 1.05329
v -0.98774 3.44341 -0.77200
v -1.02258 3.46261 -0.76428
v -1.03772 3.49014 -0.74998
v -1.04476 3.49509 -0.68944
v -1.00233 3.45297 -0.70226
v -0.99983 3.43871 -0.73360
v -1.01636 3.47496 -0.72618
v -0.45235 3.74500 -0.13172
v -0.46366 3.71989 -0.17142
v -0.48915 3.71605 -0.20351
v -0.55631 3.68867 -0.19599
v -0.53036 3.70951 -0.13111
v -0.49015 3.71568 -0.12488
v -0.51184 3.71834 -0.16799
v -0.87074 3.33655 -0.50329
v -0.89549 3.38079 -0.47813
v -0.92284 3.42008 -0.48373
v -0.89148 3.49218 -0.51702
v -0.84048 3.42643 -0.53617
v -0.84255 3.38487 -0.51185
v -0.88525 3.42179 -0.51577
v -0.14464 4.01132 -0.64873
v -0.16568 4.00496 -0.69499
v -0.17513 4.02320 -0.73347
v -0.23378 4.07286 -0.74153
v -0.21463 4.06628 -0.66695
v -0.19107 4.03265 -0.65223
v -0.19057 4.04935 -0.70064
v 1.27082 3.13162 -1.68437
v 1.23011 3.10970 -1.72153
v 1.18098 3.10569 -1.73259
v 1.12698 3.05043 -1.68740
v 1.20180 3.06537 -1.64061
v 1.24350 3.08378 -1.66240
v 1.18854 3.09145 -1.68336
v -0.39761 3.72102 -0.39144
v -0.43356 3.72799 -0.40575
v -0.45557 3.75109 -0.41593
v -0.48557 3.78469 -0.37732
v -0.43835 3.76045 -0.35083
v -0.42249 3.73401 -0.36390
v -0.44408 3.75947 -0.38467
v 0.28212 3.25926 -0.56354
v 0.30138 3.26510 -0.51024
v 0.33520 3.25246 -0.47783
v 0.33415 3.17574 -0.43908
v 0.28504 3.17386 -0.50960
v 0.26914 3.21458 -0.53067
v 0.31555 3.21135 -0.49780
v -0.46029 3.62572 -0.30592
v -0.41903 3.62604 -0.26306
v -0.40064 3.64986 -0.22229
v -0.35149 3.72462 -0.22954
v -0.39710 3.71023 -0.30550
v -0.41675 3.66485 -0.31655
v -0.40472 3.68376 -0.26144
v -0.28381 3.48144 -0.23932
v -0.29561 3.48314 -0.19161
v -0.28448 3.47309 -0.15251
v -0.29099 3.40383 -0.12672
v -0.29312 3.40371 -0.20088
v -0.30116 3.43853 -0.22271
v -0.28276 3.43794 -0.17711
v -1.23869 3.43088 -0.09258
v -1.22656 3.43513 -0.14159
v -1.23253 3.45687 -0.17838
v -1.29565 3.44786 -0.22055
v -1.30752 3.42188 -0.14964
v -1.27477 3.41263 -0.12311
v -1.27188 3.44500 -0.16198
v -0.84901 3.71141 -0.83911
v -0.80527 3.67540 -0.81762
v -0.78296 3.65508 -0.77575
v -0.72748 3.70425 -0.72225
v -0.77818 3.75972 -0.77431
v -0.80220 3.74268 -0.81669
v -0.78610 3.70758 -0.76999
v -0.41617 3.54769 -1.40098
v -0.37702 3.53071 -1.38380
v -0.35161 3.53096 -1.35398
v -0.30642 3.58288 -1.34503
v -0.35772 3.60294 -1.38726
v -0.38095 3.57698 -1.40520
v -0.35788 3.56869 -1.36627
v 0.13324 3.16562 -0.37632
v 0.15358 3.13084 -0.39273
v 0.15139 3.10159 -0.41539
v 0.11812 3.04750 -0.39876
v 0.09955 3.09790 -0.36101
v 0.12025 3.12846 -0.35777
v 0.12169 3.10126 -0.39170
v -0.88907 3.05893 0.99062
v -0.88188 3.06395 1.03851
v -0.86641 3.04711 1.07312
v -0.90102 2.99272 1.10836
v -0.92641 2.99843 1.03965
v -0.92045 3.03266 1.01700
v -0.89220 3.01904 1.05426
v -0.19439 3.50896 -1.32502
v -0.21380 3.54932 -1.32735
v -0.20857 3.58711 -1.32929
v -0.19069 3.62335 -1.27502
v -0.17779 3.55777 -1.26445
v -0.19401 3.53046 -1.28567
v -0.18812 3.57285 -1.29909
v -0.33607 3.38263 -0.17206
v -0.36252 3.41364 -0.17961
v -0.37092 3.44070 -0.20068
v -0.33989 3.49497 -0.19842
v -0.30620 3.44982 -0.17125
v -0.32091 3.41950 -0.16069
v -0.33636 3.44394 -0.19040
v 0.19155 2.89533 -0.21433
v 0.19090 2.90204 -0.16179
v 0.20805 2.88938 -0.12203
v 0.18699 2.82059 -0.08723
v 0.16803 2.81901 -0.16485
v 0.16517 2.85680 -0.18932
v 0.19392 2.85186 -0.14510
v 0.00697 3.90705 -0.66461
v 0.01173 3.95395 -0.69080
v 0.03809 3.98035 -0.71761
v 0.10209 4.02091 -0.68796
v 0.08024 3.96175 -0.63654
v 0.03883 3.94199 -0.63869
v 0.06306 3.96659 -0.68012
v -0.04442 3.32768 -0.86347
v -0.04741 3.29891 -0.83200
v -0.04811 3.26361 -0.82310
v -0.10054 3.22730 -0.83271
v -0.10393 3.28097 -0.86832
v -0.08329 3.31006 -0.86107
v -0.07346 3.27004 -0.84974
v -0.93631 3.55020 -0.96253
v -0.97547 3.58889 -0.94184
v -1.02328 3.59744 -0.92962
v -1.08535 3.61164 -0.99141
v -1.01411 3.57345 -1.02799
v -0.96957 3.57347 -1.00508
v -1.02119 3.57877 -0.97741
v -0.47178 3.19386 -0.28129
v -0.45732 3.18909 -0.24238
v -0.46534 3.18253 -0.20833
v -0.49106 3.22659 -0.17129
v -0.49817 3.24242 -0.23190
v -0.47842 3.22759 -0.25753
v -0.48620 3.20989 -0.22049
v -0.24973 2.94201 0.80903
v -0.22527 2.90184 0.81228
v -0.22682 2.86197 0.81675
v -0.23984 2.83195 0.87990
v -0.25987 2.90018 0.88071
v -0.24652 2.92641 0.85340
v -0.24867 2.87979 0.84676
v -0.98692 3.60246 0.01825
v -0.97687 3.57469 -0.01667
v -0.97024 3.57173 -0.05494
v -1.02167 3.57388 -0.10091
v -1.04278 3.59970 -0.04050
v -1.02351 3.59268 -0.00739
v -1.00478 3.59092 -0.04907
v -0.65494 3.61939 0.56461
v -0.68919 3.61766 0.54394
v -0.70377 3.61411 0.51331
v -0.70493 3.65934 0.47328
v -0.66280 3.66988 0.51528
v -0.66285 3.65351 0.54520
v -0.67983 3.63955 0.51174
v -0.75667 3.39739 -0.94395
v -0.79910 3.40021 -0.98141
v -0.84689 3.40194 -0.98805
v -0.89590 3.33233 -0.97996
v -0.82039 3.31967 -0.94188
v -0.78207 3.34732 -0.95173
v -0.83592 3.36346 -0.95891
v -0.56780 3.56354 -0.40194
v -0.61144 3.58311 -0.38894
v -0.63138 3.61419 -0.36850
v -0.63635 3.61528 -0.29389
v -0.58177 3.56888 -0.31532
v -0.57954 3.55398 -0.35475
v -0.60242 3.59603 -0.34195
v -0.29074 3.46830 0.32336
v -0.30223 3.45296 0.28922
v -0.31998 3.45734 0.26134
v -0.37889 3.45295 0.26105
v -0.35939 3.46059 0.31629
v -0.32756 3.45504 0.32455
v -0.33985 3.46378 0.28841
v -0.42410 3.76761 0.00903
v -0.41246 3.71690 0.01513
v -0.42689 3.67479 0.01209
v -0.47537 3.64353 0.06611
v -0.47671 3.72241 0.07086
v -0.44449 3.74751 0.05290
v -0.45654 3.69905 0.03709
v 0.59043 2.80126 -1.86010
v 0.53623 2.80032 -1.85536
v 0.49625 2.78388 -1.87210
v 0.46284 2.81363 -1.94095
v 0.54221 2.83427 -1.93692
v 0.56577 2.83271 -1.89704
v 0.52114 2.80340 -1.90756
v 0.31449 3.80378 -0.62040
v 0.29784 3.79364 -0.58036
v 0.29962 3.79959 -0.54294
v 0.34824 3.77265 -0.50519
v 0.36612 3.77171 -0.56996
v 0.34059 3.77572 -0.59773
v 0.33510 3.79067 -0.55614
v -0.33645 2.80640 0.85667
v -0.34797 2.82575 0.82045
v -0.37489 2.84126 0.80162
v -0.42046 2.80623 0.77269
v -0.39026 2.77082 0.81714
v -0.35785 2.78046 0.83042
v -0.38587 2.80760 0.81318
v -0.40034 3.14325 0.06819
v -0.34817 3.13153 0.05229
v -0.31935 3.10057 0.03064
v -0.29449 3.02952 0.06831
v -0.36228 3.06070 0.10727
v -0.37576 3.10590 0.10155
v -0.34513 3.07725 0.06478
v -0.09583 3.64152 -0.17957
v -0.14512 3.66400 -0.16858
v -0.16838 3.70128 -0.15165
v -0.17392 3.71595 -0.06973
v -0.11154 3.66277 -0.08515
v -0.10859 3.63925 -0.12583
v -0.13548 3.68710 -0.11929
v -0.95186 2.32307 -1.49705
v -0.95081 2.34394 -1.55455
v -0.95481 2.33212 -1.60514
v -0.88606 2.29088 -1.65087
v -0.87441 2.28036 -1.55991
v -0.89913 2.31066 -1.52547
v -0.91875 2.29992 -1.58241
v 0.07329 3.76087 -0.50670
v 0.08765 3.79773 -0.51261
v 0.09113 3.82371 -0.53437
v 0.13130 3.82220 -0.57939
v 0.12118 3.76639 -0.55876
v 0.10697 3.76088 -0.52829
v 0.10236 3.79438 -0.54966
v -0.71368 3.38722 0.07006
v -0.69029 3.40514 0.02106
v -0.69363 3.43564 -0.01675
v -0.74939 3.42206 -0.08114
v -0.77212 3.37574 -0.01201
v -0.74076 3.36663 0.02411
v -0.73675 3.41098 -0.01175
v -1.09658 3.85549 -0.50462
v -1.12929 3.83486 -0.53067
v -1.15606 3.80563 -0.53319
v -1.13701 3.73902 -0.54539
v -1.08163 3.77630 -0.52319
v -1.08144 3.81600 -0.52425
v -1.12002 3.78987 -0.52266
v -0.13207 3.49848 -1.00148
v -0.12060 3.53909 -0.99218
v -0.11862 3.57389 -1.00401
v -0.07273 3.59318 -1.04611
v -0.07832 3.52824 -1.04729
v -0.09470 3.50974 -1.02001
v -0.10228 3.55124 -1.02938
v -0.41245 3.56376 -0.22748
v -0.45301 3.57620 -0.23566
v -0.48840 3.57391 -0.22580
v -0.52442 3.52132 -0.23946
v -0.46102 3.50688 -0.24420
v -0.43541 3.53311 -0.24750
v -0.47439 3.53911 -0.22983
v -0.93780 3.46136 -0.99176
v -0.97263 3.47285 -0.95739
v -0.99699 3.45872 -0.92515
v -1.05873 3.41645 -0.93744
v -1.01406 3.41572 -0.99871
v -0.98361 3.44521 -1.00468
v -1.00229 3.43235 -0.95983
v -0.28196 3.39289 -0.90993
v -0.31960 3.40102 -0.87437
v -0.36332 3.40617 -0.86696
v -0.40065 3.47379 -0.88394
v -0.33159 3.47051 -0.92234
v -0.29920 3.44238 -0.90997
v -0.35011 3.43529 -0.89971
v 0.32259 3.76110 -0.25038
v 0.27967 3.77825 -0.28208
v 0.26604 3.80241 -0.32092
v 0.26503 3.88695 -0.32255
v 0.31331 3.85972 -0.25870
v 0.31005 3.81509 -0.24207
v 0.29531 3.83077 -0.29382
v 0.67573 3.87910 -0.52788
v 0.70372 3.87750 -0.55565
v 0.73306 3.86410 -0.56513
v 0.78472 3.88215 -0.54167
v 0.73947 3.89889 -0.50678
v 0.70784 3.89986 -0.51814
v 0.73637 3.87731 -0.53347
v -0.11847 3.73596 -0.20888
v -0.09135 3.69829 -0.21948
v -0.07049 3.66658 -0.20524
v -0.00619 3.67456 -0.17426
v -0.04081 3.73746 -0.17577
v -0.07227 3.74387 -0.20054
v -0.05828 3.70097 -0.18535
v -0.19874 3.01178 -0.64837
v -0.18290 3.01241 -0.70344
v -0.18941 2.99329 -0.74788
v -0.15774 2.91564 -0.76899
v -0.16031 2.92428 -0.68300
v -0.16420 2.96804 -0.66173
v -0.18148 2.95631 -0.71510
v -0.74663 3.81040 0.30773
v -0.79496 3.80787 0.33835
v -0.83014 3.83299 0.36097
v -0.81692 3.87062 0.43763
v -0.74126 3.85265 0.39995
v -0.73782 3.82052 0.36341
v -0.78558 3.84902 0.37707
v -0.33914 2.63294 1.20139
v -0.30135 2.61730 1.20624
v -0.28168 2.59246 1.22131
v -0.26624 2.59508 1.28144
v -0.31448 2.63259 1.27015
v -0.32243 2.64309 1.23764
v -0.30144 2.60879 1.24654
v -0.02747 3.84422 -0.61021
v -0.03935 3.85438 -0.65998
v -0.05341 3.88469 -0.68926
v -0.12909 3.90581 -0.69378
v -0.11499 3.87034 -0.62495
v -0.07894 3.84515 -0.61864
v -0.08255 3.88306 -0.65429
v 0.29938 3.42599 -0.36892
v 0.35351 3.45003 -0.37805
v 0.38524 3.48863 -0.36762
v 0.37530 3.56995 -0.40588
v 0.29871 3.52250 -0.41346
v 0.29788 3.47181 -0.40752
v 0.33947 3.50799 -0.38401
v -0.07498 3.46282 -1.07025
v -0.08382 3.49712 -1.09547
v -0.11008 3.51889 -1.10990
v -0.14714 3.49933 -1.16039
v -0.11870 3.44752 -1.13192
v -0.08936 3.45124 -1.10962
v -0.11844 3.48262 -1.11743
v -0.43704 3.87799 0.04919
v -0.43361 3.82033 0.06487
v -0.42285 3.78688 0.10181
v -0.33774 3.76772 0.12512
v -0.34053 3.84525 0.07890
v -0.38069 3.85785 0.05014
v -0.38280 3.82004 0.09649
v -0.41027 3.79745 -0.19474
v -0.44415 3.76962 -0.18077
v -0.45408 3.73864 -0.15890
v -0.43979 3.67373 -0.17899
v -0.40062 3.71882 -0.21441
v -0.40979 3.75688 -0.21645
v -0.42327 3.72865 -0.18270
v -0.54032 3.79536 0.31031
v -0.50433 3.78668 0.27480
v -0.46374 3.77264 0.26673
v -0.40175 3.81627 0.28244
v -0.46332 3.84259 0.32129
v -0.50405 3.83165 0.30987
v -0.46239 3.80378 0.29892
v -1.37478 3.02915 -0.96960
v -1.39600 3.02426 -0.92685
v -1.40160 3.04005 -0.88959
v -1.35069 3.03553 -0.83834
v -1.32154 3.02341 -0.90347
v -1.34453 3.01356 -0.93578
v -1.36052 3.03750 -0.89740
v -0.88950 4.07320 -0.70989
v -0.92987 4.11180 -0.68770
v -0.93847 4.15098 -0.65590
v -0.94455 4.13908 -0.56621
v -0.90393 4.06758 -0.60443
v -0.90766 4.05818 -0.65461
v -0.91449 4.11240 -0.62960
v -0.24571 3.70808 -1.08070
v -0.22660 3.71180 -1.13043
v -0.22674 3.73514 -1.16947
v -0.28797 3.73006 -1.22160
v -0.31104 3.70344 -1.14913
v -0.28080 3.69142 -1.11735
v -0.27069 3.72533 -1.15735
v 0.05226 3.08312 -1.32540
v 0.06823 3.04692 -1.28287
v 0.07823 3.04172 -1.23469
v 0.15366 3.06986 -1.20004
v 0.14019 3.10799 -1.27780
v 0.10806 3.08951 -1.31059
v 0.10550 3.08024 -1.25330
v -0.42007 3.50297 0.16794
v -0.38912 3.48871 0.13231
v -0.38466 3.46823 0.09592
v -0.38389 3.39391 0.09276
v -0.41340 3.41643 0.15723
v -0.40759 3.45541 0.17172
v -0.40463 3.44262 0.12420
v 0.81400 2.69125 -1.80918
v 0.81972 2.64103 -1.82563
v 0.84501 2.60351 -1.82425
v 0.91334 2.59722 -1.86575
v 0.89230 2.67430 -1.85887
v 0.85012 2.68654 -1.84788
v 0.87186 2.63955 -1.83586
v -0.05770 3.40747 -0.51272
v -0.09551 3.40115 -0.52206
v -0.12413 3.41448 -0.53355
v -0.15859 3.44884 -0.49927
v -0.10389 3.44516 -0.47609
v -0.08249 3.42088 -0.48512
v -0.11244 3.43363 -0.50741
v -0.22442 3.38873 -0.19147
v -0.23558 3.41039 -0.24294
v -0.22380 3.44362 -0.27626
v -0.24632 3.52610 -0.26766
v -0.25161 3.48601 -0.19184
v -0.25345 3.43764 -0.18867
v -0.23098 3.46620 -0.23253
v 1.18892 2.87329 -1.88482
v 1.14680 2.86192 -1.87378
v 1.11451 2.87235 -1.85597
v 1.10900 2.87080 -1.78832
v 1.17443 2.86961 -1.80642
v 1.18532 2.86016 -1.84193
v 1.14478 2.87653 -1.83127
v -0.51166 2.71357 0.89722
v -0.50575 2.75427 0.88686
v -0.48559 2.78390 0.89142
v -0.48998 2.81973 0.94426
v -0.51518 2.76186 0.95480
v -0.52477 2.74010 0.92760
v -0.49577 2.77090 0.92458
v -0.57458 2.70011 1.03307
v -0.53209 2.68077 1.06911
v -0.52096 2.65427 1.11030
v -0.53524 2.68661 1.19195
v -0.58261 2.73247 1.13221
v -0.57173 2.73105 1.08319
v -0.55742 2.68879 1.12176
v -0.53139 3.83446 -0.08729
v -0.51499 3.85526 -0.13231
v -0.48775 3.88445 -0.15194
v -0.50269 3.96183 -0.15144
v -0.54473 3.92578 -0.09536
v -0.55162 3.88183 -0.09593
v -0.51149 3.90574 -0.11932
v -0.45110 2.94138 -0.97493
v -0.41551 2.98096 -0.94946
v -0.38223 2.98999 -0.91288
v -0.40769 3.00176 -0.82837
v -0.47261 2.96207 -0.87461
v -0.47360 2.96302 -0.92485
v -0.42477 2.96939 -0.89234
v -1.24321 3.11723 -0.53300
v -1.25785 3.17037 -0.55213
v -1.25665 3.20259 -0.58996
v -1.18340 3.24680 -0.61074
v -1.16353 3.17728 -0.56050
v -1.19799 3.15410 -0.53319
v -1.20946 3.18560 -0.58096
v -0.45933 3.73737 -0.22551
v -0.47846 3.76394 -0.18623
v -0.47702 3.77149 -0.14337
v -0.50797 3.72243 -0.09251
v -0.49764 3.68723 -0.16038
v -0.49172 3.70977 -0.19717
v -0.48145 3.72762 -0.15037
v -0.04489 3.68432 -0.32545
v -0.05655 3.66644 -0.37909
v -0.06150 3.62798 -0.40932
v 0.00761 3.58521 -0.44065
v 0.03060 3.63231 -0.37107
v 0.00266 3.66923 -0.35450
v -0.01707 3.62484 -0.38571
v -0.34293 3.51906 0.13458
v -0.36405 3.50592 0.09830
v -0.36556 3.50708 0.06088
v -0.38824 3.56041 0.02855
v -0.37236 3.57662 0.09091
v -0.36842 3.55063 0.11760
v -0.36381 3.54294 0.07454
v -1.07724 2.92794 0.92254
v -1.04152 2.96117 0.94220
v -0.99829 2.96832 0.95150
v -0.96291 2.93434 1.01389
v -1.03017 2.89599 0.99647
v -1.06202 2.91467 0.97110
v -1.01121 2.92822 0.96979
v -0.25383 3.71027 -0.56459
v -0.22769 3.74050 -0.57184
v -0.22117 3.76930 -0.58987
v -0.20409 3.76728 -0.64869
v -0.22969 3.71404 -0.63236
v -0.23317 3.70498 -0.59916
v -0.23003 3.74329 -0.61229
v -0.45214 3.63632 0.34842
v -0.42258 3.59103 0.35918
v -0.40115 3.55314 0.34154
v -0.44400 3.48627 0.31677
v -0.49452 3.55214 0.32227
v -0.48261 3.59038 0.34679
v -0.44653 3.55453 0.32549
v -0.65384 3.39436 -1.25761
v -0.63869 3.36752 -1.30426
v -0.64091 3.32708 -1.32931
v -0.59497 3.25947 -1.30845
v -0.59942 3.31272 -1.24318
v -0.61201 3.35829 -1.24890
v -0.62599 3.31701 -1.28392
v 0.42370 3.63930 -0.54125
v 0.46033 3.66914 -0.56754
v 0.50334 3.67157 -0.58383
v 0.56709 3.68480 -0.53466
v 0.50284 3.65973 -0.49109
v 0.46001 3.66153 -0.50792
v 0.50470 3.65922 -0.53827
v 0.21619 3.04886 0.01747
v 0.26101 3.01037 0.03159
v 0.27396 2.96167 0.04330
v 0.25788 2.92622 0.12626
v 0.20659 3.00109 0.11355
v 0.21770 3.03571 0.07675
v 0.23472 2.97742 0.07532
v -0.33793 3.10432 -0.01541
v -0.29450 3.10924 -0.04911
v -0.25057 3.12510 -0.05436
v -0.23438 3.20592 -0.06615
v -0.31099 3.19637 -0.03498
v -0.33335 3.15505 -0.03665
v -0.27850 3.16093 -0.03825
v -0.82926 3.62198 -0.91843
v -0.87323 3.65287 -0.94120
v -0.89779 3.66583 -0.98242
v -0.86514 3.72479 -1.03907
v -0.80107 3.69420 -0.98701
v -0.81106 3.67110 -0.94415
v -0.84803 3.67452 -0.98916
v 0.20604 3.53863 -0.75475
v 0.19243 3.59262 -0.74966
v 0.17565 3.62682 -0.72109
v 0.09353 3.63287 -0.70271
v 0.11092 3.55596 -0.73269
v 0.15082 3.54707 -0.75713
v 0.14480 3.58897 -0.72060
v 0.07763 3.21428 -0.49168
v 0.11525 3.22402 -0.48792
v 0.13929 3.23440 -0.46742
v 0.14294 3.29054 -0.44994
v 0.08907 3.27937 -0.47100
v 0.08297 3.25292 -0.49022
v 0.11258 3.25544 -0.46490
v -0.40530 3.26312 0.46836
v -0.42198 3.28120 0.42647
v -0.42766 3.31503 0.40333
v -0.48128 3.36289 0.41764
v -0.46877 3.32083 0.47634
v -0.44840 3.28493 0.47340
v -0.44400 3.32165 0.44191
v -0.61977 3.60610 -0.30244
v -0.57317 3.58188 -0.29505
v -0.53865 3.57443 -0.26690
v -0.48227 3.62971 -0.25399
v -0.54721 3.66368 -0.28610
v -0.57868 3.63926 -0.30739
v -0.54564 3.62006 -0.27062
v -0.55306 2.86096 0.79828
v -0.58136 2.89831 0.78902
v -0.61445 2.91930 0.79990
v -0.68087 2.89543 0.78540
v -0.63351 2.84136 0.78044
v -0.59361 2.84820 0.77651
v -0.62450 2.87903 0.79590
v -0.20417 3.43227 -0.69367
v -0.18256 3.40338 -0.66850
v -0.17918 3.38794 -0.63452
v -0.15045 3.42033 -0.58421
v -0.16782 3.46311 -0.63190
v -0.17526 3.45171 -0.66681
v -0.17846 3.42620 -0.63111
v 0.15525 3.73847 -0.76146
v 0.14688 3.79780 -0.77543
v 0.11467 3.83377 -0.79578
v 0.10223 3.84182 -0.88741
v 0.13920 3.75906 -0.86741
v 0.16266 3.74977 -0.82148
v 0.12010 3.79324 -0.83063
v -0.27313 2.86731 -0.34539
v -0.26461 2.85400 -0.38115
v -0.27390 2.85228 -0.41307
v -0.31697 2.81616 -0.43090
v -0.32013 2.82420 -0.37256
v -0.29433 2.83594 -0.35510
v -0.29982 2.84214 -0.39331
v -0.23418 3.38564 -1.15753
v -0.24014 3.34393 -1.18756
v -0.26419 3.32431 -1.21884
v -0.33299 3.29107 -1.20285
v -0.31303 3.34024 -1.14560
v -0.27154 3.35417 -1.14048
v -0.29139 3.33723 -1.18515
v -0.15501 3.59662 -1.24833
v -0.13246 3.61215 -1.19909
v -0.09277 3.62566 -1.17574
v -0.03254 3.56975 -1.15400
v -0.08248 3.53684 -1.21440
v -0.12584 3.55505 -1.22394
v -0.08371 3.58392 -1.20017
v -1.07683 3.37802 -1.05158
v -1.06940 3.36101 -1.08617
v -1.05102 3.36150 -1.11410
v -1.06131 3.40056 -1.15743
v -1.08673 3.41881 -1.10713
v -1.09235 3.39785 -1.08169
v -1.06486 3.39248 -1.10920
v -1.15471 3.20306 0.56478
v -1.13679 3.16063 0.55826
v -1.12158 3.13482 0.53234
v -1.16223 3.09949 0.48735
v -1.19687 3.15507 0.51257
v -1.18519 3.17365 0.54556
v -1.15721 3.14838 0.51831
v -0.37245 3.52259 -0.10524
v -0.35648 3.46829 -0.08941
v -0.35532 3.41981 -0.10187
v -0.42763 3.36871 -0.09690
v -0.45079 3.45431 -0.09693
v -0.41785 3.49046 -0.08624
v -0.40335 3.43729 -0.10665
v -0.32523 3.54506 -0.39055
v -0.27814 3.54002 -0.41543
v -0.23325 3.54763 -0.41370
v -0.20218 3.62104 -0.42638
v -0.28088 3.62680 -0.40938
v -0.30876 3.59091 -0.41265
v -0.25591 3.58755 -0.40504
v -0.39363 3.44215 -0.63770
v -0.39236 3.40088 -0.64932
v -0.40522 3.37517 -0.67188
v -0.46394 3.34918 -0.66384
v -0.45963 3.40488 -0.63117
v -0.42734 3.41998 -0.62315
v -0.43401 3.39286 -0.65571
v -1.14980 3.36831 -0.65375
v -1.11976 3.40914 -0.63854
v -1.09002 3.42479 -0.60848
v -1.11244 3.44779 -0.53536
v -1.16899 3.40197 -0.56824
v -1.17052 3.39447 -0.61267
v -1.12676 3.40790 -0.58608
v 0.01893 3.39863 -0.53387
v 0.02841 3.38668 -0.48902
v 0.01347 3.37957 -0.45222
v -0.00703 3.43276 -0.40911
v -0.00261 3.45612 -0.47651
v 0.01807 3.43589 -0.50463
v -0.00010 3.41632 -0.46551
v -0.27317 3.48548 -0.08907
v -0.27345 3.48650 -0.14721
v -0.30082 3.49022 -0.18832
v -0.34895 3.42307 -0.21788
v -0.32778 3.41022 -0.13370
v -0.29078 3.43507 -0.11210
v -0.32011 3.45375 -0.15871
v -0.42062 3.06100 -0.44123
v -0.45232 3.06420 -0.40755
v -0.47636 3.04473 -0.38299
v -0.53619 3.01606 -0.40519
v -0.49414 3.02903 -0.45958
v -0.46375 3.05411 -0.45678
v -0.48270 3.03178 -0.42083
v -0.35953 2.41015 -1.63416
v -0.39166 2.37145 -1.64531
v -0.40044 2.32869 -1.64071
v -0.36186 2.27453 -1.68098
v -0.32222 2.34140 -1.68142
v -0.34137 2.37962 -1.67148
v -0.35828 2.33358 -1.65567
v -0.18044 3.66985 -0.92394
v -0.14318 3.65183 -0.88255
v -0.10301 3.62426 -0.87192
v -0.10751 3.53629 -0.86545
v -0.17798 3.56715 -0.90885
v -0.19137 3.61511 -0.90630
v -0.13709 3.59536 -0.89676
v -0.03172 3.09966 -0.36865
v -0.01862 3.09690 -0.42030
v -0.03353 3.09233 -0.46298
v -0.05686 3.02104 -0.49221
v -0.05578 3.01891 -0.41174
v -0.03292 3.04970 -0.38736
v -0.05086 3.05779 -0.43695
v -0.72953 3.60428 -0.40373
v -0.76451 3.58924 -0.44263
v -0.80633 3.57175 -0.45236
v -0.82252 3.49163 -0.44430
v -0.75487 3.51113 -0.40201
v -0.73143 3.55027 -0.41026
v -0.78415 3.54299 -0.42169
v -1.13219 3.10277 0.19494
v -1.15535 3.15270 0.21146
v -1.18694 3.18853 0.20083
v -1.16881 3.24910 0.14152
v -1.11659 3.18069 0.13113
v -1.11012 3.14766 0.16665
v -1.15639 3.18137 0.16168
v -1.25701 3.05418 0.26062
v -1.28079 3.09559 0.25166
v -1.29942 3.12886 0.26775
v -1.36631 3.12493 0.29749
v -1.33692 3.05794 0.29267
v -1.30490 3.05000 0.26768
v -1.31554 3.09390 0.28558
v -0.71469 3.66878 -0.03078
v -0.68154 3.63130 -0.02767
v -0.67469 3.59068 -0.01649
v -0.66746 3.57009 0.05592
v -0.70032 3.63806 0.05140
v -0.69802 3.66176 0.01597
v -0.69316 3.61188 0.01705
v -0.25556 3.25950 -1.21676
v -0.28257 3.29613 -1.25265
v -0.31205 3.30103 -1.29195
v -0.28267 3.28810 -1.37330
v -0.22799 3.25180 -1.31550
v -0.22853 3.26449 -1.26779
v -0.27364 3.27024 -1.30373
v -1.28311 3.10695 0.81370
v -1.27006 3.14427 0.79106
v -1.25817 3.18113 0.79355
v -1.30189 3.23229 0.80758
v -1.32966 3.17197 0.82534
v -1.31602 3.13838 0.81149
v -1.29166 3.17676 0.81459
v 0.34124 3.56529 -0.15488
v 0.33725 3.55695 -0.20455
v 0.33125 3.57429 -0.24347
v 0.26237 3.59693 -0.26702
v 0.26295 3.58948 -0.19116
v 0.29335 3.56672 -0.17092
v 0.29903 3.58776 -0.21650
v -0.47188 3.38090 -0.38220
v -0.49726 3.35198 -0.34408
v -0.53232 3.35017 -0.31414
v -0.53087 3.39173 -0.24378
v -0.47550 3.42227 -0.29556
v -0.46074 3.39833 -0.33214
v -0.50836 3.39042 -0.30756
v -0.64220 3.66426 -0.06407
v -0.65940 3.67429 -0.10146
v -0.65698 3.69453 -0.13123
v -0.67261 3.75650 -0.13103
v -0.66291 3.73613 -0.07124
v -0.66321 3.70103 -0.06290
v -0.65483 3.71640 -0.10147
v 0.86457 2.90049 -1.92180
v 0.91703 2.88071 -1.94074
v 0.94150 2.84670 -1.96876
v 0.95250 2.76247 -1.94126
v 0.88703 2.80158 -1.89483
v 0.88201 2.85170 -1.89322
v 0.90921 2.82219 -1.93670
v -0.23817 3.48957 -0.26948
v -0.21470 3.52137 -0.27308
v -0.20690 3.55212 -0.26138
v -0.24066 3.60000 -0.27381
v -0.27168 3.54978 -0.28393
v -0.25634 3.51987 -0.28757
v -0.24089 3.55077 -0.26803
v 0.35151 3.69798 -0.36126
v 0.31869 3.71023 -0.31691
v 0.27530 3.72463 -0.30185
v 0.25089 3.80617 -0.30702
v 0.31731 3.79216 -0.35863
v 0.34570 3.75364 -0.35341
v 0.29216 3.75652 -0.33554
v -0.72050 2.78846 -1.45883
v -0.76360 2.75414 -1.47204
v -0.78750 2.73127 -1.50717
v -0.84108 2.77266 -1.55933
v -0.78910 2.82829 -1.52050
v -0.76463 2.81652 -1.48061
v -0.78345 2.77917 -1.51883
v -0.24775 3.48006 -1.28089
v -0.24158 3.43753 -1.24313
v -0.25328 3.39176 -1.23123
v -0.33059 3.37180 -1.19844
v -0.33372 3.44903 -1.23685
v -0.29329 3.47435 -1.24674
v -0.29510 3.41754 -1.24030
v -0.78552 2.79006 1.24830
v -0.74756 2.79310 1.20125
v -0.74256 2.80029 1.15044
v -0.76427 2.73499 1.09038
v -0.80285 2.71731 1.17126
v -0.78631 2.73976 1.21464
v -0.77879 2.76280 1.15917
v 1.00594 2.90645 -1.78744
v 0.99609 2.87496 -1.75575
v 0.96903 2.85120 -1.74088
v 0.91812 2.87485 -1.70073
v 0.94643 2.92685 -1.73620
v 0.98156 2.92360 -1.75275
v 0.95424 2.88825 -1.74291
v -0.73171 3.07796 -0.70628
v -0.71341 3.08896 -0.75060
v -0.69917 3.07424 -0.78715
v -0.63147 3.04446 -0.79346
v -0.65198 3.04627 -0.72215
v -0.68308 3.07098 -0.70881
v -0.67827 3.05482 -0.75503
v -0.32704 3.75124 -0.50201
v -0.29833 3.71726 -0.51335
v -0.26129 3.70681 -0.52026
v -0.22937 3.72304 -0.57954
v -0.28524 3.76305 -0.57089
v -0.31373 3.75342 -0.54590
v -0.27033 3.73881 -0.54266
v -0.83283 3.42518 -0.97762
v -0.80995 3.44810 -1.02642
v -0.80292 3.48927 -1.05371
v -0.86787 3.52444 -1.10222
v -0.90153 3.46963 -1.04162
v -0.87334 3.43548 -1.01865
v -0.85266 3.48471 -1.04272
v -0.26041 3.39025 -0.54925
v -0.26016 3.37646 -0.60281
v -0.28485 3.37402 -0.64285
v -0.34155 3.31418 -0.65580
v -0.32452 3.32038 -0.57434
v -0.28567 3.34198 -0.55877
v -0.30950 3.35195 -0.60767
v 0.15923 3.59668 0.23695
v 0.19058 3.62992 0.23759
v 0.20373 3.66179 0.25567
v 0.17204 3.72270 0.24929
v 0.12961 3.67182 0.23019
v 0.14293 3.63637 0.22121
v 0.16476 3.66611 0.24819
v -0.19540 3.22392 -1.25438
v -0.16917 3.18150 -1.29030
v -0.12476 3.16369 -1.31153
v -0.08513 3.20578 -1.38403
v -0.14528 3.26313 -1.34289
v -0.18236 3.24543 -1.31046
v -0.12974 3.21601 -1.32242
v -0.43606 3.92528 -0.33785
v -0.44753 3.89054 -0.35175
v -0.43915 3.85882 -0.35764
v -0.40445 3.84383 -0.40300
v -0.39902 3.90149 -0.39152
v -0.42173 3.91797 -0.37353
v -0.41556 3.87939 -0.37137
v -0.29919 2.85132 0.66841
v -0.30476 2.88863 0.63873
v -0.32285 2.92475 0.63240
v -0.39255 2.92955 0.61332
v -0.37889 2.86419 0.64137
v -0.34079 2.84971 0.64450
v -0.35200 2.89633 0.64240
v -0.32364 3.51870 -0.23776
v -0.29560 3.48499 -0.26486
v -0.26873 3.47883 -0.29903
v -0.29538 3.47660 -0.37205
v -0.34799 3.50986 -0.32543
v -0.34655 3.50494 -0.28183
v -0.30582 3.50013 -0.31305
v -0.48527 3.44077 -0.18464
v -0.47259 3.42953 -0.22297
v -0.44484 3.42436 -0.24482
v -0.41400 3.47276 -0.27136
v -0.44780 3.49304 -0.22192
v -0.47449 3.47368 -0.20825
v -0.44244 3.45777 -0.23007
v 0.16184 3.63657 -0.60199
v 0.14622 3.64607 -0.56414
v 0.12301 3.66602 -0.54558
v 0.13402 3.72729 -0.53345
v 0.17096 3.70753 -0.58105
v 0.17705 3.67275 -0.58695
v 0.14338 3.68791 -0.56687
v -0.33134 3.18848 1.07538
v -0.36432 3.21761 1.10080
v -0.40140 3.23988 1.09932
v -0.40597 3.30827 1.06498
v -0.34317 3.27113 1.04143
v -0.32688 3.23771 1.06358
v -0.37540 3.25267 1.06572
v -1.56623 2.47580 -0.29461
v -1.58049 2.49031 -0.25095
v -1.61117 2.50529 -0.22822
v -1.63061 2.57522 -0.23167
v -1.59122 2.55736 -0.29007
v -1.56766 2.52378 -0.29071
v -1.60601 2.52958 -0.26216
v -0.71138 3.79726 0.11046
v -0.66600 3.76926 0.11312
v -0.62831 3.75600 0.09142
v -0.62987 3.69811 0.03544
v -0.70414 3.72678 0.04766
v -0.71475 3.75047 0.08498
v -0.66544 3.74612 0.06501
v -0.19966 3.32374 -0.15122
v -0.19435 3.32936 -0.19177
v -0.19416 3.31453 -0.22365
v -0.14664 3.27922 -0.24300
v -0.14524 3.28483 -0.18099
v -0.16291 3.31027 -0.16435
v -0.17272 3.29563 -0.20167
v -0.80694 2.79907 1.49557
v -0.85274 2.81823 1.49781
v -0.88539 2.83425 1.47615
v -0.88405 2.90406 1.44881
v -0.81442 2.88136 1.46489
v -0.80712 2.84851 1.49057
v -0.84915 2.85534 1.46495
v 0.23302 3.75638 -0.54818
v 0.19532 3.77582 -0.54581
v 0.17267 3.79533 -0.52543
v 0.13835 3.76868 -0.47832
v 0.18710 3.73033 -0.49444
v 0.20460 3.73404 -0.52588
v 0.18313 3.76517 -0.50654
v -0.74696 3.75396 -0.88640
v -0.78151 3.76367 -0.90524
v -0.81532 3.75745 -0.90837
v -0.83632 3.70829 -0.93806
v -0.77751 3.70038 -0.92332
v -0.75720 3.72697 -0.91485
v -0.79758 3.72697 -0.91138
v -0.40082 3.95512 -0.70285
v -0.36016 3.94736 -0.74832
v -0.33038 3.97047 -0.78468
v -0.36652 4.00342 -0.86351
v -0.43347 3.99111 -0.80048
v -0.42643 3.96064 -0.75847
v -0.38096 3.98777 -0.78974
v 0.90228 2.96901 -1.51254
v 0.92133 3.01630 -1.52697
v 0.92287 3.06054 -1.51815
v 0.86177 3.10900 -1.53569
v 0.83711 3.03296 -1.53479
v 0.86620 2.99858 -1.53767
v 0.87868 3.04697 -1.52006
v -0.21063 3.25279 -0.90014
v -0.17255 3.24638 -0.89167
v -0.14374 3.23178 -0.90119
v -0.13480 3.17313 -0.89501
v -0.19308 3.18541 -0.89178
v -0.20427 3.21657 -0.88562
v -0.16897 3.20821 -0.90132
v -0.68889 3.70233 -0.24989
v -0.65772 3.67606 -0.27458
v -0.61888 3.66530 -0.27943
v -0.57126 3.70895 -0.31101
v -0.62896 3.74639 -0.29004
v -0.66420 3.72819 -0.28140
v -0.62164 3.70682 -0.27940
v 0.17885 2.64964 0.92876
v 0.12094 2.65243 0.92576
v 0.08126 2.65521 0.89639
v 0.05826 2.73004 0.85710
v 0.14165 2.73435 0.88354
v 0.15977 2.70330 0.91750
v 0.11386 2.69195 0.88383
v -0.56715 3.33569 -0.52623
v -0.60890 3.34844 -0.56920
v -0.65719 3.33969 -0.58689
v -0.67913 3.26186 -0.63163
v -0.60031 3.25038 -0.58476
v -0.57233 3.29103 -0.56783
v -0.63242 3.29285 -0.57958
v -0.05145 3.44997 -1.29478
v -0.05328 3.48031 -1.33436
v -0.06863 3.48664 -1.37348
v -0.04047 3.45066 -1.43332
v -0.02036 3.41521 -1.37001
v -0.02224 3.43440 -1.33213
v -0.04960 3.44748 -1.37176
v 0.38286 3.48123 -0.23134
v 0.41100 3.48143 -0.28143
v 0.42996 3.50856 -0.31748
v 0.37988 3.54541 -0.37789
v 0.33205 3.52315 -0.30910
v 0.34806 3.49080 -0.27604
v 0.38221 3.52206 -0.31008
v -0.59033 3.92038 0.13121
v -0.55842 3.87444 0.13618
v -0.52339 3.85264 0.16037
v -0.44211 3.87423 0.15011
v -0.49247 3.93582 0.12098
v -0.53854 3.92791 0.11085
v -0.50826 3.89730 0.14689
v -1.27628 2.75428 -0.24444
v -1.30846 2.78599 -0.24167
v -1.34579 2.79442 -0.24640
v -1.37278 2.80423 -0.30838
v -1.31317 2.77131 -0.31370
v -1.28749 2.77114 -0.28493
v -1.33193 2.77787 -0.27952
v -0.23558 3.42082 -0.36469
v -0.22026 3.38453 -0.38924
v -0.22971 3.35486 -0.41361
v -0.26102 3.29670 -0.39034
v -0.26812 3.34823 -0.34345
v -0.24495 3.38027 -0.34414
v -0.25373 3.35344 -0.38099
v -0.07396 2.79276 -0.34744
v -0.03534 2.78548 -0.36809
v 0.00237 2.78651 -0.36568
v 0.03629 2.84414 -0.36951
v -0.02808 2.85622 -0.35552
v -0.05492 2.83029 -0.36155
v -0.01199 2.82096 -0.35520
v 0.02220 3.74147 -0.74577
v 0.00332 3.74875 -0.78587
v -0.02153 3.76965 -0.80610
v -0.08843 3.76014 -0.80107
v -0.05692 3.73245 -0.74784
v -0.01944 3.72484 -0.74841
v -0.03945 3.75578 -0.77409
v -0.46601 3.31811 0.96062
v -0.48727 3.35979 0.99260
v -0.48726 3.40707 1.00232
v -0.42366 3.44391 1.04599
v -0.39842 3.36800 1.01580
v -0.43016 3.33468 1.00127
v -0.44069 3.39033 1.00301
v -0.41317 3.45194 -1.45447
v -0.40947 3.40198 -1.47463
v -0.42914 3.36960 -1.50071
v -0.49205 3.32537 -1.47380
v -0.48354 3.39245 -1.42835
v -0.44444 3.41667 -1.42812
v -0.46024 3.38460 -1.46859
v -0.11527 3.26246 -0.29922
v -0.11063 3.21202 -0.27618
v -0.12069 3.16585 -0.27979
v -0.19746 3.13604 -0.26348
v -0.20090 3.21888 -0.27668
v -0.16220 3.24611 -0.27418
v -0.16161 3.19153 -0.28501
v -0.58468 3.40721 -0.29535
v -0.57411 3.36832 -0.26261
v -0.55701 3.32782 -0.25774
v -0.59574 3.26375 -0.28085
v -0.62600 3.32733 -0.31520
v -0.61847 3.36800 -0.29955
v -0.58741 3.32719 -0.29139
v -0.29710 3.25524 0.05204
v -0.26470 3.27641 0.04200
v -0.24826 3.30612 0.04461
v -0.26545 3.35470 0.01324
v -0.31018 3.31426 0.01495
v -0.30450 3.28164 0.02293
v -0.28100 3.31203 0.03400
v -0.77475 2.98423 0.90844
v -0.78490 2.94487 0.88523
v -0.78121 2.92445 0.85118
v -0.81923 2.94065 0.79391
v -0.81932 2.99485 0.83920
v -0.80940 2.99012 0.87753
v -0.79544 2.96187 0.84291
v -0.13787 3.37375 -0.83840
v -0.12200 3.40182 -0.87633
v -0.12765 3.41297 -0.91683
v -0.10671 3.36818 -0.97336
v -0.11148 3.32875 -0.90963
v -0.11160 3.34768 -0.87169
v -0.12552 3.36964 -0.91414
v 0.42074 3.39233 -1.49815
v 0.42375 3.41640 -1.55102
v 0.42362 3.40874 -1.59997
v 0.49395 3.37710 -1.64186
v 0.50039 3.36107 -1.55581
v 0.47310 3.38576 -1.52263
v 0.45848 3.37867 -1.57849
v -0.67482 3.77054 -0.15857
v -0.66640 3.74122 -0.12192
v -0.66530 3.73692 -0.08155
v -0.61125 3.76349 -0.04220
v -0.61248 3.79493 -0.10689
v -0.63245 3.77851 -0.13821
v -0.64260 3.77011 -0.09239
v 0.12598 3.80705 -0.53491
v 0.14482 3.83337 -0.55951
v 0.15121 3.86662 -0.56675
v 0.10925 3.90237 -0.59366
v 0.08239 3.85264 -0.56983
v 0.10058 3.82438 -0.56149
v 0.11615 3.86186 -0.56384
v -0.81775 3.51790 -0.45568
v -0.80762 3.47911 -0.46228
v -0.81241 3.45095 -0.48183
v -0.86247 3.41598 -0.47623
v -0.87225 3.47097 -0.45091
v -0.84609 3.49197 -0.44240
v -0.84392 3.46290 -0.47072
v -0.13925 3.38706 -1.53513
v -0.12897 3.40878 -1.57663
v -0.12284 3.40438 -1.61677
v -0.06119 3.37710 -1.64304
v -0.06792 3.36032 -1.57298
v -0.09366 3.38046 -1.54847
v -0.09838 3.37739 -1.59610
v -0.06296 3.18356 -0.14962
v -0.08550 3.21614 -0.16497
v -0.08468 3.24791 -0.18226
v -0.06625 3.30179 -0.15283
v -0.04639 3.25067 -0.11964
v -0.06089 3.21791 -0.12471
v -0.06106 3.24899 -0.15367
v -0.57271 3.57503 -0.27465
v -0.55433 3.61927 -0.23885
v -0.54411 3.63382 -0.19111
v -0.60982 3.65343 -0.13246
v -0.64304 3.60549 -0.20131
v -0.61792 3.60106 -0.24541
v -0.59208 3.61324 -0.19286
v 0.75040 2.54218 -2.11149
v 0.73469 2.50447 -2.10401
v 0.71513 2.47769 -2.11632
v 0.65257 2.48084 -2.11837
v 0.67684 2.53833 -2.11260
v 0.71008 2.54345 -2.10161
v 0.69639 2.50858 -2.11955
v -0.15554 3.00774 -0.43986
v -0.16605 3.04717 -0.44911
v -0.16829 3.08082 -0.43757
v -0.21436 3.09952 -0.39866
v -0.20932 3.03660 -0.39762
v -0.19242 3.01875 -0.42343
v -0.18528 3.05884 -0.41383
v 0.81936 2.95815 -1.79925
v 0.81594 2.91827 -1.77852
v 0.79254 2.89256 -1.76224
v 0.76678 2.90206 -1.70002
v 0.78939 2.96105 -1.72519
v 0.81392 2.96230 -1.75470
v 0.78608 2.92790 -1.74615
v -0.63434 3.77546 -0.51493
v -0.65665 3.73703 -0.50173
v -0.67405 3.71761 -0.47208
v -0.63682 3.68562 -0.42226
v -0.59688 3.73208 -0.45599
v -0.60704 3.74633 -0.49138
v -0.63700 3.72908 -0.46050
v -0.08182 3.02107 -0.62430
v -0.07940 2.97477 -0.61094
v -0.10024 2.94023 -0.60312
v -0.13775 2.93136 -0.54136
v -0.12388 3.00199 -0.55227
v -0.09460 3.01447 -0.57825
v -0.11703 2.97184 -0.58089
v -0.13912 3.56068 0.02531
v -0.17900 3.59247 0.03031
v -0.21861 3.60372 0.01584
v -0.22813 3.64280 -0.05018
v -0.15783 3.61069 -0.04824
v -0.13993 3.59695 -0.01088
v -0.19033 3.60182 -0.01878
v -0.20351 3.45528 -1.21013
v -0.16354 3.45108 -1.17644
v -0.12613 3.46960 -1.16055
v -0.05827 3.46759 -1.20117
v -0.11921 3.45255 -1.24933
v -0.15909 3.44012 -1.23352
v -0.12356 3.46736 -1.20621
v -0.46119 3.80054 -0.41887
v -0.42954 3.77637 -0.46166
v -0.39005 3.74841 -0.47336
v -0.30797 3.78048 -0.47004
v -0.36240 3.83169 -0.42323
v -0.41177 3.82991 -0.42943
v -0.37526 3.78612 -0.44232
v -0.78996 3.33574 -0.28416
v -0.77045 3.36713 -0.26632
v -0.76078 3.38216 -0.23627
v -0.80099 3.41366 -0.20125
v -0.83142 3.37720 -0.24099
v -0.81586 3.36394 -0.26935
v -0.79604 3.37577 -0.23541
v 0.03331 3.52100 -0.25535
v 0.04194 3.46214 -0.26986
v 0.04882 3.41355 -0.25220
v 0.12973 3.38553 -0.21752
v 0.12601 3.47783 -0.21875
v 0.09156 3.50346 -0.24836
v 0.08422 3.44596 -0.22862
v -1.08573 3.32988 -0.39520
v -1.04463 3.32612 -0.40065
v -1.01285 3.34149 -0.39739
v -0.99336 3.38577 -0.43744
v -1.05571 3.37923 -0.44120
v -1.07219 3.35038 -0.42881
v -1.03508 3.36380 -0.41555
v -0.72578 3.89811 -0.82161
v -0.71997 3.92928 -0.84704
v -0.71485 3.96337 -0.85022
v -0.76060 4.00360 -0.84329
v -0.77607 3.94966 -0.81857
v -0.75933 3.92047 -0.82669
v -0.74344 3.95773 -0.82996
v -0.51642 2.80078 1.50691
v -0.55094 2.81991 1.47095
v -0.57081 2.85684 1.45338
v -0.63025 2.89525 1.49186
v -0.58995 2.84810 1.54326
v -0.56324 2.81429 1.52873
v -0.57604 2.85723 1.49971
v -0.27102 2.89647 -0.20630
v -0.28046 2.85896 -0.24577
v -0.30696 2.84664 -0.28267
v -0.38383 2.81579 -0.27304
v -0.35963 2.85466 -0.20335
v -0.31432 2.86411 -0.19478
v -0.33568 2.85666 -0.24520
v -0.99228 3.38521 -0.31635
v -0.93805 3.38998 -0.31257
v -0.89934 3.40798 -0.33097
v -0.86480 3.37621 -0.39864
v -0.94281 3.35066 -0.39204
v -0.96599 3.35313 -0.35183
v -0.92340 3.38467 -0.36487
v -0.33811 3.87392 -0.69734
v -0.31693 3.82402 -0.72278
v -0.27592 3.79943 -0.74053
v -0.23877 3.82044 -0.82017
v -0.29177 3.88793 -0.79188
v -0.32712 3.88091 -0.75580
v -0.27832 3.84685 -0.76245
v -1.18264 3.69297 -0.13278
v -1.20743 3.69497 -0.18122
v -1.24768 3.69297 -0.20417
v -1.28625 3.62167 -0.21749
v -1.23124 3.61313 -0.15707
v -1.19686 3.64365 -0.15094
v -1.24391 3.65490 -0.17593
v -1.30896 3.06482 0.10135
v -1.33458 3.06329 0.05377
v -1.35265 3.08760 0.01910
v -1.42445 3.12563 0.02631
v -1.39472 3.10769 0.10012
v -1.36162 3.07620 0.10585
v -1.37030 3.10339 0.05994
v -0.69715 3.42454 0.07149
v -0.67684 3.42141 0.11162
v -0.65996 3.44025 0.14051
v -0.59658 3.46438 0.13522
v -0.62187 3.45140 0.07342
v -0.65235 3.42859 0.06849
v -0.64313 3.45092 0.10655
v -0.78191 3.69644 -0.26360
v -0.81155 3.72558 -0.29622
v -0.85245 3.74211 -0.30506
v -0.91042 3.69647 -0.33524
v -0.85323 3.65078 -0.30371
v -0.81205 3.66687 -0.29535
v -0.85563 3.69655 -0.29849
v -0.13243 3.56131 -0.46616
v -0.13455 3.53524 -0.50365
v -0.15663 3.52231 -0.53298
v -0.20421 3.47328 -0.52362
v -0.18669 3.50115 -0.46302
v -0.15387 3.52164 -0.45867
v -0.17558 3.51577 -0.49847
v -0.04930 3.23944 0.10952
v -0.07917 3.24602 0.13358
v -0.11191 3.24379 0.13826
v -0.14933 3.28105 0.11258
v -0.09743 3.28252 0.08517
v -0.06986 3.27092 0.09945
v -0.10590 3.25957 0.10876
v -0.00453 3.85287 -0.54882
v -0.02783 3.88666 -0.54159
v -0.05768 3.89955 -0.52732
v -0.11350 3.89235 -0.55538
v -0.07209 3.85122 -0.57881
v -0.03709 3.85560 -0.57470
v -0.06600 3.87188 -0.54946
v -1.48279 2.84055 -0.05543
v -1.45162 2.88305 -0.02909
v -1.42875 2.92744 -0.03417
v -1.35001 2.93504 -0.07477
v -1.38813 2.85765 -0.09631
v -1.42551 2.83819 -0.06904
v -1.41197 2.89551 -0.07087
v -0.10967 3.78301 -0.67399
v -0.10735 3.83884 -0.68063
v -0.11874 3.88175 -0.66257
v -0.19779 3.91243 -0.66695
v -0.19832 3.82851 -0.67986
v -0.15851 3.80461 -0.69175
v -0.15912 3.85380 -0.66441
v -0.14499 2.84416 -0.12733
v -0.15022 2.79094 -0.14360
v -0.13269 2.74675 -0.14106
v -0.06346 2.72406 -0.18353
v -0.06783 2.80810 -0.17805
v -0.10852 2.83038 -0.16738
v -0.09689 2.77749 -0.15353
v -0.21469 3.59245 -0.71612
v -0.24963 3.58363 -0.74974
v -0.26088 3.58638 -0.79008
v -0.28223 3.65086 -0.82036
v -0.24532 3.66337 -0.75702
v -0.23963 3.63311 -0.72848
v -0.24773 3.62502 -0.77642
v 0.43368 3.81030 -0.58641
v 0.42781 3.77768 -0.60824
v 0.40707 3.75200 -0.61554
v 0.40132 3.70487 -0.57906
v 0.42580 3.75086 -0.54953
v 0.43985 3.77694 -0.56580
v 0.41205 3.75321 -0.58126
v 0.40553 2.91124 0.30879
v 0.37678 2.95915 0.32156
v 0.37956 3.00545 0.33680
v 0.39316 3.02518 0.41989
v 0.41556 2.94303 0.40482
v 0.39993 2.91902 0.36529
v 0.40415 2.97606 0.36900
v 0.33081 3.80405 -0.22831
v 0.38828 3.81930 -0.22740
v 0.42783 3.83650 -0.25394
v 0.47300 3.78375 -0.31075
v 0.39285 3.74782 -0.29244
v 0.36579 3.76228 -0.25215
v 0.40711 3.79582 -0.27868
v 0.15146 3.72385 -0.63940
v 0.13555 3.74924 -0.61458
v 0.11860 3.75344 -0.58641
v 0.06079 3.74367 -0.58347
v 0.08324 3.71762 -0.63106
v 0.11282 3.72622 -0.64328
v 0.10192 3.73151 -0.60630
v -0.50499 3.14591 0.52992
v -0.52249 3.13820 0.56446
v -0.51834 3.12940 0.59665
v -0.50627 3.07324 0.61243
v -0.49458 3.08119 0.55457
v -0.50722 3.10720 0.53741
v -0.50190 3.10674 0.57653
v -0.61788 3.80301 -0.45149
v -0.64960 3.77074 -0.41925
v -0.65519 3.72816 -0.39938
v -0.68078 3.66187 -0.44383
v -0.65261 3.72181 -0.49519
v -0.64793 3.76666 -0.48084
v -0.64746 3.72264 -0.44696
v -0.70368 3.51674 -0.51761
v -0.73775 3.51866 -0.49257
v -0.75294 3.53376 -0.46357
v -0.73620 3.51685 -0.40429
v -0.69139 3.49832 -0.44587
v -0.69819 3.49587 -0.48119
v -0.71964 3.52061 -0.45436
v -0.47931 3.81128 0.27149
v -0.50330 3.78724 0.29462
v -0.50697 3.75624 0.31042
v -0.52086 3.70491 0.27856
v -0.49943 3.74862 0.24020
v -0.49845 3.78234 0.24947
v -0.49839 3.75096 0.27598
v -0.21149 3.80589 -0.20093
v -0.22899 3.80386 -0.24356
v -0.22461 3.79028 -0.28017
v -0.17941 3.81898 -0.32464
v -0.16383 3.83757 -0.25940
v -0.18993 3.83427 -0.23021
v -0.19092 3.80935 -0.26902
v -0.35323 3.34229 -0.11607
v -0.32627 3.38664 -0.10785
v -0.31779 3.42830 -0.12183
v -0.27163 3.44254 -0.18471
v -0.29621 3.36716 -0.18548
v -0.31240 3.34733 -0.14876
v -0.31239 3.39924 -0.15694
v -0.39936 3.39837 -0.35660
v -0.36195 3.39536 -0.39823
v -0.35045 3.40910 -0.44249
v -0.38760 3.37532 -0.51055
v -0.43404 3.36006 -0.44153
v -0.41569 3.36384 -0.39762
v -0.39573 3.39051 -0.44270
v -0.95793 2.76828 1.28536
v -0.95151 2.80253 1.33271
v -0.95462 2.84886 1.35146
v -0.89278 2.91018 1.33462
v -0.88726 2.84432 1.27547
v -0.90821 2.79961 1.28385
v -0.92573 2.84977 1.30903
v -1.39557 3.11918 0.57834
v -1.39404 3.13061 0.61815
v -1.37450 3.13258 0.64748
v -1.36301 3.08222 0.68273
v -1.38205 3.06469 0.62580
v -1.39889 3.08697 0.60421
v -1.37350 3.09869 0.63480
v -0.10219 3.60727 -0.96607
v -0.08874 3.59797 -0.92344
v -0.07006 3.61076 -0.89181
v -0.00127 3.61320 -0.88893
v -0.02205 3.60851 -0.95444
v -0.05787 3.59653 -0.96370
v -0.04646 3.61523 -0.92364
v -0.16722 3.21522 -1.19574
v -0.15134 3.17065 -1.20464
v -0.15246 3.13114 -1.19373
v -0.11675 3.10663 -1.13541
v -0.12416 3.17880 -1.13162
v -0.13314 3.20129 -1.16471
v -0.14357 3.15453 -1.15994
v -0.45775 3.50927 0.29166
v -0.39678 3.50340 0.29294
v -0.35593 3.47790 0.31306
v -0.32584 3.49447 0.39888
v -0.41200 3.52641 0.38873
v -0.43282 3.53458 0.34158
v -0.38699 3.49552 0.35290
v -0.08971 2.61051 -1.24964
v -0.11158 2.62191 -1.28218
v -0.14314 2.62391 -1.29665
v -0.17102 2.57440 -1.32044
v -0.12562 2.55698 -1.28264
v -0.10032 2.57888 -1.27317
v -0.13742 2.59049 -1.28563
v -0.12674 2.82794 -0.24794
v -0.18438 2.82299 -0.25878
v -0.22941 2.81041 -0.24065
v -0.25359 2.72554 -0.23058
v -0.16530 2.73139 -0.23833
v -0.14317 2.77219 -0.25729
v -0.19649 2.77181 -0.23233
v -0.44902 2.67870 -1.22394
v -0.41411 2.64481 -1.23963
v -0.39470 2.60656 -1.23214
v -0.34116 2.59836 -1.17723
v -0.38205 2.66261 -1.16497
v -0.40597 2.68084 -1.19645
v -0.39271 2.63149 -1.19516
v -0.72016 3.95029 0.06774
v -0.68200 3.98703 0.04104
v -0.63755 4.01089 0.04380
v -0.62624 4.08344 0.09497
v -0.69968 4.03905 0.12039
v -0.72194 4.00513 0.09028
v -0.66482 4.02074 0.08673
v -0.44494 3.16715 0.52208
v -0.48359 3.19582 0.51958
v -0.51540 3.20848 0.49695
v -0.50688 3.25499 0.44173
v -0.44301 3.22495 0.45916
v -0.43705 3.20641 0.49529
v -0.48008 3.21212 0.47437
v -0.69959 3.29046 0.14333
v -0.70189 3.26183 0.10483
v -0.71794 3.22798 0.08841
v -0.69429 3.16194 0.10662
v -0.67367 3.21037 0.15643
v -0.67343 3.25052 0.14856
v -0.70083 3.21850 0.12551
v -0.90488 3.38548 -0.14475
v -0.94782 3.35244 -0.16031
v -0.96432 3.30755 -0.16449
v -0.93845 3.25609 -0.22707
v -0.88399 3.32079 -0.21806
v -0.89618 3.36095 -0.19475
v -0.92041 3.31073 -0.18652
v -0.36808 3.47096 0.07339
v -0.35108 3.43230 0.07289
v -0.34437 3.40225 0.09147
v -0.29783 3.39945 0.13491
v -0.31250 3.46019 0.12244
v -0.33060 3.46955 0.09280
v -0.33214 3.43130 0.11062
v -1.10070 3.14985 0.99716
v -1.07165 3.16371 0.96821
v -1.04394 3.15457 0.94568
v -0.98387 3.14251 0.96833
v -1.02735 3.13871 1.01692
v -1.06099 3.15351 1.01401
v -1.03657 3.14146 0.98036
v -0.85420 3.45440 -0.18692
v -0.82122 3.47213 -0.20401
v -0.80056 3.47435 -0.23224
v -0.75858 3.43054 -0.24545
v -0.80057 3.40845 -0.20538
v -0.82122 3.42977 -0.18674
v -0.80364 3.43987 -0.22256
v -0.14552 3.74843 -0.29424
v -0.10071 3.75552 -0.27920
v -0.06924 3.74066 -0.25810
v -0.06842 3.74104 -0.18600
v -0.13581 3.74994 -0.21004
v -0.14351 3.76149 -0.24831
v -0.10348 3.73948 -0.23427
v -1.25357 2.76468 0.17997
v -1.25785 2.80441 0.15789
v -1.28042 2.82680 0.13551
v -1.28835 2.81437 0.06822
v -1.26364 2.75839 0.09986
v -1.24706 2.76043 0.13498
v -1.27721 2.79071 0.11888
v -0.89167 3.49721 -0.45360
v -0.86807 3.52949 -0.42783
v -0.85460 3.54012 -0.39114
v -0.89858 3.56682 -0.34112
v -0.93655 3.53337 -0.39200
v -0.92076 3.52514 -0.42839
v -0.89518 3.53158 -0.38881
v 0.07754 3.02666 -0.65377
v 0.12262 3.05224 -0.65448
v 0.14352 3.09024 -0.64619
v 0.13710 3.15192 -0.69386
v 0.07898 3.10135 -0.70738
v 0.08112 3.05939 -0.69382
v 0.10751 3.09851 -0.67235
v 0.00279 3.52550 -0.08483
v 0.05684 3.54286 -0.06527
v 0.08428 3.56063 -0.02593
v 0.07994 3.64740 -0.00024
v 0.00833 3.62657 -0.05169
v 0.00802 3.58525 -0.08183
v 0.04236 3.59135 -0.03295
v -0.24100 2.95753 -0.35414
v -0.28925 2.94044 -0.34908
v -0.32550 2.92678 -0.36955
v -0.37375 2.97650 -0.40454
v -0.30475 3.01006 -0.39288
v -0.27591 2.99398 -0.36408
v -0.31287 2.96630 -0.38676
v 0.09515 3.33560 -0.40788
v 0.07791 3.32572 -0.45792
v 0.05430 3.29757 -0.48537
v 0.08510 3.22672 -0.51049
v 0.12622 3.25365 -0.44581
v 0.12414 3.29749 -0.43249
v 0.08610 3.27261 -0.46136
v -0.45770 3.35385 0.22377
v -0.40405 3.34687 0.24553
v -0.37481 3.35031 0.28553
v -0.34538 3.42791 0.31473
v -0.41422 3.43988 0.26126
v -0.42938 3.40445 0.22993
v -0.39921 3.39450 0.27882
v -1.23829 3.34650 -0.93182
v -1.22492 3.37213 -0.97696
v -1.20258 3.40734 -0.99556
v -1.23213 3.48259 -0.99290
v -1.26869 3.43641 -0.93746
v -1.26742 3.39082 -0.93961
v -1.23103 3.42323 -0.96195
v 0.25407 3.35623 -0.50772
v 0.21895 3.33733 -0.48765
v 0.19886 3.33385 -0.45556
v 0.22060 3.29621 -0.40411
v 0.27171 3.31035 -0.44564
v 0.26578 3.32222 -0.48128
v 0.23643 3.32680 -0.44795
v -0.08592 3.46110 -1.27953
v -0.08457 3.50845 -1.24514
v -0.11111 3.54212 -1.21970
v -0.15307 3.60838 -1.26029
v -0.13329 3.54490 -1.31841
v -0.09882 3.51024 -1.30860
v -0.12838 3.53999 -1.26776
v 0.03624 3.07698 -0.44060
v -0.01851 3.07606 -0.44365
v -0.05742 3.05079 -0.43814
v -0.08041 2.99377 -0.49354
v -0.00035 3.01228 -0.50336
v 0.01817 3.05130 -0.48558
v -0.02696 3.02682 -0.46628
v -0.53196 3.71747 -1.06641
v -0.56575 3.70069 -1.10703
v -0.56908 3.68311 -1.15072
v -0.55618 3.73066 -1.21831
v -0.52375 3.76756 -1.15062
v -0.53660 3.75498 -1.10696
v -0.54042 3.72212 -1.15144
v -0.50677 3.90666 0.38888
v -0.52365 3.91152 0.34195
v -0.55096 3.93136 0.31582
v -0.62438 3.91339 0.31405
v -0.59289 3.88767 0.37780
v -0.55060 3.88343 0.38179
v -0.57303 3.91482 0.34980
v -0.48698 2.84287 1.43097
v -0.47866 2.79896 1.43151
v -0.47891 2.76686 1.45197
v -0.43163 2.75402 1.49831
v -0.43229 2.81981 1.48351
v -0.44869 2.83300 1.45179
v -0.45941 2.79439 1.47159
v -0.50312 3.35427 -0.52667
v -0.51376 3.40798 -0.55206
v -0.52254 3.45803 -0.54437
v -0.60359 3.48860 -0.51631
v -0.59636 3.39937 -0.49968
v -0.56121 3.37027 -0.52333
v -0.55635 3.42989 -0.51535
v 0.43177 3.39019 -0.42030
v 0.48904 3.37065 -0.42998
v 0.51951 3.33166 -0.44661
v 0.53492 3.25662 -0.39483
v 0.46017 3.30156 -0.36414
v 0.45090 3.35130 -0.37697
v 0.48525 3.31282 -0.41005
v -0.53185 3.35546 1.03345
v -0.48413 3.37126 1.03900
v -0.45146 3.39357 1.02193
v -0.40916 3.36545 0.96498
v -0.47494 3.32712 0.97016
v -0.49922 3.32855 1.00571
v -0.46612 3.36434 0.99224
v -0.41475 3.14305 0.53117
v -0.38503 3.09204 0.53480
v -0.36467 3.05342 0.50968
v -0.41488 2.98802 0.47557
v -0.46539 3.05946 0.49308
v -0.44978 3.09593 0.52412
v -0.41377 3.05932 0.49479
v -0.71803 3.39510 -1.32286
v -0.69974 3.44681 -1.30633
v -0.67187 3.47210 -1.27528
v -0.69593 3.48565 -1.19339
v -0.74126 3.42030 -1.22721
v -0.74435 3.41351 -1.27543
v -0.70169 3.44144 -1.24933
v -0.88093 2.81394 0.64369
v -0.88141 2.85508 0.60800
v -0.87265 2.86866 0.56452
v -0.79600 2.88212 0.53813
v -0.79469 2.83690 0.60673
v -0.83130 2.83466 0.63513
v -0.83414 2.84703 0.58217
v 0.08927 3.46640 0.20252
v 0.04335 3.46712 0.19849
v 0.00989 3.44681 0.20158
v -0.00938 3.40059 0.15329
v 0.05859 3.41424 0.14752
v 0.07466 3.44618 0.16374
v 0.03561 3.42642 0.17826
v -0.44137 3.69481 -0.66057
v -0.42168 3.75153 -0.66591
v -0.40781 3.78919 -0.69791
v -0.32726 3.78877 -0.74011
v -0.34693 3.70542 -0.70952
v -0.38254 3.69767 -0.67337
v -0.38100 3.74553 -0.70997
v -0.02115 3.65681 -0.61302
v -0.07252 3.66307 -0.63787
v -0.10879 3.69380 -0.64933
v -0.16569 3.72116 -0.59003
v -0.09520 3.68922 -0.55111
v -0.06379 3.66013 -0.57473
v -0.09870 3.69779 -0.60038
v -0.70865 3.28899 -0.71795
v -0.70795 3.28422 -0.66863
v -0.72308 3.29800 -0.63173
v -0.69997 3.36228 -0.60135
v -0.68277 3.36061 -0.67409
v -0.68203 3.32447 -0.69586
v -0.70833 3.33171 -0.65450
v -0.61507 2.94401 0.51380
v -0.58496 2.97500 0.50369
v -0.57841 3.01167 0.49730
v -0.59574 3.04096 0.43964
v -0.62889 2.98325 0.44699
v -0.61741 2.95673 0.47135
v -0.60774 2.99990 0.47487
v -0.56227 3.53328 -0.39479
v -0.53106 3.52627 -0.42605
v -0.51522 3.53857 -0.45843
v -0.54543 3.53001 -0.51815
v -0.59022 3.52255 -0.46824
v -0.57928 3.51597 -0.43236
v -0.55388 3.53596 -0.46327
v -0.89026 3.69724 -0.02467
v -0.91892 3.73798 -0.00636
v -0.92537 3.76738 0.02737
v -0.96074 3.74571 0.09586
v -0.93543 3.68087 0.05627
v -0.92539 3.68236 0.01223
v -0.92449 3.72438 0.04464
v -0.98605 3.51206 -0.65666
v -0.95405 3.46002 -0.66206
v -0.92314 3.43084 -0.69242
v -0.95688 3.38189 -0.76333
v -1.01758 3.44693 -0.73788
v -1.01476 3.47036 -0.69128
v -0.96726 3.44403 -0.71977
v -0.25672 3.42773 -1.44661
v -0.28429 3.46051 -1.45714
v -0.30975 3.48522 -1.44479
v -0.37198 3.46683 -1.42999
v -0.33220 3.41351 -1.43171
v -0.29872 3.41441 -1.44874
v -0.31965 3.44990 -1.43299
v -0.50858 3.22622 -0.02271
v -0.50299 3.20322 0.01170
v -0.51837 3.18709 0.03943
v -0.53887 3.21956 0.08940
v -0.53085 3.25822 0.04028
v -0.51101 3.24895 0.01225
v -0.52941 3.22184 0.03815
v -0.14220 3.06969 -0.26662
v -0.09265 3.03973 -0.26552
v -0.04702 3.03636 -0.24710
v 0.01785 3.08751 -0.27556
v -0.05937 3.12163 -0.29812
v -0.10059 3.09454 -0.29832
v -0.05373 3.08260 -0.26646
v -0.46175 3.45504 -0.73580
v -0.48674 3.49640 -0.73706
v -0.49852 3.53004 -0.71644
v -0.55112 3.52759 -0.66597
v -0.52571 3.46046 -0.67894
v -0.50422 3.45167 -0.71295
v -0.50784 3.49581 -0.69356
v -0.29023 3.32386 -1.07937
v -0.23908 3.34934 -1.06629
v -0.21240 3.39156 -1.06622
v -0.17657 3.42400 -1.14031
v -0.24006 3.36573 -1.16026
v -0.25686 3.33274 -1.12675
v -0.23137 3.38375 -1.11313
v -1.13812 3.24303 0.23841
v -1.15785 3.19896 0.24160
v -1.15889 3.16317 0.26200
v -1.10646 3.11299 0.25409
v -1.08283 3.17788 0.23043
v -1.10895 3.20842 0.22131
v -1.11890 3.17207 0.25165
v -0.58050 3.34828 -0.28726
v -0.56966 3.40335 -0.26547
v -0.58400 3.45258 -0.26459
v -0.56601 3.50876 -0.33367
v -0.55851 3.42242 -0.36091
v -0.55327 3.38396 -0.32739
v -0.57846 3.43712 -0.31453
v -0.51108 3.06544 -0.42412
v -0.55404 3.08353 -0.39654
v -0.59427 3.07284 -0.37664
v -0.66177 3.05951 -0.42073
v -0.59557 3.05363 -0.46829
v -0.55488 3.07118 -0.45546
v -0.59419 3.05672 -0.42111
v -0.09825 3.39812 -0.98404
v -0.07340 3.34492 -0.99992
v -0.04655 3.31874 -1.03568
v -0.08557 3.28953 -1.11345
v -0.13710 3.35502 -1.07500
v -0.13161 3.36824 -1.02520
v -0.08809 3.34234 -1.05890
v 0.15498 3.23921 -0.17472
v 0.20653 3.22430 -0.18712
v 0.24983 3.23864 -0.19813
v 0.26856 3.26652 -0.27415
v 0.18626 3.26805 -0.26267
v 0.16567 3.24321 -0.22861
v 0.21825 3.25960 -0.22775
v 0.00295 3.61723 -1.14311
v 0.03295 3.66122 -1.16837
v 0.07807 3.67953 -1.18054
v 0.13120 3.71697 -1.11986
v 0.06896 3.66775 -1.07974
v 0.02709 3.65365 -1.10356
v 0.07762 3.66764 -1.13047
v 0.03566 3.06771 -0.83993
v 0.06584 3.08008 -0.86749
v 0.08748 3.07046 -0.89507
v 0.14030 3.03478 -0.88578
v 0.10097 3.02972 -0.83501
v 0.07451 3.05389 -0.82888
v 0.09161 3.04605 -0.86720
v 0.95610 3.06139 -1.72384
v 0.93147 3.09131 -1.71579
v 0.92497 3.11782 -1.69600
v 0.90365 3.11113 -1.64062
v 0.92748 3.05982 -1.65976
v 0.93309 3.05403 -1.69249
v 0.93066 3.09004 -1.67624
v -0.05297 3.18994 0.46492
v -0.07198 3.22105 0.44490
v -0.10173 3.23236 0.42936
v -0.11864 3.21262 0.37225
v -0.07597 3.17368 0.39675
v -0.05542 3.18333 0.42394
v -0.09246 3.20016 0.41534
v -0.73245 3.70114 -0.13733
v -0.73693 3.68111 -0.09806
v -0.72220 3.67540 -0.06379
v -0.67037 3.63426 -0.05427
v -0.67476 3.65110 -0.11882
v -0.70643 3.66549 -0.13343
v -0.69537 3.66769 -0.09059
v -0.77100 3.16766 -0.33116
v -0.79486 3.20418 -0.28939
v -0.83789 3.22228 -0.26779
v -0.88948 3.28499 -0.30914
v -0.83411 3.24521 -0.36959
v -0.79243 3.21891 -0.35484
v -0.84093 3.22832 -0.32009
v -0.45803 3.19882 -0.89345
v -0.41983 3.16049 -0.87354
v -0.41300 3.11736 -0.85105
v -0.42398 3.10833 -0.76521
v -0.46321 3.18090 -0.79288
v -0.45211 3.20134 -0.83614
v -0.44416 3.14566 -0.82340
v -1.27309 3.23585 -0.17709
v -1.27348 3.23586 -0.12835
v -1.25568 3.24995 -0.09359
v -1.19191 3.22272 -0.06910
v -1.20117 3.20547 -0.13998
v -1.23844 3.20727 -0.15817
v -1.22582 3.23281 -0.11863
v 0.38450 3.21362 -0.66225
v 0.40694 3.23405 -0.61832
v 0.40260 3.26291 -0.58344
v 0.41134 3.34243 -0.59297
v 0.39841 3.30727 -0.66429
v 0.40424 3.26257 -0.67030
v 0.39396 3.28561 -0.62324
v -0.52190 3.19582 -0.69896
v -0.52210 3.22967 -0.71888
v -0.54046 3.25209 -0.73561
v -0.55933 3.24188 -0.79086
v -0.54345 3.19095 -0.76503
v -0.52403 3.19036 -0.73780
v -0.54639 3.22085 -0.74847
v 0.47710 3.60038 -0.49911
v 0.49118 3.63962 -0.47996
v 0.48598 3.66554 -0.45117
v 0.43392 3.71116 -0.45230
v 0.42108 3.65934 -0.49638
v 0.44946 3.63564 -0.50902
v 0.45102 3.65933 -0.46975
v 0.05929 3.72082 -0.70071
v 0.10846 3.72925 -0.72372
v 0.15490 3.72757 -0.71824
v 0.19569 3.78500 -0.67455
v 0.11499 3.78693 -0.65574
v 0.08280 3.76741 -0.68354
v 0.13569 3.75260 -0.68211
v -0.17661 3.65033 -0.70297
v -0.20379 3.69592 -0.68793
v -0.22136 3.73733 -0.70150
v -0.17248 3.80350 -0.71419
v -0.12695 3.73382 -0.71468
v -0.14311 3.69366 -0.69641
v -0.17512 3.73466 -0.71477
v -0.97031 3.09059 0.14612
v -1.01574 3.12396 0.16258
v -1.03724 3.16908 0.16057
v -1.00715 3.23716 0.20865
v -0.94521 3.17403 0.20319
v -0.95658 3.12714 0.18998
v -0.98853 3.17432 0.17574
v -1.46732 3.21185 -0.08814
v -1.47989 3.25332 -0.07449
v -1.50030 3.27410 -0.04901
v -1.56853 3.27930 -0.05323
v -1.54669 3.22569 -0.08996
v -1.50970 3.22220 -0.10081
v -1.52380 3.24645 -0.06506
v -0.19632 3.09057 -1.34331
v -0.21038 3.09504 -1.29417
v -0.20190 3.11323 -1.25535
v -0.14439 3.08776 -1.21022
v -0.13412 3.06305 -1.28286
v -0.16681 3.06278 -1.31185
v -0.16479 3.09336 -1.27070
v -0.28287 3.18345 -1.18824
v -0.29687 3.22390 -1.23172
v -0.31366 3.27188 -1.24247
v -0.40242 3.29494 -1.23456
v -0.38554 3.21762 -1.18756
v -0.34307 3.18902 -1.19642
v -0.34773 3.24857 -1.20879
v -0.24835 2.74795 1.36926
v -0.21323 2.74712 1.40537
v -0.18718 2.77018 1.43049
v -0.12331 2.80149 1.40369
v -0.16962 2.78338 1.34620
v -0.20194 2.75561 1.35119
v -0.18129 2.78228 1.38860
v -0.12558 3.59240 -0.79888
v -0.08696 3.58447 -0.79056
v -0.05492 3.58240 -0.80268
v -0.03659 3.53540 -0.83659
v -0.09731 3.53806 -0.83568
v -0.11421 3.55596 -0.81178
v -0.07625 3.56328 -0.82311
v -0.19174 3.11127 -1.52946
v -0.15960 3.13712 -1.55248
v -0.12453 3.15671 -1.55035
v -0.11913 3.22045 -1.51893
v -0.17916 3.18803 -1.49835
v -0.19472 3.15725 -1.51905
v -0.14917 3.16969 -1.51991
v -0.95318 3.84367 -0.44343
v -0.94410 3.88690 -0.42509
v -0.91575 3.91482 -0.41631
v -0.87166 3.90755 -0.35964
v -0.90147 3.84393 -0.37617
v -0.93492 3.84133 -0.39928
v -0.90430 3.87808 -0.40007
v -0.40590 3.26521 -0.28761
v -0.45749 3.24889 -0.28047
v -0.48580 3.21412 -0.26819
v -0.50124 3.15099 -0.31877
v -0.43324 3.19065 -0.34297
v -0.42370 3.23380 -0.32855
v -0.45558 3.19861 -0.30162
v -0.43805 3.73657 -0.25370
v -0.49004 3.72751 -0.22620
v -0.51556 3.72918 -0.18244
v -0.50460 3.66655 -0.11903
v -0.43575 3.66450 -0.17662
v -0.43873 3.68593 -0.22246
v -0.47188 3.70184 -0.17567
v -1.09374 3.38864 -0.48273
v -1.11332 3.38728 -0.43292
v -1.10477 3.37888 -0.38892
v -1.09909 3.30349 -0.36044
v -1.09084 3.30348 -0.44080
v -1.10436 3.33881 -0.46627
v -1.09127 3.34211 -0.41446
v -1.10272 3.17291 0.09074
v -1.06726 3.17318 0.05389
v -1.05146 3.15322 0.01854
v -1.00918 3.08889 0.02383
v -1.04838 3.10029 0.08931
v -1.06528 3.13916 0.09938
v -1.05494 3.12359 0.05178
v -0.32755 3.51253 0.09699
v -0.33480 3.55075 0.05185
v -0.34558 3.55652 0.00259
v -0.28521 3.53806 -0.06143
v -0.26118 3.49893 0.01587
v -0.28054 3.51373 0.06039
v -0.30728 3.52166 0.00773
v -0.40601 3.22456 -1.17235
v -0.36000 3.21840 -1.14759
v -0.32704 3.19015 -1.13645
v -0.33582 3.13666 -1.07846
v -0.40684 3.16282 -1.10238
v -0.41129 3.20084 -1.12569
v -0.36736 3.17194 -1.12404
v -0.47818 3.68256 -1.01064
v -0.47826 3.67819 -1.05372
v -0.46439 3.66031 -1.08284
v -0.40454 3.67314 -1.10567
v -0.41066 3.69590 -1.04473
v -0.44372 3.70107 -1.02922
v -0.43596 3.67346 -1.06166
v 0.04525 3.54890 -0.77172
v 0.04255 3.52543 -0.81953
v 0.06367 3.49943 -0.85020
v 0.12231 3.52846 -0.89702
v 0.11103 3.57679 -0.83369
v 0.07300 3.57517 -0.80892
v 0.09162 3.53471 -0.83825
v -0.10496 3.00218 -0.19016
v -0.10832 3.00456 -0.23358
v -0.12493 3.02089 -0.26252
v -0.18648 3.00569 -0.28014
v -0.17506 2.98579 -0.21846
v -0.14055 2.98199 -0.20526
v -0.15152 3.00808 -0.23844
v 0.13557 3.31528 -0.38099
v 0.08818 3.28898 -0.39241
v 0.06438 3.26244 -0.42330
v 0.03118 3.29502 -0.49272
v 0.08910 3.34663 -0.46166
v 0.10407 3.34310 -0.41706
v 0.08175 3.30147 -0.44598
v -0.37256 2.84881 1.30991
v -0.39591 2.82769 1.33351
v -0.40223 2.79767 1.34699
v -0.42719 2.75398 1.31547
v -0.40504 2.79530 1.27905
v -0.39772 2.82618 1.28984
v -0.39928 2.79434 1.31291
v -0.11971 3.34058 -0.35138
v -0.07212 3.32410 -0.32443
v -0.03592 3.29166 -0.32220
v -0.04785 3.21265 -0.28988
v -0.12376 3.24817 -0.31002
v -0.12859 3.29614 -0.31660
v -0.07955 3.26748 -0.32273
v -0.25973 3.70319 -0.45640
v -0.30204 3.69899 -0.49002
v -0.33596 3.67208 -0.50602
v -0.32151 3.61210 -0.55970
v -0.25184 3.63454 -0.52323
v -0.24796 3.67486 -0.50108
v -0.29481 3.64897 -0.50961
v -0.68913 3.42824 0.02323
v -0.71745 3.43087 -0.00552
v -0.74635 3.44639 -0.01604
v -0.80067 3.43287 0.00826
v -0.75591 3.41376 0.04507
v -0.72360 3.40989 0.03376
v -0.75093 3.43447 0.01689
v -1.11517 3.28300 -0.89533
v -1.06414 3.27335 -0.90057
v -1.02919 3.27253 -0.92804
v -1.01925 3.21473 -0.98060
v -1.09400 3.21621 -0.95585
v -1.10580 3.23714 -0.91845
v -1.06330 3.24859 -0.94651
v 0.35114 3.04205 -0.36583
v 0.38648 3.08090 -0.36162
v 0.42541 3.09431 -0.34375
v 0.43106 3.11605 -0.26748
v 0.36465 3.07389 -0.27900
v 0.34742 3.06778 -0.31999
v 0.39810 3.07847 -0.31027
v -0.78372 3.87141 -0.16271
v -0.74294 3.85078 -0.15252
v -0.71120 3.83112 -0.16654
v -0.71478 3.76289 -0.18453
v -0.77971 3.79056 -0.18128
v -0.78698 3.82470 -0.16200
v -0.74526 3.81253 -0.17944
v -0.70781 2.67113 -1.75770
v -0.67117 2.69769 -1.76393
v -0.65428 2.73195 -1.75648
v -0.67359 2.78963 -1.78890
v -0.72248 2.74145 -1.79518
v -0.71501 2.70380 -1.78881
v -0.69088 2.73829 -1.77103
v -0.00995 3.54157 -1.07529
v -0.00386 3.59021 -1.10065
v 0.01592 3.63283 -1.09946
v -0.01305 3.69313 -1.04987
v -0.04108 3.61904 -1.02419
v -0.04051 3.58134 -1.05226
v -0.00712 3.62493 -1.05787
v -0.82060 3.03459 1.01245
v -0.79152 3.04664 1.05110
v -0.78033 3.07663 1.07899
v -0.73617 3.13427 1.05942
v -0.76538 3.10211 0.99803
v -0.78191 3.06302 0.99905
v -0.77787 3.09295 1.03871
v -0.04027 3.21123 0.06831
v -0.06272 3.17203 0.08324
v -0.06588 3.14386 0.11220
v -0.01826 3.09048 0.11824
v 0.00909 3.14351 0.07832
v -0.01453 3.17180 0.06146
v -0.02625 3.14646 0.09998
v -0.30363 3.53339 -0.11873
v -0.29399 3.51511 -0.07376
v -0.29088 3.48058 -0.04979
v -0.35134 3.44476 -0.02460
v -0.36979 3.48917 -0.08171
v -0.34472 3.52063 -0.09428
v -0.32915 3.48051 -0.06986
v -0.14820 3.81072 -0.64798
v -0.18144 3.80227 -0.61706
v -0.21653 3.78584 -0.61030
v -0.27569 3.81570 -0.63182
v -0.22142 3.84247 -0.66637
v -0.18459 3.83868 -0.65311
v -0.21926 3.81014 -0.64237
v 0.48385 2.93018 -0.05177
v 0.49226 2.91792 -0.00797
v 0.51077 2.89288 0.01617
v 0.48746 2.82791 0.02650
v 0.45948 2.85445 -0.03168
v 0.45928 2.89322 -0.03873
v 0.48949 2.87184 -0.01096
v -0.49902 3.69906 -0.85616
v -0.45851 3.67186 -0.87601
v -0.42487 3.67117 -0.90569
v -0.43773 3.65831 -0.98306
v -0.50545 3.67956 -0.94731
v -0.51031 3.67726 -0.90276
v -0.46400 3.68170 -0.92747
v -0.44831 2.82774 -1.65687
v -0.40541 2.82851 -1.64828
v -0.37896 2.82826 -1.62202
v -0.36513 2.88198 -1.58621
v -0.42441 2.88829 -1.61460
v -0.43463 2.86710 -1.64351
v -0.40418 2.85588 -1.61416
v -0.33836 3.68265 -0.85923
v -0.36424 3.67343 -0.90442
v -0.40022 3.68307 -0.92974
v -0.47244 3.65367 -0.91283
v -0.42493 3.64804 -0.84898
v -0.38012 3.65091 -0.85250
v -0.41422 3.67152 -0.88727
v -0.02367 3.10468 -0.27652
v 0.01497 3.10007 -0.28701
v 0.04770 3.10062 -0.27668
v 0.07725 3.15287 -0.26697
v 0.01723 3.16259 -0.26737
v -0.00462 3.13991 -0.28103
v 0.03207 3.13068 -0.26715
v -0.48829 3.50592 -0.97486
v -0.50532 3.50482 -0.92303
v -0.53759 3.48979 -0.89314
v -0.61196 3.52484 -0.88858
v -0.57558 3.54488 -0.95967
v -0.52974 3.54024 -0.96579
v -0.55904 3.51189 -0.92952
v -0.36405 3.34109 -0.79425
v -0.39491 3.32981 -0.76253
v -0.40339 3.32839 -0.72460
v -0.37658 3.28018 -0.68331
v -0.33974 3.28478 -0.74135
v -0.35399 3.30178 -0.77330
v -0.36825 3.31060 -0.73082
v -1.11661 3.57432 -0.17162
v -1.14361 3.57524 -0.12677
v -1.16136 3.60046 -0.09456
v -1.11672 3.63336 -0.03830
v -1.07170 3.61189 -0.09955
v -1.08597 3.58258 -0.12998
v -1.11741 3.61184 -0.10004
v 0.59381 2.77665 -2.14931
v 0.54731 2.77877 -2.17680
v 0.52700 2.77690 -2.21807
v 0.52966 2.83974 -2.27000
v 0.58788 2.84767 -2.21344
v 0.58645 2.82426 -2.17382
v 0.56181 2.80876 -2.21937
v -0.42260 3.50894 0.19980
v -0.43745 3.45709 0.22185
v -0.45642 3.41215 0.21275
v -0.54273 3.39989 0.20152
v -0.52271 3.48485 0.19111
v -0.48006 3.50382 0.20794
v -0.48823 3.44763 0.19491
v -0.17105 3.40209 -0.79020
v -0.13228 3.42266 -0.82418
v -0.12197 3.43738 -0.86791
v -0.10920 3.38338 -0.93063
v -0.14936 3.34540 -0.86771
v -0.14988 3.36353 -0.82405
v -0.14181 3.39321 -0.87025
v -0.76282 3.67712 0.19218
v -0.79430 3.62872 0.17726
v -0.81694 3.58626 0.19351
v -0.76970 3.51277 0.21500
v -0.71588 3.58486 0.21385
v -0.72933 3.62782 0.19034
v -0.76781 3.58710 0.21075
v -0.01915 2.79101 -1.45356
v 0.00502 2.83451 -1.46739
v 0.00152 2.87781 -1.47429
v -0.03236 2.90643 -1.53836
v -0.05284 2.83193 -1.52827
v -0.02992 2.80501 -1.50209
v -0.03063 2.85646 -1.49762
v -1.02741 3.71741 -0.62262
v -1.01416 3.68083 -0.63413
v -1.00880 3.65909 -0.66045
v -1.05485 3.62856 -0.68679
v -1.07665 3.67596 -0.65480
v -1.05777 3.69168 -0.63050
v -1.04228 3.67063 -0.66153
v 0.03422 3.39677 -1.20558
v 0.00456 3.38980 -1.17693
v -0.03037 3.38861 -1.17002
v -0.06447 3.44118 -1.16251
v -0.01017 3.45457 -1.19173
v 0.01755 3.43220 -1.19089
v -0.02231 3.42068 -1.18553
v -0.35856 3.33106 -0.63946
v -0.36058 3.28238 -0.63949
v -0.34186 3.24696 -0.62866
v -0.28441 3.22061 -0.66620
v -0.29403 3.29186 -0.68151
v -0.32984 3.31124 -0.67346
v -0.31447 3.27112 -0.65048
v -0.19914 2.52702 -1.13569
v -0.20970 2.54075 -1.18985
v -0.20560 2.52779 -1.23635
v -0.13118 2.53435 -1.27856
v -0.11734 2.53672 -1.19391
v -0.15297 2.54649 -1.16257
v -0.16096 2.52526 -1.21473
v -0.12418 3.13211 0.57985
v -0.15016 3.10257 0.57278
v -0.16454 3.07401 0.58448
v -0.13501 3.02142 0.58457
v -0.09601 3.06706 0.57883
v -0.10610 3.09810 0.56916
v -0.12982 3.07103 0.58655
v -0.48420 3.32131 0.74183
v -0.48192 3.28656 0.77500
v -0.50152 3.26650 0.80487
v -0.51113 3.29583 0.87055
v -0.49490 3.34755 0.82229
v -0.47766 3.33866 0.78621
v -0.50392 3.30780 0.81213
v -0.39251 3.46203 -0.45577
v -0.43014 3.48714 -0.44348
v -0.44421 3.52290 -0.43266
v -0.43460 3.54842 -0.36741
v -0.38887 3.49594 -0.37995
v -0.39456 3.46981 -0.40959
v -0.41263 3.51305 -0.40856
v -0.10500 3.49514 -0.91981
v -0.14711 3.50422 -0.87611
v -0.19565 3.52011 -0.86498
v -0.21815 3.60991 -0.86293
v -0.13886 3.59805 -0.90925
v -0.11061 3.55432 -0.90457
v -0.17089 3.55800 -0.89368
v -0.07122 3.45802 -0.47618
v -0.08932 3.42073 -0.48100
v -0.09307 3.39205 -0.50166
v -0.12876 3.39310 -0.55353
v -0.11475 3.45186 -0.53572
v -0.10326 3.45917 -0.50289
v -0.09955 3.42197 -0.52144
v 0.10773 3.00190 -0.43005
v 0.08444 2.98114 -0.46998
v 0.05558 2.95215 -0.48375
v 0.07158 2.87742 -0.48586
v 0.12096 2.91356 -0.44002
v 0.12648 2.95633 -0.44187
v 0.08454 2.93218 -0.45690
v -0.37421 3.55810 -0.17978
v -0.37278 3.55262 -0.22224
v -0.39091 3.55482 -0.25382
v -0.43490 3.51064 -0.27086
v -0.42371 3.50745 -0.20729
v -0.39386 3.52217 -0.19232
v -0.41103 3.53475 -0.22950
v 0.09533 3.49568 -1.06243
v 0.10258 3.54852 -1.06783
v 0.09559 3.58993 -1.04992
v 0.02339 3.62621 -1.05370
v 0.01537 3.54690 -1.06738
v 0.05102 3.52085 -1.07905
v 0.05478 3.56710 -1.05220
v -0.20525 2.91980 -0.37680
v -0.24904 2.94123 -0.39365
v -0.27325 2.95252 -0.42853
v -0.25599 3.01486 -0.47181
v -0.19432 2.99404 -0.42915
v -0.19830 2.96792 -0.39405
v -0.23171 2.96926 -0.43332
v -0.27882 3.38305 -0.30656
v -0.32491 3.40174 -0.30952
v -0.35423 3.42662 -0.29155
v -0.39366 3.40420 -0.23160
v -0.33215 3.36170 -0.23940
v -0.31072 3.36001 -0.27599
v -0.33978 3.39802 -0.26211
v -0.47499 3.56898 -0.10376
v -0.50799 3.56995 -0.13817
v -0.51584 3.56497 -0.17771
v -0.49745 3.61461 -0.22643
v -0.46054 3.62490 -0.16554
v -0.47244 3.60848 -0.13035
v -0.48388 3.59131 -0.17334
v -0.20113 3.23967 -1.37163
v -0.20777 3.25023 -1.41699
v -0.19248 3.24960 -1.45401
v -0.14265 3.29576 -1.47455
v -0.14607 3.29351 -1.40370
v -0.17793 3.27846 -1.38464
v -0.16546 3.26719 -1.42857
v -0.23752 2.39074 1.20600
v -0.24852 2.39600 1.14806
v -0.22900 2.39911 1.10167
v -0.19131 2.47430 1.07158
v -0.19685 2.47631 1.16071
v -0.22785 2.44563 1.18601
v -0.20645 2.43442 1.13197
v -0.96193 3.30697 -1.07399
v -0.94274 3.25506 -1.06511
v -0.92367 3.22447 -1.03381
v -0.84214 3.22861 -1.01170
v -0.86640 3.30154 -1.04699
v -0.90593 3.30460 -1.07359
v -0.89711 3.26559 -1.03432
v -0.93549 3.20102 -1.24038
v -0.90042 3.22979 -1.27890
v -0.88422 3.27470 -1.29589
v -0.93511 3.32618 -1.34899
v -0.98598 3.26495 -1.30749
v -0.96584 3.22352 -1.28636
v -0.93618 3.27421 -1.29589
v -0.52971 3.08837 0.81671
v -0.53940 3.04063 0.78749
v -0.52006 3.00395 0.76256
v -0.49174 3.01407 0.68230
v -0.49934 3.09034 0.72066
v -0.52609 3.09616 0.76056
v -0.50318 3.04683 0.74418
v -0.19404 3.46734 -0.53778
v -0.22222 3.49802 -0.54974
v -0.25262 3.51700 -0.54094
v -0.31222 3.49052 -0.54570
v -0.26675 3.44354 -0.54520
v -0.23130 3.45079 -0.55248
v -0.25974 3.47997 -0.53773
v -0.30269 3.03219 -1.04536
v -0.28814 3.07619 -1.06266
v -0.26542 3.09683 -1.09153
v -0.19106 3.10140 -1.08697
v -0.21602 3.04578 -1.04389
v -0.25638 3.04338 -1.03203
v -0.24044 3.06729 -1.07230
v -0.33681 3.74803 -0.60204
v -0.37190 3.77378 -0.61380
v -0.38429 3.80324 -0.63509
v -0.37123 3.86774 -0.61785
v -0.32881 3.82579 -0.58518
v -0.33623 3.78827 -0.58172
v -0.35285 3.81464 -0.61430
v -0.19959 3.55372 -0.50355
v -0.23148 3.58348 -0.52577
v -0.25381 3.61860 -0.52327
v -0.31532 3.62266 -0.48260
v -0.27501 3.56434 -0.46188
v -0.24511 3.54860 -0.48630
v -0.26126 3.59475 -0.48859
v -0.23823 3.83464 0.08864
v -0.24790 3.77468 0.09093
v -0.22676 3.72771 0.09614
v -0.18130 3.68745 0.02740
v -0.18857 3.77754 0.01186
v -0.22335 3.80672 0.03675
v -0.20132 3.75410 0.05774
v -1.50692 2.35290 0.01728
v -1.50639 2.33108 -0.03099
v -1.48166 2.31097 -0.06291
v -1.43177 2.35236 -0.10967
v -1.45033 2.39509 -0.04472
v -1.48625 2.38516 -0.01930
v -1.46106 2.35045 -0.05038
v 0.12518 3.18437 -0.19041
v 0.07149 3.17666 -0.19136
v 0.03681 3.14651 -0.18660
v 0.01866 3.09228 -0.24516
v 0.09430 3.12148 -0.25636
v 0.10845 3.16057 -0.23620
v 0.06825 3.12927 -0.21757
v -0.33487 3.61419 -0.32485
v -0.34306 3.65311 -0.30174
v -0.33368 3.69085 -0.29694
v -0.27582 3.71010 -0.26381
v -0.27116 3.64364 -0.28325
v -0.30286 3.62276 -0.29294
v -0.30026 3.66863 -0.29516
v -0.67731 3.54338 0.01594
v -0.72367 3.56993 -0.00203
v -0.75037 3.60978 0.00013
v -0.80040 3.62645 0.06686
v -0.74257 3.56767 0.08768
v -0.71866 3.54286 0.05425
v -0.74183 3.59355 0.04582
v -0.00929 3.87934 -0.64106
v -0.03690 3.91374 -0.68004
v -0.05379 3.91850 -0.72701
v 0.00106 3.93521 -0.79483
v 0.04701 3.90456 -0.72529
v 0.02790 3.90478 -0.67894
v -0.00431 3.90462 -0.72821
v -0.59108 3.53169 -0.02737
v -0.54718 3.55242 -0.03099
v -0.50718 3.55079 -0.02020
v -0.48444 3.57058 0.04678
v -0.55676 3.55775 0.04746
v -0.57906 3.55690 0.01251
v -0.53117 3.54843 0.01481
v 0.32214 3.85154 -0.19923
v 0.35476 3.88092 -0.18461
v 0.36265 3.91673 -0.17017
v 0.36188 3.97358 -0.21067
v 0.32742 3.92148 -0.24184
v 0.33211 3.88397 -0.23069
v 0.34011 3.92054 -0.20349
v -0.23039 3.57121 -0.50037
v -0.19314 3.53197 -0.50165
v -0.17073 3.49946 -0.47787
v -0.11060 3.51814 -0.42589
v -0.15553 3.58444 -0.44178
v -0.18337 3.58660 -0.47845
v -0.16738 3.54060 -0.45485
v 0.12438 3.95430 -0.97689
v 0.15717 3.98483 -0.99732
v 0.19683 3.99846 -0.99758
v 0.22249 4.04482 -0.94551
v 0.15994 4.01229 -0.92211
v 0.13345 3.99372 -0.94880
v 0.18142 4.00066 -0.95750
v -1.07940 3.31732 0.46063
v -1.12924 3.30029 0.45768
v -1.17113 3.30922 0.44412
v -1.21813 3.35954 0.48401
v -1.14214 3.37090 0.50472
v -1.11060 3.33994 0.49663
v -1.15568 3.34434 0.46961
v -0.13928 3.64111 -0.70583
v -0.16587 3.61260 -0.73494
v -0.19806 3.61019 -0.76092
v -0.26728 3.60901 -0.73654
v -0.22256 3.63448 -0.68420
v -0.18162 3.62822 -0.68562
v -0.21083 3.62799 -0.72452
v -0.28075 3.92949 -0.43110
v -0.27755 3.99036 -0.43301
v -0.24796 4.03244 -0.42572
v -0.22896 4.06414 -0.34144
v -0.25832 3.97706 -0.33657
v -0.28421 3.95476 -0.37570
v -0.24617 4.00202 -0.38203
v -0.58173 3.61378 -0.23311
v -0.56154 3.62861 -0.28249
v -0.57108 3.63752 -0.32780
v -0.58520 3.57605 -0.38258
v -0.59403 3.54754 -0.30455
v -0.57629 3.57077 -0.26754
v -0.58917 3.59426 -0.31599
v -0.35656 3.03273 -0.42175
v -0.40037 3.04142 -0.41703
v -0.43045 3.04180 -0.39339
v -0.46249 2.98479 -0.37563
v -0.40117 2.97023 -0.40053
v -0.38155 2.99541 -0.42162
v -0.41342 3.00650 -0.39198
v -0.14439 3.22939 -0.30454
v -0.10459 3.24860 -0.28997
v -0.07887 3.25272 -0.26009
v -0.09235 3.29457 -0.20535
v -0.15177 3.28007 -0.23981
v -0.15145 3.26618 -0.27693
v -0.11624 3.26164 -0.24685
v 0.97587 2.41743 -1.37355
v 0.97832 2.36796 -1.38072
v 0.95668 2.33134 -1.38356
v 0.92993 2.29622 -1.32228
v 0.94590 2.36822 -1.30601
v 0.97139 2.39167 -1.33087
v 0.94565 2.35167 -1.34647
v -0.33947 3.18904 -1.06098
v -0.33684 3.13829 -1.04557
v -0.35790 3.10401 -1.02489
v -0.36434 3.10056 -0.94509
v -0.34656 3.17525 -0.96807
v -0.32955 3.18408 -1.00904
v -0.35856 3.14120 -0.99719
v -0.48748 2.80155 1.30141
v -0.50105 2.80183 1.34690
v -0.49182 2.79153 1.38489
v -0.49748 2.72397 1.40798
v -0.49620 2.72546 1.33639
v -0.50386 2.75936 1.31572
v -0.48816 2.75821 1.36050
v -0.61628 3.29593 -1.40002
v -0.60114 3.26707 -1.37156
v -0.59704 3.23143 -1.36318
v -0.64674 3.19553 -1.34078
v -0.66931 3.24967 -1.36944
v -0.64760 3.27880 -1.37558
v -0.63335 3.23820 -1.37111
v -0.86879 3.29631 -0.12152
v -0.86189 3.30938 -0.07749
v -0.87820 3.32356 -0.04435
v -0.89509 3.39125 -0.03770
v -0.88677 3.37506 -0.10537
v -0.86741 3.34248 -0.11672
v -0.88798 3.34775 -0.07541
v -0.46680 3.71812 0.00197
v -0.46987 3.75417 0.03737
v -0.45178 3.78934 0.05451
v -0.39058 3.78487 0.09997
v -0.39826 3.72031 0.05990
v -0.43546 3.70979 0.04083
v -0.42164 3.75707 0.05245
v -0.15581 4.00397 -0.55467
v -0.15157 4.05235 -0.58855
v -0.13806 4.07131 -0.63328
v -0.05233 4.08446 -0.65471
v -0.05840 4.02799 -0.58574
v -0.10037 4.02450 -0.55798
v -0.09876 4.04385 -0.61392
v -0.70687 3.52663 -0.01889
v -0.65671 3.49134 -0.02244
v -0.60973 3.48013 -0.00232
v -0.53594 3.53398 -0.01801
v -0.61387 3.58049 -0.03687
v -0.65937 3.55585 -0.04466
v -0.61245 3.53274 -0.01244
v -0.12378 2.96849 0.69807
v -0.08670 3.00989 0.68572
v -0.06745 3.05228 0.69925
v -0.11012 3.12623 0.68990
v -0.16461 3.05998 0.68548
v -0.14915 3.01483 0.67687
v -0.11702 3.05611 0.69933
v -1.25772 3.46412 -0.26102
v -1.21142 3.44217 -0.25293
v -1.18436 3.42292 -0.22378
v -1.14542 3.46454 -0.17014
v -1.20494 3.50656 -0.19874
v -1.22465 3.49593 -0.23683
v -1.19873 3.46243 -0.20689
v -0.18728 3.37344 -0.19496
v -0.18734 3.31492 -0.18313
v -0.16765 3.27730 -0.15515
v -0.08566 3.24390 -0.17177
v -0.09477 3.32447 -0.21102
v -0.14049 3.34524 -0.21905
v -0.12888 3.30443 -0.17705
v 0.00427 3.62516 -0.10527
v 0.00512 3.65982 -0.06343
v 0.03051 3.67943 -0.03008
v 0.05108 3.63865 0.03800
v 0.02796 3.58601 -0.02045
v 0.00348 3.59976 -0.05724
v 0.03546 3.63230 -0.02773
v -0.41847 3.75073 0.51965
v -0.44140 3.75523 0.57080
v -0.44482 3.78122 0.61090
v -0.38296 3.78191 0.66898
v -0.35320 3.75275 0.59505
v -0.38250 3.73693 0.56062
v -0.39741 3.77338 0.60078
v -0.82663 3.71720 -0.26125
v -0.82416 3.71580 -0.20851
v -0.80672 3.69560 -0.17230
v -0.83337 3.62492 -0.14691
v -0.85585 3.63714 -0.22238
v -0.85574 3.67822 -0.24071
v -0.82579 3.66376 -0.19968
v -0.39331 2.34473 0.82162
v -0.36705 2.32190 0.78646
v -0.33836 2.29232 0.77766
v -0.26567 2.30311 0.79071
v -0.30626 2.35217 0.82966
v -0.34642 2.36037 0.81989
v -0.32285 2.31842 0.80839
v -0.10370 3.51896 -0.16325
v -0.13802 3.54794 -0.14788
v -0.15578 3.56519 -0.11590
v -0.19986 3.52848 -0.07300
v -0.15990 3.48331 -0.11165
v -0.14067 3.49530 -0.14515
v -0.15355 3.52424 -0.10978
v 0.03823 3.26576 -0.29743
v 0.03909 3.21332 -0.28642
v 0.06470 3.17583 -0.28176
v 0.09357 3.13590 -0.34587
v 0.07126 3.21057 -0.36741
v 0.04331 3.23565 -0.34147
v 0.07393 3.19569 -0.32312
v -0.10304 3.19240 -0.34973
v -0.08914 3.22721 -0.38279
v -0.05762 3.25196 -0.39713
v -0.03579 3.31383 -0.35996
v -0.07543 3.26880 -0.31427
v -0.10059 3.23804 -0.32952
v -0.06148 3.25726 -0.35398
v -0.73237 3.32348 0.90530
v -0.69002 3.34660 0.86752
v -0.63914 3.35140 0.85691
v -0.58491 3.40939 0.90430
v -0.66275 3.39303 0.95144
v -0.70520 3.37336 0.92830
v -0.64797 3.36615 0.90759
v 0.36979 3.27298 0.25181
v 0.39104 3.27382 0.21033
v 0.40579 3.25251 0.18026
v 0.46746 3.21912 0.18542
v 0.44330 3.23524 0.24946
v 0.41515 3.26272 0.25482
v 0.42158 3.23896 0.21524
v -0.29353 3.25599 -1.42536
v -0.32039 3.22654 -1.40869
v -0.32716 3.19077 -1.40323
v -0.34898 3.15235 -1.45117
v -0.32314 3.20677 -1.47610
v -0.31781 3.23682 -1.45554
v -0.32027 3.19662 -1.43987
v -0.01456 3.66258 -1.33805
v -0.05289 3.64398 -1.37141
v -0.09751 3.64477 -1.38292
v -0.15379 3.60492 -1.33921
v -0.08564 3.61435 -1.29525
v -0.04526 3.62442 -1.31505
v -0.09357 3.63550 -1.33676
v -0.65063 3.42226 0.36655
v -0.65268 3.40674 0.41613
v -0.63906 3.41390 0.45766
v -0.56688 3.39426 0.48132
v -0.56963 3.39742 0.40298
v -0.60804 3.39614 0.38098
v -0.60291 3.41192 0.43026
v 0.03967 3.02426 -0.55854
v 0.08291 3.02653 -0.57568
v 0.11862 3.04359 -0.57318
v 0.13028 3.10850 -0.59742
v 0.06134 3.09794 -0.58892
v 0.04608 3.06146 -0.58580
v 0.09015 3.07253 -0.57558
v -0.52759 3.70580 -0.52758
v -0.56762 3.69287 -0.54153
v -0.60497 3.69555 -0.53681
v -0.63638 3.66415 -0.48683
v -0.57091 3.66815 -0.47388
v -0.54572 3.67526 -0.50108
v -0.58849 3.68673 -0.50292
v 0.00580 3.80613 -0.31501
v 0.00563 3.80500 -0.27014
v 0.01966 3.81985 -0.23782
v 0.08196 3.80487 -0.21588
v 0.07605 3.78931 -0.28154
v 0.04189 3.78536 -0.29824
v 0.04939 3.80967 -0.26126
v -0.52276 3.44343 -0.35581
v -0.50066 3.46201 -0.31549
v -0.50491 3.48559 -0.28069
v -0.50716 3.56031 -0.28389
v -0.52127 3.53127 -0.35139
v -0.51117 3.49138 -0.36094
v -0.51910 3.50805 -0.31490
v 0.31146 3.95911 -0.80686
v 0.32371 3.94270 -0.76757
v 0.33970 3.91395 -0.74908
v 0.30700 3.85665 -0.73824
v 0.27721 3.89119 -0.78712
v 0.28354 3.92807 -0.79202
v 0.31162 3.90030 -0.77194
v -0.34061 3.41486 0.05223
v -0.39493 3.40008 0.03145
v -0.43451 3.41374 0.00214
v -0.49440 3.47604 0.02915
v -0.41863 3.48240 0.07829
v -0.38471 3.44422 0.08040
v -0.42345 3.45273 0.03537
v 0.15941 3.77363 -0.66554
v 0.14192 3.81954 -0.65809
v 0.14857 3.85740 -0.64035
v 0.13964 3.86851 -0.56674
v 0.14624 3.79521 -0.58110
v 0.14042 3.77957 -0.62000
v 0.15352 3.82651 -0.61027
v -0.25224 3.31825 -1.19776
v -0.21249 3.32032 -1.20501
v -0.18748 3.31866 -1.22864
v -0.16865 3.26538 -1.25169
v -0.22332 3.25869 -1.22540
v -0.23553 3.28177 -1.20292
v -0.20780 3.28988 -1.23123
v 0.10857 3.65791 -0.45804
v 0.07578 3.63930 -0.48697
v 0.04448 3.64654 -0.51161
v -0.02072 3.66208 -0.48610
v 0.02870 3.67206 -0.43510
v 0.06563 3.65571 -0.43779
v 0.03753 3.66485 -0.47501
v -0.69072 3.29699 -1.33295
v -0.69136 3.34328 -1.34963
v -0.71135 3.38013 -1.34974
v -0.77331 3.39076 -1.38926
v -0.76083 3.31809 -1.38048
v -0.72316 3.30341 -1.36940
v -0.73916 3.34896 -1.35987
v -0.78171 2.79887 0.89471
v -0.82720 2.81740 0.88916
v -0.85571 2.83308 0.86244
v -0.85058 2.90268 0.83611
v -0.78481 2.88081 0.86365
v -0.78163 2.84808 0.88994
v -0.81854 2.85453 0.85771
v -0.07005 3.87900 -0.10624
v -0.03586 3.92260 -0.09784
v -0.03137 3.96692 -0.08073
v -0.06136 4.03394 -0.12264
v -0.09739 3.96313 -0.15154
v -0.07830 3.92016 -0.14336
v -0.06944 3.96535 -0.11143
v -0.87844 3.33951 -0.59009
v -0.89540 3.35119 -0.55359
v -0.91060 3.37754 -0.53492
v -0.87654 3.42493 -0.51060
v -0.84352 3.39539 -0.55570
v -0.85228 3.36267 -0.56696
v -0.87902 3.38949 -0.54902
v -0.09962 3.29161 -0.05866
v -0.10262 3.25312 -0.04664
v -0.10953 3.23160 -0.02066
v -0.06939 3.22158 0.02417
v -0.05514 3.27288 -0.00561
v -0.06766 3.27965 -0.03697
v -0.08526 3.25501 -0.01018
v -0.41508 3.75993 -0.57137
v -0.46368 3.77725 -0.56360
v -0.48947 3.81202 -0.55357
v -0.49563 3.83903 -0.47988
v -0.43140 3.79406 -0.48691
v -0.42635 3.76570 -0.52075
v -0.45680 3.80805 -0.52205
v -0.65604 3.29624 -0.87256
v -0.63102 3.26311 -0.84706
v -0.61108 3.25449 -0.81170
v -0.54375 3.28063 -0.79800
v -0.57538 3.31937 -0.85187
v -0.60808 3.30481 -0.87288
v -0.59577 3.29074 -0.82789
v -0.51236 3.93852 -0.51282
v -0.53138 3.88681 -0.51443
v -0.55330 3.85243 -0.49118
v -0.51454 3.80746 -0.43295
v -0.47263 3.87785 -0.44727
v -0.47952 3.90315 -0.48621
v -0.51658 3.86856 -0.46458
v 0.02650 3.75642 -0.31923
v 0.07166 3.77788 -0.32201
v 0.11304 3.77263 -0.33092
v 0.15986 3.73780 -0.28292
v 0.08815 3.72113 -0.26592
v 0.05566 3.74477 -0.28022
v 0.10054 3.74204 -0.30227
v 0.09614 3.70516 -0.62599
v 0.11924 3.74368 -0.65124
v 0.13989 3.75624 -0.68787
v 0.21384 3.73668 -0.70181
v 0.18389 3.69048 -0.64692
v 0.14752 3.70141 -0.62491
v 0.15971 3.71922 -0.67170
v -0.45725 2.57725 0.95600
v -0.41751 2.61182 0.92733
v -0.40748 2.63962 0.88567
v -0.38631 2.60092 0.80666
v -0.42594 2.54057 0.86120
v -0.42938 2.54814 0.91160
v -0.42348 2.59194 0.87106
v -0.51037 3.22699 1.36999
v -0.51664 3.19661 1.41259
v -0.53190 3.19390 1.45473
v -0.49224 3.22616 1.51565
v -0.46719 3.25761 1.44704
v -0.47505 3.23756 1.40765
v -0.50410 3.23040 1.45104
v 0.09277 3.84507 -1.16061
v 0.10156 3.85001 -1.20587
v 0.12890 3.84946 -1.23436
v 0.17380 3.90238 -1.24324
v 0.14531 3.90548 -1.17941
v 0.11211 3.88603 -1.17054
v 0.14116 3.87410 -1.20466
v 0.23426 3.73714 -0.46608
v 0.20221 3.76397 -0.48130
v 0.17537 3.78924 -0.47257
v 0.11668 3.77053 -0.44592
v 0.16191 3.72147 -0.43879
v 0.19356 3.72040 -0.45959
v 0.17042 3.75738 -0.45089
v 0.08082 2.89559 -1.37581
v 0.03895 2.89659 -1.34063
v 0.00686 2.92266 -1.31917
v 0.02624 2.97165 -1.25566
v 0.09436 2.95128 -1.29754
v 0.09520 2.91499 -1.32673
v 0.04993 2.94222 -1.31256
v 0.37842 3.50106 -0.38100
v 0.33025 3.52317 -0.37607
v 0.30540 3.56090 -0.37988
v 0.30896 3.61948 -0.32505
v 0.37313 3.57162 -0.31849
v 0.37379 3.53006 -0.33660
v 0.34267 3.56978 -0.35356
v -1.09921 3.33805 -1.20484
v -1.05809 3.35142 -1.23463
v -1.01712 3.34039 -1.24874
v -0.95343 3.34906 -1.20245
v -1.01933 3.35010 -1.15852
v -1.05951 3.35766 -1.17662
v -1.01818 3.33880 -1.20293
v 0.20357 3.08256 -0.35074
v 0.18240 3.04853 -0.37965
v 0.18557 3.01031 -0.39697
v 0.22967 2.99747 -0.45572
v 0.24929 3.06123 -0.42242
v 0.22335 3.08127 -0.39601
v 0.22124 3.03290 -0.40589
v -0.77980 3.48514 -0.23082
v -0.78934 3.43473 -0.22566
v -0.79409 3.39609 -0.24599
v -0.85876 3.37836 -0.28544
v -0.85436 3.45526 -0.27455
v -0.82808 3.47277 -0.24402
v -0.82087 3.42651 -0.26563
v -0.64280 3.74683 -0.33174
v -0.64688 3.72094 -0.30190
v -0.63572 3.71081 -0.27162
v -0.58483 3.67974 -0.26561
v -0.58615 3.70694 -0.31899
v -0.61502 3.71845 -0.33236
v -0.60889 3.71296 -0.29350
v -0.97863 2.45644 1.06156
v -0.97549 2.46846 1.00691
v -0.95028 2.46416 0.96659
v -0.88086 2.51034 0.95247
v -0.89958 2.51052 1.03494
v -0.94289 2.49826 1.05085
v -0.92123 2.48161 1.00191
v -0.30042 3.89223 -0.13506
v -0.30231 3.89512 -0.17735
v -0.28989 3.91161 -0.20701
v -0.30877 3.97064 -0.22306
v -0.32179 3.95940 -0.16140
v -0.32282 3.92584 -0.14803
v -0.30113 3.93720 -0.18268
v -0.78924 3.67732 0.05021
v -0.81489 3.70449 0.01612
v -0.81383 3.73716 -0.01194
v -0.81647 3.80987 0.01108
v -0.79693 3.76463 0.06935
v -0.80403 3.72215 0.06838
v -0.79931 3.75129 0.02731
v -0.70000 3.72055 -0.05393
v -0.74825 3.70797 -0.07055
v -0.79176 3.71848 -0.07023
v -0.83773 3.70363 -0.00734
v -0.76130 3.70170 0.01373
v -0.72867 3.69719 -0.01658
v -0.77644 3.71646 -0.02701
v -0.40624 3.72708 -0.24824
v -0.40550 3.68823 -0.20452
v -0.39370 3.64198 -0.19024
v -0.44327 3.57249 -0.21266
v -0.46165 3.64102 -0.26514
v -0.44918 3.68762 -0.25267
v -0.42249 3.63969 -0.23238
v -1.04673 3.06241 -0.08128
v -1.08522 3.08231 -0.10076
v -1.11931 3.07639 -0.12176
v -1.11842 3.06468 -0.19248
v -1.05339 3.05282 -0.16474
v -1.04284 3.06716 -0.12840
v -1.08760 3.05899 -0.14209
v -0.71187 3.56805 -0.32185
v -0.75316 3.58309 -0.31121
v -0.78356 3.60397 -0.32228
v -0.78266 3.67217 -0.32071
v -0.71898 3.64784 -0.31830
v -0.71164 3.61129 -0.30866
v -0.75085 3.62580 -0.32586
v -0.76365 4.03222 -0.85623
v -0.80618 4.01098 -0.85043
v -0.82829 3.98452 -0.82864
v -0.82016 3.91310 -0.83606
v -0.76271 3.94756 -0.86316
v -0.76402 3.98722 -0.87262
v -0.79274 3.96606 -0.84067
v -0.49561 3.67733 -0.36702
v -0.44050 3.66944 -0.36722
v -0.39964 3.67529 -0.34388
v -0.36128 3.74992 -0.34011
v -0.44164 3.75989 -0.36244
v -0.46750 3.72383 -0.37915
v -0.42270 3.71800 -0.34662
v -0.08226 3.93257 -0.24483
v -0.08080 3.92414 -0.29994
v -0.06978 3.94215 -0.34249
v -0.11863 3.99930 -0.38029
v -0.13675 3.99556 -0.29820
v -0.12385 3.95847 -0.27147
v -0.09848 3.97356 -0.31879
v -0.62604 3.44760 0.05818
v -0.61418 3.40027 0.05627
v -0.62015 3.36235 0.07228
v -0.59046 3.34242 0.13669
v -0.59055 3.41584 0.13051
v -0.59515 3.43465 0.09371
v -0.61087 3.38954 0.10379
v 0.46349 3.73914 -0.60730
v 0.42586 3.75189 -0.59053
v 0.40391 3.78025 -0.58260
v 0.41545 3.81924 -0.53180
v 0.46917 3.78579 -0.54696
v 0.46781 3.75545 -0.56762
v 0.43813 3.78672 -0.56826
v 0.29093 3.40328 -0.86015
v 0.31567 3.43465 -0.83088
v 0.34851 3.44010 -0.80495
v 0.34814 3.41365 -0.73506
v 0.29562 3.37941 -0.77573
v 0.28168 3.39563 -0.81210
v 0.32597 3.40544 -0.79222
v -0.71417 3.58692 0.30736
v -0.67424 3.58588 0.29866
v -0.64936 3.59346 0.27551
v -0.64068 3.55927 0.22491
v -0.69664 3.54840 0.24848
v -0.70463 3.55691 0.28128
v -0.67507 3.57470 0.25935
v -0.08400 3.19123 -0.26635
v -0.12561 3.18881 -0.25023
v -0.15414 3.20730 -0.23310
v -0.15295 3.22083 -0.16706
v -0.09081 3.20630 -0.18883
v -0.08491 3.18817 -0.22177
v -0.12146 3.21206 -0.21229
v -1.12164 2.96070 0.38672
v -1.09477 2.94296 0.34930
v -1.08812 2.91076 0.32308
v -1.05348 2.84869 0.34534
v -1.07762 2.88711 0.40442
v -1.08802 2.92775 0.40159
v -1.08830 2.89616 0.36365
v -0.35127 3.33501 -0.29300
v -0.38847 3.32307 -0.27640
v -0.40528 3.30437 -0.25042
v -0.40943 3.24048 -0.25228
v -0.36308 3.26066 -0.29161
v -0.36134 3.29497 -0.30288
v -0.38059 3.28239 -0.26720
v -0.69870 4.10466 -0.04322
v -0.67425 4.13283 -0.06365
v -0.64056 4.14275 -0.07252
v -0.60155 4.17115 -0.03022
v -0.64978 4.14196 0.00043
v -0.68017 4.13232 -0.01676
v -0.64253 4.13782 -0.03576
v -0.07423 3.46104 -0.13296
v -0.05373 3.49677 -0.09364
v -0.02796 3.53694 -0.08502
v 0.05783 3.53735 -0.08954
v 0.02645 3.46875 -0.13065
v -0.01876 3.45293 -0.12298
v -0.00138 3.50639 -0.11387
v -0.57800 2.76715 0.88722
v -0.61830 2.80397 0.89948
v -0.63368 2.83747 0.92971
v -0.66727 2.81759 1.00457
v -0.62347 2.75213 0.97415
v -0.61174 2.74912 0.92805
v -0.62270 2.79701 0.95483
v -0.45212 3.46340 -0.54747
v -0.43786 3.47130 -0.49632
v -0.40344 3.47418 -0.46634
v -0.36508 3.40823 -0.43913
v -0.40579 3.39074 -0.50694
v -0.43936 3.41766 -0.52242
v -0.39950 3.43419 -0.49049
v -0.22520 3.07299 -1.51958
v -0.20536 3.02342 -1.51209
v -0.16771 2.99752 -1.50758
v -0.12179 2.97736 -1.57163
v -0.16930 3.04075 -1.59016
v -0.20638 3.05121 -1.56517
v -0.16399 3.02351 -1.54666
v -0.35608 3.04723 -1.43067
v -0.31599 3.01600 -1.41113
v -0.30345 2.97379 -1.39658
v -0.32525 2.94538 -1.32265
v -0.37299 3.00884 -1.34369
v -0.36069 3.03853 -1.37713
v -0.34262 2.98732 -1.37328
v -0.16833 3.28299 -1.16399
v -0.16144 3.27163 -1.10946
v -0.17074 3.24149 -1.07354
v -0.24664 3.23905 -1.03605
v -0.25254 3.27767 -1.11118
v -0.21403 3.29488 -1.13366
v -0.21277 3.25359 -1.09567
v -0.95472 3.82394 -0.44303
v -0.96349 3.78681 -0.46019
v -0.95877 3.76509 -0.48804
v -0.98889 3.77429 -0.54274
v -0.99013 3.82708 -0.50816
v -0.98365 3.82666 -0.47312
v -0.96996 3.79772 -0.50005
v -0.15360 2.73844 1.17272
v -0.16082 2.72300 1.13173
v -0.18517 2.70616 1.10823
v -0.19748 2.64041 1.11151
v -0.16916 2.66138 1.16846
v -0.15052 2.69422 1.17045
v -0.18202 2.68502 1.14056
v -0.48982 3.69381 -0.36290
v -0.45656 3.70779 -0.41137
v -0.42080 3.69204 -0.44488
v -0.33252 3.68825 -0.42245
v -0.38382 3.69188 -0.34717
v -0.43278 3.70769 -0.34856
v -0.40301 3.68454 -0.39577
v -1.15541 2.79312 -0.33228
v -1.14139 2.74799 -0.30260
v -1.14476 2.70078 -0.29828
v -1.21483 2.66388 -0.26967
v -1.23166 2.74253 -0.29456
v -1.19726 2.77483 -0.30021
v -1.18946 2.71964 -0.30289
v -0.11363 3.66000 -0.90219
v -0.11337 3.63862 -0.93716
v -0.10606 3.63873 -0.97129
v -0.14290 3.66673 -1.01231
v -0.15490 3.68753 -0.95533
v -0.14477 3.66999 -0.92690
v -0.12697 3.66676 -0.96367
v -0.94499 3.04915 1.45528
v -0.95995 3.05046 1.39817
v -0.98117 3.07682 1.36097
v -1.06959 3.08550 1.35430
v -1.04752 3.05957 1.43663
v -1.00260 3.03936 1.44681
v -1.01354 3.07508 1.40108
v -1.00814 3.36197 -0.59743
v -1.01859 3.31649 -0.60561
v -1.03272 3.28193 -0.59030
v -0.99294 3.24081 -0.54744
v -0.96557 3.30678 -0.55049
v -0.97542 3.33246 -0.58002
v -1.00247 3.29620 -0.56594
v 0.40060 3.69732 -0.95257
v 0.43857 3.68439 -0.92412
v 0.47299 3.66083 -0.92042
v 0.46908 3.58807 -0.90648
v 0.40378 3.61274 -0.93158
v 0.39407 3.65348 -0.93130
v 0.43997 3.63584 -0.93178
v -0.40958 3.49746 -0.52901
v -0.35737 3.47736 -0.54453
v -0.32562 3.46936 -0.58158
v -0.33613 3.40288 -0.63763
v -0.41124 3.41886 -0.59550
v -0.41242 3.44489 -0.55348
v -0.37048 3.44894 -0.59342
v -0.60192 3.67990 0.11840
v -0.57485 3.71497 0.09290
v -0.54055 3.74178 0.09342
v -0.54145 3.80794 0.13305
v -0.59738 3.76120 0.15826
v -0.61138 3.72745 0.13459
v -0.56513 3.74873 0.13003
v -0.07451 2.61236 1.00819
v -0.11185 2.61968 0.98747
v -0.12940 2.62043 0.95502
v -0.12097 2.66941 0.91255
v -0.07221 2.66880 0.95609
v -0.07508 2.65077 0.98816
v -0.09790 2.64124 0.95258
v -0.42264 3.22203 -0.16969
v -0.40138 3.25943 -0.16882
v -0.39423 3.29009 -0.15006
v -0.43709 3.33873 -0.14659
v -0.46680 3.28413 -0.16532
v -0.44803 3.25560 -0.17864
v -0.43145 3.28564 -0.15267
v -0.11516 3.38325 -0.26263
v -0.15169 3.39405 -0.27213
v -0.17158 3.41871 -0.28287
v -0.18862 3.46275 -0.24709
v -0.14139 3.43516 -0.22432
v -0.13229 3.40463 -0.23450
v -0.15340 3.42981 -0.25599
v -0.22513 3.22266 -0.92589
v -0.24300 3.22808 -0.96494
v -0.26103 3.25091 -0.98760
v -0.32476 3.26320 -0.98032
v -0.30039 3.23785 -0.92528
v -0.26830 3.21969 -0.92488
v -0.27934 3.24920 -0.95457
v 0.02560 3.77748 -0.43956
v 0.06384 3.76774 -0.44888
v 0.09138 3.74842 -0.44102
v 0.12752 3.76181 -0.39350
v 0.07375 3.79042 -0.38772
v 0.05251 3.79474 -0.41462
v 0.08051 3.76553 -0.41198
v -0.68849 3.16498 1.24285
v -0.69978 3.19617 1.28182
v -0.71226 3.19925 1.32346
v -0.78548 3.18734 1.34483
v -0.77312 3.15740 1.27475
v -0.73890 3.16926 1.25050
v -0.74081 3.17279 1.30152
v -0.13017 3.50965 -0.56818
v -0.09781 3.53350 -0.60734
v -0.06325 3.52718 -0.63976
v 0.01795 3.51903 -0.61718
v -0.03232 3.50479 -0.55055
v -0.07793 3.51911 -0.54999
v -0.04834 3.50924 -0.59665
v -0.44101 3.67758 -0.04305
v -0.47564 3.66408 -0.02568
v -0.50652 3.64848 -0.03055
v -0.55460 3.67859 -0.05533
v -0.50197 3.70869 -0.06778
v -0.47271 3.70279 -0.04960
v -0.50347 3.67591 -0.05340
v -0.59280 3.66162 -0.02613
v -0.53896 3.66604 -0.03033
v -0.50316 3.67562 -0.05784
v -0.47629 3.62214 -0.11353
v -0.55206 3.60245 -0.08997
v -0.57039 3.61900 -0.05098
v -0.53038 3.64294 -0.07858
v 0.89300 2.60428 -1.81494
v 0.87619 2.61427 -1.85352
v 0.87979 2.63401 -1.88441
v 0.86664 2.69792 -1.88598
v 0.87518 2.67830 -1.82433
v 0.87322 2.64274 -1.81489
v 0.88275 2.65701 -1.85460
v -0.52494 3.53209 -0.13739
v -0.56142 3.57976 -0.13456
v -0.58831 3.61119 -0.10441
v -0.66721 3.58589 -0.06759
v -0.62083 3.51296 -0.09498
v -0.58232 3.51662 -0.12850
v -0.60102 3.56152 -0.09321
v -0.06224 3.53485 -0.86804
v -0.07318 3.49740 -0.82496
v -0.06633 3.45167 -0.80730
v -0.10990 3.38280 -0.83966
v -0.11315 3.44976 -0.89619
v -0.10327 3.49617 -0.88211
v -0.08362 3.44871 -0.85492
v -0.80876 3.71949 -0.46618
v -0.80509 3.67042 -0.46513
v -0.81404 3.63514 -0.44433
v -0.77626 3.61498 -0.38366
v -0.76575 3.68719 -0.39743
v -0.77405 3.70388 -0.43498
v -0.79477 3.66275 -0.41762
v 0.07147 3.52598 -0.45594
v 0.11574 3.50036 -0.44169
v 0.15142 3.47620 -0.45543
v 0.14464 3.39901 -0.47580
v 0.07260 3.43406 -0.47644
v 0.06507 3.47327 -0.45519
v 0.11267 3.45700 -0.47218
v -0.36479 3.62505 0.00203
v -0.37313 3.57939 0.03228
v -0.39580 3.56001 0.06886
v -0.37268 3.57501 0.14778
v -0.34069 3.63316 0.09696
v -0.33771 3.62641 0.05035
v -0.37380 3.60055 0.08348
v -0.59918 3.58985 0.14227
v -0.56479 3.55710 0.13786
v -0.52962 3.54709 0.12018
v -0.52661 3.52532 0.05167
v -0.58888 3.55916 0.06413
v -0.60289 3.56486 0.10183
v -0.55694 3.55838 0.09084
v 0.47614 2.65364 -1.55606
v 0.49385 2.68781 -1.50936
v 0.52827 2.69445 -1.47157
v 0.52617 2.64416 -1.39539
v 0.47760 2.60350 -1.46115
v 0.46127 2.62934 -1.50266
v 0.50893 2.64534 -1.46896
v -1.24989 3.18741 0.13362
v -1.21111 3.19873 0.08884
v -1.16232 3.19673 0.07290
v -1.10007 3.25642 0.10194
v -1.17194 3.25659 0.15775
v -1.21730 3.23721 0.14339
v -1.16428 3.22119 0.11951
v -0.66897 3.57095 -0.01191
v -0.70801 3.56210 0.01606
v -0.74941 3.55842 0.01767
v -0.79358 3.61739 0.01662
v -0.72651 3.63557 -0.00790
v -0.69329 3.61170 -0.00038
v -0.73937 3.59553 -0.00080
v -0.34279 3.70820 -0.30308
v -0.34522 3.74413 -0.33177
v -0.33330 3.78068 -0.33949
v -0.35886 3.83539 -0.30515
v -0.37178 3.77695 -0.26990
v -0.36996 3.74173 -0.28704
v -0.34758 3.77910 -0.30193
v -0.69365 3.64587 0.01069
v -0.66797 3.66272 -0.02511
v -0.65203 3.65540 -0.06126
v -0.59380 3.61521 -0.06899
v -0.62317 3.60367 -0.00520
v -0.64942 3.62946 0.01093
v -0.64106 3.62534 -0.03532
v 0.07875 3.34676 -0.64911
v 0.12039 3.36622 -0.62699
v 0.16133 3.37973 -0.63239
v 0.21956 3.33006 -0.64046
v 0.15258 3.29471 -0.65418
v 0.11477 3.31156 -0.64099
v 0.15709 3.33877 -0.64939
v -0.30197 2.91707 1.52313
v -0.27763 2.93049 1.56832
v -0.26845 2.91896 1.61105
v -0.32313 2.92577 1.66912
v -0.35882 2.92703 1.59747
v -0.33573 2.93568 1.55959
v -0.31420 2.91647 1.60412
v -1.04208 3.36830 -0.91647
v -1.00259 3.32706 -0.90184
v -0.98941 3.27873 -0.90501
v -1.02959 3.21608 -0.85634
v -1.07975 3.28945 -0.85909
v -1.06067 3.33396 -0.87232
v -1.03793 3.28193 -0.88814
v -0.28189 3.45506 -0.29338
v -0.27060 3.48337 -0.25167
v -0.24607 3.48697 -0.21532
v -0.26133 3.44515 -0.15134
v -0.29658 3.41333 -0.21315
v -0.30306 3.43603 -0.25028
v -0.26621 3.44660 -0.21565
v -0.68035 3.44168 -0.56089
v -0.65586 3.48192 -0.56533
v -0.65731 3.52218 -0.56654
v -0.68030 3.55716 -0.62438
v -0.70171 3.48909 -0.62677
v -0.68440 3.46065 -0.60405
v -0.68440 3.50682 -0.59370
v -1.08084 3.37788 0.01081
v -1.10917 3.37463 -0.03201
v -1.13547 3.39559 -0.06010
v -1.20948 3.41124 -0.04272
v -1.16973 3.39521 0.02199
v -1.13119 3.37438 0.02076
v -1.15087 3.40147 -0.01830
v 0.38458 3.35448 -0.74656
v 0.37869 3.33600 -0.78524
v 0.36130 3.33753 -0.81769
v 0.29857 3.32050 -0.82381
v 0.31268 3.33194 -0.76111
v 0.34744 3.33241 -0.74886
v 0.33585 3.33994 -0.78986
v -0.10955 3.88147 -0.60691
v -0.08455 3.84995 -0.58401
v -0.08061 3.82879 -0.55097
v -0.05679 3.85725 -0.49180
v -0.07809 3.90731 -0.53561
v -0.08292 3.90043 -0.57413
v -0.08471 3.86783 -0.54131
v -1.04095 2.98760 0.69639
v -1.03049 3.03148 0.67902
v -1.03155 3.07212 0.68552
v -1.09329 3.11038 0.67883
v -1.10845 3.03938 0.68577
v -1.07993 3.01043 0.67918
v -1.07014 3.05611 0.69160
v -0.28743 3.98169 -0.90932
v -0.25435 3.97215 -0.88464
v -0.23732 3.94658 -0.86572
v -0.25876 3.92710 -0.80874
v -0.30515 3.95761 -0.84040
v -0.29796 3.97924 -0.86837
v -0.27283 3.94770 -0.85540
v -0.17937 3.08699 -1.21168
v -0.18452 3.08595 -1.25085
v -0.18824 3.10379 -1.27915
v -0.23971 3.13067 -1.29270
v -0.23826 3.11731 -1.23461
v -0.21668 3.09464 -1.22221
v -0.21110 3.11478 -1.25575
v -0.30780 3.49570 -0.19185
v -0.29001 3.44118 -0.20198
v -0.29867 3.39863 -0.22596
v -0.36119 3.34276 -0.19969
v -0.37495 3.42211 -0.16457
v -0.33905 3.45627 -0.16252
v -0.34070 3.41253 -0.20092
v -0.23515 3.41042 -1.03671
v -0.22535 3.36577 -1.00509
v -0.21507 3.34953 -0.96183
v -0.13771 3.35506 -0.92993
v -0.14618 3.40813 -0.99431
v -0.18106 3.40345 -1.02597
v -0.18297 3.38384 -0.97400
v -0.60070 3.53549 -0.24822
v -0.56310 3.56712 -0.21802
v -0.55641 3.59772 -0.18017
v -0.57994 3.68139 -0.18433
v -0.62010 3.63592 -0.24672
v -0.60405 3.59168 -0.26080
v -0.59371 3.61519 -0.20916
v 0.08783 3.86381 -0.22076
v 0.14176 3.84600 -0.23139
v 0.18678 3.85845 -0.24687
v 0.20448 3.87030 -0.33140
v 0.11842 3.87404 -0.31803
v 0.09781 3.85602 -0.27713
v 0.15281 3.87325 -0.28112
v -0.76580 3.28359 1.11872
v -0.80140 3.27278 1.09711
v -0.82961 3.24955 1.09436
v -0.82232 3.18977 1.07011
v -0.76463 3.21400 1.08742
v -0.75962 3.24993 1.09264
v -0.79759 3.22994 1.09585
v -1.19850 2.86182 -0.52193
v -1.23858 2.87000 -0.54658
v -1.25589 2.88992 -0.57752
v -1.27240 2.95990 -0.57296
v -1.22475 2.94234 -0.52185
v -1.21856 2.90370 -0.51079
v -1.23575 2.91719 -0.55325
v -0.54548 3.82187 -0.63873
v -0.52427 3.77279 -0.63406
v -0.49057 3.74733 -0.61657
v -0.41614 3.74759 -0.64846
v -0.45733 3.81268 -0.67345
v -0.50290 3.81480 -0.67063
v -0.47201 3.78358 -0.63977
v -1.14065 3.50703 0.53182
v -1.13464 3.49851 0.57982
v -1.13185 3.51512 0.61811
v -1.07042 3.54951 0.64124
v -1.07041 3.54440 0.56731
v -1.09514 3.51733 0.54716
v -1.10413 3.53500 0.59210
v -0.64052 3.82724 -0.19203
v -0.67151 3.78244 -0.17895
v -0.67501 3.73485 -0.17979
v -0.69424 3.69300 -0.25067
v -0.66792 3.77113 -0.26933
v -0.66696 3.80576 -0.23651
v -0.66484 3.75100 -0.22484
v 0.07815 3.24079 0.30449
v 0.11993 3.24060 0.31716
v 0.15227 3.22226 0.31707
v 0.16264 3.17025 0.35613
v 0.09805 3.18197 0.35075
v 0.08507 3.21470 0.33880
v 0.12474 3.19901 0.32952
v 0.10505 3.54825 -0.12874
v 0.14089 3.51857 -0.13008
v 0.17489 3.50702 -0.11327
v 0.23441 3.54335 -0.12167
v 0.17915 3.58344 -0.13817
v 0.14362 3.56771 -0.14608
v 0.17641 3.54703 -0.12029
v -0.10937 3.54225 -0.41175
v -0.07457 3.53292 -0.39162
v -0.04785 3.54490 -0.37218
v -0.00062 3.57660 -0.39751
v -0.04941 3.57636 -0.43620
v -0.07558 3.55315 -0.43278
v -0.05059 3.56483 -0.40208
v -0.37001 3.52866 -0.33654
v -0.32318 3.50816 -0.34565
v -0.28547 3.51108 -0.36859
v -0.28125 3.48945 -0.44378
v -0.35601 3.50059 -0.42314
v -0.36853 3.50142 -0.38072
v -0.32050 3.51207 -0.39737
v -0.06371 3.34119 -1.00669
v -0.09967 3.36964 -1.00458
v -0.13674 3.37618 -1.01517
v -0.15319 3.39655 -1.07929
v -0.08946 3.36946 -1.07857
v -0.06928 3.36532 -1.04534
v -0.11506 3.36758 -1.04778
v -0.18097 3.59564 -0.56533
v -0.20133 3.54684 -0.56030
v -0.22022 3.51653 -0.53255
v -0.17674 3.47543 -0.47925
v -0.13613 3.53992 -0.50402
v -0.14728 3.56188 -0.54196
v -0.18081 3.53201 -0.51362
v 0.36670 3.38560 -1.10263
v 0.37823 3.35818 -1.13080
v 0.36834 3.33216 -1.15182
v 0.35752 3.27529 -1.13019
v 0.35650 3.31616 -1.08385
v 0.37062 3.34790 -1.08710
v 0.35749 3.32508 -1.11848
v -0.21005 3.94080 -0.84457
v -0.23299 3.95440 -0.80308
v -0.23506 3.95050 -0.76131
v -0.26464 3.89030 -0.72911
v -0.24759 3.87556 -0.80002
v -0.24105 3.90623 -0.82796
v -0.23566 3.91133 -0.77921
v 0.58529 3.24100 -0.73852
v 0.55388 3.23972 -0.76736
v 0.54385 3.24676 -0.80157
v 0.53112 3.30666 -0.82141
v 0.56501 3.30823 -0.76671
v 0.56749 3.27923 -0.74496
v 0.55902 3.27738 -0.78673
v 0.12330 2.97438 -0.35399
v 0.15279 2.94873 -0.36906
v 0.16108 2.92396 -0.39336
v 0.14111 2.86424 -0.38805
v 0.10642 2.90208 -0.35119
v 0.11765 2.93466 -0.34195
v 0.13041 2.91403 -0.37609
v -0.57357 3.36350 -1.27635
v -0.53783 3.36139 -1.24474
v -0.49771 3.35777 -1.23910
v -0.46410 3.29439 -1.24584
v -0.52853 3.29178 -1.27800
v -0.55765 3.31896 -1.26975
v -0.51093 3.32676 -1.26365
v -0.59209 3.48341 0.52061
v -0.55254 3.49936 0.51119
v -0.51618 3.49221 0.50795
v -0.47731 3.48588 0.56078
v -0.54049 3.47912 0.57824
v -0.56817 3.49094 0.55637
v -0.52826 3.48036 0.54213
v -0.91791 3.64159 -0.85485
v -0.90516 3.62033 -0.89235
v -0.88850 3.62339 -0.92669
v -0.92085 3.65070 -0.97967
v -0.95167 3.66842 -0.92192
v -0.94577 3.64928 -0.88928
v -0.91685 3.65037 -0.92368
v -0.14106 3.54507 -0.15517
v -0.16192 3.58810 -0.15326
v -0.15679 3.62814 -0.14758
v -0.14696 3.65616 -0.08176
v -0.13378 3.58517 -0.08071
v -0.14713 3.56048 -0.11027
v -0.13961 3.60744 -0.11560
v -0.62294 3.18372 -0.72589
v -0.65093 3.21775 -0.74870
v -0.65485 3.25824 -0.76013
v -0.67367 3.31136 -0.71086
v -0.64934 3.25039 -0.67488
v -0.64739 3.21270 -0.69390
v -0.64627 3.25621 -0.71771
v -0.67899 3.02019 -0.84740
v -0.69967 2.99880 -0.88157
v -0.69929 2.99044 -0.91924
v -0.71770 3.03638 -0.96639
v -0.70352 3.06775 -0.90734
v -0.70239 3.04850 -0.87392
v -0.69598 3.02960 -0.91459
v 0.05546 3.62447 -0.29402
v 0.05649 3.66839 -0.30696
v 0.03718 3.70223 -0.30876
v -0.01264 3.71316 -0.35537
v -0.00069 3.64542 -0.34885
v 0.03215 3.63186 -0.33274
v 0.01451 3.67333 -0.32458
v -0.13369 2.88246 -0.30008
v -0.15060 2.83934 -0.32211
v -0.14332 2.79688 -0.32941
v -0.09113 2.77291 -0.38128
v -0.07801 2.84685 -0.36259
v -0.10861 2.87146 -0.34345
v -0.10695 2.82025 -0.34113
v -0.62750 3.50654 0.06511
v -0.66235 3.52926 0.06149
v -0.68331 3.54816 0.03985
v -0.66800 3.60648 0.02158
v -0.61705 3.57662 0.04354
v -0.61975 3.54755 0.06387
v -0.64908 3.56042 0.03706
v -0.18022 3.61832 -0.23532
v -0.21523 3.60831 -0.20461
v -0.25486 3.61113 -0.19640
v -0.28443 3.67259 -0.17373
v -0.22057 3.68563 -0.20402
v -0.19319 3.65620 -0.20951
v -0.24010 3.64893 -0.20556
v -0.45851 3.60451 0.04146
v -0.50303 3.60471 0.06951
v -0.54327 3.58604 0.07589
v -0.60435 3.60103 0.02741
v -0.53606 3.62110 -0.00776
v -0.49839 3.62725 0.01574
v -0.53885 3.59760 0.03163
v -0.67925 3.65109 -0.35254
v -0.69062 3.66484 -0.39956
v -0.69251 3.69687 -0.42794
v -0.74782 3.74878 -0.42584
v -0.74358 3.71251 -0.35931
v -0.72346 3.67489 -0.35544
v -0.71385 3.70870 -0.39142
v -0.30206 2.83597 1.28060
v -0.29224 2.78004 1.26102
v -0.30481 2.73061 1.26505
v -0.27606 2.67968 1.33429
v -0.26811 2.76758 1.35490
v -0.26865 2.80380 1.31878
v -0.29337 2.74940 1.31267
v -0.68306 3.74024 -0.50247
v -0.67855 3.75532 -0.44924
v -0.65238 3.77732 -0.41659
v -0.58393 3.74187 -0.38388
v -0.60483 3.70351 -0.45533
v -0.64798 3.70787 -0.47414
v -0.62489 3.74478 -0.43972
v -0.38903 3.55319 -0.29965
v -0.41125 3.59765 -0.27944
v -0.42330 3.64108 -0.28705
v -0.36863 3.70079 -0.28824
v -0.33185 3.62924 -0.29737
v -0.35246 3.59004 -0.28608
v -0.37830 3.63533 -0.29880
v -0.46013 3.95236 -0.06533
v -0.49218 3.96959 -0.02349
v -0.52966 3.96046 0.00374
v -0.60783 3.97073 -0.02421
v -0.55456 3.96695 -0.08860
v -0.50819 3.97376 -0.08286
v -0.54258 3.95688 -0.04278
v -0.01473 3.45632 -1.00440
v -0.05528 3.46795 -1.01670
v -0.07993 3.47024 -1.04477
v -0.07576 3.51761 -1.09098
v -0.01793 3.51177 -1.05908
v -0.01543 3.49464 -1.02590
v -0.04717 3.48719 -1.05536
v -1.02280 3.29400 -0.32332
v -1.01749 3.25513 -0.33095
v -1.03101 3.22389 -0.32994
v -1.03543 3.19295 -0.27836
v -1.02701 3.25153 -0.26672
v -1.01492 3.27289 -0.29031
v -1.03386 3.23863 -0.29842
v -0.47530 3.55572 -0.35218
v -0.50903 3.53867 -0.39394
v -0.52581 3.54761 -0.43799
v -0.58476 3.60719 -0.45206
v -0.54809 3.61971 -0.37643
v -0.52335 3.58502 -0.35436
v -0.53192 3.58758 -0.40998
v -0.70288 3.20771 1.09290
v -0.68487 3.19820 1.13118
v -0.65357 3.19482 1.15050
v -0.61414 3.14312 1.14327
v -0.65471 3.14776 1.09215
v -0.68560 3.16795 1.09367
v -0.65078 3.17450 1.11867
v -0.76575 2.95258 0.62747
v -0.77293 2.92749 0.66102
v -0.79745 2.91431 0.68415
v -0.82095 2.94976 0.73214
v -0.79390 2.98760 0.68800
v -0.77065 2.97461 0.66349
v -0.80014 2.95131 0.68334
v -0.18117 3.64663 0.05815
v -0.15835 3.69386 0.07167
v -0.16513 3.73839 0.08170
v -0.18144 3.79348 0.02357
v -0.19541 3.71802 -0.00456
v -0.17783 3.68077 0.01622
v -0.18659 3.72826 0.04077
v -0.93405 3.18549 -0.00348
v -0.91259 3.19216 -0.03723
v -0.90775 3.18383 -0.07039
v -0.87964 3.13201 -0.08673
v -0.89840 3.12831 -0.02862
v -0.90658 3.15647 -0.01038
v -0.90756 3.15430 -0.05085
v -0.21539 3.26075 -0.39536
v -0.24650 3.22736 -0.38463
v -0.25986 3.20199 -0.35684
v -0.22521 3.14231 -0.34130
v -0.18239 3.18706 -0.37546
v -0.19670 3.21777 -0.39660
v -0.21945 3.19706 -0.36122
v 0.14664 3.89674 -1.00009
v 0.10596 3.89753 -1.02561
v 0.07556 3.92042 -1.04065
v 0.02176 3.94463 -0.99857
v 0.07813 3.92448 -0.95774
v 0.10761 3.90015 -0.97231
v 0.07933 3.92783 -0.99953
v -0.29466 3.50532 -0.70997
v -0.27443 3.54930 -0.73656
v -0.27688 3.59585 -0.74290
v -0.33772 3.63075 -0.78790
v -0.35937 3.55344 -0.76559
v -0.32746 3.52204 -0.75114
v -0.32085 3.57680 -0.74837
v -1.07489 3.29586 0.09014
v -1.09867 3.25641 0.08231
v -1.13130 3.23989 0.06661
v -1.19398 3.24410 0.09861
v -1.15029 3.29304 0.12442
v -1.11088 3.29057 0.11947
v -1.14233 3.27030 0.09149
v -0.71236 3.67789 -0.41130
v -0.69541 3.71512 -0.41286
v -0.69908 3.74906 -0.40577
v -0.73441 3.78584 -0.44063
v -0.74901 3.72667 -0.45067
v -0.72750 3.70073 -0.44172
v -0.72742 3.73785 -0.42446
v -0.54005 3.40143 -1.21121
v -0.52440 3.43949 -1.25493
v -0.49884 3.48201 -1.26732
v -0.53116 3.56435 -1.24777
v -0.57309 3.50173 -1.19750
v -0.57213 3.45216 -1.21005
v -0.53084 3.49228 -1.22707
v -0.70607 3.54832 -0.24836
v -0.67404 3.51663 -0.21785
v -0.65521 3.47464 -0.21229
v -0.69909 3.41104 -0.18453
v -0.74919 3.47026 -0.21142
v -0.73445 3.51382 -0.21729
v -0.70215 3.47003 -0.21813
v -0.49810 3.23378 0.85101
v -0.51277 3.28503 0.83902
v -0.54320 3.31944 0.84648
v -0.61848 3.31870 0.81289
v -0.58595 3.24297 0.81114
v -0.54025 3.23587 0.81630
v -0.56699 3.27972 0.83494
v -0.84226 3.36843 0.71977
v -0.83062 3.33514 0.68510
v -0.84443 3.30419 0.66009
v -0.85828 3.23576 0.68642
v -0.85591 3.28484 0.74258
v -0.83800 3.32270 0.73813
v -0.85612 3.29579 0.70081
v -0.04105 3.15851 -0.26833
v -0.02322 3.12845 -0.31061
v -0.02768 3.08872 -0.33479
v 0.00193 3.01690 -0.30624
v -0.00453 3.07156 -0.24443
v -0.00834 3.11742 -0.25252
v -0.02251 3.07833 -0.28831
v -0.08980 3.27877 -1.02239
v -0.06183 3.31948 -0.99705
v -0.06370 3.36283 -0.97825
v -0.06607 3.43150 -1.02616
v -0.08733 3.36420 -1.07128
v -0.07702 3.32037 -1.05686
v -0.08213 3.36413 -1.02307
v -0.22609 3.15601 -0.52578
v -0.24746 3.16642 -0.48872
v -0.24476 3.17335 -0.45198
v -0.23652 3.12447 -0.40777
v -0.22073 3.10308 -0.46864
v -0.23201 3.12125 -0.49944
v -0.22759 3.13986 -0.45979
v 0.06724 3.37646 -0.92124
v 0.02817 3.35299 -0.89469
v -0.00321 3.32084 -0.89486
v -0.07090 3.32871 -0.93597
v -0.01660 3.38046 -0.96256
v 0.01956 3.39132 -0.93821
v -0.00750 3.34635 -0.93298
v -0.85548 3.49460 -0.69447
v -0.89747 3.45821 -0.70592
v -0.94036 3.45156 -0.72720
v -1.01287 3.48074 -0.69228
v -0.94547 3.52059 -0.65767
v -0.90076 3.50258 -0.66123
v -0.94295 3.49104 -0.69737
v -0.08323 2.92111 0.69990
v -0.05894 2.96030 0.69491
v -0.02702 2.98087 0.70576
v -0.02365 3.01362 0.76749
v -0.07444 2.96552 0.76857
v -0.08943 2.95043 0.73528
v -0.04713 2.96909 0.73888
v -0.18439 2.46194 -1.57427
v -0.19710 2.50048 -1.53793
v -0.18471 2.54056 -1.51811
v -0.12571 2.54404 -1.46099
v -0.12019 2.47362 -1.50301
v -0.15563 2.45745 -1.52823
v -0.14848 2.50987 -1.51523
v -1.58775 3.22419 -0.10647
v -1.61251 3.22329 -0.06204
v -1.61652 3.20432 -0.02329
v -1.65081 3.13614 -0.01514
v -1.63096 3.14705 -0.08847
v -1.62180 3.18648 -0.10394
v -1.61803 3.17321 -0.05498
v -0.03931 3.39490 -0.04044
v -0.00245 3.37875 -0.02638
v 0.03316 3.38414 -0.02175
v 0.07454 3.38051 -0.07085
v 0.01461 3.38792 -0.09298
v -0.01437 3.38118 -0.07217
v 0.02423 3.39128 -0.05718
v -0.88342 3.79108 -0.09983
v -0.90267 3.83105 -0.09767
v -0.92267 3.85534 -0.07668
v -0.98847 3.84739 -0.06677
v -0.96129 3.78993 -0.08796
v -0.92749 3.78900 -0.10493
v -0.94079 3.82105 -0.07720
v -0.12706 2.92255 -0.45400
v -0.09081 2.94050 -0.42945
v -0.07853 2.95665 -0.39462
v -0.09335 3.02432 -0.37738
v -0.13683 3.00222 -0.42951
v -0.12829 2.96980 -0.45188
v -0.11159 2.97736 -0.40825
v -1.03897 3.48076 -0.84147
v -1.06458 3.52474 -0.85177
v -1.09789 3.54372 -0.87382
v -1.09321 3.55863 -0.95059
v -1.03897 3.50595 -0.93006
v -1.02670 3.50046 -0.88793
v -1.07246 3.51994 -0.90287
v -1.39575 2.67086 -0.50636
v -1.43362 2.67604 -0.49714
v -1.46487 2.67977 -0.50855
v -1.48363 2.73099 -0.53185
v -1.42434 2.72948 -0.53104
v -1.40756 2.70799 -0.51160
v -1.44440 2.70249 -0.52415
v -0.98189 2.54634 1.10066
v -0.97110 2.58272 1.11811
v -0.95042 2.59923 1.14188
v -0.96254 2.59676 1.20367
v -0.99320 2.55055 1.17374
v -0.99860 2.55143 1.13859
v -0.96781 2.57166 1.15825
v -0.01187 3.90002 -0.63093
v -0.01208 3.85768 -0.66320
v 0.00567 3.83816 -0.70007
v -0.01447 3.86179 -0.77415
v -0.03427 3.91846 -0.72078
v -0.03776 3.90930 -0.67651
v -0.00838 3.88115 -0.71084
v -0.65054 3.21872 -0.55346
v -0.66911 3.21494 -0.59496
v -0.67535 3.23194 -0.62935
v -0.72283 3.28115 -0.63726
v -0.70746 3.27364 -0.57058
v -0.68976 3.24174 -0.55718
v -0.68718 3.25650 -0.60028
v -0.64881 3.66847 -0.39977
v -0.62223 3.63474 -0.36441
v -0.62470 3.59576 -0.33760
v -0.66564 3.59517 -0.26435
v -0.68998 3.66095 -0.31044
v -0.66420 3.67665 -0.34695
v -0.66227 3.62471 -0.32712
v -0.17954 3.47299 -1.06518
v -0.15114 3.47825 -1.09267
v -0.12034 3.46911 -1.10367
v -0.07016 3.48829 -1.07661
v -0.11737 3.49538 -1.04001
v -0.14923 3.49514 -1.05175
v -0.11836 3.47771 -1.06999
v 0.62876 2.67812 -1.88329
v 0.60162 2.65670 -1.83613
v 0.55817 2.64365 -1.81556
v 0.50130 2.70392 -1.78525
v 0.55910 2.74172 -1.84016
v 0.60222 2.71974 -1.85194
v 0.55453 2.69128 -1.83363
v -0.19167 3.73510 0.06993
v -0.20462 3.70183 0.09926
v -0.19299 3.67441 0.12499
v -0.16573 3.61376 0.10404
v -0.16322 3.66031 0.05221
v -0.18548 3.69276 0.05247
v -0.17302 3.66933 0.09030
v -0.29886 3.81279 -1.10108
v -0.31401 3.77845 -1.08822
v -0.34046 3.76285 -1.07412
v -0.35207 3.76736 -1.01557
v -0.31514 3.81126 -1.03264
v -0.29773 3.80957 -1.06155
v -0.33153 3.79001 -1.05455
v 1.00960 3.44871 -1.82851
v 1.02861 3.44592 -1.86788
v 1.02744 3.43085 -1.90200
v 1.04534 3.36815 -1.91289
v 1.03322 3.37745 -1.84858
v 1.03233 3.41159 -1.83354
v 1.02508 3.40299 -1.87588
v -0.60999 2.46591 0.81720
v -0.58351 2.45160 0.84483
v -0.57917 2.43841 0.87673
v -0.58148 2.47392 0.92705
v -0.60763 2.50299 0.87940
v -0.60181 2.49312 0.84654
v -0.59792 2.46867 0.87903
v -0.54892 3.58108 -0.13409
v -0.52787 3.56938 -0.09452
v -0.52562 3.57502 -0.05554
v -0.49507 3.63169 -0.02836
v -0.51064 3.64273 -0.09559
v -0.51824 3.61291 -0.12027
v -0.52336 3.61079 -0.07428
v -0.05884 3.22178 -1.15972
v -0.10338 3.21656 -1.14302
v -0.12713 3.21308 -1.11009
v -0.13114 3.15153 -1.07257
v -0.07196 3.15155 -1.11392
v -0.06791 3.17701 -1.14548
v -0.09632 3.18495 -1.10781
v -0.12841 3.46058 -0.38163
v -0.13964 3.42071 -0.41239
v -0.12492 3.39264 -0.44282
v -0.11503 3.41420 -0.51696
v -0.11913 3.47702 -0.47117
v -0.13591 3.47496 -0.43061
v -0.11575 3.43476 -0.45590
v -0.05631 3.23790 -0.50930
v -0.10481 3.21440 -0.48821
v -0.13727 3.17742 -0.49125
v -0.19721 3.17410 -0.55466
v -0.13320 3.22924 -0.57677
v -0.10220 3.24771 -0.54318
v -0.13136 3.19810 -0.53699
v -0.51787 3.44505 -0.15579
v -0.57612 3.44305 -0.15361
v -0.61804 3.46754 -0.14312
v -0.64412 3.48112 -0.06019
v -0.55864 3.46034 -0.06196
v -0.53793 3.43841 -0.10143
v -0.58638 3.47082 -0.10336
v -0.10803 3.28354 -0.36766
v -0.09690 3.29394 -0.32194
v -0.10984 3.29521 -0.28301
v -0.15416 3.34769 -0.25917
v -0.15602 3.34450 -0.33179
v -0.12659 3.32563 -0.35330
v -0.13729 3.31581 -0.30735
v -0.57680 3.23161 -0.21609
v -0.58791 3.27850 -0.21240
v -0.61396 3.30651 -0.19720
v -0.67962 3.31780 -0.22682
v -0.65311 3.25342 -0.24848
v -0.61308 3.24437 -0.24537
v -0.63587 3.27714 -0.21813
v -0.08719 3.07602 -1.11550
v -0.09218 3.11704 -1.08835
v -0.11547 3.13782 -1.06009
v -0.17894 3.17205 -1.07918
v -0.15986 3.12242 -1.13150
v -0.12072 3.10714 -1.13426
v -0.14065 3.12561 -1.09296
v -0.61500 3.65970 -0.27996
v -0.57591 3.63592 -0.27811
v -0.55909 3.60078 -0.28010
v -0.56249 3.55590 -0.22768
v -0.61133 3.60427 -0.22070
v -0.60949 3.63816 -0.23992
v -0.58891 3.59956 -0.25348
v -0.12332 3.63453 -0.27370
v -0.14975 3.59116 -0.24256
v -0.14403 3.54689 -0.21843
v -0.13573 3.46942 -0.26324
v -0.11877 3.53869 -0.31795
v -0.13350 3.58589 -0.30654
v -0.12427 3.54286 -0.26638
v 0.10477 3.65130 -0.86425
v 0.10098 3.70798 -0.87879
v 0.07135 3.74793 -0.88328
v 0.01502 3.75664 -0.95094
v 0.04026 3.67220 -0.94310
v 0.08100 3.65930 -0.91725
v 0.05045 3.70859 -0.90854
v 0.52979 3.64928 -0.31194
v 0.48066 3.62975 -0.32708
v 0.44683 3.59844 -0.31877
v 0.45491 3.51877 -0.34046
v 0.52925 3.55558 -0.33900
v 0.53365 3.60219 -0.34008
v 0.48892 3.57559 -0.32230
v -0.67546 3.00462 -1.37112
v -0.63095 3.03150 -1.34903
v -0.58576 3.02777 -1.33295
v -0.56803 2.99411 -1.25668
v -0.64657 2.97168 -1.28102
v -0.67004 2.99544 -1.31565
v -0.61382 2.99408 -1.31034
v -0.31427 3.71300 -0.22212
v -0.35728 3.71071 -0.22445
v -0.38648 3.68970 -0.23194
v -0.40371 3.67566 -0.29311
v -0.34205 3.69645 -0.29147
v -0.32872 3.71504 -0.26272
v -0.36240 3.68815 -0.26087
v -0.13768 3.51975 -0.38122
v -0.09514 3.53383 -0.37006
v -0.05699 3.52446 -0.36793
v -0.03212 3.48363 -0.31724
v -0.10124 3.47629 -0.32212
v -0.12358 3.50286 -0.34062
v -0.07864 3.49623 -0.34892
v -0.49560 3.24497 0.54798
v -0.51420 3.21147 0.53757
v -0.51578 3.18572 0.51569
v -0.53883 3.19243 0.46079
v -0.52497 3.24592 0.48398
v -0.52011 3.25017 0.51718
v -0.51580 3.21561 0.49810
v -0.47065 3.33562 1.06166
v -0.42514 3.34476 1.02777
v -0.37826 3.35862 1.02524
v -0.35504 3.44198 1.03096
v -0.43539 3.43127 1.06179
v -0.46187 3.39146 1.05126
v -0.40444 3.39353 1.05005
v -0.00085 3.78092 -0.43509
v -0.00075 3.74711 -0.46759
v -0.00999 3.70923 -0.47627
v 0.02939 3.65515 -0.45320
v 0.04330 3.71326 -0.41528
v 0.03350 3.74970 -0.42838
v 0.01242 3.71008 -0.44200
v -0.33427 3.99198 -0.78406
v -0.30473 4.01829 -0.79775
v -0.28414 4.02823 -0.82511
v -0.23322 3.99497 -0.84211
v -0.27122 3.95959 -0.80615
v -0.29642 3.97416 -0.78557
v -0.28038 3.99227 -0.81972
v -1.28356 3.27982 -0.16041
v -1.22970 3.27478 -0.16493
v -1.18827 3.28907 -0.15018
v -1.15662 3.36084 -0.17375
v -1.23736 3.35983 -0.18751
v -1.26126 3.32027 -0.18892
v -1.21417 3.32675 -0.16270
v -0.66882 3.61201 -1.01993
v -0.66916 3.60023 -1.06259
v -0.68502 3.60515 -1.09642
v -0.74465 3.57908 -1.11132
v -0.73619 3.58061 -1.04512
v -0.70206 3.58445 -1.02960
v -0.71266 3.59793 -1.07040
v -0.50287 3.29484 -0.15606
v -0.53150 3.27915 -0.13029
v -0.54585 3.24991 -0.11636
v -0.58520 3.21367 -0.14914
v -0.55264 3.25071 -0.18794
v -0.53587 3.27966 -0.17631
v -0.54543 3.24690 -0.15255
v -0.58212 3.45228 0.06159
v -0.56100 3.45262 0.11164
v -0.56904 3.45813 0.15686
v -0.57987 3.53233 0.18993
v -0.59052 3.53587 0.10875
v -0.57481 3.50260 0.08070
v -0.58630 3.49552 0.13332
v -0.34093 3.38419 -1.00012
v -0.35084 3.35914 -1.04522
v -0.37700 3.35642 -1.08142
v -0.44963 3.32486 -1.07803
v -0.42485 3.34402 -1.00521
v -0.38160 3.35117 -0.99623
v -0.40328 3.35625 -1.04381
v -0.64321 3.47983 -0.01023
v -0.68744 3.50819 -0.00230
v -0.72464 3.51386 0.02285
v -0.78828 3.46569 0.01534
v -0.72355 3.43099 -0.01681
v -0.68674 3.45492 -0.02780
v -0.72238 3.46971 0.00874
v -0.33325 3.66335 -0.06986
v -0.28977 3.65867 -0.03008
v -0.24015 3.65502 -0.02235
v -0.19604 3.57877 -0.03633
v -0.27482 3.57668 -0.07810
v -0.31206 3.60830 -0.06592
v -0.25471 3.61891 -0.05625
v -1.29415 2.90265 -0.02573
v -1.32849 2.88765 -0.00083
v -1.36364 2.89473 0.01270
v -1.37402 2.93767 0.06425
v -1.31273 2.94828 0.03705
v -1.29576 2.92207 0.01483
v -1.34021 2.92511 0.02116
v -1.13370 3.28558 0.52690
v -1.14205 3.25141 0.54476
v -1.16011 3.22309 0.54401
v -1.21782 3.22241 0.55861
v -1.20042 3.27806 0.54661
v -1.16796 3.28675 0.54643
v -1.18125 3.25007 0.54056
v 0.03873 3.58681 -0.89303
v 0.06994 3.55857 -0.91194
v 0.10049 3.55518 -0.93643
v 0.09210 3.55509 -1.00554
v 0.03556 3.58143 -0.97463
v 0.02820 3.57545 -0.93649
v 0.07017 3.57358 -0.95557
v -0.71663 3.55239 0.13326
v -0.67807 3.57379 0.09725
v -0.65968 3.57275 0.05239
v -0.60749 3.50963 0.02649
v -0.65052 3.48535 0.09676
v -0.67218 3.51760 0.12577
v -0.66047 3.52656 0.07078
v -0.90401 3.24986 0.72387
v -0.86775 3.27208 0.72469
v -0.83157 3.27081 0.72607
v -0.80036 3.25793 0.78065
v -0.86164 3.23946 0.78542
v -0.88708 3.25193 0.76284
v -0.84555 3.25039 0.75377
v -0.65141 3.77874 -0.34084
v -0.68891 3.75407 -0.35659
v -0.72555 3.73909 -0.34794
v -0.73369 3.68044 -0.30738
v -0.66808 3.70799 -0.29799
v -0.65196 3.73407 -0.32448
v -0.69866 3.72708 -0.31865
v -0.70594 3.79773 -0.01675
v -0.74401 3.78879 -0.00940
v -0.77633 3.79286 -0.01880
v -0.80643 3.84349 -0.00714
v -0.74734 3.85308 -0.00244
v -0.72538 3.82750 0.00112
v -0.76143 3.82407 -0.01539
v 0.09959 3.71323 -0.33876
v 0.14589 3.70928 -0.32166
v 0.17719 3.72781 -0.30030
v 0.21912 3.78157 -0.33087
v 0.15579 3.77325 -0.36964
v 0.13213 3.73850 -0.36623
v 0.16350 3.75452 -0.33143
v 0.06345 3.85495 -0.41964
v 0.01907 3.89268 -0.43448
v 0.00595 3.94094 -0.44547
v -0.00211 4.00401 -0.38081
v 0.04598 3.93363 -0.34984
v 0.04481 3.88799 -0.37300
v 0.03235 3.94017 -0.40011
v -0.36205 3.39628 0.65563
v -0.33677 3.36400 0.63461
v -0.30105 3.35317 0.62246
v -0.27194 3.38064 0.56561
v -0.32406 3.42103 0.58763
v -0.35156 3.40762 0.61222
v -0.30913 3.39004 0.60851
v -0.45716 3.73880 -0.30698
v -0.48907 3.70465 -0.31811
v -0.49953 3.67492 -0.34423
v -0.52821 3.68963 -0.40917
v -0.49547 3.74856 -0.38249
v -0.48646 3.75199 -0.34271
v -0.49228 3.71021 -0.36573
v -1.41984 2.56812 0.16502
v -1.46219 2.53310 0.17032
v -1.49777 2.51841 0.19733
v -1.48502 2.47031 0.26412
v -1.41391 2.50732 0.24154
v -1.40828 2.52597 0.19874
v -1.45714 2.51835 0.22328
v -0.67257 3.67314 -0.33605
v -0.65693 3.63268 -0.37729
v -0.63513 3.62444 -0.42264
v -0.67793 3.64312 -0.49994
v -0.71746 3.68655 -0.43132
v -0.70986 3.67261 -0.38288
v -0.67182 3.66133 -0.42770
v 0.49151 3.55165 -0.43073
v 0.52135 3.58570 -0.41262
v 0.55911 3.59420 -0.39756
v 0.57866 3.57509 -0.32925
v 0.51961 3.53660 -0.35033
v 0.49596 3.54868 -0.38226
v 0.54275 3.56106 -0.37639
v -0.21846 4.05818 -0.92073
v -0.22413 4.07591 -0.96842
v -0.20436 4.08713 -1.00563
v -0.16567 4.15362 -1.01256
v -0.17568 4.13641 -0.93792
v -0.20569 4.10759 -0.92489
v -0.18468 4.10839 -0.97157
v -0.62629 3.24366 -0.81305
v -0.57435 3.23356 -0.84280
v -0.52606 3.24964 -0.85193
v -0.50865 3.32099 -0.90668
v -0.59634 3.32228 -0.88026
v -0.61953 3.28026 -0.86101
v -0.55961 3.28991 -0.85992
v 0.29295 3.73510 -0.45255
v 0.25060 3.74658 -0.47520
v 0.22888 3.74624 -0.51121
v 0.24297 3.79487 -0.56586
v 0.30062 3.79191 -0.51876
v 0.29671 3.77594 -0.48005
v 0.26734 3.76449 -0.51806
v -1.25954 3.33550 -0.31806
v -1.25732 3.36913 -0.29643
v -1.27421 3.39194 -0.27750
v -1.30978 3.43387 -0.30257
v -1.29941 3.38922 -0.34194
v -1.27353 3.36738 -0.33786
v -1.29068 3.38797 -0.30810
v -0.05756 3.48282 0.07763
v -0.02967 3.53336 0.08122
v -0.03255 3.58230 0.07638
v -0.03297 3.62065 -0.00200
v -0.05292 3.53607 -0.00992
v -0.04277 3.50364 0.02574
v -0.04970 3.56043 0.03420
v -0.06198 3.35391 0.77265
v -0.06230 3.33706 0.82180
v -0.08554 3.33287 0.85921
v -0.09792 3.39374 0.90702
v -0.07633 3.41918 0.83610
v -0.05638 3.39254 0.80693
v -0.08700 3.37610 0.84555
v 0.09455 3.41646 -0.70410
v 0.10534 3.38690 -0.75644
v 0.14097 3.36482 -0.78724
v 0.19815 3.41525 -0.83899
v 0.16142 3.46736 -0.77245
v 0.11848 3.45282 -0.74694
v 0.15668 3.41429 -0.77499
v 0.30565 3.87779 -0.31654
v 0.26134 3.87927 -0.30884
v 0.22619 3.87434 -0.32333
v 0.19802 3.92005 -0.36491
v 0.26522 3.92938 -0.36210
v 0.28643 3.91465 -0.33376
v 0.24661 3.89829 -0.34688
v -0.05732 2.73336 -0.23266
v -0.06713 2.75246 -0.28398
v -0.09783 2.75502 -0.31999
v -0.11110 2.68995 -0.37133
v -0.07455 2.66376 -0.30045
v -0.05216 2.69379 -0.27142
v -0.09224 2.70852 -0.30709
v -0.88348 3.45605 0.04172
v -0.83265 3.44533 0.00933
v -0.78083 3.43959 0.01038
v -0.72415 3.51208 0.01842
v -0.80952 3.53549 0.04480
v -0.85109 3.50698 0.03146
v -0.79390 3.48536 0.03472
v -0.60762 3.22301 0.68840
v -0.59361 3.23258 0.72730
v -0.58813 3.25858 0.75181
v -0.53927 3.29969 0.74687
v -0.55001 3.27142 0.69043
v -0.56911 3.24084 0.68784
v -0.57256 3.26865 0.71971
v 0.09247 3.69274 -0.21419
v 0.08653 3.69032 -0.25364
v 0.09917 3.68055 -0.28371
v 0.14183 3.71244 -0.31200
v 0.13955 3.72799 -0.25378
v 0.11249 3.72082 -0.23440
v 0.12256 3.70074 -0.26746
v -0.48101 3.63123 -0.20641
v -0.43092 3.59881 -0.19878
v -0.39662 3.56747 -0.22036
v -0.41525 3.48007 -0.23617
v -0.49215 3.52645 -0.22313
v -0.49233 3.57244 -0.20056
v -0.44492 3.54869 -0.22895
v -0.17643 2.95209 -1.67095
v -0.16673 2.92447 -1.72446
v -0.17067 2.88051 -1.75185
v -0.11245 2.81036 -1.73928
v -0.10924 2.86740 -1.66714
v -0.12724 2.91604 -1.67000
v -0.14556 2.87034 -1.70600
v -0.18299 3.18920 0.22274
v -0.22916 3.15916 0.21275
v -0.26843 3.15427 0.18615
v -0.33622 3.20333 0.19769
v -0.26838 3.23873 0.23344
v -0.22913 3.21346 0.24315
v -0.26668 3.19977 0.20395
v -0.20804 3.73660 -0.16430
v -0.18808 3.68762 -0.19527
v -0.15610 3.64638 -0.19557
v -0.06538 3.65539 -0.21102
v -0.10183 3.73702 -0.18740
v -0.15320 3.74589 -0.19002
v -0.12789 3.69039 -0.18410
v 0.01050 3.41320 -0.66774
v 0.05003 3.42676 -0.66822
v 0.07244 3.45257 -0.67817
v 0.09132 3.45877 -0.73802
v 0.03939 3.42309 -0.73528
v 0.02879 3.40781 -0.70493
v 0.05281 3.44195 -0.70706
v -0.28309 3.18627 1.07962
v -0.31794 3.16390 1.10514
v -0.32736 3.13288 1.13093
v -0.33364 3.06368 1.10731
v -0.29674 3.10382 1.05819
v -0.29825 3.14522 1.05838
v -0.30679 3.11722 1.09723
v -0.35466 3.01727 1.04749
v -0.32245 2.97540 1.04532
v -0.30812 2.93795 1.06581
v -0.25775 2.94066 1.12761
v -0.29184 3.01198 1.11692
v -0.31198 3.02299 1.07818
v -0.30503 2.97342 1.09520
v -0.43509 3.65615 -0.44645
v -0.45072 3.61805 -0.47930
v -0.44129 3.59419 -0.51610
v -0.44988 3.62471 -0.58897
v -0.44748 3.68305 -0.53506
v -0.45470 3.67518 -0.49148
v -0.43790 3.63901 -0.52589
v 0.10682 3.26517 -0.54479
v 0.10061 3.25721 -0.58995
v 0.11460 3.26228 -0.62645
v 0.10885 3.32337 -0.65976
v 0.09943 3.33248 -0.59117
v 0.09086 3.30233 -0.56727
v 0.11261 3.29813 -0.60790
v -0.07347 2.82862 0.80502
v -0.04456 2.79876 0.78240
v -0.01139 2.79468 0.75985
v -0.01114 2.81074 0.69027
v -0.06732 2.84109 0.72224
v -0.08051 2.82859 0.75822
v -0.03630 2.82268 0.74240
v -1.10536 3.88121 -0.25490
v -1.12551 3.89657 -0.22532
v -1.13604 3.89276 -0.19410
v -1.18074 3.85702 -0.18076
v -1.15951 3.84380 -0.23393
v -1.14059 3.86510 -0.25093
v -1.14454 3.86524 -0.21218
v -0.68598 2.77646 0.89009
v -0.69333 2.80167 0.91982
v -0.69414 2.80631 0.95328
v -0.73844 2.78434 0.98700
v -0.73716 2.75648 0.93404
v -0.72099 2.76964 0.90745
v -0.71248 2.77803 0.94528
v -0.28522 3.33451 0.85568
v -0.29830 3.37185 0.84606
v -0.30571 3.40373 0.85750
v -0.35721 3.41561 0.88882
v -0.34566 3.35527 0.88930
v -0.32398 3.34070 0.86650
v -0.32284 3.37987 0.87753
v -0.45638 3.62462 0.12256
v -0.41803 3.66892 0.10751
v -0.36952 3.68154 0.09555
v -0.30443 3.68748 0.15927
v -0.37532 3.63968 0.19124
v -0.42176 3.64201 0.16902
v -0.36968 3.65419 0.14075
v -0.74093 3.81637 -0.56502
v -0.76572 3.84750 -0.57012
v -0.77715 3.87717 -0.55761
v -0.81598 3.87927 -0.51123
v -0.78937 3.82496 -0.51361
v -0.77358 3.81393 -0.54183
v -0.77948 3.85257 -0.53278
v -0.67464 3.38331 -0.63394
v -0.65754 3.32975 -0.63936
v -0.62460 3.29981 -0.65759
v -0.62380 3.27914 -0.74025
v -0.67004 3.34968 -0.72819
v -0.68675 3.36181 -0.68474
v -0.64174 3.32887 -0.69357
v 0.04549 3.82710 -0.65286
v 0.02977 3.87809 -0.66790
v 0.03454 3.91314 -0.69918
v 0.10135 3.96346 -0.69892
v 0.11779 3.89367 -0.65585
v 0.08329 3.86557 -0.64005
v 0.07831 3.90012 -0.68312
v -0.15993 3.82667 -0.13245
v -0.15857 3.87104 -0.16171
v -0.14057 3.89212 -0.19752
v -0.06632 3.92243 -0.19563
v -0.07590 3.86928 -0.13631
v -0.11699 3.85636 -0.12236
v -0.10638 3.87569 -0.17074
v -0.81871 3.87711 -0.21041
v -0.85014 3.91064 -0.22986
v -0.85447 3.94894 -0.24776
v -0.85112 4.01220 -0.20709
v -0.82082 3.95506 -0.16856
v -0.82851 3.91458 -0.17894
v -0.83207 3.95298 -0.21060
v -0.56757 4.20785 -0.17898
v -0.55600 4.23864 -0.19977
v -0.55624 4.25374 -0.22929
v -0.52247 4.23528 -0.27364
v -0.52746 4.19303 -0.23317
v -0.53750 4.19962 -0.20227
v -0.54583 4.22163 -0.23327
v -0.07514 3.49753 0.03311
v -0.12633 3.48246 0.02750
v -0.16552 3.48838 0.00475
v -0.21346 3.55214 0.01852
v -0.13914 3.56654 0.04720
v -0.10937 3.53271 0.05479
v -0.15027 3.52992 0.02017
v 0.00733 3.56081 -0.38555
v 0.01100 3.58368 -0.34238
v -0.00878 3.59613 -0.30781
v -0.05364 3.65487 -0.30777
v -0.04276 3.63129 -0.37697
v -0.01085 3.60628 -0.38684
v -0.03041 3.60985 -0.34207
v -0.61510 2.51504 0.92006
v -0.62698 2.50539 0.86463
v -0.63481 2.47190 0.82978
v -0.56962 2.42699 0.79429
v -0.54412 2.46222 0.86935
v -0.56868 2.49918 0.89007
v -0.59169 2.46144 0.85329
v -0.20703 3.08390 -0.53514
v -0.18460 3.05415 -0.49987
v -0.19032 3.02740 -0.46579
v -0.20753 3.05445 -0.39532
v -0.22232 3.10839 -0.44884
v -0.20517 3.10621 -0.48897
v -0.21222 3.06575 -0.45822
v -0.96551 2.85465 0.60366
v -0.92827 2.86959 0.58950
v -0.89264 2.86379 0.58628
v -0.85267 2.87094 0.63602
v -0.91312 2.86536 0.65693
v -0.94144 2.87060 0.63492
v -0.90255 2.85933 0.62181
v -0.45818 3.17888 -0.97125
v -0.48346 3.14226 -0.96238
v -0.51815 3.12551 -0.96556
v -0.57070 3.14380 -0.92567
v -0.52250 3.19241 -0.92481
v -0.48626 3.18527 -0.93619
v -0.52252 3.16154 -0.94965
v 0.38063 4.05315 -0.63702
v 0.41819 4.03203 -0.63153
v 0.45221 4.02567 -0.64462
v 0.46249 3.98659 -0.69623
v 0.39967 4.00520 -0.69424
v 0.38442 4.01887 -0.66343
v 0.42693 4.01986 -0.67231
v 0.26688 2.77777 -1.37042
v 0.24005 2.73259 -1.34385
v 0.24374 2.69587 -1.30989
v 0.28922 2.62138 -1.32647
v 0.31312 2.68507 -1.38361
v 0.28465 2.72564 -1.39124
v 0.28358 2.69297 -1.34227
v -0.63342 3.26826 -0.49697
v -0.57888 3.24857 -0.48359
v -0.52978 3.26016 -0.47871
v -0.47650 3.27073 -0.55019
v -0.56263 3.27670 -0.57480
v -0.60000 3.25921 -0.54536
v -0.54639 3.27566 -0.52545
v 0.16555 3.60682 -0.48360
v 0.19213 3.61096 -0.51405
v 0.20299 3.59909 -0.54469
v 0.23611 3.54772 -0.54942
v 0.20788 3.54963 -0.49504
v 0.19528 3.57916 -0.48213
v 0.20133 3.57213 -0.52168
v -0.29430 3.65222 -0.45410
v -0.27412 3.62022 -0.46341
v -0.26855 3.59666 -0.48610
v -0.30598 3.55206 -0.49414
v -0.33258 3.59578 -0.46522
v -0.31529 3.61965 -0.44999
v -0.30192 3.59836 -0.47975
v -0.90042 2.57139 1.35743
v -0.87421 2.56015 1.32478
v -0.86378 2.56678 1.28999
v -0.90014 2.54784 1.23902
v -0.93629 2.54812 1.29353
v -0.92082 2.54815 1.32706
v -0.90139 2.56259 1.29110
v 0.29557 3.22288 0.16987
v 0.24785 3.23865 0.17338
v 0.20936 3.24068 0.15451
v 0.19514 3.28941 0.09792
v 0.27015 3.28062 0.10658
v 0.28693 3.26433 0.14256
v 0.23989 3.25579 0.12667
v -0.35609 3.63599 -0.18630
v -0.38024 3.60088 -0.21222
v -0.37703 3.56859 -0.23966
v -0.36564 3.58015 -0.31315
v -0.34769 3.64199 -0.27417
v -0.36138 3.64806 -0.23441
v -0.35657 3.60338 -0.25606
v -0.10270 2.31682 0.80043
v -0.05930 2.30413 0.76238
v -0.04437 2.27549 0.72377
v -0.01953 2.19062 0.73527
v -0.06651 2.21859 0.80571
v -0.07353 2.26755 0.81506
v -0.06177 2.24508 0.76167
v -0.54376 2.82455 0.99582
v -0.51759 2.87412 1.01532
v -0.48340 2.91018 1.00605
v -0.39559 2.89519 1.01516
v -0.43963 2.81743 1.00952
v -0.48945 2.81449 1.01755
v -0.46108 2.86374 1.00047
v 0.44577 2.97789 -0.41604
v 0.40249 3.00763 -0.42230
v 0.36065 3.01653 -0.40816
v 0.29913 2.96931 -0.42694
v 0.36792 2.93043 -0.43809
v 0.40716 2.95228 -0.44155
v 0.36439 2.97134 -0.41695
v -0.07585 3.42114 -0.33872
v -0.02278 3.40791 -0.35230
v 0.00600 3.38139 -0.38009
v 0.01865 3.29864 -0.36514
v -0.05137 3.32522 -0.32487
v -0.05966 3.37181 -0.31681
v -0.02671 3.35198 -0.35800
v -0.30169 3.28486 -0.35391
v -0.32142 3.26184 -0.31875
v -0.32780 3.22669 -0.30181
v -0.37459 3.18138 -0.32757
v -0.35805 3.22909 -0.37612
v -0.34087 3.26338 -0.36653
v -0.33851 3.22477 -0.34086
v -0.47138 3.08191 1.11826
v -0.47011 3.04058 1.08647
v -0.44558 3.00770 1.06942
v -0.39286 3.02074 1.01247
v -0.41147 3.08840 1.04807
v -0.44818 3.09246 1.07275
v -0.42393 3.04728 1.06319
v -0.18045 3.22417 -0.11434
v -0.19617 3.24238 -0.07216
v -0.22274 3.26790 -0.05339
v -0.21303 3.34052 -0.05362
v -0.17285 3.30959 -0.10650
v -0.16410 3.26918 -0.10630
v -0.20229 3.28909 -0.08390
v 0.07095 3.57500 -0.69761
v 0.06843 3.63098 -0.71853
v 0.03858 3.66909 -0.73446
v 0.00019 3.66827 -0.81615
v 0.02684 3.58504 -0.79359
v 0.06088 3.57695 -0.75655
v 0.02630 3.62559 -0.76066
v -0.58449 3.72254 -0.20457
v -0.54304 3.71482 -0.22954
v -0.52424 3.69334 -0.25999
v -0.50321 3.62307 -0.25066
v -0.55289 3.64176 -0.19918
v -0.56146 3.68166 -0.19045
v -0.54320 3.66595 -0.23313
v -0.60176 3.77788 0.16945
v -0.57228 3.77156 0.12409
v -0.54024 3.74633 0.10198
v -0.46045 3.75170 0.12091
v -0.50608 3.78235 0.18200
v -0.55032 3.79472 0.17553
v -0.52374 3.75833 0.14495
v -0.96816 3.24434 -1.21217
v -0.93727 3.22935 -1.18288
v -0.93066 3.20951 -1.15062
v -0.94376 3.23577 -1.08916
v -0.97708 3.27078 -1.13713
v -0.96712 3.26873 -1.17421
v -0.95828 3.23674 -1.14362
v -0.01771 3.43094 -1.08933
v 0.00500 3.37984 -1.07063
v 0.04646 3.35482 -1.05729
v 0.10455 3.32505 -1.11774
v 0.05248 3.38762 -1.15363
v 0.00887 3.40092 -1.13256
v 0.05394 3.37657 -1.10336
v -0.24034 2.41694 1.01455
v -0.25500 2.43570 0.97972
v -0.27249 2.46394 0.96599
v -0.33575 2.46948 0.97046
v -0.31446 2.42709 1.01292
v -0.28198 2.41202 1.00989
v -0.29268 2.44920 0.99306
v -0.17588 3.49192 -0.26642
v -0.19811 3.53167 -0.30735
v -0.22098 3.57789 -0.31509
v -0.31097 3.59082 -0.29871
v -0.28154 3.51456 -0.25569
v -0.23704 3.49096 -0.26916
v -0.24926 3.55010 -0.27922
v -0.59493 2.44175 1.00424
v -0.61694 2.42424 0.97105
v -0.64741 2.40607 0.96034
v -0.65475 2.34174 0.97110
v -0.60775 2.36588 1.01003
v -0.59145 2.39841 1.00299
v -0.63111 2.38725 0.98903
v -1.06349 3.10312 -0.44036
v -1.03453 3.11757 -0.41164
v -1.02886 3.13693 -0.38080
v -1.02981 3.20220 -0.38062
v -1.05912 3.17950 -0.43436
v -1.05398 3.14494 -0.44608
v -1.04873 3.15792 -0.40513
v -0.49167 3.36677 0.02178
v -0.46334 3.38582 -0.01200
v -0.44504 3.41958 -0.02610
v -0.48190 3.47082 -0.06168
v -0.52759 3.42845 -0.02469
v -0.51641 3.39153 -0.01109
v -0.48587 3.42737 -0.02053
v -0.13861 3.25927 -1.33951
v -0.10762 3.29430 -1.35082
v -0.07365 3.30458 -1.37133
v -0.00761 3.28645 -1.34723
v -0.05807 3.24552 -1.31483
v -0.09760 3.25634 -1.31450
v -0.06567 3.27097 -1.34740
v -0.97719 3.22641 -0.87052
v -0.93838 3.24877 -0.85567
v -0.92336 3.28113 -0.83713
v -0.91906 3.34428 -0.86973
v -0.96494 3.30208 -0.90414
v -0.96511 3.26225 -0.89875
v -0.94862 3.29335 -0.86732
v -0.39374 3.23121 -0.90832
v -0.39447 3.24073 -0.96499
v -0.39325 3.27409 -1.00080
v -0.46254 3.32236 -1.02046
v -0.47178 3.28779 -0.94147
v -0.44496 3.24954 -0.92686
v -0.42922 3.28641 -0.96804
v -0.94102 3.01540 0.94780
v -0.95028 3.02871 0.90803
v -0.96936 3.05210 0.88735
v -1.03277 3.04414 0.87664
v -1.01435 3.00929 0.92807
v -0.97920 3.00119 0.93420
v -0.99270 3.03474 0.91103
v -1.04361 3.29089 -0.25639
v -0.98901 3.28953 -0.25866
v -0.95147 3.27457 -0.28180
v -0.92633 3.19613 -0.27747
v -1.00465 3.20220 -0.25232
v -1.02320 3.24300 -0.23971
v -0.98043 3.23757 -0.27333
v -0.21051 3.34825 0.74452
v -0.22845 3.31720 0.72886
v -0.24729 3.30565 0.70391
v -0.30533 3.31619 0.70144
v -0.27939 3.35418 0.73845
v -0.24909 3.34840 0.75106
v -0.26242 3.33305 0.71762
v -0.52161 3.59523 0.02399
v -0.56299 3.58689 0.01068
v -0.59448 3.56700 0.01651
v -0.59916 3.50275 -0.00110
v -0.53502 3.52112 0.00182
v -0.52476 3.55740 0.00124
v -0.56440 3.54282 0.01448
v -0.71430 3.76714 -0.79234
v -0.73547 3.71766 -0.78309
v -0.77100 3.69335 -0.76546
v -0.78016 3.68281 -0.68427
v -0.72909 3.74575 -0.69904
v -0.70853 3.75134 -0.74039
v -0.75513 3.72397 -0.73253
v -0.33799 3.15301 -1.17855
v -0.32067 3.10991 -1.14267
v -0.30924 3.06144 -1.13822
v -0.37191 2.99891 -1.13586
v -0.40507 3.07395 -1.16921
v -0.38227 3.11795 -1.16260
v -0.35521 3.06591 -1.16046
v 0.00900 3.03376 0.00261
v 0.01895 3.04186 -0.04690
v 0.00951 3.03119 -0.08806
v 0.03478 2.96552 -0.11971
v 0.03911 2.96124 -0.04279
v 0.03798 2.99689 -0.01780
v 0.01840 2.99402 -0.06496
v 0.13612 3.74978 -0.68290
v 0.16861 3.72052 -0.67461
v 0.18486 3.68771 -0.68442
v 0.15747 3.62857 -0.66828
v 0.11158 3.67734 -0.66338
v 0.12150 3.71385 -0.66108
v 0.14678 3.68201 -0.67918
v -0.59130 3.21985 0.93382
v -0.54252 3.19491 0.96010
v -0.51692 3.18637 1.00426
v -0.46797 3.25228 1.04506
v -0.52683 3.28922 0.98527
v -0.54889 3.26103 0.94789
v -0.52732 3.23822 0.99991
v -0.11947 3.62099 -1.03395
v -0.15109 3.64526 -1.04691
v -0.16061 3.67599 -1.06239
v -0.15856 3.73094 -1.03115
v -0.12316 3.68776 -1.00148
v -0.12701 3.65283 -1.00776
v -0.13770 3.68307 -1.03473
v -0.29354 2.86896 1.39238
v -0.31101 2.85110 1.43292
v -0.32743 2.85915 1.46913
v -0.28774 2.88278 1.52416
v -0.25239 2.89237 1.46234
v -0.26277 2.87245 1.42856
v -0.29233 2.88105 1.46489
v -0.11844 3.30764 -0.57279
v -0.15719 3.28573 -0.54873
v -0.19985 3.27974 -0.54731
v -0.24713 3.33397 -0.52175
v -0.17945 3.36447 -0.53959
v -0.14408 3.34020 -0.54377
v -0.19135 3.32306 -0.54938
v 0.05749 3.11634 -1.41305
v 0.11558 3.13106 -1.41517
v 0.15886 3.13753 -1.38885
v 0.17267 3.21059 -1.33731
v 0.08444 3.20132 -1.35507
v 0.06774 3.17207 -1.39346
v 0.12061 3.16508 -1.36605
v -0.52715 3.41297 -0.29555
v -0.52747 3.45010 -0.31795
v -0.50737 3.47734 -0.33270
v -0.48142 3.52473 -0.29581
v -0.49771 3.47356 -0.25845
v -0.52126 3.44766 -0.27022
v -0.49777 3.47311 -0.29631
v 0.08781 3.76775 -0.49070
v 0.10334 3.79696 -0.51963
v 0.10027 3.81155 -0.55397
v 0.12218 3.77930 -0.60761
v 0.11527 3.73711 -0.55691
v 0.11298 3.74910 -0.52153
v 0.10258 3.77333 -0.55669
v -0.93115 3.19943 -0.33342
v -0.93786 3.17597 -0.27717
v -0.95583 3.18347 -0.22871
v -0.91112 3.23719 -0.16808
v -0.88240 3.25562 -0.25408
v -0.89066 3.22235 -0.29348
v -0.92455 3.22472 -0.24243
v -0.17084 3.43000 -1.29326
v -0.16094 3.38361 -1.32216
v -0.13899 3.36420 -1.35930
v -0.16764 3.37404 -1.43743
v -0.20087 3.43218 -1.38706
v -0.20072 3.42731 -1.34000
v -0.16471 3.40251 -1.37425
v -0.10505 3.23606 -0.41814
v -0.10777 3.22092 -0.47088
v -0.10100 3.23342 -0.51547
v -0.15396 3.28330 -0.55522
v -0.16499 3.28956 -0.47329
v -0.14890 3.25701 -0.44377
v -0.12834 3.26640 -0.49385
v -0.61035 3.08801 0.76809
v -0.63308 3.07178 0.73170
v -0.63198 3.04854 0.70030
v -0.59833 3.06688 0.64266
v -0.57669 3.10526 0.69604
v -0.59753 3.10824 0.72896
v -0.60035 3.07312 0.69957
v -0.01052 3.68927 -0.52615
v -0.04969 3.71513 -0.55768
v -0.09289 3.71184 -0.57872
v -0.10444 3.66745 -0.65065
v -0.03144 3.64407 -0.61320
v -0.01018 3.67156 -0.57985
v -0.06536 3.67309 -0.59210
v -1.10433 3.67194 -0.99675
v -1.07408 3.64622 -1.02968
v -1.04985 3.64810 -1.06630
v -1.08255 3.64919 -1.13694
v -1.13512 3.66845 -1.08285
v -1.12889 3.65930 -1.04032
v -1.09095 3.66445 -1.07490
v -0.30348 3.82536 -0.22946
v -0.29967 3.79122 -0.26841
v -0.30754 3.74991 -0.28216
v -0.26302 3.68969 -0.25908
v -0.25285 3.75067 -0.21093
v -0.26452 3.79171 -0.22262
v -0.28506 3.74847 -0.24278
v -1.07720 3.28428 -0.16814
v -1.05119 3.24271 -0.18539
v -1.01358 3.21940 -0.18378
v -0.94866 3.24336 -0.22069
v -0.99878 3.30316 -0.21281
v -1.04168 3.29655 -0.20406
v -1.00381 3.26286 -0.19254
v -0.67340 3.63853 -0.03003
v -0.69264 3.63704 -0.07130
v -0.70027 3.65624 -0.10416
v -0.74981 3.70379 -0.10753
v -0.73278 3.69204 -0.04196
v -0.71354 3.66006 -0.03132
v -0.71246 3.67803 -0.07318
v -0.52417 3.37288 -0.25778
v -0.49768 3.32540 -0.23254
v -0.45370 3.30389 -0.21806
v -0.39719 3.26639 -0.27789
v -0.45503 3.32159 -0.32017
v -0.49853 3.33678 -0.29819
v -0.44994 3.31860 -0.26816
v -0.14892 3.23220 -1.20260
v -0.15870 3.18231 -1.19429
v -0.17282 3.14445 -1.21138
v -0.24832 3.13098 -1.22398
v -0.23587 3.20723 -1.21551
v -0.19923 3.22267 -1.19694
v -0.20317 3.17660 -1.21965
v -0.50021 3.32817 0.24577
v -0.52383 3.36837 0.21019
v -0.54097 3.41507 0.20568
v -0.62005 3.43882 0.23748
v -0.59378 3.36306 0.27488
v -0.55778 3.33493 0.25468
v -0.56387 3.39255 0.24557
v -0.34386 3.71812 -0.46149
v -0.37967 3.68463 -0.47574
v -0.40838 3.67303 -0.50628
v -0.47537 3.71007 -0.51498
v -0.42627 3.75340 -0.47440
v -0.39117 3.73629 -0.45524
v -0.41491 3.71582 -0.49555
v -0.25523 3.42252 -0.20019
v -0.28427 3.45203 -0.16781
v -0.31701 3.48236 -0.16421
v -0.30492 3.55889 -0.18115
v -0.24753 3.51451 -0.21319
v -0.23961 3.47270 -0.19929
v -0.28567 3.49749 -0.19415
v -0.47583 3.22838 -0.56237
v -0.46171 3.20077 -0.51115
v -0.47903 3.17863 -0.46859
v -0.51055 3.22724 -0.39927
v -0.50893 3.27759 -0.47426
v -0.48093 3.26438 -0.51479
v -0.50078 3.22594 -0.47339
v -0.21369 3.07985 1.00906
v -0.19260 3.10619 0.98820
v -0.17357 3.11171 0.96082
v -0.11673 3.09320 0.95779
v -0.14557 3.06399 1.00136
v -0.17460 3.07551 1.01426
v -0.16108 3.08435 0.97802
v 0.09600 3.61248 -0.44125
v 0.12911 3.63044 -0.40355
v 0.17084 3.64541 -0.39384
v 0.23337 3.59524 -0.38782
v 0.17311 3.55962 -0.42736
v 0.13057 3.57528 -0.42510
v 0.17405 3.60484 -0.41640
v -1.21090 3.33118 -0.83885
v -1.18349 3.33803 -0.86917
v -1.17554 3.33344 -0.90325
v -1.15520 3.27851 -0.92513
v -1.18283 3.27061 -0.86960
v -1.18817 3.29763 -0.84753
v -1.18379 3.30141 -0.88857
v -0.02450 3.03339 -0.35426
v -0.04419 3.02489 -0.40018
v -0.07944 3.01463 -0.42290
v -0.10590 2.94293 -0.42581
v -0.05845 2.95103 -0.36638
v -0.03070 2.98400 -0.36385
v -0.07358 2.98466 -0.39085
v -0.75840 3.77880 0.30937
v -0.71876 3.76584 0.29104
v -0.68648 3.77693 0.27259
v -0.68667 3.79232 0.20559
v -0.75078 3.79389 0.23036
v -0.76009 3.77673 0.26389
v -0.71817 3.79082 0.25295
v -0.97573 2.55411 -0.20187
v -1.00636 2.55449 -0.15030
v -1.05166 2.54789 -0.12761
v -1.11681 2.61052 -0.13244
v -1.05539 2.62450 -0.19742
v -1.00876 2.60374 -0.19518
v -1.05705 2.58172 -0.16724
v -0.88517 2.87129 1.06674
v -0.92231 2.87009 1.04454
v -0.95907 2.86782 1.04623
v -0.98943 2.81134 1.05857
v -0.92676 2.80751 1.07654
v -0.90154 2.83131 1.06403
v -0.94397 2.83956 1.06627
v -0.08978 3.07918 0.90960
v -0.11483 3.11359 0.95223
v -0.12678 3.16117 0.96727
v -0.06396 3.21804 1.00016
v -0.02396 3.15025 0.95470
v -0.04873 3.10656 0.94415
v -0.07577 3.15939 0.95453
v -0.48989 3.83314 -0.20055
v -0.45459 3.85975 -0.20199
v -0.42931 3.87725 -0.22377
v -0.37841 3.84436 -0.25174
v -0.42573 3.80137 -0.23261
v -0.45229 3.81097 -0.20768
v -0.43015 3.83974 -0.23296
v -0.29413 2.68206 0.66527
v -0.27928 2.68826 0.71436
v -0.29146 2.68842 0.75663
v -0.33067 2.74817 0.78770
v -0.33568 2.75040 0.70996
v -0.30770 2.72811 0.68435
v -0.31875 2.71569 0.73326
v -1.51275 3.35665 -0.35046
v -1.53429 3.40270 -0.35355
v -1.56501 3.42710 -0.37207
v -1.55786 3.45333 -0.44395
v -1.50918 3.39504 -0.43216
v -1.49840 3.38209 -0.39218
v -1.54139 3.40680 -0.40382
v -0.16996 3.48947 0.04555
v -0.20395 3.52729 0.02910
v -0.20881 3.56764 0.00860
v -0.19161 3.63673 0.04647
v -0.15697 3.57479 0.08477
v -0.17062 3.53188 0.07806
v -0.17746 3.57159 0.04295
v -0.05290 3.64360 -1.40078
v -0.07489 3.60873 -1.37275
v -0.11010 3.58612 -1.36554
v -0.17010 3.61620 -1.33161
v -0.12500 3.67061 -1.35732
v -0.08447 3.66304 -1.36747
v -0.12032 3.62841 -1.36693
v -0.35845 2.75872 -1.36666
v -0.30688 2.72969 -1.37283
v -0.25811 2.73258 -1.38633
v -0.23312 2.73530 -1.47252
v -0.32004 2.75646 -1.46494
v -0.34669 2.74505 -1.42337
v -0.28757 2.75165 -1.42466
v 0.03627 3.69718 -0.63623
v 0.00340 3.66764 -0.66020
v -0.00291 3.63978 -0.69209
v -0.00846 3.66243 -0.76426
v 0.02386 3.71674 -0.72232
v 0.02061 3.71712 -0.67963
v 0.01616 3.67593 -0.70811
v -0.08794 3.37305 -0.55889
v -0.03500 3.39294 -0.57450
v 0.01037 3.38137 -0.59197
v 0.07171 3.34351 -0.54060
v -0.00845 3.33396 -0.50429
v -0.04709 3.36246 -0.51813
v -0.00026 3.35150 -0.55173
v 0.38100 3.59189 -0.37504
v 0.41581 3.56784 -0.36931
v 0.43209 3.54238 -0.34908
v 0.45793 3.55617 -0.29170
v 0.41676 3.60254 -0.30913
v 0.40596 3.60652 -0.34363
v 0.42033 3.56996 -0.32691
v -0.40073 3.95178 0.39389
v -0.41106 3.90626 0.36052
v -0.42910 3.89012 0.31807
v -0.51435 3.88399 0.30429
v -0.49878 3.93622 0.37155
v -0.45585 3.93590 0.39490
v -0.46338 3.91886 0.34063
v 0.08238 3.11044 -0.16250
v 0.10032 3.07581 -0.16323
v 0.09697 3.04295 -0.16673
v 0.07550 3.00930 -0.12349
v 0.06150 3.06567 -0.11407
v 0.07752 3.09042 -0.12938
v 0.07518 3.05394 -0.14297
v 0.04650 3.39663 0.31777
v 0.02495 3.38405 0.28178
v -0.00335 3.39093 0.25846
v -0.06586 3.37679 0.27461
v -0.02822 3.37851 0.32891
v 0.00896 3.37607 0.32707
v -0.01659 3.39003 0.29434
v -0.38387 3.37268 -0.12799
v -0.42321 3.33429 -0.13309
v -0.43700 3.29495 -0.15483
v -0.46596 3.29598 -0.23291
v -0.42393 3.36611 -0.21708
v -0.41480 3.38003 -0.17311
v -0.42455 3.32775 -0.18789
v -1.18811 3.14654 -0.28706
v -1.18485 3.08734 -0.27376
v -1.20903 3.04157 -0.27436
v -1.27454 3.02093 -0.21362
v -1.26157 3.11166 -0.21632
v -1.21863 3.13239 -0.23645
v -1.24028 3.07747 -0.25088
v 0.61350 2.66376 -1.65727
v 0.59379 2.69992 -1.61834
v 0.55512 2.71632 -1.59458
v 0.49875 2.76898 -1.63144
v 0.54585 2.72992 -1.69116
v 0.58783 2.70866 -1.68043
v 0.54608 2.71770 -1.64321
v -1.23445 2.99908 0.24176
v -1.25524 3.00907 0.28448
v -1.25924 2.99836 0.32423
v -1.30026 2.94125 0.34476
v -1.28449 2.93653 0.27338
v -1.27148 2.96932 0.25179
v -1.26676 2.96448 0.29987
v -0.55713 3.15810 0.25852
v -0.50973 3.16298 0.24380
v -0.46915 3.15265 0.25101
v -0.42945 3.18466 0.30635
v -0.50308 3.19483 0.31814
v -0.53153 3.19009 0.28696
v -0.48661 3.16843 0.28766
v 0.25328 2.93004 0.34773
v 0.22015 2.89809 0.34577
v 0.21099 2.86095 0.33701
v 0.20393 2.83962 0.27123
v 0.23908 2.89956 0.27325
v 0.23821 2.92291 0.30478
v 0.23002 2.87758 0.30571
v -1.22541 2.83171 0.57467
v -1.18985 2.83391 0.61751
v -1.18475 2.83745 0.66456
v -1.19466 2.91067 0.70467
v -1.22991 2.91450 0.62845
v -1.21889 2.88345 0.59429
v -1.21333 2.87356 0.64885
v 0.13228 3.70993 -1.05014
v 0.12366 3.65938 -1.04408
v 0.10201 3.62829 -1.02175
v 0.12318 3.60737 -0.94975
v 0.15415 3.67656 -0.96770
v 0.15719 3.69041 -1.00933
v 0.12296 3.65557 -0.99259
v -0.70530 3.49319 -0.66069
v -0.71943 3.45017 -0.66146
v -0.74968 3.42628 -0.66263
v -0.78825 3.41451 -0.60748
v -0.75177 3.47162 -0.59884
v -0.72077 3.47933 -0.62046
v -0.75468 3.45211 -0.63311
v 0.05172 3.60977 -0.96347
v 0.08052 3.56218 -0.98141
v 0.12345 3.53696 -0.98085
v 0.19243 3.56186 -1.02983
v 0.13530 3.62857 -1.02186
v 0.08814 3.62107 -1.00777
v 0.13248 3.58509 -0.99527
v -0.32031 2.55827 0.76170
v -0.35495 2.54063 0.75978
v -0.38188 2.53074 0.77637
v -0.38112 2.48327 0.81091
v -0.32629 2.50147 0.80045
v -0.31921 2.52181 0.77526
v -0.35415 2.51909 0.79218
v -0.27364 3.72112 -0.64021
v -0.25402 3.74600 -0.68574
v -0.25720 3.75047 -0.73266
v -0.22664 3.69232 -0.78451
v -0.23570 3.66040 -0.70768
v -0.24020 3.68811 -0.66968
v -0.25292 3.70355 -0.72141
v -0.45424 2.66774 0.73816
v -0.41625 2.70242 0.73303
v -0.39165 2.73312 0.75281
v -0.41973 2.80414 0.76866
v -0.47840 2.75450 0.75536
v -0.47201 2.71616 0.73467
v -0.43528 2.74205 0.76022
v -0.06957 3.32893 -0.87338
v -0.08213 3.27162 -0.88860
v -0.07067 3.22175 -0.88171
v 0.00362 3.18392 -0.91929
v 0.01183 3.27499 -0.91834
v -0.02909 3.30584 -0.91214
v -0.02636 3.24833 -0.89320
v -0.04966 3.50658 -1.18245
v -0.06124 3.46754 -1.18775
v -0.05227 3.43384 -1.18506
v -0.01433 3.40690 -1.22597
v -0.00899 3.46853 -1.22938
v -0.03341 3.48984 -1.21624
v -0.02704 3.45128 -1.20364
v -1.40047 3.23349 0.31723
v -1.42206 3.28021 0.31770
v -1.42019 3.32118 0.33316
v -1.44171 3.33841 0.40576
v -1.42863 3.26214 0.39921
v -1.42749 3.24225 0.36016
v -1.41824 3.29234 0.36757
v -0.75939 3.63119 0.00858
v -0.74803 3.62156 -0.03839
v -0.75663 3.59863 -0.07247
v -0.73529 3.52765 -0.07818
v -0.73344 3.54922 -0.00707
v -0.73313 3.58979 0.00366
v -0.75085 3.57237 -0.03888
v -0.73062 3.60549 -0.33638
v -0.73748 3.64409 -0.32145
v -0.75724 3.67379 -0.32358
v -0.74931 3.71572 -0.37034
v -0.72329 3.66024 -0.38624
v -0.71565 3.63538 -0.36173
v -0.74471 3.66527 -0.35694
v 0.03001 3.32900 -0.85971
v -0.00780 3.35120 -0.87640
v -0.04747 3.35560 -0.87436
v -0.09165 3.30798 -0.90250
v -0.02729 3.27963 -0.89440
v 0.00517 3.30237 -0.88928
v -0.03856 3.31588 -0.87898
v -0.18634 3.41586 -0.86504
v -0.19624 3.36480 -0.84564
v -0.22764 3.32974 -0.84112
v -0.28988 3.33338 -0.78519
v -0.25865 3.40995 -0.79849
v -0.21618 3.41636 -0.81823
v -0.24742 3.37098 -0.82505
v -0.07335 3.46933 -0.10146
v -0.09056 3.51375 -0.10092
v -0.11820 3.53951 -0.11574
v -0.11197 3.56785 -0.18151
v -0.06997 3.50981 -0.17556
v -0.05956 3.49466 -0.13938
v -0.09841 3.52106 -0.14735
v -0.63919 3.23984 -0.50337
v -0.67785 3.22418 -0.50245
v -0.71155 3.22782 -0.51309
v -0.75015 3.26998 -0.48674
v -0.69028 3.28441 -0.47375
v -0.66417 3.26056 -0.47716
v -0.70044 3.25892 -0.49771
v -0.46542 2.71058 -1.29490
v -0.42543 2.69922 -1.28832
v -0.40237 2.67210 -1.28409
v -0.39878 2.63955 -1.22967
v -0.45363 2.67145 -1.23243
v -0.45838 2.69880 -1.25511
v -0.43040 2.66785 -1.26069
v -1.22894 2.90159 -0.21682
v -1.24020 2.85460 -0.21281
v -1.24178 2.81785 -0.23157
v -1.29414 2.80165 -0.28002
v -1.28993 2.87411 -0.27086
v -1.27116 2.89077 -0.23806
v -1.26171 2.84653 -0.25550
v -0.05386 3.36363 0.42935
v 0.00213 3.37383 0.43168
v 0.03912 3.40043 0.41503
v 0.07338 3.38656 0.33745
v -0.00440 3.35033 0.34227
v -0.02585 3.34162 0.38491
v 0.01417 3.38127 0.37651
v -0.68337 3.77139 -0.01538
v -0.64288 3.74985 -0.00553
v -0.60933 3.75029 0.01617
v -0.55569 3.79385 0.00082
v -0.61504 3.81640 -0.03047
v -0.64654 3.79235 -0.03551
v -0.61371 3.78648 -0.00253
v -0.92083 3.08390 -0.16989
v -0.91961 3.05521 -0.20315
v -0.92372 3.04993 -0.23996
v -0.98360 3.04705 -0.26825
v -0.98801 3.07528 -0.20843
v -0.96094 3.07151 -0.18287
v -0.95490 3.06755 -0.22621
v -0.17262 3.41385 -0.22055
v -0.19845 3.42375 -0.18845
v -0.21083 3.41451 -0.15583
v -0.25352 3.36754 -0.14818
v -0.22560 3.36271 -0.20549
v -0.20795 3.39045 -0.22038
v -0.21432 3.38567 -0.17876
v -0.69287 3.47064 0.13624
v -0.70982 3.42737 0.15562
v -0.74408 3.40472 0.16798
v -0.78009 3.41926 0.23327
v -0.73705 3.47864 0.21343
v -0.70531 3.47489 0.18484
v -0.74514 3.44419 0.18733
v -0.76423 3.45057 -0.32661
v -0.76903 3.41382 -0.27891
v -0.75873 3.40675 -0.22900
v -0.67521 3.38463 -0.20003
v -0.67103 3.41879 -0.28441
v -0.71265 3.42156 -0.31453
v -0.71424 3.41976 -0.25418
v -0.35108 3.55855 -0.11706
v -0.38672 3.58087 -0.12769
v -0.40706 3.61110 -0.12167
v -0.44514 3.61692 -0.06879
v -0.40082 3.56971 -0.05946
v -0.38270 3.55426 -0.08770
v -0.40034 3.59386 -0.08863
v -0.86326 3.69003 -0.19676
v -0.84284 3.65482 -0.23452
v -0.80461 3.63214 -0.25069
v -0.74591 3.67143 -0.29575
v -0.79287 3.72735 -0.25466
v -0.83529 3.71602 -0.23707
v -0.79471 3.67948 -0.24713
v -0.95885 3.28054 -0.45479
v -0.97694 3.32959 -0.45395
v -1.01126 3.35636 -0.44449
v -1.07417 3.36138 -0.49183
v -1.03348 3.29568 -0.50772
v -0.99123 3.29059 -0.49460
v -1.02563 3.32261 -0.47169
v -0.95197 3.33041 -0.77909
v -0.94235 3.35006 -0.74626
v -0.91805 3.35797 -0.72445
v -0.89894 3.31920 -0.68353
v -0.92831 3.29058 -0.72666
v -0.94895 3.30673 -0.74768
v -0.91914 3.32374 -0.72823
v -0.15215 3.98619 -0.52344
v -0.12296 4.01590 -0.49560
v -0.11320 4.05593 -0.48456
v -0.07336 4.10111 -0.53020
v -0.10180 4.04312 -0.56945
v -0.11563 4.00766 -0.55018
v -0.11276 4.05257 -0.52817
v -0.47608 3.54473 0.01131
v -0.44512 3.54650 -0.02514
v -0.41767 3.56884 -0.04537
v -0.43752 3.62152 -0.09059
v -0.49225 3.60466 -0.04660
v -0.49307 3.56953 -0.02594
v -0.45317 3.59061 -0.04188
v -0.81383 3.97418 -0.46940
v -0.82240 3.93437 -0.49617
v -0.82898 3.89338 -0.49613
v -0.77412 3.84547 -0.48607
v -0.75383 3.91228 -0.46303
v -0.77409 3.94652 -0.47489
v -0.79360 3.90186 -0.47406
v -0.79557 3.42345 -0.23453
v -0.82351 3.44684 -0.26268
v -0.83191 3.45662 -0.29973
v -0.79472 3.50407 -0.33427
v -0.75905 3.48128 -0.27917
v -0.77667 3.46270 -0.24947
v -0.79319 3.46467 -0.29241
v 0.06401 3.34999 0.09527
v 0.09330 3.35455 0.12726
v 0.11840 3.37671 0.14335
v 0.17778 3.38669 0.11680
v 0.13660 3.36241 0.07158
v 0.10500 3.34535 0.08112
v 0.12580 3.37447 0.10606
v 0.28334 3.20457 -0.42658
v 0.23338 3.20639 -0.45846
v 0.18850 3.22855 -0.46518
v 0.11903 3.21121 -0.41154
v 0.19527 3.18576 -0.37226
v 0.23773 3.17888 -0.39873
v 0.19292 3.21377 -0.41575
v -1.03906 3.38606 0.43318
v -1.05423 3.39201 0.47133
v -1.07286 3.37838 0.49808
v -1.13529 3.37450 0.49605
v -1.11237 3.38257 0.43837
v -1.07963 3.39470 0.43294
v -1.09207 3.37543 0.46751
v -0.55596 2.69391 1.10803
v -0.52247 2.71714 1.06560
v -0.49909 2.75803 1.04849
v -0.54353 2.82428 1.00955
v -0.59937 2.77336 1.05613
v -0.58693 2.72699 1.07051
v -0.54818 2.76956 1.05837
v -0.14461 2.87022 -0.31020
v -0.16437 2.82734 -0.34863
v -0.17122 2.77663 -0.35702
v -0.10114 2.72145 -0.37891
v -0.06956 2.79943 -0.34205
v -0.09901 2.84199 -0.33901
v -0.12080 2.78526 -0.34256
v -0.19277 3.26345 -0.38423
v -0.17011 3.23702 -0.36552
v -0.13891 3.22561 -0.36014
v -0.11031 3.19242 -0.40058
v -0.15592 3.22105 -0.42616
v -0.18105 3.23409 -0.40795
v -0.14467 3.22725 -0.39413
v -1.05616 3.33965 -0.91877
v -1.02636 3.32596 -0.95849
v -0.98678 3.31223 -0.97150
v -0.92608 3.36060 -0.97551
v -0.98177 3.39130 -0.93081
v -1.02314 3.37679 -0.93233
v -0.98200 3.34893 -0.94593
v -0.19359 3.13721 -1.15701
v -0.21559 3.11517 -1.18869
v -0.24934 3.10625 -1.20328
v -0.28917 3.06065 -1.17453
v -0.24299 3.08172 -1.13077
v -0.21151 3.09941 -1.14207
v -0.24933 3.09814 -1.16534
v -0.29091 3.30231 0.05698
v -0.25395 3.28167 0.04441
v -0.22533 3.25954 0.05471
v -0.17420 3.28285 0.09051
v -0.22612 3.32435 0.09507
v -0.25446 3.32334 0.07036
v -0.22779 3.28926 0.07917
v -0.59152 2.80846 1.22046
v -0.58231 2.84556 1.18062
v -0.56100 2.88573 1.16860
v -0.59020 2.95980 1.19316
v -0.62232 2.89924 1.24053
v -0.62172 2.85425 1.22686
v -0.58645 2.89277 1.20895
v 0.04505 3.10860 0.01984
v 0.08577 3.12246 0.01750
v 0.12121 3.11426 0.02233
v 0.14791 3.11171 0.08155
v 0.08316 3.10817 0.08608
v 0.06131 3.11855 0.05848
v 0.10222 3.10591 0.05372
v -0.59891 3.21646 0.19230
v -0.64061 3.17290 0.20128
v -0.68706 3.16085 0.22115
v -0.69940 3.14933 0.31158
v -0.62123 3.19526 0.29597
v -0.59830 3.19502 0.24937
v -0.65768 3.18471 0.25861
v 0.17098 3.09033 -1.05847
v 0.15394 3.06669 -1.09486
v 0.16223 3.04605 -1.12775
v 0.18238 3.07780 -1.18718
v 0.19062 3.12133 -1.13256
v 0.17219 3.11508 -1.09795
v 0.18174 3.08175 -1.12911
v -0.77085 3.16196 0.69008
v -0.71440 3.14961 0.69927
v -0.66811 3.16756 0.70360
v -0.62131 3.19265 0.63307
v -0.70705 3.18818 0.61254
v -0.73944 3.16287 0.64072
v -0.68873 3.18471 0.66011
v 0.35737 3.47115 -0.84412
v 0.40036 3.48698 -0.87081
v 0.43706 3.51328 -0.87088
v 0.43225 3.59209 -0.88370
v 0.36048 3.56312 -0.86347
v 0.35113 3.51902 -0.86604
v 0.39994 3.53904 -0.86079
v -1.21370 3.13465 0.32820
v -1.17768 3.13232 0.35719
v -1.14270 3.14738 0.36746
v -1.08478 3.13396 0.33078
v -1.14135 3.11938 0.29247
v -1.17681 3.11432 0.30898
v -1.14234 3.13872 0.32796
v -0.21597 2.93761 1.46709
v -0.19642 2.90200 1.46730
v -0.17350 2.88178 1.48349
v -0.11321 2.89207 1.47973
v -0.14419 2.94227 1.46316
v -0.17758 2.94089 1.45423
v -0.15905 2.91371 1.47805
v 0.26750 3.66306 -1.09607
v 0.28466 3.63064 -1.05110
v 0.28880 3.62721 -1.00196
v 0.35115 3.67015 -0.95796
v 0.34084 3.70530 -1.03749
v 0.31812 3.68084 -1.07394
v 0.30971 3.67071 -1.01741
v 0.29532 3.34772 0.48878
v 0.32759 3.35203 0.52823
v 0.36185 3.37306 0.54501
v 0.43372 3.35966 0.52030
v 0.38265 3.33378 0.46855
v 0.34096 3.32677 0.47908
v 0.37200 3.35901 0.50384
v -0.26583 2.90617 -0.31593
v -0.26873 2.89946 -0.26766
v -0.25345 2.87968 -0.23442
v -0.26911 2.80898 -0.22090
v -0.28373 2.82511 -0.29127
v -0.28819 2.86438 -0.30421
v -0.26297 2.85108 -0.26458
v -0.77180 2.61365 0.67000
v -0.82233 2.61111 0.64549
v -0.86934 2.61900 0.65001
v -0.91916 2.56690 0.69471
v -0.83792 2.55472 0.71581
v -0.80213 2.56979 0.68779
v -0.85387 2.59177 0.68782
v -1.11177 3.84658 -0.20590
v -1.09156 3.86369 -0.17709
v -1.06974 3.88748 -0.16877
v -1.01200 3.88182 -0.17976
v -1.04276 3.84376 -0.21281
v -1.07421 3.83559 -0.20540
v -1.05681 3.86885 -0.19434
v -0.12837 3.44030 -1.28919
v -0.09929 3.41026 -1.26236
v -0.08566 3.39960 -1.22374
v -0.03505 3.44095 -1.18705
v -0.06586 3.48108 -1.24235
v -0.08656 3.46264 -1.27432
v -0.08033 3.44227 -1.22944
v -0.54760 3.82219 -0.67683
v -0.56479 3.85944 -0.68375
v -0.56013 3.89457 -0.68389
v -0.55892 3.92787 -0.63069
v -0.54935 3.86708 -0.61829
v -0.55786 3.84177 -0.64159
v -0.54966 3.88128 -0.65174
v 0.01119 3.84895 -0.17448
v -0.01303 3.88090 -0.20588
v -0.01127 3.91820 -0.22796
v -0.01951 3.98617 -0.19308
v -0.00253 3.93188 -0.14141
v -0.00742 3.88970 -0.15024
v -0.00071 3.92589 -0.18544
v -0.43663 3.31835 -0.29453
v -0.44577 3.36342 -0.33232
v -0.42868 3.40764 -0.35030
v -0.43681 3.48387 -0.30354
v -0.44719 3.41311 -0.24921
v -0.45767 3.36694 -0.26734
v -0.43072 3.40997 -0.29841
v -0.42243 3.76402 -0.59865
v -0.45366 3.74590 -0.55169
v -0.48644 3.75862 -0.51552
v -0.46133 3.80578 -0.44388
v -0.40049 3.81390 -0.50884
v -0.39840 3.78144 -0.54739
v -0.44693 3.79200 -0.51512
v -0.41959 3.60022 -0.25883
v -0.38013 3.58196 -0.27866
v -0.35947 3.57515 -0.31306
v -0.37826 3.52266 -0.35877
v -0.43310 3.53770 -0.31444
v -0.42747 3.55788 -0.27955
v -0.39835 3.56063 -0.31734
v -0.61674 3.29327 -0.46220
v -0.57908 3.27796 -0.47981
v -0.54528 3.26253 -0.47325
v -0.49409 3.29869 -0.45003
v -0.55168 3.33086 -0.43924
v -0.58319 3.32188 -0.45794
v -0.54921 3.29422 -0.45142
v -0.50308 3.59514 -1.05787
v -0.50097 3.53898 -1.03732
v -0.47372 3.50384 -1.01243
v -0.40481 3.46071 -1.05167
v -0.42476 3.53570 -1.09781
v -0.46949 3.55946 -1.09221
v -0.44471 3.52388 -1.05098
v -0.89837 3.02717 -0.69832
v -0.86556 3.03815 -0.66900
v -0.84036 3.02545 -0.64263
v -0.86013 3.00806 -0.57948
v -0.91414 3.00944 -0.62146
v -0.91299 3.02786 -0.65540
v -0.87652 3.01209 -0.63354
v -1.33244 3.26737 -0.25603
v -1.30740 3.24396 -0.27593
v -1.28464 3.24176 -0.30077
v -1.30096 3.24018 -0.35828
v -1.34580 3.26123 -0.32478
v -1.34672 3.25648 -0.29137
v -1.31361 3.25610 -0.31315
v 0.09135 3.63634 -0.57606
v 0.11520 3.68153 -0.56275
v 0.11149 3.72113 -0.54175
v 0.07158 3.78206 -0.57406
v 0.05082 3.71383 -0.60959
v 0.07620 3.67684 -0.60637
v 0.07643 3.71634 -0.57132
v -0.52281 3.54598 -0.00172
v -0.55275 3.50730 -0.03802
v -0.56383 3.49353 -0.08680
v -0.62394 3.54076 -0.13782
v -0.59610 3.59172 -0.06659
v -0.57350 3.57043 -0.02503
v -0.57410 3.54535 -0.08053
v -0.61403 3.57909 -0.20931
v -0.62161 3.58102 -0.16756
v -0.60873 3.58989 -0.13494
v -0.56635 3.55288 -0.10428
v -0.56757 3.53796 -0.16659
v -0.59515 3.54763 -0.18791
v -0.58450 3.56752 -0.15192
v -0.32904 3.41048 -0.10210
v -0.28200 3.38076 -0.10272
v -0.25761 3.34578 -0.12344
v -0.27607 3.26502 -0.10973
v -0.34072 3.31362 -0.08714
v -0.33543 3.36008 -0.07939
v -0.30186 3.32954 -0.11161
v -0.04389 3.65544 -0.94397
v -0.02394 3.68460 -0.96591
v -0.01353 3.69548 -0.99797
v 0.03517 3.66912 -1.02750
v 0.01472 3.63137 -0.98174
v -0.00578 3.64339 -0.95547
v -0.00279 3.66114 -0.99296
v -0.97266 3.22014 1.02330
v -0.92702 3.19042 1.02983
v -0.88185 3.18550 1.01896
v -0.85778 3.15646 0.94530
v -0.93644 3.18191 0.94149
v -0.96212 3.18811 0.98003
v -0.90731 3.19003 0.97864
v -0.60879 3.21133 1.30732
v -0.56323 3.24008 1.29512
v -0.53882 3.26266 1.26183
v -0.49537 3.22143 1.20388
v -0.55111 3.17064 1.23937
v -0.57113 3.18093 1.28068
v -0.54982 3.21839 1.24613
v -0.52079 3.52469 -0.43683
v -0.51371 3.54262 -0.47671
v -0.49446 3.54069 -0.50910
v -0.43065 3.56016 -0.51323
v -0.44742 3.54986 -0.44935
v -0.48347 3.54851 -0.43830
v -0.46958 3.53998 -0.47949
v -0.74569 3.31829 0.09745
v -0.77960 3.28804 0.07523
v -0.78642 3.25690 0.04625
v -0.78733 3.27136 -0.02868
v -0.75310 3.32847 0.00862
v -0.75818 3.33406 0.05104
v -0.76417 3.28990 0.02709
v 0.68211 3.69482 -0.36889
v 0.67186 3.69655 -0.33098
v 0.64929 3.70711 -0.30861
v 0.64614 3.76395 -0.29200
v 0.67631 3.75924 -0.34284
v 0.68923 3.73006 -0.35298
v 0.65876 3.73352 -0.32839
v -0.89595 3.25385 -0.54349
v -0.84633 3.24196 -0.56914
v -0.82130 3.24156 -0.61086
v -0.83450 3.18125 -0.67098
v -0.90123 3.18383 -0.61651
v -0.89771 3.20484 -0.57277
v -0.86456 3.21763 -0.61750
v -0.63470 2.89217 0.61756
v -0.59425 2.92037 0.62522
v -0.55826 2.92548 0.64726
v -0.55862 2.95009 0.71842
v -0.62705 2.92514 0.69935
v -0.63847 2.92015 0.65871
v -0.59132 2.91955 0.67503
v 0.08853 3.68467 -0.73103
v 0.13588 3.66332 -0.73624
v 0.17710 3.66797 -0.75228
v 0.19293 3.65899 -0.82893
v 0.11573 3.67070 -0.81844
v 0.09643 3.66507 -0.77877
v 0.14707 3.67574 -0.78571
v -0.51167 2.53458 -1.41584
v -0.50260 2.57920 -1.41667
v -0.48673 2.60933 -1.39809
v -0.51809 2.63955 -1.34495
v -0.54501 2.57729 -1.35593
v -0.54007 2.55861 -1.38956
v -0.51209 2.59083 -1.37367
v -0.53952 3.64600 0.37561
v -0.51139 3.69624 0.36405
v -0.49582 3.74036 0.38176
v -0.55169 3.80811 0.39355
v -0.59690 3.73219 0.38702
v -0.57637 3.69099 0.36743
v -0.54589 3.73503 0.39152
v -0.37615 3.08225 0.87664
v -0.35712 3.09003 0.91385
v -0.32814 3.10379 0.93064
v -0.27223 3.07239 0.93251
v -0.30931 3.04860 0.88589
v -0.34501 3.05455 0.88507
v -0.31691 3.07965 0.90476
v -0.46242 3.65913 -0.16063
v -0.49009 3.62410 -0.18924
v -0.53055 3.60586 -0.19756
v -0.56330 3.55202 -0.14830
v -0.50501 3.59182 -0.11065
v -0.47367 3.61507 -0.13337
v -0.52189 3.60354 -0.15214
v -0.18920 3.26881 0.50846
v -0.19160 3.29014 0.54593
v -0.20230 3.28923 0.58111
v -0.26491 3.29548 0.59802
v -0.26022 3.27977 0.53496
v -0.22884 3.28406 0.51626
v -0.23126 3.27928 0.55911
v -0.86499 3.32629 -0.93927
v -0.88897 3.31182 -0.88612
v -0.88550 3.28253 -0.84430
v -0.90909 3.19501 -0.84538
v -0.89590 3.22473 -0.92999
v -0.89565 3.27466 -0.94121
v -0.88346 3.25199 -0.88692
v -0.22040 3.22082 0.68836
v -0.21240 3.16436 0.70962
v -0.20530 3.11436 0.69790
v -0.27441 3.06135 0.66881
v -0.29652 3.14998 0.65938
v -0.27105 3.18725 0.68486
v -0.24788 3.13251 0.67177
v 0.10120 3.16837 -0.63879
v 0.05951 3.18001 -0.65476
v 0.03464 3.20925 -0.66321
v -0.00005 3.24329 -0.61337
v 0.05408 3.20927 -0.58584
v 0.07200 3.18002 -0.60502
v 0.04788 3.21366 -0.62541
v -0.46342 2.56994 1.02318
v -0.41924 2.58324 1.00342
v -0.39359 2.58177 0.96925
v -0.35473 2.51928 0.95136
v -0.41115 2.50211 0.99887
v -0.43053 2.53203 1.02245
v -0.40637 2.54109 0.97940
v 0.18481 3.43808 -0.97057
v 0.15383 3.43724 -0.93963
v 0.11729 3.43814 -0.93217
v 0.08271 3.49439 -0.93478
v 0.13962 3.50119 -0.96767
v 0.16818 3.47777 -0.96246
v 0.12627 3.46785 -0.95452
v -1.33333 3.04607 -0.14542
v -1.32081 3.07354 -0.09259
v -1.33846 3.08756 -0.04593
v -1.39500 3.15910 -0.03526
v -1.39487 3.13181 -0.12292
v -1.35707 3.10199 -0.14209
v -1.37220 3.10474 -0.08321
v -0.33382 3.37919 -0.83246
v -0.32214 3.41066 -0.85851
v -0.29864 3.43744 -0.86485
v -0.30160 3.49304 -0.83309
v -0.33461 3.44797 -0.80167
v -0.34527 3.41743 -0.81790
v -0.31238 3.44115 -0.83058
v -0.27773 3.45404 -0.17573
v -0.30567 3.42218 -0.16701
v -0.33059 3.39860 -0.18050
v -0.39074 3.41796 -0.19692
v -0.35094 3.46954 -0.19280
v -0.31876 3.46778 -0.17492
v -0.33928 3.43361 -0.19176
v -0.14015 3.52329 -1.10676
v -0.17595 3.54176 -1.11632
v -0.19336 3.56203 -1.13933
v -0.18435 3.62379 -1.14202
v -0.13690 3.59648 -1.11192
v -0.13966 3.56390 -1.09870
v -0.16255 3.57848 -1.12997
v 0.19320 3.43283 -0.15996
v 0.23934 3.41691 -0.18166
v 0.27241 3.38566 -0.18181
v 0.32910 3.38373 -0.12454
v 0.26600 3.42722 -0.09957
v 0.23522 3.44363 -0.12879
v 0.26616 3.40112 -0.13824
v -1.35203 3.23083 -0.00807
v -1.34294 3.19073 0.01508
v -1.32040 3.15751 0.01700
v -1.33116 3.10245 -0.02684
v -1.36208 3.16097 -0.05306
v -1.36973 3.19296 -0.02996
v -1.33639 3.16084 -0.02084
v -0.25892 3.22282 0.89167
v -0.29808 3.21939 0.88753
v -0.32756 3.21399 0.90286
v -0.34427 3.15947 0.92032
v -0.28541 3.16078 0.91078
v -0.27098 3.18518 0.89262
v -0.30557 3.18880 0.91140
v -1.06175 2.58736 -0.48793
v -1.04967 2.63054 -0.45740
v -1.06227 2.65743 -0.42201
v -1.12207 2.71282 -0.42927
v -1.12697 2.65805 -0.48989
v -1.09127 2.63094 -0.50104
v -1.09848 2.65365 -0.45231
v -0.37990 3.11476 -0.42578
v -0.35229 3.10861 -0.39042
v -0.31767 3.11579 -0.37503
v -0.26155 3.08298 -0.39604
v -0.31114 3.07684 -0.44263
v -0.34809 3.08357 -0.43388
v -0.31288 3.10104 -0.41140
v -0.02090 3.79669 -0.74680
v -0.05487 3.83778 -0.72527
v -0.09639 3.84810 -0.70142
v -0.17364 3.84440 -0.74073
v -0.11471 3.80029 -0.78664
v -0.06665 3.80704 -0.78005
v -0.10678 3.81821 -0.74041
v 0.02252 3.05467 0.21654
v 0.04244 3.02103 0.23916
v 0.05280 2.98398 0.23900
v 0.00747 2.93410 0.24909
v -0.02460 2.99177 0.23206
v -0.00732 3.02604 0.23470
v 0.01447 2.98674 0.23008
v 0.00550 3.87308 -0.56313
v -0.00479 3.85000 -0.50807
v -0.03352 3.81805 -0.47950
v -0.11825 3.84015 -0.45329
v -0.09214 3.89315 -0.52303
v -0.04248 3.89827 -0.53606
v -0.06534 3.85070 -0.50633
v -0.56888 3.85666 0.04800
v -0.56914 3.84176 0.00730
v -0.55162 3.82167 -0.01824
v -0.49891 3.84438 -0.04959
v -0.50937 3.87911 0.00482
v -0.54198 3.87869 0.02212
v -0.52756 3.84704 -0.00374
v 0.38798 3.32702 0.52527
v 0.35931 3.34724 0.47912
v 0.31989 3.34241 0.44979
v 0.31504 3.27937 0.38936
v 0.37660 3.25979 0.44833
v 0.39576 3.29412 0.47818
v 0.34353 3.29779 0.45331
v -0.05140 3.62863 -0.43268
v -0.04884 3.67123 -0.42649
v -0.02934 3.70187 -0.43203
v 0.02412 3.71509 -0.39737
v 0.00951 3.65186 -0.39266
v -0.02386 3.63908 -0.40118
v -0.00707 3.67566 -0.41668
v 0.76767 2.98983 -1.57540
v 0.72503 2.99597 -1.59417
v 0.69430 2.97906 -1.61343
v 0.69725 2.96452 -1.68277
v 0.76263 2.97435 -1.65714
v 0.76896 2.99295 -1.62227
v 0.72900 2.97111 -1.63385
v -1.10198 3.09754 -0.89328
v -1.09171 3.14637 -0.90169
v -1.09281 3.18653 -0.88610
v -1.15776 3.22654 -0.88291
v -1.17314 3.15220 -0.89100
v -1.14335 3.12430 -0.90484
v -1.13295 3.16842 -0.88237
v -0.08826 3.14293 -1.65790
v -0.12052 3.16749 -1.64684
v -0.15002 3.17081 -1.62686
v -0.20426 3.14197 -1.64253
v -0.15569 3.11510 -1.67316
v -0.12416 3.13168 -1.67661
v -0.15197 3.13963 -1.64612
v 0.03792 3.46675 -0.50802
v -0.00240 3.45297 -0.54937
v -0.04235 3.46858 -0.57616
v -0.12415 3.47366 -0.54002
v -0.06217 3.47017 -0.47545
v -0.01514 3.45400 -0.48463
v -0.05146 3.47666 -0.52577
v -0.33563 3.44913 -0.88584
v -0.34877 3.42440 -0.85797
v -0.37190 3.40150 -0.84941
v -0.42730 3.41722 -0.83401
v -0.40073 3.46187 -0.86324
v -0.36730 3.46320 -0.86687
v -0.38779 3.42999 -0.86066
v -0.96935 3.41435 0.09633
v -0.92866 3.43974 0.07760
v -0.91069 3.47883 0.06910
v -0.93335 3.52184 0.00850
v -0.98703 3.46803 0.02459
v -0.97773 3.43280 0.04899
v -0.95182 3.47724 0.05099
v -0.36706 2.97625 -0.42449
v -0.33059 2.95877 -0.40447
v -0.29304 2.96266 -0.39723
v -0.24593 2.94941 -0.44458
v -0.30675 2.95818 -0.47392
v -0.33940 2.95589 -0.45377
v -0.29913 2.96593 -0.43603
v -0.05106 3.84369 -0.39844
v -0.06752 3.84447 -0.45362
v -0.10502 3.84213 -0.48516
v -0.14405 3.76685 -0.50415
v -0.09860 3.75915 -0.43050
v -0.06339 3.79112 -0.41848
v -0.10730 3.80282 -0.45387
v -0.73929 3.05522 0.03418
v -0.75607 3.00931 0.02914
v -0.75564 2.97432 0.00616
v -0.79312 2.96915 -0.05761
v -0.78453 3.04036 -0.03882
v -0.77463 3.05176 0.00022
v -0.76475 3.00772 -0.01921
v -0.15868 3.50227 0.00541
v -0.15767 3.47411 0.03985
v -0.15884 3.43795 0.05115
v -0.21636 3.40337 0.05284
v -0.22320 3.45761 0.01385
v -0.19904 3.48674 0.01587
v -0.18926 3.44508 0.02805
v -0.57232 3.36492 -0.15176
v -0.59263 3.35861 -0.19382
v -0.61504 3.37479 -0.22294
v -0.68541 3.38236 -0.21607
v -0.65557 3.37253 -0.15228
v -0.61869 3.35715 -0.14840
v -0.63438 3.37936 -0.18690
v -0.73338 3.64111 -0.21914
v -0.70651 3.62956 -0.24843
v -0.70223 3.61626 -0.28079
v -0.70981 3.55539 -0.29250
v -0.73687 3.57032 -0.23824
v -0.72878 3.60002 -0.22107
v -0.72396 3.59449 -0.26181
v -0.53074 2.76636 0.92204
v -0.50621 2.77172 0.96191
v -0.50683 2.77040 1.00202
v -0.53642 2.82224 1.04063
v -0.55948 2.82562 0.97347
v -0.54006 2.80722 0.94356
v -0.53757 2.79437 0.98882
v -0.42964 3.79027 -0.41684
v -0.47017 3.77817 -0.39060
v -0.51185 3.77042 -0.39149
v -0.56217 3.82589 -0.39718
v -0.49438 3.85028 -0.41841
v -0.45894 3.82950 -0.40791
v -0.50402 3.80859 -0.41077
v -0.90873 3.15088 -0.46404
v -0.86915 3.18060 -0.45382
v -0.85384 3.21310 -0.43010
v -0.87281 3.28555 -0.44442
v -0.92250 3.23837 -0.47788
v -0.91329 3.19685 -0.48454
v -0.89179 3.22552 -0.44890
v -1.45512 3.14510 -0.19311
v -1.42486 3.10108 -0.20119
v -1.41178 3.06002 -0.18506
v -1.35811 3.05311 -0.12410
v -1.38897 3.12853 -0.12580
v -1.41020 3.14512 -0.16310
v -1.40548 3.09257 -0.15149
v -1.41763 3.15787 0.07640
v -1.40018 3.20600 0.04241
v -1.36040 3.23604 0.02647
v -1.32244 3.29999 0.08184
v -1.37108 3.23915 0.13213
v -1.40705 3.20800 0.11033
v -1.35977 3.23297 0.08004
v 0.51743 3.81709 -0.49165
v 0.48549 3.84744 -0.53007
v 0.45199 3.88366 -0.53677
v 0.36646 3.87153 -0.51899
v 0.41481 3.80963 -0.47887
v 0.46159 3.79985 -0.49284
v 0.43434 3.85076 -0.50196
v 0.09666 3.17015 0.03382
v 0.11682 3.20388 0.03621
v 0.14687 3.21865 0.03466
v 0.18585 3.21480 0.07930
v 0.14471 3.17228 0.08443
v 0.11543 3.17407 0.06820
v 0.14834 3.19239 0.05679
v -0.21415 3.79626 -0.28604
v -0.16232 3.79800 -0.27181
v -0.13213 3.79747 -0.23737
v -0.11971 3.86259 -0.19059
v -0.19012 3.86980 -0.23026
v -0.19960 3.84450 -0.26724
v -0.16447 3.83049 -0.22902
v -0.17131 3.57091 -0.07045
v -0.16141 3.56860 -0.11278
v -0.13665 3.57652 -0.13921
v -0.12981 3.63737 -0.16295
v -0.16139 3.63904 -0.10539
v -0.17732 3.60879 -0.09103
v -0.14442 3.60810 -0.11954
v -0.76067 3.44107 0.12794
v -0.73825 3.41422 0.17313
v -0.74136 3.40573 0.22096
v -0.71658 3.46440 0.27908
v -0.72871 3.50196 0.20241
v -0.73012 3.47608 0.16120
v -0.74187 3.45499 0.21301
v -0.08867 3.22745 -0.87944
v -0.09304 3.24149 -0.83953
v -0.07687 3.25678 -0.81094
v -0.03761 3.22347 -0.77262
v -0.04508 3.19283 -0.82852
v -0.07261 3.20038 -0.85083
v -0.05697 3.22740 -0.82193
v 0.10086 3.14311 -0.41470
v 0.06199 3.16143 -0.40476
v 0.03745 3.17007 -0.37765
v -0.00182 3.12398 -0.35006
v 0.04912 3.09480 -0.38139
v 0.06949 3.11304 -0.40716
v 0.04645 3.13271 -0.37510
v 0.97320 2.71320 -1.70489
v 0.93632 2.75563 -1.70315
v 0.91203 2.78849 -1.72815
v 0.94941 2.85885 -1.75736
v 1.00802 2.80069 -1.73781
v 0.99803 2.76347 -1.70936
v 0.95975 2.79176 -1.73932
v -1.28727 3.07133 0.34687
v -1.32966 3.06509 0.35114
v -1.36062 3.07571 0.36770
v -1.37357 3.05971 0.42931
v -1.31017 3.05235 0.41721
v -1.29723 3.05008 0.38297
v -1.33433 3.06908 0.39376
v -0.22177 3.43888 -0.26152
v -0.25649 3.43131 -0.22735
v -0.29710 3.42384 -0.21976
v -0.34831 3.47753 -0.22489
v -0.28642 3.49774 -0.26086
v -0.24962 3.47881 -0.25377
v -0.29362 3.45818 -0.24548
v -0.32486 3.70657 -0.18404
v -0.28244 3.71553 -0.17791
v -0.24747 3.70996 -0.18963
v -0.21519 3.65371 -0.17702
v -0.28016 3.64488 -0.16893
v -0.30346 3.67369 -0.16460
v -0.26451 3.67612 -0.18448
v -0.62561 3.58481 -0.02066
v -0.61774 3.62397 -0.05426
v -0.58958 3.65503 -0.06904
v -0.57610 3.72125 -0.02859
v -0.60855 3.66700 0.01838
v -0.62993 3.63166 0.00194
v -0.59332 3.65857 -0.02375
v -0.56351 2.91224 0.92531
v -0.53348 2.88723 0.96498
v -0.52488 2.88320 1.01145
v -0.48111 2.94135 1.05342
v -0.50861 2.97294 0.98059
v -0.52302 2.94492 0.94514
v -0.52268 2.93011 0.99882
v -0.11136 3.60878 -0.14645
v -0.16619 3.60563 -0.12112
v -0.20127 3.62909 -0.09157
v -0.19241 3.63330 -0.00085
v -0.11209 3.61332 -0.03928
v -0.10887 3.59550 -0.08750
v -0.15493 3.62842 -0.06624
v -0.33773 3.45263 -0.15184
v -0.36187 3.50608 -0.15713
v -0.39424 3.53505 -0.18220
v -0.37511 3.56764 -0.26261
v -0.32120 3.49961 -0.24364
v -0.31492 3.48330 -0.19663
v -0.36239 3.51248 -0.21567
v -0.24214 3.49340 -1.57183
v -0.27611 3.45614 -1.55474
v -0.30949 3.42750 -1.56576
v -0.38467 3.45302 -1.57795
v -0.33349 3.51476 -1.58255
v -0.29154 3.51224 -1.56554
v -0.32049 3.47017 -1.58058
v -0.27458 2.62275 -1.44883
v -0.22945 2.62650 -1.43588
v -0.19251 2.61105 -1.43846
v -0.17384 2.55273 -1.40239
v -0.24466 2.55762 -1.40592
v -0.26297 2.59215 -1.41496
v -0.21877 2.58145 -1.42723
v -0.39137 2.83989 0.96760
v -0.41634 2.86596 0.93881
v -0.41582 2.89285 0.91012
v -0.40271 2.96002 0.92315
v -0.38123 2.92067 0.97648
v -0.39410 2.88384 0.98147
v -0.39339 2.90597 0.94095
v 0.02653 4.03117 -0.79833
v 0.03125 4.00704 -0.74237
v 0.05704 3.97416 -0.71130
v 0.04509 3.88287 -0.71682
v 0.01438 3.92353 -0.79369
v 0.00383 3.97449 -0.79533
v 0.04250 3.94847 -0.75578
v -0.88396 3.29281 -0.22346
v -0.90326 3.30820 -0.27025
v -0.89558 3.31270 -0.31443
v -0.85002 3.37156 -0.34328
v -0.83617 3.36191 -0.26526
v -0.86507 3.33984 -0.23864
v -0.86125 3.33282 -0.29094
v -0.52676 3.16787 -0.19190
v -0.55058 3.16885 -0.14480
v -0.58065 3.18937 -0.11841
v -0.56448 3.25864 -0.08258
v -0.51347 3.24627 -0.14249
v -0.50739 3.20543 -0.16028
v -0.55102 3.22067 -0.13477
v -0.71597 2.61666 -0.98491
v -0.72590 2.67382 -0.98908
v -0.73310 2.71240 -1.01932
v -0.66674 2.74987 -1.06283
v -0.64329 2.66998 -1.03509
v -0.66817 2.64655 -0.99922
v -0.69072 2.68806 -1.03316
v 0.30315 3.07654 0.29510
v 0.33880 3.04759 0.26710
v 0.37970 3.04692 0.24649
v 0.39167 3.08222 0.17441
v 0.32386 3.11087 0.20854
v 0.30290 3.08870 0.24271
v 0.35509 3.08369 0.23071
v -0.89275 3.60492 -0.59575
v -0.84298 3.57765 -0.59408
v -0.81068 3.55114 -0.61843
v -0.82379 3.46805 -0.63471
v -0.89778 3.50603 -0.61414
v -0.89897 3.54866 -0.59132
v -0.85549 3.53038 -0.62295
v -0.83587 2.90985 0.82702
v -0.82155 2.91026 0.88134
v -0.79729 2.93255 0.91603
v -0.71301 2.92640 0.92243
v -0.73805 2.90337 0.84481
v -0.78347 2.89151 0.83555
v -0.76730 2.92447 0.87806
v -0.26925 2.83565 -1.36822
v -0.24183 2.81089 -1.33455
v -0.22393 2.77381 -1.32368
v -0.26473 2.71677 -1.29591
v -0.30977 2.76634 -1.33060
v -0.29701 2.80608 -1.33900
v -0.26617 2.76726 -1.33260
v -0.46097 3.68519 -0.07239
v -0.48620 3.65844 -0.11960
v -0.52897 3.63959 -0.13993
v -0.56263 3.55990 -0.11410
v -0.50417 3.59033 -0.05239
v -0.47026 3.62678 -0.06333
v -0.52184 3.61870 -0.09257
v -0.30590 3.23039 -0.12035
v -0.25497 3.22786 -0.12906
v -0.22305 3.21731 -0.15755
v -0.20324 3.14307 -0.17126
v -0.27371 3.14627 -0.13785
v -0.28754 3.18219 -0.11640
v -0.25132 3.18232 -0.15334
v 0.02808 3.48598 -1.38601
v 0.05678 3.50275 -1.42351
v 0.05790 3.51841 -1.46320
v 0.04782 3.47414 -1.52366
v 0.02206 3.43954 -1.46156
v 0.03373 3.45205 -1.42246
v 0.03437 3.48152 -1.46299
v -0.94826 3.11312 -0.64677
v -0.90616 3.12053 -0.63823
v -0.87720 3.14332 -0.64275
v -0.84399 3.14612 -0.69945
v -0.90267 3.11800 -0.70902
v -0.92254 3.10426 -0.68083
v -0.89231 3.13541 -0.67679
v -0.24436 3.64557 -0.65156
v -0.24094 3.62289 -0.68998
v -0.25214 3.62001 -0.72630
v -0.31282 3.59547 -0.74285
v -0.31214 3.61374 -0.67786
v -0.27951 3.61885 -0.65884
v -0.28365 3.62205 -0.70328
v -1.32148 2.99919 -0.63087
v -1.32448 2.95694 -0.66962
v -1.35357 2.92783 -0.69604
v -1.39423 2.85997 -0.66074
v -1.36822 2.91461 -0.59875
v -1.33390 2.94844 -0.60708
v -1.36690 2.92498 -0.64779
v -0.18936 3.49534 -0.90289
v -0.23224 3.49360 -0.88423
v -0.26897 3.50909 -0.88383
v -0.28289 3.57074 -0.85235
v -0.21352 3.56460 -0.86403
v -0.19660 3.52929 -0.87150
v -0.24169 3.53916 -0.87921
v -0.81133 3.62796 -0.04814
v -0.78028 3.62704 -0.02087
v -0.75016 3.64179 -0.01018
v -0.69656 3.63262 -0.04071
v -0.74484 3.61772 -0.07726
v -0.77686 3.61157 -0.06399
v -0.74792 3.63453 -0.04547
v -0.44735 2.75493 -1.75025
v -0.47456 2.71207 -1.76849
v -0.47858 2.68051 -1.80163
v -0.51095 2.69851 -1.87411
v -0.48884 2.76675 -1.83565
v -0.48116 2.76751 -1.79035
v -0.47755 2.72337 -1.82115
v -1.54179 3.04659 0.12818
v -1.54584 3.09376 0.14727
v -1.52545 3.13109 0.15630
v -1.47829 3.13782 0.21682
v -1.48918 3.06347 0.19991
v -1.52252 3.05029 0.17531
v -1.50250 3.09723 0.17403
v 0.97961 2.78237 -1.55797
v 0.99185 2.73437 -1.55269
v 1.01747 2.70626 -1.53390
v 1.08854 2.69649 -1.55628
v 1.06221 2.76207 -1.58186
v 1.02062 2.77026 -1.58352
v 1.04159 2.73714 -1.55279
v -0.55162 3.28024 -0.50793
v -0.56422 3.22826 -0.49383
v -0.58507 3.20004 -0.46241
v -0.54954 3.18239 -0.38900
v -0.51433 3.25033 -0.42227
v -0.51874 3.26059 -0.46803
v -0.55429 3.22933 -0.43944
v -0.33185 3.52742 -0.62870
v -0.38513 3.53359 -0.60747
v -0.41696 3.52076 -0.57232
v -0.45683 3.44340 -0.57278
v -0.38704 3.44136 -0.62473
v -0.36589 3.48255 -0.64116
v -0.39771 3.47915 -0.59317
v -0.72305 3.31983 0.75068
v -0.72847 3.36374 0.74603
v -0.75082 3.39167 0.73353
v -0.75578 3.40631 0.66821
v -0.72999 3.34485 0.67617
v -0.71508 3.33364 0.70915
v -0.74538 3.36594 0.70494
v -0.11607 3.70399 -0.35400
v -0.06617 3.71262 -0.34415
v -0.02465 3.70647 -0.35718
v 0.01151 3.63820 -0.34762
v -0.06552 3.62871 -0.34164
v -0.09244 3.66264 -0.33416
v -0.04572 3.66667 -0.35568
v 0.93788 2.81692 -2.08601
v 0.95844 2.79597 -2.04789
v 0.99306 2.78161 -2.03134
v 1.02162 2.71810 -2.05179
v 0.97434 2.74140 -2.10170
v 0.94641 2.77012 -2.09313
v 0.98789 2.76459 -2.06940
v 0.04414 2.20796 -1.73613
v 0.06793 2.20483 -1.68994
v 0.08409 2.22699 -1.65509
v 0.15241 2.26557 -1.65881
v 0.12561 2.25113 -1.73122
v 0.09463 2.22035 -1.73888
v 0.10146 2.24452 -1.69328
v -0.66719 3.41639 -0.21618
v -0.67660 3.43757 -0.17901
v -0.69205 3.46776 -0.16347
v -0.66160 3.52640 -0.16380
v -0.63493 3.48673 -0.20943
v -0.63988 3.44977 -0.20856
v -0.66704 3.47882 -0.19021
v -0.35205 2.92269 0.70311
v -0.35949 2.96909 0.70631
v -0.37042 3.00262 0.68717
v -0.32635 3.03628 0.64270
v -0.30405 2.96964 0.65339
v -0.31682 2.94789 0.68460
v -0.34048 2.98409 0.66590
v -1.04524 2.70161 1.05811
v -1.05725 2.75055 1.04590
v -1.08349 2.77729 1.02252
v -1.07368 2.78752 0.94558
v -1.03685 2.72258 0.96896
v -1.02726 2.71538 1.01147
v -1.06539 2.74634 0.99486
v -0.73586 3.79668 -0.80504
v -0.70967 3.82687 -0.77812
v -0.69275 3.83410 -0.74143
v -0.73259 3.85584 -0.68462
v -0.77555 3.82681 -0.73560
v -0.76290 3.82218 -0.77437
v -0.73351 3.82498 -0.73628
v -0.10637 2.88958 1.34769
v -0.11018 2.83730 1.36391
v -0.09156 2.79447 1.36208
v -0.10021 2.74610 1.29545
v -0.11651 2.82484 1.27573
v -0.12622 2.85682 1.30840
v -0.09753 2.81094 1.31748
v -0.66811 3.37116 -0.47365
v -0.68167 3.31690 -0.47723
v -0.67472 3.27293 -0.46003
v -0.60535 3.22836 -0.47878
v -0.59251 3.31032 -0.49512
v -0.62882 3.34094 -0.49979
v -0.63142 3.29286 -0.47113
v -0.05907 3.37831 0.11568
v -0.09351 3.42665 0.10162
v -0.13826 3.44353 0.08134
v -0.15276 3.44463 -0.00953
v -0.08247 3.38875 0.01057
v -0.05764 3.39143 0.05613
v -0.11493 3.41023 0.04693
v -0.44891 3.40210 -1.21600
v -0.44489 3.35684 -1.24594
v -0.43001 3.31299 -1.24790
v -0.35064 3.29483 -1.25845
v -0.35868 3.37261 -1.23343
v -0.39904 3.39517 -1.23664
v -0.39417 3.34103 -1.23418
v 0.00513 3.17670 -1.05807
v -0.00501 3.22441 -1.03822
v 0.01197 3.26178 -1.02016
v 0.03656 3.26418 -0.94465
v 0.03119 3.18882 -0.96921
v 0.00734 3.17750 -1.00546
v 0.02767 3.22532 -0.99695
v -1.25021 3.01465 0.18316
v -1.27564 2.96160 0.18560
v -1.29692 2.92419 0.15984
v -1.37984 2.93035 0.12855
v -1.34850 3.01117 0.14800
v -1.30880 3.01751 0.17799
v -1.31983 2.96849 0.14729
v -0.34581 3.36802 -0.31336
v -0.35829 3.39302 -0.27378
v -0.38098 3.42379 -0.25825
v -0.36205 3.49381 -0.26733
v -0.32719 3.45187 -0.31600
v -0.32371 3.41107 -0.31090
v -0.35856 3.43827 -0.29108
v -0.44876 3.21120 -1.04656
v -0.43446 3.24595 -1.01616
v -0.44453 3.26989 -0.98422
v -0.48826 3.32773 -0.99198
v -0.49546 3.28304 -1.04916
v -0.46720 3.25441 -1.05791
v -0.47426 3.27329 -1.01398
v -1.10112 3.26125 -0.59752
v -1.10699 3.31106 -0.61129
v -1.12664 3.34975 -0.60244
v -1.20198 3.36269 -0.62011
v -1.18724 3.28563 -0.61980
v -1.14594 3.26984 -0.62245
v -1.15822 3.31720 -0.60484
v 0.58063 2.67093 -1.67144
v 0.59440 2.70734 -1.68666
v 0.62238 2.72880 -1.69153
v 0.64648 2.76301 -1.64436
v 0.61073 2.71648 -1.62129
v 0.58691 2.69942 -1.64150
v 0.62053 2.71934 -1.65633
v -0.60310 2.42923 -1.58540
v -0.56716 2.40503 -1.54250
v -0.54042 2.41321 -1.49874
v -0.45963 2.45719 -1.49900
v -0.50518 2.47434 -1.57705
v -0.54450 2.44433 -1.59284
v -0.52636 2.44969 -1.53489
v -0.36216 3.04524 0.60938
v -0.37885 3.08340 0.63706
v -0.40840 3.11375 0.64158
v -0.40729 3.17667 0.59994
v -0.36447 3.12353 0.56774
v -0.35061 3.08969 0.58959
v -0.39122 3.11633 0.60150
v -0.65715 3.28982 0.14605
v -0.61113 3.30230 0.14733
v -0.58431 3.33228 0.15306
v -0.57215 3.38225 0.10271
v -0.63454 3.34879 0.08976
v -0.64342 3.31292 0.10664
v -0.61243 3.34432 0.12478
v -0.32198 3.62835 -0.27549
v -0.31995 3.63317 -0.31481
v -0.33705 3.63497 -0.34389
v -0.35873 3.58604 -0.37069
v -0.34625 3.57425 -0.31336
v -0.32586 3.59413 -0.29518
v -0.34611 3.60602 -0.32716
v -0.55645 3.72111 -0.43673
v -0.55405 3.67498 -0.47178
v -0.55215 3.65871 -0.51839
v -0.62294 3.65825 -0.56982
v -0.63558 3.71181 -0.50179
v -0.60768 3.70911 -0.46112
v -0.59101 3.69083 -0.51357
v 0.00790 3.55654 -0.89091
v 0.01675 3.59376 -0.92023
v 0.04518 3.61851 -0.93650
v 0.07554 3.67228 -0.89806
v 0.04413 3.62427 -0.85336
v 0.01608 3.59746 -0.86678
v 0.04959 3.61807 -0.89464
v -0.79966 3.44834 -0.21139
v -0.82203 3.41381 -0.21183
v -0.85045 3.39725 -0.19973
v -0.85248 3.37371 -0.14232
v -0.80654 3.41523 -0.14672
v -0.79381 3.42537 -0.17775
v -0.83157 3.41009 -0.17198
v 0.18146 3.77482 -0.44375
v 0.19359 3.80578 -0.46453
v 0.21057 3.83454 -0.46432
v 0.18803 3.88377 -0.44049
v 0.15862 3.83637 -0.42080
v 0.16019 3.80696 -0.43655
v 0.18767 3.83483 -0.43886
v -0.73266 3.54950 -0.17183
v -0.68530 3.53855 -0.15012
v -0.66306 3.51889 -0.11585
v -0.65914 3.55276 -0.04314
v -0.71914 3.58525 -0.08550
v -0.72135 3.58122 -0.13061
v -0.69538 3.54752 -0.09862
v -0.25048 3.55544 -0.50801
v -0.28948 3.53235 -0.48432
v -0.33184 3.53375 -0.47428
v -0.35887 3.58035 -0.41903
v -0.28876 3.60360 -0.44135
v -0.26179 3.57725 -0.46315
v -0.31268 3.57230 -0.46240
v -0.09650 3.24143 -1.38671
v -0.08065 3.19482 -1.40803
v -0.06526 3.15254 -1.40003
v 0.01160 3.13859 -1.37880
v -0.00690 3.21645 -1.36664
v -0.04314 3.23591 -1.38656
v -0.03828 3.18330 -1.37720
v -0.52522 2.63575 -1.75361
v -0.57200 2.64066 -1.74527
v -0.60786 2.65341 -1.75963
v -0.62495 2.72337 -1.76210
v -0.55365 2.71554 -1.75507
v -0.53715 2.68061 -1.74233
v -0.57997 2.68421 -1.76319
v 0.41469 3.34934 -0.56588
v 0.43247 3.30259 -0.54228
v 0.46092 3.28317 -0.51015
v 0.54300 3.27568 -0.52310
v 0.51074 3.33197 -0.57557
v 0.46450 3.33396 -0.58434
v 0.48671 3.31266 -0.53839
v -0.40475 2.81663 1.08353
v -0.39866 2.78067 1.04709
v -0.38676 2.77214 1.00570
v -0.43318 2.78885 0.94557
v -0.45564 2.82865 1.00852
v -0.44294 2.81700 1.04891
v -0.41728 2.80523 1.00577
v -0.60581 2.99513 0.75278
v -0.56332 3.02533 0.72792
v -0.51481 3.03274 0.72456
v -0.47070 3.07573 0.78619
v -0.54758 3.04917 0.81744
v -0.58439 3.03589 0.78763
v -0.52852 3.03467 0.77305
v -1.00058 3.22224 0.77645
v -1.03052 3.17745 0.78722
v -1.03022 3.13146 0.79581
v -1.01852 3.07595 0.73536
v -0.99295 3.15082 0.71060
v -1.00657 3.18990 0.73244
v -1.00535 3.14014 0.75570
v -0.35215 3.52404 -0.27635
v -0.36739 3.49418 -0.25209
v -0.36446 3.46077 -0.24124
v -0.38291 3.41297 -0.27694
v -0.37566 3.46424 -0.31183
v -0.37458 3.49641 -0.29746
v -0.36512 3.46149 -0.27737
v -0.32524 3.24484 -0.89377
v -0.36044 3.21883 -0.89219
v -0.39367 3.21238 -0.87651
v -0.39901 3.18700 -0.81573
v -0.33828 3.21139 -0.82488
v -0.32484 3.21820 -0.85900
v -0.36746 3.21680 -0.84901
v -0.44226 3.59848 -0.08389
v -0.48164 3.57156 -0.06362
v -0.52259 3.55613 -0.06952
v -0.58519 3.60269 -0.06411
v -0.52059 3.64561 -0.07416
v -0.48036 3.62908 -0.06660
v -0.52205 3.60055 -0.07821
v 0.33317 2.65131 -1.55460
v 0.31457 2.67369 -1.58218
v 0.31109 2.68090 -1.61538
v 0.35227 2.71363 -1.64526
v 0.37598 2.69236 -1.59383
v 0.35628 2.68106 -1.56833
v 0.34500 2.68243 -1.60678
v -0.51127 3.63923 -0.01285
v -0.56399 3.65151 0.00701
v -0.61241 3.64652 0.00046
v -0.65536 3.69249 -0.05963
v -0.57009 3.69311 -0.07686
v -0.53678 3.68146 -0.04269
v -0.59168 3.66383 -0.04204
v -0.47871 3.35628 -0.30927
v -0.48789 3.35331 -0.26251
v -0.47500 3.34037 -0.22617
v -0.47855 3.27092 -0.20729
v -0.48419 3.27744 -0.27883
v -0.49380 3.31286 -0.29636
v -0.47375 3.30866 -0.25322
v -0.04785 2.62715 1.52357
v -0.06418 2.66488 1.49943
v -0.07003 2.68181 1.46299
v -0.01586 2.71111 1.42581
v 0.00995 2.66733 1.47673
v -0.01277 2.65557 1.50826
v -0.03027 2.66989 1.46629
v -0.00706 2.89903 0.66845
v -0.06068 2.87651 0.67058
v -0.10922 2.88474 0.66483
v -0.15611 2.92811 0.72508
v -0.07047 2.94378 0.73650
v -0.03577 2.91447 0.71666
v -0.08996 2.91983 0.69613
v -0.36172 3.04113 0.70030
v -0.34338 3.07032 0.66209
v -0.30817 3.08221 0.63885
v -0.25492 3.13091 0.66752
v -0.29789 3.10148 0.72511
v -0.33677 3.08271 0.71754
v -0.29918 3.08683 0.68264
v -0.01267 3.44869 -0.65241
v -0.00191 3.40927 -0.61116
v 0.01049 3.40131 -0.56395
v 0.09281 3.41129 -0.53568
v 0.08209 3.45251 -0.61225
v 0.04412 3.44218 -0.64221
v 0.04414 3.43295 -0.58488
v -1.19458 3.30577 0.06093
v -1.18092 3.26651 0.08384
v -1.15823 3.23306 0.08284
v -1.17738 3.17575 0.04440
v -1.21323 3.23353 0.02193
v -1.21628 3.26681 0.04468
v -1.18151 3.23473 0.04858
v -0.09187 2.90477 -1.33537
v -0.05153 2.89784 -1.33232
v -0.02563 2.87459 -1.33553
v -0.01583 2.83073 -1.29293
v -0.07299 2.85380 -1.28695
v -0.08198 2.88447 -1.30109
v -0.05122 2.86086 -1.31454
v -0.03580 3.39196 0.37217
v -0.05357 3.36448 0.40088
v -0.07425 3.36080 0.43144
v -0.05014 3.37370 0.49116
v -0.01231 3.40133 0.44512
v -0.01375 3.39054 0.40968
v -0.04622 3.38557 0.43825
v 0.44433 3.73968 -0.33430
v 0.47865 3.77577 -0.34075
v 0.50832 3.79257 -0.36658
v 0.57650 3.76060 -0.37496
v 0.52782 3.71067 -0.34533
v 0.49119 3.72312 -0.32709
v 0.51621 3.74972 -0.36156
v -0.37211 3.17319 0.66131
v -0.34578 3.13618 0.68398
v -0.30780 3.11578 0.68731
v -0.28418 3.06584 0.63426
v -0.34007 3.10987 0.60589
v -0.36652 3.13238 0.63164
v -0.31987 3.11719 0.64467
v -0.67669 3.73827 -0.21115
v -0.67251 3.69812 -0.22887
v -0.65077 3.66777 -0.23286
v -0.59837 3.66749 -0.27382
v -0.61665 3.73004 -0.26055
v -0.65057 3.73815 -0.24667
v -0.63053 3.69913 -0.24229
v -1.04060 3.28498 0.92029
v -1.02615 3.25040 0.88205
v -1.00491 3.24455 0.84213
v -1.03893 3.26677 0.77231
v -1.07584 3.30349 0.83408
v -1.07175 3.28829 0.87688
v -1.03614 3.27910 0.83797
v -0.22553 2.94283 -0.37906
v -0.21420 2.94895 -0.33511
v -0.20524 2.97457 -0.30709
v -0.14302 3.00446 -0.30381
v -0.15333 2.97799 -0.36680
v -0.18083 2.95114 -0.37349
v -0.18173 2.98103 -0.33880
v -0.50847 3.83953 0.15351
v -0.46831 3.84641 0.13112
v -0.45043 3.85126 0.09612
v -0.43882 3.79725 0.05290
v -0.48770 3.78016 0.10020
v -0.49227 3.80070 0.13374
v -0.47330 3.81774 0.09487
v 0.87383 2.59563 -1.64867
v 0.88281 2.57709 -1.59191
v 0.89006 2.59094 -1.54292
v 0.97018 2.62287 -1.51356
v 0.96570 2.62834 -1.60439
v 0.93144 2.60113 -1.63143
v 0.92474 2.61640 -1.57340
v 0.05972 2.73141 1.06716
v 0.02986 2.73065 1.09979
v 0.02327 2.72348 1.13619
v 0.01774 2.66105 1.15918
v 0.04788 2.66096 1.09962
v 0.04568 2.69046 1.07628
v 0.04051 2.69285 1.12015
v -0.04401 3.87709 -0.76713
v -0.07450 3.84310 -0.78404
v -0.08677 3.82089 -0.81684
v -0.12822 3.85019 -0.86995
v -0.09644 3.90339 -0.83050
v -0.08072 3.89614 -0.79282
v -0.08671 3.86214 -0.82715
v -0.04064 3.45030 -0.97424
v -0.07676 3.42070 -0.99068
v -0.10615 3.41415 -1.02021
v -0.17047 3.45216 -1.02067
v -0.12011 3.48746 -0.97826
v -0.08573 3.46783 -0.96371
v -0.11095 3.45395 -1.00400
v -0.79376 3.61008 -0.38230
v -0.74223 3.59914 -0.40224
v -0.69929 3.61697 -0.41407
v -0.68745 3.66091 -0.48585
v -0.77023 3.65776 -0.46688
v -0.78783 3.62536 -0.43619
v -0.73438 3.64310 -0.43656
v 0.98532 2.60257 -1.79170
v 0.98666 2.65904 -1.79330
v 0.98158 2.70002 -1.76858
v 0.90475 2.73026 -1.74733
v 0.89909 2.64767 -1.76770
v 0.93363 2.62539 -1.79273
v 0.94168 2.67184 -1.76159
v -0.69985 3.18257 -1.32810
v -0.73265 3.20184 -1.28248
v -0.73283 3.21844 -1.23469
v -0.72221 3.16258 -1.16543
v -0.69397 3.12359 -1.24101
v -0.70767 3.14086 -1.28654
v -0.70663 3.17373 -1.23708
v -0.62397 3.68302 -0.11717
v -0.63190 3.73978 -0.09770
v -0.61193 3.77941 -0.07146
v -0.60958 3.78017 0.01984
v -0.62247 3.69500 -0.01049
v -0.63867 3.68551 -0.05851
v -0.60985 3.73594 -0.04146
v -0.40727 3.71545 -0.30523
v -0.38169 3.68441 -0.26844
v -0.35272 3.68329 -0.23218
v -0.27150 3.69215 -0.24148
v -0.31074 3.71966 -0.30831
v -0.35470 3.70779 -0.31739
v -0.33239 3.70766 -0.26765
v -0.30977 3.45781 -1.31009
v -0.34267 3.46421 -1.34507
v -0.36876 3.49041 -1.36338
v -0.43270 3.50847 -1.33292
v -0.38817 3.47971 -1.28260
v -0.35514 3.45733 -1.29314
v -0.37607 3.49039 -1.32171
v -1.41910 3.03973 0.27331
v -1.38584 3.06015 0.26218
v -1.35348 3.06917 0.27033
v -1.34168 3.11238 0.31210
v -1.39917 3.09223 0.31834
v -1.41521 3.07498 0.29305
v -1.37492 3.07703 0.29744
v -0.28979 3.48387 -0.10702
v -0.25541 3.51145 -0.07797
v -0.24978 3.54085 -0.04442
v -0.26410 3.61860 -0.05410
v -0.29946 3.57686 -0.11199
v -0.28734 3.53460 -0.12141
v -0.28003 3.55803 -0.07467
v -0.01573 3.14367 -0.23081
v -0.06008 3.14419 -0.21663
v -0.09598 3.12759 -0.21968
v -0.13758 3.13952 -0.27503
v -0.07128 3.15691 -0.29048
v -0.04421 3.16304 -0.26215
v -0.08240 3.13692 -0.25686
v -1.34623 3.08588 0.13303
v -1.39798 3.10791 0.13351
v -1.44349 3.10332 0.11924
v -1.46711 3.12020 0.03950
v -1.38309 3.10886 0.04321
v -1.35916 3.11147 0.08463
v -1.41388 3.09924 0.08025
v -0.60242 3.00352 0.72433
v -0.55887 2.98646 0.72645
v -0.53030 2.97102 0.74959
v -0.49185 3.01137 0.79299
v -0.55068 3.04549 0.77390
v -0.57197 3.03434 0.74208
v -0.54351 3.00600 0.76613
v -0.03626 3.47527 -1.23267
v -0.04801 3.44872 -1.28086
v -0.03226 3.41896 -1.31495
v 0.02239 3.44452 -1.37466
v 0.02327 3.49863 -1.30927
v -0.01231 3.49994 -1.27721
v 0.00040 3.45515 -1.30879
v -0.33393 3.51657 -0.19470
v -0.29619 3.54068 -0.18932
v -0.27916 3.57486 -0.19343
v -0.25836 3.59735 -0.25419
v -0.30328 3.54686 -0.26209
v -0.31170 3.52268 -0.23346
v -0.29554 3.56438 -0.22768
v -0.68239 3.19967 -0.59967
v -0.66635 3.15646 -0.58676
v -0.65235 3.13305 -0.55645
v -0.58479 3.13943 -0.53171
v -0.60323 3.19849 -0.56898
v -0.63478 3.19852 -0.59481
v -0.63005 3.16839 -0.55792
v 0.17381 3.26555 -0.16094
v 0.13747 3.27985 -0.14726
v 0.10287 3.28279 -0.15333
v 0.08019 3.32367 -0.19472
v 0.14104 3.31421 -0.20506
v 0.16201 3.30005 -0.18051
v 0.12103 3.29454 -0.18229
v -0.70524 3.66002 -0.58832
v -0.71280 3.71922 -0.59469
v -0.69264 3.76573 -0.58801
v -0.68933 3.80486 -0.50641
v -0.70259 3.71570 -0.49763
v -0.71919 3.68706 -0.53659
v -0.69033 3.73933 -0.54279
v -0.98300 3.34011 -0.02398
v -0.95150 3.34475 0.01558
v -0.91701 3.36501 0.03202
v -0.84581 3.34807 0.00939
v -0.89656 3.32224 -0.04186
v -0.93835 3.31726 -0.03193
v -0.90677 3.34905 -0.00806
v -0.54078 3.31618 -0.69594
v -0.53363 3.36120 -0.66593
v -0.50606 3.38405 -0.63630
v -0.50091 3.36285 -0.55690
v -0.53323 3.30103 -0.60064
v -0.55110 3.30782 -0.64301
v -0.51357 3.33996 -0.61984
v -0.53720 3.78457 0.17273
v -0.50184 3.74897 0.16774
v -0.46702 3.73045 0.18474
v -0.39863 3.76366 0.18181
v -0.45321 3.81504 0.16878
v -0.49296 3.80335 0.15748
v -0.46074 3.77400 0.18283
v -0.16766 2.93017 0.95916
v -0.16964 2.91308 0.92136
v -0.18934 2.89513 0.89809
v -0.19933 2.83355 0.90401
v -0.17956 2.85747 0.95845
v -0.16335 2.88887 0.96016
v -0.18923 2.87743 0.92975
v -0.47730 3.80169 -0.27653
v -0.43440 3.77791 -0.26892
v -0.39574 3.77953 -0.25188
v -0.34027 3.81842 -0.28382
v -0.40638 3.84106 -0.31076
v -0.44124 3.81747 -0.30677
v -0.40174 3.81444 -0.27686
v -1.20138 3.78027 -0.82203
v -1.17779 3.75735 -0.79613
v -1.15852 3.72765 -0.79191
v -1.18581 3.67130 -0.78363
v -1.22740 3.71219 -0.80786
v -1.22207 3.74741 -0.80638
v -1.19158 3.71878 -0.80474
v -0.50230 3.51998 -0.41806
v -0.49046 3.57788 -0.43317
v -0.45544 3.61626 -0.43357
v -0.43466 3.66352 -0.35737
v -0.47618 3.58444 -0.33517
v -0.50379 3.55742 -0.36992
v -0.45927 3.59661 -0.38420
v -0.37330 3.01178 0.82878
v -0.42376 3.00412 0.83684
v -0.45702 2.97530 0.83651
v -0.49009 2.95169 0.76998
v -0.42034 2.98335 0.75544
v -0.40018 3.00930 0.78472
v -0.43569 2.97375 0.79678
v -0.62657 3.37528 -1.10122
v -0.65846 3.41458 -1.10079
v -0.67584 3.44702 -1.12324
v -0.63678 3.51094 -1.13813
v -0.58882 3.45493 -1.11824
v -0.60253 3.41967 -1.09757
v -0.63181 3.44898 -1.12664
v -0.21954 3.02212 1.37119
v -0.24629 3.05277 1.37894
v -0.25860 3.08428 1.36898
v -0.22670 3.13690 1.37983
v -0.18881 3.08746 1.38467
v -0.20143 3.05481 1.38903
v -0.22259 3.08597 1.37183
v 0.10509 3.24588 -1.20285
v 0.13806 3.22134 -1.19374
v 0.14991 3.18789 -1.18853
v 0.13796 3.15626 -1.13475
v 0.09793 3.20524 -1.14061
v 0.10465 3.23249 -1.16293
v 0.12050 3.19372 -1.16725
v -0.28279 3.43037 -0.13744
v -0.33348 3.42085 -0.11939
v -0.36518 3.38879 -0.10783
v -0.40650 3.34614 -0.16503
v -0.33913 3.38014 -0.19824
v -0.31674 3.41529 -0.17752
v -0.34834 3.37914 -0.15142
v -0.50997 3.42606 -0.28287
v -0.52051 3.45531 -0.33574
v -0.53917 3.45193 -0.38441
v -0.49155 3.41028 -0.45194
v -0.45867 3.38457 -0.36935
v -0.46876 3.41200 -0.32606
v -0.50383 3.41250 -0.37637
v -0.89700 3.48225 -0.08796
v -0.86868 3.49161 -0.05874
v -0.83619 3.50434 -0.05194
v -0.78441 3.46982 -0.06171
v -0.83302 3.44536 -0.09343
v -0.86665 3.45369 -0.08541
v -0.83367 3.47780 -0.07681
v -1.52953 3.36941 -0.43125
v -1.48388 3.34381 -0.42415
v -1.43923 3.34455 -0.42956
v -1.40547 3.33147 -0.50054
v -1.48241 3.34998 -0.50984
v -1.51164 3.34731 -0.47575
v -1.45953 3.35365 -0.46996
v -0.39577 3.49441 -0.60255
v -0.37918 3.45562 -0.58284
v -0.35421 3.42498 -0.58605
v -0.36811 3.37028 -0.62788
v -0.40793 3.42524 -0.64600
v -0.41372 3.45579 -0.62139
v -0.37706 3.42714 -0.61961
v 0.03162 2.24494 -1.92794
v -0.00083 2.20565 -1.91992
v -0.00911 2.16906 -1.89704
v 0.02778 2.10220 -1.91210
v 0.06699 2.16191 -1.94302
v 0.04809 2.20105 -1.94947
v 0.03226 2.16642 -1.91468
v -0.65839 4.08385 0.12125
v -0.62506 4.06317 0.13337
v -0.60452 4.03534 0.12819
v -0.62146 3.97858 0.14634
v -0.67094 4.01576 0.14381
v -0.66776 4.05058 0.14341
v -0.63856 4.02446 0.13112
v -0.75246 3.24736 -0.10970
v -0.75503 3.24303 -0.15309
v -0.74558 3.25696 -0.18626
v -0.77566 3.30994 -0.21139
v -0.78660 3.30636 -0.14651
v -0.78140 3.27479 -0.12753
v -0.76162 3.28446 -0.16525
v 0.02892 3.40707 -0.67251
v 0.04874 3.38389 -0.70806
v 0.06206 3.38566 -0.74562
v 0.01781 3.38575 -0.80071
v -0.01696 3.40292 -0.74164
v -0.00205 3.39498 -0.70550
v 0.02374 3.39991 -0.74427
v 0.16169 3.69941 -0.46866
v 0.11549 3.71347 -0.43101
v 0.09057 3.75114 -0.40492
v 0.12501 3.78727 -0.32717
v 0.19149 3.74324 -0.37386
v 0.18037 3.70839 -0.41104
v 0.14275 3.75337 -0.39339
v -1.18521 3.47187 -0.41900
v -1.21458 3.45845 -0.38754
v -1.22710 3.42944 -0.36571
v -1.26574 3.37961 -0.39124
v -1.23428 3.41289 -0.44155
v -1.21920 3.44781 -0.43629
v -1.22622 3.41786 -0.40333
v -0.38962 4.18442 -0.51466
v -0.36266 4.16685 -0.48738
v -0.35153 4.13659 -0.47153
v -0.38450 4.10952 -0.42429
v -0.42153 4.15025 -0.45624
v -0.40766 4.17564 -0.47755
v -0.38799 4.13975 -0.46729
v -0.73042 3.67879 -0.49373
v -0.74073 3.65238 -0.54632
v -0.74416 3.60847 -0.57179
v -0.67086 3.56208 -0.59625
v -0.64995 3.62104 -0.53136
v -0.68017 3.66046 -0.52033
v -0.69870 3.60993 -0.54624
v -1.05225 3.22168 0.50353
v -1.08171 3.26681 0.52013
v -1.11059 3.28571 0.55354
v -1.19293 3.26481 0.55844
v -1.15074 3.20682 0.51264
v -1.10752 3.21609 0.49384
v -1.12909 3.24253 0.53875
v -0.58115 3.46450 -0.41013
v -0.53513 3.49230 -0.41718
v -0.51343 3.52551 -0.44085
v -0.48626 3.51322 -0.51704
v -0.54175 3.45635 -0.49749
v -0.55333 3.44784 -0.45359
v -0.53266 3.49475 -0.47130
v -0.74184 3.46821 -0.23589
v -0.78052 3.47346 -0.27560
v -0.79433 3.46105 -0.31925
v -0.75885 3.49413 -0.38784
v -0.70930 3.50618 -0.32106
v -0.72586 3.50247 -0.27677
v -0.74864 3.47758 -0.32107
v -0.54697 3.95948 -0.39182
v -0.54838 3.92754 -0.34910
v -0.52797 3.91500 -0.31048
v -0.46246 3.86822 -0.31052
v -0.47324 3.90077 -0.38336
v -0.51319 3.91839 -0.39595
v -0.49711 3.91324 -0.34534
v -0.26836 3.53648 0.03488
v -0.23143 3.55995 0.05574
v -0.19073 3.56089 0.06262
v -0.15902 3.51674 0.11156
v -0.22523 3.49119 0.09387
v -0.25361 3.51514 0.07583
v -0.20581 3.52290 0.07364
v -0.38561 3.91097 -1.07972
v -0.38941 3.91162 -1.03677
v -0.37213 3.90911 -1.00446
v -0.35252 3.85186 -0.98055
v -0.36398 3.84667 -1.04439
v -0.38417 3.87149 -1.06244
v -0.36308 3.87933 -1.02565
v -0.08838 3.48152 -1.24899
v -0.06374 3.52982 -1.23186
v -0.06220 3.56465 -1.19825
v -0.12145 3.62659 -1.19480
v -0.15044 3.56065 -1.24140
v -0.12047 3.52725 -1.25960
v -0.10894 3.55943 -1.21417
v 0.15588 3.30502 -0.19381
v 0.15641 3.34344 -0.21263
v 0.17200 3.37634 -0.21410
v 0.15978 3.42166 -0.16978
v 0.14249 3.36360 -0.14748
v 0.13744 3.33525 -0.16980
v 0.16206 3.36905 -0.17883
v -1.07350 3.27091 -0.13857
v -1.03884 3.29231 -0.11445
v -1.00119 3.30673 -0.11535
v -0.94439 3.26350 -0.11290
v -1.00261 3.22648 -0.13138
v -1.03975 3.24072 -0.12476
v -1.00110 3.26773 -0.12905
v -1.06060 2.90043 1.41358
v -1.07365 2.92987 1.43694
v -1.06525 2.95551 1.45744
v -1.04595 2.94605 1.51349
v -1.04118 2.89563 1.48126
v -1.05818 2.89138 1.45225
v -1.04871 2.92676 1.46778
v -1.20562 3.25373 0.78101
v -1.20387 3.22583 0.72731
v -1.22097 3.18648 0.69872
v -1.18948 3.10152 0.71031
v -1.17016 3.15241 0.78366
v -1.17120 3.20393 0.78191
v -1.20210 3.16780 0.74444
v -0.05485 2.87446 -0.21908
v -0.06188 2.91672 -0.25011
v -0.08995 2.93904 -0.27737
v -0.10436 2.91447 -0.35192
v -0.07280 2.85500 -0.30908
v -0.05086 2.86269 -0.27049
v -0.08725 2.89504 -0.29115
v -1.32052 3.37770 0.40504
v -1.31796 3.32965 0.41278
v -1.30181 3.29343 0.40050
v -1.32678 3.25820 0.34098
v -1.34787 3.32863 0.33934
v -1.34756 3.35228 0.37345
v -1.31980 3.31273 0.36711
v -0.06885 2.67571 -0.24447
v -0.09653 2.71528 -0.27266
v -0.09385 2.75692 -0.29560
v -0.08719 2.83004 -0.25406
v -0.06644 2.76591 -0.20334
v -0.07891 2.72106 -0.21335
v -0.07353 2.76162 -0.25145
v -0.51145 3.80524 -0.02388
v -0.53053 3.79190 0.01615
v -0.56196 3.79395 0.03989
v -0.57482 3.85045 0.07894
v -0.52994 3.86634 0.02779
v -0.50995 3.83843 0.00837
v -0.55018 3.83141 0.03021
v -0.58247 3.21903 -0.10570
v -0.56769 3.24456 -0.07848
v -0.55094 3.27386 -0.07302
v -0.49099 3.27808 -0.08044
v -0.51205 3.22897 -0.10892
v -0.54269 3.21570 -0.10156
v -0.53240 3.25396 -0.09513
v -0.27255 2.30832 1.15159
v -0.23417 2.34309 1.12439
v -0.21889 2.36214 1.08097
v -0.17269 2.31421 1.02303
v -0.21327 2.26116 1.08071
v -0.23056 2.27817 1.12422
v -0.22205 2.31133 1.07679
v -0.62536 3.73389 0.22328
v -0.66194 3.70855 0.22239
v -0.68610 3.68720 0.24233
v -0.67017 3.62505 0.26216
v -0.61459 3.65898 0.24573
v -0.61597 3.69040 0.22458
v -0.64980 3.67510 0.24912
v 0.12277 3.53495 -0.30538
v 0.13928 3.54479 -0.35109
v 0.12930 3.54980 -0.39183
v 0.11464 3.49135 -0.43617
v 0.10918 3.47111 -0.36434
v 0.12635 3.49421 -0.33342
v 0.11333 3.51206 -0.37782
v -0.15876 3.45125 0.43854
v -0.17924 3.48445 0.43922
v -0.19141 3.50912 0.45786
v -0.23889 3.50167 0.49185
v -0.21613 3.44940 0.47718
v -0.19513 3.44606 0.45164
v -0.20080 3.47926 0.47132
v -1.16071 3.51531 0.53075
v -1.16046 3.47216 0.56010
v -1.14023 3.44954 0.59260
v -1.07306 3.41039 0.58012
v -1.08480 3.46295 0.52266
v -1.12482 3.48077 0.51515
v -1.10950 3.46090 0.56091
v -0.04759 3.51954 -0.44634
v -0.04732 3.47677 -0.44579
v -0.02713 3.44649 -0.44751
v -0.00313 3.42488 -0.50339
v -0.02022 3.48685 -0.50910
v -0.04288 3.50271 -0.48539
v -0.01894 3.46835 -0.47667
v -0.25220 3.00426 -0.00936
v -0.28038 2.97078 -0.03581
v -0.28307 2.93051 -0.05220
v -0.24460 2.91003 -0.11587
v -0.21420 2.97439 -0.08611
v -0.23611 2.99898 -0.05761
v -0.24472 2.94919 -0.06542
v -0.33324 3.18764 0.24425
v -0.33230 3.14954 0.26391
v -0.33015 3.13173 0.29572
v -0.27419 3.12585 0.32766
v -0.27010 3.17370 0.28431
v -0.29370 3.17652 0.25657
v -0.30197 3.15629 0.29346
v 0.20613 3.75208 -0.57828
v 0.24371 3.75938 -0.59122
v 0.27624 3.76632 -0.58242
v 0.29323 3.82184 -0.56382
v 0.23270 3.81596 -0.55961
v 0.21571 3.79129 -0.57656
v 0.25477 3.78928 -0.56640
v -0.26155 3.52148 -1.11690
v -0.26189 3.46840 -1.11079
v -0.28715 3.43112 -1.10425
v -0.31828 3.41319 -1.03209
v -0.29702 3.49090 -1.03452
v -0.26823 3.50683 -1.06596
v -0.29796 3.46283 -1.07177
v -0.61704 2.97985 0.73989
v -0.62018 2.93696 0.74052
v -0.64141 2.90779 0.73417
v -0.68887 2.89066 0.77497
v -0.67133 2.95219 0.78578
v -0.63941 2.96550 0.77370
v -0.65982 2.93184 0.75639
v -0.40730 3.27206 0.05872
v -0.42504 3.31186 0.04893
v -0.43824 3.34489 0.06243
v -0.49895 3.34959 0.09130
v -0.47906 3.28523 0.08960
v -0.45128 3.27351 0.06640
v -0.45606 3.31550 0.08086
v -1.25176 3.34688 -0.12162
v -1.25683 3.35640 -0.16778
v -1.24515 3.37929 -0.19891
v -1.26769 3.44674 -0.20647
v -1.27785 3.42485 -0.13915
v -1.27785 3.38569 -0.12936
v -1.25614 3.40379 -0.16741
v -0.63536 3.80779 0.34503
v -0.60163 3.84207 0.31085
v -0.57261 3.88301 0.30823
v -0.60740 3.96492 0.30596
v -0.66778 3.90689 0.33612
v -0.66282 3.85742 0.32878
v -0.61797 3.89576 0.32907
v -0.45872 3.58922 -0.11597
v -0.44952 3.64328 -0.12657
v -0.46756 3.68409 -0.14307
v -0.47742 3.69797 -0.22560
v -0.46840 3.61546 -0.21100
v -0.45006 3.59916 -0.17024
v -0.47475 3.64892 -0.17608
v -0.02051 3.49483 -0.45505
v -0.04535 3.46645 -0.47037
v -0.06934 3.44233 -0.46363
v -0.05436 3.38769 -0.43989
v -0.00865 3.42776 -0.43107
v -0.00634 3.45708 -0.44944
v -0.04095 3.43663 -0.44300
v -0.59119 2.98637 0.70958
v -0.61788 2.98905 0.73838
v -0.64900 2.98165 0.74843
v -0.69620 3.01159 0.72836
v -0.64969 3.02041 0.69249
v -0.61833 3.01397 0.70242
v -0.65043 2.99713 0.71777
v 0.12342 3.31461 -0.92384
v 0.15728 3.30406 -0.89686
v 0.19409 3.29516 -0.89427
v 0.21686 3.23403 -0.91053
v 0.15587 3.24377 -0.93710
v 0.13272 3.27103 -0.92440
v 0.17708 3.27171 -0.92025
v -0.97601 3.63819 0.07079
v -0.92094 3.63557 0.08823
v -0.87365 3.63302 0.07470
v -0.83819 3.55869 0.04589
v -0.92520 3.55408 0.04140
v -0.95408 3.58483 0.06682
v -0.89953 3.59638 0.05149
v -1.02626 3.29315 -0.51349
v -1.01504 3.27294 -0.54483
v -1.02024 3.26661 -0.57697
v -1.06483 3.23284 -0.59495
v -1.07441 3.25134 -0.54001
v -1.04986 3.26312 -0.52107
v -1.04949 3.26299 -0.56001
v -0.97626 3.65846 -0.20782
v -0.99253 3.66933 -0.24993
v -1.01042 3.69655 -0.27236
v -1.07933 3.70842 -0.26787
v -1.05704 3.67425 -0.21091
v -1.02249 3.65499 -0.21043
v -1.03247 3.69029 -0.23891
v 1.44975 0.01839 -0.80568
v 1.48296 0.02241 -0.81339
v 1.50939 0.00995 -0.81461
v 1.53770 0.00196 -0.77198
v 1.48815 0.00995 -0.75918
v 1.46931 0.02241 -0.77775
v 1.49783 0.00583 -0.78726
v 0.96416 0.01670 -2.14084
v 1.00146 0.02635 -2.15405
v 1.03431 0.01598 -2.15805
v 1.07348 0.01390 -2.11075
v 1.01562 0.01598 -2.09016
v 0.98944 0.02635 -2.11041
v 1.02453 0.01097 -2.12422
v -2.19389 0.01372 -0.80780
v -2.18308 0.02754 -0.84958
v -2.16519 0.01898 -0.88270
v -2.09709 0.02151 -0.88842
v -2.11504 0.01898 -0.82248
v -2.15084 0.02754 -0.81087
v -2.14013 0.01338 -0.85257
v 0.77207 0.01640 0.38730
v 0.77285 0.03423 0.35426
v 0.78340 0.03398 0.32406
v 0.83711 0.04669 0.31120
v 0.83277 0.03398 0.36625
v 0.80458 0.03423 0.38138
v 0.80876 0.02946 0.34436
v -0.44277 0.02174 2.39113
v -0.47080 0.03401 2.40479
v -0.49852 0.02978 2.41007
v -0.53353 0.03498 2.37397
v -0.48776 0.02978 2.35315
v -0.46388 0.03401 2.36819
v -0.49345 0.02565 2.38155
vn -0.3580 -0.9312 -0.0683
vn -0.6192 -0.7660 0.1727
vn -0.5039 -0.8637 -0.0111
vn -0.2450 -0.9693 0.0206
vn -0.3418 -0.9095 -0.2367
vn -0.1927 -0.8864 -0.4208
vn -0.3668 -0.9272 -0.0755
vn -0.8909 -0.2103 0.4027
vn -0.9924 -0.1181 0.0356
vn -0.9435 -0.2272 0.2413
vn -0.8784 -0.0789 0.4714
vn -0.8157 -0.3529 0.4584
vn -0.6561 -0.4487 0.6068
vn -0.8910 -0.2207 0.3967
vn -0.2283 -0.9734 0.0197
vn -0.1337 -0.9243 -0.3575
vn -0.1410 -0.9819 -0.1266
vn -0.3699 -0.9286 0.0281
vn -0.1238 -0.9802 0.1544
vn -0.0885 -0.9200 0.3819
vn -0.2166 -0.9761 0.0190
vn 0.4893 -0.8238 -0.2861
vn 0.6275 -0.5600 -0.5410
vn 0.5961 -0.7158 -0.3637
vn 0.3596 -0.8671 -0.3448
vn 0.5279 -0.8407 -0.1208
vn 0.4480 -0.8886 0.0982
vn 0.4994 -0.8195 -0.2811
vn 0.1877 0.5509 -0.8132
vn -0.0618 0.2849 -0.9566
vn 0.0448 0.4815 -0.8753
vn 0.3198 0.4824 -0.8155
vn 0.1530 0.6845 -0.7128
vn 0.2229 0.8187 -0.5292
vn 0.1768 0.5559 -0.8122
vn 0.0389 -0.9652 -0.2584
vn 0.0645 -0.7909 -0.6085
vn 0.1043 -0.9082 -0.4053
vn -0.1069 -0.9675 -0.2292
vn 0.1590 -0.9776 -0.1380
vn 0.2084 -0.9734 0.0948
vn 0.0507 -0.9641 -0.2606
vn -0.2231 0.3829 0.8964
vn -0.5210 0.1339 0.8430
vn -0.3233 0.2459 0.9138
vn -0.2636 0.5051 0.8218
vn -0.0612 0.3464 0.9361
vn 0.1685 0.3982 0.9017
vn -0.2196 0.3726 0.9016
vn -0.9946 0.0920 -0.0471
vn -0.9241 -0.1380 -0.3565
vn -0.9881 -0.0467 -0.1462
vn -0.9684 0.2296 -0.0970
vn -0.9917 0.0499 0.1182
vn -0.9335 0.1160 0.3393
vn -0.9958 0.0807 -0.0430
vn -0.7140 0.1494 0.6840
vn -0.3942 0.2611 0.8811
vn -0.5992 0.2496 0.7607
vn -0.7160 0.0014 0.6981
vn -0.7954 0.2329 0.5595
vn -0.9105 0.2173 0.3518
vn -0.7132 0.1613 0.6822
vn 0.4239 -0.0376 -0.9049
vn 0.1278 0.2109 -0.9691
vn 0.3393 0.1075 -0.9345
vn 0.3618 -0.1723 -0.9162
vn 0.5699 -0.0082 -0.8217
vn 0.7343 -0.0935 -0.6723
vn 0.4285 -0.0267 -0.9031
vn -0.5464 -0.0345 0.8368
vn -0.2349 -0.2490 0.9396
vn -0.4006 -0.0803 0.9127
vn -0.6336 -0.1296 0.7628
vn -0.5565 0.1349 0.8198
vn -0.6450 0.3174 0.6952
vn -0.5388 -0.0268 0.8420
vn 0.6888 -0.2966 -0.6616
vn 0.4455 -0.6038 -0.6610
vn 0.5702 -0.4080 -0.7130
vn 0.7764 -0.3190 -0.5435
vn 0.6648 -0.1435 -0.7331
vn 0.6944 0.0918 -0.7137
vn 0.6810 -0.2945 -0.6705
vn -0.7180 0.5673 -0.4032
vn -0.4637 0.8398 -0.2822
vn -0.5989 0.6893 -0.4076
vn -0.7970 0.5343 -0.2816
vn -0.7046 0.4631 -0.5377
vn -0.7418 0.2446 -0.6244
vn -0.7109 0.5694 -0.4127
vn 0.4110 -0.9080 0.0811
vn 0.3519 -0.8847 -0.3056
vn 0.4428 -0.8925 -0.0858
vn 0.2794 -0.9505 0.1359
vn 0.5306 -0.8296 0.1742
vn 0.5828 -0.7191 0.3785
vn 0.4213 -0.9037 0.0766
vn 0.4397 -0.7153 -0.5431
vn 0.0611 -0.8040 -0.5915
vn 0.2869 -0.7331 -0.6167
vn 0.4754 -0.7771 -0.4125
vn 0.5277 -0.5873 -0.6136
vn 0.6948 -0.4205 -0.5835
vn 0.4364 -0.7096 -0.5531
vn -0.8360 -0.3368 0.4332
vn -0.8372 0.0387 0.5455
vn -0.8795 -0.1722 0.4436
vn -0.7454 -0.4038 0.5303
vn -0.8726 -0.4008 0.2794
vn -0.8189 -0.5627 0.1134
vn -0.8425 -0.3311 0.4249
vn -0.1496 -0.4308 -0.8900
vn -0.3057 -0.6971 -0.6485
vn -0.2658 -0.5254 -0.8083
vn -0.0038 -0.4603 -0.8877
vn -0.2142 -0.2797 -0.9359
vn -0.1699 -0.0509 -0.9841
vn -0.1613 -0.4280 -0.8893
vn 0.9358 -0.2052 0.2865
vn 0.7307 -0.4516 0.5119
vn 0.8698 -0.3502 0.3476
vn 0.9302 -0.0756 0.3593
vn 0.9686 -0.2178 0.1196
vn 0.9907 -0.1035 -0.0880
vn 0.9354 -0.2155 0.2803
vn 0.6424 -0.0227 -0.7660
vn 0.8686 0.1215 -0.4803
vn 0.7632 -0.0130 -0.6460
vn 0.5682 0.0955 -0.8173
vn 0.5890 -0.1834 -0.7870
vn 0.4103 -0.3268 -0.8514
vn 0.6478 -0.0323 -0.7611
vn 0.9918 -0.0188 0.1265
vn 0.9364 -0.3383 -0.0936
vn 0.9923 -0.1232 -0.0084
vn 0.9621 -0.0641 0.2650
vn 0.9864 0.1447 0.0780
vn 0.9207 0.3666 0.1335
vn 0.9932 -0.0151 0.1151
vn 0.8056 -0.4104 -0.4274
vn 0.5173 -0.6221 -0.5876
vn 0.6955 -0.4708 -0.5428
vn 0.8292 -0.4747 -0.2953
vn 0.8504 -0.2497 -0.4630
vn 0.9251 -0.0405 -0.3776
vn 0.8029 -0.4048 -0.4377
vn 0.1474 -0.3701 0.9172
vn 0.3716 -0.0487 0.9271
vn 0.2019 -0.2131 0.9559
vn 0.2325 -0.4721 0.8503
vn -0.0227 -0.3800 0.9247
vn -0.2194 -0.4878 0.8450
vn 0.1404 -0.3614 0.9218
vn 0.1405 0.8122 0.5662
vn 0.1476 0.5282 0.8362
vn 0.1995 0.7027 0.6829
vn -0.0043 0.8386 0.5447
vn 0.2612 0.8525 0.4527
vn 0.3099 0.9224 0.2305
vn 0.1521 0.8093 0.5674
vn 0.6597 0.7004 -0.2725
vn 0.3900 0.9166 -0.0877
vn 0.5848 0.7966 -0.1530
vn 0.6049 0.6829 -0.4096
vn 0.7763 0.5965 -0.2039
vn 0.8937 0.3902 -0.2214
vn 0.6635 0.7012 -0.2611
vn -0.8291 0.5589 -0.0138
vn -0.9694 0.2106 -0.1260
vn -0.9121 0.4099 -0.0093
vn -0.7738 0.6181 -0.1385
vn -0.7813 0.6077 0.1426
vn -0.6253 0.7309 0.2734
vn -0.8328 0.5536 -0.0036
vn 0.7438 0.5853 -0.3228
vn 0.4301 0.7994 -0.4195
vn 0.6272 0.7098 -0.3207
vn 0.7574 0.4877 -0.4342
vn 0.8108 0.5607 -0.1678
vn 0.9131 0.4073 -0.0174
vn 0.7420 0.5926 -0.3134
vn 0.2747 -0.7048 0.6540
vn 0.4234 -0.8474 0.3205
vn 0.3882 -0.7504 0.5350
vn 0.1321 -0.7470 0.6515
vn 0.3326 -0.5746 0.7478
vn 0.2770 -0.3849 0.8804
vn 0.2860 -0.7007 0.6536
vn -0.9831 -0.1294 -0.1296
vn -0.9553 0.2615 -0.1379
vn -0.9815 0.0305 -0.1890
vn -0.9865 -0.1628 0.0153
vn -0.9377 -0.2407 -0.2506
vn -0.8401 -0.4521 -0.2999
vn -0.9819 -0.1265 -0.1412
vn 0.7320 0.5545 -0.3959
vn 0.4334 0.8083 -0.3985
vn 0.6337 0.6876 -0.3544
vn 0.7120 0.4731 -0.5189
vn 0.8242 0.5018 -0.2624
vn 0.9346 0.3195 -0.1564
vn 0.7329 0.5605 -0.3856
vn 0.2419 0.9649 0.1020
vn 0.5897 0.7925 0.1558
vn 0.4017 0.9128 0.0731
vn 0.1756 0.9560 0.2349
vn 0.1567 0.9867 -0.0442
vn -0.0551 0.9867 -0.1529
vn 0.2470 0.9647 0.0911
vn 0.7472 -0.2737 -0.6057
vn 0.9442 -0.1031 -0.3129
vn 0.8462 -0.2547 -0.4680
vn 0.7040 -0.1604 -0.6918
vn 0.6711 -0.4265 -0.6064
vn 0.4836 -0.5549 -0.6769
vn 0.7499 -0.2827 -0.5981
vn 0.2088 0.9720 -0.1082
vn 0.4467 0.8748 0.1877
vn 0.3513 0.9360 -0.0215
vn 0.0772 0.9961 -0.0431
vn 0.2262 0.9348 -0.2738
vn 0.1177 0.8716 -0.4759
vn 0.2193 0.9691 -0.1133
vn -0.2097 0.9764 -0.0517
vn 0.1140 0.9556 -0.2716
vn -0.1082 0.9760 -0.1888
vn -0.1588 0.9834 0.0879
vn -0.3675 0.9255 -0.0917
vn -0.5684 0.8226 -0.0161
vn -0.2136 0.9749 -0.0630
vn 0.4194 -0.4563 0.7848
vn 0.0724 -0.3513 0.9335
vn 0.2601 -0.4676 0.8448
vn 0.5031 -0.3340 0.7971
vn 0.4530 -0.5825 0.6749
vn 0.5798 -0.6536 0.4865
vn 0.4122 -0.4658 0.7830
vn -0.2626 -0.8929 -0.3657
vn -0.5955 -0.6908 -0.4101
vn -0.3908 -0.8084 -0.4402
vn -0.2656 -0.9377 -0.2239
vn -0.1193 -0.8812 -0.4575
vn 0.1187 -0.8822 -0.4557
vn -0.2621 -0.8884 -0.3768
vn -0.4397 -0.6176 0.6521
vn -0.5003 -0.2699 0.8227
vn -0.5197 -0.4777 0.7083
vn -0.3016 -0.6548 0.6930
vn -0.5180 -0.6828 0.5153
vn -0.4958 -0.8093 0.3150
vn -0.4505 -0.6139 0.6482
vn 0.6807 -0.6725 -0.2906
vn 0.8636 -0.5041 0.0123
vn 0.7475 -0.6503 -0.1352
vn 0.7065 -0.5806 -0.4047
vn 0.5512 -0.7835 -0.2869
vn 0.3471 -0.8544 -0.3867
vn 0.6779 -0.6793 -0.2811
vn 0.6646 -0.7319 -0.1503
vn 0.9007 -0.4249 -0.0902
vn 0.7756 -0.6267 -0.0746
vn 0.6269 -0.7216 -0.2938
vn 0.5733 -0.8186 -0.0352
vn 0.3685 -0.9295 0.0136
vn 0.6671 -0.7320 -0.1385
vn -0.0432 0.0356 0.9984
vn 0.2524 -0.2157 0.9433
vn 0.1151 -0.0278 0.9930
vn -0.1655 -0.0480 0.9850
vn -0.0426 0.2050 0.9778
vn -0.1623 0.3967 0.9035
vn -0.0332 0.0424 0.9985
vn 0.8877 -0.3466 -0.3032
vn 0.7366 -0.2165 -0.6407
vn 0.8621 -0.2495 -0.4411
vn 0.8282 -0.4818 -0.2862
vn 0.9512 -0.2549 -0.1741
vn 0.9710 -0.2309 0.0618
vn 0.8916 -0.3352 -0.3043
vn -0.6125 -0.6487 -0.4516
vn -0.2692 -0.8359 -0.4783
vn -0.4889 -0.7628 -0.4232
vn -0.6113 -0.5534 -0.5658
vn -0.7112 -0.6290 -0.3139
vn -0.8541 -0.4839 -0.1908
vn -0.6120 -0.6558 -0.4419
vn 0.9093 -0.0031 0.4162
vn 0.7299 0.2754 0.6256
vn 0.8337 0.0762 0.5469
vn 0.9539 0.0668 0.2927
vn 0.8882 -0.1721 0.4260
vn 0.8734 -0.3779 0.3073
vn 0.9048 -0.0088 0.4258
vn -0.5603 0.5781 -0.5932
vn -0.6263 0.7408 -0.2428
vn -0.5557 0.6897 -0.4642
vn -0.6541 0.4628 -0.5984
vn -0.4201 0.5896 -0.6898
vn -0.2698 0.4774 -0.8363
vn -0.5521 0.5869 -0.5922
vn -0.2610 -0.5353 0.8033
vn 0.0491 -0.3383 0.9398
vn -0.1683 -0.4220 0.8908
vn -0.2019 -0.6514 0.7314
vn -0.4183 -0.4764 0.7734
vn -0.6087 -0.4814 0.6307
vn -0.2655 -0.5254 0.8084
vn 0.5240 0.8175 0.2389
vn 0.5897 0.5902 0.5513
vn 0.6045 0.7158 0.3497
vn 0.3921 0.8805 0.2664
vn 0.5903 0.8030 0.0823
vn 0.5524 0.8196 -0.1520
vn 0.5342 0.8116 0.2364
vn -0.5633 0.8253 0.0393
vn -0.7705 0.6026 -0.2078
vn -0.6876 0.7257 -0.0218
vn -0.4587 0.8874 -0.0463
vn -0.5490 0.8094 0.2085
vn -0.4057 0.8227 0.3981
vn -0.5713 0.8195 0.0462
vn -0.0882 0.0656 0.9939
vn -0.4256 -0.1094 0.8983
vn -0.2076 -0.0551 0.9767
vn -0.1141 0.2103 0.9710
vn 0.0682 -0.0024 0.9977
vn 0.2999 0.0294 0.9535
vn -0.0860 0.0538 0.9948
vn 0.9997 -0.0084 0.0246
vn 0.9186 -0.3895 0.0673
vn 0.9846 -0.1746 -0.0109
vn 0.9857 0.0476 0.1617
vn 0.9894 0.0862 -0.1170
vn 0.9312 0.2966 -0.2118
vn 0.9998 -0.0129 0.0135
vn 0.0742 0.9008 -0.4279
vn -0.1990 0.9677 -0.1550
vn -0.0003 0.9583 -0.2856
vn -0.0012 0.8408 -0.5413
vn 0.2422 0.8811 -0.4061
vn 0.4391 0.7646 -0.4718
vn 0.0802 0.9047 -0.4183
vn -0.7795 -0.5623 0.2761
vn -0.5256 -0.6356 0.5655
vn -0.7069 -0.5612 0.4305
vn -0.7379 -0.6540 0.1667
vn -0.8718 -0.4211 0.2503
vn -0.9593 -0.2670 0.0915
vn -0.7821 -0.5543 0.2847
vn -0.4533 0.8820 -0.1286
vn -0.2068 0.8773 -0.4332
vn -0.3960 0.8716 -0.2889
vn -0.3700 0.9289 -0.0147
vn -0.5981 0.7939 -0.1090
vn -0.7387 0.6729 0.0401
vn -0.4597 0.8773 -0.1377
vn -0.2835 -0.8442 -0.4549
vn -0.1375 -0.6401 -0.7559
vn -0.1783 -0.7949 -0.5799
vn -0.4222 -0.7928 -0.4396
vn -0.1982 -0.9230 -0.3299
vn -0.1897 -0.9769 -0.0983
vn -0.2719 -0.8476 -0.4557
vn -0.1489 -0.9500 0.2746
vn 0.2274 -0.8999 0.3722
vn -0.0088 -0.9291 0.3697
vn -0.1452 -0.9809 0.1292
vn -0.2871 -0.8899 0.3545
vn -0.5050 -0.7967 0.3320
vn -0.1490 -0.9465 0.2862
vn -0.8529 -0.0015 -0.5221
vn -0.9407 0.2472 -0.2322
vn -0.8865 0.1441 -0.4397
vn -0.8758 -0.1361 -0.4632
vn -0.7529 0.0260 -0.6576
vn -0.5893 -0.0636 -0.8054
vn -0.8502 0.0095 -0.5264
vn -0.3782 -0.9129 -0.1532
vn -0.3510 -0.9057 0.2377
vn -0.4237 -0.9057 0.0111
vn -0.2415 -0.9498 -0.1988
vn -0.4920 -0.8332 -0.2523
vn -0.5307 -0.7150 -0.4552
vn -0.3890 -0.9091 -0.1494
vn -0.4959 -0.8668 -0.0520
vn -0.6286 -0.6831 -0.3718
vn -0.5199 -0.8265 -0.2161
vn -0.5795 -0.8129 0.0586
vn -0.3432 -0.9389 -0.0278
vn -0.1638 -0.9787 0.1235
vn -0.4887 -0.8703 -0.0609
vn 0.6600 -0.4265 0.6185
vn 0.5460 -0.7340 0.4040
vn 0.6636 -0.5529 0.5040
vn 0.5544 -0.4131 0.7225
vn 0.7634 -0.2987 0.5727
vn 0.8086 -0.0654 0.5848
vn 0.6679 -0.4271 0.6095
vn -0.5009 0.1474 0.8528
vn -0.7945 0.1258 0.5941
vn -0.6356 0.0873 0.7670
vn -0.4538 0.2881 0.8432
vn -0.4051 0.0202 0.9141
vn -0.1879 -0.0507 0.9809
vn -0.5043 0.1358 0.8528
vn 0.9269 -0.1971 0.3194
vn 0.7266 -0.4952 0.4762
vn 0.8684 -0.3551 0.3462
vn 0.9060 -0.0848 0.4146
vn 0.9721 -0.1748 0.1564
vn 0.9995 -0.0211 -0.0232
vn 0.9277 -0.2060 0.3113
vn 0.6769 0.2302 -0.6992
vn 0.8319 -0.0958 -0.5466
vn 0.7266 0.0678 -0.6837
vn 0.7197 0.3382 -0.6063
vn 0.5427 0.2440 -0.8037
vn 0.3481 0.3680 -0.8622
vn 0.6727 0.2212 -0.7061
vn 0.5028 0.3096 -0.8071
vn 0.2608 0.6118 -0.7468
vn 0.4473 0.4650 -0.7640
vn 0.4205 0.2112 -0.8824
vn 0.6423 0.2671 -0.7184
vn 0.7738 0.0912 -0.6268
vn 0.5090 0.3173 -0.8002
vn -0.5715 -0.7403 0.3540
vn -0.7285 -0.6851 -0.0009
vn -0.6131 -0.7667 0.1906
vn -0.6350 -0.6359 0.4388
vn -0.4237 -0.8161 0.3930
vn -0.2303 -0.8150 0.5317
vn -0.5658 -0.7481 0.3467
vn -0.6180 0.2325 0.7510
vn -0.6771 0.5334 0.5069
vn -0.6936 0.3352 0.6376
vn -0.4950 0.2697 0.8259
vn -0.6737 0.0720 0.7355
vn -0.6247 -0.1591 0.7645
vn -0.6274 0.2293 0.7442
vn -0.7439 0.4039 -0.5324
vn -0.8081 0.0213 -0.5887
vn -0.8159 0.2496 -0.5216
vn -0.6390 0.4385 -0.6320
vn -0.7745 0.4962 -0.3923
vn -0.6993 0.6703 -0.2485
vn -0.7517 0.4007 -0.5238
vn 0.2220 0.4448 -0.8677
vn -0.1531 0.3471 -0.9252
vn 0.0531 0.4594 -0.8866
vn 0.2975 0.3205 -0.8993
vn 0.2844 0.5704 -0.7706
vn 0.4552 0.6392 -0.6199
vn 0.2157 0.4544 -0.8643
vn -0.7652 -0.5808 -0.2779
vn -0.7492 -0.6537 0.1068
vn -0.8063 -0.5807 -0.1124
vn -0.6616 -0.6701 -0.3365
vn -0.8238 -0.4410 -0.3562
vn -0.7951 -0.2862 -0.5347
vn -0.7728 -0.5730 -0.2729
vn -0.5115 0.8497 0.1281
vn -0.6080 0.7567 -0.2402
vn -0.6035 0.7974 -0.0058
vn -0.3799 0.9178 0.1154
vn -0.5665 0.7777 0.2726
vn -0.5107 0.7049 0.4923
vn -0.5217 0.8433 0.1290
vn 0.9583 0.0505 -0.2813
vn 0.8477 0.4247 -0.3178
vn 0.9434 0.2175 -0.2502
vn 0.9130 -0.0136 -0.4077
vn 0.9898 -0.0365 -0.1380
vn 0.9696 -0.2436 -0.0225
vn 0.9610 0.0556 -0.2708
vn -0.6747 -0.3609 0.6439
vn -0.4062 -0.6464 0.6458
vn -0.5482 -0.4624 0.6969
vn -0.7577 -0.3894 0.5237
vn -0.6654 -0.2072 0.7172
vn -0.7144 0.0250 0.6993
vn -0.6673 -0.3582 0.6530
vn 0.0082 0.4557 -0.8901
vn -0.3521 0.5425 -0.7627
vn -0.1236 0.5452 -0.8291
vn -0.0051 0.3192 -0.9477
vn 0.1568 0.5218 -0.8386
vn 0.3856 0.4808 -0.7875
vn 0.0093 0.4663 -0.8846
vn -0.5456 -0.5369 -0.6435
vn -0.2820 -0.8022 -0.5262
vn -0.4777 -0.6725 -0.5653
vn -0.4755 -0.4601 -0.7498
vn -0.6799 -0.4768 -0.5572
vn -0.8140 -0.2872 -0.5049
vn -0.5507 -0.5426 -0.6342
vn -0.3904 -0.8341 0.3897
vn -0.5963 -0.8007 0.0579
vn -0.4464 -0.8644 0.2314
vn -0.4599 -0.7437 0.4853
vn -0.2283 -0.8838 0.4084
vn -0.0225 -0.8517 0.5235
vn -0.3844 -0.8406 0.3816
vn 0.4081 -0.3256 -0.8529
vn 0.2011 -0.0177 -0.9794
vn 0.3713 -0.1701 -0.9128
vn 0.3087 -0.4360 -0.8454
vn 0.5548 -0.3251 -0.7659
vn 0.6836 -0.4256 -0.5929
vn 0.4157 -0.3163 -0.8527
vn 0.5121 0.8197 0.2564
vn 0.4628 0.8772 -0.1281
vn 0.4539 0.8843 0.1096
vn 0.6302 0.7297 0.2652
vn 0.3964 0.8353 0.3809
vn 0.3116 0.7484 0.5855
vn 0.5020 0.8263 0.2555
vn 0.5042 0.8242 -0.2577
vn 0.7947 0.5921 -0.1339
vn 0.6408 0.7221 -0.2607
vn 0.4490 0.8836 -0.1330
vn 0.4167 0.8144 -0.4039
vn 0.2050 0.8350 -0.5106
vn 0.5082 0.8186 -0.2676
vn -0.7129 0.5955 0.3703
vn -0.7807 0.6248 -0.0146
vn -0.7878 0.5760 0.2183
vn -0.6031 0.6926 0.3957
vn -0.7482 0.4644 0.4737
vn -0.6767 0.3313 0.6575
vn -0.7211 0.5870 0.3679
vn 0.5828 -0.8092 0.0740
vn 0.7573 -0.5656 0.3265
vn 0.6348 -0.7403 0.2211
vn 0.6365 -0.7690 -0.0588
vn 0.4365 -0.8947 0.0941
vn 0.2356 -0.9718 -0.0074
vn 0.5779 -0.8117 0.0847
vn 0.5796 -0.7098 0.4003
vn 0.7784 -0.6235 0.0737
vn 0.7010 -0.6482 0.2974
vn 0.4748 -0.8052 0.3552
vn 0.5678 -0.6181 0.5436
vn 0.4280 -0.5443 0.7215
vn 0.5875 -0.7014 0.4035
vn -0.9663 -0.2207 -0.1323
vn -0.9382 -0.2301 0.2585
vn -0.9839 -0.1758 0.0313
vn -0.9183 -0.3546 -0.1758
vn -0.9685 -0.0840 -0.2344
vn -0.8976 0.0113 -0.4406
vn -0.9693 -0.2096 -0.1287
vn -0.3201 0.6597 0.6800
vn 0.0545 0.6155 0.7863
vn -0.1546 0.6935 0.7037
vn -0.3899 0.5443 0.7428
vn -0.3822 0.7454 0.5462
vn -0.5441 0.7520 0.3719
vn -0.3142 0.6684 0.6742
vn -0.9520 0.0457 0.3025
vn -0.9470 0.3204 0.0230
vn -0.9803 0.1243 0.1538
vn -0.8988 0.1150 0.4229
vn -0.9509 -0.1238 0.2835
vn -0.8699 -0.3325 0.3644
vn -0.9554 0.0401 0.2925
vn 0.9873 -0.0650 -0.1451
vn 0.8929 0.2272 -0.3888
vn 0.9733 0.0922 -0.2100
vn 0.9566 -0.1884 -0.2223
vn 0.9978 -0.0608 0.0251
vn 0.9573 -0.1754 0.2297
vn 0.9888 -0.0549 -0.1387
vn 0.9532 -0.1618 -0.2553
vn 0.9581 0.2228 -0.1802
vn 0.9842 -0.0137 -0.1764
vn 0.9027 -0.1713 -0.3948
vn 0.9460 -0.2907 -0.1438
vn 0.8574 -0.5060 -0.0942
vn 0.9564 -0.1609 -0.2437
vn -0.1079 -0.6422 -0.7589
vn 0.1268 -0.3725 -0.9193
vn 0.0320 -0.5680 -0.8224
vn -0.2445 -0.5851 -0.7732
vn -0.0677 -0.7619 -0.6442
vn -0.1354 -0.8825 -0.4505
vn -0.0967 -0.6462 -0.7570
vn -0.3737 0.9265 -0.0438
vn -0.3170 0.8486 -0.4236
vn -0.4067 0.8898 -0.2071
vn -0.2403 0.9707 0.0049
vn -0.4959 0.8664 0.0589
vn -0.5519 0.7869 0.2762
vn -0.3842 0.9220 -0.0477
vn 0.5055 -0.1940 -0.8407
vn 0.1399 -0.1586 -0.9774
vn 0.3691 -0.1295 -0.9203
vn 0.5127 -0.3340 -0.7910
vn 0.6108 -0.0703 -0.7886
vn 0.7759 -0.0030 -0.6309
vn 0.5044 -0.1825 -0.8439
vn -0.5644 0.7145 -0.4135
vn -0.7904 0.3985 -0.4653
vn -0.6927 0.6037 -0.3946
vn -0.4680 0.7096 -0.5267
vn -0.5353 0.8006 -0.2691
vn -0.3763 0.9166 -0.1353
vn -0.5716 0.7142 -0.4039
vn 0.3221 0.4898 -0.8102
vn 0.5880 0.5989 -0.5437
vn 0.4701 0.5017 -0.7262
vn 0.2072 0.5813 -0.7869
vn 0.3078 0.3391 -0.8890
vn 0.1609 0.1713 -0.9720
vn 0.3311 0.4819 -0.8113
vn 0.1527 0.0838 0.9847
vn -0.0085 0.4313 0.9021
vn 0.0385 0.2103 0.9769
vn 0.2963 0.1007 0.9498
vn 0.0758 -0.0682 0.9948
vn 0.0894 -0.3014 0.9493
vn 0.1409 0.0823 0.9866
vn 0.5122 -0.1806 0.8397
vn 0.4732 0.2090 0.8558
vn 0.4583 -0.0263 0.8884
vn 0.6293 -0.2021 0.7505
vn 0.3935 -0.2996 0.8691
vn 0.3027 -0.5101 0.8051
vn 0.5022 -0.1787 0.8461
vn -0.8688 -0.3080 0.3877
vn -0.9445 -0.3285 0.0037
vn -0.8981 -0.3732 0.2328
vn -0.8914 -0.1651 0.4220
vn -0.7728 -0.4131 0.4818
vn -0.6150 -0.4333 0.6588
vn -0.8661 -0.3193 0.3846
vn -0.9627 -0.2323 0.1387
vn -0.8429 -0.1778 0.5078
vn -0.9426 -0.1611 0.2924
vn -0.9221 -0.3719 0.1072
vn -0.9933 -0.1142 0.0194
vn -0.9761 -0.0544 -0.2103
vn -0.9651 -0.2208 0.1411
vn -0.2658 -0.0794 0.9607
vn -0.5423 0.1625 0.8243
vn -0.4177 -0.0220 0.9083
vn -0.1498 0.0094 0.9887
vn -0.2514 -0.2476 0.9357
vn -0.1048 -0.4309 0.8963
vn -0.2750 -0.0866 0.9575
vn 0.5451 0.8195 -0.1767
vn 0.4165 0.8897 0.1869
vn 0.5446 0.8387 -0.0071
vn 0.4326 0.8620 -0.2642
vn 0.6665 0.7104 -0.2261
vn 0.7373 0.5522 -0.3892
vn 0.5537 0.8153 -0.1694
vn 0.1144 0.7222 -0.6821
vn 0.4328 0.7754 -0.4598
vn 0.2777 0.7230 -0.6326
vn 0.0062 0.7933 -0.6089
vn 0.0852 0.5988 -0.7963
vn -0.0735 0.4487 -0.8906
vn 0.1231 0.7157 -0.6874
vn -0.7047 0.3288 -0.6287
vn -0.5490 0.6663 -0.5046
vn -0.6162 0.4746 -0.6286
vn -0.8015 0.2916 -0.5220
vn -0.6384 0.2164 -0.7386
vn -0.6075 -0.0130 -0.7942
vn -0.6962 0.3314 -0.6368
vn -0.6380 -0.0582 -0.7678
vn -0.8153 -0.2866 -0.5032
vn -0.7505 -0.1119 -0.6513
vn -0.5367 -0.1470 -0.8309
vn -0.6281 0.1121 -0.7700
vn -0.4932 0.3028 -0.8155
vn -0.6456 -0.0509 -0.7620
vn 0.7237 -0.0455 -0.6886
vn 0.4029 -0.0557 -0.9135
vn 0.6024 0.0036 -0.7982
vn 0.7418 -0.1863 -0.6442
vn 0.7903 0.0883 -0.6063
vn 0.8972 0.1672 -0.4088
vn 0.7215 -0.0340 -0.6916
vn 0.6102 0.2658 -0.7464
vn 0.8675 0.1838 -0.4623
vn 0.7308 0.1846 -0.6571
vn 0.5668 0.4051 -0.7174
vn 0.5189 0.1565 -0.8404
vn 0.3099 0.1101 -0.9444
vn 0.6131 0.2542 -0.7480
vn 0.5821 0.6940 0.4236
vn 0.3623 0.5819 0.7281
vn 0.5368 0.6212 0.5710
vn 0.4975 0.7930 0.3517
vn 0.7110 0.6098 0.3502
vn 0.8208 0.5520 0.1470
vn 0.5884 0.6853 0.4290
vn -0.6458 0.3903 -0.6562
vn -0.8293 0.0588 -0.5557
vn -0.7593 0.2844 -0.5854
vn -0.5483 0.3481 -0.7604
vn -0.6296 0.5334 -0.5648
vn -0.4881 0.7141 -0.5017
vn -0.6531 0.3933 -0.6471
vn 0.4997 0.0640 0.8638
vn 0.6524 0.3648 0.6643
vn 0.5341 0.2239 0.8153
vn 0.5759 -0.0544 0.8157
vn 0.3459 0.0533 0.9368
vn 0.1573 -0.0839 0.9840
vn 0.4931 0.0735 0.8669
vn -0.3043 -0.9521 -0.0289
vn 0.0243 -0.9829 0.1825
vn -0.2004 -0.9741 0.1047
vn -0.2573 -0.9513 -0.1700
vn -0.4555 -0.8900 0.0201
vn -0.6467 -0.7617 -0.0401
vn -0.3079 -0.9513 -0.0174
vn -0.0766 0.9848 0.1561
vn -0.4538 0.8784 0.1498
vn -0.2346 0.9492 0.2098
vn -0.0402 0.9991 0.0126
vn 0.0379 0.9592 0.2800
vn 0.2630 0.9049 0.3346
vn -0.0795 0.9826 0.1676
vn 0.8606 -0.3587 0.3615
vn 0.9477 0.0210 0.3184
vn 0.8952 -0.1962 0.4003
vn 0.8806 -0.4165 0.2259
vn 0.7632 -0.4314 0.4811
vn 0.6005 -0.5978 0.5311
vn 0.8582 -0.3536 0.3721
vn 0.1072 0.0029 0.9942
vn 0.2264 -0.3597 0.9052
vn 0.2099 -0.1310 0.9689
vn -0.0411 -0.0074 0.9991
vn 0.1904 0.1499 0.9702
vn 0.1751 0.3793 0.9086
vn 0.1191 0.0037 0.9929
vn -0.2618 0.7499 0.6075
vn -0.0408 0.5313 0.8462
vn -0.1298 0.6992 0.7030
vn -0.3956 0.6851 0.6117
vn -0.2106 0.8514 0.4803
vn -0.2534 0.9317 0.2604
vn -0.2507 0.7545 0.6066
vn -0.2237 0.9737 0.0435
vn -0.5458 0.8284 -0.1261
vn -0.3850 0.9226 0.0220
vn -0.1272 0.9895 -0.0686
vn -0.1766 0.9623 0.2071
vn 0.0027 0.9326 0.3608
vn -0.2313 0.9715 0.0525
vn 0.8523 -0.3350 0.4017
vn 0.7655 -0.6251 0.1528
vn 0.8591 -0.4375 0.2655
vn 0.7707 -0.3647 0.5225
vn 0.9133 -0.1799 0.3653
vn 0.9080 0.0527 0.4155
vn 0.8581 -0.3323 0.3915
vn 0.3119 0.2065 -0.9274
vn 0.2843 -0.1842 -0.9409
vn 0.2543 0.0506 -0.9658
vn 0.4446 0.2318 -0.8652
vn 0.1855 0.3210 -0.9287
vn 0.1031 0.5274 -0.8434
vn 0.3008 0.2042 -0.9316
vn 0.4288 0.3152 -0.8466
vn 0.4591 -0.0736 -0.8853
vn 0.4009 0.1565 -0.9027
vn 0.5446 0.3526 -0.7610
vn 0.2895 0.4122 -0.8639
vn 0.1660 0.5990 -0.7833
vn 0.4190 0.3119 -0.8527
vn -0.9173 -0.3983 -0.0035
vn -0.7759 -0.5279 -0.3453
vn -0.8551 -0.5039 -0.1222
vn -0.9649 -0.2605 -0.0334
vn -0.8786 -0.4522 0.1536
vn -0.8378 -0.3919 0.3802
vn -0.9125 -0.4091 -0.0011
vn 0.1336 0.8107 -0.5700
vn 0.3676 0.8911 -0.2660
vn 0.2753 0.8342 -0.4778
vn -0.0018 0.8518 -0.5239
vn 0.1600 0.6994 -0.6966
vn 0.0644 0.5366 -0.8414
vn 0.1445 0.8066 -0.5732
vn -0.5140 -0.7928 0.3274
vn -0.1707 -0.8433 0.5096
vn -0.3972 -0.7989 0.4516
vn -0.4920 -0.8492 0.1915
vn -0.6368 -0.6800 0.3635
vn -0.8009 -0.5304 0.2779
vn -0.5153 -0.7875 0.3381
vn 0.7258 -0.0606 -0.6852
vn 0.4720 -0.3280 -0.8183
vn 0.6075 -0.1356 -0.7826
vn 0.8033 -0.1325 -0.5806
vn 0.7131 0.1094 -0.6925
vn 0.7497 0.3165 -0.5812
vn 0.7188 -0.0547 -0.6931
vn -0.8205 -0.5668 -0.0752
vn -0.7972 -0.4169 -0.4366
vn -0.7947 -0.5560 -0.2435
vn -0.8877 -0.4605 0.0043
vn -0.7243 -0.6894 -0.0057
vn -0.6121 -0.7679 0.1889
vn -0.8142 -0.5748 -0.0815
vn 0.7936 0.5901 0.1483
vn 0.9450 0.2370 0.2256
vn 0.8849 0.4470 0.1311
vn 0.7265 0.6298 0.2750
vn 0.7541 0.6567 -0.0037
vn 0.6010 0.7887 -0.1293
vn 0.7983 0.5863 0.1378
vn 0.2757 0.8281 0.4882
vn 0.2082 0.5823 0.7859
vn 0.3039 0.7234 0.6199
vn 0.1410 0.8805 0.4527
vn 0.4083 0.8296 0.3809
vn 0.4828 0.8615 0.1571
vn 0.2863 0.8230 0.4906
vn -0.6437 -0.3043 0.7021
vn -0.3266 -0.2243 0.9181
vn -0.5394 -0.2251 0.8114
vn -0.6188 -0.4413 0.6498
vn -0.7522 -0.1944 0.6297
vn -0.8865 -0.1434 0.4399
vn -0.6451 -0.2929 0.7057
vn 0.9054 -0.0457 -0.4221
vn 0.9820 0.1614 -0.0983
vn 0.9637 -0.0056 -0.2668
vn 0.8533 0.0549 -0.5185
vn 0.8748 -0.2130 -0.4352
vn 0.7480 -0.3843 -0.5412
vn 0.9088 -0.0538 -0.4138
vn -0.4841 0.7481 0.4538
vn -0.7802 0.5063 0.3675
vn -0.6104 0.6351 0.4734
vn -0.4612 0.8244 0.3281
vn -0.3663 0.7309 0.5759
vn -0.1379 0.7582 0.6373
vn -0.4855 0.7412 0.4636
vn 0.3935 0.8484 0.3542
vn 0.5986 0.5798 0.5528
vn 0.5236 0.7500 0.4043
vn 0.2668 0.8620 0.4311
vn 0.4090 0.8925 0.1902
vn 0.2971 0.9548 -0.0104
vn 0.4034 0.8464 0.3477
vn 0.8900 0.4403 -0.1182
vn 0.9964 0.0697 -0.0481
vn 0.9485 0.2822 -0.1440
vn 0.8670 0.4980 0.0170
vn 0.8226 0.5053 -0.2608
vn 0.6652 0.6568 -0.3552
vn 0.8910 0.4352 -0.1290
vn 0.5601 0.3969 0.7272
vn 0.7809 0.4699 0.4117
vn 0.6374 0.4821 0.6011
vn 0.5930 0.2564 0.7633
vn 0.4163 0.4750 0.7753
vn 0.1991 0.4513 0.8698
vn 0.5569 0.4080 0.7235
vn -0.6749 0.3796 -0.6328
vn -0.3899 0.6478 -0.6545
vn -0.5445 0.4712 -0.6939
vn -0.7515 0.4173 -0.5110
vn -0.6776 0.2232 -0.7008
vn -0.7398 -0.0048 -0.6728
vn -0.6680 0.3762 -0.6421
vn -0.7935 -0.4706 0.3858
vn -0.5393 -0.4921 0.6833
vn -0.7196 -0.4408 0.5366
vn -0.7556 -0.5838 0.2969
vn -0.8818 -0.3348 0.3323
vn -0.9661 -0.2131 0.1460
vn -0.7958 -0.4610 0.3926
vn -0.5720 0.5670 0.5928
vn -0.4119 0.3213 0.8527
vn -0.4736 0.5084 0.7192
vn -0.6866 0.4910 0.5362
vn -0.4983 0.6988 0.5133
vn -0.4768 0.8222 0.3109
vn -0.5621 0.5726 0.5968
vn -0.5805 -0.8054 0.1201
vn -0.8352 -0.5490 -0.0315
vn -0.6846 -0.7289 0.0088
vn -0.5771 -0.7724 0.2651
vn -0.4554 -0.8894 0.0400
vn -0.2322 -0.9713 0.0508
vn -0.5802 -0.8073 0.1082
vn -0.6632 -0.7416 0.1005
vn -0.8651 -0.4381 0.2444
vn -0.7789 -0.6169 0.1131
vn -0.5788 -0.7868 0.2143
vn -0.6273 -0.7763 -0.0627
vn -0.4662 -0.8574 -0.2179
vn -0.6694 -0.7373 0.0911
vn -0.6927 -0.5802 0.4285
vn -0.5892 -0.3500 0.7283
vn -0.7000 -0.4584 0.5477
vn -0.5888 -0.6867 0.4264
vn -0.7888 -0.5402 0.2933
vn -0.8228 -0.5652 0.0591
vn -0.7004 -0.5710 0.4282
vn -0.1082 0.3518 0.9298
vn 0.1654 0.0764 0.9833
vn 0.0434 0.2793 0.9592
vn -0.2366 0.2767 0.9314
vn -0.0902 0.5055 0.8581
vn -0.1859 0.6717 0.7171
vn -0.0977 0.3576 0.9288
vn 0.8831 -0.4692 -0.0043
vn 0.6707 -0.7031 -0.2362
vn 0.8248 -0.5465 -0.1448
vn 0.8481 -0.5127 0.1336
vn 0.9480 -0.3157 -0.0408
vn 0.9947 -0.0959 0.0375
vn 0.8851 -0.4652 -0.0155
vn 0.0460 -0.7720 0.6340
vn 0.3717 -0.8264 0.4229
vn 0.2112 -0.7779 0.5918
vn -0.0619 -0.8321 0.5511
vn 0.0174 -0.6553 0.7551
vn -0.1382 -0.5039 0.8526
vn 0.0547 -0.7664 0.6401
vn -0.5561 -0.6059 0.5689
vn -0.1951 -0.7371 0.6470
vn -0.4108 -0.6365 0.6528
vn -0.5929 -0.6734 0.4415
vn -0.6301 -0.4624 0.6239
vn -0.7722 -0.2790 0.5708
vn -0.5526 -0.5998 0.5787
vn 0.4281 -0.7755 0.4639
vn 0.3614 -0.9261 0.1083
vn 0.4565 -0.8352 0.3066
vn 0.2983 -0.7904 0.5350
vn 0.5480 -0.6631 0.5099
vn 0.6021 -0.4734 0.6429
vn 0.4383 -0.7736 0.4577
vn -0.1394 -0.2009 0.9696
vn 0.1153 -0.4812 0.8690
vn 0.0061 -0.2891 0.9573
vn -0.2717 -0.2549 0.9280
vn -0.1091 -0.0348 0.9934
vn -0.1877 0.1880 0.9641
vn -0.1286 -0.1964 0.9721
vn 0.5176 0.0967 0.8502
vn 0.1584 0.2015 0.9666
vn 0.3651 0.0907 0.9265
vn 0.5738 0.2200 0.7889
vn 0.5754 -0.0601 0.8156
vn 0.7116 -0.1953 0.6749
vn 0.5125 0.0865 0.8543
vn -0.0683 0.8700 0.4883
vn -0.2737 0.6334 0.7238
vn -0.1104 0.7743 0.6231
vn -0.1650 0.9092 0.3823
vn 0.1010 0.8777 0.4685
vn 0.2824 0.9054 0.3170
vn -0.0604 0.8660 0.4964
vn -0.6415 0.1104 -0.7592
vn -0.7247 -0.2538 -0.6407
vn -0.7248 -0.0207 -0.6886
vn -0.5228 0.0941 -0.8473
vn -0.6828 0.2577 -0.6836
vn -0.6142 0.4786 -0.6275
vn -0.6505 0.1116 -0.7513
vn 0.1713 -0.0863 -0.9814
vn -0.0572 0.2319 -0.9711
vn 0.1225 0.0770 -0.9895
vn 0.0758 -0.2002 -0.9768
vn 0.3355 -0.0995 -0.9368
vn 0.5031 -0.2323 -0.8324
vn 0.1789 -0.0770 -0.9808
vn -0.5284 -0.7582 -0.3819
vn -0.8107 -0.4956 -0.3116
vn -0.6495 -0.6411 -0.4089
vn -0.5068 -0.8248 -0.2506
vn -0.4123 -0.7570 -0.5069
vn -0.1868 -0.8007 -0.5692
vn -0.5297 -0.7521 -0.3922
vn -0.2523 -0.9437 -0.2138
vn -0.2661 -0.9474 0.1778
vn -0.3148 -0.9476 -0.0551
vn -0.1083 -0.9633 -0.2456
vn -0.3638 -0.8739 -0.3224
vn -0.3951 -0.7536 -0.5254
vn -0.2638 -0.9412 -0.2110
vn 0.5879 0.2699 -0.7626
vn 0.2509 0.1952 -0.9481
vn 0.4419 0.2950 -0.8472
vn 0.6513 0.1363 -0.7465
vn 0.6270 0.4047 -0.6656
vn 0.7379 0.4839 -0.4705
vn 0.5822 0.2805 -0.7631
vn -0.8240 0.4166 -0.3840
vn -0.9768 0.1215 -0.1763
vn -0.9064 0.3327 -0.2604
vn -0.7826 0.3536 -0.5123
vn -0.7590 0.5634 -0.3262
vn -0.5892 0.7285 -0.3494
vn -0.8265 0.4213 -0.3732
vn -0.0903 0.4395 0.8937
vn -0.4605 0.4494 0.7655
vn -0.2563 0.4031 0.8786
vn -0.0262 0.5575 0.8298
vn -0.0027 0.3053 0.9523
vn 0.2065 0.1921 0.9594
vn -0.0954 0.4295 0.8980
vn 0.7355 0.0932 -0.6710
vn 0.8797 -0.1865 -0.4374
vn 0.7855 -0.0603 -0.6159
vn 0.7684 0.2201 -0.6009
vn 0.6114 0.0795 -0.7873
vn 0.4216 0.1815 -0.8884
vn 0.7322 0.0828 -0.6761
vn 0.1036 -0.6031 0.7909
vn -0.0799 -0.8393 0.5377
vn 0.0764 -0.7295 0.6797
vn -0.0058 -0.5231 0.8523
vn 0.2667 -0.5533 0.7891
vn 0.4209 -0.3757 0.8257
vn 0.1123 -0.6090 0.7852
vn 0.2070 -0.7001 -0.6834
vn 0.1057 -0.9207 -0.3757
vn 0.1165 -0.8041 -0.5829
vn 0.3497 -0.6662 -0.6587
vn 0.1053 -0.6093 -0.7859
vn 0.0760 -0.4082 -0.9097
vn 0.1953 -0.7022 -0.6847
vn -0.2464 -0.4350 0.8661
vn 0.0453 -0.6666 0.7441
vn -0.0927 -0.5083 0.8562
vn -0.3661 -0.4856 0.7938
vn -0.2357 -0.2777 0.9313
vn -0.3308 -0.0598 0.9418
vn -0.2364 -0.4304 0.8711
vn 0.5863 -0.7484 -0.3101
vn 0.3235 -0.7314 -0.6003
vn 0.5179 -0.7189 -0.4636
vn 0.5195 -0.8295 -0.2048
vn 0.7152 -0.6411 -0.2784
vn 0.8425 -0.5266 -0.1131
vn 0.5912 -0.7411 -0.3183
vn 0.5138 0.7655 0.3872
vn 0.1469 0.8616 0.4859
vn 0.3745 0.7921 0.4820
vn 0.5276 0.8128 0.2469
vn 0.6132 0.6451 0.4560
vn 0.7749 0.4748 0.4174
vn 0.5122 0.7610 0.3982
vn 0.4836 -0.6066 -0.6310
vn 0.7340 -0.5936 -0.3299
vn 0.5725 -0.6547 -0.4936
vn 0.5135 -0.4835 -0.7089
vn 0.3353 -0.6904 -0.6410
vn 0.1100 -0.6875 -0.7178
vn 0.4807 -0.6160 -0.6241
vn 0.2364 -0.8944 -0.3797
vn 0.4974 -0.6635 -0.5589
vn 0.3850 -0.8214 -0.4209
vn 0.1128 -0.8801 -0.4611
vn 0.2364 -0.9470 -0.2174
vn 0.1065 -0.9940 -0.0236
vn 0.2462 -0.8947 -0.3727
vn 0.1144 0.4581 0.8815
vn 0.3892 0.6362 0.6662
vn 0.1955 0.5785 0.7919
vn 0.1790 0.3318 0.9262
vn -0.0547 0.4801 0.8755
vn -0.2691 0.3774 0.8861
vn 0.1090 0.4679 0.8770
vn -0.6614 -0.6330 0.4022
vn -0.8293 -0.5559 0.0566
vn -0.7170 -0.6536 0.2422
vn -0.7014 -0.5188 0.4887
vn -0.5259 -0.7317 0.4337
vn -0.3265 -0.7613 0.5602
vn -0.6576 -0.6417 0.3948
vn -0.5535 0.0280 -0.8324
vn -0.3830 -0.3234 -0.8653
vn -0.5332 -0.1414 -0.8341
vn -0.4515 0.1232 -0.8837
vn -0.6810 0.0738 -0.7286
vn -0.7717 0.2428 -0.5878
vn -0.5613 0.0202 -0.8274
vn -0.7817 -0.6216 0.0496
vn -0.7798 -0.4716 0.4117
vn -0.8275 -0.5298 0.1859
vn -0.6806 -0.7306 0.0545
vn -0.8320 -0.5466 -0.0951
vn -0.7916 -0.5159 -0.3276
vn -0.7892 -0.6122 0.0492
vn -0.8091 -0.5258 -0.2625
vn -0.6741 -0.4127 -0.6126
vn -0.7366 -0.5326 -0.4168
vn -0.8872 -0.4089 -0.2139
vn -0.7463 -0.6463 -0.1594
vn -0.6995 -0.7117 0.0646
vn -0.8020 -0.5347 -0.2662
vn 0.5811 -0.0885 0.8090
vn 0.7747 -0.3108 0.5507
vn 0.7011 -0.1400 0.6992
vn 0.4747 -0.1780 0.8619
vn 0.5726 0.0817 0.8158
vn 0.4365 0.2725 0.8574
vn 0.5892 -0.0812 0.8039
vn -0.0864 -0.9044 0.4179
vn -0.0339 -0.6785 0.7339
vn -0.1196 -0.8187 0.5617
vn 0.0512 -0.9288 0.3670
vn -0.2263 -0.9195 0.3214
vn -0.3148 -0.9437 0.1018
vn -0.0975 -0.9015 0.4217
vn -0.3714 0.9095 0.1870
vn -0.5084 0.7062 0.4928
vn -0.3908 0.8527 0.3467
vn -0.4678 0.8804 0.0775
vn -0.2120 0.9641 0.1599
vn -0.0382 0.9993 0.0012
vn -0.3632 0.9109 0.1957
vn 0.4124 -0.7927 -0.4489
vn 0.0348 -0.8390 -0.5430
vn 0.2690 -0.7967 -0.5412
vn 0.4235 -0.8504 -0.3122
vn 0.5238 -0.6803 -0.5127
vn 0.7051 -0.5328 -0.4680
vn 0.4111 -0.7873 -0.4595
vn 0.4245 -0.8176 -0.3891
vn 0.3773 -0.9260 -0.0155
vn 0.3631 -0.8972 -0.2513
vn 0.5506 -0.7387 -0.3888
vn 0.3054 -0.8038 -0.5106
vn 0.2255 -0.6801 -0.6975
vn 0.4138 -0.8232 -0.3888
vn -0.4611 0.2978 -0.8359
vn -0.7662 0.2341 -0.5984
vn -0.5947 0.3278 -0.7341
vn -0.4274 0.1631 -0.8892
vn -0.3508 0.4280 -0.8329
vn -0.1246 0.4976 -0.8584
vn -0.4634 0.3085 -0.8307
vn 0.2762 -0.7585 0.5903
vn 0.6192 -0.6568 0.4303
vn 0.4335 -0.6944 0.5743
vn 0.2128 -0.8463 0.4884
vn 0.1883 -0.6768 0.7117
vn -0.0258 -0.6105 0.7916
vn 0.2810 -0.7506 0.5980
vn 0.3384 -0.2226 0.9143
vn 0.0389 -0.4731 0.8802
vn 0.2522 -0.3685 0.8948
vn 0.2748 -0.0950 0.9568
vn 0.4916 -0.2309 0.8397
vn 0.6687 -0.1111 0.7352
vn 0.3432 -0.2327 0.9100
vn -0.1094 -0.5041 -0.8567
vn -0.4771 -0.3863 -0.7894
vn -0.2560 -0.4182 -0.8715
vn -0.0944 -0.6266 -0.7736
vn 0.0226 -0.4110 -0.9114
vn 0.2560 -0.3673 -0.8942
vn -0.1105 -0.4937 -0.8626
vn -0.9843 -0.0151 0.1758
vn -0.9000 -0.3978 0.1783
vn -0.9568 -0.1733 0.2333
vn -0.9993 0.0182 0.0316
vn -0.9499 0.1011 0.2959
vn -0.8816 0.3242 0.3430
vn -0.9821 -0.0177 0.1873
vn -0.4781 -0.6659 0.5727
vn -0.7649 -0.4097 0.4971
vn -0.6204 -0.5985 0.5069
vn -0.4036 -0.6051 0.6862
vn -0.4108 -0.7825 0.4679
vn -0.2136 -0.8937 0.3945
vn -0.4837 -0.6702 0.5629
vn 0.2957 0.4176 0.8592
vn 0.4862 0.0753 0.8706
vn 0.4229 0.3041 0.8536
vn 0.1593 0.3853 0.9089
vn 0.3308 0.5545 0.7636
vn 0.2439 0.7340 0.6338
vn 0.3065 0.4198 0.8543
vn 0.4750 0.6671 -0.5739
vn 0.4206 0.8735 -0.2452
vn 0.5082 0.7478 -0.4273
vn 0.3460 0.6797 -0.6468
vn 0.5869 0.5415 -0.6019
vn 0.6277 0.3307 -0.7047
vn 0.4850 0.6655 -0.5674
vn -0.5683 0.3291 -0.7541
vn -0.2634 0.5744 -0.7750
vn -0.4254 0.4036 -0.8100
vn -0.6552 0.3875 -0.6485
vn -0.5750 0.1652 -0.8013
vn -0.6570 -0.0527 -0.7521
vn -0.5607 0.3240 -0.7620
vn -0.8872 -0.3284 0.3241
vn -0.9127 0.0542 0.4049
vn -0.9348 -0.1649 0.3147
vn -0.8117 -0.3852 0.4391
vn -0.8981 -0.4048 0.1720
vn -0.8162 -0.5771 0.0296
vn -0.8924 -0.3235 0.3145
vn 0.3711 0.5189 0.7701
vn 0.6969 0.4382 0.5677
vn 0.5082 0.5402 0.6708
vn 0.3464 0.3962 0.8503
vn 0.2497 0.6329 0.7329
vn 0.0168 0.6819 0.7312
vn 0.3727 0.5284 0.7628
vn -0.5489 0.7154 -0.4323
vn -0.6873 0.7233 -0.0658
vn -0.5791 0.7682 -0.2729
vn -0.6230 0.6039 -0.4971
vn -0.3996 0.7749 -0.4897
vn -0.2151 0.7410 -0.6362
vn -0.5423 0.7238 -0.4266
vn -0.2485 -0.9572 0.1482
vn 0.1069 -0.9942 -0.0130
vn -0.0814 -0.9878 0.1325
vn -0.3398 -0.9400 0.0321
vn -0.2875 -0.9074 0.3066
vn -0.4355 -0.7825 0.4450
vn -0.2408 -0.9577 0.1575
vn -0.7731 -0.6251 0.1079
vn -0.5271 -0.8433 -0.1053
vn -0.6615 -0.7471 0.0659
vn -0.8421 -0.5393 0.0079
vn -0.7625 -0.5862 0.2737
vn -0.7930 -0.4200 0.4413
vn -0.7667 -0.6314 0.1159
vn 0.6506 -0.5495 -0.5242
vn 0.3090 -0.6772 -0.6677
vn 0.5205 -0.5743 -0.6318
vn 0.6690 -0.6272 -0.3988
vn 0.7288 -0.4010 -0.5551
vn 0.8568 -0.2213 -0.4658
vn 0.6485 -0.5426 -0.5339
vn -0.8468 0.5316 -0.0174
vn -0.8376 0.4141 0.3564
vn -0.8301 0.5364 0.1524
vn -0.9048 0.4160 -0.0908
vn -0.7523 0.6524 -0.0921
vn -0.6327 0.7194 -0.2866
vn -0.8413 0.5405 -0.0114
vn 0.6604 0.6823 0.3137
vn 0.8823 0.3594 0.3038
vn 0.7784 0.5697 0.2636
vn 0.5898 0.6743 0.4444
vn 0.6044 0.7756 0.1823
vn 0.4245 0.9010 0.0898
vn 0.6654 0.6823 0.3028
vn 0.6076 0.2368 -0.7581
vn 0.4039 -0.0601 -0.9128
vn 0.4960 0.1516 -0.8550
vn 0.7144 0.1705 -0.6786
vn 0.5557 0.3970 -0.7305
vn 0.5609 0.5855 -0.5853
vn 0.5984 0.2420 -0.7638
vn 0.2140 -0.4466 0.8687
vn 0.2919 -0.7337 0.6136
vn 0.3016 -0.5576 0.7733
vn 0.0667 -0.4541 0.8885
vn 0.3061 -0.3068 0.9012
vn 0.3037 -0.0739 0.9499
vn 0.2257 -0.4456 0.8663
vn -0.0178 0.9522 -0.3050
vn 0.1559 0.7772 -0.6096
vn 0.0062 0.8874 -0.4610
vn 0.0923 0.9739 -0.2074
vn -0.1826 0.9479 -0.2611
vn -0.3410 0.9363 -0.0838
vn -0.0268 0.9495 -0.3126
vn -0.7274 0.0957 -0.6794
vn -0.5867 -0.2594 -0.7671
vn -0.7165 -0.0739 -0.6936
vn -0.6353 0.1898 -0.7486
vn -0.8253 0.1404 -0.5470
vn -0.8728 0.3046 -0.3814
vn -0.7342 0.0880 -0.6732
vn 0.5361 0.6659 -0.5188
vn 0.2179 0.8765 -0.4293
vn 0.4360 0.7824 -0.4446
vn 0.4959 0.5880 -0.6390
vn 0.6646 0.6206 -0.4161
vn 0.8194 0.4506 -0.3544
vn 0.5389 0.6716 -0.5085
vn 0.9168 0.1241 0.3797
vn 0.7012 0.0990 0.7061
vn 0.8496 0.0620 0.5237
vn 0.9030 0.2660 0.3374
vn 0.9619 -0.0016 0.2735
vn 0.9965 -0.0683 0.0477
vn 0.9170 0.1124 0.3828
vn 0.2898 -0.2631 -0.9202
vn -0.0999 -0.2569 -0.9613
vn 0.1339 -0.2129 -0.9679
vn 0.3184 -0.3966 -0.8610
vn 0.3966 -0.1305 -0.9087
vn 0.5912 -0.0402 -0.8056
vn 0.2872 -0.2520 -0.9241
vn 0.9764 -0.1686 -0.1347
vn 0.9673 -0.0683 0.2441
vn 0.9827 -0.1815 0.0353
vn 0.9776 -0.0386 -0.2070
vn 0.9264 -0.3153 -0.2059
vn 0.8190 -0.4203 -0.3906
vn 0.9754 -0.1790 -0.1287
vn -0.3888 0.3520 0.8515
vn -0.6441 0.0685 0.7618
vn -0.4731 0.2038 0.8571
vn -0.4331 0.4683 0.7701
vn -0.2307 0.3355 0.9134
vn -0.0064 0.4150 0.9098
vn -0.3848 0.3422 0.8572
vn -0.6125 -0.0820 -0.7862
vn -0.7496 -0.3649 -0.5522
vn -0.7148 -0.1666 -0.6791
vn -0.4968 -0.1447 -0.8557
vn -0.6321 0.0867 -0.7700
vn -0.5319 0.3015 -0.7913
vn -0.6213 -0.0768 -0.7798
vn 0.8133 -0.4634 -0.3518
vn 0.8624 -0.5050 0.0348
vn 0.8209 -0.5358 -0.1975
vn 0.8649 -0.3270 -0.3808
vn 0.7042 -0.5462 -0.4535
vn 0.5555 -0.5324 -0.6388
vn 0.8083 -0.4741 -0.3491
vn -0.0141 0.7607 -0.6490
vn 0.2388 0.8934 -0.3806
vn 0.1326 0.8071 -0.5753
vn -0.1479 0.7922 -0.5920
vn 0.0115 0.6408 -0.7676
vn -0.0797 0.4559 -0.8865
vn -0.0033 0.7574 -0.6529
vn -0.4390 0.8680 -0.2322
vn -0.7136 0.7005 -0.0082
vn -0.5399 0.8360 -0.0984
vn -0.4602 0.8085 -0.3668
vn -0.2918 0.9388 -0.1829
vn -0.0609 0.9711 -0.2306
vn -0.4368 0.8720 -0.2210
vn 0.0145 0.9142 0.4049
vn 0.3699 0.7813 0.5027
vn 0.1839 0.8947 0.4070
vn -0.0757 0.8576 0.5087
vn -0.0398 0.9669 0.2520
vn -0.2187 0.9712 0.0951
vn 0.0218 0.9180 0.3961
vn -0.6953 -0.0269 -0.7182
vn -0.9162 0.0304 -0.3996
vn -0.7955 0.0503 -0.6038
vn -0.6714 -0.1737 -0.7204
vn -0.5955 0.0857 -0.7988
vn -0.3899 0.1235 -0.9125
vn -0.6965 -0.0149 -0.7174
vn 0.3478 0.8946 -0.2807
vn 0.4381 0.8933 0.1006
vn 0.4399 0.8875 -0.1373
vn 0.2051 0.9365 -0.2845
vn 0.4239 0.8090 -0.4072
vn 0.3961 0.6868 -0.6095
vn 0.3590 0.8903 -0.2801
vn -0.0088 0.9971 0.0760
vn -0.3913 0.9149 0.0994
vn -0.1651 0.9761 0.1410
vn 0.0198 0.9973 -0.0700
vn 0.1112 0.9745 0.1951
vn 0.3357 0.9104 0.2417
vn -0.0111 0.9961 0.0877
vn -0.1945 0.8576 0.4761
vn -0.5485 0.7662 0.3347
vn -0.3573 0.8068 0.4706
vn -0.1255 0.9236 0.3621
vn -0.1121 0.7864 0.6074
vn 0.0967 0.7127 0.6948
vn -0.2000 0.8514 0.4849
vn -0.9550 -0.0510 -0.2921
vn -0.8099 -0.3807 -0.4463
vn -0.9235 -0.2169 -0.3164
vn -0.9190 0.0545 -0.3905
vn -0.9915 -0.0184 -0.1286
vn -0.9888 0.1414 0.0477
vn -0.9570 -0.0595 -0.2838
vn -0.2623 0.5555 -0.7890
vn -0.2916 0.1937 -0.9367
vn -0.3311 0.4114 -0.8492
vn -0.1176 0.5881 -0.8002
vn -0.3681 0.6337 -0.6804
vn -0.3890 0.7785 -0.4926
vn -0.2738 0.5523 -0.7874
vn 0.3075 0.4014 0.8628
vn -0.0792 0.3780 0.9224
vn 0.1570 0.3490 0.9239
vn 0.3251 0.5271 0.7852
vn 0.4220 0.2749 0.8639
vn 0.6178 0.1831 0.7647
vn 0.3057 0.3908 0.8682
vn 0.3376 0.3396 -0.8779
vn 0.0701 0.6115 -0.7881
vn 0.2694 0.4884 -0.8300
vn 0.2586 0.2290 -0.9384
vn 0.4927 0.3180 -0.8100
vn 0.6574 0.1632 -0.7356
vn 0.3437 0.3482 -0.8721
vn 0.5598 0.3490 0.7516
vn 0.6727 0.5817 0.4572
vn 0.5778 0.4879 0.6543
vn 0.6408 0.2255 0.7339
vn 0.4134 0.3535 0.8391
vn 0.2402 0.2281 0.9436
vn 0.5527 0.3586 0.7523
vn -0.8874 0.0241 -0.4603
vn -0.8402 -0.3610 -0.4047
vn -0.9081 -0.1330 -0.3971
vn -0.8100 0.0530 -0.5840
vn -0.9277 0.1429 -0.3448
vn -0.8919 0.3650 -0.2671
vn -0.8928 0.0217 -0.4498
vn 0.8213 0.0452 -0.5688
vn 0.8119 0.4071 -0.4185
vn 0.8618 0.1810 -0.4738
vn 0.7276 0.0510 -0.6842
vn 0.8655 -0.1000 -0.4909
vn 0.8216 -0.3323 -0.4633
vn 0.8281 0.0447 -0.5589
vn -0.5042 -0.8499 0.1533
vn -0.2877 -0.8291 0.4793
vn -0.4619 -0.8283 0.3172
vn -0.4127 -0.9094 0.0522
vn -0.6422 -0.7582 0.1126
vn -0.7621 -0.6447 -0.0588
vn -0.5112 -0.8442 0.1614
vn 0.3889 0.2345 0.8909
vn 0.0235 0.1338 0.9907
vn 0.2585 0.1451 0.9550
vn 0.3771 0.3760 0.8464
vn 0.5176 0.1321 0.8454
vn 0.7049 0.0999 0.7022
vn 0.3895 0.2228 0.8937
vn -0.6965 0.6145 0.3704
vn -0.6962 0.7178 -0.0077
vn -0.7468 0.6316 0.2083
vn -0.5827 0.6901 0.4292
vn -0.7622 0.4738 0.4410
vn -0.7367 0.3029 0.6046
vn -0.7051 0.6078 0.3653
vn 0.6380 0.7112 0.2952
vn 0.7621 0.4046 0.5055
vn 0.7351 0.5815 0.3485
vn 0.5238 0.7656 0.3735
vn 0.6599 0.7403 0.1286
vn 0.5641 0.8224 -0.0733
vn 0.6466 0.7061 0.2886
vn -0.0622 -0.5701 0.8192
vn 0.1422 -0.8028 0.5791
vn 0.0686 -0.6562 0.7515
vn -0.2040 -0.5920 0.7797
vn -0.0083 -0.4311 0.9022
vn -0.0601 -0.2108 0.9757
vn -0.0507 -0.5678 0.8216
vn -0.8674 -0.4461 -0.2205
vn -0.6276 -0.7547 -0.1912
vn -0.7936 -0.5872 -0.1593
vn -0.8455 -0.3956 -0.3587
vn -0.9318 -0.3505 -0.0947
vn -0.9910 -0.1320 -0.0214
vn -0.8683 -0.4498 -0.2091
vn 0.1940 0.6778 -0.7092
vn -0.1482 0.5326 -0.8333
vn 0.0276 0.6665 -0.7450
vn 0.2952 0.5807 -0.7587
vn 0.2220 0.7845 -0.5790
vn 0.3634 0.8430 -0.3967
vn 0.1856 0.6851 -0.7045
vn -0.2656 0.3829 -0.8848
vn -0.2129 0.7084 -0.6730
vn -0.1961 0.5274 -0.8267
vn -0.4033 0.3385 -0.8502
vn -0.1467 0.2787 -0.9491
vn -0.0829 0.0541 -0.9951
vn -0.2541 0.3861 -0.8868
vn -0.0850 -0.3706 0.9249
vn 0.3015 -0.3987 0.8661
vn 0.0822 -0.3392 0.9371
vn -0.1410 -0.4918 0.8592
vn -0.1767 -0.2304 0.9569
vn -0.3797 -0.1123 0.9183
vn -0.0804 -0.3604 0.9293
vn 0.7349 0.3707 -0.5678
vn 0.6817 0.0186 -0.7314
vn 0.6888 0.2509 -0.6801
vn 0.8234 0.3440 -0.4513
vn 0.6356 0.5088 -0.5806
vn 0.5416 0.6972 -0.4696
vn 0.7270 0.3725 -0.5767
vn 0.7830 0.6220 -0.0003
vn 0.5550 0.7854 -0.2739
vn 0.6773 0.7317 -0.0770
vn 0.8550 0.5136 -0.0725
vn 0.7625 0.6245 0.1690
vn 0.7793 0.5034 0.3732
vn 0.7765 0.6302 0.0055
vn -0.5598 -0.6199 0.5498
vn -0.3927 -0.8699 0.2984
vn -0.4583 -0.7425 0.4885
vn -0.6755 -0.5642 0.4748
vn -0.4885 -0.5420 0.6838
vn -0.4722 -0.3423 0.8123
vn -0.5498 -0.6239 0.5554
vn -0.8563 -0.5105 -0.0783
vn -0.6842 -0.5963 -0.4198
vn -0.7756 -0.5986 -0.2001
vn -0.9201 -0.3782 -0.1016
vn -0.8179 -0.5702 0.0768
vn -0.7955 -0.5215 0.3087
vn -0.8503 -0.5207 -0.0763
vn -0.7302 0.1358 0.6696
vn -0.7025 -0.2551 0.6644
vn -0.6946 -0.0235 0.7190
vn -0.8163 0.1681 0.5527
vn -0.6235 0.2480 0.7414
vn -0.5154 0.4592 0.7235
vn -0.7225 0.1331 0.6785
vn -0.3198 0.6716 -0.6684
vn -0.6572 0.5629 -0.5013
vn -0.4613 0.6772 -0.5732
vn -0.2936 0.5663 -0.7701
vn -0.1980 0.7721 -0.6038
vn 0.0355 0.8126 -0.5818
vn -0.3216 0.6795 -0.6595
vn 0.9299 -0.2856 -0.2320
vn 0.9710 -0.1894 0.1457
vn 0.9515 -0.3012 -0.0635
vn 0.9398 -0.1559 -0.3041
vn 0.8552 -0.4242 -0.2978
vn 0.7179 -0.5130 -0.4707
vn 0.9281 -0.2958 -0.2259
vn 0.7433 -0.3384 -0.5771
vn 0.5246 -0.6611 -0.5364
vn 0.6365 -0.4661 -0.6145
vn 0.8261 -0.3344 -0.4536
vn 0.7115 -0.2012 -0.6733
vn 0.7218 0.0359 -0.6912
vn 0.7358 -0.3384 -0.5865
vn -0.2696 -0.1405 -0.9527
vn 0.1098 -0.0505 -0.9927
vn -0.1024 -0.1578 -0.9822
vn -0.3375 -0.0087 -0.9413
vn -0.3377 -0.2865 -0.8966
vn -0.5093 -0.3892 -0.7675
vn -0.2638 -0.1511 -0.9527
vn 0.8258 0.0366 -0.5628
vn 0.9747 -0.0639 -0.2144
vn 0.8966 -0.0573 -0.4391
vn 0.8111 0.1844 -0.5551
vn 0.7382 -0.0610 -0.6719
vn 0.5578 -0.0736 -0.8267
vn 0.8262 0.0245 -0.5628
vn 0.9556 0.1558 0.2499
vn 0.8593 0.5026 0.0949
vn 0.9165 0.3214 0.2382
vn 0.9887 0.0710 0.1323
vn 0.9110 0.0924 0.4019
vn 0.8449 -0.0999 0.5255
vn 0.9520 0.1625 0.2592
vn -0.8197 -0.0865 -0.5662
vn -0.9715 0.0500 -0.2316
vn -0.8910 0.0200 -0.4536
vn -0.8065 -0.2329 -0.5434
vn -0.7299 -0.0013 -0.6835
vn -0.5478 -0.0059 -0.8366
vn -0.8200 -0.0745 -0.5675
vn 0.2304 0.7072 0.6684
vn 0.5725 0.6630 0.4824
vn 0.3635 0.7395 0.5666
vn 0.2287 0.5974 0.7687
vn 0.0895 0.7854 0.6124
vn -0.1483 0.7840 0.6028
vn 0.2303 0.7154 0.6596
vn 0.6318 -0.6545 0.4153
vn 0.4970 -0.4665 0.7317
vn 0.5462 -0.6233 0.5596
vn 0.7397 -0.5663 0.3635
vn 0.5513 -0.7706 0.3197
vn 0.5105 -0.8540 0.1005
vn 0.6224 -0.6610 0.4191
vn -0.7049 0.5675 0.4255
vn -0.7398 0.6710 0.0491
vn -0.7683 0.5814 0.2677
vn -0.5921 0.6503 0.4760
vn -0.7558 0.4227 0.5000
vn -0.7070 0.2536 0.6602
vn -0.7134 0.5602 0.4210
vn -0.0010 -0.9475 -0.3199
vn 0.1805 -0.7665 -0.6164
vn 0.1228 -0.8966 -0.4256
vn -0.1457 -0.9264 -0.3471
vn 0.0610 -0.9844 -0.1653
vn 0.0178 -0.9975 0.0684
vn 0.0107 -0.9483 -0.3173
vn 0.3240 -0.3606 0.8746
vn 0.5693 -0.0598 0.8199
vn 0.3983 -0.2081 0.8934
vn 0.3831 -0.4711 0.7945
vn 0.1599 -0.3554 0.9209
vn -0.0577 -0.4474 0.8925
vn 0.3189 -0.3512 0.8803
vn 0.4847 -0.3539 -0.7999
vn 0.2130 -0.1274 -0.9687
vn 0.4133 -0.2230 -0.8829
vn 0.4139 -0.4818 -0.7724
vn 0.6260 -0.3052 -0.7176
vn 0.7725 -0.3437 -0.5340
vn 0.4900 -0.3431 -0.8014
vn -0.6717 -0.4850 0.5600
vn -0.8815 -0.4078 0.2381
vn -0.7556 -0.5082 0.4132
vn -0.6793 -0.3596 0.6397
vn -0.5490 -0.6017 0.5801
vn -0.3379 -0.6537 0.6771
vn -0.6705 -0.4947 0.5530
vn 0.3846 -0.4770 0.7903
vn 0.0443 -0.3486 0.9362
vn 0.2246 -0.4774 0.8495
vn 0.4760 -0.3602 0.8023
vn 0.4106 -0.6058 0.6815
vn 0.5336 -0.6863 0.4943
vn 0.3768 -0.4860 0.7886
vn -0.9231 0.3209 -0.2121
vn -0.7212 0.6567 -0.2205
vn -0.8450 0.4602 -0.2723
vn -0.9518 0.2990 -0.0678
vn -0.9241 0.1958 -0.3281
vn -0.9292 -0.0389 -0.3675
vn -0.9198 0.3224 -0.2236
vn 0.0102 0.9777 0.2096
vn -0.3718 0.9166 0.1468
vn -0.1566 0.9582 0.2396
vn 0.0674 0.9950 0.0733
vn 0.1030 0.9328 0.3454
vn 0.3113 0.8498 0.4253
vn 0.0055 0.9754 0.2204
vn 0.2353 0.2042 -0.9502
vn 0.0146 -0.1169 -0.9930
vn 0.1027 0.1042 -0.9892
vn 0.3703 0.1516 -0.9165
vn 0.1844 0.3628 -0.9135
vn 0.2295 0.5634 -0.7937
vn 0.2241 0.2082 -0.9521
vn 0.5011 -0.1332 0.8551
vn 0.7625 -0.2605 0.5923
vn 0.6398 -0.1388 0.7559
vn 0.4111 -0.2497 0.8767
vn 0.4562 0.0277 0.8894
vn 0.2795 0.1777 0.9436
vn 0.5079 -0.1236 0.8525
vn -0.4913 0.2743 0.8267
vn -0.1612 0.1274 0.9787
vn -0.3386 0.2666 0.9024
vn -0.5766 0.1550 0.8022
vn -0.5130 0.4234 0.7467
vn -0.6202 0.5400 0.5690
vn -0.4839 0.2837 0.8279
vn 0.5809 0.6812 0.4455
vn 0.2289 0.8515 0.4718
vn 0.4354 0.7403 0.5121
vn 0.6277 0.7148 0.3083
vn 0.6412 0.5495 0.5357
vn 0.7701 0.3495 0.5336
vn 0.5766 0.6779 0.4562
vn 0.0319 0.1753 -0.9840
vn 0.1517 -0.1975 -0.9685
vn 0.0313 0.0054 -0.9995
vn 0.1545 0.2544 -0.9547
vn -0.1262 0.2360 -0.9635
vn -0.2627 0.4091 -0.8738
vn 0.0220 0.1687 -0.9854
vn 0.3307 0.6402 -0.6934
vn 0.0865 0.4179 -0.9044
vn 0.1934 0.5920 -0.7824
vn 0.4572 0.5621 -0.6893
vn 0.2912 0.7611 -0.5796
vn 0.3440 0.8626 -0.3709
vn 0.3201 0.6460 -0.6930
vn -0.2878 -0.9382 -0.1923
vn -0.6056 -0.7957 -0.0126
vn -0.4460 -0.8791 -0.1682
vn -0.1970 -0.9770 -0.0810
vn -0.2336 -0.9068 -0.3510
vn -0.0469 -0.8685 -0.4935
vn -0.2949 -0.9341 -0.2011
vn -0.1948 -0.9793 -0.0553
vn -0.0305 -0.9536 0.2996
vn -0.1782 -0.9773 0.1145
vn -0.0793 -0.9857 -0.1488
vn -0.3513 -0.9306 -0.1026
vn -0.4860 -0.8307 -0.2715
vn -0.2040 -0.9778 -0.0476
vn 0.1189 0.1726 0.9778
vn 0.4698 0.2774 0.8381
vn 0.2502 0.2703 0.9297
vn 0.1276 0.0247 0.9915
vn -0.0287 0.2573 0.9659
vn -0.2640 0.2432 0.9334
vn 0.1181 0.1844 0.9757
vn 0.1377 0.2849 0.9486
vn -0.0966 -0.0258 0.9950
vn 0.0854 0.1274 0.9882
vn 0.0447 0.3966 0.9169
vn 0.3036 0.2866 0.9087
vn 0.4775 0.3929 0.7859
vn 0.1452 0.2755 0.9503
vn -0.6760 0.3350 0.6563
vn -0.7265 0.5858 0.3593
vn -0.7463 0.4131 0.5219
vn -0.5598 0.3898 0.7312
vn -0.7257 0.1721 0.6661
vn -0.6723 -0.0481 0.7388
vn -0.6848 0.3303 0.6496
vn -0.6663 0.7013 -0.2534
vn -0.7507 0.4185 -0.5112
vn -0.7490 0.5739 -0.3310
vn -0.5510 0.7731 -0.3141
vn -0.7027 0.7062 -0.0868
vn -0.6288 0.7664 0.1313
vn -0.6750 0.6948 -0.2482
vn -0.0438 0.7293 0.6828
vn 0.1817 0.8946 0.4082
vn 0.0057 0.8315 0.5555
vn 0.0503 0.6456 0.7620
vn -0.2123 0.7029 0.6788
vn -0.3921 0.5565 0.7325
vn -0.0514 0.7353 0.6757
vn 0.3550 0.9183 -0.1750
vn 0.0591 0.9002 -0.4314
vn 0.2036 0.9471 -0.2481
vn 0.4675 0.8496 -0.2440
vn 0.3466 0.9380 -0.0058
vn 0.4354 0.8763 0.2063
vn 0.3456 0.9230 -0.1693
vn -0.1775 0.9552 -0.2370
vn 0.0833 0.8550 -0.5118
vn -0.1117 0.9144 -0.3890
vn -0.0945 0.9885 -0.1181
vn -0.3422 0.9117 -0.2274
vn -0.5231 0.8478 -0.0866
vn -0.1840 0.9515 -0.2464
vn -0.3737 0.8388 0.3960
vn -0.6799 0.7086 0.1887
vn -0.5259 0.7710 0.3592
vn -0.2896 0.9102 0.2962
vn -0.3134 0.7785 0.5437
vn -0.1209 0.7285 0.6743
vn -0.3802 0.8322 0.4037
vn 0.7712 0.4321 0.4675
vn 0.8313 0.0544 0.5531
vn 0.8402 0.2760 0.4669
vn 0.6710 0.4769 0.5678
vn 0.7977 0.5118 0.3190
vn 0.7196 0.6748 0.1641
vn 0.7786 0.4280 0.4589
vn -0.3420 0.8619 -0.3743
vn -0.6177 0.6109 -0.4952
vn -0.4915 0.7806 -0.3860
vn -0.2334 0.8484 -0.4751
vn -0.3171 0.9232 -0.2171
vn -0.1588 0.9860 -0.0508
vn -0.3505 0.8622 -0.3658
vn 0.4297 0.8525 0.2976
vn 0.1400 0.9876 0.0708
vn 0.2829 0.9258 0.2508
vn 0.5382 0.8182 0.2019
vn 0.4184 0.7864 0.4545
vn 0.4965 0.6209 0.6066
vn 0.4204 0.8545 0.3051
vn -0.0630 -0.0985 0.9931
vn -0.2705 0.2289 0.9351
vn -0.1961 0.0074 0.9806
vn 0.0784 -0.0524 0.9955
vn -0.1087 -0.2594 0.9596
vn -0.0404 -0.4731 0.8801
vn -0.0744 -0.1022 0.9920
vn -0.5112 0.7654 -0.3909
vn -0.1422 0.8914 -0.4304
vn -0.3629 0.8085 -0.4633
vn -0.5466 0.7990 -0.2504
vn -0.5920 0.6459 -0.4821
vn -0.7449 0.4636 -0.4798
vn -0.5079 0.7619 -0.4019
vn -0.9711 0.0369 -0.2358
vn -0.8210 0.2973 -0.4874
vn -0.9180 0.1073 -0.3819
vn -0.9875 0.1134 -0.1093
vn -0.9611 -0.1333 -0.2420
vn -0.9344 -0.3355 -0.1195
vn -0.9688 0.0307 -0.2459
vn -0.4435 -0.3000 -0.8446
vn -0.3824 -0.6425 -0.6641
vn -0.4741 -0.4448 -0.7598
vn -0.3136 -0.2696 -0.9105
vn -0.5604 -0.1812 -0.8082
vn -0.6093 0.0511 -0.7913
vn -0.4536 -0.3022 -0.8384
vn -0.8730 -0.1188 -0.4730
vn -0.6686 -0.4233 -0.6113
vn -0.8207 -0.2792 -0.4984
vn -0.8300 -0.0043 -0.5577
vn -0.9426 -0.1004 -0.3184
vn -0.9894 0.0473 -0.1376
vn -0.8756 -0.1280 -0.4657
vn 0.6388 0.2945 0.7108
vn 0.7513 -0.0769 0.6554
vn 0.7322 0.1603 0.6620
vn 0.5230 0.2842 0.8036
vn 0.6665 0.4290 0.6097
vn 0.5786 0.6302 0.5178
vn 0.6476 0.2950 0.7026
vn -0.2288 -0.7379 -0.6350
vn -0.4474 -0.8335 -0.3241
vn -0.3654 -0.7614 -0.5356
vn -0.0940 -0.7921 -0.6031
vn -0.2554 -0.6127 -0.7479
vn -0.1580 -0.4425 -0.8827
vn -0.2395 -0.7327 -0.6370
vn 0.8382 0.5299 -0.1289
vn 0.9355 0.1899 -0.2978
vn 0.8750 0.4149 -0.2494
vn 0.8619 0.5069 0.0162
vn 0.7348 0.6515 -0.1890
vn 0.5666 0.8122 -0.1388
vn 0.8355 0.5312 -0.1405
vn -0.4104 0.9064 0.0998
vn -0.0940 0.9888 -0.1163
vn -0.3138 0.9489 -0.0342
vn -0.3593 0.9020 0.2394
vn -0.5548 0.8304 0.0502
vn -0.7282 0.6772 0.1059
vn -0.4141 0.9059 0.0884
vn -0.9399 -0.1643 0.2995
vn -0.7882 -0.5250 0.3211
vn -0.8781 -0.3091 0.3652
vn -0.9765 -0.1484 0.1562
vn -0.9138 -0.0326 0.4049
vn -0.8821 0.2023 0.4255
vn -0.9360 -0.1654 0.3108
vn 0.0571 -0.5006 0.8638
vn -0.2043 -0.7164 0.6671
vn -0.0113 -0.6301 0.7764
vn -0.0230 -0.3890 0.9209
vn 0.2259 -0.4926 0.8404
vn 0.4197 -0.3545 0.8356
vn 0.0636 -0.5091 0.8583
vn 0.7268 -0.6338 0.2647
vn 0.8118 -0.3224 0.4868
vn 0.7438 -0.5341 0.4020
vn 0.7873 -0.6022 0.1325
vn 0.6006 -0.7468 0.2856
vn 0.4353 -0.8820 0.1806
vn 0.7212 -0.6358 0.2751
vn 0.8108 -0.0053 -0.5853
vn 0.8227 -0.3668 -0.4343
vn 0.8001 -0.1752 -0.5737
vn 0.8732 0.0801 -0.4808
vn 0.7062 0.0550 -0.7059
vn 0.5756 0.2387 -0.7821
vn 0.8049 -0.0123 -0.5932
vn 0.0542 0.8369 0.5447
vn 0.3592 0.6343 0.6845
vn 0.2151 0.7891 0.5754
vn -0.0628 0.7829 0.6190
vn 0.0413 0.9177 0.3950
vn -0.0981 0.9727 0.2101
vn 0.0636 0.8404 0.5381
vn -0.0272 -0.7108 -0.7029
vn -0.3907 -0.5661 -0.7259
vn -0.1634 -0.6267 -0.7619
vn -0.0331 -0.8070 -0.5896
vn 0.1178 -0.6405 -0.7589
vn 0.3491 -0.6023 -0.7179
vn -0.0267 -0.7023 -0.7114
vn 0.3025 0.6671 -0.6809
vn -0.0850 0.6673 -0.7399
vn 0.1399 0.7187 -0.6811
vn 0.3512 0.5496 -0.7580
vn 0.3893 0.7374 -0.5520
vn 0.5714 0.7166 -0.4001
vn 0.2982 0.6759 -0.6739
vn 0.7135 0.6184 -0.3294
vn 0.3984 0.7586 -0.5156
vn 0.5843 0.7214 -0.3717
vn 0.7581 0.5042 -0.4137
vn 0.7546 0.6352 -0.1647
vn 0.8464 0.5318 0.0289
vn 0.7092 0.6270 -0.3223
vn 0.5435 0.0809 0.8355
vn 0.8095 -0.0595 0.5842
vn 0.6783 0.0741 0.7311
vn 0.4697 -0.0396 0.8819
vn 0.4800 0.2390 0.8441
vn 0.2879 0.3744 0.8814
vn 0.5490 0.0906 0.8309
vn -0.6468 0.3124 -0.6957
vn -0.4071 0.6214 -0.6694
vn -0.5263 0.4263 -0.7357
vn -0.7423 0.3303 -0.5830
vn -0.6168 0.1619 -0.7703
vn -0.6452 -0.0741 -0.7604
vn -0.6384 0.3107 -0.7042
vn 0.0075 0.7165 -0.6975
vn 0.3858 0.7044 -0.5958
vn 0.1753 0.6867 -0.7054
vn -0.0555 0.8026 -0.5939
vn -0.0796 0.6047 -0.7925
vn -0.2847 0.4885 -0.8248
vn 0.0127 0.7088 -0.7053
vn 0.5003 -0.8455 -0.1866
vn 0.7813 -0.6235 -0.0275
vn 0.6138 -0.7860 -0.0740
vn 0.4965 -0.8032 -0.3292
vn 0.3700 -0.9227 -0.1081
vn 0.1400 -0.9832 -0.1170
vn 0.5001 -0.8481 -0.1749
vn -0.2678 -0.8957 0.3549
vn -0.1481 -0.9889 -0.0064
vn -0.1720 -0.9583 0.2283
vn -0.4078 -0.8489 0.3363
vn -0.1722 -0.8545 0.4901
vn -0.1486 -0.7160 0.6822
vn -0.2562 -0.8986 0.3561
vn -0.7935 -0.6057 -0.0582
vn -0.7693 -0.4753 -0.4270
vn -0.7648 -0.6032 -0.2264
vn -0.8669 -0.4983 0.0139
vn -0.6937 -0.7200 0.0198
vn -0.5822 -0.7825 0.2205
vn -0.7868 -0.6139 -0.0640
vn -0.4896 -0.7645 -0.4194
vn -0.5794 -0.8140 -0.0411
vn -0.5796 -0.7673 -0.2745
vn -0.3557 -0.8278 -0.4338
vn -0.5502 -0.6473 -0.5275
vn -0.5021 -0.4983 -0.7068
vn -0.4999 -0.7586 -0.4178
vn 0.8594 0.1677 -0.4830
vn 0.7790 -0.1992 -0.5946
vn 0.8132 0.0359 -0.5809
vn 0.9243 0.1523 -0.3500
vn 0.7851 0.3122 -0.5350
vn 0.7049 0.5278 -0.4738
vn 0.8533 0.1688 -0.4933
vn -0.8120 -0.5754 0.0976
vn -0.5367 -0.8031 0.2587
vn -0.7209 -0.6588 0.2152
vn -0.7988 -0.5997 -0.0486
vn -0.8850 -0.4360 0.1634
vn -0.9685 -0.2169 0.1222
vn -0.8123 -0.5729 0.1093
vn 0.9493 0.0641 -0.3077
vn 0.8410 0.4407 -0.3139
vn 0.9370 0.2286 -0.2643
vn 0.8995 0.0095 -0.4367
vn 0.9846 -0.0330 -0.1719
vn 0.9662 -0.2477 -0.0709
vn 0.9525 0.0685 -0.2969
vn -0.6260 -0.1289 -0.7691
vn -0.4930 -0.4938 -0.7163
vn -0.6218 -0.2939 -0.7259
vn -0.5209 -0.0631 -0.8513
vn -0.7380 -0.0429 -0.6734
vn -0.7986 0.1667 -0.5783
vn -0.6339 -0.1341 -0.7617
vn 0.7817 -0.3672 -0.5041
vn 0.9551 -0.2369 -0.1777
vn 0.8606 -0.3674 -0.3528
vn 0.7691 -0.2462 -0.5897
vn 0.6851 -0.5065 -0.5235
vn 0.4936 -0.6028 -0.6269
vn 0.7820 -0.3766 -0.4967
vn -0.2014 -0.2594 -0.9445
vn 0.1024 -0.4935 -0.8637
vn -0.1117 -0.4003 -0.9095
vn -0.1388 -0.1297 -0.9818
vn -0.3626 -0.2739 -0.8908
vn -0.5577 -0.1609 -0.8143
vn -0.2062 -0.2697 -0.9406
vn -0.8491 -0.2093 0.4849
vn -0.7320 0.1148 0.6715
vn -0.8427 -0.0468 0.5363
vn -0.7721 -0.3188 0.5498
vn -0.9177 -0.2222 0.3293
vn -0.9294 -0.3466 0.1267
vn -0.8546 -0.2002 0.4792
vn 0.4277 0.8220 0.3761
vn 0.6194 0.5402 0.5696
vn 0.5530 0.7168 0.4246
vn 0.3013 0.8394 0.4524
vn 0.4464 0.8691 0.2132
vn 0.3388 0.9408 0.0133
vn 0.4376 0.8197 0.3695
vn 0.6823 0.1824 -0.7079
vn 0.5258 0.5383 -0.6586
vn 0.6656 0.3457 -0.6614
vn 0.5885 0.1136 -0.8005
vn 0.7901 0.0996 -0.6048
vn 0.8535 -0.1091 -0.5096
vn 0.6893 0.1878 -0.6997
vn 0.6947 -0.4370 0.5713
vn 0.6655 -0.6934 0.2763
vn 0.7336 -0.5257 0.4308
vn 0.5821 -0.4723 0.6618
vn 0.7704 -0.2841 0.5707
vn 0.7625 -0.0580 0.6444
vn 0.7032 -0.4337 0.5634
vn -0.8708 0.0509 -0.4890
vn -0.6812 0.3602 -0.6374
vn -0.7864 0.1501 -0.5992
vn -0.9273 0.1006 -0.3606
vn -0.8450 -0.1144 -0.5225
vn -0.8352 -0.3357 -0.4356
vn -0.8654 0.0468 -0.4989
vn 0.9831 -0.0609 0.1724
vn 0.8773 0.2164 0.4283
vn 0.9472 0.0162 0.3203
vn 0.9990 0.0121 0.0437
vn 0.9562 -0.2291 0.1823
vn 0.9010 -0.4288 0.0653
vn 0.9809 -0.0667 0.1826
vn -0.8653 -0.0246 -0.5006
vn -0.9404 0.2495 -0.2309
vn -0.8936 0.1281 -0.4301
vn -0.8897 -0.1533 -0.4300
vn -0.7681 -0.0111 -0.6402
vn -0.6102 -0.1167 -0.7836
vn -0.8625 -0.0142 -0.5059
vn 0.2495 -0.9202 0.3017
vn -0.1384 -0.9237 0.3573
vn 0.0843 -0.9563 0.2799
vn 0.3034 -0.8536 0.4234
vn 0.3348 -0.9296 0.1543
vn 0.5208 -0.8532 0.0269
vn 0.2449 -0.9247 0.2916
vn -0.0187 -0.1526 -0.9881
vn 0.0721 0.2283 -0.9709
vn 0.0718 -0.0082 -0.9974
vn -0.1667 -0.1557 -0.9736
vn 0.0818 -0.2864 -0.9546
vn 0.0985 -0.5034 -0.8584
vn -0.0067 -0.1522 -0.9883
vn -0.1995 0.9249 -0.3237
vn -0.2844 0.7122 -0.6418
vn -0.2898 0.8470 -0.4457
vn -0.0519 0.9426 -0.3298
vn -0.2901 0.9399 -0.1799
vn -0.2851 0.9568 0.0574
vn -0.2113 0.9226 -0.3229
vn 0.3093 0.9093 0.2786
vn -0.0776 0.9651 0.2500
vn 0.1467 0.9348 0.3236
vn 0.3587 0.9230 0.1390
vn 0.3949 0.8267 0.4008
vn 0.5754 0.6807 0.4533
vn 0.3049 0.9073 0.2896
vn -0.7278 0.0449 -0.6843
vn -0.7807 -0.3154 -0.5395
vn -0.7967 -0.0854 -0.5984
vn -0.6192 0.0285 -0.7847
vn -0.7668 0.1943 -0.6118
vn -0.7021 0.4203 -0.5748
vn -0.7359 0.0462 -0.6755
vn 0.7690 0.1425 0.6231
vn 0.5057 -0.0219 0.8624
vn 0.6915 0.0270 0.7219
vn 0.7308 0.2862 0.6197
vn 0.8624 0.0673 0.5018
vn 0.9553 0.0840 0.2833
vn 0.7714 0.1307 0.6228
vn -0.1064 -0.9698 -0.2195
vn -0.4230 -0.8167 -0.3925
vn -0.2126 -0.9155 -0.3415
vn -0.1467 -0.9862 -0.0773
vn 0.0561 -0.9610 -0.2707
vn 0.2839 -0.9364 -0.2063
vn -0.1030 -0.9675 -0.2309
vn -0.0696 -0.4735 0.8781
vn -0.4308 -0.3259 0.8415
vn -0.2381 -0.4651 0.8527
vn 0.0107 -0.3607 0.9326
vn -0.0012 -0.6061 0.7954
vn 0.1923 -0.6970 0.6908
vn -0.0760 -0.4821 0.8728
vn -0.1985 0.7265 0.6579
vn 0.1770 0.6496 0.7393
vn -0.0291 0.7442 0.6673
vn -0.2743 0.6227 0.7329
vn -0.2621 0.8105 0.5238
vn -0.4358 0.8242 0.3617
vn -0.1922 0.7342 0.6512
vn 0.8491 -0.4403 -0.2918
vn 0.8048 -0.5897 0.0678
vn 0.8170 -0.5520 -0.1669
vn 0.9127 -0.3078 -0.2689
vn 0.7627 -0.4798 -0.4336
vn 0.6620 -0.3999 -0.6338
vn 0.8431 -0.4507 -0.2934
vn -0.3059 0.9081 0.2860
vn -0.5598 0.6781 0.4762
vn -0.3841 0.8257 0.4132
vn -0.3626 0.9199 0.1490
vn -0.1415 0.9360 0.3223
vn 0.0783 0.9684 0.2370
vn -0.3010 0.9063 0.2968
vn 0.7628 -0.0912 0.6402
vn 0.9229 -0.2286 0.3099
vn 0.8600 -0.1004 0.5003
vn 0.6879 -0.2071 0.6957
vn 0.7287 0.0709 0.6812
vn 0.5774 0.2220 0.7857
vn 0.7681 -0.0817 0.6351
vn 0.1013 0.1702 -0.9802
vn 0.3312 0.4496 -0.8296
vn 0.2417 0.2564 -0.9359
vn -0.0357 0.2276 -0.9731
vn 0.1325 0.0028 -0.9912
vn 0.0439 -0.2175 -0.9751
vn 0.1123 0.1653 -0.9798
vn -0.4347 0.3934 -0.8101
vn -0.4558 0.0103 -0.8900
vn -0.4995 0.2372 -0.8332
vn -0.2972 0.4320 -0.8515
vn -0.5279 0.4829 -0.6987
vn -0.5305 0.6566 -0.5360
vn -0.4455 0.3899 -0.8059
vn -0.1050 0.9770 -0.1857
vn -0.4786 0.8585 -0.1841
vn -0.2664 0.9544 -0.1351
vn -0.0570 0.9448 -0.3228
vn -0.0009 0.9986 -0.0524
vn 0.2198 0.9750 0.0336
vn -0.1088 0.9786 -0.1744
vn -0.3496 -0.9353 -0.0545
vn -0.4199 -0.8488 0.3212
vn -0.4342 -0.8965 0.0885
vn -0.2068 -0.9767 -0.0565
vn -0.4334 -0.8804 -0.1926
vn -0.4180 -0.8064 -0.4183
vn -0.3609 -0.9310 -0.0543
vn 0.9043 0.3658 -0.2202
vn 0.7151 0.4192 -0.5593
vn 0.8251 0.4438 -0.3497
vn 0.9484 0.2238 -0.2248
vn 0.8876 0.4544 -0.0754
vn 0.8796 0.4471 0.1624
vn 0.8998 0.3770 -0.2197
vn 0.1048 0.0811 -0.9912
vn 0.2914 0.4029 -0.8676
vn 0.2312 0.1895 -0.9543
vn -0.0388 0.1201 -0.9920
vn 0.1581 -0.0807 -0.9841
vn 0.0991 -0.3081 -0.9462
vn 0.1163 0.0779 -0.9902
vn 0.0151 0.6341 -0.7731
vn 0.2530 0.8157 -0.5201
vn 0.1576 0.6949 -0.7016
vn -0.1216 0.6732 -0.7294
vn 0.0477 0.4956 -0.8673
vn -0.0361 0.2912 -0.9560
vn 0.0262 0.6303 -0.7759
vn 0.9286 0.0035 0.3711
vn 0.7151 0.0379 0.6980
vn 0.8539 -0.0360 0.5192
vn 0.9373 0.1423 0.3182
vn 0.9520 -0.1353 0.2747
vn 0.9732 -0.2234 0.0547
vn 0.9270 -0.0078 0.3750
vn 0.8188 0.0487 0.5721
vn 0.9360 0.2445 0.2534
vn 0.8643 0.1779 0.4704
vn 0.8386 -0.0944 0.5366
vn 0.7123 0.1012 0.6946
vn 0.5358 0.0427 0.8432
vn 0.8163 0.0603 0.5744
vn -0.7261 -0.2229 -0.6504
vn -0.6448 0.1473 -0.7501
vn -0.6677 -0.0893 -0.7390
vn -0.8185 -0.2102 -0.5346
vn -0.6343 -0.3631 -0.6825
vn -0.5569 -0.5730 -0.6012
vn -0.7179 -0.2237 -0.6592
vn -0.2012 -0.7043 -0.6808
vn -0.0373 -0.4266 -0.9037
vn -0.0872 -0.6224 -0.7778
vn -0.3429 -0.6613 -0.6671
vn -0.1244 -0.8108 -0.5719
vn -0.1350 -0.9224 -0.3620
vn -0.1895 -0.7071 -0.6813
vn 0.6969 -0.6203 0.3599
vn 0.8862 -0.4599 0.0565
vn 0.8070 -0.5245 0.2714
vn 0.6157 -0.7290 0.2991
vn 0.6611 -0.5495 0.5109
vn 0.5024 -0.5255 0.6866
vn 0.7029 -0.6109 0.3645
vn -0.8933 0.2703 -0.3592
vn -0.6771 0.2662 -0.6861
vn -0.8311 0.2212 -0.5103
vn -0.8652 0.4030 -0.2983
vn -0.9528 0.1371 -0.2707
vn -0.9974 0.0450 -0.0559
vn -0.8947 0.2592 -0.3638
vn 0.3309 -0.1234 -0.9356
vn -0.0227 -0.2910 -0.9564
vn 0.1667 -0.1482 -0.9748
vn 0.4185 -0.2294 -0.8788
vn 0.3683 0.0429 -0.9287
vn 0.5075 0.2118 -0.8352
vn 0.3235 -0.1147 -0.9393
vn -0.5955 0.5299 -0.6038
vn -0.4515 0.2634 -0.8525
vn -0.5870 0.3944 -0.7071
vn -0.4902 0.6347 -0.5973
vn -0.7136 0.5078 -0.4826
vn -0.7847 0.5618 -0.2620
vn -0.6035 0.5208 -0.6037
vn -0.4426 0.8205 -0.3619
vn -0.7225 0.6797 -0.1265
vn -0.5477 0.8049 -0.2284
vn -0.4582 0.7430 -0.4879
vn -0.2982 0.9000 -0.3178
vn -0.0663 0.9299 -0.3618
vn -0.4409 0.8260 -0.3513
vn 0.4242 0.2934 -0.8567
vn 0.1825 0.0120 -0.9831
vn 0.2911 0.2174 -0.9316
vn 0.5446 0.2199 -0.8094
vn 0.3844 0.4512 -0.8054
vn 0.4278 0.6270 -0.6510
vn 0.4140 0.2991 -0.8597
vn 0.2318 -0.8486 0.4756
vn -0.1244 -0.9337 0.3358
vn 0.1090 -0.9186 0.3799
vn 0.2049 -0.7728 0.6007
vn 0.3790 -0.8393 0.3899
vn 0.5859 -0.7251 0.3619
vn 0.2337 -0.8539 0.4650
vn -0.9875 -0.1276 0.0922
vn -0.9251 0.1701 0.3394
vn -0.9871 0.0302 0.1571
vn -0.9533 -0.2487 0.1714
vn -0.9892 -0.1242 -0.0783
vn -0.9305 -0.2360 -0.2800
vn -0.9894 -0.1176 0.0857
vn -0.4216 0.8052 -0.4170
vn -0.1753 0.6922 -0.7001
vn -0.3646 0.7407 -0.5643
vn -0.3367 0.8842 -0.3239
vn -0.5695 0.7334 -0.3712
vn -0.7142 0.6730 -0.1923
vn -0.4281 0.7980 -0.4241
vn -0.2887 0.1682 0.9425
vn -0.2930 0.5312 0.7950
vn -0.3474 0.3167 0.8826
vn -0.1462 0.1449 0.9786
vn -0.4004 0.0421 0.9154
vn -0.4326 -0.1912 0.8811
vn -0.2999 0.1699 0.9387
vn -0.4984 -0.6134 -0.6126
vn -0.2699 -0.4208 -0.8661
vn -0.3728 -0.5811 -0.7234
vn -0.6143 -0.5226 -0.5913
vn -0.4537 -0.7359 -0.5026
vn -0.4825 -0.8282 -0.2851
vn -0.4885 -0.6202 -0.6137
vn -0.6656 -0.0129 -0.7462
vn -0.8245 0.2531 -0.5062
vn -0.7164 0.1376 -0.6840
vn -0.7092 -0.1436 -0.6902
vn -0.5299 0.0050 -0.8481
vn -0.3338 -0.0959 -0.9377
vn -0.6614 -0.0023 -0.7501
vn -0.0399 -0.7926 0.6085
vn 0.3419 -0.7050 0.6214
vn 0.1104 -0.7370 0.6668
vn -0.0549 -0.8731 0.4844
vn -0.1694 -0.7103 0.6832
vn -0.3943 -0.6348 0.6645
vn -0.0387 -0.7853 0.6180
vn 0.5782 0.5399 0.6118
vn 0.3485 0.8177 0.4581
vn 0.4564 0.6586 0.5983
vn 0.6850 0.5202 0.5101
vn 0.5377 0.4230 0.7293
vn 0.5625 0.1980 0.8028
vn 0.5689 0.5409 0.6194
vn -0.7184 -0.2128 0.6623
vn -0.7233 -0.5340 0.4378
vn -0.6964 -0.3744 0.6123
vn -0.8012 -0.1145 0.5874
vn -0.6030 -0.1683 0.7798
vn -0.4777 0.0083 0.8785
vn -0.7110 -0.2206 0.6677
vn -0.1000 0.2748 0.9563
vn 0.2520 0.4239 0.8699
vn 0.0224 0.3884 0.9212
vn -0.0725 0.1322 0.9886
vn -0.2533 0.3324 0.9085
vn -0.4731 0.2766 0.8365
vn -0.1021 0.2861 0.9527
vn 0.8814 -0.1483 0.4485
vn 0.6755 0.0189 0.7371
vn 0.7940 -0.1297 0.5939
vn 0.9297 -0.0337 0.3668
vn 0.8685 -0.3075 0.3887
vn 0.8716 -0.4488 0.1972
vn 0.8766 -0.1574 0.4547
vn -0.8069 -0.5905 0.0128
vn -0.9719 -0.2352 0.0036
vn -0.8902 -0.4533 -0.0450
vn -0.7749 -0.6124 0.1564
vn -0.7298 -0.6741 -0.1143
vn -0.5498 -0.8159 -0.1788
vn -0.8087 -0.5882 0.0012
vn 0.1151 0.1225 -0.9858
vn 0.1728 -0.2635 -0.9491
vn 0.0883 -0.0458 -0.9950
vn 0.2468 0.1826 -0.9517
vn -0.0322 0.2081 -0.9776
vn -0.1443 0.4044 -0.9031
vn 0.1043 0.1175 -0.9876
vn -0.7672 0.4378 0.4687
vn -0.6622 0.1659 0.7307
vn -0.7026 0.3669 0.6098
vn -0.8536 0.3644 0.3723
vn -0.6878 0.5840 0.4312
vn -0.6232 0.7372 0.2609
vn -0.7595 0.4433 0.4761
vn -0.4273 -0.1505 -0.8915
vn -0.0658 -0.0418 -0.9970
vn -0.2674 -0.1594 -0.9503
vn -0.4984 -0.0222 -0.8667
vn -0.4774 -0.2999 -0.8259
vn -0.6183 -0.4113 -0.6698
vn -0.4211 -0.1608 -0.8926
vn -0.3626 -0.8850 -0.2920
vn -0.5713 -0.6392 -0.5147
vn -0.4186 -0.8004 -0.4291
vn -0.4343 -0.8862 -0.1616
vn -0.1990 -0.9298 -0.3096
vn 0.0065 -0.9797 -0.2002
vn -0.3565 -0.8841 -0.3023
vn 0.3430 -0.1233 0.9312
vn 0.1473 0.2145 0.9655
vn 0.2220 -0.0112 0.9750
vn 0.4752 -0.0836 0.8759
vn 0.2793 -0.2810 0.9182
vn 0.2978 -0.4952 0.8161
vn 0.3319 -0.1264 0.9348
vn 0.6786 -0.7122 0.1796
vn 0.3985 -0.8063 0.4371
vn 0.5497 -0.7960 0.2536
vn 0.7565 -0.6053 0.2476
vn 0.6781 -0.7349 0.0105
vn 0.7363 -0.6457 -0.2023
vn 0.6716 -0.7202 0.1739
vn -0.0375 0.9696 0.2418
vn 0.1751 0.9807 -0.0873
vn 0.0056 0.9969 0.0790
vn 0.0610 0.9355 0.3479
vn -0.2054 0.9441 0.2578
vn -0.3800 0.8419 0.3832
vn -0.0454 0.9714 0.2329
vn -0.5872 -0.8081 0.0463
vn -0.8173 -0.5570 -0.1478
vn -0.6735 -0.7347 -0.0813
vn -0.6064 -0.7723 0.1894
vn -0.4509 -0.8925 -0.0120
vn -0.2315 -0.9722 0.0345
vn -0.5851 -0.8102 0.0346
vn -0.1235 -0.4677 0.8752
vn -0.4297 -0.2231 0.8750
vn -0.2842 -0.4113 0.8661
vn -0.0100 -0.3844 0.9231
vn -0.1032 -0.6110 0.7849
vn 0.0465 -0.7487 0.6613
vn -0.1326 -0.4741 0.8705
vn -0.9896 -0.0673 -0.1270
vn -0.9045 -0.4264 0.0049
vn -0.9791 -0.2021 -0.0230
vn -0.9593 -0.0735 -0.2725
vn -0.9962 0.0785 -0.0386
vn -0.9494 0.3118 -0.0361
vn -0.9911 -0.0667 -0.1151
vn 0.1081 -0.2826 -0.9531
vn -0.1681 -0.5320 -0.8299
vn -0.0442 -0.3569 -0.9331
vn 0.2358 -0.3445 -0.9087
vn 0.0916 -0.1167 -0.9889
vn 0.1892 0.1001 -0.9768
vn 0.0976 -0.2773 -0.9558
vn 0.5566 0.7406 -0.3765
vn 0.6759 0.7370 -0.0032
vn 0.6552 0.7165 -0.2394
vn 0.4314 0.8209 -0.3742
vn 0.5946 0.6295 -0.5002
vn 0.5165 0.5080 -0.6893
vn 0.5662 0.7334 -0.3763
vn -0.0181 -0.9985 0.0518
vn 0.0155 -0.9422 -0.3346
vn 0.0497 -0.9933 -0.1046
vn -0.1636 -0.9834 0.0786
vn 0.1019 -0.9799 0.1717
vn 0.1528 -0.9070 0.3925
vn -0.0062 -0.9987 0.0496
vn 0.5672 0.7913 0.2281
vn 0.4218 0.8988 -0.1196
vn 0.4740 0.8735 0.1112
vn 0.6829 0.7042 0.1941
vn 0.4873 0.7868 0.3787
vn 0.4568 0.6708 0.5843
vn 0.5573 0.7976 0.2306
vn -0.2963 -0.8710 -0.3918
vn -0.0439 -0.9921 -0.1175
vn -0.2361 -0.9396 -0.2477
vn -0.2101 -0.8355 -0.5078
vn -0.4542 -0.8104 -0.3701
vn -0.6178 -0.6520 -0.4395
vn -0.3030 -0.8731 -0.3820
vn 0.0749 0.9967 0.0308
vn 0.2646 0.8953 0.3584
vn 0.2022 0.9692 0.1409
vn -0.0687 0.9952 0.0696
vn 0.1287 0.9831 -0.1305
vn 0.0711 0.9319 -0.3557
vn 0.0864 0.9959 0.0276
vn 0.1592 -0.2233 0.9617
vn 0.5221 -0.2489 0.8158
vn 0.3222 -0.1855 0.9283
vn 0.0975 -0.3549 0.9298
vn 0.0685 -0.0825 0.9942
vn -0.1452 0.0220 0.9892
vn 0.1640 -0.2124 0.9633
vn 0.6365 -0.0680 0.7682
vn 0.3838 -0.3555 0.8522
vn 0.5722 -0.2246 0.7888
vn 0.5705 0.0551 0.8195
vn 0.7582 -0.0664 0.6486
vn 0.8732 0.0608 0.4836
vn 0.6413 -0.0779 0.7633
vn 0.2385 0.2709 -0.9326
vn 0.1272 -0.1010 -0.9867
vn 0.1451 0.1363 -0.9800
vn 0.3799 0.2607 -0.8875
vn 0.1400 0.4069 -0.9027
vn 0.1139 0.6112 -0.7833
vn 0.2268 0.2715 -0.9353
vn 0.3095 -0.9307 -0.1949
vn 0.6141 -0.7201 -0.3230
vn 0.4653 -0.8616 -0.2029
vn 0.2126 -0.9274 -0.3077
vn 0.2648 -0.9637 -0.0336
vn 0.0866 -0.9887 0.1222
vn 0.3170 -0.9301 -0.1856
vn -0.1622 -0.3784 0.9113
vn -0.4397 -0.5597 0.7024
vn -0.2469 -0.5015 0.8292
vn -0.2214 -0.2458 0.9437
vn 0.0057 -0.4091 0.9125
vn 0.2247 -0.3165 0.9216
vn -0.1572 -0.3887 0.9078
vn 0.9771 0.0117 -0.2126
vn 0.9606 -0.2718 0.0574
vn 0.9794 -0.1436 -0.1422
vn 0.9815 0.1376 -0.1334
vn 0.9268 0.0050 -0.3755
vn 0.8224 0.1192 -0.5563
vn 0.9758 0.0015 -0.2188
vn -0.6411 0.6592 0.3929
vn -0.8865 0.4054 0.2230
vn -0.7570 0.5355 0.3744
vn -0.5990 0.7493 0.2823
vn -0.5514 0.6388 0.5366
vn -0.3455 0.6772 0.6497
vn -0.6439 0.6513 0.4015
vn 0.5844 0.4550 -0.6719
vn 0.2602 0.3913 -0.8827
vn 0.4393 0.4844 -0.7566
vn 0.6583 0.3261 -0.6784
vn 0.6093 0.5714 -0.5497
vn 0.7076 0.6202 -0.3385
vn 0.5779 0.4650 -0.6707
vn 0.9828 -0.0443 -0.1792
vn 0.9090 -0.4117 -0.0644
vn 0.9592 -0.2132 -0.1856
vn 0.9982 0.0314 -0.0520
vn 0.9442 0.0292 -0.3282
vn 0.8694 0.2258 -0.4395
vn 0.9806 -0.0504 -0.1893
vn -0.9127 -0.4002 0.0824
vn -0.8855 -0.2011 0.4188
vn -0.9387 -0.2801 0.2008
vn -0.8420 -0.5282 0.1097
vn -0.9380 -0.3385 -0.0747
vn -0.8836 -0.3546 -0.3058
vn -0.9176 -0.3894 0.0801
vn 0.0138 -0.0552 -0.9984
vn -0.3319 -0.2209 -0.9171
vn -0.1549 -0.0771 -0.9849
vn 0.1124 -0.1650 -0.9799
vn 0.0552 0.1102 -0.9924
vn 0.2208 0.2718 -0.9367
vn 0.0058 -0.0462 -0.9989
vn -0.6141 0.6007 0.5119
vn -0.2956 0.6040 0.7402
vn -0.4723 0.6554 0.5893
vn -0.6857 0.4761 0.5506
vn -0.6374 0.6798 0.3626
vn -0.7300 0.6682 0.1436
vn -0.6077 0.6102 0.5083
vn 0.0811 0.3657 -0.9272
vn 0.1883 0.6757 -0.7127
vn 0.1791 0.4856 -0.8556
vn -0.0676 0.3702 -0.9265
vn 0.1706 0.2240 -0.9595
vn 0.1660 -0.0124 -0.9861
vn 0.0931 0.3649 -0.9264
vn -0.6337 0.7052 0.3179
vn -0.3883 0.6796 0.6224
vn -0.5106 0.7452 0.4290
vn -0.7299 0.5937 0.3388
vn -0.6059 0.7780 0.1661
vn -0.6390 0.7661 -0.0693
vn -0.6253 0.7136 0.3159
vn -0.8922 -0.1167 0.4362
vn -0.9127 0.2565 0.3182
vn -0.9376 0.0215 0.3471
vn -0.8178 -0.1105 0.5648
vn -0.9039 -0.2579 0.3412
vn -0.8241 -0.4788 0.3026
vn -0.8974 -0.1171 0.4253
vn 0.3595 -0.8585 -0.3658
vn 0.6062 -0.5983 -0.5240
vn 0.5018 -0.7692 -0.3955
vn 0.2413 -0.8566 -0.4562
vn 0.3533 -0.9129 -0.2043
vn 0.2155 -0.9763 -0.0209
vn 0.3687 -0.8578 -0.3582
vn 0.8328 0.5330 0.1493
vn 0.7436 0.6317 -0.2193
vn 0.7803 0.6252 0.0157
vn 0.9048 0.4035 0.1363
vn 0.7568 0.5841 0.2933
vn 0.6818 0.5236 0.5109
vn 0.8262 0.5430 0.1503
vn 0.4496 -0.8527 -0.2659
vn 0.1196 -0.8710 -0.4764
vn 0.3438 -0.8497 -0.3997
vn 0.4102 -0.9025 -0.1314
vn 0.5867 -0.7548 -0.2934
vn 0.7584 -0.6215 -0.1966
vn 0.4524 -0.8478 -0.2766
vn -0.8890 -0.4113 -0.2014
vn -0.6605 -0.7289 -0.1802
vn -0.8191 -0.5555 -0.1429
vn -0.8687 -0.3606 -0.3397
vn -0.9465 -0.3142 -0.0733
vn -0.9955 -0.0942 0.0029
vn -0.8898 -0.4150 -0.1899
vn 0.2024 0.9650 0.1669
vn -0.1855 0.9572 0.2222
vn 0.0511 0.9680 0.2456
vn 0.2182 0.9757 0.0193
vn 0.3247 0.9064 0.2704
vn 0.5343 0.7949 0.2874
vn 0.2009 0.9632 0.1787
vn 0.8638 0.1055 0.4926
vn 0.7236 0.4713 0.5043
vn 0.7950 0.2495 0.5529
vn 0.9285 0.0952 0.3590
vn 0.8122 -0.0299 0.5826
vn 0.7687 -0.2639 0.5826
vn 0.8578 0.1062 0.5030
vn -0.8207 0.5552 -0.1349
vn -0.6563 0.7346 0.1723
vn -0.7388 0.6726 -0.0421
vn -0.8945 0.4406 -0.0753
vn -0.7723 0.5608 -0.2984
vn -0.7444 0.4405 -0.5018
vn -0.8139 0.5639 -0.1396
vn -0.3413 0.3812 -0.8592
vn -0.3242 0.7018 -0.6344
vn -0.2892 0.5311 -0.7965
vn -0.4709 0.3179 -0.8229
vn -0.2122 0.2962 -0.9313
vn -0.1214 0.0839 -0.9890
vn -0.3305 0.3860 -0.8613
vn 0.4476 -0.8392 -0.3087
vn 0.5180 -0.8520 0.0766
vn 0.4388 -0.8868 -0.1451
vn 0.5536 -0.7498 -0.3624
vn 0.3009 -0.8703 -0.3900
vn 0.1550 -0.8086 -0.5676
vn 0.4386 -0.8457 -0.3041
vn -0.9842 0.1461 -0.1002
vn -0.9697 -0.2410 -0.0404
vn -0.9997 -0.0055 -0.0234
vn -0.9558 0.1618 -0.2453
vn -0.9625 0.2711 0.0139
vn -0.8717 0.4866 0.0578
vn -0.9855 0.1446 -0.0883
vn 0.8305 -0.4444 0.3358
vn 0.9804 -0.1710 0.0983
vn 0.9099 -0.3027 0.2836
vn 0.7942 -0.5562 0.2447
vn 0.7618 -0.4231 0.4905
vn 0.5907 -0.4879 0.6427
vn 0.8327 -0.4349 0.3429
vn 0.8872 0.0030 0.4615
vn 0.7381 0.3457 0.5794
vn 0.8181 0.1222 0.5620
vn 0.9444 0.0321 0.3273
vn 0.8443 -0.1538 0.5133
vn 0.8072 -0.3806 0.4512
vn 0.8817 0.0006 0.4719
vn -0.1114 0.9548 0.2757
vn 0.2406 0.9651 0.1037
vn 0.0106 0.9869 0.1609
vn -0.0835 0.9066 0.4136
vn -0.2646 0.9431 0.2014
vn -0.4833 0.8498 0.2103
vn -0.1136 0.9577 0.2642
vn -0.6544 -0.0408 0.7551
vn -0.4442 0.2753 0.8526
vn -0.6121 0.1224 0.7813
vn -0.5733 -0.1554 0.8045
vn -0.7724 -0.0551 0.6327
vn -0.8661 -0.1916 0.4618
vn -0.6603 -0.0315 0.7503
vn -0.6126 -0.5151 0.5995
vn -0.3720 -0.3487 0.8603
vn -0.5556 -0.4116 0.7225
vn -0.5387 -0.6356 0.5530
vn -0.7380 -0.4417 0.5102
vn -0.8520 -0.4279 0.3017
vn -0.6180 -0.5049 0.6027
vn 0.4533 0.4530 0.7676
vn 0.7474 0.4256 0.5101
vn 0.5711 0.4978 0.6527
vn 0.4500 0.3198 0.8338
vn 0.3202 0.5596 0.7644
vn 0.0872 0.5882 0.8040
vn 0.4532 0.4634 0.7615
vn 0.6524 -0.7356 -0.1827
vn 0.6997 -0.5103 -0.5000
vn 0.7224 -0.6261 -0.2933
vn 0.5330 -0.8186 -0.2142
vn 0.7073 -0.7065 -0.0239
vn 0.6600 -0.7217 0.2089
vn 0.6614 -0.7281 -0.1800
vn 0.5380 0.1218 -0.8341
vn 0.5700 -0.2647 -0.7778
vn 0.5164 -0.0461 -0.8551
vn 0.6419 0.1805 -0.7453
vn 0.4029 0.2091 -0.8910
vn 0.2714 0.4066 -0.8724
vn 0.5291 0.1169 -0.8405
vn -0.7065 -0.5765 -0.4104
vn -0.4652 -0.8462 -0.2600
vn -0.6457 -0.6987 -0.3080
vn -0.6446 -0.5405 -0.5407
vn -0.8164 -0.4757 -0.3275
vn -0.9143 -0.2594 -0.3111
vn -0.7109 -0.5789 -0.3994
vn -0.7797 -0.3073 0.5456
vn -0.5131 -0.5814 0.6314
vn -0.6643 -0.3977 0.6329
vn -0.8382 -0.3522 0.4165
vn -0.7861 -0.1459 0.6006
vn -0.8336 0.0809 0.5464
vn -0.7742 -0.3033 0.5556
vn 0.9779 0.1351 0.1593
vn 0.9577 0.1725 -0.2303
vn 0.9784 0.2065 0.0044
vn 0.9833 -0.0119 0.1818
vn 0.9282 0.2466 0.2785
vn 0.8256 0.2782 0.4909
vn 0.9766 0.1469 0.1573
vn 0.6480 -0.0331 0.7609
vn 0.6382 -0.4094 0.6520
vn 0.6962 -0.1825 0.6942
vn 0.5289 -0.0171 0.8485
vn 0.7248 0.0973 0.6821
vn 0.7132 0.3268 0.6201
vn 0.6571 -0.0343 0.7530
vn 0.8084 -0.1477 0.5698
vn 0.9602 0.0588 0.2732
vn 0.8759 -0.0177 0.4822
vn 0.8049 -0.2875 0.5191
vn 0.7105 -0.0916 0.6977
vn 0.5250 -0.1357 0.8402
vn 0.8079 -0.1362 0.5733
vn -0.3721 -0.7687 0.5203
vn -0.3778 -0.9127 0.1558
vn -0.3309 -0.8622 0.3836
vn -0.4965 -0.6877 0.5297
vn -0.2373 -0.7459 0.6223
vn -0.1313 -0.6069 0.7838
vn -0.3616 -0.7745 0.5190
vn -0.2655 -0.1953 -0.9441
vn -0.1915 -0.5557 -0.8090
vn -0.2909 -0.3546 -0.8886
vn -0.1317 -0.1418 -0.9811
vn -0.4005 -0.0963 -0.9112
vn -0.4798 0.1240 -0.8686
vn -0.2761 -0.1995 -0.9402
vn 0.3979 0.1895 -0.8977
vn 0.1503 0.4907 -0.8583
vn 0.3403 0.3482 -0.8735
vn 0.3125 0.0780 -0.9467
vn 0.5479 0.1657 -0.8200
vn 0.6964 0.0105 -0.7176
vn 0.4044 0.1983 -0.8928
vn 0.1943 -0.0680 -0.9786
vn -0.1958 -0.1062 -0.9749
vn 0.0289 -0.0315 -0.9991
vn 0.2448 -0.2045 -0.9478
vn 0.2864 0.0737 -0.9553
vn 0.4816 0.1705 -0.8596
vn 0.1900 -0.0568 -0.9801
vn 0.8518 -0.2421 0.4645
vn 0.8884 -0.4407 0.1287
vn 0.9067 -0.2869 0.3093
vn 0.7673 -0.3298 0.5500
vn 0.8686 -0.0742 0.4899
vn 0.7883 0.1187 0.6037
vn 0.8579 -0.2348 0.4571
vn -0.5197 -0.6475 0.5574
vn -0.1590 -0.7991 0.5798
vn -0.3678 -0.6925 0.6207
vn -0.5731 -0.6986 0.4283
vn -0.5806 -0.5087 0.6358
vn -0.7188 -0.3156 0.6194
vn -0.5149 -0.6427 0.5673
vn 0.9156 0.1767 -0.3613
vn 0.9898 -0.1036 -0.0976
vn 0.9551 0.0245 -0.2952
vn 0.9109 0.3020 -0.2812
vn 0.8424 0.1603 -0.5145
vn 0.6932 0.2538 -0.6746
vn 0.9151 0.1663 -0.3674
vn 0.4680 0.4886 -0.7364
vn 0.3490 0.7859 -0.5105
vn 0.4729 0.6193 -0.6268
vn 0.3489 0.4554 -0.8191
vn 0.5959 0.3793 -0.7078
vn 0.6728 0.1546 -0.7235
vn 0.4772 0.4908 -0.7290
vn -0.9936 -0.0394 0.1061
vn -0.9046 -0.4198 0.0739
vn -0.9679 -0.2027 0.1483
vn -0.9994 0.0089 -0.0345
vn -0.9687 0.0635 0.2399
vn -0.9067 0.2807 0.3149
vn -0.9921 -0.0433 0.1174
vn -0.3336 -0.2236 0.9158
vn -0.3315 0.1681 0.9283
vn -0.3896 -0.0625 0.9189
vn -0.1930 -0.2620 0.9456
vn -0.4437 -0.3257 0.8349
vn -0.4738 -0.5244 0.7074
vn -0.3447 -0.2203 0.9125
vn -0.8781 -0.4776 0.0297
vn -0.8979 -0.3022 -0.3202
vn -0.8790 -0.4559 -0.1395
vn -0.9196 -0.3721 0.1260
vn -0.7858 -0.6140 0.0740
vn -0.6526 -0.7182 0.2414
vn -0.8739 -0.4857 0.0219
vn 0.2258 -0.6781 0.6994
vn -0.1656 -0.6976 0.6971
vn 0.0679 -0.7368 0.6727
vn 0.2562 -0.5615 0.7868
vn 0.3350 -0.7396 0.5837
vn 0.5371 -0.7052 0.4628
vn 0.2231 -0.6869 0.6917
vn 0.4804 -0.8765 0.0313
vn 0.4915 -0.7693 0.4081
vn 0.4465 -0.8725 0.1985
vn 0.5942 -0.8037 -0.0309
vn 0.3473 -0.9360 -0.0573
vn 0.2306 -0.9364 -0.2647
vn 0.4707 -0.8816 0.0363
vn 0.1928 -0.0975 0.9764
vn 0.2690 -0.4593 0.8465
vn 0.2798 -0.2369 0.9304
vn 0.0451 -0.0954 0.9944
vn 0.2870 0.0434 0.9569
vn 0.2882 0.2779 0.9164
vn 0.2046 -0.0976 0.9740
vn 0.6121 0.0302 0.7902
vn 0.6670 -0.3369 0.6645
vn 0.6863 -0.1062 0.7195
vn 0.4883 0.0227 0.8724
vn 0.6703 0.1749 0.7211
vn 0.6250 0.4026 0.6687
vn 0.6215 0.0308 0.7828
vn 0.0803 -0.7406 0.6672
vn -0.3078 -0.6863 0.6589
vn -0.0852 -0.7673 0.6356
vn 0.1300 -0.6360 0.7606
vn 0.1785 -0.8160 0.5498
vn 0.3861 -0.8143 0.4334
vn 0.0762 -0.7483 0.6589
vn 0.2207 0.7928 0.5681
vn 0.2641 0.4999 0.8248
vn 0.2949 0.6795 0.6718
vn 0.0744 0.8199 0.5677
vn 0.3247 0.8371 0.4403
vn 0.3424 0.9144 0.2159
vn 0.2323 0.7899 0.5676
vn -0.3459 0.0479 -0.9370
vn -0.0609 0.3169 -0.9465
vn -0.1971 0.1234 -0.9726
vn -0.4623 0.1199 -0.8786
vn -0.3303 -0.1219 -0.9360
vn -0.4114 -0.3286 -0.8502
vn -0.3361 0.0421 -0.9409
vn -0.7850 0.5479 0.2891
vn -0.7415 0.3081 0.5960
vn -0.7471 0.4929 0.4460
vn -0.8629 0.4680 0.1908
vn -0.6888 0.6820 0.2458
vn -0.5881 0.8058 0.0693
vn -0.7779 0.5539 0.2968
vn -0.2437 -0.5925 0.7678
vn -0.3753 -0.2455 0.8938
vn -0.3513 -0.4675 0.8112
vn -0.0986 -0.5909 0.8007
vn -0.3119 -0.6941 0.6488
vn -0.2716 -0.8417 0.4666
vn -0.2552 -0.5921 0.7644
vn -0.6355 -0.2795 -0.7197
vn -0.8820 -0.1350 -0.4515
vn -0.7460 -0.1748 -0.6426
vn -0.6089 -0.4185 -0.6739
vn -0.5318 -0.1937 -0.8244
vn -0.3186 -0.1846 -0.9297
vn -0.6371 -0.2680 -0.7227
vn 0.1471 -0.3734 0.9159
vn 0.3319 -0.0289 0.9429
vn 0.1812 -0.2123 0.9603
vn 0.2464 -0.4633 0.8512
vn -0.0209 -0.4029 0.9150
vn -0.1999 -0.5305 0.8238
vn 0.1389 -0.3658 0.9203
vn -0.1434 0.1302 0.9811
vn 0.0404 -0.2158 0.9756
vn -0.0211 0.0128 0.9997
vn -0.2857 0.0966 0.9534
vn -0.0769 0.2852 0.9554
vn -0.1063 0.5008 0.8590
vn -0.1318 0.1328 0.9823
vn 0.0086 -0.9925 -0.1222
vn 0.3839 -0.9033 -0.1915
vn 0.1773 -0.9790 -0.1007
vn -0.0599 -0.9660 -0.2515
vn -0.0725 -0.9970 0.0279
vn -0.2734 -0.9506 0.1468
vn 0.0142 -0.9937 -0.1115
vn 0.7015 -0.6110 0.3668
vn 0.3739 -0.7905 0.4852
vn 0.5756 -0.7257 0.3769
vn 0.7244 -0.5053 0.4689
vn 0.7677 -0.6056 0.2096
vn 0.8791 -0.4746 0.0451
vn 0.6990 -0.6190 0.3581
vn 0.1035 -0.4162 0.9034
vn 0.0815 -0.7337 0.6746
vn 0.1500 -0.5561 0.8175
vn -0.0382 -0.3770 0.9254
vn 0.2347 -0.3087 0.9218
vn 0.3043 -0.0827 0.9490
vn 0.1150 -0.4190 0.9007
vn -0.3651 -0.9175 0.1580
vn -0.6204 -0.7773 -0.1042
vn -0.4478 -0.8941 0.0106
vn -0.4131 -0.8639 0.2882
vn -0.2050 -0.9699 0.1314
vn 0.0183 -0.9768 0.2134
vn -0.3609 -0.9209 0.1473
vn 0.7685 -0.6371 0.0592
vn 0.9552 -0.2959 0.0113
vn 0.8617 -0.4986 0.0939
vn 0.7308 -0.6780 -0.0788
vn 0.6903 -0.6956 0.1991
vn 0.5041 -0.8142 0.2880
vn 0.7708 -0.6332 0.0703
vn -0.1507 0.0658 0.9864
vn -0.4713 -0.1287 0.8725
vn -0.2618 -0.0616 0.9632
vn -0.1834 0.2086 0.9606
vn 0.0088 0.0070 0.9999
vn 0.2406 0.0517 0.9693
vn -0.1479 0.0542 0.9875
vn -0.4575 -0.7520 0.4746
vn -0.1289 -0.9270 0.3521
vn -0.3031 -0.8245 0.4778
vn -0.5478 -0.7568 0.3565
vn -0.4761 -0.6406 0.6025
vn -0.5839 -0.4432 0.6802
vn -0.4497 -0.7509 0.4837
vn 0.9327 0.1195 -0.3404
vn 0.7240 0.1734 -0.6677
vn 0.8587 0.1973 -0.4730
vn 0.9442 -0.0283 -0.3282
vn 0.9514 0.2264 -0.2087
vn 0.9679 0.2499 0.0275
vn 0.9308 0.1314 -0.3410
vn 0.8176 0.5258 0.2347
vn 0.8594 0.4878 -0.1531
vn 0.8220 0.5653 0.0688
vn 0.8703 0.3982 0.2899
vn 0.7100 0.6275 0.3195
vn 0.5647 0.6516 0.5065
vn 0.8125 0.5357 0.2300
vn -0.0440 0.9147 -0.4017
vn 0.1048 0.7073 -0.6991
vn -0.0325 0.8336 -0.5514
vn 0.0737 0.9458 -0.3162
vn -0.2047 0.9162 -0.3445
vn -0.3482 0.9245 -0.1548
vn -0.0535 0.9113 -0.4083
vn 0.9069 -0.3053 -0.2903
vn 0.9605 -0.2614 0.0954
vn 0.9306 -0.3438 -0.1258
vn 0.9232 -0.1681 -0.3455
vn 0.8230 -0.4297 -0.3715
vn 0.6775 -0.4874 -0.5508
vn 0.9047 -0.3161 -0.2856
vn 0.1851 0.9289 0.3208
vn 0.1524 0.7355 0.6601
vn 0.2279 0.8539 0.4679
vn 0.0446 0.9584 0.2818
vn 0.3147 0.9257 0.2099
vn 0.3808 0.9245 -0.0187
vn 0.1963 0.9256 0.3237
vn -0.9032 0.1541 0.4006
vn -0.7911 -0.1719 0.5870
vn -0.8497 0.0502 0.5249
vn -0.9569 0.1054 0.2707
vn -0.8487 0.3138 0.4258
vn -0.7885 0.5214 0.3262
vn -0.8980 0.1579 0.4107
vn 0.4200 0.8391 0.3458
vn 0.0516 0.9575 0.2837
vn 0.2598 0.8892 0.3765
vn 0.4846 0.8486 0.2122
vn 0.4790 0.7403 0.4718
vn 0.6281 0.5657 0.5344
vn 0.4143 0.8375 0.3563
vn -0.3562 0.4369 0.8260
vn -0.4695 0.0657 0.8805
vn -0.3634 0.2785 0.8890
vn -0.4606 0.4944 0.7371
vn -0.1994 0.5023 0.8414
vn -0.0381 0.6546 0.7550
vn -0.3473 0.4318 0.8324
vn -0.6367 0.6223 -0.4554
vn -0.8836 0.3639 -0.2946
vn -0.7539 0.5552 -0.3512
vn -0.5926 0.5572 -0.5817
vn -0.5485 0.7459 -0.3778
vn -0.3432 0.8656 -0.3646
vn -0.6396 0.6269 -0.4448
vn -0.9598 0.2101 0.1863
vn -0.7982 0.5667 0.2040
vn -0.9178 0.3700 0.1439
vn -0.9349 0.1519 0.3209
vn -0.9921 0.1160 0.0477
vn -0.9936 -0.1014 -0.0491
vn -0.9609 0.2146 0.1752
vn 0.7896 -0.5563 -0.2589
vn 0.9471 -0.3207 0.0118
vn 0.8569 -0.5032 -0.1114
vn 0.7917 -0.4753 -0.3837
vn 0.6854 -0.6892 -0.2350
vn 0.4959 -0.8099 -0.3133
vn 0.7887 -0.5623 -0.2486
vn 0.4145 -0.1922 -0.8895
vn 0.2878 0.1750 -0.9416
vn 0.4162 -0.0228 -0.9090
vn 0.2944 -0.2764 -0.9148
vn 0.5490 -0.2453 -0.7990
vn 0.6372 -0.4106 -0.6522
vn 0.4238 -0.1852 -0.8866
vn 0.0779 -0.9675 -0.2405
vn 0.1495 -0.7965 -0.5858
vn 0.1622 -0.9115 -0.3778
vn -0.0705 -0.9704 -0.2310
vn 0.1809 -0.9779 -0.1049
vn 0.1986 -0.9711 0.1324
vn 0.0899 -0.9663 -0.2410
vn 0.1114 0.8248 0.5543
vn -0.0797 0.5901 0.8034
vn 0.0805 0.7221 0.6871
vn 0.0042 0.8831 0.4693
vn 0.2751 0.8169 0.5069
vn 0.4320 0.8396 0.3294
vn 0.1200 0.8193 0.5607
vn 0.1694 0.4657 0.8686
vn 0.5310 0.3499 0.7717
vn 0.3318 0.4720 0.8168
vn 0.1082 0.3459 0.9320
vn 0.0781 0.5932 0.8012
vn -0.1363 0.6687 0.7309
vn 0.1742 0.4750 0.8626
vn 0.6579 0.0079 0.7530
vn 0.6186 0.3912 0.6814
vn 0.6123 0.1712 0.7719
vn 0.7571 -0.0383 0.6522
vn 0.5478 -0.0964 0.8311
vn 0.4489 -0.3128 0.8370
vn 0.6492 0.0117 0.7605
vn 0.6653 -0.1868 0.7228
vn 0.6714 -0.5244 0.5237
vn 0.7192 -0.3123 0.6206
vn 0.5474 -0.1994 0.8127
vn 0.7339 -0.0371 0.6783
vn 0.7098 0.1996 0.6755
vn 0.6742 -0.1856 0.7148
vn -0.6058 0.0035 0.7956
vn -0.3766 0.3121 0.8722
vn -0.5550 0.1652 0.8153
vn -0.5267 -0.1134 0.8424
vn -0.7319 -0.0081 0.6813
vn -0.8421 -0.1439 0.5198
vn -0.6116 0.0130 0.7910
vn 0.4694 -0.0232 -0.8827
vn 0.6507 -0.3133 -0.6916
vn 0.5169 -0.1804 -0.8368
vn 0.5387 0.1001 -0.8365
vn 0.3125 -0.0232 -0.9496
vn 0.1128 0.1004 -0.9885
vn 0.4633 -0.0331 -0.8856
vn 0.7183 -0.0646 -0.6927
vn 0.4681 0.1835 -0.8644
vn 0.6519 0.0801 -0.7541
vn 0.6624 -0.1993 -0.7222
vn 0.8254 -0.0335 -0.5636
vn 0.9245 -0.1154 -0.3633
vn 0.7221 -0.0536 -0.6897
vn 0.5030 0.5199 -0.6905
vn 0.6961 0.1789 -0.6953
vn 0.5592 0.3677 -0.7430
vn 0.5621 0.5938 -0.5757
vn 0.3491 0.5546 -0.7553
vn 0.1432 0.6708 -0.7277
vn 0.4977 0.5134 -0.6991
vn -0.9469 0.2012 -0.2506
vn -0.8896 0.4547 0.0428
vn -0.9223 0.3482 -0.1675
vn -0.9805 0.0733 -0.1825
vn -0.8875 0.2099 -0.4103
vn -0.7979 0.0908 -0.5959
vn -0.9433 0.2114 -0.2559
vn -0.3201 0.2067 -0.9245
vn 0.0204 0.0277 -0.9994
vn -0.2086 0.0875 -0.9741
vn -0.2818 0.3472 -0.8944
vn -0.4670 0.1364 -0.8737
vn -0.6596 0.1563 -0.7352
vn -0.3229 0.1951 -0.9261
vn 0.8489 -0.4546 -0.2697
vn 0.6470 -0.4635 -0.6055
vn 0.8004 -0.4184 -0.4293
vn 0.7977 -0.5713 -0.1931
vn 0.9263 -0.3211 -0.1970
vn 0.9783 -0.2074 0.0055
vn 0.8522 -0.4446 -0.2757
vn 0.9064 -0.4183 -0.0589
vn 0.9715 -0.0700 -0.2266
vn 0.9625 -0.2588 -0.0819
vn 0.8488 -0.5013 -0.1681
vn 0.8851 -0.4530 0.1068
vn 0.7680 -0.5810 0.2697
vn 0.9102 -0.4111 -0.0500
vn -0.8833 0.2307 -0.4081
vn -0.6473 0.2486 -0.7205
vn -0.8091 0.1898 -0.5562
vn -0.8668 0.3630 -0.3420
vn -0.9405 0.0918 -0.3272
vn -0.9929 -0.0091 -0.1182
vn -0.8838 0.2198 -0.4131
vn -0.9830 -0.1807 0.0335
vn -0.9044 -0.2528 -0.3436
vn -0.9574 -0.2660 -0.1120
vn -0.9987 -0.0329 0.0401
vn -0.9458 -0.2773 0.1691
vn -0.8738 -0.2825 0.3959
vn -0.9807 -0.1925 0.0329
vn -0.6059 -0.1376 0.7835
vn -0.4464 -0.4937 0.7463
vn -0.5097 -0.2749 0.8153
vn -0.7165 -0.1364 0.6841
vn -0.5338 0.0040 0.8456
vn -0.5100 0.2400 0.8260
vn -0.5963 -0.1376 0.7908
vn -0.8038 0.5929 0.0484
vn -0.8591 0.3630 0.3609
vn -0.8135 0.5420 0.2109
vn -0.8560 0.5128 -0.0657
vn -0.6925 0.7208 0.0302
vn -0.5407 0.8333 -0.1146
vn -0.7988 0.5988 0.0576
vn -0.6071 -0.3783 -0.6988
vn -0.7137 -0.0012 -0.7004
vn -0.6252 -0.2166 -0.7498
vn -0.6828 -0.4374 -0.5852
vn -0.4654 -0.4479 -0.7634
vn -0.2931 -0.6099 -0.7363
vn -0.6004 -0.3732 -0.7073
vn -0.8962 -0.3876 -0.2158
vn -0.6592 -0.6241 -0.4195
vn -0.8087 -0.5266 -0.2621
vn -0.9140 -0.2690 -0.3037
vn -0.9220 -0.3843 -0.0471
vn -0.9572 -0.2499 0.1461
vn -0.8939 -0.3969 -0.2084
vn -0.3417 -0.7328 -0.5885
vn -0.0332 -0.6064 -0.7945
vn -0.1866 -0.7283 -0.6594
vn -0.4508 -0.6382 -0.6241
vn -0.3419 -0.8270 -0.4463
vn -0.4416 -0.8662 -0.2338
vn -0.3325 -0.7397 -0.5850
vn -0.6527 -0.4975 0.5715
vn -0.8413 -0.4902 0.2280
vn -0.7197 -0.5500 0.4237
vn -0.6829 -0.3653 0.6327
vn -0.5186 -0.5931 0.6159
vn -0.3120 -0.6035 0.7337
vn -0.6496 -0.5077 0.5659
vn -0.5624 0.1905 -0.8046
vn -0.8262 0.2246 -0.5167
vn -0.6713 0.2609 -0.6938
vn -0.5552 0.0442 -0.8306
vn -0.4385 0.2997 -0.8473
vn -0.2137 0.3266 -0.9207
vn -0.5625 0.2022 -0.8017
vn -0.4694 -0.8763 0.1086
vn -0.5886 -0.7691 -0.2491
vn -0.4851 -0.8723 -0.0612
vn -0.5605 -0.8034 0.2010
vn -0.3165 -0.9358 0.1551
vn -0.1450 -0.9362 0.3201
vn -0.4616 -0.8813 0.1010
vn 0.8623 0.4196 -0.2836
vn 0.6093 0.7114 -0.3502
vn 0.7792 0.5676 -0.2661
vn 0.8516 0.3335 -0.4044
vn 0.9217 0.3641 -0.1337
vn 0.9844 0.1760 -0.0019
vn 0.8623 0.4262 -0.2735
vn 0.3035 0.9047 -0.2989
vn 0.2405 0.9671 0.0828
vn 0.3338 0.9331 -0.1335
vn 0.1688 0.9172 -0.3608
vn 0.4330 0.8211 -0.3719
vn 0.5015 0.6722 -0.5446
vn 0.3141 0.9028 -0.2936
vn -0.1410 0.8070 0.5735
vn -0.3778 0.8853 0.2712
vn -0.2835 0.8289 0.4823
vn -0.0064 0.8500 0.5267
vn -0.1651 0.6950 0.6998
vn -0.0664 0.5330 0.8435
vn -0.1517 0.8027 0.5767
vn 0.0115 -0.9935 -0.1135
vn -0.1975 -0.8829 -0.4261
vn -0.0303 -0.9608 -0.2757
vn -0.0873 -0.9962 -0.0024
vn 0.1798 -0.9796 -0.0892
vn 0.3553 -0.9325 0.0645
vn 0.0195 -0.9923 -0.1224
vn 0.3565 -0.7353 -0.5764
vn 0.2047 -0.4938 -0.8451
vn 0.3467 -0.6212 -0.7028
vn 0.2401 -0.8144 -0.5283
vn 0.5004 -0.7159 -0.4868
vn 0.6092 -0.7431 -0.2769
vn 0.3656 -0.7282 -0.5797
vn 0.0107 -0.2628 0.9648
vn -0.0347 -0.6110 0.7908
vn 0.0457 -0.4193 0.9067
vn -0.1269 -0.2063 0.9702
vn 0.1518 -0.1674 0.9741
vn 0.2444 0.0517 0.9683
vn 0.0218 -0.2671 0.9634
vn -0.3880 -0.9133 0.1242
vn -0.2130 -0.9509 -0.2245
vn -0.2759 -0.9612 0.0048
vn -0.5188 -0.8498 0.0929
vn -0.3152 -0.9073 0.2783
vn -0.3163 -0.8092 0.4951
vn -0.3770 -0.9175 0.1266
vn 0.7138 0.6910 0.1142
vn 0.5654 0.7908 -0.2346
vn 0.6286 0.7777 -0.0055
vn 0.8094 0.5813 0.0833
vn 0.6453 0.7152 0.2685
vn 0.6093 0.6263 0.4863
vn 0.7053 0.6992 0.1166
vn 0.8617 0.4415 0.2500
vn 0.7084 0.7058 0.0045
vn 0.7881 0.5845 0.1932
vn 0.9261 0.3415 0.1606
vn 0.8155 0.4079 0.4107
vn 0.7805 0.2411 0.5768
vn 0.8557 0.4492 0.2570
vn 0.9495 -0.2516 0.1873
vn 0.7704 -0.3816 0.5108
vn 0.8831 -0.3586 0.3024
vn 0.9712 -0.1068 0.2131
vn 0.9470 -0.3199 0.0310
vn 0.9383 -0.2796 -0.2035
vn 0.9468 -0.2632 0.1850
vn -0.7562 -0.2885 0.5874
vn -0.6145 -0.6342 0.4692
vn -0.6767 -0.4394 0.5908
vn -0.8446 -0.2451 0.4759
vn -0.6893 -0.1808 0.7016
vn -0.6477 0.0460 0.7605
vn -0.7483 -0.2917 0.5958
vn -0.5040 0.2444 -0.8284
vn -0.6066 -0.1313 -0.7841
vn -0.5983 0.1063 -0.7942
vn -0.3722 0.2385 -0.8970
vn -0.5573 0.3793 -0.7386
vn -0.4988 0.5868 -0.6379
vn -0.5143 0.2446 -0.8220
vn 0.0776 -0.9963 -0.0363
vn -0.1719 -0.9279 -0.3308
vn 0.0161 -0.9807 -0.1947
vn -0.0082 -0.9963 0.0852
vn 0.2459 -0.9688 -0.0324
vn 0.4326 -0.8964 0.0962
vn 0.0845 -0.9954 -0.0461
vn 0.4389 -0.7610 -0.4777
vn 0.4377 -0.8926 -0.1085
vn 0.3976 -0.8524 -0.3397
vn 0.5586 -0.6730 -0.4849
vn 0.3075 -0.7498 -0.5859
vn 0.2005 -0.6227 -0.7563
vn 0.4288 -0.7674 -0.4767
vn -0.0068 0.9944 0.1056
vn -0.2680 0.9460 -0.1826
vn -0.1561 0.9875 0.0234
vn 0.1250 0.9915 0.0366
vn -0.0263 0.9620 0.2719
vn 0.0733 0.8788 0.4714
vn -0.0174 0.9937 0.1111
vn -0.8433 -0.5374 0.0075
vn -0.6898 -0.6402 -0.3381
vn -0.7675 -0.6309 -0.1134
vn -0.9125 -0.4086 -0.0200
vn -0.7937 -0.5859 0.1633
vn -0.7587 -0.5219 0.3899
vn -0.8369 -0.5473 0.0097
vn 0.0178 0.6924 -0.7213
vn 0.3940 0.6860 -0.6117
vn 0.1858 0.6634 -0.7248
vn -0.0479 0.7816 -0.6220
vn -0.0668 0.5769 -0.8141
vn -0.2707 0.4584 -0.8465
vn 0.0231 0.6845 -0.7287
vn 0.5769 0.8043 0.1427
vn 0.4223 0.8821 -0.2089
vn 0.4808 0.8766 0.0217
vn 0.6912 0.7138 0.1133
vn 0.5011 0.8134 0.2953
vn 0.4758 0.7159 0.5109
vn 0.5670 0.8108 0.1450
vn 0.3146 0.4153 -0.8535
vn 0.2400 0.0485 -0.9696
vn 0.2379 0.2830 -0.9291
vn 0.4507 0.4080 -0.7940
vn 0.2029 0.5391 -0.8175
vn 0.1477 0.7222 -0.6758
vn 0.3033 0.4155 -0.8575
vn -0.9776 -0.0178 -0.2098
vn -0.9816 -0.0669 0.1790
vn -0.9989 0.0150 -0.0438
vn -0.9522 -0.1541 -0.2637
vn -0.9465 0.1252 -0.2975
vn -0.8436 0.2229 -0.4886
vn -0.9787 -0.0067 -0.2052
vn -0.9464 0.0020 -0.3229
vn -0.9083 0.3704 -0.1946
vn -0.9303 0.1719 -0.3240
vn -0.9767 -0.0766 -0.2003
vn -0.8826 -0.0670 -0.4653
vn -0.7828 -0.2579 -0.5663
vn -0.9431 0.0084 -0.3325
vn -0.3556 -0.7686 0.5319
vn -0.3858 -0.9074 0.1666
vn -0.3245 -0.8609 0.3918
vn -0.4776 -0.6854 0.5497
vn -0.2145 -0.7498 0.6260
vn -0.0964 -0.6150 0.7826
vn -0.3453 -0.7746 0.5299
vn -0.9081 -0.1591 -0.3873
vn -0.9900 0.0972 -0.1023
vn -0.9509 -0.0135 -0.3094
vn -0.9025 -0.2906 -0.3179
vn -0.8333 -0.1290 -0.5376
vn -0.6806 -0.2067 -0.7029
vn -0.9077 -0.1483 -0.3926
vn 0.8599 -0.3162 -0.4007
vn 0.8429 0.0514 -0.5356
vn 0.8948 -0.1503 -0.4205
vn 0.7747 -0.3938 -0.4947
vn 0.8973 -0.3686 -0.2427
vn 0.8496 -0.5230 -0.0679
vn 0.8660 -0.3096 -0.3927
vn 0.1396 -0.3789 -0.9148
vn 0.5085 -0.3550 -0.7845
vn 0.2928 -0.4258 -0.8561
vn 0.1092 -0.2419 -0.9641
vn 0.0195 -0.4917 -0.8706
vn -0.2107 -0.5284 -0.8224
vn 0.1420 -0.3897 -0.9099
vn -0.6347 -0.7699 0.0668
vn -0.3199 -0.9136 0.2510
vn -0.5326 -0.8243 0.1922
vn -0.6059 -0.7918 -0.0775
vn -0.7462 -0.6541 0.1239
vn -0.8820 -0.4659 0.0711
vn -0.6364 -0.7674 0.0785
vn 0.6375 -0.3018 -0.7089
vn 0.8029 -0.4531 -0.3874
vn 0.6892 -0.4160 -0.5932
vn 0.6843 -0.1606 -0.7113
vn 0.4979 -0.3558 -0.7909
vn 0.2996 -0.2948 -0.9074
vn 0.6330 -0.3130 -0.7080
vn -0.3999 -0.4870 0.7765
vn -0.0238 -0.4656 0.8847
vn -0.2591 -0.4393 0.8602
vn -0.4053 -0.6046 0.6857
vn -0.5165 -0.3624 0.7758
vn -0.7010 -0.2633 0.6628
vn -0.3991 -0.4769 0.7831
vn 0.4523 0.8735 -0.1799
vn 0.6938 0.6233 -0.3607
vn 0.5329 0.7894 -0.3046
vn 0.4944 0.8685 -0.0373
vn 0.2982 0.9262 -0.2306
vn 0.0763 0.9832 -0.1661
vn 0.4485 0.8731 -0.1913
vn 0.5972 0.6794 -0.4263
vn 0.4394 0.5076 -0.7412
vn 0.5011 0.6554 -0.5652
vn 0.7090 0.5892 -0.3875
vn 0.5240 0.7898 -0.3188
vn 0.4996 0.8612 -0.0931
vn 0.5876 0.6861 -0.4290
vn -0.7498 -0.4931 0.4412
vn -0.9436 -0.2815 0.1743
vn -0.8389 -0.4534 0.3013
vn -0.7298 -0.3993 0.5549
vn -0.6539 -0.6319 0.4160
vn -0.4570 -0.7512 0.4763
vn -0.7507 -0.5002 0.4316
vn -0.8706 -0.3354 0.3601
vn -0.7954 -0.0387 0.6048
vn -0.8811 -0.1830 0.4361
vn -0.7915 -0.4489 0.4147
vn -0.9239 -0.3274 0.1982
vn -0.9080 -0.4183 -0.0211
vn -0.8761 -0.3258 0.3553
vn 0.4407 0.8517 -0.2835
vn 0.2421 0.7564 -0.6076
vn 0.3224 0.8549 -0.4064
vn 0.5655 0.7713 -0.2920
vn 0.3795 0.9150 -0.1373
vn 0.3921 0.9144 0.1003
vn 0.4301 0.8574 -0.2825
vn 0.3526 0.7558 -0.5517
vn 0.4913 0.8484 -0.1971
vn 0.4620 0.7795 -0.4230
vn 0.2129 0.8069 -0.5510
vn 0.4074 0.6337 -0.6576
vn 0.3477 0.4649 -0.8143
vn 0.3636 0.7509 -0.5513
vn 0.6765 -0.7242 0.1335
vn 0.4832 -0.7360 0.4742
vn 0.5729 -0.7781 0.2578
vn 0.7748 -0.6139 0.1509
vn 0.6247 -0.7806 -0.0190
vn 0.6196 -0.7427 -0.2539
vn 0.6679 -0.7325 0.1319
vn 0.4533 0.1784 0.8733
vn 0.3663 0.5422 0.7562
vn 0.3771 0.3308 0.8651
vn 0.5796 0.1461 0.8017
vn 0.3477 0.0598 0.9357
vn 0.2891 -0.1707 0.9420
vn 0.4427 0.1809 0.8783
vn -0.8810 -0.0822 -0.4660
vn -0.7735 0.2805 -0.5684
vn -0.8264 0.0486 -0.5609
vn -0.9413 -0.0659 -0.3310
vn -0.8198 -0.2305 -0.5241
vn -0.7562 -0.4537 -0.4716
vn -0.8752 -0.0835 -0.4765
vn -0.5527 -0.3964 -0.7330
vn -0.7896 -0.4432 -0.4243
vn -0.6839 -0.3745 -0.6261
vn -0.4596 -0.5122 -0.7256
vn -0.5173 -0.2526 -0.8177
vn -0.3514 -0.1226 -0.9282
vn -0.5598 -0.3867 -0.7329
vn 0.9129 0.0836 0.3996
vn 0.7946 0.4573 0.3993
vn 0.8583 0.2351 0.4561
vn 0.9633 0.0610 0.2615
vn 0.8631 -0.0424 0.5032
vn 0.8072 -0.2729 0.5235
vn 0.9079 0.0854 0.4104
vn 0.9925 0.1000 0.0706
vn 0.8884 0.4553 -0.0580
vn 0.9610 0.2677 0.0692
vn 0.9985 0.0167 -0.0525
vn 0.9732 0.0350 0.2272
vn 0.9206 -0.1569 0.3577
vn 0.9910 0.1067 0.0806
vn 0.9504 -0.2899 -0.1127
vn 0.7579 -0.6083 -0.2359
vn 0.8864 -0.4089 -0.2169
vn 0.9523 -0.3032 0.0354
vn 0.9708 -0.1413 -0.1939
vn 0.9798 0.0958 -0.1755
vn 0.9493 -0.2885 -0.1246
vn 0.7171 0.4732 0.5118
vn 0.9297 0.2601 0.2608
vn 0.8175 0.4329 0.3799
vn 0.6852 0.3787 0.6222
vn 0.6266 0.6142 0.4798
vn 0.4275 0.7370 0.5236
vn 0.7190 0.4804 0.5023
vn 0.5052 0.7152 -0.4831
vn 0.4546 0.4509 -0.7681
vn 0.4461 0.6408 -0.6248
vn 0.6241 0.6662 -0.4083
vn 0.3896 0.8215 -0.4164
vn 0.3059 0.9263 -0.2199
vn 0.4950 0.7184 -0.4887
vn 0.7048 -0.6167 0.3507
vn 0.6364 -0.3919 0.6644
vn 0.6501 -0.5679 0.5047
vn 0.7997 -0.5370 0.2684
vn 0.6069 -0.7411 0.2870
vn 0.5227 -0.8476 0.0915
vn 0.6964 -0.6226 0.3570
vn 0.4184 -0.1720 -0.8918
vn 0.7220 -0.2328 -0.6516
vn 0.5396 -0.2529 -0.8031
vn 0.4147 -0.0244 -0.9096
vn 0.2838 -0.2733 -0.9191
vn 0.0492 -0.2864 -0.9568
vn 0.4183 -0.1838 -0.8895
vn -0.6806 -0.0511 -0.7309
vn -0.4301 0.2122 -0.8775
vn -0.5594 0.0185 -0.8287
vn -0.7679 0.0279 -0.6400
vn -0.6602 -0.2200 -0.7181
vn -0.6954 -0.4152 -0.5865
vn -0.6729 -0.0575 -0.7375
vn -0.7293 -0.1866 -0.6583
vn -0.7983 0.1893 -0.5718
vn -0.7384 -0.0170 -0.6741
vn -0.7944 -0.2622 -0.5479
vn -0.6049 -0.2511 -0.7557
vn -0.4470 -0.4265 -0.7863
vn -0.7233 -0.1803 -0.6666
vn 0.4792 -0.4006 0.7810
vn 0.3995 -0.0413 0.9158
vn 0.4070 -0.2749 0.8711
vn 0.6027 -0.3828 0.7001
vn 0.3718 -0.5317 0.7610
vn 0.3069 -0.7167 0.6262
vn 0.4687 -0.4016 0.7868
vn -0.1268 0.1803 0.9754
vn -0.4789 0.0393 0.8770
vn -0.2597 0.0742 0.9628
vn -0.1326 0.3238 0.9368
vn 0.0192 0.0943 0.9954
vn 0.2549 0.0923 0.9625
vn -0.1262 0.1685 0.9776
vn -0.7547 0.4423 -0.4846
vn -0.6544 0.1613 -0.7387
vn -0.7610 0.2984 -0.5760
vn -0.6582 0.5523 -0.5116
vn -0.8395 0.4258 -0.3375
vn -0.8609 0.4965 -0.1112
vn -0.7618 0.4330 -0.4819
vn 0.1950 -0.1942 0.9614
vn 0.3112 0.1791 0.9333
vn 0.1973 -0.0246 0.9800
vn 0.3108 -0.2725 0.9106
vn 0.0356 -0.2547 0.9664
vn -0.1142 -0.4263 0.8974
vn 0.1855 -0.1876 0.9646
vn 0.2468 -0.0039 0.9691
vn 0.0448 -0.3384 0.9399
vn 0.2122 -0.1708 0.9622
vn 0.1423 0.1008 0.9847
vn 0.4049 0.0288 0.9139
vn 0.5517 0.1865 0.8129
vn 0.2551 -0.0124 0.9668
vn 0.7994 -0.4846 -0.3551
vn 0.9290 -0.1148 -0.3517
vn 0.8861 -0.3450 -0.3094
vn 0.7226 -0.4954 -0.4821
vn 0.7766 -0.5894 -0.2224
vn 0.6409 -0.7577 -0.1229
vn 0.8049 -0.4833 -0.3445
vn -0.1257 -0.9709 -0.2040
vn -0.4754 -0.8253 -0.3047
vn -0.2565 -0.9187 -0.3003
vn -0.1347 -0.9893 -0.0567
vn 0.0221 -0.9573 -0.2881
vn 0.2577 -0.9270 -0.2726
vn -0.1248 -0.9684 -0.2158
vn -0.5249 0.4001 0.7512
vn -0.8117 0.2701 0.5179
vn -0.6538 0.3050 0.6925
vn -0.4870 0.5316 0.6929
vn -0.4220 0.3091 0.8523
vn -0.2019 0.2807 0.9383
vn -0.5275 0.3891 0.7552
vn -0.5057 -0.2795 -0.8161
vn -0.3799 0.0762 -0.9219
vn -0.4168 -0.1574 -0.8953
vn -0.6281 -0.2528 -0.7359
vn -0.4156 -0.4240 -0.8047
vn -0.3769 -0.6251 -0.6835
vn -0.4953 -0.2814 -0.8219
vn -0.0829 -0.8926 -0.4431
vn -0.4459 -0.8418 -0.3041
vn -0.2509 -0.8628 -0.4390
vn -0.0062 -0.9450 -0.3269
vn -0.0100 -0.8165 -0.5772
vn 0.1878 -0.7202 -0.6679
vn -0.0891 -0.8875 -0.4521
vn -0.5695 -0.3223 0.7562
vn -0.2368 -0.5190 0.8213
vn -0.4221 -0.3697 0.8278
vn -0.6405 -0.4032 0.6536
vn -0.6010 -0.1569 0.7837
vn -0.7077 0.0409 0.7053
vn -0.5632 -0.3154 0.7638
vn 0.4988 -0.8438 0.1980
vn 0.1841 -0.9829 0.0104
vn 0.4019 -0.9126 0.0756
vn 0.4527 -0.8250 0.3382
vn 0.6334 -0.7625 0.1318
vn 0.7932 -0.5881 0.1582
vn 0.5021 -0.8445 0.1865
vn 0.4077 -0.1126 0.9061
vn 0.0459 -0.2502 0.9671
vn 0.2799 -0.2220 0.9340
vn 0.3934 0.0349 0.9187
vn 0.5363 -0.1877 0.8229
vn 0.7205 -0.1600 0.6748
vn 0.4085 -0.1245 0.9042
vn 0.9835 0.1762 -0.0418
vn 0.8851 0.3674 0.2858
vn 0.9688 0.2146 0.1237
vn 0.9505 0.2714 -0.1512
vn 0.9978 0.0078 -0.0651
vn 0.9614 -0.1766 -0.2111
vn 0.9852 0.1683 -0.0329
vn -0.7645 -0.0624 -0.6416
vn -0.9062 -0.2594 -0.3338
vn -0.8580 -0.1001 -0.5039
vn -0.6813 -0.1622 -0.7138
vn -0.7450 0.1062 -0.6586
vn -0.6089 0.2833 -0.7409
vn -0.7706 -0.0542 -0.6351
vn -0.1793 -0.1084 -0.9778
vn -0.0309 0.2542 -0.9667
vn -0.0704 0.0215 -0.9973
vn -0.3226 -0.0904 -0.9422
vn -0.0964 -0.2566 -0.9617
vn -0.0991 -0.4774 -0.8731
vn -0.1675 -0.1097 -0.9797
vn -0.7128 0.6854 0.1491
vn -0.6858 0.5239 0.5052
vn -0.6762 0.6662 0.3146
vn -0.8018 0.5931 0.0736
vn -0.6042 0.7934 0.0740
vn -0.4962 0.8587 -0.1278
vn -0.7049 0.6922 0.1551
vn -0.7388 0.5025 0.4489
vn -0.7856 0.1446 0.6016
vn -0.7380 0.3743 0.5615
vn -0.8083 0.4957 0.3176
vn -0.6185 0.6177 0.4857
vn -0.4712 0.7850 0.4022
vn -0.7325 0.5026 0.4592
vn -0.4977 -0.8359 0.2314
vn -0.5145 -0.6401 0.5705
vn -0.5599 -0.7453 0.3620
vn -0.3643 -0.9015 0.2336
vn -0.5854 -0.8059 0.0882
vn -0.5815 -0.7997 -0.1497
vn -0.5081 -0.8297 0.2311
vn -0.5136 -0.1984 -0.8348
vn -0.5233 0.1933 -0.8299
vn -0.4807 -0.0362 -0.8761
vn -0.6242 -0.2389 -0.7438
vn -0.3823 -0.3000 -0.8740
vn -0.2643 -0.5006 -0.8243
vn -0.5042 -0.1949 -0.8413
vn -1.0000 0.0065 -0.0035
vn -0.9260 -0.3268 0.1889
vn -0.9866 -0.1060 0.1241
vn -0.9887 -0.0307 -0.1470
vn -0.9846 0.1666 0.0535
vn -0.9207 0.3903 0.0033
vn -0.9999 0.0095 0.0082
vn -0.3916 0.5733 0.7197
vn -0.2812 0.8433 0.4580
vn -0.4008 0.6933 0.5988
vn -0.2674 0.5432 0.7959
vn -0.5249 0.4671 0.7116
vn -0.6076 0.2481 0.7545
vn -0.4013 0.5752 0.7128
vn 0.4644 -0.3199 -0.8258
vn 0.3108 0.0185 -0.9503
vn 0.4532 -0.1577 -0.8773
vn 0.3527 -0.4174 -0.8375
vn 0.5990 -0.3431 -0.7236
vn 0.6942 -0.4694 -0.5457
vn 0.4730 -0.3117 -0.8241
vn 0.4552 0.8600 0.2306
vn 0.1264 0.9901 0.0615
vn 0.3006 0.9299 0.2120
vn 0.5457 0.8299 0.1165
vn 0.4737 0.7917 0.3858
vn 0.5818 0.6264 0.5187
vn 0.4474 0.8616 0.2396
vn -0.0228 0.5111 -0.8592
vn 0.2784 0.2684 -0.9222
vn 0.0691 0.3817 -0.9217
vn 0.0361 0.6233 -0.7812
vn -0.1895 0.4744 -0.8597
vn -0.4017 0.5124 -0.7590
vn -0.0276 0.5016 -0.8647
vn 0.6900 -0.6715 -0.2702
vn 0.4695 -0.8826 -0.0244
vn 0.5784 -0.7874 -0.2134
vn 0.7822 -0.5961 -0.1812
vn 0.6532 -0.6235 -0.4297
vn 0.6662 -0.4514 -0.5936
vn 0.6818 -0.6770 -0.2772
vn 0.3246 -0.2012 -0.9242
vn 0.5435 -0.4465 -0.7108
vn 0.3840 -0.3459 -0.8561
vn 0.3962 -0.0711 -0.9154
vn 0.1592 -0.2149 -0.9636
vn -0.0481 -0.1020 -0.9936
vn 0.3185 -0.2116 -0.9240
vn 0.8137 0.0820 -0.5754
vn 0.9499 0.2104 -0.2311
vn 0.8996 0.0867 -0.4281
vn 0.7463 0.2006 -0.6347
vn 0.7793 -0.0785 -0.6217
vn 0.6334 -0.2243 -0.7406
vn 0.8184 0.0723 -0.5701
vn -0.0366 -0.6740 0.7378
vn -0.2275 -0.8625 0.4521
vn -0.0705 -0.7863 0.6139
vn -0.1396 -0.5855 0.7985
vn 0.1311 -0.6462 0.7518
vn 0.3029 -0.4941 0.8149
vn -0.0282 -0.6805 0.7322
vn 0.1516 -0.9691 -0.1945
vn 0.3380 -0.8004 -0.4952
vn 0.2781 -0.9142 -0.2949
vn 0.0089 -0.9716 -0.2366
vn 0.2017 -0.9789 -0.0318
vn 0.1370 -0.9708 0.1971
vn 0.1630 -0.9680 -0.1909
vn -0.2941 0.3867 -0.8740
vn -0.3791 0.6797 -0.6280
vn -0.2854 0.5370 -0.7938
vn -0.4104 0.2946 -0.8630
vn -0.1407 0.3379 -0.9306
vn 0.0015 0.1558 -0.9878
vn -0.2844 0.3938 -0.8741
vn -0.9296 -0.0624 0.3633
vn -0.9890 -0.1475 -0.0146
vn -0.9632 -0.1518 0.2219
vn -0.9261 0.0862 0.3673
vn -0.8602 -0.1613 0.4838
vn -0.7180 -0.1725 0.6743
vn -0.9290 -0.0744 0.3626
vn 0.5679 -0.5169 -0.6405
vn 0.5144 -0.1826 -0.8379
vn 0.6001 -0.3652 -0.7117
vn 0.4451 -0.5960 -0.6683
vn 0.6690 -0.5446 -0.5059
vn 0.6956 -0.6544 -0.2964
vn 0.5774 -0.5100 -0.6376
vn 0.9317 -0.2030 0.3013
vn 0.8609 -0.5050 0.0617
vn 0.9381 -0.3047 0.1645
vn 0.8693 -0.2432 0.4303
vn 0.9649 -0.0410 0.2594
vn 0.9313 0.1887 0.3116
vn 0.9358 -0.1996 0.2905
vn -0.9253 0.2181 0.3104
vn -0.7439 0.5616 0.3621
vn -0.8790 0.3806 0.2871
vn -0.8909 0.1398 0.4322
vn -0.9755 0.1466 0.1639
vn -0.9978 -0.0541 0.0379
vn -0.9271 0.2242 0.3002
vn 0.9050 -0.4251 0.0139
vn 0.9882 -0.0633 0.1395
vn 0.9476 -0.2968 0.1180
vn 0.9010 -0.4125 -0.1343
vn 0.8284 -0.5512 0.0995
vn 0.6746 -0.7326 0.0909
vn 0.9045 -0.4257 0.0259
vn 0.6252 0.5226 -0.5797
vn 0.3308 0.4517 -0.8286
vn 0.4887 0.5481 -0.6788
vn 0.7073 0.3987 -0.5838
vn 0.6291 0.6336 -0.4503
vn 0.7003 0.6767 -0.2273
vn 0.6179 0.5322 -0.5788
vn 0.1560 0.6687 0.7270
vn 0.0185 0.8977 0.4403
vn 0.0506 0.7687 0.6377
vn 0.3005 0.6529 0.6953
vn 0.0692 0.5599 0.8257
vn 0.0673 0.3485 0.9349
vn 0.1441 0.6693 0.7289
vn -0.2469 -0.4963 -0.8323
vn -0.5090 -0.6381 -0.5778
vn -0.3956 -0.5248 -0.7537
vn -0.1243 -0.5768 -0.8074
vn -0.2449 -0.3429 -0.9069
vn -0.1126 -0.1594 -0.9808
vn -0.2566 -0.4893 -0.8335
vn 0.3795 0.8917 0.2469
vn 0.6512 0.6496 0.3923
vn 0.5268 0.8076 0.2651
vn 0.2738 0.8952 0.3515
vn 0.3514 0.9325 0.0836
vn 0.1898 0.9781 -0.0850
vn 0.3877 0.8905 0.2382
vn -0.6633 0.2564 0.7031
vn -0.8887 0.2529 0.3825
vn -0.7807 0.2071 0.5896
vn -0.5978 0.3900 0.7004
vn -0.6012 0.1231 0.7896
vn -0.4164 0.0318 0.9086
vn -0.6679 0.2453 0.7026
vn -0.4444 0.6270 -0.6399
vn -0.0778 0.6229 -0.7784
vn -0.3112 0.5946 -0.7414
vn -0.4404 0.7257 -0.5286
vn -0.5634 0.5055 -0.6535
vn -0.7414 0.3887 -0.5471
vn -0.4443 0.6184 -0.6483
vn -0.0360 -0.6531 -0.7564
vn -0.3975 -0.6865 -0.6088
vn -0.2053 -0.6393 -0.7411
vn 0.0472 -0.7409 -0.6699
vn 0.0281 -0.5257 -0.8502
vn 0.2165 -0.3878 -0.8960
vn -0.0427 -0.6453 -0.7627
vn -0.6781 0.4897 -0.5481
vn -0.8199 0.1245 -0.5589
vn -0.7785 0.3552 -0.5175
vn -0.5742 0.4919 -0.6545
vn -0.6818 0.6003 -0.4182
vn -0.5655 0.7692 -0.2975
vn -0.6858 0.4891 -0.5389
vn 0.2039 0.4803 -0.8531
vn 0.4367 0.1666 -0.8841
vn 0.2652 0.3302 -0.9059
vn 0.2811 0.5751 -0.7683
vn 0.0345 0.4880 -0.8721
vn -0.1702 0.5819 -0.7952
vn 0.1974 0.4722 -0.8591
vn -0.5957 0.3225 -0.7356
vn -0.8444 0.1045 -0.5254
vn -0.7236 0.2803 -0.6308
vn -0.5244 0.2242 -0.8214
vn -0.5338 0.4770 -0.6982
vn -0.3451 0.6221 -0.7028
vn -0.6009 0.3302 -0.7279
vn 0.8863 -0.2071 -0.4142
vn 0.9522 0.1498 -0.2664
vn 0.9461 -0.0835 -0.3130
vn 0.8191 -0.1811 -0.5444
vn 0.8744 -0.3552 -0.3304
vn 0.7637 -0.5651 -0.3121
vn 0.8909 -0.2090 -0.4033
vn -0.9885 0.0665 0.1362
vn -0.9300 0.3406 -0.1378
vn -0.9892 0.1455 -0.0150
vn -0.9550 0.1348 0.2641
vn -0.9877 -0.1030 0.1172
vn -0.9261 -0.3133 0.2102
vn -0.9902 0.0609 0.1257
vn -0.5641 0.1342 0.8147
vn -0.7034 -0.2065 0.6801
vn -0.5958 -0.0330 0.8024
vn -0.6355 0.2372 0.7347
vn -0.4161 0.1632 0.8946
vn -0.2306 0.3096 0.9225
vn -0.5577 0.1257 0.8204
vn 0.5211 -0.2953 0.8008
vn 0.3094 -0.0017 0.9509
vn 0.4021 -0.2124 0.8906
vn 0.6370 -0.2278 0.7365
vn 0.4686 -0.4522 0.7589
vn 0.4844 -0.6325 0.6044
vn 0.5112 -0.3005 0.8052
vn 0.6053 0.7853 0.1303
vn 0.4952 0.8342 -0.2426
vn 0.5276 0.8495 -0.0073
vn 0.7165 0.6867 0.1231
vn 0.5140 0.8136 0.2716
vn 0.4594 0.7400 0.4913
vn 0.5957 0.7925 0.1308
vn -0.6651 0.6540 -0.3604
vn -0.3403 0.7616 -0.5515
vn -0.5529 0.6762 -0.4869
vn -0.6539 0.7213 -0.2282
vn -0.7630 0.5170 -0.3880
vn -0.8931 0.3428 -0.2913
vn -0.6654 0.6479 -0.3708
vn -0.1234 0.7227 0.6800
vn -0.4945 0.6156 0.6135
vn -0.2777 0.6538 0.7039
vn -0.0921 0.8169 0.5693
vn -0.0042 0.6392 0.7690
vn 0.2251 0.5773 0.7849
vn -0.1259 0.7144 0.6884
vn 0.1481 0.0968 -0.9842
vn 0.0620 0.4655 -0.8829
vn 0.1672 0.2629 -0.9502
vn 0.0156 0.0311 -0.9994
vn 0.2929 0.0110 -0.9561
vn 0.3926 -0.1972 -0.8983
vn 0.1587 0.1021 -0.9820
vn -0.8508 -0.4525 -0.2670
vn -0.9874 -0.1399 -0.0742
vn -0.9236 -0.3012 -0.2371
vn -0.8192 -0.5508 -0.1599
vn -0.7818 -0.4581 -0.4229
vn -0.6143 -0.5529 -0.5630
vn -0.8526 -0.4441 -0.2754
vn 0.4356 -0.8751 0.2109
vn 0.4391 -0.8800 -0.1810
vn 0.4933 -0.8684 0.0504
vn 0.2991 -0.9217 0.2469
vn 0.5345 -0.7839 0.3159
vn 0.5475 -0.6578 0.5173
vn 0.4463 -0.8704 0.2077
vn -0.3276 -0.1457 0.9335
vn 0.0604 -0.1696 0.9837
vn -0.1686 -0.1049 0.9801
vn -0.3669 -0.2813 0.8867
vn -0.4218 -0.0061 0.9067
vn -0.6058 0.0904 0.7905
vn -0.3241 -0.1346 0.9364
vn -0.7568 -0.2936 0.5840
vn -0.9373 -0.2544 0.2383
vn -0.8347 -0.3341 0.4378
vn -0.7531 -0.1555 0.6393
vn -0.6509 -0.4176 0.6340
vn -0.4537 -0.4741 0.7546
vn -0.7564 -0.3045 0.5790
vn -0.3557 0.9238 0.1415
vn -0.0590 0.9157 0.3974
vn -0.2041 0.9555 0.2130
vn -0.4679 0.8576 0.2133
vn -0.3478 0.9371 -0.0284
vn -0.4371 0.8674 -0.2377
vn -0.3463 0.9283 0.1355
vn -0.1352 -0.9844 -0.1128
vn -0.1363 -0.8635 -0.4856
vn -0.0844 -0.9582 -0.2735
vn -0.2741 -0.9594 -0.0658
vn -0.0018 -1.0000 -0.0076
vn 0.0809 -0.9735 0.2140
vn -0.1238 -0.9854 -0.1165
vn -0.0998 -0.3750 0.9216
vn -0.3696 -0.0907 0.9248
vn -0.2518 -0.2975 0.9209
vn 0.0278 -0.3048 0.9520
vn -0.1073 -0.5264 0.8434
vn 0.0104 -0.6930 0.7208
vn -0.1100 -0.3803 0.9183
vn -0.7674 0.4246 -0.4804
vn -0.5151 0.3666 -0.7747
vn -0.6967 0.3588 -0.6211
vn -0.7220 0.5516 -0.4177
vn -0.8631 0.3089 -0.3995
vn -0.9528 0.2352 -0.1918
vn -0.7703 0.4139 -0.4851
vn -0.2791 -0.2263 0.9332
vn -0.0905 -0.5534 0.8280
vn -0.1586 -0.3467 0.9245
vn -0.4157 -0.2429 0.8765
vn -0.2122 -0.0749 0.9743
vn -0.2317 0.1619 0.9592
vn -0.2678 -0.2247 0.9369
vn -0.6120 0.6512 0.4488
vn -0.7093 0.7012 0.0725
vn -0.7013 0.6450 0.3036
vn -0.4908 0.7356 0.4669
vn -0.6517 0.5208 0.5514
vn -0.5789 0.3745 0.7243
vn -0.6212 0.6437 0.4469
vn 0.0972 -0.5263 0.8447
vn 0.4220 -0.3071 0.8530
vn 0.2083 -0.4051 0.8902
vn 0.1324 -0.6407 0.7563
vn -0.0633 -0.4778 0.8762
vn -0.2926 -0.4984 0.8160
vn 0.0943 -0.5165 0.8511
vn -0.8526 0.5128 -0.1006
vn -0.6124 0.7896 0.0384
vn -0.7530 0.6512 -0.0948
vn -0.8980 0.4395 0.0206
vn -0.8569 0.4464 -0.2577
vn -0.8859 0.2509 -0.3902
vn -0.8481 0.5182 -0.1103
vn 0.0740 -0.8932 0.4435
vn 0.2828 -0.9520 0.1172
vn 0.2076 -0.9171 0.3403
vn -0.0671 -0.9136 0.4010
vn 0.1183 -0.8043 0.5823
vn 0.0477 -0.6553 0.7539
vn 0.0853 -0.8907 0.4466
vn -0.7220 -0.1126 -0.6827
vn -0.9247 0.0305 -0.3794
vn -0.8107 -0.0042 -0.5854
vn -0.7110 -0.2582 -0.6541
vn -0.6160 -0.0292 -0.7872
vn -0.4124 -0.0353 -0.9103
vn -0.7222 -0.1007 -0.6844
vn 0.6151 -0.6165 0.4916
vn 0.4118 -0.8697 0.2722
vn 0.5773 -0.7285 0.3686
vn 0.5277 -0.5917 0.6094
vn 0.7383 -0.5095 0.4419
vn 0.8353 -0.2934 0.4650
vn 0.6216 -0.6179 0.4816
vn -0.3739 -0.9230 0.0913
vn -0.1967 -0.9461 -0.2575
vn -0.2605 -0.9650 -0.0290
vn -0.5056 -0.8606 0.0615
vn -0.3020 -0.9210 0.2460
vn -0.3058 -0.8303 0.4660
vn -0.3628 -0.9271 0.0936
vn -0.2657 0.2747 -0.9241
vn -0.0426 -0.0388 -0.9983
vn -0.2206 0.1162 -0.9684
vn -0.1683 0.3858 -0.9071
vn -0.4244 0.2785 -0.8616
vn -0.5787 0.3880 -0.7173
vn -0.2734 0.2654 -0.9246
vn 0.2205 -0.9561 0.1931
vn 0.0436 -0.9869 -0.1553
vn 0.1981 -0.9799 0.0256
vn 0.1084 -0.9506 0.2907
vn 0.3773 -0.8979 0.2267
vn 0.5151 -0.7713 0.3738
vn 0.2293 -0.9556 0.1850
vn -0.4396 0.4664 0.7676
vn -0.6021 0.6509 0.4624
vn -0.5555 0.5155 0.6525
vn -0.3089 0.5349 0.7865
vn -0.4725 0.3093 0.8253
vn -0.3837 0.1085 0.9171
vn -0.4498 0.4604 0.7653
vn 0.1669 -0.9294 -0.3291
vn -0.1355 -0.8215 -0.5539
vn 0.0776 -0.8813 -0.4662
vn 0.1040 -0.9739 -0.2019
vn 0.3298 -0.8802 -0.3412
vn 0.5282 -0.8188 -0.2248
vn 0.1719 -0.9249 -0.3391
vn -0.0455 -0.2037 0.9780
vn -0.3803 -0.0070 0.9248
vn -0.2122 -0.1714 0.9621
vn 0.0574 -0.0974 0.9936
vn -0.0089 -0.3637 0.9315
vn 0.1546 -0.5130 0.8443
vn -0.0538 -0.2121 0.9758
vn -0.3202 0.6287 0.7087
vn -0.2154 0.3180 0.9233
vn -0.2319 0.5297 0.8159
vn -0.4571 0.5956 0.6606
vn -0.2190 0.7430 0.6325
vn -0.1817 0.8790 0.4408
vn -0.3088 0.6308 0.7119
vn -0.5629 -0.6332 -0.5312
vn -0.6275 -0.2960 -0.7201
vn -0.5578 -0.5132 -0.6523
vn -0.6567 -0.6292 -0.4158
vn -0.4232 -0.7310 -0.5353
vn -0.2734 -0.8691 -0.4122
vn -0.5547 -0.6329 -0.5401
vn 0.4584 -0.7992 -0.3888
vn 0.4623 -0.8867 -0.0067
vn 0.4202 -0.8749 -0.2407
vn 0.5755 -0.7093 -0.4070
vn 0.3263 -0.8043 -0.4966
vn 0.2151 -0.7010 -0.6799
vn 0.4485 -0.8057 -0.3869
vn 0.5008 0.5986 0.6252
vn 0.7348 0.6028 0.3109
vn 0.5808 0.6538 0.4850
vn 0.5381 0.4738 0.6971
vn 0.3511 0.6778 0.6460
vn 0.1305 0.6659 0.7345
vn 0.4972 0.6082 0.6188
vn 0.1023 0.9943 0.0299
vn -0.0817 0.9258 0.3691
vn 0.0748 0.9775 0.1974
vn -0.0069 0.9974 -0.0711
vn 0.2655 0.9641 -0.0093
vn 0.4200 0.8905 -0.1747
vn 0.1110 0.9931 0.0381
vn -0.2448 -0.0548 0.9680
vn 0.1389 0.0223 0.9901
vn -0.0990 0.0297 0.9946
vn -0.2515 -0.2018 0.9466
vn -0.3714 0.0520 0.9270
vn -0.5778 0.0809 0.8122
vn -0.2440 -0.0428 0.9688
vn 0.6539 -0.7560 -0.0306
vn 0.6888 -0.6096 -0.3925
vn 0.7193 -0.6747 -0.1656
vn 0.5345 -0.8443 -0.0381
vn 0.7136 -0.6910 0.1154
vn 0.6738 -0.6524 0.3468
vn 0.6630 -0.7480 -0.0300
vn -0.5159 -0.4340 0.7385
vn -0.1941 -0.6575 0.7280
vn -0.3662 -0.5026 0.7831
vn -0.6024 -0.4891 0.6308
vn -0.5322 -0.2759 0.8004
vn -0.6309 -0.0610 0.7735
vn -0.5084 -0.4292 0.7466
vn 0.7279 -0.5934 0.3437
vn 0.4093 -0.8043 0.4309
vn 0.6101 -0.7166 0.3380
vn 0.7392 -0.4960 0.4556
vn 0.7996 -0.5694 0.1908
vn 0.9079 -0.4169 0.0436
vn 0.7263 -0.6007 0.3343
vn 0.6692 -0.4287 -0.6070
vn 0.3322 -0.5379 -0.7748
vn 0.5405 -0.4373 -0.7187
vn 0.6891 -0.5271 -0.4973
vn 0.7432 -0.2750 -0.6099
vn 0.8655 -0.1108 -0.4886
vn 0.6669 -0.4203 -0.6153
vn 0.3985 -0.8573 -0.3261
vn 0.4113 -0.6382 -0.6508
vn 0.4602 -0.7629 -0.4541
vn 0.2595 -0.9101 -0.3229
vn 0.4980 -0.8466 -0.1879
vn 0.5107 -0.8583 0.0494
vn 0.4094 -0.8521 -0.3260
vn 0.8116 0.1676 -0.5596
vn 0.9054 0.3570 -0.2296
vn 0.8880 0.2048 -0.4117
vn 0.7265 0.2641 -0.6344
vn 0.8093 -0.0007 -0.5874
vn 0.6984 -0.1835 -0.6918
vn 0.8177 0.1597 -0.5530
vn -0.4265 -0.7119 0.5580
vn -0.2514 -0.9263 0.2806
vn -0.3159 -0.8172 0.4820
vn -0.5544 -0.6686 0.4956
vn -0.3543 -0.6313 0.6899
vn -0.3525 -0.4371 0.8275
vn -0.4157 -0.7147 0.5625
vn 0.9498 -0.1552 0.2715
vn 0.7888 -0.0490 0.6127
vn 0.8876 -0.1653 0.4300
vn 0.9788 -0.0263 0.2030
vn 0.9338 -0.3037 0.1893
vn 0.9104 -0.4133 -0.0207
vn 0.9466 -0.1655 0.2768
vn -0.0039 0.9282 0.3721
vn 0.2932 0.9488 0.1173
vn 0.0862 0.9687 0.2329
vn 0.0563 0.8677 0.4939
vn -0.1712 0.9252 0.3386
vn -0.3837 0.8345 0.3954
vn -0.0088 0.9322 0.3618
vn 0.6798 0.7020 -0.2123
vn 0.3466 0.8888 -0.2998
vn 0.5491 0.8110 -0.2019
vn 0.7094 0.6209 -0.3335
vn 0.7432 0.6666 -0.0580
vn 0.8574 0.5087 0.0787
vn 0.6768 0.7079 -0.2023
vn -0.3334 0.8591 0.3884
vn -0.0841 0.7406 0.6666
vn -0.1945 0.8513 0.4872
vn -0.4588 0.7845 0.4173
vn -0.2967 0.9255 0.2356
vn -0.3529 0.9357 0.0045
vn -0.3229 0.8643 0.3857
vn 0.9882 0.0799 0.1305
vn 0.9704 -0.1737 -0.1678
vn 0.9995 0.0163 -0.0274
vn 0.9679 -0.0043 0.2514
vn 0.9603 0.2482 0.1274
vn 0.8673 0.4364 0.2394
vn 0.9889 0.0867 0.1205
vn 0.1227 -0.8566 -0.5012
vn 0.3808 -0.9006 -0.2095
vn 0.1947 -0.9134 -0.3574
vn 0.1950 -0.7743 -0.6020
vn -0.0473 -0.8682 -0.4940
vn -0.2559 -0.7816 -0.5689
vn 0.1168 -0.8624 -0.4926
vn 0.2024 0.5547 -0.8071
vn -0.1496 0.4096 -0.8999
vn 0.0346 0.5464 -0.8368
vn 0.2976 0.4464 -0.8439
vn 0.2392 0.6780 -0.6951
vn 0.3886 0.7558 -0.5270
vn 0.1945 0.5629 -0.8033
vn -0.1771 0.4857 0.8560
vn -0.3203 0.7386 0.5931
vn -0.2888 0.5764 0.7644
vn -0.0310 0.5133 0.8577
vn -0.2455 0.3384 0.9084
vn -0.2062 0.1124 0.9720
vn -0.1888 0.4829 0.8550
vn 0.5070 -0.3538 0.7860
vn 0.4140 0.0061 0.9103
vn 0.4308 -0.2283 0.8731
vn 0.6285 -0.3335 0.7027
vn 0.4051 -0.4899 0.7720
vn 0.3462 -0.6819 0.6443
vn 0.4966 -0.3551 0.7920
vn 0.9532 0.2985 0.0478
vn 0.8922 0.2981 -0.3393
vn 0.9281 0.3553 -0.1111
vn 0.9844 0.1567 0.0802
vn 0.8969 0.4110 0.1631
vn 0.8101 0.4447 0.3821
vn 0.9497 0.3097 0.0452
vn 0.6290 0.7247 -0.2814
vn 0.8155 0.5780 0.0305
vn 0.7443 0.6409 -0.1877
vn 0.5291 0.8186 -0.2236
vn 0.6147 0.6566 -0.4371
vn 0.4744 0.6192 -0.6257
vn 0.6365 0.7164 -0.2858
vn -0.3199 -0.3514 -0.8799
vn -0.5435 -0.0322 -0.8388
vn -0.3816 -0.1942 -0.9037
vn -0.3899 -0.4557 -0.8002
vn -0.1543 -0.3595 -0.9203
vn 0.0546 -0.4670 -0.8826
vn -0.3139 -0.3426 -0.8855
vn -0.2022 0.9599 -0.1941
vn -0.4870 0.7795 -0.3940
vn -0.3571 0.9033 -0.2376
vn -0.0846 0.9547 -0.2851
vn -0.1895 0.9816 -0.0254
vn -0.0459 0.9853 0.1644
vn -0.2115 0.9594 -0.1866
vn 0.8905 -0.4043 -0.2085
vn 0.7872 -0.6067 0.1109
vn 0.8388 -0.5334 -0.1096
vn 0.9480 -0.2781 -0.1549
vn 0.8299 -0.4200 -0.3672
vn 0.7639 -0.3085 -0.5668
vn 0.8850 -0.4142 -0.2126
vn 0.8996 -0.0799 -0.4293
vn 0.8628 -0.4324 -0.2620
vn 0.8768 -0.2481 -0.4119
vn 0.9476 0.0080 -0.3193
vn 0.8219 -0.0213 -0.5693
vn 0.7182 0.1644 -0.6762
vn 0.8949 -0.0870 -0.4378
vn -0.6596 -0.7499 0.0509
vn -0.5940 -0.6794 0.4308
vn -0.6844 -0.6978 0.2114
vn -0.5465 -0.8374 0.0098
vn -0.7514 -0.6572 -0.0590
vn -0.7702 -0.5727 -0.2807
vn -0.6681 -0.7421 0.0542
vn 0.8006 0.3576 -0.4808
vn 0.9690 0.1276 -0.2118
vn 0.8833 0.2257 -0.4110
vn 0.7734 0.4847 -0.4085
vn 0.7182 0.3107 -0.6226
vn 0.5347 0.3513 -0.7686
vn 0.8020 0.3469 -0.4862
vn 0.2966 0.8720 -0.3893
vn -0.0837 0.8710 -0.4840
vn 0.1307 0.9119 -0.3892
vn 0.3610 0.7901 -0.4954
vn 0.3669 0.8997 -0.2364
vn 0.5377 0.8391 -0.0821
vn 0.2911 0.8778 -0.3803
vn -0.9649 -0.2106 0.1568
vn -0.8166 -0.5687 0.0990
vn -0.9101 -0.3690 0.1885
vn -0.9873 -0.1576 0.0196
vn -0.9492 -0.1111 0.2944
vn -0.9193 0.1099 0.3778
vn -0.9622 -0.2147 0.1677
vn 0.7183 -0.0644 -0.6927
vn 0.6806 -0.4396 -0.5861
vn 0.6776 -0.2299 -0.6986
vn 0.8078 -0.0057 -0.5894
vn 0.6130 0.0286 -0.7896
vn 0.5108 0.2405 -0.8253
vn 0.7104 -0.0691 -0.7004
vn -0.5022 0.1778 0.8463
vn -0.7751 -0.0044 0.6319
vn -0.6091 0.0568 0.7911
vn -0.5078 0.3191 0.8002
vn -0.3665 0.1096 0.9239
vn -0.1369 0.1344 0.9814
vn -0.5013 0.1662 0.8492
vn 0.4208 -0.8758 -0.2363
vn 0.3790 -0.9129 0.1516
vn 0.3616 -0.9284 -0.0853
vn 0.5468 -0.7983 -0.2524
vn 0.3001 -0.8848 -0.3566
vn 0.2174 -0.7980 -0.5621
vn 0.4102 -0.8812 -0.2348
vn -0.3317 -0.5295 -0.7808
vn -0.5317 -0.1953 -0.8241
vn -0.3813 -0.3788 -0.8433
vn -0.4104 -0.6067 -0.6808
vn -0.1666 -0.5583 -0.8128
vn 0.0332 -0.6676 -0.7438
vn -0.3250 -0.5227 -0.7881
vn 0.1678 -0.5744 0.8012
vn 0.3152 -0.7974 0.5146
vn 0.2809 -0.6545 0.7019
vn 0.0217 -0.6023 0.7980
vn 0.2349 -0.4334 0.8700
vn 0.1941 -0.2157 0.9570
vn 0.1795 -0.5715 0.8007
vn -0.6301 -0.1674 0.7583
vn -0.5585 -0.5327 0.6358
vn -0.5692 -0.3267 0.7545
vn -0.7362 -0.1180 0.6664
vn -0.5274 -0.0642 0.8472
vn -0.4485 0.1580 0.8797
vn -0.6209 -0.1712 0.7650
vn -0.5281 -0.2880 -0.7989
vn -0.6239 0.0914 -0.7762
vn -0.5357 -0.1216 -0.8356
vn -0.6185 -0.3545 -0.7013
vn -0.3815 -0.3565 -0.8529
vn -0.2181 -0.5266 -0.8216
vn -0.5203 -0.2823 -0.8060
vn -0.1378 -0.7644 -0.6299
vn 0.1597 -0.8971 -0.4119
vn -0.0508 -0.8557 -0.5149
vn -0.0728 -0.6777 -0.7317
vn -0.3023 -0.7513 -0.5866
vn -0.5019 -0.6225 -0.6005
vn -0.1429 -0.7707 -0.6210
vn -0.7319 -0.6813 0.0120
vn -0.5356 -0.7737 0.3384
vn -0.6937 -0.6981 0.1774
vn -0.6559 -0.7486 -0.0968
vn -0.8359 -0.5487 -0.0143
vn -0.9096 -0.3808 -0.1660
vn -0.7373 -0.6752 0.0208
vn 0.3478 -0.9306 0.1138
vn 0.0566 -0.9249 0.3761
vn 0.1973 -0.9622 0.1878
vn 0.4622 -0.8673 0.1847
vn 0.3362 -0.9401 -0.0561
vn 0.4219 -0.8668 -0.2657
vn 0.3382 -0.9349 0.1080
vn 0.5137 0.2092 0.8321
vn 0.7690 0.3173 0.5550
vn 0.6089 0.3083 0.7309
vn 0.5327 0.0622 0.8440
vn 0.3719 0.2900 0.8818
vn 0.1455 0.2693 0.9520
vn 0.5117 0.2210 0.8303
vn -0.6808 -0.7293 0.0681
vn -0.8533 -0.4437 0.2737
vn -0.7890 -0.6044 0.1103
vn -0.5871 -0.7926 0.1647
vn -0.6634 -0.7414 -0.1012
vn -0.5229 -0.8041 -0.2827
vn -0.6877 -0.7235 0.0602
vn 0.3891 -0.8081 -0.4423
vn 0.3422 -0.9366 -0.0750
vn 0.3264 -0.8935 -0.3085
vn 0.5180 -0.7341 -0.4390
vn 0.2692 -0.7828 -0.5610
vn 0.1918 -0.6455 -0.7393
vn 0.3782 -0.8133 -0.4421
vn -0.5912 -0.7614 0.2659
vn -0.5306 -0.5869 0.6116
vn -0.6199 -0.6706 0.4075
vn -0.4711 -0.8469 0.2464
vn -0.6912 -0.7094 0.1379
vn -0.7182 -0.6889 -0.0977
vn -0.6004 -0.7537 0.2672
vn -0.7722 0.2580 0.5807
vn -0.8625 -0.1132 0.4933
vn -0.7964 0.0900 0.5980
vn -0.8200 0.3360 0.4634
vn -0.6530 0.3147 0.6888
vn -0.4853 0.4778 0.7322
vn -0.7675 0.2514 0.5896
vn 0.7954 -0.5061 -0.3334
vn 0.8092 -0.1850 -0.5577
vn 0.8463 -0.3559 -0.3963
vn 0.6969 -0.5942 -0.4015
vn 0.8367 -0.5211 -0.1685
vn 0.7837 -0.6197 0.0415
vn 0.8027 -0.4984 -0.3275
vn -0.9947 0.0755 0.0695
vn -0.9546 -0.2914 -0.0625
vn -0.9932 -0.0951 0.0664
vn -0.9858 0.1596 -0.0529
vn -0.9646 0.1347 0.2266
vn -0.8793 0.3131 0.3589
vn -0.9945 0.0686 0.0793
vn 0.2953 -0.8988 -0.3240
vn -0.0880 -0.9592 -0.2687
vn 0.1300 -0.9248 -0.3576
vn 0.3549 -0.9156 -0.1888
vn 0.3711 -0.8123 -0.4500
vn 0.5461 -0.6633 -0.5117
vn 0.2901 -0.8966 -0.3347
vn 0.7387 -0.0244 -0.6736
vn 0.7678 0.3432 -0.5410
vn 0.7984 0.1127 -0.5915
vn 0.6307 -0.0181 -0.7758
vn 0.7856 -0.1686 -0.5954
vn 0.7341 -0.3967 -0.5512
vn 0.7467 -0.0249 -0.6647
vn 0.5660 -0.3059 -0.7655
vn 0.5783 0.0831 -0.8116
vn 0.6252 -0.1458 -0.7667
vn 0.4380 -0.3463 -0.8296
vn 0.6468 -0.4007 -0.6489
vn 0.6353 -0.5872 -0.5016
vn 0.5759 -0.3023 -0.7596
vn 0.7039 -0.2821 0.6519
vn 0.3769 -0.3770 0.8460
vn 0.5802 -0.3762 0.7223
vn 0.7216 -0.1369 0.6786
vn 0.7743 -0.3624 0.5188
vn 0.8874 -0.3406 0.3106
vn 0.7018 -0.2937 0.6491
vn -0.7004 0.6198 0.3541
vn -0.9148 0.3036 0.2665
vn -0.7945 0.4788 0.3736
vn -0.6865 0.6916 0.2246
vn -0.5938 0.6416 0.4855
vn -0.3869 0.7319 0.5609
vn -0.7008 0.6133 0.3642
vn -0.9133 -0.0730 0.4007
vn -0.6868 -0.1128 0.7180
vn -0.8355 -0.0373 0.5482
vn -0.9166 -0.2091 0.3407
vn -0.9473 0.0692 0.3128
vn -0.9809 0.1674 0.0986
vn -0.9122 -0.0619 0.4051
vn -0.4299 0.2568 0.8656
vn -0.0629 0.3825 0.9218
vn -0.2969 0.3622 0.8835
vn -0.4244 0.1119 0.8985
vn -0.5511 0.3265 0.7679
vn -0.7317 0.2883 0.6176
vn -0.4299 0.2683 0.8621
vn -0.8990 0.3564 0.2545
vn -0.9888 -0.0101 0.1487
vn -0.9447 0.1924 0.2656
vn -0.8934 0.4313 0.1261
vn -0.8216 0.4087 0.3973
vn -0.6651 0.5591 0.4950
vn -0.8986 0.3500 0.2647
vn -0.5846 0.6699 0.4577
vn -0.3031 0.6180 0.7254
vn -0.4482 0.7002 0.5557
vn -0.6780 0.5564 0.4803
vn -0.5755 0.7564 0.3109
vn -0.6380 0.7657 0.0814
vn -0.5764 0.6785 0.4554
vn -0.4856 0.4264 0.7631
vn -0.7732 0.3910 0.4992
vn -0.6268 0.3701 0.6857
vn -0.4150 0.5513 0.7238
vn -0.4141 0.3040 0.8580
vn -0.2137 0.2171 0.9525
vn -0.4909 0.4159 0.7656
vn 0.3431 0.9194 -0.1922
vn 0.2543 0.7937 -0.5526
vn 0.2618 0.9028 -0.3412
vn 0.4780 0.8626 -0.1658
vn 0.2364 0.9692 -0.0688
vn 0.1874 0.9685 0.1641
vn 0.3319 0.9231 -0.1942
vn 0.8623 0.5013 0.0723
vn 0.6048 0.7952 0.0427
vn 0.7644 0.6343 0.1151
vn 0.8859 0.4589 -0.0683
vn 0.8924 0.4010 0.2070
vn 0.9414 0.1813 0.2844
vn 0.8595 0.5042 0.0837
vn 0.9140 0.2216 0.3398
vn 0.6951 0.2905 0.6576
vn 0.8450 0.2029 0.4947
vn 0.9017 0.3460 0.2592
vn 0.9592 0.0709 0.2738
vn 0.9955 -0.0568 0.0763
vn 0.9141 0.2113 0.3461
vn -0.3074 -0.9209 0.2395
vn -0.6495 -0.7360 0.1909
vn -0.4562 -0.8733 0.1708
vn -0.2665 -0.8865 0.3783
vn -0.1979 -0.9729 0.1194
vn 0.0300 -0.9980 0.0556
vn -0.3105 -0.9229 0.2280
vn -0.6983 0.4947 0.5174
vn -0.4668 0.7885 0.4004
vn -0.6432 0.6320 0.4324
vn -0.6308 0.4408 0.6385
vn -0.8098 0.4051 0.4244
vn -0.9052 0.1918 0.3793
vn -0.7031 0.4986 0.5071
vn 0.3262 -0.3805 -0.8653
vn 0.3084 -0.7020 -0.6419
vn 0.2733 -0.5301 -0.8027
vn 0.4570 -0.3188 -0.8304
vn 0.1971 -0.2937 -0.9353
vn 0.1081 -0.0802 -0.9909
vn 0.3153 -0.3852 -0.8673
vn -0.6782 -0.7349 0.0066
vn -0.4581 -0.8307 0.3164
vn -0.6299 -0.7582 0.1686
vn -0.6035 -0.7897 -0.1098
vn -0.7929 -0.6093 -0.0062
vn -0.8870 -0.4390 -0.1433
vn -0.6836 -0.7297 0.0160
vn 0.0329 -0.9961 0.0824
vn -0.2686 -0.9095 0.3174
vn -0.1269 -0.9819 0.1404
vn 0.1531 -0.9740 0.1673
vn 0.0370 -0.9954 -0.0881
vn 0.1626 -0.9450 -0.2839
vn 0.0232 -0.9969 0.0754
vn 0.7325 -0.0694 0.6772
vn 0.4314 0.0437 0.9011
vn 0.6062 -0.0751 0.7918
vn 0.7839 0.0572 0.6182
vn 0.7611 -0.2231 0.6091
vn 0.8388 -0.3458 0.4205
vn 0.7276 -0.0796 0.6813
vn -0.2849 0.8442 0.4541
vn -0.1667 0.9803 0.1061
vn -0.2906 0.9097 0.2967
vn -0.1594 0.8310 0.5329
vn -0.4281 0.7589 0.4907
vn -0.5286 0.5836 0.6164
vn -0.2948 0.8444 0.4473
vn -0.4054 -0.9124 -0.0562
vn -0.0237 -0.9960 -0.0859
vn -0.2494 -0.9683 -0.0157
vn -0.4454 -0.8740 -0.1942
vn -0.4925 -0.8663 0.0831
vn -0.6634 -0.7278 0.1740
vn -0.4018 -0.9146 -0.0449
vn 0.6271 -0.2956 -0.7207
vn 0.4247 -0.6247 -0.6552
vn 0.5171 -0.4240 -0.7435
vn 0.7315 -0.2950 -0.6147
vn 0.5758 -0.1551 -0.8028
vn 0.5791 0.0828 -0.8111
vn 0.6180 -0.2953 -0.7286
vn 0.6252 0.4917 0.6061
vn 0.4781 0.2222 0.8497
vn 0.6145 0.3533 0.7054
vn 0.5232 0.5999 0.6053
vn 0.7398 0.4697 0.4817
vn 0.8078 0.5284 0.2613
vn 0.6329 0.4824 0.6056
vn -0.6562 -0.7432 0.1304
vn -0.4332 -0.7806 0.4505
vn -0.6072 -0.7383 0.2937
vn -0.5800 -0.8142 0.0242
vn -0.7746 -0.6248 0.0978
vn -0.8737 -0.4821 -0.0648
vn -0.6617 -0.7368 0.1389
vn 0.5471 0.8369 -0.0147
vn 0.8226 0.5662 0.0520
vn 0.6796 0.7325 -0.0404
vn 0.4891 0.8640 0.1195
vn 0.4656 0.8703 -0.1608
vn 0.2596 0.9287 -0.2647
vn 0.5513 0.8339 -0.0256
vn 0.7679 0.1362 0.6259
vn 0.9182 -0.1255 0.3758
vn 0.8628 0.0693 0.5009
vn 0.6896 0.0542 0.7221
vn 0.7404 0.3026 0.6001
vn 0.5964 0.4884 0.6370
vn 0.7735 0.1427 0.6175
vn 0.5488 -0.7485 -0.3722
vn 0.1857 -0.8879 -0.4210
vn 0.4041 -0.7973 -0.4483
vn 0.5815 -0.7802 -0.2306
vn 0.6277 -0.6267 -0.4618
vn 0.7739 -0.4390 -0.4565
vn 0.5456 -0.7453 -0.3833
vn 0.2042 0.1911 -0.9601
vn 0.4970 -0.0519 -0.8662
vn 0.3002 0.0502 -0.9526
vn 0.2503 0.3242 -0.9123
vn 0.0403 0.1527 -0.9875
vn -0.1868 0.2176 -0.9580
vn 0.2003 0.1801 -0.9630
vn 0.7139 -0.0331 0.6995
vn 0.9046 -0.1757 0.3883
vn 0.8220 -0.0433 0.5679
vn 0.6397 -0.1501 0.7538
vn 0.6701 0.1287 0.7310
vn 0.5051 0.2769 0.8175
vn 0.7192 -0.0236 0.6944
vn -0.0595 0.2416 -0.9685
vn -0.0144 -0.1472 -0.9890
vn -0.0954 0.0766 -0.9925
vn 0.0789 0.2938 -0.9526
vn -0.1986 0.3292 -0.9231
vn -0.2859 0.5174 -0.8065
vn -0.0706 0.2372 -0.9689
vn -0.5201 0.7845 -0.3378
vn -0.6382 0.5026 -0.5832
vn -0.6194 0.6678 -0.4129
vn -0.3911 0.8313 -0.3951
vn -0.5641 0.8071 -0.1745
vn -0.4927 0.8691 0.0439
vn -0.5301 0.7799 -0.3328
vn 0.4100 0.4704 0.7814
vn 0.4217 0.7510 0.5081
vn 0.3730 0.6134 0.6961
vn 0.5304 0.3875 0.7540
vn 0.2745 0.4136 0.8681
vn 0.1624 0.2251 0.9607
vn 0.3998 0.4767 0.7829
vn -0.8140 0.0424 0.5793
vn -0.6032 0.3408 0.7211
vn -0.7635 0.2018 0.6134
vn -0.7582 -0.0775 0.6474
vn -0.9009 0.0353 0.4326
vn -0.9645 -0.0972 0.2455
vn -0.8177 0.0521 0.5732
vn -0.0215 0.8598 -0.5102
vn 0.1170 0.9795 -0.1637
vn 0.0868 0.9162 -0.3911
vn -0.1689 0.8547 -0.4909
vn 0.0604 0.7727 -0.6319
vn 0.0475 0.6019 -0.7971
vn -0.0096 0.8594 -0.5112
vn 0.4462 0.1778 -0.8771
vn 0.6295 0.4343 -0.6443
vn 0.5685 0.2511 -0.7834
vn 0.3197 0.2465 -0.9149
vn 0.4670 0.0086 -0.8842
vn 0.3624 -0.2037 -0.9095
vn 0.4560 0.1721 -0.8732
vn 0.9358 0.3492 -0.0483
vn 0.9927 0.0001 0.1205
vn 0.9821 0.1863 -0.0273
vn 0.8965 0.4383 0.0641
vn 0.8994 0.3824 -0.2116
vn 0.7752 0.5160 -0.3645
vn 0.9381 0.3416 -0.0574
vn -0.0163 -0.8773 0.4796
vn 0.2722 -0.6916 0.6690
vn 0.0684 -0.7950 0.6028
vn 0.0493 -0.9324 0.3580
vn -0.1843 -0.8509 0.4919
vn -0.3926 -0.8387 0.3775
vn -0.0216 -0.8720 0.4890
vn 0.6605 0.7337 -0.1593
vn 0.5001 0.8471 0.1799
vn 0.6426 0.7662 0.0073
vn 0.5653 0.7819 -0.2628
vn 0.7722 0.6075 -0.1859
vn 0.8412 0.4297 -0.3282
vn 0.6676 0.7291 -0.1507
vn -0.2569 -0.8614 -0.4382
vn -0.5602 -0.8047 -0.1966
vn -0.4144 -0.8253 -0.3836
vn -0.1526 -0.9234 -0.3521
vn -0.2222 -0.7805 -0.5843
vn -0.0544 -0.6868 -0.7248
vn -0.2651 -0.8555 -0.4447
vn 0.3388 -0.3280 -0.8819
vn 0.0479 -0.0908 -0.9947
vn 0.2576 -0.1927 -0.9468
vn 0.2708 -0.4558 -0.8479
vn 0.4927 -0.2848 -0.8223
vn 0.6665 -0.3329 -0.6670
vn 0.3440 -0.3173 -0.8838
vn 0.7535 0.1091 -0.6484
vn 0.5867 -0.2206 -0.7792
vn 0.6647 0.0019 -0.7471
vn 0.8412 0.0641 -0.5370
vn 0.6969 0.2692 -0.6647
vn 0.6716 0.4825 -0.5622
vn 0.7456 0.1126 -0.6568
vn 0.1498 -0.5372 -0.8301
vn 0.4932 -0.3514 -0.7958
vn 0.3156 -0.5097 -0.8004
vn 0.0611 -0.4382 -0.8968
vn 0.0916 -0.6685 -0.7381
vn -0.0961 -0.7692 -0.6318
vn 0.1569 -0.5447 -0.8238
vn -0.7178 0.0137 -0.6961
vn -0.4327 -0.1789 -0.8836
vn -0.6303 -0.1138 -0.7680
vn -0.6828 0.1572 -0.7135
vn -0.8194 -0.0436 -0.5716
vn -0.9303 0.0056 -0.3668
vn -0.7200 0.0021 -0.6940
vn -0.1787 0.6058 -0.7753
vn -0.0623 0.8622 -0.5027
vn -0.0817 0.7181 -0.6911
vn -0.3227 0.5833 -0.7454
vn -0.0830 0.4961 -0.8643
vn -0.0658 0.2781 -0.9583
vn -0.1668 0.6070 -0.7770
vn -0.1767 -0.9732 0.1474
vn 0.2141 -0.9612 0.1742
vn -0.0199 -0.9765 0.2146
vn -0.2033 -0.9791 0.0012
vn -0.2917 -0.9200 0.2617
vn -0.5009 -0.8126 0.2981
vn -0.1743 -0.9717 0.1592
vn -0.9038 -0.4211 -0.0757
vn -0.7389 -0.6427 0.2024
vn -0.8695 -0.4877 0.0775
vn -0.8539 -0.4791 -0.2033
vn -0.9631 -0.2618 -0.0619
vn -0.9852 -0.0482 -0.1646
vn -0.9070 -0.4160 -0.0653
vn 0.2732 -0.9156 -0.2950
vn -0.1170 -0.9510 -0.2862
vn 0.1118 -0.9307 -0.3483
vn 0.3151 -0.9365 -0.1538
vn 0.3689 -0.8340 -0.4103
vn 0.5593 -0.6967 -0.4493
vn 0.2695 -0.9130 -0.3062
vn 0.5166 -0.7508 -0.4115
vn 0.7664 -0.4521 -0.4564
vn 0.6525 -0.6501 -0.3893
vn 0.4228 -0.7378 -0.5262
vn 0.4788 -0.8358 -0.2685
vn 0.3094 -0.9408 -0.1384
vn 0.5237 -0.7512 -0.4018
vn 0.9194 -0.0479 0.3904
vn 0.7447 -0.3506 0.5678
vn 0.8779 -0.2083 0.4313
vn 0.8791 0.0702 0.4714
vn 0.9728 -0.0372 0.2288
vn 0.9944 0.0994 0.0351
vn 0.9218 -0.0575 0.3835
vn -0.4879 -0.0983 -0.8674
vn -0.1875 0.1299 -0.9736
vn -0.3412 -0.0484 -0.9388
vn -0.5871 -0.0037 -0.8095
vn -0.4860 -0.2653 -0.8327
vn -0.5686 -0.4407 -0.6946
vn -0.4793 -0.1059 -0.8712
vn -0.3226 -0.7830 0.5318
vn -0.2802 -0.5122 0.8119
vn -0.3618 -0.6674 0.6509
vn -0.1857 -0.8381 0.5130
vn -0.4453 -0.7940 0.4138
vn -0.5000 -0.8454 0.1879
vn -0.3334 -0.7778 0.5328
vn -0.9564 -0.1959 -0.2167
vn -0.9952 0.0690 0.0695
vn -0.9893 -0.0485 -0.1373
vn -0.9347 -0.3244 -0.1450
vn -0.9098 -0.1697 -0.3787
vn -0.7860 -0.2499 -0.5655
vn -0.9572 -0.1853 -0.2223
vn -0.0568 -0.9983 0.0135
vn 0.1676 -0.9299 0.3275
vn -0.0081 -0.9843 0.1764
vn 0.0381 -0.9942 -0.1010
vn -0.2249 -0.9744 -0.0029
vn -0.4029 -0.9038 -0.1443
vn -0.0644 -0.9977 0.0228
vn -0.8822 0.3783 -0.2803
vn -0.9390 0.3278 0.1041
vn -0.9030 0.4139 -0.1148
vn -0.9084 0.2443 -0.3392
vn -0.7894 0.4985 -0.3581
vn -0.6401 0.5504 -0.5360
vn -0.8792 0.3888 -0.2753
vn 0.7739 0.6295 -0.0694
vn 0.5098 0.8525 0.1155
vn 0.6954 0.7165 0.0547
vn 0.7374 0.6410 -0.2131
vn 0.8657 0.5005 -0.0058
vn 0.9577 0.2844 -0.0436
vn 0.7761 0.6280 -0.0576
vn -0.7356 -0.0961 -0.6706
vn -0.8874 0.1715 -0.4278
vn -0.7902 0.0540 -0.6105
vn -0.7640 -0.2261 -0.6043
vn -0.6125 -0.0749 -0.7869
vn -0.4201 -0.1675 -0.8919
vn -0.7325 -0.0854 -0.6753
vn -0.3633 0.9114 -0.1933
vn -0.6338 0.7716 0.0535
vn -0.4552 0.8889 -0.0513
vn -0.4022 0.8557 -0.3256
vn -0.2058 0.9659 -0.1569
vn 0.0223 0.9743 -0.2243
vn -0.3598 0.9150 -0.1824
vn -0.0880 0.6008 0.7945
vn 0.2990 0.5396 0.7870
vn 0.0789 0.6290 0.7734
vn -0.1427 0.4815 0.8647
vn -0.1810 0.6997 0.6912
vn -0.3847 0.7254 0.5708
vn -0.0835 0.6099 0.7881
vn -0.9312 0.2760 -0.2383
vn -0.9748 -0.1109 -0.1936
vn -0.9771 0.1260 -0.1712
vn -0.8793 0.2913 -0.3768
vn -0.9115 0.3944 -0.1170
vn -0.8020 0.5951 -0.0510
vn -0.9345 0.2745 -0.2268
vn 0.2264 0.7435 -0.6293
vn 0.5827 0.6340 -0.5084
vn 0.3827 0.6752 -0.6306
vn 0.1775 0.8342 -0.5220
vn 0.1229 0.6630 -0.7385
vn -0.1007 0.6018 -0.7923
vn 0.2301 0.7354 -0.6374
vn -0.9473 -0.2005 0.2497
vn -0.9392 0.1897 0.2861
vn -0.9754 -0.0353 0.2175
vn -0.8912 -0.2504 0.3781
vn -0.9503 -0.2928 0.1063
vn -0.8730 -0.4877 -0.0064
vn -0.9510 -0.1962 0.2391
vn -0.4646 0.6061 0.6456
vn -0.4753 0.2653 0.8389
vn -0.4297 0.4856 0.7613
vn -0.5800 0.5989 0.5522
vn -0.3310 0.7096 0.6221
vn -0.2156 0.8545 0.4726
vn -0.4547 0.6061 0.6526
vn 0.9172 -0.3219 0.2347
vn 0.8408 -0.5346 -0.0855
vn 0.9229 -0.3779 0.0736
vn 0.8508 -0.3965 0.3449
vn 0.9571 -0.1563 0.2440
vn 0.9307 0.0482 0.3627
vn 0.9217 -0.3156 0.2255
vn -0.1914 -0.2770 0.9416
vn -0.5326 -0.3582 0.7668
vn -0.3202 -0.3660 0.8738
vn -0.1991 -0.1314 0.9711
vn -0.0445 -0.3630 0.9307
vn 0.1928 -0.3505 0.9165
vn -0.1906 -0.2886 0.9383
vn 0.8436 0.4183 -0.3367
vn 0.9709 0.2392 -0.0121
vn 0.9225 0.3059 -0.2354
vn 0.7864 0.5466 -0.2878
vn 0.8017 0.3477 -0.4863
vn 0.6530 0.3492 -0.6721
vn 0.8474 0.4074 -0.3403
vn -0.2413 0.9628 0.1216
vn -0.1252 0.8664 0.4833
vn -0.1461 0.9537 0.2629
vn -0.3826 0.9167 0.1150
vn -0.1446 0.9894 -0.0164
vn -0.1212 0.9603 -0.2514
vn -0.2296 0.9656 0.1221
vn 0.7412 0.5280 0.4146
vn 0.4669 0.5482 0.6938
vn 0.6589 0.5005 0.5615
vn 0.7037 0.6351 0.3185
vn 0.8395 0.3949 0.3732
vn 0.9422 0.2702 0.1983
vn 0.7435 0.5187 0.4220
vn -0.3352 -0.0280 -0.9417
vn -0.4724 0.3189 -0.8217
vn -0.3530 0.1408 -0.9250
vn -0.4350 -0.1263 -0.8916
vn -0.1747 -0.0695 -0.9822
vn -0.0033 -0.2343 -0.9722
vn -0.3267 -0.0200 -0.9449
vn -0.1942 0.7621 0.6176
vn 0.1544 0.8676 0.4728
vn -0.0763 0.8462 0.5274
vn -0.1612 0.6672 0.7273
vn -0.3462 0.7670 0.5402
vn -0.5557 0.6593 0.5065
vn -0.1967 0.7691 0.6081
vn -0.2200 0.3501 -0.9105
vn -0.5239 0.1115 -0.8445
vn -0.3786 0.2973 -0.8765
vn -0.1123 0.2597 -0.9591
vn -0.1901 0.5037 -0.8427
vn -0.0279 0.6545 -0.7555
vn -0.2285 0.3571 -0.9057
vn 0.3322 0.2997 -0.8943
vn 0.0907 0.5935 -0.7997
vn 0.2779 0.4542 -0.8465
vn 0.2425 0.1951 -0.9503
vn 0.4873 0.2666 -0.8315
vn 0.6417 0.1001 -0.7604
vn 0.3392 0.3079 -0.8889
vn -0.7029 -0.6212 -0.3465
vn -0.8832 -0.4678 -0.0341
vn -0.8108 -0.5281 -0.2526
vn -0.6186 -0.7301 -0.2903
vn -0.6729 -0.5475 -0.4974
vn -0.5206 -0.5190 -0.6780
vn -0.7091 -0.6118 -0.3507
vn 0.4140 -0.1533 -0.8973
vn 0.4405 0.2365 -0.8660
vn 0.4811 0.0022 -0.8767
vn 0.2751 -0.1769 -0.9450
vn 0.5074 -0.2718 -0.8177
vn 0.5097 -0.4845 -0.7110
vn 0.4248 -0.1512 -0.8926
vn 0.0883 0.2210 -0.9713
vn -0.1034 -0.1205 -0.9873
vn -0.0378 0.1082 -0.9934
vn 0.2310 0.1822 -0.9557
vn 0.0272 0.3740 -0.9270
vn 0.0675 0.5788 -0.8127
vn 0.0766 0.2239 -0.9716
vn 0.9135 -0.1244 -0.3874
vn 0.9374 0.2420 -0.2504
vn 0.9572 0.0080 -0.2892
vn 0.8472 -0.1098 -0.5198
vn 0.9152 -0.2702 -0.2989
vn 0.8269 -0.4900 -0.2759
vn 0.9180 -0.1255 -0.3763
vn 0.8999 0.4172 -0.1270
vn 0.8782 0.1843 -0.4414
vn 0.8840 0.3672 -0.2893
vn 0.9448 0.3271 -0.0175
vn 0.8191 0.5650 -0.0997
vn 0.7074 0.7045 0.0575
vn 0.8954 0.4242 -0.1357
vn 0.5799 -0.8083 0.1015
vn 0.2366 -0.9429 0.2342
vn 0.4331 -0.8948 0.1088
vn 0.6391 -0.7375 0.2182
vn 0.6257 -0.7778 -0.0600
vn 0.7434 -0.6351 -0.2097
vn 0.5746 -0.8133 0.0920
vn 0.4347 -0.7752 0.4585
vn 0.1256 -0.7119 0.6910
vn 0.2833 -0.7966 0.5341
vn 0.5361 -0.6767 0.5047
vn 0.4370 -0.8467 0.3036
vn 0.5300 -0.8438 0.0846
vn 0.4260 -0.7824 0.4543
vn -0.5628 -0.3838 0.7321
vn -0.3964 -0.7070 0.5857
vn -0.4617 -0.5205 0.7183
vn -0.6782 -0.3579 0.6418
vn -0.4914 -0.2638 0.8300
vn -0.4746 -0.0316 0.8796
vn -0.5529 -0.3855 0.7387
vn -0.8273 -0.4799 -0.2922
vn -0.9383 -0.1058 -0.3293
vn -0.8705 -0.3313 -0.3641
vn -0.8474 -0.5099 -0.1479
vn -0.7224 -0.5690 -0.3930
vn -0.5487 -0.7312 -0.4053
vn -0.8248 -0.4769 -0.3036
vn -0.3501 -0.5973 0.7216
vn -0.6735 -0.5363 0.5087
vn -0.4801 -0.6257 0.6148
vn -0.3410 -0.4777 0.8096
vn -0.2165 -0.6966 0.6840
vn 0.0199 -0.7228 0.6908
vn -0.3505 -0.6064 0.7137
vn 0.0404 -0.0311 0.9987
vn -0.3455 0.0005 0.9384
vn -0.1249 -0.0724 0.9895
vn 0.0905 0.1087 0.9899
vn 0.1396 -0.1680 0.9758
vn 0.3503 -0.2509 0.9024
vn 0.0363 -0.0424 0.9984
vn -0.1742 -0.0511 -0.9834
vn -0.2654 0.3226 -0.9086
vn -0.1642 0.1191 -0.9792
vn -0.2968 -0.1269 -0.9465
vn -0.0192 -0.1219 -0.9924
vn 0.1160 -0.3114 -0.9432
vn -0.1641 -0.0449 -0.9854
vn 0.2996 -0.5342 0.7905
vn -0.0577 -0.4212 0.9051
vn 0.1339 -0.5410 0.8303
vn 0.3868 -0.4179 0.8221
vn 0.3404 -0.6538 0.6758
vn 0.4858 -0.7179 0.4986
vn 0.2922 -0.5431 0.7871
vn -0.4195 0.8385 -0.3477
vn -0.6779 0.7315 -0.0732
vn -0.5080 0.8374 -0.2019
vn -0.4567 0.7574 -0.4667
vn -0.2651 0.9076 -0.3257
vn -0.0388 0.9162 -0.3989
vn -0.4161 0.8443 -0.3377
vn 0.9454 0.2606 0.1957
vn 0.7734 0.6116 0.1668
vn 0.8792 0.4115 0.2402
vn 0.9735 0.2219 0.0549
vn 0.9345 0.1483 0.3237
vn 0.9188 -0.0807 0.3864
vn 0.9422 0.2635 0.2070
vn 0.8091 -0.4921 -0.3212
vn 0.5940 -0.7852 -0.1749
vn 0.7098 -0.6306 -0.3139
vn 0.8778 -0.4342 -0.2026
vn 0.7853 -0.4066 -0.4669
vn 0.7927 -0.1959 -0.5773
vn 0.8028 -0.4963 -0.3305
vn -0.4458 0.8916 -0.0794
vn -0.5826 0.7087 -0.3978
vn -0.5531 0.8122 -0.1855
vn -0.3122 0.9423 -0.1208
vn -0.4907 0.8673 0.0834
vn -0.4184 0.8538 0.3098
vn -0.4562 0.8866 -0.0759
vn -0.4784 0.2304 -0.8474
vn -0.1149 0.1668 -0.9793
vn -0.3463 0.1554 -0.9251
vn -0.4754 0.3706 -0.7979
vn -0.5935 0.1153 -0.7965
vn -0.7652 0.0611 -0.6409
vn -0.4782 0.2188 -0.8506
vn -0.4705 0.0478 0.8811
vn -0.6594 -0.2495 0.7092
vn -0.5222 -0.1109 0.8456
vn -0.5364 0.1695 0.8268
vn -0.3137 0.0480 0.9483
vn -0.1108 0.1685 0.9795
vn -0.4647 0.0378 0.8847
vn 0.9422 -0.3291 -0.0623
vn 0.7567 -0.6507 0.0631
vn 0.8724 -0.4847 -0.0622
vn 0.9663 -0.2500 0.0614
vn 0.9404 -0.2607 -0.2186
vn 0.9354 -0.0612 -0.3483
vn 0.9394 -0.3352 -0.0723
vn 0.5278 -0.2308 -0.8174
vn 0.6231 -0.5265 -0.5784
vn 0.5352 -0.3876 -0.7506
vn 0.6184 -0.1201 -0.7767
vn 0.3812 -0.2063 -0.9012
vn 0.2180 -0.0494 -0.9747
vn 0.5199 -0.2396 -0.8199
vn 0.6513 0.4569 0.6059
vn 0.8355 0.4835 0.2610
vn 0.7155 0.5236 0.4626
vn 0.6845 0.3204 0.6548
vn 0.5161 0.5458 0.6601
vn 0.3110 0.5420 0.7807
vn 0.6479 0.4676 0.6013
vn -0.4380 -0.0830 -0.8951
vn -0.6498 -0.3349 -0.6824
vn -0.5688 -0.1502 -0.8086
vn -0.3174 -0.1606 -0.9346
vn -0.4431 0.0875 -0.8922
vn -0.3191 0.2904 -0.9021
vn -0.4474 -0.0766 -0.8911
vn 0.9139 0.4007 0.0654
vn 0.7627 0.4970 0.4139
vn 0.8854 0.4018 0.2336
vn 0.8625 0.5054 -0.0270
vn 0.9687 0.2479 0.0130
vn 0.9818 0.0920 -0.1663
vn 0.9171 0.3918 0.0728
vn 0.5057 0.8627 0.0014
vn 0.7567 0.6269 -0.1854
vn 0.5971 0.7925 -0.1243
vn 0.5300 0.8354 0.1456
vn 0.3610 0.9308 -0.0581
vn 0.1354 0.9907 -0.0114
vn 0.5032 0.8641 -0.0103
vn -0.4020 -0.0375 -0.9149
vn -0.7197 0.0241 -0.6939
vn -0.5355 0.0412 -0.8436
vn -0.3795 -0.1843 -0.9066
vn -0.2799 0.0739 -0.9572
vn -0.0474 0.1103 -0.9928
vn -0.4034 -0.0256 -0.9147
vn -0.3099 -0.9417 -0.1312
vn -0.6312 -0.7754 0.0196
vn -0.4670 -0.8760 -0.1202
vn -0.2262 -0.9740 -0.0125
vn -0.2469 -0.9250 -0.2888
vn -0.0521 -0.9042 -0.4240
vn -0.3164 -0.9381 -0.1407
vn 0.6646 -0.6280 0.4049
vn 0.7935 -0.2830 0.5388
vn 0.6988 -0.4996 0.5119
vn 0.7220 -0.6379 0.2680
vn 0.5280 -0.7164 0.4561
vn 0.3441 -0.8532 0.3919
vn 0.6593 -0.6266 0.4156
vn -0.9778 -0.2044 0.0452
vn -0.9525 0.1034 0.2864
vn -0.9934 -0.0455 0.1054
vn -0.9384 -0.3204 0.1295
vn -0.9706 -0.2054 -0.1253
vn -0.8926 -0.3173 -0.3203
vn -0.9801 -0.1948 0.0383
vn 0.6912 0.2663 0.6718
vn 0.4911 -0.0055 0.8711
vn 0.6528 0.1187 0.7482
vn 0.6111 0.3905 0.6885
vn 0.8027 0.2428 0.5447
vn 0.8855 0.3212 0.3358
vn 0.6971 0.2559 0.6698
vn 0.3274 0.0370 -0.9442
vn -0.0519 0.1240 -0.9909
vn 0.1855 0.1268 -0.9744
vn 0.3304 -0.1116 -0.9372
vn 0.4513 0.1364 -0.8819
vn 0.6473 0.1493 -0.7475
vn 0.3268 0.0490 -0.9438
vn 0.5936 0.2686 0.7586
vn 0.6374 0.5727 0.5154
vn 0.5807 0.4259 0.6939
vn 0.6880 0.1660 0.7065
vn 0.4596 0.2313 0.8575
vn 0.3190 0.0608 0.9458
vn 0.5854 0.2766 0.7621
vn -0.6941 0.0867 0.7147
vn -0.7207 0.4360 0.5390
vn -0.7548 0.2148 0.6198
vn -0.5796 0.1015 0.8085
vn -0.7502 -0.0641 0.6581
vn -0.7086 -0.2977 0.6398
vn -0.7027 0.0854 0.7064
vn 0.2259 0.4042 0.8863
vn -0.1476 0.5150 0.8444
vn 0.0571 0.4124 0.9092
vn 0.3030 0.5047 0.8083
vn 0.2861 0.2493 0.9252
vn 0.4548 0.0860 0.8864
vn 0.2195 0.3956 0.8918
vn 0.8143 -0.5351 0.2251
vn 0.5458 -0.8176 0.1837
vn 0.7282 -0.6667 0.1590
vn 0.7946 -0.4859 0.3641
vn 0.8904 -0.4435 0.1030
vn 0.9724 -0.2303 0.0363
vn 0.8151 -0.5386 0.2136
vn 0.6184 0.1369 0.7739
vn 0.3899 0.4542 0.8011
vn 0.4994 0.2450 0.8310
vn 0.7201 0.1736 0.6718
vn 0.5799 -0.0243 0.8143
vn 0.6016 -0.2543 0.7572
vn 0.6095 0.1338 0.7814
vn 0.4439 0.8939 0.0624
vn 0.6875 0.6722 0.2748
vn 0.5826 0.8056 0.1080
vn 0.3346 0.9292 0.1570
vn 0.4264 0.8982 -0.1072
vn 0.2766 0.9158 -0.2913
vn 0.4524 0.8902 0.0547
vn -0.5183 -0.6834 -0.5141
vn -0.5081 -0.3865 -0.7697
vn -0.4770 -0.5905 -0.6510
vn -0.6313 -0.6498 -0.4233
vn -0.3921 -0.7900 -0.4714
vn -0.2846 -0.9114 -0.2972
vn -0.5086 -0.6855 -0.5209
vn 0.0610 -0.7273 -0.6837
vn -0.3268 -0.6757 -0.6608
vn -0.0979 -0.6812 -0.7255
vn 0.0929 -0.8169 -0.5693
vn 0.1763 -0.6266 -0.7591
vn 0.3945 -0.5320 -0.7492
vn 0.0584 -0.7193 -0.6923
vn 0.7052 -0.6958 -0.1364
vn 0.4384 -0.8961 0.0692
vn 0.5817 -0.8074 -0.0988
vn 0.7827 -0.6215 -0.0334
vn 0.6985 -0.6494 -0.3005
vn 0.7457 -0.4806 -0.4615
vn 0.6982 -0.7011 -0.1446
vn 0.3375 0.1242 -0.9331
vn -0.0278 0.2627 -0.9645
vn 0.2080 0.2340 -0.9497
vn 0.3222 -0.0231 -0.9464
vn 0.4722 0.1983 -0.8589
vn 0.6671 0.1687 -0.7256
vn 0.3385 0.1361 -0.9311
vn -0.6955 -0.3427 -0.6315
vn -0.6426 0.0216 -0.7659
vn -0.6467 -0.2139 -0.7322
vn -0.7905 -0.3265 -0.5182
vn -0.5923 -0.4774 -0.6491
vn -0.4996 -0.6715 -0.5473
vn -0.6872 -0.3437 -0.6401
vn -0.7302 0.1591 -0.6645
vn -0.4197 0.3025 -0.8558
vn -0.6038 0.1732 -0.7781
vn -0.7724 0.2700 -0.5748
vn -0.7707 -0.0044 -0.6372
vn -0.8589 -0.1646 -0.4849
vn -0.7260 0.1499 -0.6711
vn 0.1903 -0.3141 -0.9301
vn -0.1475 -0.4978 -0.8546
vn 0.0246 -0.3544 -0.9348
vn 0.2939 -0.4007 -0.8678
vn 0.2147 -0.1489 -0.9652
vn 0.3527 0.0426 -0.9348
vn 0.1817 -0.3067 -0.9343
vn -0.3986 -0.9079 0.1297
vn -0.6744 -0.7332 -0.0871
vn -0.4967 -0.8679 -0.0041
vn -0.4274 -0.8633 0.2686
vn -0.2462 -0.9660 0.0793
vn -0.0156 -0.9911 0.1323
vn -0.3959 -0.9107 0.1183
vn -0.7485 0.1804 -0.6381
vn -0.6383 0.5446 -0.5441
vn -0.6803 0.3363 -0.6512
vn -0.8384 0.1395 -0.5269
vn -0.6688 0.0694 -0.7402
vn -0.6080 -0.1575 -0.7782
vn -0.7405 0.1836 -0.6465
vn 0.6953 -0.2182 0.6847
vn 0.8572 0.0913 0.5069
vn 0.7510 -0.0593 0.6576
vn 0.7299 -0.3332 0.5969
vn 0.5652 -0.2201 0.7950
vn 0.3683 -0.3318 0.8685
vn 0.6919 -0.2087 0.6912
vn 0.4954 0.4516 0.7421
vn 0.6452 0.6326 0.4284
vn 0.5280 0.5730 0.6268
vn 0.5732 0.3252 0.7521
vn 0.3414 0.4729 0.8123
vn 0.1542 0.3691 0.9165
vn 0.4886 0.4614 0.7405
vn 0.8101 0.2929 0.5078
vn 0.7817 0.5762 0.2385
vn 0.7811 0.4455 0.4375
vn 0.8806 0.1823 0.4375
vn 0.7137 0.2695 0.6466
vn 0.6043 0.1130 0.7887
vn 0.8036 0.3016 0.5131
vn -0.1197 -0.7174 0.6863
vn -0.3576 -0.8432 0.4014
vn -0.1805 -0.8106 0.5571
vn -0.2011 -0.6174 0.7605
vn 0.0508 -0.7215 0.6906
vn 0.2510 -0.6087 0.7527
vn -0.1130 -0.7248 0.6797
vn 0.5931 0.7951 -0.1264
vn 0.8447 0.5347 0.0234
vn 0.7212 0.6829 -0.1158
vn 0.5239 0.8518 -0.0076
vn 0.5283 0.8001 -0.2841
vn 0.3371 0.8429 -0.4193
vn 0.5982 0.7898 -0.1359
vn -0.1227 0.4018 0.9075
vn 0.1362 0.6493 0.7483
vn -0.0570 0.5430 0.8378
vn -0.0397 0.2886 0.9566
vn -0.2896 0.3887 0.8747
vn -0.4756 0.2432 0.8454
vn -0.1293 0.4106 0.9026
vn -0.6186 -0.4458 -0.6470
vn -0.5764 -0.7256 -0.3759
vn -0.6544 -0.5512 -0.5177
vn -0.4989 -0.4608 -0.7341
vn -0.7097 -0.3020 -0.6365
vn -0.7219 -0.0700 -0.6885
vn -0.6277 -0.4442 -0.6393
vn 0.2333 0.3880 -0.8917
vn 0.3322 0.0122 -0.9431
vn 0.2288 0.2266 -0.9467
vn 0.3507 0.4477 -0.8226
vn 0.0769 0.4559 -0.8867
vn -0.0675 0.6156 -0.7852
vn 0.2235 0.3828 -0.8964
vn -0.1267 -0.9187 -0.3742
vn -0.4546 -0.7409 -0.4944
vn -0.2414 -0.8452 -0.4768
vn -0.1563 -0.9595 -0.2342
vn 0.0316 -0.8999 -0.4350
vn 0.2636 -0.8848 -0.3843
vn -0.1242 -0.9145 -0.3851
vn 0.2008 -0.0337 -0.9791
vn -0.1910 -0.0448 -0.9806
vn 0.0386 0.0152 -0.9991
vn 0.2414 -0.1747 -0.9546
vn 0.3022 0.1000 -0.9480
vn 0.5025 0.1782 -0.8460
vn 0.1973 -0.0222 -0.9801
vn 0.1137 0.0801 0.9903
vn -0.0923 -0.2522 0.9633
vn 0.0754 -0.0862 0.9934
vn 0.0111 0.1875 0.9822
vn 0.2787 0.1048 0.9547
vn 0.4423 0.2502 0.8613
vn 0.1219 0.0713 0.9900
vn -0.3869 -0.1667 -0.9069
vn -0.3086 0.2168 -0.9261
vn -0.3114 -0.0200 -0.9501
vn -0.5182 -0.1740 -0.8374
vn -0.2770 -0.2970 -0.9138
vn -0.2181 -0.5122 -0.8307
vn -0.3758 -0.1660 -0.9117
vn -0.3347 0.3944 0.8558
vn -0.1606 0.7046 0.6912
vn -0.3142 0.5447 0.7776
vn -0.2235 0.3200 0.9207
vn -0.4836 0.3227 0.8136
vn -0.6063 0.1206 0.7860
vn -0.3434 0.4001 0.8497
vn 0.4849 0.2892 -0.8254
vn 0.5757 -0.0918 -0.8125
vn 0.4877 0.1231 -0.8643
vn 0.5819 0.3532 -0.7326
vn 0.3364 0.3606 -0.8699
vn 0.1779 0.5328 -0.8273
vn 0.4765 0.2837 -0.8321
vn 0.8285 0.5600 0.0017
vn 0.9745 0.2071 -0.0861
vn 0.8975 0.4322 -0.0879
vn 0.8158 0.5586 0.1499
vn 0.7399 0.6653 -0.0992
vn 0.5601 0.8203 -0.1159
vn 0.8287 0.5596 -0.0104
vn -0.1692 -0.8755 -0.4526
vn -0.5220 -0.7066 -0.4777
vn -0.3062 -0.7982 -0.5187
vn -0.1662 -0.9341 -0.3159
vn -0.0287 -0.8396 -0.5425
vn 0.2081 -0.8154 -0.5402
vn -0.1693 -0.8699 -0.4633
vn 0.0469 -0.4417 -0.8959
vn 0.2584 -0.1178 -0.9588
vn 0.1812 -0.3401 -0.9228
vn -0.0941 -0.3973 -0.9128
vn 0.0915 -0.5813 -0.8085
vn 0.0225 -0.7524 -0.6583
vn 0.0583 -0.4449 -0.8937
vn 0.4384 0.8938 -0.0944
vn 0.4774 0.7505 -0.4571
vn 0.4148 0.8714 -0.2619
vn 0.5516 0.8339 -0.0189
vn 0.2975 0.9545 -0.0198
vn 0.1686 0.9692 0.1797
vn 0.4288 0.8978 -0.1005
vn 0.8407 -0.3303 0.4290
vn 0.5729 -0.4320 0.6965
vn 0.7370 -0.4267 0.5242
vn 0.8690 -0.1872 0.4580
vn 0.8717 -0.4034 0.2780
vn 0.9274 -0.3708 0.0490
vn 0.8376 -0.3416 0.4263
vn -0.1574 0.0748 -0.9847
vn -0.1994 0.4477 -0.8717
vn -0.1248 0.2408 -0.9625
vn -0.2898 0.0129 -0.9570
vn -0.0131 -0.0149 -0.9998
vn 0.0945 -0.2251 -0.9697
vn -0.1465 0.0798 -0.9860
vn 0.0407 -0.8532 -0.5199
vn -0.2225 -0.9439 -0.2440
vn -0.1087 -0.8886 -0.4457
vn 0.1722 -0.8744 -0.4536
vn 0.0196 -0.7537 -0.6569
vn 0.1152 -0.5891 -0.7998
vn 0.0300 -0.8507 -0.5248
vn -0.3068 -0.3995 0.8639
vn 0.0823 -0.4318 0.8982
vn -0.1471 -0.3712 0.9168
vn -0.3463 -0.5175 0.7824
vn -0.4024 -0.2589 0.8781
vn -0.5893 -0.1365 0.7963
vn -0.3033 -0.3895 0.8696
vn 0.5845 -0.5363 0.6088
vn 0.2659 -0.4874 0.8317
vn 0.4402 -0.5710 0.6929
vn 0.6618 -0.4106 0.6272
vn 0.6042 -0.6399 0.4747
vn 0.6975 -0.6687 0.2576
vn 0.5777 -0.5460 0.6067
vn 0.1179 0.1205 0.9857
vn -0.2553 0.2307 0.9389
vn -0.0526 0.1177 0.9917
vn 0.1966 0.2417 0.9502
vn 0.1821 -0.0375 0.9826
vn 0.3623 -0.1776 0.9150
vn 0.1114 0.1106 0.9876
vn -0.6391 0.0598 0.7668
vn -0.8781 -0.0493 0.4760
vn -0.7412 -0.0370 0.6703
vn -0.6270 0.2072 0.7510
vn -0.5249 -0.0354 0.8505
vn -0.3089 -0.0452 0.9500
vn -0.6394 0.0477 0.7674
vn 0.3604 -0.3736 -0.8547
vn 0.0277 -0.2069 -0.9780
vn 0.2539 -0.2639 -0.9305
vn 0.3177 -0.5059 -0.8020
vn 0.5060 -0.2970 -0.8097
vn 0.6911 -0.2940 -0.6602
vn 0.3635 -0.3625 -0.8582
vn -0.8344 -0.3846 0.3947
vn -0.9741 -0.0647 0.2165
vn -0.9159 -0.2860 0.2818
vn -0.7827 -0.3345 0.5249
vn -0.7833 -0.5309 0.3234
vn -0.6253 -0.7089 0.3262
vn -0.8378 -0.3883 0.3838
vn 0.9690 0.1987 0.1471
vn 0.9806 -0.1845 0.0657
vn 0.9966 0.0529 0.0629
vn 0.9344 0.2044 0.2917
vn 0.9437 0.3285 0.0393
vn 0.8414 0.5404 0.0037
vn 0.9708 0.1980 0.1353
vn 0.4908 0.8673 0.0831
vn 0.7789 0.6095 0.1475
vn 0.6311 0.7735 0.0585
vn 0.4230 0.8803 0.2149
vn 0.4162 0.9069 -0.0651
vn 0.2135 0.9606 -0.1777
vn 0.4958 0.8654 0.0723
vn 0.6308 -0.7106 -0.3117
vn 0.8646 -0.3960 -0.3094
vn 0.7535 -0.6017 -0.2648
vn 0.5589 -0.7019 -0.4416
vn 0.5731 -0.7998 -0.1783
vn 0.3900 -0.9172 -0.0817
vn 0.6360 -0.7106 -0.3009
vn 0.1300 -0.4444 -0.8863
vn -0.2587 -0.3943 -0.8818
vn -0.0247 -0.3827 -0.9235
vn 0.1518 -0.5691 -0.8082
vn 0.2510 -0.3268 -0.9112
vn 0.4665 -0.2470 -0.8493
vn 0.1281 -0.4339 -0.8918
vn 0.3175 -0.3876 0.8654
vn -0.0651 -0.3423 0.9373
vn 0.1532 -0.4254 0.8919
vn 0.3758 -0.2533 0.8914
vn 0.3930 -0.5056 0.7680
vn 0.5657 -0.5533 0.6114
vn 0.3124 -0.3982 0.8625
vn 0.5066 0.8370 0.2069
vn 0.7696 0.5625 0.3021
vn 0.6450 0.7376 0.1998
vn 0.4191 0.8471 0.3267
vn 0.4585 0.8872 0.0511
vn 0.2790 0.9561 -0.0891
vn 0.5132 0.8354 0.1969
vn -0.8529 0.0569 0.5190
vn -0.5914 0.1688 0.7885
vn -0.7643 0.1564 0.6256
vn -0.8478 -0.0917 0.5224
vn -0.9111 0.1458 0.3855
vn -0.9775 0.1410 0.1570
vn -0.8525 0.0689 0.5182
vn -0.2019 0.8681 -0.4535
vn -0.5622 0.7424 -0.3643
vn -0.3536 0.8563 -0.3764
vn -0.1685 0.7971 -0.5798
vn -0.0843 0.9335 -0.3486
vn 0.1464 0.9454 -0.2912
vn -0.2044 0.8730 -0.4428
vn -0.0790 -0.1107 0.9907
vn -0.3568 0.1568 0.9209
vn -0.2331 -0.0401 0.9716
vn 0.0469 -0.0317 0.9984
vn -0.0830 -0.2779 0.9570
vn 0.0381 -0.4687 0.8825
vn -0.0891 -0.1170 0.9891
vn -0.6831 -0.0257 -0.7299
vn -0.8879 -0.1689 -0.4280
vn -0.7968 -0.0360 -0.6031
vn -0.6073 -0.1427 -0.7816
vn -0.6372 0.1361 -0.7586
vn -0.4679 0.2838 -0.8370
vn -0.6886 -0.0161 -0.7250
vn 0.8773 -0.1966 0.4379
vn 0.7459 0.0994 0.6586
vn 0.8133 -0.1114 0.5711
vn 0.9385 -0.1299 0.3199
vn 0.8246 -0.3589 0.4373
vn 0.7758 -0.5516 0.3065
vn 0.8714 -0.2018 0.4471
vn 0.2674 -0.7398 -0.6174
vn 0.5997 -0.6826 -0.4175
vn 0.3956 -0.7654 -0.5077
vn 0.2700 -0.6355 -0.7234
vn 0.1245 -0.8162 -0.5642
vn -0.1135 -0.8164 -0.5663
vn 0.2670 -0.7476 -0.6082
vn 0.8343 -0.1230 0.5373
vn 0.6168 0.0928 0.7816
vn 0.7373 -0.0800 0.6709
vn 0.8953 -0.0236 0.4449
vn 0.8171 -0.2884 0.4992
vn 0.8267 -0.4556 0.3301
vn 0.8286 -0.1310 0.5443
vn 0.3323 0.8505 0.4077
vn 0.4945 0.8677 0.0513
vn 0.3624 0.8987 0.2468
vn 0.4247 0.7640 0.4858
vn 0.1692 0.8766 0.4505
vn -0.0137 0.8094 0.5871
vn 0.3245 0.8567 0.4009
vn 0.1370 -0.9708 0.1971
vn 0.2561 -0.9506 -0.1757
vn 0.2398 -0.9689 0.0610
vn -0.0111 -0.9822 0.1878
vn 0.2183 -0.9160 0.3367
vn 0.1995 -0.8113 0.5496
vn 0.1488 -0.9689 0.1977
vn -0.1349 0.5435 -0.8285
vn 0.0745 0.7906 -0.6078
vn -0.0037 0.6364 -0.7714
vn -0.2747 0.5612 -0.7808
vn -0.0807 0.4044 -0.9110
vn -0.1281 0.1802 -0.9753
vn -0.1234 0.5415 -0.8316
vn -0.0118 0.7720 -0.6355
vn -0.3894 0.7516 -0.5324
vn -0.1609 0.8111 -0.5623
vn 0.0025 0.6698 -0.7425
vn 0.1193 0.8308 -0.5436
vn 0.3479 0.8035 -0.4831
vn -0.0130 0.7796 -0.6262
vn 0.4224 -0.0361 -0.9057
vn 0.7153 0.1101 -0.6901
vn 0.5702 -0.0257 -0.8211
vn 0.3379 0.0821 -0.9376
vn 0.3649 -0.1966 -0.9100
vn 0.1752 -0.3396 -0.9241
vn 0.4289 -0.0456 -0.9022
vn 0.1552 -0.6683 -0.7275
vn 0.0036 -0.3687 -0.9296
vn 0.1441 -0.5345 -0.8328
vn 0.0365 -0.7392 -0.6725
vn 0.3118 -0.6821 -0.6614
vn 0.4447 -0.7570 -0.4787
vn 0.1646 -0.6619 -0.7313
vn -0.4021 -0.2428 -0.8828
vn -0.7228 -0.1988 -0.6619
vn -0.5457 -0.1762 -0.8193
vn -0.3559 -0.3810 -0.8533
vn -0.3004 -0.1213 -0.9461
vn -0.0774 -0.0544 -0.9955
vn -0.4054 -0.2313 -0.8844
vn -0.6586 -0.7224 -0.2105
vn -0.7591 -0.6317 0.1573
vn -0.7471 -0.6600 -0.0787
vn -0.5440 -0.8160 -0.1952
vn -0.6888 -0.6333 -0.3528
vn -0.6055 -0.5616 -0.5639
vn -0.6673 -0.7141 -0.2115
vn 0.3491 -0.8805 0.3208
vn 0.0403 -0.8296 0.5568
vn 0.1942 -0.9003 0.3896
vn 0.4576 -0.8015 0.3849
vn 0.3494 -0.9239 0.1558
vn 0.4486 -0.8918 -0.0581
vn 0.3399 -0.8860 0.3153
vn 0.3457 -0.7944 0.4995
vn 0.2324 -0.9590 0.1624
vn 0.3537 -0.8689 0.3463
vn 0.2206 -0.7846 0.5794
vn 0.4834 -0.6979 0.5285
vn 0.5736 -0.5090 0.6417
vn 0.3555 -0.7944 0.4925
vn -0.7472 -0.4286 -0.5080
vn -0.6801 -0.1092 -0.7249
vn -0.6962 -0.3299 -0.6375
vn -0.8348 -0.3804 -0.3979
vn -0.6531 -0.5706 -0.4978
vn -0.5667 -0.7423 -0.3575
vn -0.7393 -0.4321 -0.5164
vn 0.6620 -0.2750 -0.6972
vn 0.6010 -0.6145 -0.5111
vn 0.6075 -0.4335 -0.6656
vn 0.7628 -0.2048 -0.6134
vn 0.5583 -0.1948 -0.8064
vn 0.4717 0.0137 -0.8817
vn 0.6532 -0.2804 -0.7034
vn -0.5072 -0.8603 -0.0500
vn -0.7104 -0.6672 0.2239
vn -0.6332 -0.7735 0.0254
vn -0.3926 -0.9194 0.0241
vn -0.5065 -0.8341 -0.2186
vn -0.3770 -0.8264 -0.4181
vn -0.5161 -0.8547 -0.0560
vn 0.3983 -0.9143 0.0741
vn 0.6284 -0.7521 -0.1987
vn 0.5353 -0.8447 -0.0002
vn 0.2788 -0.9604 -0.0015
vn 0.3977 -0.8850 0.2422
vn 0.2664 -0.8582 0.4388
vn 0.4076 -0.9096 0.0801
vn 0.4277 -0.0170 -0.9038
vn 0.2989 -0.3859 -0.8728
vn 0.3342 -0.1574 -0.9293
vn 0.5570 -0.0170 -0.8303
vn 0.3365 0.1242 -0.9335
vn 0.3052 0.3548 -0.8837
vn 0.4168 -0.0170 -0.9089
vn 0.6939 -0.7154 0.0818
vn 0.4370 -0.8258 0.3564
vn 0.5720 -0.8041 0.1616
vn 0.7769 -0.6117 0.1488
vn 0.6791 -0.7288 -0.0876
vn 0.7188 -0.6275 -0.2993
vn 0.6865 -0.7231 0.0763
vn 0.2570 0.7460 0.6144
vn 0.2203 0.9362 0.2737
vn 0.1938 0.8481 0.4931
vn 0.3939 0.6880 0.6094
vn 0.1332 0.6860 0.7153
vn 0.0609 0.5099 0.8581
vn 0.2457 0.7500 0.6142
vn 0.2179 0.6805 -0.6996
vn 0.0291 0.4103 -0.9115
vn 0.0956 0.6044 -0.7909
vn 0.3572 0.6292 -0.6903
vn 0.1518 0.7932 -0.5898
vn 0.1771 0.9069 -0.3823
vn 0.2064 0.6840 -0.6997
vn 0.4847 -0.4072 0.7741
vn 0.6750 -0.5676 0.4714
vn 0.6079 -0.4401 0.6608
vn 0.3639 -0.4923 0.7907
vn 0.4957 -0.2473 0.8325
vn 0.3798 -0.0602 0.9231
vn 0.4941 -0.3999 0.7720
vn 0.0845 0.1912 -0.9779
vn -0.2833 0.0575 -0.9573
vn -0.0861 0.1890 -0.9782
vn 0.1680 0.0682 -0.9834
vn 0.1442 0.3431 -0.9282
vn 0.3226 0.4628 -0.8257
vn 0.0777 0.2010 -0.9765
vn -0.4885 -0.0096 -0.8725
vn -0.1451 0.1470 -0.9784
vn -0.3337 0.0063 -0.9426
vn -0.5658 0.1052 -0.8178
vn -0.5227 -0.1724 -0.8349
vn -0.6423 -0.3232 -0.6949
vn -0.4817 -0.0189 -0.8761
vn -0.8820 -0.0238 0.4706
vn -0.7912 0.3565 0.4968
vn -0.8849 0.1445 0.4429
vn -0.8078 -0.0871 0.5829
vn -0.9363 -0.1099 0.3336
vn -0.9265 -0.3127 0.2094
vn -0.8872 -0.0187 0.4610
vn 0.8949 -0.3626 -0.2601
vn 0.8910 -0.4365 0.1247
vn 0.8867 -0.4484 -0.1129
vn 0.9374 -0.2203 -0.2697
vn 0.8098 -0.4437 -0.3838
vn 0.6889 -0.4241 -0.5878
vn 0.8906 -0.3738 -0.2591
vn -0.9315 -0.2580 0.2564
vn -0.7270 -0.3963 0.5608
vn -0.8683 -0.2731 0.4141
vn -0.9189 -0.3638 0.1526
vn -0.9706 -0.0957 0.2208
vn -0.9962 0.0703 0.0523
vn -0.9316 -0.2491 0.2646
vn 0.4397 -0.4980 0.7474
vn 0.3652 -0.7884 0.4950
vn 0.4646 -0.6207 0.6316
vn 0.3116 -0.4792 0.8206
vn 0.5604 -0.3778 0.7370
vn 0.6173 -0.1495 0.7724
vn 0.4497 -0.4990 0.7408
vn -0.2087 0.8369 -0.5061
vn -0.4719 0.5885 -0.6564
vn -0.3582 0.7619 -0.5396
vn -0.0840 0.8087 -0.5822
vn -0.2102 0.9118 -0.3528
vn -0.0826 0.9828 -0.1649
vn -0.2186 0.8384 -0.4994
vn -0.9361 -0.2974 -0.1878
vn -0.7301 -0.6020 -0.3232
vn -0.8687 -0.4537 -0.1990
vn -0.9333 -0.1988 -0.2991
vn -0.9666 -0.2548 -0.0254
vn -0.9879 -0.0789 0.1335
vn -0.9354 -0.3051 -0.1786
vn -0.9382 0.3426 -0.0480
vn -0.8916 0.1957 -0.4083
vn -0.9537 0.2391 -0.1827
vn -0.8767 0.4779 -0.0553
vn -0.9612 0.2577 0.0981
vn -0.9115 0.2446 0.3305
vn -0.9423 0.3313 -0.0474
vn -0.4830 -0.8729 -0.0686
vn -0.1596 -0.9792 0.1256
vn -0.3809 -0.9228 0.0587
vn -0.4414 -0.8720 -0.2114
vn -0.6176 -0.7864 -0.0094
vn -0.7824 -0.6205 -0.0535
vn -0.4859 -0.8721 -0.0569
vn -0.9478 0.2898 -0.1333
vn -0.8665 0.1302 -0.4819
vn -0.9477 0.1799 -0.2638
vn -0.8927 0.4277 -0.1423
vn -0.9776 0.2101 0.0146
vn -0.9452 0.2097 0.2503
vn -0.9513 0.2783 -0.1324
vn -0.5796 0.8038 -0.1344
vn -0.2232 0.9666 -0.1257
vn -0.4364 0.8802 -0.1868
vn -0.6160 0.7877 0.0090
vn -0.6509 0.7132 -0.2601
vn -0.7876 0.5274 -0.3186
vn -0.5761 0.8043 -0.1459
vn 0.8308 -0.2330 0.5055
vn 0.9066 -0.3923 0.1556
vn 0.9001 -0.2574 0.3516
vn 0.7469 -0.3345 0.5747
vn 0.8332 -0.0680 0.5488
vn 0.7306 0.1062 0.6745
vn 0.8368 -0.2245 0.4994
vn 0.5043 -0.8577 0.0995
vn 0.1505 -0.9886 -0.0066
vn 0.3796 -0.9251 0.0047
vn 0.4925 -0.8348 0.2460
vn 0.6224 -0.7827 0.0019
vn 0.7893 -0.6138 -0.0139
vn 0.5048 -0.8588 0.0875
vn 0.6596 -0.4381 0.6108
vn 0.8907 -0.3289 0.3137
vn 0.7770 -0.3525 0.5215
vn 0.5996 -0.5665 0.5653
vn 0.5905 -0.3399 0.7320
vn 0.3999 -0.2958 0.8675
vn 0.6638 -0.4273 0.6139
vn -0.9327 -0.0115 0.3604
vn -0.8647 -0.3943 0.3112
vn -0.9011 -0.1752 0.3966
vn -0.9736 0.0361 0.2255
vn -0.8715 0.0915 0.4818
vn -0.7867 0.3074 0.5353
vn -0.9285 -0.0153 0.3710
vn 0.0724 -0.9932 0.0912
vn 0.3732 -0.9159 -0.1479
vn 0.2323 -0.9720 0.0355
vn -0.0456 -0.9990 0.0009
vn 0.0611 -0.9640 0.2589
vn -0.0772 -0.8948 0.4398
vn 0.0820 -0.9918 0.0984
vn 0.8850 0.0737 -0.4598
vn 0.9756 0.1963 -0.0987
vn 0.9503 0.0755 -0.3022
vn 0.8280 0.1941 -0.5262
vn 0.8545 -0.0857 -0.5123
vn 0.7237 -0.2277 -0.6514
vn 0.8887 0.0639 -0.4540
vn 0.4003 0.8770 -0.2656
vn 0.2504 0.9643 0.0858
vn 0.3913 0.9149 -0.0995
vn 0.2849 0.8889 -0.3587
vn 0.5403 0.7860 -0.3006
vn 0.6424 0.6252 -0.4433
vn 0.4093 0.8752 -0.2578
vn 0.6044 -0.0085 -0.7966
vn 0.5723 -0.3916 -0.7205
vn 0.5584 -0.1721 -0.8115
vn 0.7100 0.0387 -0.7031
vn 0.4886 0.0948 -0.8674
vn 0.3884 0.3107 -0.8675
vn 0.5953 -0.0123 -0.8034
vn -0.1192 -0.1257 -0.9849
vn 0.0445 -0.4670 -0.8831
vn -0.1019 -0.2920 -0.9510
vn -0.0040 -0.0327 -0.9995
vn -0.2793 -0.0734 -0.9574
vn -0.4221 0.1081 -0.9001
vn -0.1284 -0.1331 -0.9827
vn 0.6858 0.4900 -0.5381
vn 0.7594 0.6258 -0.1779
vn 0.7640 0.5152 -0.3885
vn 0.5724 0.5733 -0.5862
vn 0.7237 0.3366 -0.6025
vn 0.6534 0.1561 -0.7408
vn 0.6944 0.4828 -0.5337
vn -0.5176 0.5768 -0.6320
vn -0.6402 0.7132 -0.2856
vn -0.5378 0.6804 -0.4979
vn -0.6015 0.4563 -0.6557
vn -0.3672 0.6031 -0.7081
vn -0.1915 0.5098 -0.8387
vn -0.5103 0.5861 -0.6294
vn 0.1474 0.7716 0.6188
vn 0.4095 0.8476 0.3375
vn 0.2226 0.8458 0.4848
vn 0.2159 0.6734 0.7071
vn -0.0221 0.7901 0.6126
vn -0.2342 0.7011 0.6735
vn 0.1417 0.7788 0.6110
vn 0.8459 0.1144 -0.5209
vn 0.9767 -0.0725 -0.2022
vn 0.9071 -0.0096 -0.4209
vn 0.8390 0.2571 -0.4795
vn 0.7570 0.0501 -0.6515
vn 0.5818 0.0845 -0.8089
vn 0.8456 0.1027 -0.5238
vn -0.5374 0.4937 -0.6837
vn -0.2092 0.4180 -0.8840
vn -0.4306 0.4239 -0.7968
vn -0.5050 0.6157 -0.6049
vn -0.6626 0.3856 -0.6421
vn -0.8197 0.3173 -0.4768
vn -0.5395 0.4834 -0.6894
vn 0.7111 -0.0154 -0.7029
vn 0.8747 0.2173 -0.4332
vn 0.8147 0.0386 -0.5785
vn 0.6215 0.0750 -0.7798
vn 0.6919 -0.1848 -0.6980
vn 0.5515 -0.3706 -0.7474
vn 0.7177 -0.0227 -0.6960
vn 0.1729 0.9692 0.1755
vn 0.3402 0.8034 0.4887
vn 0.2930 0.9133 0.2830
vn 0.0286 0.9771 0.2108
vn 0.2306 0.9729 0.0150
vn 0.1760 0.9603 -0.2163
vn 0.1844 0.9676 0.1724
vn 0.6058 0.3003 0.7368
vn 0.6409 -0.0892 0.7625
vn 0.6727 0.1438 0.7258
vn 0.4810 0.3309 0.8118
vn 0.6728 0.4045 0.6195
vn 0.6409 0.5967 0.4828
vn 0.6153 0.2975 0.7300
vn 0.1619 0.9862 0.0338
vn -0.0905 0.9396 0.3300
vn 0.1004 0.9761 0.1926
vn 0.0756 0.9933 -0.0871
vn 0.3273 0.9445 0.0289
vn 0.5064 0.8564 -0.1008
vn 0.1688 0.9847 0.0436
vn 0.9178 0.3356 -0.2121
vn 0.8916 0.0268 -0.4519
vn 0.9024 0.2439 -0.3551
vn 0.9574 0.2771 -0.0811
vn 0.8426 0.4879 -0.2280
vn 0.7342 0.6687 -0.1175
vn 0.9137 0.3400 -0.2225
vn -0.0676 0.8799 -0.4703
vn -0.4364 0.8299 -0.3475
vn -0.2115 0.9001 -0.3809
vn -0.0598 0.8007 -0.5960
vn 0.0691 0.9232 -0.3780
vn 0.3018 0.8908 -0.3398
vn -0.0682 0.8855 -0.4597
vn 0.5841 -0.4228 -0.6929
vn 0.3109 -0.2523 -0.9163
vn 0.5099 -0.3137 -0.8010
vn 0.5220 -0.5513 -0.6508
vn 0.7126 -0.3486 -0.6088
vn 0.8444 -0.3441 -0.4106
vn 0.5885 -0.4120 -0.6956
vn 0.5316 0.3035 -0.7907
vn 0.2637 0.5883 -0.7644
vn 0.4616 0.4562 -0.7608
vn 0.4624 0.1948 -0.8650
vn 0.6676 0.2774 -0.6910
vn 0.8055 0.1179 -0.5807
vn 0.5367 0.3121 -0.7839
vn -0.3557 0.3333 0.8732
vn -0.3348 0.6658 0.6668
vn -0.4039 0.4707 0.7844
vn -0.2175 0.3132 0.9245
vn -0.4696 0.2071 0.8583
vn -0.5076 -0.0278 0.8611
vn -0.3665 0.3346 0.8682
vn 0.6255 0.4508 -0.6368
vn 0.8525 0.1637 -0.4965
vn 0.7148 0.3056 -0.6290
vn 0.6348 0.5582 -0.5343
vn 0.4973 0.4384 -0.7486
vn 0.2802 0.5131 -0.8113
vn 0.6242 0.4416 -0.6445
vn 0.6520 0.0826 -0.7537
vn 0.5239 0.4517 -0.7222
vn 0.6494 0.2495 -0.7183
vn 0.5485 0.0147 -0.8361
vn 0.7595 -0.0006 -0.6506
vn 0.8134 -0.2064 -0.5439
vn 0.6598 0.0881 -0.7463
vn -0.6954 -0.2047 -0.6889
vn -0.8971 0.0223 -0.4412
vn -0.7773 -0.0692 -0.6253
vn -0.7007 -0.3400 -0.6272
vn -0.5765 -0.1576 -0.8018
vn -0.3688 -0.2100 -0.9055
vn -0.6943 -0.1935 -0.6932
vn -0.2092 -0.8514 -0.4810
vn 0.1302 -0.9426 -0.3075
vn -0.0977 -0.9226 -0.3733
vn -0.1689 -0.7786 -0.6043
vn -0.3634 -0.8368 -0.4095
vn -0.5690 -0.7171 -0.4026
vn -0.2123 -0.8565 -0.4705
vn 0.8551 0.4868 -0.1784
vn 0.6601 0.5492 -0.5125
vn 0.7670 0.5668 -0.3007
vn 0.9153 0.3519 -0.1957
vn 0.8287 0.5590 -0.0261
vn 0.8224 0.5288 0.2099
vn 0.8494 0.4973 -0.1768
vn -0.2842 0.6959 -0.6596
vn -0.1161 0.4312 -0.8948
vn -0.2664 0.5721 -0.7757
vn -0.1703 0.7760 -0.6073
vn -0.4358 0.6865 -0.5821
vn -0.5618 0.7320 -0.3853
vn -0.2931 0.6887 -0.6632
vn -0.8755 0.4699 0.1127
vn -0.6432 0.7657 0.0025
vn -0.8056 0.5922 0.0166
vn -0.8512 0.4566 0.2589
vn -0.9388 0.3442 0.0163
vn -0.9936 0.1130 0.0017
vn -0.8766 0.4705 0.1008
vn 0.1792 -0.8571 -0.4829
vn -0.1017 -0.9672 -0.2328
vn 0.0269 -0.9056 -0.4233
vn 0.3043 -0.8633 -0.4027
vn 0.1632 -0.7636 -0.6247
vn 0.2568 -0.5937 -0.7626
vn 0.1689 -0.8558 -0.4890
vn 0.6902 -0.1920 -0.6977
vn 0.9016 0.0044 -0.4325
vn 0.8031 -0.1597 -0.5740
vn 0.6233 -0.0857 -0.7773
vn 0.6333 -0.3526 -0.6889
vn 0.4548 -0.5031 -0.7349
vn 0.6949 -0.2005 -0.6906
vn -0.4159 -0.1588 -0.8954
vn -0.7046 -0.2716 -0.6556
vn -0.5639 -0.1584 -0.8105
vn -0.3265 -0.2775 -0.9035
vn -0.3647 -0.0001 -0.9311
vn -0.1806 0.1449 -0.9728
vn -0.4227 -0.1491 -0.8939
vn 0.6056 0.5006 0.6185
vn 0.4097 0.2731 0.8704
vn 0.5718 0.3755 0.7294
vn 0.5151 0.6164 0.5956
vn 0.7295 0.4554 0.5103
vn 0.8245 0.4835 0.2939
vn 0.6124 0.4908 0.6198
vn 0.4684 -0.6401 0.6090
vn 0.4193 -0.8607 0.2888
vn 0.5039 -0.7269 0.4666
vn 0.3383 -0.6499 0.6806
vn 0.5795 -0.5130 0.6333
vn 0.6182 -0.2978 0.7274
vn 0.4785 -0.6387 0.6026
vn -0.1724 -0.3942 0.9027
vn -0.5229 -0.4362 0.7324
vn -0.3076 -0.4675 0.8287
vn -0.1721 -0.2538 0.9518
vn -0.0302 -0.4842 0.8745
vn 0.2067 -0.4799 0.8526
vn -0.1723 -0.4052 0.8978
vn -0.6891 0.6722 -0.2706
vn -0.8768 0.4807 0.0153
vn -0.7602 0.6387 -0.1191
vn -0.7089 0.5870 -0.3909
vn -0.5629 0.7860 -0.2558
vn -0.3578 0.8680 -0.3443
vn -0.6869 0.6785 -0.2606
vn 0.0704 0.8552 0.5135
vn 0.4287 0.7050 0.5650
vn 0.2390 0.8328 0.4994
vn -0.0129 0.7874 0.6163
vn 0.0059 0.9277 0.3732
vn -0.1845 0.9548 0.2330
vn 0.0771 0.8599 0.5046
vn -0.2416 0.7194 -0.6512
vn -0.0741 0.4552 -0.8873
vn -0.2239 0.5980 -0.7696
vn -0.1271 0.7948 -0.5934
vn -0.3959 0.7130 -0.5787
vn -0.5267 0.7579 -0.3850
vn -0.2507 0.7126 -0.6552
vn 0.4875 0.2379 0.8401
vn 0.7331 -0.0222 0.6798
vn 0.6245 0.1732 0.7616
vn 0.3859 0.1544 0.9095
vn 0.4600 0.3995 0.7930
vn 0.3003 0.5733 0.7623
vn 0.4953 0.2444 0.8336
vn -0.4641 -0.8855 0.0229
vn -0.4676 -0.7871 0.4022
vn -0.5215 -0.8350 0.1754
vn -0.3292 -0.9443 0.0015
vn -0.5600 -0.8220 -0.1032
vn -0.5690 -0.7529 -0.3307
vn -0.4746 -0.8798 0.0246
vn 0.8824 -0.3924 0.2597
vn 0.9893 -0.0342 0.1418
vn 0.9362 -0.2306 0.2653
vn 0.8720 -0.4709 0.1338
vn 0.8037 -0.4363 0.4046
vn 0.6408 -0.5756 0.5080
vn 0.8824 -0.3856 0.2697
vn 0.7455 -0.4440 -0.4971
vn 0.4555 -0.4634 -0.7601
vn 0.6522 -0.4120 -0.6363
vn 0.7213 -0.5601 -0.4073
vn 0.8374 -0.3077 -0.4517
vn 0.9429 -0.1890 -0.2744
vn 0.7467 -0.4342 -0.5039
vn 0.2105 -0.9775 -0.0125
vn -0.1525 -0.9752 -0.1604
vn 0.0824 -0.9888 -0.1247
vn 0.1901 -0.9725 0.1348
vn 0.3555 -0.9304 -0.0889
vn 0.5660 -0.8217 -0.0663
vn 0.2119 -0.9770 -0.0245
vn -0.9019 -0.0389 -0.4302
vn -0.9161 -0.3511 -0.1937
vn -0.9440 -0.1395 -0.2990
vn -0.8299 -0.0876 -0.5509
vn -0.9131 0.1259 -0.3877
vn -0.8349 0.3472 -0.4270
vn -0.9069 -0.0349 -0.4200
vn -0.4092 -0.6787 0.6099
vn -0.6872 -0.6441 0.3358
vn -0.5097 -0.7159 0.4771
vn -0.4341 -0.5646 0.7020
vn -0.2589 -0.7587 0.5978
vn -0.0275 -0.7565 0.6534
vn -0.4068 -0.6873 0.6018
vn -0.2438 -0.0995 -0.9647
vn -0.4289 -0.4067 -0.8066
vn -0.3697 -0.1994 -0.9075
vn -0.1040 -0.1468 -0.9837
vn -0.2869 0.0653 -0.9557
vn -0.2109 0.2898 -0.9336
vn -0.2549 -0.0956 -0.9622
vn 0.9305 0.1593 0.3299
vn 0.7619 0.5048 0.4058
vn 0.8618 0.2891 0.4167
vn 0.9681 0.1676 0.1862
vn 0.9105 0.0118 0.4133
vn 0.8899 -0.2247 0.3970
vn 0.9265 0.1584 0.3412
vn 0.0750 -0.5040 -0.8605
vn 0.1251 -0.1351 -0.9829
vn 0.1509 -0.3630 -0.9195
vn -0.0726 -0.5198 -0.8512
vn 0.1856 -0.6028 -0.7760
vn 0.2165 -0.7659 -0.6055
vn 0.0869 -0.5022 -0.8604
vn -0.7162 -0.0929 -0.6917
vn -0.8450 -0.3381 -0.4144
vn -0.8104 -0.1567 -0.5646
vn -0.6166 -0.1729 -0.7680
vn -0.7188 0.0776 -0.6909
vn -0.6041 0.2786 -0.7467
vn -0.7235 -0.0864 -0.6849
vn 0.7089 -0.7052 -0.0148
vn 0.6201 -0.6775 -0.3955
vn 0.7221 -0.6677 -0.1807
vn 0.6046 -0.7955 0.0407
vn 0.7989 -0.5960 0.0805
vn 0.8222 -0.4887 0.2916
vn 0.7167 -0.6971 -0.0193
vn -0.3273 -0.2582 -0.9090
vn 0.0610 -0.2707 -0.9607
vn -0.1700 -0.3202 -0.9320
vn -0.3618 -0.1144 -0.9252
vn -0.4260 -0.3697 -0.8258
vn -0.6125 -0.4010 -0.6812
vn -0.3241 -0.2696 -0.9068
vn 0.9693 0.0515 0.2404
vn 0.9878 0.0383 -0.1509
vn 0.9918 0.1010 0.0787
vn 0.9553 -0.0908 0.2813
vn 0.9228 0.1826 0.3392
vn 0.8064 0.2529 0.5345
vn 0.9695 0.0630 0.2368
vn -0.1094 0.9732 -0.2024
vn -0.2082 0.8118 -0.5456
vn -0.2045 0.9202 -0.3338
vn 0.0392 0.9779 -0.2055
vn -0.2005 0.9780 -0.0582
vn -0.1978 0.9637 0.1793
vn -0.1214 0.9719 -0.2019
vn -0.4970 -0.7268 0.4741
vn -0.7666 -0.6042 0.2174
vn -0.6007 -0.7242 0.3386
vn -0.5076 -0.6307 0.5871
vn -0.3583 -0.8214 0.4438
vn -0.1289 -0.8597 0.4943
vn -0.4957 -0.7339 0.4644
vn -0.0301 -0.9204 -0.3898
vn -0.1986 -0.7107 -0.6748
vn -0.0527 -0.8407 -0.5390
vn -0.1401 -0.9458 -0.2930
vn 0.1352 -0.9276 -0.3482
vn 0.2958 -0.9395 -0.1729
vn -0.0211 -0.9174 -0.3973
vn -0.5642 0.8244 0.0453
vn -0.4698 0.7751 0.4225
vn -0.4904 0.8489 0.1971
vn -0.6797 0.7331 0.0242
vn -0.4652 0.8815 -0.0814
vn -0.4035 0.8607 -0.3103
vn -0.5543 0.8310 0.0470
vn 0.4958 0.7664 0.4085
vn 0.6125 0.4694 0.6360
vn 0.5952 0.6462 0.4777
vn 0.3644 0.8067 0.4653
vn 0.5437 0.8016 0.2486
vn 0.4772 0.8782 0.0333
vn 0.5060 0.7624 0.4035
vn -0.9085 -0.2491 -0.3356
vn -0.8678 -0.4957 -0.0337
vn -0.9297 -0.3201 -0.1819
vn -0.8367 -0.3159 -0.4474
vn -0.9401 -0.0815 -0.3311
vn -0.8950 0.1320 -0.4260
vn -0.9134 -0.2434 -0.3262
vn 0.7024 0.5556 -0.4449
vn 0.7180 0.2270 -0.6580
vn 0.6840 0.4478 -0.5758
vn 0.7859 0.5258 -0.3254
vn 0.5832 0.6776 -0.4481
vn 0.4527 0.8315 -0.3220
vn 0.6949 0.5575 -0.4542
vn -0.5680 -0.8125 -0.1309
vn -0.2394 -0.9178 -0.3168
vn -0.4209 -0.8920 -0.1650
vn -0.6422 -0.7310 -0.2308
vn -0.5953 -0.8026 0.0372
vn -0.6981 -0.6828 0.2153
vn -0.5615 -0.8184 -0.1227
vn 0.6604 0.7269 0.1882
vn 0.5461 0.8192 -0.1752
vn 0.5845 0.8092 0.0595
vn 0.7644 0.6224 0.1685
vn 0.5743 0.7474 0.3340
vn 0.5193 0.6566 0.5470
vn 0.6513 0.7347 0.1896
vn 0.8498 0.4871 0.2014
vn 0.6140 0.6245 0.4827
vn 0.7814 0.5129 0.3556
vn 0.8173 0.5703 0.0825
vn 0.9231 0.3335 0.1913
vn 0.9870 0.1524 0.0506
vn 0.8516 0.4799 0.2109
vn -0.4323 -0.8484 0.3055
vn -0.0951 -0.9829 0.1579
vn -0.2751 -0.9142 0.2976
vn -0.5208 -0.8330 0.1869
vn -0.4573 -0.7656 0.4526
vn -0.5742 -0.5919 0.5656
vn -0.4248 -0.8488 0.3148
vn 0.9924 -0.0790 -0.0948
vn 0.9111 0.1946 -0.3633
vn 0.9825 0.0730 -0.1716
vn 0.9644 -0.2077 -0.1639
vn 0.9952 -0.0623 0.0750
vn 0.9447 -0.1613 0.2855
vn 0.9937 -0.0685 -0.0891
vn 0.9138 0.1389 -0.3817
vn 0.7858 -0.1628 -0.5966
vn 0.8558 0.0495 -0.5149
vn 0.9636 0.0761 -0.2564
vn 0.8682 0.3029 -0.3929
vn 0.8185 0.5040 -0.2757
vn 0.9089 0.1439 -0.3915
vn 0.4419 0.5488 -0.7096
vn 0.0672 0.5632 -0.8236
vn 0.2852 0.6091 -0.7400
vn 0.4916 0.4193 -0.7632
vn 0.5155 0.6311 -0.5796
vn 0.6731 0.6210 -0.4015
vn 0.4374 0.5588 -0.7046
vn -0.1095 0.6849 -0.7204
vn -0.1642 0.9022 -0.3988
vn -0.0812 0.7986 -0.5964
vn -0.2419 0.6217 -0.7449
vn 0.0371 0.6227 -0.7816
vn 0.1470 0.4393 -0.8862
vn -0.0986 0.6894 -0.7177
vn 0.1420 0.1347 0.9807
vn 0.4994 0.2123 0.8399
vn 0.2809 0.2219 0.9337
vn 0.1378 -0.0137 0.9904
vn 0.0022 0.2322 0.9727
vn -0.2337 0.2396 0.9423
vn 0.1422 0.1466 0.9789
vn -0.3717 -0.3805 0.8468
vn -0.0281 -0.2384 0.9708
vn -0.2579 -0.2801 0.9247
vn -0.3378 -0.5133 0.7890
vn -0.5130 -0.2938 0.8065
vn -0.6995 -0.2746 0.6598
vn -0.3741 -0.3693 0.8507
vn 0.0544 0.6140 -0.7874
vn -0.2511 0.3893 -0.8863
vn -0.1062 0.5653 -0.8180
vn 0.1733 0.5341 -0.8275
vn 0.0600 0.7388 -0.6712
vn 0.1863 0.8457 -0.5001
vn 0.0447 0.6199 -0.7834
vn -0.5076 -0.8239 0.2521
vn -0.1448 -0.9665 0.2119
vn -0.3547 -0.8882 0.2921
vn -0.5611 -0.8200 0.1133
vn -0.5699 -0.7289 0.3794
vn -0.7108 -0.5475 0.4416
vn -0.5028 -0.8234 0.2631
vn -0.2477 -0.5072 -0.8255
vn -0.5517 -0.5878 -0.5916
vn -0.4057 -0.5064 -0.7609
vn -0.1428 -0.6042 -0.7840
vn -0.2138 -0.3615 -0.9075
vn -0.0470 -0.2068 -0.9773
vn -0.2560 -0.4988 -0.8280
vn 0.4648 -0.8844 -0.0417
vn 0.5922 -0.7151 -0.3714
vn 0.5686 -0.8082 -0.1536
vn 0.3318 -0.9401 -0.0782
vn 0.5118 -0.8508 0.1188
vn 0.4429 -0.8273 0.3454
vn 0.4752 -0.8790 -0.0387
vn 0.0260 -0.6128 0.7898
vn -0.1200 -0.8495 0.5137
vn 0.0155 -0.7381 0.6745
vn -0.0919 -0.5365 0.8389
vn 0.1869 -0.5589 0.8079
vn 0.3308 -0.3780 0.8647
vn 0.0356 -0.6184 0.7851
vn -0.4599 0.4594 -0.7599
vn -0.6124 0.6484 -0.4523
vn -0.4918 0.5830 -0.6467
vn -0.5415 0.3355 -0.7709
vn -0.3034 0.4750 -0.8260
vn -0.1169 0.3643 -0.9239
vn -0.4529 0.4690 -0.7583
vn -0.7294 0.2199 0.6477
vn -0.5415 -0.0667 0.8380
vn -0.6315 0.1404 0.7626
vn -0.8196 0.1483 0.5535
vn -0.6801 0.3817 0.6259
vn -0.6695 0.5682 0.4785
vn -0.7214 0.2254 0.6548
vn -0.5849 0.5598 -0.5869
vn -0.3942 0.3436 -0.8524
vn -0.5542 0.4414 -0.7058
vn -0.4910 0.6709 -0.5558
vn -0.7110 0.5114 -0.4827
vn -0.8068 0.5279 -0.2654
vn -0.5920 0.5503 -0.5889
vn -0.5126 -0.6796 -0.5248
vn -0.2237 -0.8990 -0.3764
vn -0.4310 -0.7942 -0.4283
vn -0.4523 -0.6160 -0.6450
vn -0.6494 -0.6172 -0.4442
vn -0.7983 -0.4334 -0.4183
vn -0.5170 -0.6841 -0.5146
vn -0.9882 -0.1410 -0.0603
vn -0.8535 -0.4896 -0.1785
vn -0.9498 -0.3073 -0.0597
vn -0.9817 -0.0560 -0.1822
vn -0.9921 -0.0780 0.0981
vn -0.9649 0.1137 0.2366
vn -0.9877 -0.1478 -0.0504
vn 0.7953 0.5015 0.3405
vn 0.8093 0.1772 0.5601
vn 0.8463 0.3505 0.4012
vn 0.6968 0.5887 0.4099
vn 0.8365 0.5190 0.1758
vn 0.7834 0.6206 -0.0328
vn 0.8026 0.4940 0.3345
vn 0.5296 0.8233 0.2045
vn 0.8149 0.5632 0.1370
vn 0.6582 0.7420 0.1272
vn 0.4910 0.7994 0.3462
vn 0.4275 0.8994 0.0909
vn 0.2081 0.9772 0.0415
vn 0.5322 0.8244 0.1928
vn 0.0640 0.7000 0.7113
vn -0.2170 0.4685 0.8564
vn -0.0151 0.5858 0.8103
vn -0.0073 0.7883 0.6152
vn 0.2319 0.6704 0.7049
vn 0.4328 0.6910 0.5790
vn 0.0697 0.6921 0.7184
vn -0.2934 0.8692 -0.3980
vn 0.0597 0.9645 -0.2572
vn -0.1279 0.9105 -0.3932
vn -0.3839 0.8798 -0.2803
vn -0.3300 0.7767 -0.5365
vn -0.4719 0.6125 -0.6342
vn -0.2858 0.8675 -0.4071
vn -0.6473 0.5159 -0.5611
vn -0.3495 0.7694 -0.5346
vn -0.5119 0.6101 -0.6047
vn -0.7237 0.5358 -0.4350
vn -0.6565 0.3739 -0.6551
vn -0.7300 0.1479 -0.6672
vn -0.6404 0.5138 -0.5708
vn 0.2826 -0.8807 -0.3802
vn -0.0563 -0.9765 -0.2082
vn 0.1190 -0.9251 -0.3607
vn 0.3820 -0.8840 -0.2696
vn 0.3062 -0.7940 -0.5252
vn 0.4361 -0.6316 -0.6409
vn 0.2742 -0.8796 -0.3888
vn -0.7330 0.4482 0.5116
vn -0.6457 0.7229 0.2460
vn -0.7460 0.5501 0.3754
vn -0.6315 0.4673 0.6187
vn -0.8186 0.3026 0.4882
vn -0.8369 0.0716 0.5427
vn -0.7405 0.4463 0.5025
vn -0.8971 0.4413 0.0217
vn -0.8886 0.3025 -0.3447
vn -0.9318 0.3445 -0.1145
vn -0.8219 0.5694 0.0141
vn -0.9202 0.3543 0.1667
vn -0.8581 0.3282 0.3949
vn -0.9023 0.4304 0.0223
vn -0.0409 0.3451 0.9377
vn -0.3204 0.0705 0.9447
vn -0.1221 0.1992 0.9723
vn -0.1080 0.4643 0.8791
vn 0.1283 0.3231 0.9376
vn 0.3384 0.3966 0.8533
vn -0.0354 0.3351 0.9415
vn 0.1358 0.6478 -0.7496
vn 0.4148 0.3832 -0.8253
vn 0.2202 0.5203 -0.8251
vn 0.1965 0.7368 -0.6470
vn -0.0325 0.6330 -0.7734
vn -0.2501 0.6799 -0.6893
vn 0.1307 0.6400 -0.7572
vn -0.0398 -0.8788 -0.4756
vn -0.1890 -0.9739 -0.1258
vn -0.1528 -0.9222 -0.3553
vn 0.1074 -0.8839 -0.4552
vn -0.1143 -0.7908 -0.6013
vn -0.0877 -0.6282 -0.7731
vn -0.0517 -0.8775 -0.4768
vn 0.2647 -0.6544 0.7083
vn 0.0445 -0.8791 0.4746
vn 0.2211 -0.7734 0.5941
vn 0.1663 -0.5838 0.7947
vn 0.4233 -0.5977 0.6809
vn 0.5764 -0.4168 0.7029
vn 0.2725 -0.6595 0.7006
vn -0.4712 0.8656 -0.1692
vn -0.6228 0.7621 0.1770
vn -0.5032 0.8642 -0.0017
vn -0.5516 0.7897 -0.2687
vn -0.3154 0.9272 -0.2018
vn -0.1288 0.9281 -0.3494
vn -0.4642 0.8710 -0.1610
vn -0.0324 -0.2926 0.9557
vn -0.2887 -0.5393 0.7911
vn -0.1003 -0.4365 0.8941
vn -0.1109 -0.1686 0.9794
vn 0.1379 -0.2955 0.9454
vn 0.3381 -0.1682 0.9260
vn -0.0260 -0.3024 0.9528
vn 0.4438 -0.2808 -0.8510
vn 0.1146 -0.1170 -0.9865
vn 0.3387 -0.1691 -0.9256
vn 0.4033 -0.4189 -0.8135
vn 0.5818 -0.2029 -0.7876
vn 0.7541 -0.2061 -0.6236
vn 0.4467 -0.2693 -0.8532
vn -0.8013 0.1483 -0.5796
vn -0.9576 0.1837 -0.2220
vn -0.8705 0.2190 -0.4407
vn -0.7973 0.0015 -0.6036
vn -0.7023 0.2597 -0.6628
vn -0.5151 0.2908 -0.8063
vn -0.8008 0.1600 -0.5771
vn 0.8133 -0.5809 -0.0326
vn 0.8721 -0.3490 -0.3430
vn 0.8788 -0.4586 -0.1319
vn 0.7219 -0.6870 -0.0829
vn 0.8300 -0.5418 0.1326
vn 0.7436 -0.5680 0.3528
vn 0.8199 -0.5717 -0.0285
vn -0.3650 -0.4715 -0.8028
vn 0.0201 -0.5273 -0.8494
vn -0.2132 -0.5492 -0.8080
vn -0.3892 -0.3355 -0.8579
vn -0.4698 -0.5481 -0.6921
vn -0.6549 -0.5242 -0.5444
vn -0.3627 -0.4821 -0.7975
vn -0.1941 0.7147 0.6720
vn -0.5551 0.6259 0.5478
vn -0.3529 0.6525 0.6706
vn -0.1424 0.8095 0.5697
vn -0.0932 0.6242 0.7757
vn 0.1282 0.5516 0.8242
vn -0.1981 0.7063 0.6796
vn 0.0501 0.7049 0.7076
vn -0.0787 0.9126 0.4012
vn -0.0542 0.7937 0.6059
vn 0.1974 0.6983 0.6881
vn -0.0369 0.5940 0.8036
vn -0.0333 0.3872 0.9214
vn 0.0381 0.7047 0.7085
vn -0.7633 0.3193 0.5617
vn -0.9341 0.0329 0.3556
vn -0.8349 0.1692 0.5237
vn -0.7665 0.4369 0.4707
vn -0.6544 0.3044 0.6922
vn -0.4591 0.3889 0.7988
vn -0.7623 0.3094 0.5685
vn -0.1784 -0.9726 0.1493
vn -0.4481 -0.8857 -0.1214
vn -0.2593 -0.9658 -0.0008
vn -0.2403 -0.9301 0.2777
vn -0.0102 -0.9917 0.1279
vn 0.2072 -0.9539 0.2170
vn -0.1732 -0.9751 0.1387
vn 0.4608 0.4440 -0.7685
vn 0.2699 0.7464 -0.6082
vn 0.4317 0.5889 -0.6832
vn 0.3588 0.3773 -0.8538
vn 0.6009 0.3655 -0.7109
vn 0.7149 0.1588 -0.6809
vn 0.4686 0.4489 -0.7608
vn 0.2520 -0.9136 -0.3192
vn 0.0372 -0.9993 -0.0028
vn 0.1218 -0.9672 -0.2229
vn 0.3870 -0.8832 -0.2647
vn 0.1979 -0.8593 -0.4716
vn 0.2374 -0.7155 -0.6571
vn 0.2408 -0.9151 -0.3233
vn 0.0782 0.1854 -0.9795
vn 0.0022 0.5435 -0.8394
vn 0.1008 0.3478 -0.9321
vn -0.0556 0.1214 -0.9910
vn 0.2239 0.0973 -0.9697
vn 0.3260 -0.1153 -0.9383
vn 0.0889 0.1905 -0.9777
vn 0.3642 0.8088 0.4618
vn 0.1009 0.9702 0.2204
vn 0.2222 0.8859 0.4071
vn 0.4847 0.7893 0.3769
vn 0.3355 0.7216 0.6056
vn 0.3991 0.5377 0.7427
vn 0.3540 0.8096 0.4683
vn -0.5886 -0.7127 -0.3815
vn -0.2509 -0.9069 -0.3384
vn -0.4722 -0.8213 -0.3201
vn -0.5733 -0.6407 -0.5107
vn -0.6992 -0.6658 -0.2604
vn -0.8481 -0.4978 -0.1813
vn -0.5893 -0.7179 -0.3706
vn 0.1374 -0.8766 0.4611
vn 0.4926 -0.7149 0.4962
vn 0.2739 -0.8019 0.5310
vn 0.1373 -0.9358 0.3246
vn -0.0050 -0.8374 0.5465
vn -0.2410 -0.8084 0.5370
vn 0.1372 -0.8710 0.4717
vn -0.6548 0.5278 0.5410
vn -0.4026 0.8072 0.4317
vn -0.5901 0.6634 0.4601
vn -0.5907 0.4649 0.6595
vn -0.7735 0.4502 0.4461
vn -0.8851 0.2464 0.3949
vn -0.6594 0.5324 0.5308
vn -0.1857 0.1210 0.9751
vn -0.4900 0.3090 0.8151
vn -0.3451 0.1559 0.9255
vn -0.0754 0.2208 0.9724
vn -0.1598 -0.0473 0.9860
vn -0.0026 -0.2255 0.9742
vn -0.1945 0.1128 0.9744
vn 0.8956 -0.2659 0.3567
vn 0.7561 -0.6111 0.2342
vn 0.8749 -0.4068 0.2628
vn 0.8350 -0.2476 0.4913
vn 0.9552 -0.1370 0.2622
vn 0.9675 0.0988 0.2327
vn 0.8996 -0.2672 0.3454
vn 0.1903 -0.2084 -0.9594
vn 0.5331 -0.2978 -0.7919
vn 0.3203 -0.3004 -0.8984
vn 0.1962 -0.0610 -0.9787
vn 0.0443 -0.2966 -0.9540
vn -0.1930 -0.2877 -0.9381
vn 0.1896 -0.2201 -0.9569
vn 0.7802 -0.2493 -0.5738
vn 0.4800 -0.3362 -0.8103
vn 0.6694 -0.2398 -0.7031
vn 0.7929 -0.3683 -0.4854
vn 0.8408 -0.0952 -0.5329
vn 0.9309 0.0443 -0.3625
vn 0.7784 -0.2394 -0.5804
vn -0.0893 -0.6200 0.7795
vn -0.4651 -0.5599 0.6857
vn -0.2468 -0.6482 0.7203
vn -0.0531 -0.5024 0.8630
vn 0.0255 -0.7160 0.6977
vn 0.2514 -0.7381 0.6261
vn -0.0922 -0.6289 0.7720
vn 0.3943 0.1760 0.9020
vn 0.3777 0.5383 0.7534
vn 0.3445 0.3371 0.8762
vn 0.5198 0.1191 0.8459
vn 0.2659 0.0803 0.9607
vn 0.1707 -0.1373 0.9757
vn 0.3838 0.1804 0.9056
vn -0.5780 -0.2846 -0.7648
vn -0.2632 -0.1471 -0.9535
vn -0.4338 -0.2813 -0.8560
vn -0.6586 -0.1632 -0.7346
vn -0.5937 -0.4314 -0.6793
vn -0.6837 -0.5419 -0.4887
vn -0.5709 -0.2941 -0.7665
vn -0.0731 0.9957 -0.0574
vn 0.3095 0.9508 0.0144
vn 0.0957 0.9921 -0.0816
vn -0.1368 0.9876 0.0768
vn -0.1570 0.9665 -0.2031
vn -0.3553 0.8835 -0.3052
vn -0.0679 0.9954 -0.0682
vn -0.0917 -0.1001 -0.9907
vn 0.2732 -0.2313 -0.9337
vn 0.0405 -0.2071 -0.9775
vn -0.0771 0.0478 -0.9959
vn -0.2387 -0.1788 -0.9545
vn -0.4613 -0.1568 -0.8733
vn -0.0928 -0.1120 -0.9894
vn 0.9608 -0.1311 0.2443
vn 0.8893 0.2213 0.4003
vn 0.9327 -0.0093 0.3604
vn 0.9896 -0.1026 0.1011
vn 0.9103 -0.2837 0.3014
vn 0.8303 -0.5006 0.2451
vn 0.9575 -0.1332 0.2557
vn -0.6756 -0.6264 0.3889
vn -0.3993 -0.6291 0.6669
vn -0.5961 -0.5969 0.5369
vn -0.6269 -0.7240 0.2878
vn -0.7884 -0.5033 0.3538
vn -0.9051 -0.3827 0.1850
vn -0.6789 -0.6179 0.3967
vn 0.4794 0.1425 0.8659
vn 0.5694 0.4717 0.6732
vn 0.4815 0.3071 0.8209
vn 0.5773 0.0425 0.8154
vn 0.3308 0.1003 0.9384
vn 0.1730 -0.0724 0.9823
vn 0.4710 0.1505 0.8692
vn -0.8464 -0.0036 0.5326
vn -0.9378 0.2462 0.2448
vn -0.9182 0.0599 0.3915
vn -0.7718 0.0795 0.6309
vn -0.8336 -0.1735 0.5244
vn -0.7152 -0.3677 0.5944
vn -0.8516 -0.0103 0.5241
vn 0.5960 0.1082 -0.7957
vn 0.7962 -0.1547 -0.5849
vn 0.6641 -0.0403 -0.7465
vn 0.6334 0.2392 -0.7359
vn 0.4540 0.0838 -0.8871
vn 0.2434 0.1716 -0.9546
vn 0.5924 0.0975 -0.7997
vn 0.7028 -0.6828 -0.1997
vn 0.4277 -0.9035 -0.0288
vn 0.5772 -0.7965 -0.1800
vn 0.7776 -0.6228 -0.0860
vn 0.7019 -0.6164 -0.3569
vn 0.7557 -0.4297 -0.4942
vn 0.6961 -0.6870 -0.2088
vn 0.1052 0.1992 -0.9743
vn -0.2736 0.1005 -0.9566
vn -0.0648 0.2132 -0.9749
vn 0.1767 0.0690 -0.9818
vn 0.1789 0.3439 -0.9218
vn 0.3674 0.4444 -0.8170
vn 0.0993 0.2096 -0.9727
vn -0.3261 0.6305 0.7044
vn -0.0073 0.8182 0.5749
vn -0.2284 0.7460 0.6256
vn -0.2732 0.5314 0.8019
vn -0.4776 0.6150 0.6275
vn -0.6629 0.4734 0.5800
vn -0.3300 0.6379 0.6958
vn -0.5533 -0.6279 -0.5473
vn -0.4972 -0.8388 -0.2218
vn -0.5847 -0.7063 -0.3991
vn -0.4296 -0.6498 -0.6270
vn -0.6569 -0.4941 -0.5695
vn -0.6871 -0.2806 -0.6702
vn -0.5628 -0.6255 -0.5403
vn -0.7318 0.6162 0.2912
vn -0.4396 0.8692 0.2265
vn -0.6382 0.7384 0.2177
vn -0.7058 0.5644 0.4282
vn -0.8271 0.5338 0.1761
vn -0.9364 0.3308 0.1172
vn -0.7332 0.6198 0.2798
vn -0.6579 0.7515 -0.0490
vn -0.3456 0.9327 0.1034
vn -0.5212 0.8527 -0.0359
vn -0.7236 0.6869 0.0678
vn -0.6819 0.7006 -0.2101
vn -0.7684 0.5326 -0.3549
vn -0.6520 0.7560 -0.0585
vn -0.8865 0.4504 -0.1064
vn -0.6672 0.7442 0.0323
vn -0.7970 0.5956 -0.1008
vn -0.9271 0.3746 0.0150
vn -0.8854 0.3832 -0.2632
vn -0.8998 0.1855 -0.3949
vn -0.8823 0.4562 -0.1161
vn 0.2994 -0.3728 -0.8783
vn 0.5722 -0.0987 -0.8142
vn 0.4496 -0.3010 -0.8410
vn 0.1850 -0.2977 -0.9366
vn 0.2833 -0.5249 -0.8027
vn 0.1345 -0.6877 -0.7134
vn 0.3084 -0.3785 -0.8727
vn 0.1471 -0.5969 -0.7888
vn -0.2313 -0.5044 -0.8319
vn 0.0050 -0.5256 -0.8507
vn 0.1466 -0.7084 -0.6904
vn 0.2835 -0.4989 -0.8190
vn 0.5014 -0.4341 -0.7484
vn 0.1470 -0.5872 -0.7960
vn -0.9295 0.0454 -0.3659
vn -0.7490 0.3190 -0.5807
vn -0.8575 0.1234 -0.4995
vn -0.9641 0.1151 -0.2392
vn -0.9169 -0.1242 -0.3794
vn -0.9052 -0.3325 -0.2647
vn -0.9258 0.0397 -0.3759
vn 0.0100 0.0561 -0.9984
vn -0.1614 -0.2920 -0.9427
vn -0.1102 -0.0648 -0.9918
vn 0.1556 0.0275 -0.9874
vn -0.0571 0.2113 -0.9758
vn -0.0217 0.4343 -0.9005
vn -0.0018 0.0584 -0.9983
vn -0.0454 0.6577 0.7519
vn 0.2556 0.4333 0.8642
vn 0.1142 0.6079 0.7857
vn -0.1658 0.5823 0.7959
vn -0.0484 0.7760 0.6289
vn -0.1722 0.8754 0.4517
vn -0.0356 0.6632 0.7476
vn -0.6636 -0.0223 0.7478
vn -0.3727 0.1847 0.9094
vn -0.5757 0.1099 0.8102
vn -0.6221 -0.1640 0.7656
vn -0.7761 0.0285 0.6300
vn -0.8999 -0.0295 0.4352
vn -0.6663 -0.0108 0.7456
vn -0.5208 -0.5424 -0.6592
vn -0.6573 -0.6825 -0.3196
vn -0.6262 -0.5731 -0.5286
vn -0.3940 -0.6170 -0.6813
vn -0.5557 -0.3926 -0.7329
vn -0.4718 -0.2076 -0.8569
vn -0.5306 -0.5358 -0.6568
vn -0.8445 -0.1958 -0.4984
vn -0.6047 -0.0932 -0.7910
vn -0.7436 -0.2079 -0.6355
vn -0.8935 -0.0663 -0.4441
vn -0.8459 -0.3414 -0.4097
vn -0.8739 -0.4444 -0.1969
vn -0.8397 -0.2061 -0.5024
vn -0.7540 0.3944 -0.5253
vn -0.5118 0.7012 -0.4963
vn -0.6414 0.5151 -0.5685
vn -0.8288 0.3945 -0.3968
vn -0.7377 0.2565 -0.6245
vn -0.7652 0.0209 -0.6434
vn -0.7472 0.3940 -0.5353
vn -0.4027 0.7043 -0.5846
vn -0.2146 0.4839 -0.8484
vn -0.3753 0.5938 -0.7117
vn -0.2974 0.7941 -0.5300
vn -0.5479 0.6690 -0.5023
vn -0.6686 0.6815 -0.2975
vn -0.4109 0.6963 -0.5885
vn -0.3802 -0.2447 0.8920
vn -0.0098 -0.3671 0.9301
vn -0.2175 -0.2517 0.9430
vn -0.4482 -0.3558 0.8201
vn -0.4389 -0.0846 0.8946
vn -0.5921 0.0726 0.8026
vn -0.3743 -0.2355 0.8969
vn -0.6663 -0.6935 -0.2742
vn -0.6615 -0.7411 0.1148
vn -0.7159 -0.6893 -0.1110
vn -0.5489 -0.7713 -0.3221
vn -0.7385 -0.5676 -0.3639
vn -0.7208 -0.4210 -0.5506
vn -0.6752 -0.6865 -0.2700
vn 0.1266 0.9507 0.2830
vn 0.4893 0.8555 0.1691
vn 0.2694 0.9441 0.1899
vn 0.1171 0.8989 0.4221
vn -0.0095 0.9827 0.1851
vn -0.2443 0.9570 0.1566
vn 0.1272 0.9540 0.2714
vn -0.1326 0.9714 -0.1971
vn -0.2588 0.9503 0.1733
vn -0.1376 0.9901 -0.0276
vn -0.2494 0.9276 -0.2782
vn 0.0282 0.9668 -0.2539
vn 0.1776 0.8890 -0.4221
vn -0.1230 0.9740 -0.1903
vn 0.8618 -0.2517 -0.4403
vn 0.6584 -0.1112 -0.7444
vn 0.8113 -0.1476 -0.5657
vn 0.8150 -0.3922 -0.4266
vn 0.9353 -0.1644 -0.3135
vn 0.9846 -0.1552 -0.0808
vn 0.8648 -0.2400 -0.4410
vn 0.6362 0.2024 -0.7445
vn 0.7250 0.4856 -0.4885
vn 0.7217 0.2924 -0.6274
vn 0.5173 0.2545 -0.8171
vn 0.6760 0.0367 -0.7360
vn 0.6046 -0.1871 -0.7743
vn 0.6453 0.1979 -0.7379
vn -0.4992 0.7757 -0.3861
vn -0.5444 0.8388 -0.0020
vn -0.4815 0.8453 -0.2314
vn -0.6050 0.6766 -0.4197
vn -0.3595 0.7996 -0.4810
vn -0.2234 0.7185 -0.6586
vn -0.4902 0.7830 -0.3830
vn -0.1460 -0.6576 0.7391
vn -0.1132 -0.3225 0.9398
vn -0.1883 -0.5212 0.8324
vn -0.0054 -0.6995 0.7146
vn -0.2778 -0.7116 0.6453
vn -0.3486 -0.8235 0.4476
vn -0.1572 -0.6535 0.7404
vn 0.0874 -0.9413 0.3260
vn -0.1249 -0.7800 0.6132
vn -0.0456 -0.9036 0.4260
vn 0.2278 -0.9050 0.3593
vn 0.0364 -0.9849 0.1692
vn 0.0908 -0.9939 -0.0623
vn 0.0760 -0.9433 0.3230
vn -0.9249 0.3616 0.1172
vn -0.8526 0.2184 0.4748
vn -0.8903 0.3558 0.2842
vn -0.9692 0.2434 0.0386
vn -0.8627 0.5037 0.0462
vn -0.7798 0.6074 -0.1514
vn -0.9204 0.3709 0.1235
vn 0.9669 -0.2536 -0.0271
vn 0.7950 -0.6057 -0.0345
vn 0.9108 -0.4040 -0.0849
vn 0.9691 -0.2169 0.1171
vn 0.9783 -0.1393 -0.1532
vn 0.9725 0.0906 -0.2145
vn 0.9658 -0.2563 -0.0387
vn -0.4306 -0.0865 -0.8984
vn -0.3420 -0.4600 -0.8194
vn -0.4493 -0.2510 -0.8574
vn -0.3042 -0.0294 -0.9522
vn -0.5555 0.0085 -0.8315
vn -0.6213 0.2227 -0.7513
vn -0.4404 -0.0910 -0.8932
vn 0.1598 0.8264 -0.5400
vn -0.1479 0.9349 -0.3228
vn 0.0672 0.9050 -0.4201
vn 0.0999 0.7506 -0.6531
vn 0.3223 0.8093 -0.4911
vn 0.5233 0.6831 -0.5095
vn 0.1645 0.8317 -0.5303
vn 0.9119 -0.3068 0.2726
vn 0.7556 -0.2128 0.6195
vn 0.8438 -0.3234 0.4282
vn 0.9598 -0.1772 0.2176
vn 0.8789 -0.4434 0.1759
vn 0.8478 -0.5284 -0.0442
vn 0.9071 -0.3171 0.2768
vn 0.9647 -0.2401 0.1086
vn 0.9124 0.0058 0.4093
vn 0.9458 -0.1830 0.2682
vn 0.9885 -0.1509 -0.0080
vn 0.9111 -0.4014 0.0940
vn 0.8210 -0.5689 -0.0491
vn 0.9618 -0.2471 0.1180
vn -0.9985 0.0484 0.0241
vn -0.9425 -0.3141 -0.1139
vn -0.9924 -0.1219 0.0174
vn -0.9861 0.1356 -0.0957
vn -0.9774 0.1047 0.1838
vn -0.9031 0.2821 0.3239
vn -0.9986 0.0413 0.0338
vn 0.0332 0.4396 0.8976
vn -0.3534 0.4075 0.8421
vn -0.1276 0.3852 0.9140
vn 0.0708 0.5630 0.8234
vn 0.1444 0.3166 0.9375
vn 0.3623 0.2269 0.9040
vn 0.0301 0.4292 0.9027
vn 0.9576 0.2721 0.0950
vn 0.8170 0.5623 -0.1277
vn 0.9031 0.4267 0.0479
vn 0.9867 0.1626 -0.0015
vn 0.9332 0.2462 0.2618
vn 0.8961 0.0873 0.4351
vn 0.9543 0.2807 0.1027
vn -0.5403 -0.3595 0.7608
vn -0.2130 -0.5729 0.7915
vn -0.3913 -0.4178 0.8199
vn -0.6201 -0.4295 0.6565
vn -0.5635 -0.1958 0.8026
vn -0.6660 0.0114 0.7459
vn -0.5333 -0.3535 0.7685
vn 0.0717 0.7941 0.6035
vn 0.4184 0.6212 0.6626
vn 0.2396 0.7646 0.5984
vn -0.0217 0.7206 0.6930
vn 0.0206 0.8837 0.4676
vn -0.1579 0.9346 0.3187
vn 0.0792 0.7993 0.5957
vn 0.0852 -0.3212 -0.9432
vn 0.1664 0.0600 -0.9842
vn 0.1734 -0.1774 -0.9688
vn -0.0634 -0.3272 -0.9428
vn 0.1843 -0.4434 -0.8772
vn 0.1953 -0.6399 -0.7433
vn 0.0972 -0.3204 -0.9423
vn 0.1406 0.0034 -0.9901
vn -0.2279 0.1344 -0.9644
vn 0.0069 0.1093 -0.9940
vn 0.1276 -0.1445 -0.9812
vn 0.2848 0.0873 -0.9546
vn 0.5033 0.0765 -0.8607
vn 0.1415 0.0154 -0.9898
vn 0.6361 0.3607 -0.6821
vn 0.5779 0.6762 -0.4570
vn 0.6648 0.4847 -0.5685
vn 0.5198 0.3598 -0.7748
vn 0.7294 0.2221 -0.6471
vn 0.7478 -0.0145 -0.6637
vn 0.6450 0.3604 -0.6739
vn -0.3164 -0.4801 -0.8181
vn 0.0344 -0.3509 -0.9358
vn -0.1521 -0.4801 -0.8639
vn -0.4069 -0.3637 -0.8379
vn -0.3508 -0.6088 -0.7115
vn -0.4886 -0.6893 -0.5349
vn -0.3088 -0.4891 -0.8157
vn -0.9279 0.0633 0.3675
vn -0.8285 -0.3011 0.4721
vn -0.8828 -0.0695 0.4646
vn -0.9728 0.0499 0.2263
vn -0.8751 0.2104 0.4358
vn -0.8084 0.4354 0.3962
vn -0.9233 0.0643 0.3786
vn -0.2310 -0.9199 0.3168
vn 0.1606 -0.9309 0.3280
vn -0.0719 -0.9229 0.3782
vn -0.2645 -0.9484 0.1747
vn -0.3372 -0.8405 0.4241
vn -0.5374 -0.7141 0.4487
vn -0.2281 -0.9167 0.3280
vn -0.8429 0.4006 0.3592
vn -0.9764 0.0655 0.2060
vn -0.9054 0.2422 0.3487
vn -0.8351 0.4934 0.2432
vn -0.7539 0.4225 0.5031
vn -0.5778 0.5397 0.6122
vn -0.8427 0.3927 0.3683
vn 0.0882 0.6260 -0.7748
vn 0.3152 0.8017 -0.5079
vn 0.2277 0.6825 -0.6945
vn -0.0496 0.6701 -0.7406
vn 0.1220 0.4855 -0.8657
vn 0.0371 0.2834 -0.9583
vn 0.0993 0.6218 -0.7769
vn -0.7314 0.0014 -0.6820
vn -0.7636 -0.3607 -0.5356
vn -0.7926 -0.1322 -0.5953
vn -0.6224 -0.0093 -0.7827
vn -0.7785 0.1486 -0.6098
vn -0.7264 0.3781 -0.5739
vn -0.7395 0.0023 -0.6732
vn -0.8993 -0.3770 -0.2218
vn -0.7597 -0.2961 -0.5789
vn -0.8351 -0.3994 -0.3782
vn -0.9534 -0.2472 -0.1733
vn -0.8550 -0.5050 -0.1180
vn -0.8121 -0.5738 0.1058
vn -0.8940 -0.3871 -0.2255
vn -0.8169 0.5052 -0.2782
vn -0.7752 0.6249 0.0926
vn -0.7827 0.6054 -0.1444
vn -0.8878 0.3749 -0.2670
vn -0.7247 0.5505 -0.4144
vn -0.6225 0.4805 -0.6177
vn -0.8103 0.5153 -0.2789
vn -0.3929 0.8014 -0.4510
vn -0.3538 0.9316 -0.0835
vn -0.3336 0.8880 -0.3166
vn -0.5209 0.7256 -0.4496
vn -0.2709 0.7774 -0.5678
vn -0.1887 0.6406 -0.7443
vn -0.3822 0.8067 -0.4507
vn 0.5149 0.8547 -0.0659
vn 0.7217 0.6612 0.2051
vn 0.6415 0.7670 0.0075
vn 0.4025 0.9154 0.0102
vn 0.5105 0.8274 -0.2342
vn 0.3768 0.8199 -0.4310
vn 0.5236 0.8489 -0.0720
vn -0.9146 0.4027 0.0379
vn -0.8655 0.3597 -0.3485
vn -0.9319 0.3422 -0.1206
vn -0.8450 0.5302 0.0698
vn -0.9470 0.2819 0.1540
vn -0.9054 0.2012 0.3739
vn -0.9193 0.3919 0.0353
vn 0.2988 -0.8883 -0.3487
vn 0.2258 -0.9738 0.0267
vn 0.2222 -0.9521 -0.2102
vn 0.4358 -0.8304 -0.3472
vn 0.1865 -0.8605 -0.4741
vn 0.1318 -0.7329 -0.6674
vn 0.2874 -0.8922 -0.3485
vn -0.2239 -0.9746 0.0096
vn 0.1404 -0.9809 -0.1350
vn -0.0552 -0.9985 -0.0006
vn -0.3096 -0.9447 -0.1083
vn -0.2727 -0.9468 0.1707
vn -0.4317 -0.8450 0.3155
vn -0.2167 -0.9761 0.0191
vn -0.0288 -0.3059 -0.9516
vn -0.2180 0.0365 -0.9753
vn -0.0617 -0.1425 -0.9879
vn -0.1326 -0.4021 -0.9059
vn 0.1387 -0.3325 -0.9328
vn 0.3090 -0.4635 -0.8305
vn -0.0204 -0.2978 -0.9544
vn 0.1001 -0.8913 -0.4422
vn 0.1657 -0.9839 -0.0671
vn 0.0764 -0.9552 -0.2858
vn 0.2310 -0.8401 -0.4908
vn -0.0487 -0.8546 -0.5170
vn -0.1636 -0.7191 -0.6754
vn 0.0894 -0.8946 -0.4378
vn -0.2764 -0.9179 0.2846
vn 0.0784 -0.9879 0.1337
vn -0.1102 -0.9551 0.2751
vn -0.3667 -0.9153 0.1664
vn -0.3148 -0.8443 0.4337
vn -0.4598 -0.6965 0.5510
vn -0.2689 -0.9172 0.2939
vn 0.9805 0.0624 -0.1864
vn 0.8395 0.3416 -0.4226
vn 0.9439 0.2169 -0.2489
vn 0.9625 -0.0634 -0.2636
vn 0.9976 0.0669 -0.0168
vn 0.9807 -0.0531 0.1881
vn 0.9810 0.0726 -0.1800
vn -0.5785 0.4153 0.7021
vn -0.8359 0.1852 0.5167
vn -0.6847 0.2855 0.6706
vn -0.5724 0.5382 0.6186
vn -0.4550 0.3691 0.8104
vn -0.2317 0.4052 0.8844
vn -0.5784 0.4049 0.7082
vn -0.4205 -0.6285 0.6544
vn -0.4232 -0.2931 0.8573
vn -0.4780 -0.4872 0.7309
vn -0.2832 -0.6821 0.6742
vn -0.5211 -0.6735 0.5242
vn -0.5367 -0.7833 0.3136
vn -0.4312 -0.6235 0.6522
vn -0.9967 -0.0334 -0.0742
vn -0.9381 -0.2281 0.2608
vn -0.9933 -0.0691 0.0926
vn -0.9743 -0.1353 -0.1803
vn -0.9857 0.1347 -0.1016
vn -0.9180 0.3080 -0.2500
vn -0.9975 -0.0251 -0.0655
vn 0.4806 -0.2417 0.8429
vn 0.3270 -0.5873 0.7404
vn 0.4693 -0.4022 0.7861
vn 0.3698 -0.1717 0.9131
vn 0.6136 -0.1607 0.7731
vn 0.7065 0.0478 0.7061
vn 0.4892 -0.2472 0.8364
vn -0.1599 -0.9458 0.2826
vn -0.3181 -0.7484 0.5819
vn -0.2768 -0.8793 0.3875
vn -0.0145 -0.9494 0.3138
vn -0.2228 -0.9668 0.1254
vn -0.1758 -0.9785 -0.1076
vn -0.1715 -0.9446 0.2798
vn 0.5054 0.0244 -0.8625
vn 0.1858 -0.1772 -0.9665
vn 0.3555 -0.0134 -0.9346
vn 0.5944 -0.0773 -0.8004
vn 0.5192 0.1919 -0.8329
vn 0.6165 0.3627 -0.6988
vn 0.4977 0.0327 -0.8667
vn -0.2811 0.3953 0.8745
vn -0.0018 0.6466 0.7628
vn -0.2062 0.5377 0.8176
vn -0.2064 0.2828 0.9367
vn -0.4397 0.3805 0.8136
vn -0.6162 0.2330 0.7523
vn -0.2869 0.4041 0.8686
vn 0.7318 -0.0460 -0.6799
vn 0.4240 0.0455 -0.9045
vn 0.6259 0.0443 -0.7786
vn 0.7227 -0.1936 -0.6635
vn 0.8178 0.0553 -0.5729
vn 0.9287 0.0745 -0.3632
vn 0.7319 -0.0340 -0.6806
vn 0.3781 -0.5852 0.7174
vn 0.6910 -0.3697 0.6212
vn 0.5020 -0.4684 0.7271
vn 0.3752 -0.6933 0.6153
vn 0.2414 -0.5377 0.8078
vn 0.0052 -0.5522 0.8337
vn 0.3779 -0.5758 0.7250
vn 0.5847 -0.5547 -0.5920
vn 0.8515 -0.3536 -0.3871
vn 0.7077 -0.5194 -0.4791
vn 0.5441 -0.4616 -0.7006
vn 0.4886 -0.6856 -0.5396
vn 0.2753 -0.7909 -0.5465
vn 0.5875 -0.5617 -0.5826
vn -0.5632 -0.7769 0.2814
vn -0.3347 -0.7297 0.5963
vn -0.5138 -0.7367 0.4396
vn -0.4802 -0.8569 0.1875
vn -0.6950 -0.6807 0.2316
vn -0.8116 -0.5822 0.0489
vn -0.5694 -0.7696 0.2887
vn 0.4225 -0.6337 -0.6480
vn 0.6292 -0.3073 -0.7139
vn 0.5523 -0.5230 -0.6491
vn 0.2990 -0.6158 -0.7289
vn 0.4330 -0.7399 -0.5149
vn 0.3153 -0.8778 -0.3607
vn 0.4321 -0.6345 -0.6408
vn 0.5300 -0.5029 -0.6828
vn 0.7978 -0.4498 -0.4015
vn 0.6368 -0.5363 -0.5540
vn 0.5315 -0.3753 -0.7593
vn 0.3984 -0.6114 -0.6837
vn 0.1707 -0.6474 -0.7428
vn 0.5294 -0.5127 -0.6759
vn 0.0091 0.7821 0.6231
vn 0.0002 0.4827 0.8758
vn 0.0597 0.6693 0.7406
vn -0.1331 0.8010 0.5836
vn 0.1407 0.8367 0.5292
vn 0.2131 0.9232 0.3197
vn 0.0206 0.7798 0.6257
vn 0.3429 0.6511 0.6771
vn 0.5815 0.3458 0.7364
vn 0.4836 0.5545 0.6772
vn 0.2206 0.6177 0.7549
vn 0.3446 0.7624 0.5478
vn 0.2157 0.8926 0.3959
vn 0.3525 0.6532 0.6701
vn 0.9139 -0.2494 0.3202
vn 0.8152 -0.5678 0.1141
vn 0.9103 -0.3651 0.1949
vn 0.8497 -0.2702 0.4528
vn 0.9604 -0.0962 0.2614
vn 0.9471 0.1399 0.2889
vn 0.9183 -0.2475 0.3091
vn 0.6999 -0.7138 -0.0242
vn 0.9171 -0.3958 0.0487
vn 0.7970 -0.6010 0.0592
vn 0.6807 -0.7121 -0.1717
vn 0.5971 -0.7979 0.0829
vn 0.3911 -0.9136 0.1111
vn 0.7008 -0.7133 -0.0122
vn -0.7079 0.5893 -0.3894
vn -0.5083 0.8445 -0.1687
vn -0.6044 0.7177 -0.3458
vn -0.8003 0.5226 -0.2938
vn -0.6620 0.5210 -0.5388
vn -0.6600 0.3269 -0.6765
vn -0.6997 0.5942 -0.3968
vn -0.3244 -0.3695 -0.8708
vn -0.4596 -0.6373 -0.6186
vn -0.4328 -0.4601 -0.7752
vn -0.1829 -0.4092 -0.8939
vn -0.3836 -0.2120 -0.8988
vn -0.3300 0.0155 -0.9438
vn -0.3355 -0.3660 -0.8680
vn 0.1005 -0.7768 0.6217
vn 0.3979 -0.5483 0.7355
vn 0.1944 -0.6703 0.7162
vn 0.1536 -0.8501 0.5037
vn -0.0661 -0.7555 0.6518
vn -0.2875 -0.7726 0.5661
vn 0.0960 -0.7701 0.6307
vn -0.5189 -0.5358 0.6661
vn -0.2511 -0.3657 0.8962
vn -0.4492 -0.4319 0.7821
vn -0.4486 -0.6539 0.6092
vn -0.6564 -0.4647 0.5943
vn -0.7962 -0.4520 0.4021
vn -0.5241 -0.5257 0.6700
vn -0.0066 0.9942 -0.1072
vn 0.0874 0.9584 0.2716
vn 0.0853 0.9957 0.0365
vn -0.1549 0.9818 -0.1095
vn 0.0921 0.9656 -0.2433
vn 0.1055 0.8792 -0.4647
vn 0.0054 0.9943 -0.1069
vn -0.6247 0.4700 -0.6235
vn -0.2768 0.5879 -0.7601
vn -0.4886 0.4851 -0.7252
vn -0.6522 0.5614 -0.5094
vn -0.6985 0.3173 -0.6414
vn -0.8292 0.1464 -0.5395
vn -0.6219 0.4622 -0.6322
vn -0.5262 -0.1303 0.8404
vn -0.7890 0.0500 0.6123
vn -0.6628 -0.1051 0.7414
vn -0.4438 -0.0196 0.8959
vn -0.4725 -0.2920 0.8316
vn -0.2883 -0.4417 0.8496
vn -0.5323 -0.1391 0.8350
vn -0.4163 -0.8316 -0.3675
vn -0.0603 -0.8453 -0.5308
vn -0.2559 -0.8801 -0.3999
vn -0.4937 -0.7405 -0.4560
vn -0.4592 -0.8642 -0.2057
vn -0.5949 -0.8036 -0.0198
vn -0.4096 -0.8382 -0.3600
vn -0.5349 0.8286 -0.1652
vn -0.2320 0.9720 0.0380
vn -0.3903 0.9116 -0.1291
vn -0.6274 0.7763 -0.0611
vn -0.5376 0.7769 -0.3277
vn -0.6195 0.6177 -0.4844
vn -0.5269 0.8321 -0.1734
vn -0.9004 -0.3229 -0.2915
vn -0.9935 0.0137 -0.1134
vn -0.9496 -0.1610 -0.2690
vn -0.8889 -0.4211 -0.1804
vn -0.8272 -0.3445 -0.4440
vn -0.6714 -0.4689 -0.5740
vn -0.9005 -0.3146 -0.3002
vn -0.9727 -0.0631 0.2235
vn -0.8396 0.1553 0.5205
vn -0.9436 0.0722 0.3231
vn -0.9428 -0.2030 0.2645
vn -0.9980 -0.0162 0.0614
vn -0.9827 -0.0774 -0.1681
vn -0.9741 -0.0517 0.2199
vn -0.0146 -0.9815 -0.1909
vn 0.0140 -0.9797 0.2000
vn -0.0570 -0.9980 -0.0264
vn 0.1253 -0.9632 -0.2380
vn -0.1514 -0.9460 -0.2866
vn -0.2343 -0.8429 -0.4843
vn -0.0260 -0.9820 -0.1869
vn -0.7185 0.2513 0.6486
vn -0.9306 0.1292 0.3425
vn -0.8197 0.1541 0.5516
vn -0.6838 0.3921 0.6153
vn -0.6306 0.1568 0.7601
vn -0.4329 0.1362 0.8911
vn -0.7206 0.2396 0.6506
vn 0.2135 0.9568 -0.1972
vn 0.4371 0.7723 -0.4609
vn 0.2703 0.8981 -0.3470
vn 0.2938 0.9531 -0.0721
vn 0.0443 0.9789 -0.1997
vn -0.1573 0.9848 -0.0734
vn 0.2068 0.9562 -0.2072
vn -0.0743 0.0190 0.9971
vn 0.1801 0.3103 0.9334
vn -0.0101 0.1766 0.9842
vn 0.0094 -0.1039 0.9945
vn -0.2427 0.0186 0.9699
vn -0.4319 -0.1053 0.8958
vn -0.0810 0.0290 0.9963
vn -0.4669 -0.0027 -0.8843
vn -0.1781 -0.2596 -0.9491
vn -0.3861 -0.1507 -0.9100
vn -0.4034 0.1301 -0.9057
vn -0.6091 -0.0251 -0.7927
vn -0.7647 0.0709 -0.6404
vn -0.4716 -0.0135 -0.8817
vn 0.2999 -0.0600 -0.9521
vn 0.2023 0.3187 -0.9260
vn 0.3149 0.1097 -0.9428
vn 0.1707 -0.1296 -0.9768
vn 0.4377 -0.1378 -0.8885
vn 0.5255 -0.3324 -0.7832
vn 0.3101 -0.0543 -0.9492
vn -0.6944 -0.6831 -0.2263
vn -0.9176 -0.3767 -0.1270
vn -0.8000 -0.5498 -0.2402
vn -0.6587 -0.7462 -0.0964
vn -0.6044 -0.7058 -0.3695
vn -0.4031 -0.7869 -0.4672
vn -0.6966 -0.6773 -0.2367
vn 0.9146 -0.0734 -0.3976
vn 0.9949 0.0878 -0.0495
vn 0.9699 -0.0565 -0.2370
vn 0.8747 0.0417 -0.4829
vn 0.8711 -0.2349 -0.4312
vn 0.7352 -0.3814 -0.5604
vn 0.9170 -0.0827 -0.3903
vn -0.2981 -0.6954 0.6539
vn 0.0098 -0.5411 0.8409
vn -0.2068 -0.6067 0.7675
vn -0.2383 -0.7937 0.5597
vn -0.4533 -0.6276 0.6330
vn -0.6384 -0.5962 0.4868
vn -0.3027 -0.6867 0.6609
vn -0.6393 0.7049 0.3073
vn -0.7718 0.3912 0.5012
vn -0.6732 0.5976 0.4355
vn -0.7002 0.6929 0.1721
vn -0.4994 0.7971 0.3394
vn -0.3144 0.9162 0.2485
vn -0.6337 0.7052 0.3180
vn 0.4109 -0.7457 0.5245
vn 0.1952 -0.9444 0.2645
vn 0.3697 -0.8431 0.3905
vn 0.3144 -0.7088 0.6315
vn 0.5581 -0.6636 0.4982
vn 0.6906 -0.4722 0.5478
vn 0.4183 -0.7480 0.5153
vn -0.1832 -0.9532 0.2404
vn 0.0787 -0.8538 0.5146
vn -0.1169 -0.9124 0.3922
vn -0.1006 -0.9875 0.1215
vn -0.3476 -0.9088 0.2309
vn -0.5283 -0.8442 0.0902
vn -0.1897 -0.9495 0.2499
vn 0.8908 0.4541 0.0170
vn 0.9128 0.2297 0.3376
vn 0.9368 0.3279 0.1221
vn 0.8160 0.5747 0.0617
vn 0.9022 0.4059 -0.1462
vn 0.8217 0.4350 -0.3683
vn 0.8960 0.4439 0.0134
vn -0.6851 0.0246 -0.7280
vn -0.4655 -0.2802 -0.8395
vn -0.6368 -0.1360 -0.7589
vn -0.6112 0.1435 -0.7784
vn -0.7987 0.0316 -0.6009
vn -0.8913 0.1609 -0.4239
vn -0.6904 0.0150 -0.7232
vn -0.5023 0.8630 -0.0542
vn -0.4223 0.8446 0.3291
vn -0.4311 0.8971 0.0971
vn -0.6236 0.7785 -0.0704
vn -0.3958 0.9001 -0.1822
vn -0.3294 0.8525 -0.4058
vn -0.4919 0.8690 -0.0528
vn 0.0887 -0.5040 0.8591
vn 0.3716 -0.6689 0.6438
vn 0.2442 -0.5451 0.8021
vn -0.0352 -0.5750 0.8174
vn 0.0886 -0.3500 0.9325
vn -0.0378 -0.1558 0.9871
vn 0.0987 -0.4978 0.8617
vn -0.8491 -0.3203 -0.4200
vn -0.7980 -0.5869 -0.1373
vn -0.8712 -0.4069 -0.2746
vn -0.7630 -0.3680 -0.5314
vn -0.9009 -0.1585 -0.4040
vn -0.8761 0.0664 -0.4775
vn -0.8553 -0.3161 -0.4105
vn -0.7722 -0.2603 0.5797
vn -0.6571 -0.6094 0.4437
vn -0.7040 -0.4167 0.5751
vn -0.8578 -0.2052 0.4713
vn -0.6969 -0.1636 0.6983
vn -0.6383 0.0564 0.7677
vn -0.7645 -0.2646 0.5879
vn -0.6775 -0.6570 -0.3309
vn -0.5563 -0.4958 -0.6669
vn -0.5999 -0.6387 -0.4817
vn -0.7790 -0.5615 -0.2789
vn -0.5951 -0.7693 -0.2323
vn -0.5436 -0.8392 -0.0108
vn -0.6686 -0.6641 -0.3348
vn 0.6547 0.5944 0.4669
vn 0.3473 0.6135 0.7092
vn 0.5564 0.5703 0.6043
vn 0.6237 0.6936 0.3605
vn 0.7644 0.4654 0.4461
vn 0.8945 0.3377 0.2931
vn 0.6566 0.5858 0.4751
vn 0.1624 0.8636 0.4772
vn -0.2149 0.9006 0.3778
vn -0.0075 0.8712 0.4908
vn 0.2367 0.9044 0.3550
vn 0.2298 0.7663 0.6000
vn 0.4095 0.6244 0.6652
vn 0.1562 0.8595 0.4867
vn -0.8696 -0.3172 0.3783
vn -0.9877 -0.0171 0.1556
vn -0.9405 -0.2306 0.2495
vn -0.8250 -0.2535 0.5051
vn -0.8184 -0.4719 0.3279
vn -0.6664 -0.6520 0.3617
vn -0.8724 -0.3221 0.3677
vn 0.8857 -0.2276 -0.4047
vn 0.8524 -0.5062 -0.1311
vn 0.8626 -0.3807 -0.3330
vn 0.9374 -0.1095 -0.3306
vn 0.8039 -0.2165 -0.5540
vn 0.6978 -0.0741 -0.7125
vn 0.8806 -0.2370 -0.4103
vn 0.0935 0.9950 -0.0338
vn 0.3129 0.9079 0.2790
vn 0.2307 0.9709 0.0648
vn -0.0455 0.9988 0.0188
vn 0.1310 0.9713 -0.1985
vn 0.0507 0.9090 -0.4138
vn 0.1047 0.9938 -0.0380
vn 0.1805 0.2920 0.9392
vn -0.2075 0.3423 0.9164
vn 0.0135 0.2674 0.9635
vn 0.2372 0.4153 0.8782
vn 0.2671 0.1456 0.9526
vn 0.4597 0.0218 0.8878
vn 0.1758 0.2817 0.9433
vn -0.6932 -0.7172 0.0714
vn -0.9169 -0.3960 0.0497
vn -0.8003 -0.5996 0.0095
vn -0.6543 -0.7251 0.2148
vn -0.6062 -0.7935 -0.0539
vn -0.4064 -0.9062 -0.1172
vn -0.6957 -0.7158 0.0597
vn -0.1103 -0.9437 -0.3119
vn -0.4197 -0.9046 -0.0745
vn -0.2718 -0.9266 -0.2597
vn 0.0025 -0.9754 -0.2203
vn -0.0888 -0.8791 -0.4684
vn 0.0617 -0.7794 -0.6234
vn -0.1193 -0.9402 -0.3191
vn 0.5675 -0.3151 -0.7607
vn 0.8355 -0.2709 -0.4782
vn 0.6820 -0.3535 -0.6402
vn 0.5497 -0.1782 -0.8161
vn 0.4512 -0.4389 -0.7770
vn 0.2283 -0.4955 -0.8381
vn 0.5684 -0.3259 -0.7555
vn -0.2612 0.1548 0.9528
vn -0.4894 -0.1497 0.8591
vn -0.3226 -0.0042 0.9465
vn -0.3352 0.2733 0.9016
vn -0.0934 0.1551 0.9835
vn 0.1136 0.2693 0.9563
vn -0.2549 0.1451 0.9560
vn 0.2865 -0.6736 0.6813
vn -0.0067 -0.8638 0.5039
vn 0.2038 -0.7862 0.5834
vn 0.2186 -0.5858 0.7804
vn 0.4440 -0.6445 0.6225
vn 0.6252 -0.4911 0.6066
vn 0.2917 -0.6801 0.6726
vn -0.6076 0.4368 -0.6633
vn -0.7513 0.5741 -0.3255
vn -0.6449 0.5445 -0.5363
vn -0.6701 0.3026 -0.6778
vn -0.4639 0.4826 -0.7429
vn -0.2750 0.4114 -0.8690
vn -0.6020 0.4473 -0.6615
vn -0.5430 0.6297 0.5555
vn -0.2544 0.8648 0.4329
vn -0.4609 0.7526 0.4703
vn -0.4851 0.5587 0.6727
vn -0.6759 0.5708 0.4662
vn -0.8199 0.3866 0.4223
vn -0.5471 0.6349 0.5455
vn 0.1759 0.2771 -0.9446
vn -0.2124 0.3244 -0.9218
vn 0.0234 0.3530 -0.9353
vn 0.1937 0.1320 -0.9721
vn 0.2981 0.3756 -0.8776
vn 0.5101 0.3838 -0.7698
vn 0.1743 0.2886 -0.9414
vn -0.6359 -0.5927 0.4944
vn -0.4871 -0.3786 0.7870
vn -0.6241 -0.4768 0.6190
vn -0.5352 -0.7001 0.4727
vn -0.7493 -0.5450 0.3762
vn -0.8164 -0.5581 0.1482
vn -0.6434 -0.5834 0.4956
vn -0.2557 -0.9010 -0.3503
vn -0.5141 -0.8557 -0.0591
vn -0.4033 -0.8746 -0.2689
vn -0.1326 -0.9500 -0.2828
vn -0.2553 -0.8255 -0.5033
vn -0.1246 -0.7265 -0.6758
vn -0.2655 -0.8962 -0.3555
vn 0.4090 0.7776 -0.4775
vn 0.3745 0.9202 -0.1141
vn 0.4512 0.8324 -0.3216
vn 0.2744 0.7973 -0.5376
vn 0.5220 0.6638 -0.5356
vn 0.5607 0.4764 -0.6772
vn 0.4196 0.7753 -0.4722
vn -0.2968 0.8755 -0.3813
vn -0.5968 0.6432 -0.4797
vn -0.4524 0.8056 -0.3825
vn -0.1953 0.8511 -0.4873
vn -0.2587 0.9388 -0.2275
vn -0.0872 0.9936 -0.0719
vn -0.3048 0.8766 -0.3724
vn 0.0802 0.9730 0.2164
vn 0.2890 0.8123 0.5066
vn 0.2139 0.9259 0.3114
vn -0.0608 0.9629 0.2628
vn 0.1241 0.9909 0.0525
vn 0.0529 0.9833 -0.1744
vn 0.0915 0.9729 0.2124
vn -0.1525 0.5280 0.8354
vn -0.2182 0.7991 0.5602
vn -0.2352 0.6373 0.7339
vn -0.0045 0.5261 0.8504
vn -0.2533 0.3983 0.8816
vn -0.2658 0.1704 0.9489
vn -0.1644 0.5276 0.8334
vn 0.4132 -0.5832 0.6994
vn 0.2647 -0.8506 0.4543
vn 0.4048 -0.7060 0.5812
vn 0.2979 -0.5437 0.7847
vn 0.5517 -0.4861 0.6777
vn 0.6513 -0.2721 0.7083
vn 0.4221 -0.5859 0.6918
vn -0.9862 -0.1600 0.0423
vn -0.9491 0.1527 0.2756
vn -0.9952 0.0009 0.0982
vn -0.9525 -0.2754 0.1299
vn -0.9778 -0.1658 -0.1280
vn -0.9034 -0.2860 -0.3195
vn -0.9880 -0.1505 0.0351
vn -0.4791 0.0747 -0.8746
vn -0.6424 -0.2486 -0.7249
vn -0.5943 -0.0293 -0.8037
vn -0.3522 0.0268 -0.9356
vn -0.5062 0.2369 -0.8292
vn -0.4105 0.4517 -0.7921
vn -0.4889 0.0785 -0.8688
vn -0.8521 0.2789 0.4428
vn -0.9837 0.1519 0.0962
vn -0.9280 0.1807 0.3258
vn -0.8073 0.4183 0.4162
vn -0.7968 0.1861 0.5748
vn -0.6386 0.1660 0.7514
vn -0.8549 0.2673 0.4445
vn 0.8025 -0.2613 -0.5364
vn 0.9700 -0.0913 -0.2255
vn 0.8883 -0.2425 -0.3901
vn 0.7663 -0.1476 -0.6253
vn 0.7285 -0.4147 -0.5453
vn 0.5496 -0.5444 -0.6337
vn 0.8047 -0.2702 -0.5287
vn -0.1016 -0.2851 0.9531
vn -0.3602 -0.5195 0.7748
vn -0.1731 -0.4257 0.8882
vn -0.1750 -0.1571 0.9719
vn 0.0686 -0.2965 0.9526
vn 0.2758 -0.1795 0.9443
vn -0.0955 -0.2952 0.9507
vn 0.8112 -0.5787 -0.0844
vn 0.9511 -0.2808 0.1284
vn 0.8703 -0.4901 0.0488
vn 0.8178 -0.5298 -0.2247
vn 0.7083 -0.7051 -0.0337
vn 0.5250 -0.8465 -0.0888
vn 0.8098 -0.5821 -0.0729
vn -0.3928 -0.8921 0.2232
vn -0.5699 -0.8133 -0.1174
vn -0.4336 -0.8992 0.0577
vn -0.4736 -0.8188 0.3244
vn -0.2313 -0.9404 0.2491
vn -0.0376 -0.9217 0.3862
vn -0.3859 -0.8972 0.2148
vn -0.8014 0.4864 0.3480
vn -0.8832 0.1180 0.4538
vn -0.8245 0.3485 0.4458
vn -0.8446 0.4942 0.2059
vn -0.6881 0.5932 0.4178
vn -0.5245 0.7619 0.3801
vn -0.7971 0.4853 0.3592
vn -0.3822 0.7341 -0.5613
vn -0.2927 0.9275 -0.2324
vn -0.3021 0.8388 -0.4530
vn -0.5144 0.6721 -0.5326
vn -0.2761 0.6772 -0.6821
vn -0.2243 0.5023 -0.8351
vn -0.3711 0.7384 -0.5631
vn 0.2335 0.2428 0.9416
vn 0.2202 0.5960 0.7722
vn 0.1793 0.3989 0.8993
vn 0.3694 0.1917 0.9093
vn 0.1029 0.1417 0.9845
vn 0.0193 -0.0808 0.9965
vn 0.2222 0.2467 0.9433
vn -0.8728 -0.0511 -0.4854
vn -0.9917 0.0378 -0.1227
vn -0.9346 0.0381 -0.3537
vn -0.8532 -0.1985 -0.4824
vn -0.7985 0.0513 -0.5998
vn -0.6337 0.0725 -0.7702
vn -0.8736 -0.0391 -0.4851
vn 0.5945 0.7199 0.3583
vn 0.7540 0.4007 0.5205
vn 0.7044 0.5933 0.3897
vn 0.4808 0.7537 0.4481
vn 0.6048 0.7719 0.1961
vn 0.4919 0.8706 0.0114
vn 0.6031 0.7164 0.3507
vn -0.0216 -0.2462 0.9690
vn 0.0454 -0.5947 0.8027
vn 0.0595 -0.3879 0.9198
vn -0.1690 -0.2284 0.9588
vn 0.0874 -0.1165 0.9893
vn 0.1188 0.1193 0.9857
vn -0.0097 -0.2474 0.9689
vn 0.0859 0.9961 0.0204
vn -0.3008 0.9514 0.0655
vn -0.0682 0.9933 0.0934
vn 0.1071 0.9862 -0.1265
vn 0.2091 0.9685 0.1351
vn 0.4288 0.8862 0.1751
vn 0.0841 0.9959 0.0323
vn 0.4605 0.2965 0.8367
vn 0.1014 0.2153 0.9713
vn 0.3333 0.2166 0.9176
vn 0.4486 0.4341 0.7812
vn 0.5829 0.1870 0.7907
vn 0.7581 0.1374 0.6375
vn 0.4610 0.2851 0.8404
vn -0.8010 0.5559 0.2221
vn -0.9287 0.1970 0.3141
vn -0.8502 0.4217 0.3151
vn -0.8213 0.5655 0.0751
vn -0.6910 0.6538 0.3083
vn -0.5099 0.8077 0.2961
vn -0.7986 0.5546 0.2338
vn 0.8381 -0.2029 -0.5064
vn 0.5671 -0.2456 -0.7862
vn 0.7442 -0.1719 -0.6454
vn 0.8371 -0.3329 -0.4341
vn 0.8970 -0.0580 -0.4381
vn 0.9690 0.0540 -0.2409
vn 0.8374 -0.1921 -0.5117
vn -0.2725 -0.9549 -0.1182
vn -0.4847 -0.8527 0.1951
vn -0.4067 -0.9133 -0.0215
vn -0.1387 -0.9884 -0.0625
vn -0.2983 -0.9121 -0.2813
vn -0.1994 -0.8495 -0.4885
vn -0.2831 -0.9512 -0.1226
vn 0.2131 -0.9731 0.0870
vn -0.1188 -0.9484 0.2939
vn 0.0491 -0.9902 0.1304
vn 0.3190 -0.9301 0.1822
vn 0.2320 -0.9692 -0.0825
vn 0.3626 -0.8931 -0.2664
vn 0.2043 -0.9757 0.0792
vn 0.9371 0.0378 -0.3470
vn 0.9125 0.3786 -0.1551
vn 0.9610 0.1571 -0.2275
vn 0.8752 0.0656 -0.4794
vn 0.9521 -0.1191 -0.2815
vn 0.8891 -0.3480 -0.2973
vn 0.9412 0.0355 -0.3360
vn 0.0224 -0.0603 -0.9979
vn -0.3602 -0.1065 -0.9268
vn -0.1447 -0.0271 -0.9891
vn 0.0802 -0.1958 -0.9774
vn 0.1143 0.0832 -0.9899
vn 0.3213 0.1837 -0.9290
vn 0.0177 -0.0492 -0.9986
vn 0.3039 0.8409 0.4478
vn -0.0396 0.7788 0.6260
vn 0.1904 0.8004 0.5685
vn 0.2674 0.9087 0.3205
vn 0.4511 0.7580 0.4711
vn 0.6465 0.6672 0.3700
vn 0.3066 0.8346 0.4577
vn -0.4399 -0.8679 -0.2306
vn -0.7307 -0.6812 -0.0456
vn -0.5862 -0.7840 -0.2043
vn -0.3579 -0.9259 -0.1209
vn -0.3800 -0.8397 -0.3878
vn -0.1884 -0.8278 -0.5285
vn -0.4462 -0.8624 -0.2393
vn 0.5405 -0.2995 0.7862
vn 0.1808 -0.2851 0.9413
vn 0.3911 -0.3505 0.8510
vn 0.5888 -0.1590 0.7925
vn 0.6044 -0.4161 0.6794
vn 0.7420 -0.4578 0.4897
vn 0.5360 -0.3106 0.7850
vn 0.3410 -0.7295 -0.5929
vn 0.6427 -0.4794 -0.5976
vn 0.4949 -0.6625 -0.5623
vn 0.2470 -0.6755 -0.6948
vn 0.2931 -0.8342 -0.4671
vn 0.1117 -0.9311 -0.3472
vn 0.3483 -0.7332 -0.5841
vn 0.7654 0.2278 -0.6018
vn 0.4782 0.4441 -0.7577
vn 0.6719 0.3637 -0.6452
vn 0.7453 0.0925 -0.6603
vn 0.8517 0.2559 -0.4573
vn 0.9513 0.1603 -0.2634
vn 0.7663 0.2386 -0.5965
vn -0.0302 -0.9821 -0.1862
vn -0.2065 -0.8380 -0.5051
vn -0.0566 -0.9357 -0.3482
vn -0.1379 -0.9869 -0.0837
vn 0.1360 -0.9796 -0.1476
vn 0.3004 -0.9536 0.0225
vn -0.0214 -0.9807 -0.1943
vn 0.0891 0.3454 -0.9342
vn 0.3566 0.0590 -0.9324
vn 0.1652 0.1961 -0.9666
vn 0.1591 0.4614 -0.8728
vn -0.0808 0.3307 -0.9403
vn -0.2904 0.4129 -0.8632
vn 0.0833 0.3356 -0.9383
vn -0.7762 -0.1803 0.6041
vn -0.6287 0.1458 0.7638
vn -0.7600 -0.0168 0.6498
vn -0.6927 -0.2898 0.6605
vn -0.8662 -0.1955 0.4599
vn -0.9082 -0.3246 0.2644
vn -0.7823 -0.1713 0.5990
vn -0.2921 -0.5391 -0.7900
vn -0.0460 -0.2843 -0.9576
vn -0.1530 -0.4761 -0.8660
vn -0.4205 -0.4646 -0.7794
vn -0.2538 -0.6744 -0.6934
vn -0.3114 -0.8059 -0.5036
vn -0.2814 -0.5446 -0.7901
vn 0.4946 -0.8632 0.1008
vn 0.7740 -0.6314 -0.0469
vn 0.6352 -0.7670 0.0909
vn 0.4177 -0.9084 -0.0182
vn 0.4315 -0.8641 0.2593
vn 0.2381 -0.8868 0.3962
vn 0.5004 -0.8587 0.1104
vn -0.9569 0.2877 0.0408
vn -0.8851 0.3138 -0.3436
vn -0.9594 0.2523 -0.1260
vn -0.9046 0.4153 0.0967
vn -0.9800 0.1468 0.1342
vn -0.9393 0.0364 0.3411
vn -0.9602 0.2771 0.0363
vn 0.0783 0.5752 0.8142
vn -0.1229 0.2697 0.9551
vn 0.0418 0.4327 0.9006
vn -0.0251 0.6608 0.7501
vn 0.2441 0.5829 0.7750
vn 0.4092 0.6651 0.6246
vn 0.0866 0.5677 0.8187
vn 0.1064 -0.3133 -0.9437
vn 0.2197 0.0607 -0.9737
vn 0.2068 -0.1767 -0.9623
vn -0.0421 -0.3073 -0.9507
vn 0.1920 -0.4440 -0.8752
vn 0.1805 -0.6427 -0.7446
vn 0.1183 -0.3135 -0.9422
vn 0.3850 -0.8245 -0.4146
vn 0.4420 -0.5615 -0.6995
vn 0.4642 -0.7167 -0.5204
vn 0.2439 -0.8680 -0.4326
vn 0.4704 -0.8408 -0.2678
vn 0.4582 -0.8882 -0.0349
vn 0.3961 -0.8202 -0.4128
vn -0.0371 -0.9713 0.2348
vn -0.2619 -0.9612 -0.0861
vn -0.0884 -0.9934 0.0735
vn -0.1283 -0.9299 0.3447
vn 0.1329 -0.9605 0.2446
vn 0.3201 -0.8747 0.3639
vn -0.0297 -0.9738 0.2256
vn 0.3466 0.9242 0.1605
vn 0.4662 0.8601 -0.2071
vn 0.3563 0.9343 -0.0095
vn 0.4502 0.8587 0.2448
vn 0.1886 0.9581 0.2154
vn 0.0250 0.9228 0.3845
vn 0.3378 0.9286 0.1535
vn 0.4018 -0.5769 -0.7112
vn 0.7103 -0.5179 -0.4768
vn 0.5250 -0.6066 -0.5970
vn 0.3971 -0.4554 -0.7968
vn 0.2672 -0.6783 -0.6845
vn 0.0320 -0.7066 -0.7069
vn 0.4018 -0.5862 -0.7035
vn 0.9751 -0.1816 0.1270
vn 0.8234 -0.3496 0.4470
vn 0.9235 -0.3020 0.2364
vn 0.9859 -0.0377 0.1628
vn 0.9706 -0.2384 -0.0338
vn 0.9472 -0.1823 -0.2639
vn 0.9733 -0.1932 0.1240
vn -0.9302 0.2789 -0.2387
vn -0.9477 -0.1078 -0.3004
vn -0.9694 0.1142 -0.2173
vn -0.8700 0.3332 -0.3634
vn -0.9280 0.3617 -0.0895
vn -0.8388 0.5432 0.0359
vn -0.9342 0.2742 -0.2283
vn -0.8709 0.0215 0.4909
vn -0.7387 0.3852 0.5531
vn -0.8559 0.1911 0.4806
vn -0.8021 -0.0607 0.5941
vn -0.9367 -0.0435 0.3475
vn -0.9513 -0.2321 0.2031
vn -0.8757 0.0282 0.4821
vn 0.6468 -0.1939 0.7376
vn 0.3289 -0.3867 0.8616
vn 0.5416 -0.3226 0.7763
vn 0.6233 -0.0533 0.7801
vn 0.7541 -0.2375 0.6123
vn 0.8879 -0.1629 0.4302
vn 0.6481 -0.2052 0.7334
vn -0.3724 -0.3360 0.8651
vn -0.3949 -0.6573 0.6419
vn -0.3386 -0.4911 0.8026
vn -0.4943 -0.2584 0.8300
vn -0.2335 -0.2661 0.9352
vn -0.1184 -0.0653 0.9908
vn -0.3622 -0.3420 0.8671
vn -0.0132 0.9838 0.1787
vn -0.0343 0.8394 0.5424
vn 0.0319 0.9408 0.3375
vn -0.1535 0.9797 0.1294
vn 0.1225 0.9896 0.0754
vn 0.2042 0.9678 -0.1470
vn -0.0018 0.9832 0.1825
vn -0.5824 -0.8052 -0.1118
vn -0.8371 -0.5158 -0.1822
vn -0.6869 -0.6998 -0.1960
vn -0.5783 -0.8150 0.0366
vn -0.4581 -0.8630 -0.2133
vn -0.2351 -0.9449 -0.2277
vn -0.5822 -0.8036 -0.1237
vn -0.9603 -0.1330 0.2450
vn -0.7816 -0.2285 0.5805
vn -0.9053 -0.1238 0.4062
vn -0.9526 -0.2568 0.1628
vn -0.9836 0.0224 0.1787
vn -0.9876 0.1561 -0.0181
vn -0.9600 -0.1229 0.2514
vn -0.9503 -0.3096 0.0329
vn -0.8848 -0.2226 0.4094
vn -0.9565 -0.2278 0.1825
vn -0.8946 -0.4465 0.0167
vn -0.9745 -0.2020 -0.0973
vn -0.9324 -0.1548 -0.3267
vn -0.9539 -0.2982 0.0342
vn -0.9685 -0.0888 0.2325
vn -0.9391 0.2974 0.1723
vn -0.9852 0.0643 0.1590
vn -0.9218 -0.1078 0.3724
vn -0.9700 -0.2136 0.1162
vn -0.8991 -0.4337 0.0598
vn -0.9714 -0.0872 0.2209
vn 0.6602 0.0865 -0.7461
vn 0.3729 -0.1150 -0.9207
vn 0.5281 0.0500 -0.8477
vn 0.7388 -0.0170 -0.6737
vn 0.6628 0.2520 -0.7051
vn 0.7272 0.4165 -0.5456
vn 0.6532 0.0948 -0.7513
vn -0.5861 0.2555 -0.7689
vn -0.2337 0.3640 -0.9016
vn -0.4418 0.2563 -0.8598
vn -0.6297 0.3692 -0.6835
vn -0.6491 0.0976 -0.7544
vn -0.7792 -0.0535 -0.6244
vn -0.5820 0.2460 -0.7751
vn -0.2142 0.3822 0.8989
vn 0.1077 0.5846 0.8042
vn -0.1138 0.5117 0.8516
vn -0.1622 0.2540 0.9535
vn -0.3722 0.4007 0.8372
vn -0.5720 0.2926 0.7663
vn -0.2182 0.3922 0.8936
vn 0.4045 -0.0931 0.9098
vn 0.4441 0.2917 0.8472
vn 0.3797 0.0752 0.9221
vn 0.5208 -0.1538 0.8397
vn 0.2624 -0.1794 0.9481
vn 0.1357 -0.3782 0.9157
vn 0.3947 -0.0881 0.9146
vn -0.1248 0.9188 0.3744
vn -0.1874 0.9823 -0.0072
vn -0.2061 0.9516 0.2280
vn 0.0233 0.9213 0.3882
vn -0.2284 0.8431 0.4869
vn -0.2461 0.6968 0.6737
vn -0.1367 0.9177 0.3729
vn -0.6757 -0.6457 -0.3556
vn -0.8870 -0.4534 -0.0874
vn -0.7910 -0.5403 -0.2871
vn -0.6021 -0.7487 -0.2774
vn -0.6256 -0.5910 -0.5093
vn -0.4520 -0.5866 -0.6720
vn -0.6810 -0.6368 -0.3616
vn 0.9308 -0.0412 -0.3632
vn 0.9998 -0.0020 0.0206
vn 0.9759 -0.0794 -0.2032
vn 0.9066 0.0978 -0.4105
vn 0.8764 -0.1796 -0.4468
vn 0.7381 -0.2656 -0.6202
vn 0.9319 -0.0524 -0.3590
vn -0.5419 -0.6369 0.5484
vn -0.2471 -0.8674 0.4320
vn -0.3996 -0.7308 0.5534
vn -0.6366 -0.6377 0.4337
vn -0.5391 -0.5143 0.6670
vn -0.6141 -0.2976 0.7310
vn -0.5337 -0.6362 0.5572
vn 0.1091 -0.0245 0.9937
vn 0.4790 0.0318 0.8772
vn 0.2586 0.0523 0.9646
vn 0.0886 -0.1713 0.9812
vn -0.0189 0.0882 0.9959
vn -0.2510 0.1264 0.9597
vn 0.1106 -0.0126 0.9938
vn 0.0687 0.9963 0.0515
vn -0.1316 0.9503 -0.2822
vn -0.0606 0.9964 -0.0598
vn 0.2108 0.9774 0.0119
vn 0.0125 0.9773 0.2115
vn 0.0608 0.9001 0.4314
vn 0.0571 0.9969 0.0547
vn -0.3249 0.7030 0.6327
vn -0.0468 0.8981 0.4372
vn -0.2509 0.8130 0.5254
vn -0.2504 0.6277 0.7371
vn -0.4806 0.6592 0.5784
vn -0.6512 0.4932 0.5767
vn -0.3306 0.7084 0.6236
vn 0.9821 -0.1872 0.0197
vn 0.9097 -0.1169 0.3984
vn 0.9589 -0.2137 0.1867
vn 0.9978 -0.0521 -0.0403
vn 0.9426 -0.3263 -0.0709
vn 0.8669 -0.4130 -0.2792
vn 0.9799 -0.1980 0.0246
vn -0.7237 -0.5636 0.3982
vn -0.8197 -0.2086 0.5335
vn -0.8074 -0.4163 0.4181
vn -0.6191 -0.6117 0.4924
vn -0.7430 -0.6247 0.2401
vn -0.6502 -0.7569 0.0653
vn -0.7315 -0.5592 0.3902
vn -0.6277 -0.5999 0.4961
vn -0.5052 -0.8372 0.2092
vn -0.5466 -0.7268 0.4160
vn -0.7362 -0.5197 0.4335
vn -0.5423 -0.5501 0.6351
vn -0.4940 -0.3722 0.7857
vn -0.6183 -0.6058 0.5007
vn 0.8503 -0.0685 0.5218
vn 0.7491 0.3042 0.5885
vn 0.7948 0.0711 0.6027
vn 0.9187 -0.0649 0.3897
vn 0.7812 -0.2098 0.5879
vn 0.7134 -0.4346 0.5497
vn 0.8440 -0.0687 0.5320
vn 0.9441 -0.0076 -0.3297
vn 0.7452 0.0126 -0.6668
vn 0.8786 0.0549 -0.4743
vn 0.9432 -0.1523 -0.2952
vn 0.9697 0.1161 -0.2150
vn 0.9847 0.1737 0.0154
vn 0.9432 0.0042 -0.3322
vn 0.8962 0.3531 0.2687
vn 0.9202 -0.0185 0.3911
vn 0.9422 0.1890 0.2766
vn 0.8235 0.4230 0.3780
vn 0.9047 0.4119 0.1088
vn 0.8214 0.5681 -0.0503
vn 0.9012 0.3470 0.2596
vn -0.2890 -0.4379 -0.8513
vn 0.0814 -0.5628 -0.8226
vn -0.1556 -0.5413 -0.8263
vn -0.2775 -0.3025 -0.9118
vn -0.4247 -0.4895 -0.7616
vn -0.6265 -0.4264 -0.6524
vn -0.2897 -0.4485 -0.8456
vn -0.4182 -0.9065 0.0574
vn -0.4678 -0.7758 0.4235
vn -0.4942 -0.8465 0.1979
vn -0.2789 -0.9587 0.0557
vn -0.5030 -0.8603 -0.0832
vn -0.4907 -0.8120 -0.3159
vn -0.4291 -0.9014 0.0575
vn 0.3992 -0.3161 -0.8607
vn 0.0171 -0.3703 -0.9288
vn 0.2425 -0.2942 -0.9245
vn 0.4403 -0.4370 -0.7843
vn 0.4857 -0.1691 -0.8576
vn 0.6570 -0.0413 -0.7528
vn 0.3955 -0.3060 -0.8660
vn 0.2658 -0.6647 0.6983
vn 0.0624 -0.4063 0.9116
vn 0.1398 -0.5961 0.7906
vn 0.4015 -0.6047 0.6878
vn 0.2059 -0.7813 0.5892
vn 0.2365 -0.8936 0.3815
vn 0.2545 -0.6689 0.6985
vn 0.6676 0.0043 -0.7445
vn 0.3306 -0.0158 -0.9436
vn 0.5359 0.0501 -0.8428
vn 0.6955 -0.1364 -0.7054
vn 0.7345 0.1392 -0.6642
vn 0.8531 0.2185 -0.4738
vn 0.6647 0.0158 -0.7470
vn -0.6918 -0.0555 -0.7200
vn -0.8934 0.1196 -0.4331
vn -0.7729 0.0654 -0.6311
vn -0.6989 -0.2003 -0.6866
vn -0.5716 0.0119 -0.8205
vn -0.3635 -0.0210 -0.9313
vn -0.6905 -0.0437 -0.7220
vn -0.0081 0.3599 0.9330
vn -0.3726 0.2194 0.9017
vn -0.1442 0.2593 0.9550
vn -0.0150 0.4941 0.8693
vn 0.1371 0.2724 0.9524
vn 0.3673 0.2539 0.8948
vn -0.0075 0.3487 0.9372
vn 0.3580 0.2193 -0.9076
vn 0.0791 -0.0414 -0.9960
vn 0.2113 0.1541 -0.9652
vn 0.4752 0.1361 -0.8693
vn 0.3387 0.3820 -0.8599
vn 0.4143 0.5582 -0.7189
vn 0.3482 0.2259 -0.9098
vn 0.9742 -0.2085 0.0867
vn 0.8310 -0.3740 0.4118
vn 0.9238 -0.3280 0.1975
vn 0.9903 -0.0651 0.1225
vn 0.9616 -0.2643 -0.0741
vn 0.9304 -0.2063 -0.3028
vn 0.9719 -0.2200 0.0837
vn 0.9447 0.2662 -0.1914
vn 0.9850 0.0816 0.1520
vn 0.9862 0.1467 -0.0770
vn 0.9018 0.4037 -0.1543
vn 0.9175 0.1977 -0.3452
vn 0.8043 0.2157 -0.5538
vn 0.9473 0.2548 -0.1942
vn 0.9651 -0.0887 -0.2465
vn 0.8090 0.0256 -0.5873
vn 0.9249 0.0095 -0.3801
vn 0.9411 -0.2355 -0.2425
vn 0.9942 0.0054 -0.1072
vn 0.9913 0.0150 0.1306
vn 0.9661 -0.0767 -0.2465
vn -0.9486 -0.3018 -0.0954
vn -0.7610 -0.6450 -0.0695
vn -0.8924 -0.4501 -0.0323
vn -0.9348 -0.2632 -0.2384
vn -0.9813 -0.1901 0.0293
vn -0.9949 0.0389 0.0927
vn -0.9488 -0.3047 -0.0837
vn -0.3687 0.6601 0.6544
vn -0.4890 0.8136 0.3144
vn -0.4715 0.7074 0.5266
vn -0.2285 0.7077 0.6685
vn -0.4301 0.5233 0.7356
vn -0.3802 0.3294 0.8643
vn -0.3798 0.6556 0.6526
vn 0.0055 -0.7094 0.7048
vn -0.1167 -0.3985 0.9097
vn -0.0970 -0.6039 0.7911
vn 0.1536 -0.6955 0.7019
vn -0.0824 -0.8020 0.5916
vn -0.0781 -0.9197 0.3848
vn -0.0065 -0.7098 0.7043
vn -0.6291 0.7171 -0.2998
vn -0.7481 0.6599 0.0692
vn -0.6552 0.7436 -0.1333
vn -0.6970 0.6098 -0.3773
vn -0.4887 0.7975 -0.3539
vn -0.3100 0.8017 -0.5110
vn -0.6230 0.7251 -0.2933
vn -0.5903 -0.4125 0.6938
vn -0.2475 -0.5856 0.7719
vn -0.4446 -0.4523 0.7732
vn -0.6471 -0.4925 0.5820
vn -0.6375 -0.2521 0.7280
vn -0.7549 -0.0591 0.6532
vn -0.5851 -0.4056 0.7022
vn -0.9079 0.3934 -0.1444
vn -0.9386 0.0555 -0.3405
vn -0.9546 0.2342 -0.1842
vn -0.8407 0.4854 -0.2401
vn -0.9083 0.4175 0.0244
vn -0.8170 0.5377 0.2084
vn -0.9125 0.3856 -0.1365
vn -0.0662 -0.9972 -0.0357
vn -0.0553 -0.9072 -0.4170
vn -0.0087 -0.9807 -0.1954
vn -0.2087 -0.9780 0.0025
vn 0.0622 -0.9951 0.0767
vn 0.1312 -0.9452 0.2989
vn -0.0546 -0.9978 -0.0387
vn -0.2169 0.2888 -0.9325
vn -0.4723 -0.0040 -0.8814
vn -0.3642 0.2064 -0.9082
vn -0.0904 0.2208 -0.9711
vn -0.2227 0.4462 -0.8668
vn -0.0999 0.6270 -0.7726
vn -0.2270 0.2941 -0.9284
vn 0.6689 0.3560 -0.6526
vn 0.3753 0.6120 -0.6961
vn 0.5790 0.5007 -0.6435
vn 0.6301 0.2407 -0.7383
vn 0.7796 0.3438 -0.5234
vn 0.9032 0.1993 -0.3803
vn 0.6714 0.3650 -0.6450
vn 0.6284 0.7643 0.1449
vn 0.7803 0.5999 -0.1768
vn 0.6718 0.7405 -0.0183
vn 0.6834 0.6833 0.2569
vn 0.4871 0.8589 0.1580
vn 0.2942 0.9116 0.2872
vn 0.6233 0.7701 0.1357
vn -0.0420 0.4400 0.8970
vn 0.0999 0.7306 0.6755
vn -0.0338 0.5862 0.8094
vn 0.0774 0.3579 0.9306
vn -0.2017 0.3803 0.9026
vn -0.3419 0.1888 0.9206
vn -0.0516 0.4463 0.8934
vn -0.7754 0.6257 -0.0854
vn -0.9129 0.3683 0.1763
vn -0.8267 0.5591 0.0631
vn -0.7992 0.5605 -0.2169
vn -0.6599 0.7489 -0.0611
vn -0.4740 0.8675 -0.1506
vn -0.7727 0.6303 -0.0746
vn -0.8999 -0.4315 0.0626
vn -0.9872 -0.0988 -0.1253
vn -0.9439 -0.3243 -0.0626
vn -0.8963 -0.3927 0.2062
vn -0.8217 -0.5699 0.0008
vn -0.6657 -0.7450 0.0414
vn -0.8994 -0.4342 0.0509
vn -0.7509 -0.6580 0.0566
vn -0.8973 -0.3567 0.2599
vn -0.8468 -0.5230 0.0973
vn -0.6654 -0.7303 0.1546
vn -0.7322 -0.6718 -0.1124
vn -0.5958 -0.7482 -0.2919
vn -0.7571 -0.6515 0.0486
vn 0.7174 0.5300 0.4521
vn 0.3948 0.6881 0.6088
vn 0.5965 0.5692 0.5659
vn 0.7327 0.5998 0.3216
vn 0.7876 0.3784 0.4864
vn 0.8976 0.1860 0.3996
vn 0.7155 0.5239 0.4623
vn -0.1006 0.9213 -0.3756
vn 0.0251 0.9996 -0.0127
vn 0.0017 0.9689 -0.2475
vn -0.2469 0.8998 -0.3598
vn -0.0105 0.8616 -0.5075
vn -0.0068 0.7173 -0.6968
vn -0.0886 0.9222 -0.3765
vn 0.5690 0.1950 0.7989
vn 0.4443 0.5542 0.7039
vn 0.4837 0.3426 0.8054
vn 0.6847 0.1712 0.7085
vn 0.4811 0.0695 0.8739
vn 0.4375 -0.1642 0.8841
vn 0.5590 0.1967 0.8055
vn -0.8904 -0.3445 -0.2975
vn -0.6572 -0.4780 -0.5828
vn -0.8001 -0.4522 -0.3942
vn -0.9193 -0.2039 -0.3366
vn -0.9050 -0.4025 -0.1377
vn -0.9332 -0.3473 0.0921
vn -0.8872 -0.3556 -0.2940
vn 0.7610 -0.6030 0.2391
vn 0.7846 -0.3335 0.5227
vn 0.7511 -0.5303 0.3931
vn 0.8317 -0.5412 0.1238
vn 0.6472 -0.7290 0.2229
vn 0.5111 -0.8563 0.0747
vn 0.7546 -0.6075 0.2482
vn 0.9705 0.2149 0.1097
vn 0.9477 -0.1321 0.2906
vn 0.9889 0.0481 0.1406
vn 0.9258 0.3128 0.2124
vn 0.9674 0.2466 -0.0579
vn 0.8911 0.3901 -0.2318
vn 0.9731 0.2067 0.1012
vn 0.8949 0.4024 -0.1927
vn 0.6966 0.7147 -0.0633
vn 0.8434 0.5295 -0.0912
vn 0.8566 0.3915 -0.3360
vn 0.9569 0.2720 -0.1018
vn 0.9951 0.0373 -0.0913
vn 0.8972 0.4029 -0.1809
vn 0.9150 -0.3352 -0.2245
vn 0.9507 0.0464 -0.3066
vn 0.9621 -0.1717 -0.2120
vn 0.8519 -0.3931 -0.3461
vn 0.9094 -0.4098 -0.0712
vn 0.8121 -0.5800 0.0638
vn 0.9192 -0.3302 -0.2144
vn -0.5457 -0.4453 -0.7099
vn -0.3089 -0.7377 -0.6004
vn -0.4922 -0.5910 -0.6391
vn -0.4644 -0.3664 -0.8063
vn -0.6800 -0.3816 -0.6261
vn -0.8029 -0.1868 -0.5661
vn -0.5518 -0.4512 -0.7014
vn -0.9851 0.0100 -0.1715
vn -0.8691 0.3263 -0.3717
vn -0.9465 0.1122 -0.3026
vn -0.9978 0.0580 -0.0313
vn -0.9648 -0.1542 -0.2131
vn -0.9172 -0.3744 -0.1363
vn -0.9831 0.0061 -0.1827
vn -0.5410 0.7304 0.4169
vn -0.5706 0.8204 0.0366
vn -0.6075 0.7503 0.2610
vn -0.4104 0.7884 0.4582
vn -0.6189 0.6045 0.5016
vn -0.6007 0.4368 0.6695
vn -0.5511 0.7250 0.4131
vn -0.2721 -0.9555 0.1143
vn -0.1111 -0.8792 0.4634
vn -0.2577 -0.9244 0.2814
vn -0.1562 -0.9874 0.0266
vn -0.4235 -0.9042 0.0548
vn -0.5474 -0.8262 -0.1329
vn -0.2812 -0.9520 0.1213
vn 0.7335 0.6796 -0.0077
vn 0.4316 0.8910 -0.1408
vn 0.6074 0.7943 -0.0128
vn 0.7838 0.6077 -0.1279
vn 0.7634 0.6278 0.1520
vn 0.8421 0.4528 0.2929
vn 0.7287 0.6848 0.0020
vn 0.3919 0.4731 -0.7890
vn 0.1070 0.2641 -0.9586
vn 0.2448 0.4349 -0.8666
vn 0.5050 0.3774 -0.7763
vn 0.3767 0.6138 -0.6938
vn 0.4541 0.7347 -0.5039
vn 0.3823 0.4804 -0.7893
vn 0.4896 0.7385 -0.4637
vn 0.1877 0.6817 -0.7072
vn 0.3426 0.7642 -0.5464
vn 0.5881 0.6339 -0.5023
vn 0.4888 0.8150 -0.3112
vn 0.5724 0.8152 -0.0884
vn 0.4811 0.7462 -0.4601
vn 0.6546 0.5239 0.5450
vn 0.3978 0.4127 0.8194
vn 0.5873 0.4414 0.6784
vn 0.5926 0.6443 0.4834
vn 0.7731 0.4290 0.4672
vn 0.8866 0.3800 0.2638
vn 0.6590 0.5136 0.5495
vn -0.9694 -0.0095 -0.2453
vn -0.8052 -0.1406 -0.5761
vn -0.9217 -0.1156 -0.3702
vn -0.9571 0.1384 -0.2544
vn -0.9908 -0.0931 -0.0981
vn -0.9868 -0.0816 0.1395
vn -0.9695 -0.0215 -0.2443
vn 0.7388 0.2040 -0.6423
vn 0.5069 -0.0233 -0.8617
vn 0.6277 0.1562 -0.7626
vn 0.8197 0.1079 -0.5626
vn 0.7141 0.3665 -0.5965
vn 0.7341 0.5299 -0.4246
vn 0.7315 0.2116 -0.6481
vn -0.1297 0.2082 -0.9695
vn 0.1519 -0.0639 -0.9863
vn -0.0516 0.0590 -0.9969
vn -0.0569 0.3346 -0.9406
vn -0.2957 0.1859 -0.9370
vn -0.4902 0.2701 -0.8287
vn -0.1355 0.1977 -0.9709
vn -0.3360 0.8097 0.4812
vn -0.4682 0.5224 0.7127
vn -0.3514 0.7055 0.6154
vn -0.4371 0.8187 0.3725
vn -0.1761 0.8672 0.4657
vn -0.0071 0.9478 0.3189
vn -0.3274 0.8082 0.4895
vn -0.3503 0.9234 -0.1568
vn -0.1770 0.8477 -0.5001
vn -0.3302 0.8872 -0.3223
vn -0.2393 0.9685 -0.0688
vn -0.4980 0.8617 -0.0976
vn -0.6182 0.7807 0.0911
vn -0.3590 0.9188 -0.1638
vn -0.0841 0.7261 0.6824
vn -0.1978 0.4131 0.8890
vn -0.0819 0.5992 0.7964
vn -0.2060 0.7670 0.6077
vn 0.0741 0.7690 0.6349
vn 0.2126 0.8599 0.4640
vn -0.0741 0.7221 0.6878
vn -0.9347 0.0433 0.3529
vn -0.9462 0.3155 0.0712
vn -0.9713 0.1204 0.2052
vn -0.8754 0.1138 0.4697
vn -0.9336 -0.1264 0.3353
vn -0.8471 -0.3339 0.4134
vn -0.9385 0.0375 0.3431
vn -0.3357 0.1992 -0.9207
vn -0.4462 0.5216 -0.7272
vn -0.3406 0.3613 -0.8680
vn -0.4426 0.1001 -0.8911
vn -0.1788 0.1555 -0.9715
vn -0.0204 -0.0199 -0.9996
vn -0.3266 0.2070 -0.9222
vn 0.7312 0.2006 -0.6520
vn 0.9372 0.1032 -0.3332
vn 0.8305 0.1115 -0.5458
vn 0.6959 0.3435 -0.6307
vn 0.6455 0.0975 -0.7575
vn 0.4504 0.0664 -0.8903
vn 0.7333 0.1888 -0.6531
vn 0.5222 0.3169 0.7918
vn 0.6337 -0.0583 0.7714
vn 0.6191 0.1792 0.7646
vn 0.3927 0.3127 0.8649
vn 0.5689 0.4462 0.6908
vn 0.5015 0.6443 0.5774
vn 0.5322 0.3169 0.7851
vn 0.2021 -0.3436 -0.9171
vn 0.0779 0.0195 -0.9968
vn 0.2045 -0.1791 -0.9623
vn 0.0771 -0.4229 -0.9029
vn 0.3517 -0.3914 -0.8504
vn 0.4653 -0.5390 -0.7022
vn 0.2121 -0.3368 -0.9174
vn 0.3752 -0.9244 -0.0679
vn 0.0328 -0.9934 0.1098
vn 0.2145 -0.9758 -0.0429
vn 0.4663 -0.8836 0.0424
vn 0.4028 -0.8855 -0.2317
vn 0.5283 -0.7558 -0.3869
vn 0.3675 -0.9269 -0.0768
vn -0.7427 0.6651 0.0779
vn -0.7887 0.5414 -0.2912
vn -0.8084 0.5858 -0.0582
vn -0.6362 0.7685 0.0689
vn -0.7818 0.5827 0.2221
vn -0.7187 0.5333 0.4462
vn -0.7506 0.6560 0.0785
vn 0.9722 0.2212 -0.0766
vn 0.8077 0.5637 -0.1727
vn 0.9211 0.3836 -0.0661
vn 0.9689 0.1423 -0.2027
vn 0.9855 0.1506 0.0781
vn 0.9771 -0.0494 0.2068
vn 0.9715 0.2274 -0.0663
vn 0.3625 -0.9288 0.0765
vn 0.0607 -0.9434 0.3261
vn 0.2099 -0.9673 0.1422
vn 0.4726 -0.8675 0.1556
vn 0.3582 -0.9289 -0.0940
vn 0.4509 -0.8423 -0.2954
vn 0.3532 -0.9329 0.0700
vn -0.2619 0.4139 -0.8718
vn -0.3364 0.0354 -0.9410
vn -0.3483 0.2692 -0.8979
vn -0.1158 0.4276 -0.8965
vn -0.3517 0.5231 -0.7763
vn -0.3452 0.7035 -0.6212
vn -0.2735 0.4124 -0.8690
vn -0.3799 -0.4188 0.8248
vn -0.3881 -0.7205 0.5747
vn -0.3402 -0.5670 0.7502
vn -0.5034 -0.3420 0.7935
vn -0.2447 -0.3512 0.9038
vn -0.1369 -0.1528 0.9787
vn -0.3696 -0.4247 0.8265
vn 0.3634 -0.6494 0.6680
vn 0.5098 -0.3114 0.8019
vn 0.3871 -0.5122 0.7667
vn 0.4577 -0.6902 0.5605
vn 0.2028 -0.7060 0.6785
vn 0.0251 -0.8212 0.5700
vn 0.3554 -0.6454 0.6761
vn 0.2030 0.1027 0.9738
vn -0.1115 0.3335 0.9361
vn 0.0425 0.1592 0.9863
vn 0.3166 0.1881 0.9297
vn 0.2089 -0.0677 0.9756
vn 0.3261 -0.2635 0.9079
vn 0.1936 0.0957 0.9764
vn -0.3778 -0.9259 0.0059
vn -0.6049 -0.7519 -0.2620
vn -0.4448 -0.8838 -0.1452
vn -0.4391 -0.8881 0.1361
vn -0.2157 -0.9764 -0.0104
vn -0.0020 -0.9957 0.0927
vn -0.3725 -0.9280 -0.0047
vn 0.7636 0.3541 0.5400
vn 0.8050 -0.0321 0.5925
vn 0.8264 0.1959 0.5278
vn 0.6604 0.3938 0.6394
vn 0.8003 0.4459 0.4009
vn 0.7361 0.6255 0.2586
vn 0.7712 0.3505 0.5314
vn -0.2005 0.9046 0.3762
vn -0.2451 0.6780 0.6929
vn -0.1703 0.8322 0.5277
vn -0.3304 0.8934 0.3045
vn -0.0552 0.9522 0.3005
vn 0.0577 0.9938 0.0952
vn -0.1898 0.9046 0.3817
vn 0.3130 -0.6017 -0.7348
vn 0.4817 -0.7678 -0.4225
vn 0.3455 -0.7132 -0.6099
vn 0.4049 -0.4907 -0.7715
vn 0.1488 -0.6068 -0.7808
vn -0.0359 -0.4877 -0.8723
vn 0.3052 -0.6102 -0.7311
vn -0.0826 -0.2242 0.9711
vn -0.0129 0.1612 0.9868
vn -0.1081 -0.0568 0.9925
vn 0.0523 -0.2853 0.9570
vn -0.2267 -0.3033 0.9255
vn -0.3249 -0.4871 0.8107
vn -0.0934 -0.2190 0.9712
vn 0.4884 -0.6531 -0.5788
vn 0.4441 -0.3510 -0.8244
vn 0.5257 -0.5174 -0.6752
vn 0.3589 -0.7260 -0.5866
vn 0.5961 -0.6669 -0.4472
vn 0.6292 -0.7441 -0.2245
vn 0.4984 -0.6466 -0.5776
vn -0.8598 -0.3895 0.3302
vn -0.6855 -0.2914 0.6672
vn -0.8250 -0.3062 0.4750
vn -0.8006 -0.5214 0.2953
vn -0.9335 -0.2864 0.2159
vn -0.9708 -0.2393 -0.0144
vn -0.8638 -0.3784 0.3327
vn -0.6026 -0.5165 -0.6083
vn -0.5870 -0.1703 -0.7915
vn -0.5637 -0.3974 -0.7241
vn -0.7063 -0.4978 -0.5033
vn -0.4824 -0.6372 -0.6011
vn -0.3731 -0.8013 -0.4677
vn -0.5936 -0.5175 -0.6163
vn -0.8794 0.2568 0.4008
vn -0.8424 0.5258 0.1182
vn -0.9049 0.3411 0.2547
vn -0.7995 0.3111 0.5139
vn -0.9186 0.0916 0.3844
vn -0.8786 -0.1307 0.4593
vn -0.8851 0.2521 0.3912
vn 0.1911 -0.8034 -0.5640
vn 0.4569 -0.8446 -0.2790
vn 0.2703 -0.8637 -0.4255
vn 0.2539 -0.7078 -0.6592
vn 0.0229 -0.8310 -0.5559
vn -0.1939 -0.7586 -0.6221
vn 0.1858 -0.8103 -0.5557
vn -0.6059 -0.7896 0.0968
vn -0.8532 -0.5198 -0.0435
vn -0.7083 -0.7058 -0.0109
vn -0.6004 -0.7619 0.2428
vn -0.4843 -0.8748 0.0127
vn -0.2639 -0.9644 0.0187
vn -0.6058 -0.7911 0.0848
vn -0.5631 0.7195 0.4065
vn -0.6236 0.4240 0.6568
vn -0.5560 0.6247 0.5482
vn -0.6579 0.6930 0.2949
vn -0.4241 0.8171 0.3905
vn -0.2765 0.9301 0.2419
vn -0.5549 0.7209 0.4151
vn -0.8440 0.5353 -0.0321
vn -0.6154 0.7656 0.1876
vn -0.7454 0.6664 0.0147
vn -0.8981 0.4352 0.0637
vn -0.8367 0.5097 -0.2006
vn -0.8554 0.3532 -0.3790
vn -0.8388 0.5429 -0.0399
vn -0.2130 -0.5269 -0.8228
vn -0.3716 -0.1795 -0.9109
vn -0.2363 -0.3748 -0.8965
vn -0.3162 -0.5943 -0.7395
vn -0.0478 -0.5696 -0.8205
vn 0.1244 -0.6921 -0.7110
vn -0.2044 -0.5209 -0.8288
vn -0.4256 0.7518 0.5036
vn -0.1162 0.9318 0.3440
vn -0.3331 0.8529 0.4019
vn -0.3711 0.6863 0.6255
vn -0.5697 0.7023 0.4268
vn -0.7386 0.5355 0.4095
vn -0.4296 0.7564 0.4932
vn 0.7835 0.5273 -0.3287
vn 0.5369 0.5593 -0.6316
vn 0.6729 0.5950 -0.4396
vn 0.8496 0.3956 -0.3490
vn 0.7754 0.6060 -0.1775
vn 0.8065 0.5885 0.0578
vn 0.7774 0.5375 -0.3267
vn 0.9751 -0.1751 -0.1363
vn 0.8338 -0.2436 -0.4954
vn 0.9406 -0.1548 -0.3022
vn 0.9512 -0.3021 -0.0627
vn 0.9979 -0.0246 -0.0592
vn 0.9847 0.0988 0.1439
vn 0.9761 -0.1646 -0.1422
vn 0.9446 -0.0129 0.3281
vn 0.8780 0.3723 0.3008
vn 0.9155 0.1489 0.3737
vn 0.9804 -0.0539 0.1896
vn 0.8867 -0.1217 0.4461
vn 0.8020 -0.3394 0.4915
vn 0.9407 -0.0096 0.3390
vn -0.7269 0.2378 -0.6443
vn -0.5317 0.5769 -0.6201
vn -0.6263 0.3689 -0.6868
vn -0.8166 0.2386 -0.5256
vn -0.6808 0.0955 -0.7262
vn -0.6752 -0.1424 -0.7238
vn -0.7189 0.2376 -0.6533
vn -0.1618 0.6424 0.7491
vn -0.0508 0.8853 0.4623
vn -0.1698 0.7607 0.6265
vn -0.0340 0.5915 0.8056
vn -0.3110 0.5616 0.7667
vn -0.4224 0.3614 0.8313
vn -0.1721 0.6459 0.7438
vn 0.8810 0.1272 -0.4558
vn 0.8612 -0.2637 -0.4345
vn 0.8635 -0.0358 -0.5031
vn 0.9315 0.1687 -0.3222
vn 0.7953 0.2313 -0.5603
vn 0.6819 0.4391 -0.5849
vn 0.8760 0.1237 -0.4662
vn -0.1680 0.2881 -0.9427
vn -0.1582 0.6334 -0.7575
vn -0.1134 0.4410 -0.8903
vn -0.3068 0.2390 -0.9213
vn -0.0371 0.1860 -0.9819
vn 0.0425 -0.0377 -0.9984
vn -0.1566 0.2919 -0.9436
vn 0.6662 -0.6958 0.2682
vn 0.8624 -0.5061 -0.0131
vn 0.7806 -0.5947 0.1921
vn 0.5795 -0.7915 0.1944
vn 0.6344 -0.6440 0.4276
vn 0.4776 -0.6357 0.6065
vn 0.6726 -0.6874 0.2740
vn -0.6488 0.7155 -0.2590
vn -0.3326 0.9281 -0.1673
vn -0.5107 0.8141 -0.2765
vn -0.7140 0.6884 -0.1281
vn -0.6751 0.6208 -0.3984
vn -0.7653 0.4196 -0.4881
vn -0.6429 0.7170 -0.2694
vn 0.0720 -0.2333 0.9697
vn -0.2338 -0.4527 0.8605
vn -0.0213 -0.3701 0.9287
vn 0.0136 -0.0989 0.9950
vn 0.2373 -0.2590 0.9363
vn 0.4466 -0.1605 0.8802
vn 0.0767 -0.2440 0.9667
vn 0.7438 0.4802 -0.4650
vn 0.9360 0.3082 -0.1700
vn 0.8462 0.3730 -0.3806
vn 0.6869 0.6037 -0.4046
vn 0.6822 0.4080 -0.6068
vn 0.5046 0.4003 -0.7650
vn 0.7476 0.4697 -0.4694
vn -0.2494 -0.4729 0.8450
vn -0.3295 -0.1009 0.9388
vn -0.3380 -0.3316 0.8808
vn -0.1030 -0.4859 0.8679
vn -0.3381 -0.5772 0.7433
vn -0.3299 -0.7472 0.5769
vn -0.2611 -0.4714 0.8424
vn -0.1415 0.1725 -0.9748
vn 0.1460 0.4260 -0.8929
vn 0.0134 0.2439 -0.9697
vn -0.2656 0.2431 -0.9330
vn -0.1308 0.0031 -0.9914
vn -0.2333 -0.2076 -0.9500
vn -0.1312 0.1666 -0.9772
vn 0.6007 -0.7969 0.0638
vn 0.4525 -0.8411 -0.2964
vn 0.5901 -0.8003 -0.1065
vn 0.4968 -0.8542 0.1535
vn 0.7188 -0.6855 0.1160
vn 0.7912 -0.5389 0.2890
vn 0.6085 -0.7915 0.0564
vn -0.8762 0.1875 -0.4439
vn -0.7065 -0.0492 -0.7060
vn -0.8423 0.0486 -0.5368
vn -0.8197 0.3219 -0.4737
vn -0.9448 0.1459 -0.2933
vn -0.9762 0.2067 -0.0654
vn -0.8800 0.1765 -0.4410
vn 0.7737 0.2359 -0.5880
vn 0.8426 0.4625 -0.2758
vn 0.8454 0.2952 -0.4451
vn 0.6749 0.3129 -0.6682
vn 0.7953 0.0672 -0.6025
vn 0.7107 -0.1373 -0.6899
vn 0.7810 0.2294 -0.5809
vn -0.9971 -0.0592 0.0481
vn -0.9492 0.2851 -0.1330
vn -0.9954 0.0590 -0.0750
vn -0.9809 -0.0272 0.1925
vn -0.9763 -0.2157 -0.0164
vn -0.8989 -0.4376 0.0212
vn -0.9974 -0.0617 0.0363
vn -0.9785 -0.1318 -0.1586
vn -0.9653 0.2506 -0.0738
vn -0.9832 0.0376 -0.1784
vn -0.9797 -0.1988 -0.0258
vn -0.9299 -0.2094 -0.3025
vn -0.8248 -0.3992 -0.4003
vn -0.9775 -0.1262 -0.1692
vn -0.5234 -0.8196 -0.2329
vn -0.6841 -0.5550 -0.4732
vn -0.5635 -0.7356 -0.3759
vn -0.5931 -0.7985 -0.1032
vn -0.3711 -0.8953 -0.2465
vn -0.1778 -0.9751 -0.1328
vn -0.5172 -0.8206 -0.2432
vn -0.6737 0.6332 -0.3812
vn -0.8179 0.2880 -0.4981
vn -0.7750 0.4963 -0.3912
vn -0.5696 0.6656 -0.4823
vn -0.6769 0.7010 -0.2246
vn -0.5597 0.8265 -0.0599
vn -0.6815 0.6299 -0.3726
vn -0.6475 0.6867 -0.3305
vn -0.8745 0.3675 -0.3165
vn -0.7676 0.5768 -0.2793
vn -0.5761 0.6753 -0.4605
vn -0.5910 0.7814 -0.2004
vn -0.4098 0.9056 -0.1087
vn -0.6527 0.6869 -0.3196
vn -0.5654 -0.0732 -0.8216
vn -0.7936 -0.2485 -0.5555
vn -0.6941 -0.1003 -0.7129
vn -0.4703 -0.1794 -0.8641
vn -0.5343 0.0935 -0.8401
vn -0.3732 0.2614 -0.8901
vn -0.5726 -0.0645 -0.8173
vn -0.3675 0.8600 0.3539
vn -0.2646 0.6783 0.6855
vn -0.2816 0.8213 0.4961
vn -0.5012 0.8035 0.3211
vn -0.2660 0.9340 0.2385
vn -0.2235 0.9747 0.0079
vn -0.3563 0.8638 0.3562
vn -0.7626 -0.3031 -0.5714
vn -0.8332 -0.4986 -0.2392
vn -0.8356 -0.3489 -0.4242
vn -0.6619 -0.3864 -0.6423
vn -0.7860 -0.1370 -0.6028
vn -0.7027 0.0590 -0.7091
vn -0.7701 -0.2960 -0.5651
vn -0.8007 -0.5910 0.0978
vn -0.8728 -0.4206 -0.2476
vn -0.8186 -0.5700 -0.0705
vn -0.8478 -0.4919 0.1982
vn -0.6876 -0.7138 0.1330
vn -0.5281 -0.7989 0.2879
vn -0.7961 -0.5985 0.0896
vn -0.3139 0.4805 0.8189
vn 0.0713 0.4559 0.8872
vn -0.1505 0.5262 0.8370
vn -0.3673 0.3486 0.8623
vn -0.3950 0.5834 0.7097
vn -0.5721 0.6064 0.5523
vn -0.3092 0.4907 0.8146
vn -0.2819 0.7625 0.5823
vn 0.0673 0.6733 0.7363
vn -0.1166 0.7734 0.6231
vn -0.3755 0.6655 0.6451
vn -0.3146 0.8433 0.4357
vn -0.4538 0.8573 0.2431
vn -0.2740 0.7697 0.5767
vn -0.9043 -0.1583 0.3964
vn -0.7083 -0.0187 0.7057
vn -0.8528 -0.0521 0.5196
vn -0.8686 -0.3026 0.3924
vn -0.9626 -0.0721 0.2611
vn -0.9971 -0.0714 0.0257
vn -0.9064 -0.1464 0.3963
vn 0.8284 0.3655 0.4244
vn 0.9603 0.0269 0.2777
vn 0.9110 0.2550 0.3240
vn 0.7656 0.3274 0.5538
vn 0.7906 0.5090 0.3403
vn 0.6435 0.6951 0.3205
vn 0.8327 0.3682 0.4135
vn -0.3105 -0.3706 0.8753
vn -0.2744 0.0100 0.9616
vn -0.3524 -0.2094 0.9121
vn -0.1725 -0.4245 0.8888
vn -0.4324 -0.4466 0.7833
vn -0.4851 -0.6140 0.6226
vn -0.3214 -0.3659 0.8734
vn 0.7681 0.6381 -0.0529
vn 0.5093 0.8094 -0.2923
vn 0.6529 0.7491 -0.1123
vn 0.8336 0.5349 -0.1376
vn 0.7659 0.6322 0.1176
vn 0.8065 0.5019 0.3125
vn 0.7620 0.6459 -0.0460
vn 0.3135 0.7911 -0.5252
vn 0.6544 0.6324 -0.4146
vn 0.4625 0.7084 -0.5332
vn 0.2710 0.8719 -0.4078
vn 0.2057 0.7358 -0.6452
vn -0.0213 0.7044 -0.7094
vn 0.3167 0.7838 -0.5342
vn 0.9304 0.3378 0.1425
vn 0.7186 0.6265 0.3019
vn 0.8598 0.4396 0.2598
vn 0.9298 0.3681 -0.0032
vn 0.9614 0.1825 0.2060
vn 0.9858 -0.0498 0.1604
vn 0.9295 0.3350 0.1541
vn -0.0625 0.9972 -0.0404
vn -0.0625 0.9359 0.3467
vn -0.0095 0.9925 0.1217
vn -0.2040 0.9756 -0.0809
vn 0.0689 0.9865 -0.1486
vn 0.1437 0.9200 -0.3646
vn -0.0510 0.9980 -0.0370
vn 0.3915 -0.4600 0.7969
vn 0.2467 -0.1343 0.9597
vn 0.2905 -0.3569 0.8878
vn 0.5235 -0.4182 0.7424
vn 0.3062 -0.5969 0.7416
vn 0.2878 -0.7659 0.5750
vn 0.3805 -0.4630 0.8006
vn -0.1845 -0.8242 0.5355
vn -0.3586 -0.9128 0.1957
vn -0.2145 -0.8978 0.3845
vn -0.2849 -0.7414 0.6076
vn -0.0176 -0.8211 0.5705
vn 0.1595 -0.7108 0.6850
vn -0.1762 -0.8301 0.5291
vn -0.7084 -0.3441 -0.6163
vn -0.3827 -0.4527 -0.8053
vn -0.5846 -0.4429 -0.6797
vn -0.7278 -0.2019 -0.6554
vn -0.7765 -0.4131 -0.4759
vn -0.8875 -0.3741 -0.2690
vn -0.7061 -0.3553 -0.6125
vn 0.0253 -0.9837 -0.1780
vn 0.0023 -0.8403 -0.5421
vn 0.0703 -0.9391 -0.3364
vn -0.1155 -0.9848 -0.1301
vn 0.1602 -0.9844 -0.0735
vn 0.2389 -0.9594 0.1497
vn 0.0367 -0.9827 -0.1817
vn 0.8184 0.4455 0.3630
vn 0.8399 0.0938 0.5346
vn 0.8707 0.2872 0.3993
vn 0.7247 0.5226 0.4490
vn 0.8510 0.4854 0.2003
vn 0.7883 0.6153 0.0110
vn 0.8252 0.4388 0.3556
vn 0.2832 -0.4448 0.8497
vn -0.1036 -0.5074 0.8555
vn 0.1332 -0.5255 0.8403
vn 0.2989 -0.3070 0.9036
vn 0.4009 -0.5218 0.7530
vn 0.6005 -0.4977 0.6258
vn 0.2817 -0.4555 0.8445
vn 0.2530 -0.9595 0.1236
vn -0.1262 -0.9916 0.0299
vn 0.1118 -0.9932 0.0341
vn 0.2524 -0.9294 0.2693
vn 0.3841 -0.9230 0.0208
vn 0.5904 -0.8071 -0.0051
vn 0.2528 -0.9610 0.1117
vn -0.0219 0.7815 0.6235
vn 0.1648 0.9347 0.3148
vn 0.0085 0.8750 0.4840
vn 0.0845 0.7101 0.6990
vn -0.1880 0.7459 0.6389
vn -0.3521 0.5951 0.7224
vn -0.0305 0.7866 0.6167
vn -0.9404 0.3106 -0.1388
vn -0.7428 0.5584 -0.3693
vn -0.8794 0.3855 -0.2794
vn -0.9290 0.3700 -0.0029
vn -0.9751 0.1459 -0.1668
vn -0.9947 -0.0719 -0.0729
vn -0.9404 0.3054 -0.1497
vn 0.8670 0.2677 0.4202
vn 0.7662 -0.0398 0.6413
vn 0.8667 0.1105 0.4865
vn 0.7909 0.3814 0.4786
vn 0.9277 0.2673 0.2607
vn 0.9267 0.3727 0.0474
vn 0.8724 0.2582 0.4151
vn -0.0603 0.0089 0.9981
vn 0.1949 -0.2826 0.9392
vn 0.0866 -0.0777 0.9932
vn -0.1935 -0.0547 0.9796
vn -0.0335 0.1767 0.9837
vn -0.1210 0.3869 0.9142
vn -0.0494 0.0140 0.9987
vn -0.0157 0.3272 -0.9448
vn -0.0873 -0.0549 -0.9947
vn -0.0992 0.1822 -0.9782
vn 0.1323 0.3354 -0.9327
vn -0.1216 0.4473 -0.8861
vn -0.1462 0.6425 -0.7522
vn -0.0277 0.3262 -0.9449
vn 0.5781 0.1896 0.7936
vn 0.3736 -0.1200 0.9198
vn 0.5406 0.0300 0.8407
vn 0.4879 0.3054 0.8177
vn 0.7064 0.1923 0.6812
vn 0.8098 0.3070 0.5001
vn 0.5849 0.1800 0.7909
vn -0.7708 0.5442 0.3313
vn -0.9039 0.4274 -0.0183
vn -0.8615 0.4606 0.2135
vn -0.6860 0.6625 0.3006
vn -0.7554 0.4522 0.4742
vn -0.6247 0.4053 0.6674
vn -0.7769 0.5341 0.3335
vn -0.7139 0.1192 -0.6901
vn -0.4585 0.3974 -0.7949
vn -0.5941 0.2025 -0.7785
vn -0.7934 0.1817 -0.5810
vn -0.7006 -0.0495 -0.7119
vn -0.7387 -0.2655 -0.6196
vn -0.7067 0.1140 -0.6983
vn 0.7496 -0.0569 0.6595
vn 0.8822 0.2203 0.4162
vn 0.7946 0.0964 0.5995
vn 0.7845 -0.1847 0.5919
vn 0.6273 -0.0434 0.7776
vn 0.4420 -0.1475 0.8848
vn 0.7460 -0.0464 0.6643
vn 0.8680 0.1989 -0.4550
vn 0.7097 -0.0611 -0.7019
vn 0.7933 0.1338 -0.5939
vn 0.9301 0.1155 -0.3487
vn 0.8252 0.3626 -0.4330
vn 0.7937 0.5408 -0.2784
vn 0.8621 0.2055 -0.4632
vn 0.7667 0.2641 0.5852
vn 0.6385 -0.0585 0.7674
vn 0.7599 0.1032 0.6418
vn 0.6772 0.3721 0.6348
vn 0.8551 0.2747 0.4397
vn 0.8890 0.3925 0.2358
vn 0.7732 0.2550 0.5807
vn 0.0862 0.8942 -0.4393
vn 0.3091 0.9433 -0.1208
vn 0.2244 0.9129 -0.3411
vn -0.0524 0.9188 -0.3912
vn 0.1222 0.8052 -0.5803
vn 0.0404 0.6600 -0.7502
vn 0.0973 0.8913 -0.4428
vn 0.7912 0.6098 -0.0465
vn 0.5247 0.8425 0.1220
vn 0.7095 0.7010 0.0722
vn 0.7614 0.6192 -0.1920
vn 0.8769 0.4800 0.0236
vn 0.9653 0.2610 -0.0060
vn 0.7929 0.6084 -0.0347
vn -0.6140 -0.7347 -0.2885
vn -0.4642 -0.6204 -0.6321
vn -0.5218 -0.7356 -0.4320
vn -0.7240 -0.6380 -0.2624
vn -0.5384 -0.8262 -0.1659
vn -0.5080 -0.8587 0.0679
vn -0.6045 -0.7418 -0.2903
vn -0.1520 -0.7068 -0.6908
vn -0.4359 -0.7888 -0.4334
vn -0.3073 -0.7205 -0.6217
vn -0.0311 -0.7725 -0.6343
vn -0.1453 -0.5783 -0.8028
vn -0.0097 -0.4147 -0.9099
vn -0.1617 -0.7008 -0.6948
vn -0.2644 -0.5131 -0.8166
vn -0.5357 -0.6321 -0.5599
vn -0.4151 -0.5312 -0.7386
vn -0.1463 -0.5987 -0.7875
vn -0.2540 -0.3628 -0.8966
vn -0.1119 -0.1890 -0.9756
vn -0.2737 -0.5057 -0.8182
vn 0.6571 -0.2364 -0.7158
vn 0.7467 -0.4994 -0.4393
vn 0.6705 -0.3855 -0.6339
vn 0.7297 -0.1134 -0.6743
vn 0.5220 -0.2351 -0.8199
vn 0.3561 -0.1037 -0.9287
vn 0.6506 -0.2462 -0.7184
vn 0.8875 0.0551 -0.4576
vn 0.6922 0.3458 -0.6335
vn 0.8386 0.2126 -0.5015
vn 0.8449 -0.0672 -0.5308
vn 0.9525 0.0523 -0.2999
vn 0.9918 -0.0757 -0.1032
vn 0.8900 0.0650 -0.4512
vn -0.0748 -0.5660 -0.8210
vn -0.4293 -0.3991 -0.8102
vn -0.2063 -0.4649 -0.8610
vn -0.0856 -0.6810 -0.7273
vn 0.0736 -0.4950 -0.8658
vn 0.3071 -0.4782 -0.8228
vn -0.0739 -0.5561 -0.8278
vn -0.0316 0.6866 0.7264
vn 0.1409 0.3871 0.9112
vn 0.0888 0.5917 0.8013
vn -0.1769 0.6556 0.7341
vn 0.0360 0.7915 0.6101
vn 0.0022 0.9129 0.4082
vn -0.0198 0.6884 0.7250
vn 0.7659 -0.2997 -0.5689
vn 0.5586 -0.0873 -0.8248
vn 0.7204 -0.1716 -0.6720
vn 0.6992 -0.4327 -0.5691
vn 0.8638 -0.2439 -0.4408
vn 0.9360 -0.2775 -0.2165
vn 0.7705 -0.2886 -0.5683
vn -0.4642 -0.7706 -0.4366
vn -0.7623 -0.5965 -0.2510
vn -0.6068 -0.6808 -0.4103
vn -0.3998 -0.8544 -0.3319
vn -0.3843 -0.7196 -0.5784
vn -0.1769 -0.6987 -0.6932
vn -0.4690 -0.7631 -0.4446
vn 0.1598 -0.7633 -0.6260
vn -0.1569 -0.8882 -0.4317
vn -0.0021 -0.8055 -0.5925
vn 0.2736 -0.7981 -0.5368
vn 0.1685 -0.6432 -0.7469
vn 0.2919 -0.4612 -0.8379
vn 0.1504 -0.7597 -0.6326
vn 0.3507 0.1206 0.9287
vn 0.1922 -0.2371 0.9523
vn 0.3377 -0.0491 0.9400
vn 0.2358 0.2130 0.9482
vn 0.4961 0.1664 0.8522
vn 0.6090 0.3301 0.7213
vn 0.3597 0.1130 0.9262
vn -0.1910 -0.6499 0.7357
vn -0.4402 -0.3601 0.8225
vn -0.3368 -0.5634 0.7544
vn -0.0614 -0.6054 0.7936
vn -0.2033 -0.7653 0.6107
vn -0.0888 -0.8914 0.4444
vn -0.2013 -0.6528 0.7303
vn -0.0638 0.2283 -0.9715
vn 0.1646 -0.0900 -0.9822
vn -0.0131 0.0675 -0.9976
vn 0.0298 0.3396 -0.9401
vn -0.2319 0.2363 -0.9436
vn -0.4109 0.3541 -0.8401
vn -0.0713 0.2191 -0.9731
vn 0.7540 -0.6556 0.0415
vn 0.8108 -0.4523 0.3717
vn 0.7593 -0.6167 0.2075
vn 0.8174 -0.5724 -0.0642
vn 0.6344 -0.7730 0.0094
vn 0.4820 -0.8634 -0.1495
vn 0.7481 -0.6617 0.0500
vn -0.2689 0.2466 0.9311
vn -0.6175 0.1746 0.7669
vn -0.4161 0.1688 0.8935
vn -0.2378 0.3864 0.8911
vn -0.1502 0.1341 0.9795
vn 0.0819 0.0834 0.9931
vn -0.2712 0.2350 0.9334
vn 0.9348 0.3474 -0.0743
vn 0.9992 -0.0240 0.0332
vn 0.9796 0.1830 -0.0827
vn 0.9068 0.4182 0.0535
vn 0.8854 0.4058 -0.2268
vn 0.7512 0.5621 -0.3460
vn 0.9361 0.3413 -0.0846
vn 0.2624 0.0941 0.9604
vn -0.0946 -0.0643 0.9934
vn 0.1393 -0.0202 0.9900
vn 0.2364 0.2394 0.9417
vn 0.4074 0.0177 0.9131
vn 0.6109 0.0356 0.7909
vn 0.2642 0.0822 0.9610
vn 0.7252 -0.0568 -0.6862
vn 0.7045 0.3302 -0.6282
vn 0.7663 0.1005 -0.6346
vn 0.6160 -0.0852 -0.7831
vn 0.7929 -0.1752 -0.5837
vn 0.7744 -0.3950 -0.4943
vn 0.7333 -0.0545 -0.6777
vn -0.8083 -0.2306 0.5417
vn -0.5837 -0.0543 0.8101
vn -0.7507 -0.1130 0.6510
vn -0.7576 -0.3703 0.5375
vn -0.8962 -0.1587 0.4143
vn -0.9666 -0.1746 0.1875
vn -0.8117 -0.2190 0.5415
vn 0.4114 -0.9001 0.1432
vn 0.7190 -0.6647 0.2029
vn 0.5353 -0.8146 0.2235
vn 0.4044 -0.9146 -0.0046
vn 0.2787 -0.9282 0.2467
vn 0.0440 -0.9635 0.2640
vn 0.4116 -0.8981 0.1551
vn 0.2728 -0.1522 0.9500
vn 0.2424 0.2384 0.9404
vn 0.2127 0.0051 0.9771
vn 0.4082 -0.1798 0.8950
vn 0.1471 -0.2675 0.9523
vn 0.0697 -0.4790 0.8751
vn 0.2615 -0.1498 0.9535
vn 0.1408 0.5866 -0.7975
vn -0.0659 0.8235 -0.5635
vn 0.1027 0.7148 -0.6917
vn 0.0381 0.5020 -0.8640
vn 0.3048 0.5416 -0.7834
vn 0.4658 0.3677 -0.8049
vn 0.1490 0.5929 -0.7914
vn -0.8893 0.4361 0.1379
vn -0.7282 0.4761 0.4930
vn -0.8164 0.5082 0.2743
vn -0.9445 0.2980 0.1381
vn -0.8527 0.5224 -0.0046
vn -0.8237 0.5135 -0.2406
vn -0.8839 0.4469 0.1378
vn 0.9558 0.1835 0.2295
vn 0.9779 -0.1850 0.0978
vn 0.9905 0.0507 0.1281
vn 0.9130 0.1692 0.3713
vn 0.9349 0.3266 0.1390
vn 0.8317 0.5406 0.1265
vn 0.9584 0.1845 0.2178
vn 0.7180 -0.6824 0.1375
vn 0.9265 -0.3505 0.1370
vn 0.8117 -0.5512 0.1934
vn 0.6997 -0.7144 -0.0066
vn 0.6166 -0.7428 0.2608
vn 0.4135 -0.8546 0.3142
vn 0.7187 -0.6791 0.1491
vn -0.7613 -0.6293 0.1560
vn -0.9342 -0.3517 -0.0600
vn -0.8341 -0.5511 0.0230
vn -0.7635 -0.5748 0.2944
vn -0.6527 -0.7504 0.1044
vn -0.4568 -0.8761 0.1542
vn -0.7604 -0.6332 0.1446
vn -0.6863 -0.7231 -0.0786
vn -0.9112 -0.4120 0.0003
vn -0.7972 -0.5953 -0.1000
vn -0.6379 -0.7682 0.0547
vn -0.6076 -0.7617 -0.2250
vn -0.4123 -0.8498 -0.3286
vn -0.6895 -0.7187 -0.0893
vn -0.7029 0.6668 -0.2474
vn -0.3763 0.8588 -0.3476
vn -0.5811 0.7378 -0.3435
vn -0.7161 0.6906 -0.1012
vn -0.7774 0.5365 -0.3284
vn -0.8926 0.3293 -0.3078
vn -0.7012 0.6643 -0.2591
vn 0.4584 0.6965 -0.5520
vn 0.5915 0.3673 -0.7178
vn 0.4803 0.5712 -0.6656
vn 0.5465 0.7163 -0.4338
vn 0.3034 0.7663 -0.5663
vn 0.1259 0.8808 -0.4565
vn 0.4508 0.6943 -0.5611
vn -0.2413 -0.9691 0.0516
vn -0.5595 -0.8198 -0.1218
vn -0.3563 -0.9318 -0.0687
vn -0.2635 -0.9444 0.1966
vn -0.0872 -0.9961 -0.0165
vn 0.1485 -0.9888 0.0157
vn -0.2392 -0.9702 0.0398
vn 0.7592 0.2834 -0.5859
vn 0.9500 0.1663 -0.2642
vn 0.8558 0.1891 -0.4815
vn 0.7168 0.4225 -0.5548
vn 0.6843 0.1867 -0.7048
vn 0.4990 0.1601 -0.8517
vn 0.7619 0.2718 -0.5878
vn -0.3696 -0.2453 -0.8962
vn -0.1863 0.0913 -0.9782
vn -0.2539 -0.1360 -0.9576
vn -0.5011 -0.2030 -0.8412
vn -0.3002 -0.3984 -0.8667
vn -0.3083 -0.5990 -0.7390
vn -0.3585 -0.2485 -0.8998
vn -0.7221 -0.6915 0.0207
vn -0.8764 -0.4124 0.2485
vn -0.8226 -0.5640 0.0731
vn -0.6317 -0.7671 0.1114
vn -0.7064 -0.6919 -0.1492
vn -0.5708 -0.7491 -0.3363
vn -0.7287 -0.6847 0.0133
vn -0.5970 -0.7917 -0.1294
vn -0.4736 -0.7278 -0.4959
vn -0.5137 -0.8120 -0.2769
vn -0.7094 -0.6959 -0.1114
vn -0.5101 -0.8601 0.0005
vn -0.4641 -0.8543 0.2339
vn -0.5873 -0.7987 -0.1308
vn -0.1835 -0.1202 0.9757
vn -0.5015 0.0784 0.8616
vn -0.3454 -0.0858 0.9345
vn -0.0803 -0.0151 0.9967
vn -0.1461 -0.2842 0.9476
vn 0.0228 -0.4437 0.8959
vn -0.1917 -0.1286 0.9730
vn -0.4841 -0.4810 -0.7310
vn -0.7120 -0.5610 -0.4223
vn -0.6174 -0.4784 -0.6244
vn -0.3745 -0.5811 -0.7225
vn -0.4708 -0.3340 -0.8166
vn -0.3262 -0.1811 -0.9278
vn -0.4926 -0.4724 -0.7309
vn -0.3828 -0.4130 0.8264
vn -0.5209 -0.0472 0.8523
vn -0.4916 -0.2817 0.8240
vn -0.2448 -0.4041 0.8813
vn -0.4345 -0.5379 0.7223
vn -0.3708 -0.7214 0.5848
vn -0.3936 -0.4133 0.8211
vn 0.5242 0.1453 0.8391
vn 0.7286 0.3600 0.5827
vn 0.5885 0.2810 0.7581
vn 0.5741 0.0066 0.8188
vn 0.3733 0.1814 0.9098
vn 0.1623 0.0979 0.9819
vn 0.5197 0.1564 0.8399
vn 0.9186 0.2928 0.2656
vn 0.7133 0.6216 0.3237
vn 0.8388 0.4206 0.3457
vn 0.9484 0.2935 0.1199
vn 0.9201 0.1514 0.3611
vn 0.9273 -0.0864 0.3643
vn 0.9152 0.2924 0.2772
vn 0.3093 0.7145 0.6275
vn 0.5249 0.4095 0.7462
vn 0.4441 0.6132 0.6533
vn 0.1785 0.6957 0.6958
vn 0.3291 0.8091 0.4869
vn 0.2225 0.9249 0.3084
vn 0.3196 0.7154 0.6214
vn -0.3151 -0.3526 0.8811
vn -0.1844 -0.6799 0.7097
vn -0.2166 -0.4874 0.8459
vn -0.4523 -0.3349 0.8266
vn -0.2236 -0.2252 0.9483
vn -0.2026 0.0098 0.9792
vn -0.3036 -0.3537 0.8847
vn 0.9001 0.1200 0.4189
vn 0.8367 -0.2618 0.4810
vn 0.9130 -0.0496 0.4049
vn 0.8272 0.1877 0.5296
vn 0.9416 0.1973 0.2727
vn 0.9121 0.3878 0.1331
vn 0.9051 0.1144 0.4095
vn 0.7410 -0.2925 -0.6044
vn 0.7085 -0.6028 -0.3671
vn 0.7042 -0.4498 -0.5494
vn 0.8259 -0.1969 -0.5283
vn 0.6368 -0.2454 -0.7310
vn 0.5310 -0.0652 -0.8448
vn 0.7334 -0.3000 -0.6100
vn -0.0810 -0.9615 -0.2626
vn -0.3184 -0.7904 -0.5233
vn -0.1403 -0.9009 -0.4106
vn -0.1650 -0.9762 -0.1407
vn 0.0895 -0.9615 -0.2597
vn 0.2862 -0.9498 -0.1262
vn -0.0741 -0.9594 -0.2722
vn 0.4769 0.6045 0.6380
vn 0.3369 0.8623 0.3781
vn 0.3813 0.7281 0.5696
vn 0.6019 0.5536 0.5755
vn 0.3914 0.5201 0.7591
vn 0.3635 0.3151 0.8767
vn 0.4663 0.6081 0.6425
vn 0.1980 -0.3535 -0.9142
vn 0.2524 -0.6736 -0.6947
vn 0.1721 -0.5070 -0.8446
vn 0.3263 -0.2791 -0.9031
vn 0.0505 -0.2801 -0.9586
vn -0.0674 -0.0766 -0.9948
vn 0.1874 -0.3592 -0.9143
vn 0.0534 -0.4951 0.8672
vn 0.4304 -0.4074 0.8055
vn 0.2059 -0.4205 0.8836
vn 0.0304 -0.6176 0.7859
vn -0.0720 -0.3910 0.9176
vn -0.3009 -0.3298 0.8948
vn 0.0552 -0.4847 0.8729
vn 0.4821 -0.0789 0.8726
vn 0.5522 -0.4304 0.7140
vn 0.5650 -0.2082 0.7984
vn 0.3470 -0.0924 0.9333
vn 0.5518 0.0711 0.8309
vn 0.5175 0.3045 0.7996
vn 0.4926 -0.0777 0.8668
vn 0.8121 0.5835 0.0055
vn 0.5347 0.8390 -0.1010
vn 0.7012 0.7129 0.0131
vn 0.8489 0.5145 -0.1211
vn 0.8406 0.5174 0.1602
vn 0.9015 0.3249 0.2861
vn 0.8083 0.5885 0.0157
vn 0.6822 0.6787 0.2718
vn 0.8273 0.5572 -0.0714
vn 0.7269 0.6784 0.1072
vn 0.7287 0.5766 0.3695
vn 0.5484 0.7809 0.2993
vn 0.3576 0.8269 0.4340
vn 0.6778 0.6864 0.2636
vn -0.8228 -0.0573 0.5654
vn -0.5612 0.0779 0.8240
vn -0.7405 0.0492 0.6702
vn -0.8002 -0.2043 0.5638
vn -0.8985 0.0275 0.4381
vn -0.9767 0.0206 0.2135
vn -0.8239 -0.0453 0.5650
vn 0.4500 -0.0075 0.8930
vn 0.2615 0.3359 0.9049
vn 0.3356 0.1118 0.9353
vn 0.5750 0.0218 0.8179
vn 0.3843 -0.1642 0.9085
vn 0.3896 -0.3903 0.8342
vn 0.4394 -0.0099 0.8982
vn -0.2054 -0.9696 -0.1327
vn -0.3334 -0.8171 -0.4703
vn -0.2136 -0.9302 -0.2985
vn -0.3176 -0.9475 -0.0376
vn -0.0442 -0.9955 -0.0834
vn 0.1125 -0.9890 0.0957
vn -0.1961 -0.9705 -0.1403
vn -0.9154 0.3755 0.1452
vn -0.7576 0.6465 -0.0899
vn -0.8834 0.4686 0.0058
vn -0.8668 0.4119 0.2809
vn -0.9701 0.2193 0.1038
vn -0.9858 -0.0094 0.1678
vn -0.9184 0.3722 0.1340
vn 0.1687 0.8514 0.4966
vn 0.1864 0.5885 0.7867
vn 0.2323 0.7506 0.6186
vn 0.0232 0.8773 0.4794
vn 0.2846 0.8822 0.3752
vn 0.3238 0.9347 0.1465
vn 0.1803 0.8485 0.4975
vn 0.7751 0.4745 -0.4172
vn 0.6999 0.7058 -0.1098
vn 0.7914 0.5506 -0.2654
vn 0.6780 0.5186 -0.5209
vn 0.8499 0.3212 -0.4177
vn 0.8537 0.1021 -0.5106
vn 0.7822 0.4705 -0.4084
vn -0.0791 -0.8037 0.5897
vn -0.4057 -0.6080 0.6824
vn -0.2442 -0.7620 0.5998
vn 0.0267 -0.7397 0.6724
vn -0.0464 -0.8928 0.4480
vn 0.1146 -0.9522 0.2831
vn -0.0876 -0.8081 0.5824
vn 0.8420 0.0772 0.5339
vn 0.5702 0.0998 0.8154
vn 0.7443 0.0341 0.6670
vn 0.8504 0.2155 0.4799
vn 0.8924 -0.0608 0.4472
vn 0.9599 -0.1498 0.2370
vn 0.8405 0.0659 0.5378
vn 0.1476 -0.9816 -0.1209
vn -0.0811 -0.9770 0.1973
vn 0.0104 -0.9997 -0.0212
vn 0.2844 -0.9563 -0.0682
vn 0.1028 -0.9536 -0.2831
vn 0.1621 -0.8555 -0.4917
vn 0.1364 -0.9827 -0.1251
vn -0.8680 0.4076 0.2836
vn -0.7996 0.5983 -0.0518
vn -0.8815 0.4564 0.1207
vn -0.7876 0.4813 0.3848
vn -0.9201 0.2465 0.3044
vn -0.9010 0.0461 0.4313
vn -0.8737 0.4012 0.2752
vn 0.6639 -0.1143 0.7390
vn 0.3707 0.0659 0.9264
vn 0.5309 -0.0889 0.8428
vn 0.7390 -0.0038 0.6736
vn 0.6717 -0.2767 0.6873
vn 0.7410 -0.4281 0.5173
vn 0.6572 -0.1232 0.7436
vn 0.6301 0.7750 0.0487
vn 0.4676 0.8302 -0.3036
vn 0.5342 0.8420 -0.0754
vn 0.7374 0.6750 0.0243
vn 0.5608 0.8029 0.2021
vn 0.5376 0.7273 0.4266
vn 0.6208 0.7824 0.0507
vn -0.8507 0.4944 -0.1787
vn -0.9410 0.1363 -0.3097
vn -0.9217 0.3396 -0.1875
vn -0.7773 0.5574 -0.2917
vn -0.8370 0.5469 -0.0169
vn -0.7181 0.6819 0.1390
vn -0.8558 0.4888 -0.1693
vn 0.0806 0.8619 -0.5007
vn 0.0227 0.9906 -0.1351
vn 0.1113 0.9310 -0.3478
vn -0.0561 0.8324 -0.5513
vn 0.2221 0.7933 -0.5670
vn 0.3141 0.6283 -0.7117
vn 0.0916 0.8634 -0.4961
vn -0.8767 0.4701 -0.1016
vn -0.7124 0.5378 -0.4509
vn -0.8455 0.4612 -0.2691
vn -0.8185 0.5743 -0.0128
vn -0.9448 0.3248 -0.0437
vn -0.9736 0.1788 0.1420
vn -0.8806 0.4612 -0.1087
vn 0.8721 0.3516 -0.3404
vn 0.6459 0.6707 -0.3647
vn 0.8068 0.5054 -0.3061
vn 0.8416 0.2755 -0.4646
vn 0.9388 0.2802 -0.2006
vn 0.9931 0.0783 -0.0870
vn 0.8737 0.3574 -0.3300
vn 0.8032 -0.4925 -0.3351
vn 0.9458 -0.3244 -0.0111
vn 0.8626 -0.4742 -0.1762
vn 0.8117 -0.3859 -0.4385
vn 0.6981 -0.6265 -0.3467
vn 0.5132 -0.7249 -0.4595
vn 0.8017 -0.5007 -0.3264
vn 0.7073 -0.5650 0.4248
vn 0.5706 -0.3674 0.7344
vn 0.6260 -0.5312 0.5709
vn 0.8043 -0.4716 0.3616
vn 0.6335 -0.6943 0.3415
vn 0.5904 -0.7964 0.1309
vn 0.6988 -0.5720 0.4295
vn -0.4304 -0.3219 -0.8433
vn -0.2620 0.0105 -0.9650
vn -0.3223 -0.2156 -0.9217
vn -0.5584 -0.2777 -0.7817
vn -0.3554 -0.4708 -0.8075
vn -0.3489 -0.6609 -0.6644
vn -0.4196 -0.3251 -0.8475
vn 0.0126 -0.6208 -0.7839
vn 0.2599 -0.8011 -0.5391
vn 0.0751 -0.7351 -0.6738
vn 0.0961 -0.5172 -0.8505
vn -0.1575 -0.6126 -0.7745
vn -0.3521 -0.4789 -0.8042
vn 0.0059 -0.6286 -0.7777
vn 0.9440 0.2757 0.1812
vn 0.9794 -0.1144 0.1664
vn 0.9849 0.1199 0.1249
vn 0.8977 0.3031 0.3199
vn 0.9218 0.3843 0.0516
vn 0.8133 0.5812 -0.0265
vn 0.9469 0.2732 0.1698
vn 0.0395 0.2751 -0.9606
vn -0.2986 0.4381 -0.8479
vn -0.0750 0.3934 -0.9163
vn 0.0038 0.1339 -0.9910
vn 0.1982 0.3261 -0.9243
vn 0.4203 0.2609 -0.8690
vn 0.0424 0.2863 -0.9572
vn -0.4086 0.0053 -0.9127
vn -0.0383 0.1046 -0.9938
vn -0.2478 -0.0053 -0.9688
vn -0.4726 0.1330 -0.8712
vn -0.4695 -0.1484 -0.8704
vn -0.6214 -0.2717 -0.7349
vn -0.4030 -0.0051 -0.9152
vn -0.7078 -0.0189 -0.7061
vn -0.3911 0.0740 -0.9174
vn -0.5777 -0.0329 -0.8156
vn -0.7529 0.1107 -0.6487
vn -0.7494 -0.1705 -0.6398
vn -0.8426 -0.2879 -0.4550
vn -0.7035 -0.0294 -0.7101
vn -0.9700 -0.1059 -0.2186
vn -0.9536 -0.2675 0.1381
vn -0.9906 -0.1272 -0.0506
vn -0.9261 -0.2146 -0.3102
vn -0.9639 0.0596 -0.2596
vn -0.8834 0.2239 -0.4117
vn -0.9727 -0.0970 -0.2110
vn 0.9557 0.2560 -0.1453
vn 0.9946 -0.0578 0.0861
vn 0.9908 0.0970 -0.0946
vn 0.9285 0.3679 -0.0512
vn 0.9142 0.2603 -0.3108
vn 0.7930 0.3718 -0.4826
vn 0.9570 0.2467 -0.1528
vn 0.8565 0.3363 0.3915
vn 0.9418 0.3360 0.0089
vn 0.8893 0.3931 0.2339
vn 0.8793 0.1957 0.4342
vn 0.7575 0.4456 0.4771
vn 0.5951 0.4744 0.6487
vn 0.8539 0.3474 0.3876
vn 0.2044 0.3001 -0.9317
vn 0.1837 -0.0884 -0.9790
vn 0.1463 0.1466 -0.9783
vn 0.3426 0.3237 -0.8820
vn 0.0763 0.4103 -0.9087
vn -0.0005 0.6053 -0.7960
vn 0.1930 0.2979 -0.9349
vn 0.6226 -0.1658 0.7648
vn 0.3819 0.1027 0.9185
vn 0.5001 -0.0956 0.8607
vn 0.7214 -0.0863 0.6871
vn 0.5911 -0.3309 0.7356
vn 0.6213 -0.5163 0.5894
vn 0.6140 -0.1721 0.7704
vn 0.7356 0.6127 0.2889
vn 0.8610 0.5043 -0.0662
vn 0.7749 0.6200 0.1231
vn 0.7780 0.5016 0.3783
vn 0.6100 0.7215 0.3275
vn 0.4273 0.7713 0.4716
vn 0.7315 0.6211 0.2814
vn -0.0927 -0.5446 0.8335
vn -0.0739 -0.1818 0.9806
vn -0.1404 -0.3980 0.9066
vn 0.0494 -0.5826 0.8113
vn -0.2234 -0.6189 0.7530
vn -0.2924 -0.7630 0.5766
vn -0.1041 -0.5410 0.8345
vn 0.4620 0.7534 0.4679
vn 0.2210 0.6247 0.7489
vn 0.4075 0.6785 0.6112
vn 0.3770 0.8426 0.3846
vn 0.6058 0.6810 0.4113
vn 0.7427 0.6314 0.2231
vn 0.4685 0.7454 0.4742
vn -0.6916 -0.0917 0.7164
vn -0.8962 0.0884 0.4348
vn -0.8041 -0.0660 0.5908
vn -0.6190 0.0184 0.7852
vn -0.6424 -0.2549 0.7228
vn -0.4707 -0.4087 0.7819
vn -0.6968 -0.1006 0.7102
vn 0.4540 -0.8372 0.3049
vn 0.3349 -0.9407 -0.0538
vn 0.4589 -0.8775 0.1392
vn 0.3342 -0.8577 0.3907
vn 0.5833 -0.7343 0.3472
vn 0.6622 -0.5639 0.4935
vn 0.4633 -0.8347 0.2976
vn 0.2645 -0.5406 -0.7986
vn 0.3168 -0.1758 -0.9320
vn 0.3424 -0.3982 -0.8510
vn 0.1189 -0.5655 -0.8161
vn 0.3622 -0.6276 -0.6891
vn 0.3689 -0.7796 -0.5061
vn 0.2761 -0.5381 -0.7964
vn -0.1771 -0.9113 0.3716
vn -0.5285 -0.7424 0.4116
vn -0.3415 -0.8740 0.3456
vn -0.1007 -0.8655 0.4907
vn -0.1033 -0.9680 0.2287
vn 0.0984 -0.9897 0.1042
vn -0.1832 -0.9142 0.3616
vn -0.7436 0.5609 -0.3639
vn -0.8266 0.2117 -0.5214
vn -0.8219 0.4122 -0.3932
vn -0.6408 0.6186 -0.4546
vn -0.7652 0.6112 -0.2023
vn -0.6773 0.7355 -0.0193
vn -0.7513 0.5557 -0.3562
vn 0.7357 -0.4041 0.5435
vn 0.6401 -0.0935 0.7626
vn 0.6723 -0.3111 0.6717
vn 0.8273 -0.3492 0.4400
vn 0.6496 -0.5502 0.5247
vn 0.5803 -0.7225 0.3758
vn 0.7276 -0.4082 0.5514
vn -0.0857 -0.9368 -0.3393
vn 0.2869 -0.8560 -0.4300
vn 0.0848 -0.9384 -0.3350
vn -0.1643 -0.8774 -0.4508
vn -0.1516 -0.9708 -0.1857
vn -0.3351 -0.9414 -0.0370
vn -0.0792 -0.9407 -0.3299
vn -0.6721 -0.6458 -0.3622
vn -0.6652 -0.7465 0.0164
vn -0.7207 -0.6639 -0.1997
vn -0.5555 -0.7169 -0.4213
vn -0.7441 -0.5084 -0.4333
vn -0.7268 -0.3376 -0.5981
vn -0.6809 -0.6394 -0.3571
vn -0.5878 0.0389 -0.8080
vn -0.4153 0.3905 -0.8216
vn -0.4859 0.1662 -0.8581
vn -0.7000 0.0567 -0.7119
vn -0.5203 -0.1130 -0.8465
vn -0.5059 -0.3440 -0.7910
vn -0.5782 0.0374 -0.8151
vn 0.5050 0.5272 -0.6834
vn 0.2903 0.2916 -0.9114
vn 0.3843 0.4747 -0.7918
vn 0.6222 0.4440 -0.6448
vn 0.4535 0.6636 -0.5949
vn 0.4724 0.7888 -0.3934
vn 0.4950 0.5334 -0.6859
vn -0.8287 0.1082 0.5491
vn -0.7655 -0.2773 0.5806
vn -0.7865 -0.0429 0.6161
vn -0.8995 0.1233 0.4191
vn -0.7441 0.2353 0.6252
vn -0.6540 0.4546 0.6046
vn -0.8222 0.1069 0.5591
vn 0.8504 -0.4912 0.1883
vn 0.8861 -0.4202 -0.1954
vn 0.9051 -0.4231 0.0418
vn 0.7655 -0.6131 0.1953
vn 0.8680 -0.3815 0.3178
vn 0.7886 -0.3106 0.5306
vn 0.8565 -0.4808 0.1876
vn -0.3024 -0.6535 -0.6939
vn -0.5812 -0.3792 -0.7200
vn -0.3953 -0.5239 -0.7545
vn -0.3451 -0.7384 -0.5794
vn -0.1416 -0.6458 -0.7503
vn 0.0865 -0.6999 -0.7090
vn -0.2986 -0.6460 -0.7025
vn 0.3637 0.1609 -0.9175
vn 0.6937 0.1330 -0.7079
vn 0.5096 0.0986 -0.8548
vn 0.3198 0.3017 -0.8982
vn 0.2585 0.0354 -0.9654
vn 0.0330 -0.0332 -0.9989
vn 0.3669 0.1493 -0.9182
vn -0.4018 0.7536 0.5202
vn -0.0286 0.8699 0.4924
vn -0.2640 0.8414 0.4715
vn -0.4023 0.6592 0.6352
vn -0.5216 0.7542 0.3988
vn -0.7065 0.6405 0.3011
vn -0.4014 0.7605 0.5104
vn 0.3157 -0.9120 0.2619
vn 0.4750 -0.8749 -0.0943
vn 0.4325 -0.8908 0.1393
vn 0.1760 -0.9559 0.2352
vn 0.3645 -0.8374 0.4073
vn 0.2962 -0.7344 0.6107
vn 0.3267 -0.9076 0.2638
vn -0.1405 -0.9031 -0.4057
vn -0.2066 -0.9781 -0.0268
vn -0.2232 -0.9392 -0.2610
vn 0.0076 -0.9080 -0.4188
vn -0.2418 -0.8216 -0.5162
vn -0.2555 -0.6688 -0.6981
vn -0.1524 -0.9018 -0.4043
vn -0.1068 0.9844 0.1397
vn -0.3876 0.9134 -0.1244
vn -0.2617 0.9625 0.0715
vn 0.0171 0.9981 0.0586
vn -0.1066 0.9461 0.3059
vn 0.0205 0.8702 0.4923
vn -0.1168 0.9823 0.1461
vn -0.1449 -0.5325 -0.8339
vn -0.4900 -0.3504 -0.7982
vn -0.2734 -0.4242 -0.8633
vn -0.1560 -0.6502 -0.7436
vn 0.0042 -0.4666 -0.8844
vn 0.2401 -0.4619 -0.8538
vn -0.1438 -0.5225 -0.8404
vn 0.0540 0.3686 -0.9280
vn 0.4336 0.3277 -0.8394
vn 0.2133 0.3076 -0.9273
vn 0.0158 0.4986 -0.8667
vn -0.0586 0.2466 -0.9673
vn -0.2819 0.1673 -0.9448
vn 0.0570 0.3577 -0.9321
vn -0.5625 -0.8022 0.2004
vn -0.5306 -0.8262 -0.1895
vn -0.5143 -0.8564 0.0460
vn -0.6732 -0.7053 0.2222
vn -0.4441 -0.8376 0.3180
vn -0.3462 -0.7767 0.5262
vn -0.5530 -0.8092 0.1984
vn -0.3566 0.4453 -0.8213
vn -0.2127 0.7519 -0.6241
vn -0.2547 0.5749 -0.7776
vn -0.4910 0.4231 -0.7615
vn -0.2705 0.3250 -0.9062
vn -0.2544 0.0943 -0.9625
vn -0.3454 0.4467 -0.8254
vn 0.5767 -0.7572 -0.3066
vn 0.4796 -0.8758 0.0541
vn 0.5025 -0.8454 -0.1809
vn 0.6909 -0.6643 -0.2852
vn 0.4792 -0.7555 -0.4467
vn 0.4184 -0.6393 -0.6452
vn 0.5669 -0.7640 -0.3081
vn 0.3775 0.4929 -0.7840
vn 0.4397 0.7497 -0.4946
vn 0.4587 0.5869 -0.6671
vn 0.2359 0.5158 -0.8236
vn 0.4616 0.3480 -0.8160
vn 0.4473 0.1210 -0.8861
vn 0.3886 0.4905 -0.7800
vn -0.7642 -0.0419 -0.6436
vn -0.9373 0.1153 -0.3290
vn -0.8378 0.0729 -0.5410
vn -0.7646 -0.1881 -0.6164
vn -0.6570 0.0330 -0.7532
vn -0.4616 0.0104 -0.8870
vn -0.7634 -0.0300 -0.6452
vn -0.0071 0.9958 0.0909
vn -0.1075 0.8849 0.4532
vn 0.0030 0.9660 0.2586
vn -0.1345 0.9908 0.0144
vn 0.1468 0.9890 0.0177
vn 0.2709 0.9455 -0.1807
vn 0.0033 0.9953 0.0971
vn 0.4694 -0.8830 -0.0068
vn 0.6005 -0.7289 0.3288
vn 0.4910 -0.8563 0.1603
vn 0.5568 -0.8232 -0.1113
vn 0.3152 -0.9482 -0.0395
vn 0.1380 -0.9707 -0.1969
vn 0.4618 -0.8870 0.0016
vn -0.9238 0.3369 -0.1817
vn -0.7070 0.6447 -0.2906
vn -0.8465 0.4521 -0.2809
vn -0.9358 0.3509 -0.0341
vn -0.9457 0.1892 -0.2641
vn -0.9680 -0.0471 -0.2464
vn -0.9220 0.3355 -0.1935
vn 0.1590 -0.9461 -0.2823
vn 0.0975 -0.7721 -0.6280
vn 0.1891 -0.8796 -0.4365
vn 0.0224 -0.9730 -0.2299
vn 0.2975 -0.9370 -0.1830
vn 0.3826 -0.9231 0.0388
vn 0.1699 -0.9430 -0.2862
vn -0.1778 -0.1280 -0.9757
vn -0.4202 0.1683 -0.8917
vn -0.2433 0.0294 -0.9695
vn -0.2530 -0.2496 -0.9347
vn -0.0081 -0.1237 -0.9923
vn 0.1986 -0.2344 -0.9516
vn -0.1716 -0.1180 -0.9781
vn 0.0545 -0.9351 0.3501
vn 0.1590 -0.9870 -0.0240
vn 0.1512 -0.9653 0.2129
vn -0.0942 -0.9332 0.3468
vn 0.1465 -0.8668 0.4766
vn 0.1465 -0.7279 0.6698
vn 0.0665 -0.9344 0.3501
vn 0.0402 -0.3358 -0.9411
vn 0.2848 -0.0301 -0.9581
vn 0.1848 -0.2460 -0.9515
vn -0.0949 -0.2756 -0.9566
vn 0.0673 -0.4885 -0.8700
vn -0.0243 -0.6682 -0.7436
vn 0.0511 -0.3404 -0.9389
vn 0.7135 -0.6221 -0.3223
vn 0.8991 -0.2774 -0.3386
vn 0.8210 -0.4954 -0.2839
vn 0.6357 -0.6279 -0.4490
vn 0.6750 -0.7145 -0.1842
vn 0.5149 -0.8538 -0.0763
vn 0.7191 -0.6211 -0.3117
vn 0.0389 -0.8845 0.4650
vn 0.2226 -0.9664 0.1286
vn 0.1639 -0.9205 0.3547
vn -0.1056 -0.8959 0.4315
vn 0.0977 -0.7955 0.5981
vn 0.0484 -0.6374 0.7690
vn 0.0506 -0.8827 0.4672
vn -0.9327 0.2188 0.2867
vn -0.9900 -0.1124 0.0852
vn -0.9660 0.0550 0.2527
vn -0.9280 0.3248 0.1825
vn -0.8650 0.2370 0.4423
vn -0.7243 0.3664 0.5841
vn -0.9322 0.2100 0.2949
vn 0.0349 -0.7065 -0.7069
vn 0.0549 -0.9230 -0.3808
vn -0.0102 -0.8133 -0.5817
vn 0.1748 -0.6613 -0.7295
vn -0.1012 -0.6271 -0.7723
vn -0.1845 -0.4332 -0.8822
vn 0.0235 -0.7095 -0.7043
vn 0.1162 -0.6684 0.7346
vn 0.3483 -0.8185 0.4568
vn 0.2573 -0.7145 0.6506
vn -0.0200 -0.7157 0.6981
vn 0.1451 -0.5326 0.8338
vn 0.0530 -0.3400 0.9389
vn 0.1272 -0.6639 0.7369
vn 0.7447 -0.3153 -0.5882
vn 0.8372 0.0629 -0.5433
vn 0.8260 -0.1747 -0.5359
vn 0.6435 -0.3157 -0.6973
vn 0.7611 -0.4418 -0.4749
vn 0.6664 -0.6398 -0.3828
vn 0.7522 -0.3150 -0.5788
vn -0.9882 -0.0878 0.1256
vn -0.8601 -0.1282 0.4938
vn -0.9558 -0.0527 0.2894
vn -0.9725 -0.2233 0.0663
vn -0.9980 0.0549 0.0327
vn -0.9711 0.1549 -0.1816
vn -0.9885 -0.0767 0.1303
vn -0.9835 -0.1349 0.1206
vn -0.8867 0.0334 0.4611
vn -0.9696 -0.0178 0.2439
vn -0.9502 -0.2786 0.1400
vn -0.9976 -0.0616 -0.0328
vn -0.9602 -0.0817 -0.2670
vn -0.9852 -0.1231 0.1189
vn -0.9816 0.0556 -0.1828
vn -0.9662 0.1734 0.1907
vn -0.9865 0.1573 -0.0459
vn -0.9803 -0.0929 -0.1745
vn -0.9358 0.1423 -0.3224
vn -0.8330 0.1339 -0.5369
vn -0.9807 0.0676 -0.1833
vn 0.4731 -0.7843 0.4014
vn 0.7202 -0.4927 0.4885
vn 0.5589 -0.6677 0.4917
vn 0.5076 -0.8210 0.2614
vn 0.3226 -0.8197 0.4734
vn 0.0985 -0.8925 0.4401
vn 0.4699 -0.7805 0.4123
vn 0.3506 -0.7117 0.6087
vn 0.0231 -0.8800 0.4744
vn 0.2474 -0.8163 0.5219
vn 0.3040 -0.6243 0.7196
vn 0.4984 -0.6887 0.5266
vn 0.6833 -0.5443 0.4868
vn 0.3540 -0.7181 0.5991
vn 0.1345 0.4516 -0.8820
vn 0.1945 0.7488 -0.6337
vn 0.2148 0.5719 -0.7917
vn -0.0135 0.4445 -0.8957
vn 0.2383 0.3208 -0.9167
vn 0.2564 0.0879 -0.9626
vn 0.1464 0.4517 -0.8801
vn -0.6137 -0.5569 -0.5596
vn -0.3265 -0.4793 -0.8147
vn -0.4780 -0.5790 -0.6606
vn -0.7007 -0.4363 -0.5645
vn -0.6112 -0.6656 -0.4282
vn -0.6770 -0.7073 -0.2033
vn -0.6061 -0.5662 -0.5587
vn -0.1308 0.9550 0.2663
vn -0.4373 0.7839 0.4408
vn -0.2316 0.8918 0.3886
vn -0.1757 0.9763 0.1261
vn 0.0333 0.9493 0.3126
vn 0.2598 0.9352 0.2408
vn -0.1271 0.9523 0.2774
vn -0.3297 -0.9409 0.0769
vn -0.6034 -0.7824 -0.1545
vn -0.4212 -0.9048 -0.0624
vn -0.3717 -0.9032 0.2146
vn -0.1699 -0.9848 0.0362
vn 0.0577 -0.9928 0.1050
vn -0.3260 -0.9431 0.0657
vn 0.7246 0.1746 -0.6667
vn 0.4041 0.2323 -0.8848
vn 0.6031 0.2543 -0.7561
vn 0.7437 0.0270 -0.6680
vn 0.7901 0.2768 -0.5469
vn 0.8962 0.2915 -0.3344
vn 0.7223 0.1864 -0.6660
vn -0.7801 -0.3615 0.5106
vn -0.8897 0.0109 0.4565
vn -0.8639 -0.2256 0.4504
vn -0.6906 -0.3565 0.6293
vn -0.7776 -0.4881 0.3963
vn -0.6627 -0.6797 0.3143
vn -0.7866 -0.3615 0.5005
vn -0.6950 -0.6847 0.2196
vn -0.3878 -0.9121 0.1329
vn -0.5631 -0.7911 0.2391
vn -0.7541 -0.6509 0.0874
vn -0.7209 -0.5920 0.3605
vn -0.8030 -0.3883 0.4522
vn -0.6895 -0.6867 0.2301
vn 0.3923 0.0238 0.9195
vn 0.0748 -0.1986 0.9772
vn 0.2952 -0.1134 0.9487
vn 0.3411 0.1633 0.9258
vn 0.5383 -0.0193 0.8425
vn 0.7146 0.0491 0.6979
vn 0.3961 0.0124 0.9181
vn 0.6603 0.4443 0.6055
vn 0.8208 0.0891 0.5643
vn 0.7670 0.3208 0.5557
vn 0.5581 0.4262 0.7120
vn 0.6564 0.5718 0.4922
vn 0.5298 0.7494 0.3970
vn 0.6680 0.4453 0.5962
vn -0.2704 -0.9339 0.2338
vn -0.3836 -0.9127 -0.1408
vn -0.2740 -0.9595 0.0652
vn -0.3819 -0.8708 0.3095
vn -0.1119 -0.9489 0.2952
vn 0.0427 -0.8846 0.4643
vn -0.2611 -0.9381 0.2275
vn 0.7108 -0.2550 0.6556
vn 0.6795 -0.5837 0.4445
vn 0.7482 -0.3790 0.5445
vn 0.6004 -0.2644 0.7548
vn 0.7844 -0.1077 0.6108
vn 0.7748 0.1299 0.6187
vn 0.7191 -0.2539 0.6469
vn -0.2491 0.9673 0.0478
vn 0.0743 0.9603 0.2690
vn -0.0877 0.9914 0.0975
vn -0.3574 0.9234 0.1398
vn -0.2606 0.9577 -0.1222
vn -0.3806 0.8717 -0.3088
vn -0.2400 0.9699 0.0403
vn -0.8938 0.4451 0.0551
vn -0.7083 0.6767 -0.2009
vn -0.8497 0.5192 -0.0921
vn -0.8488 0.4941 0.1882
vn -0.9569 0.2888 0.0291
vn -0.9905 0.0705 0.1178
vn -0.8966 0.4407 0.0443
vn 0.8329 -0.0716 0.5487
vn 0.8768 0.2834 0.3886
vn 0.8401 0.0982 0.5334
vn 0.8808 -0.1654 0.4437
vn 0.7282 -0.1178 0.6752
vn 0.5822 -0.2847 0.7616
vn 0.8282 -0.0639 0.5567
vn 0.4672 -0.6996 0.5406
vn 0.1681 -0.9046 0.3918
vn 0.3804 -0.8109 0.4447
vn 0.4092 -0.6309 0.6591
vn 0.6082 -0.6463 0.4608
vn 0.7676 -0.4715 0.4341
vn 0.4714 -0.7045 0.5305
vn -0.2174 0.9347 -0.2811
vn -0.4382 0.8980 0.0406
vn -0.2729 0.9544 -0.1210
vn -0.2986 0.8717 -0.3887
vn -0.0484 0.9555 -0.2909
vn 0.1523 0.9008 -0.4065
vn -0.2106 0.9389 -0.2721
vn -0.1017 -0.9934 0.0533
vn -0.2711 -0.9173 -0.2918
vn -0.1267 -0.9852 -0.1152
vn -0.2083 -0.9660 0.1534
vn 0.0646 -0.9937 0.0911
vn 0.2324 -0.9397 0.2510
vn -0.0930 -0.9946 0.0452
vn -0.6725 0.4408 -0.5946
vn -0.8955 0.3383 -0.2891
vn -0.7674 0.4533 -0.4534
vn -0.6641 0.3172 -0.6770
vn -0.5590 0.5679 -0.6042
vn -0.3473 0.6397 -0.6857
vn -0.6725 0.4504 -0.5873
vn -0.0650 0.1710 -0.9831
vn -0.4359 0.2289 -0.8704
vn -0.2109 0.2508 -0.9448
vn -0.0538 0.0235 -0.9983
vn 0.0694 0.2734 -0.9594
vn 0.3015 0.2885 -0.9088
vn -0.0658 0.1828 -0.9809
vn -0.3457 -0.6594 0.6676
vn -0.1317 -0.8908 0.4348
vn -0.2187 -0.7592 0.6130
vn -0.4758 -0.6462 0.5967
vn -0.2908 -0.5478 0.7844
vn -0.3214 -0.3347 0.8858
vn -0.3349 -0.6598 0.6727
vn 0.6280 -0.7178 -0.3006
vn 0.6084 -0.7891 0.0843
vn 0.5889 -0.7936 -0.1528
vn 0.7289 -0.6091 -0.3126
vn 0.5104 -0.7505 -0.4198
vn 0.4020 -0.6756 -0.6180
vn 0.6192 -0.7259 -0.2993
vn 0.0007 0.9794 -0.2018
vn -0.3514 0.8734 -0.3372
vn -0.1686 0.9623 -0.2135
vn 0.0943 0.9453 -0.3123
vn 0.0498 0.9980 -0.0395
vn 0.2233 0.9673 0.1206
vn -0.0069 0.9812 -0.1926
vn -0.9748 0.2208 -0.0306
vn -0.9575 -0.0844 -0.2758
vn -0.9937 0.0630 -0.0925
vn -0.9345 0.3372 -0.1140
vn -0.9655 0.2196 0.1397
vn -0.8833 0.3277 0.3352
vn -0.9772 0.2111 -0.0238
vn -0.4037 -0.0459 0.9137
vn -0.7238 -0.0135 0.6899
vn -0.5477 -0.0872 0.8321
vn -0.3559 0.0940 0.9298
vn -0.3037 -0.1825 0.9351
vn -0.0817 -0.2642 0.9610
vn -0.4072 -0.0573 0.9115
vn -0.6166 -0.7719 0.1551
vn -0.5558 -0.6473 0.5217
vn -0.6446 -0.7000 0.3073
vn -0.4987 -0.8576 0.1255
vn -0.7132 -0.7001 0.0342
vn -0.7363 -0.6474 -0.1967
vn -0.6255 -0.7642 0.1574
vn 0.6457 0.1369 0.7512
vn 0.5967 -0.2518 0.7619
vn 0.6780 -0.0298 0.7345
vn 0.5294 0.1906 0.8267
vn 0.7350 0.2286 0.6384
vn 0.7467 0.4281 0.5091
vn 0.6546 0.1324 0.7443
vn 0.4041 0.3360 0.8508
vn 0.3934 0.6638 0.6361
vn 0.3572 0.4903 0.7950
vn 0.5281 0.2670 0.8061
vn 0.2742 0.2558 0.9270
vn 0.1750 0.0470 0.9834
vn 0.3936 0.3413 0.8536
vn 0.7357 0.6579 -0.1609
vn 0.4381 0.8273 -0.3516
vn 0.6101 0.7671 -0.1985
vn 0.7889 0.5580 -0.2574
vn 0.7611 0.6486 0.0075
vn 0.8353 0.5157 0.1904
vn 0.7307 0.6654 -0.1529
vn -0.8083 0.2951 -0.5094
vn -0.8941 0.4225 -0.1488
vn -0.8344 0.4010 -0.3782
vn -0.8479 0.1517 -0.5080
vn -0.6965 0.3606 -0.6204
vn -0.5313 0.3163 -0.7859
vn -0.8043 0.3065 -0.5090
vn -0.2778 0.0862 0.9568
vn -0.4517 0.3993 0.7978
vn -0.3998 0.1893 0.8968
vn -0.1380 0.1306 0.9818
vn -0.3232 -0.0777 0.9431
vn -0.2503 -0.3030 0.9195
vn -0.2889 0.0825 0.9538
vn -0.5052 0.1521 0.8495
vn -0.2103 0.4073 0.8888
vn -0.4202 0.2999 0.8564
vn -0.4476 0.0224 0.8939
vn -0.6423 0.1644 0.7486
vn -0.7944 0.0508 0.6052
vn -0.5094 0.1625 0.8451
vn 0.4608 0.8060 -0.3715
vn 0.4905 0.8713 0.0138
vn 0.5286 0.8210 -0.2156
vn 0.3245 0.8541 -0.4064
vn 0.5482 0.6943 -0.4663
vn 0.5420 0.5380 -0.6457
vn 0.4715 0.8013 -0.3683
vn -0.8325 -0.2738 0.4817
vn -0.9357 -0.3357 0.1087
vn -0.8718 -0.3554 0.3371
vn -0.8551 -0.1283 0.5023
vn -0.7280 -0.3673 0.5788
vn -0.5573 -0.3671 0.7447
vn -0.8298 -0.2854 0.4795
vn -0.1872 -0.2882 -0.9391
vn -0.0228 -0.6116 -0.7908
vn -0.1704 -0.4467 -0.8783
vn -0.0717 -0.2023 -0.9767
vn -0.3441 -0.2275 -0.9110
vn -0.4797 -0.0349 -0.8768
vn -0.1963 -0.2949 -0.9351
vn 0.5758 0.6110 -0.5433
vn 0.2311 0.6477 -0.7260
vn 0.4285 0.6784 -0.5967
vn 0.6345 0.4868 -0.6003
vn 0.6228 0.6766 -0.3929
vn 0.7421 0.6428 -0.1898
vn 0.5705 0.6205 -0.5381
vn -0.2718 -0.8450 0.4606
vn -0.1216 -0.9845 0.1265
vn -0.1647 -0.9214 0.3519
vn -0.4110 -0.8065 0.4250
vn -0.1882 -0.7813 0.5950
vn -0.1834 -0.6160 0.7661
vn -0.2602 -0.8473 0.4630
vn 0.1732 0.8426 -0.5100
vn -0.0076 0.6246 -0.7809
vn 0.0526 0.7857 -0.6164
vn 0.3148 0.7973 -0.5150
vn 0.1045 0.9211 -0.3750
vn 0.1289 0.9809 -0.1459
vn 0.1616 0.8454 -0.5091
vn -0.0672 0.2027 0.9769
vn -0.4409 0.1241 0.8889
vn -0.2167 0.1210 0.9687
vn -0.0493 0.3450 0.9373
vn 0.0623 0.0929 0.9937
vn 0.2932 0.0502 0.9547
vn -0.0686 0.1910 0.9792
vn 0.3360 0.6548 0.6770
vn 0.0252 0.8455 0.5334
vn 0.1801 0.7234 0.6665
vn 0.4446 0.6830 0.5794
vn 0.3377 0.5215 0.7835
vn 0.4397 0.3144 0.8413
vn 0.3268 0.6519 0.6843
vn -0.5485 0.6260 -0.5543
vn -0.2343 0.8471 -0.4771
vn -0.4024 0.7111 -0.5766
vn -0.6341 0.6404 -0.4334
vn -0.5611 0.4953 -0.6632
vn -0.6518 0.2793 -0.7051
vn -0.5411 0.6242 -0.5636
vn 0.6581 0.4622 -0.5943
vn 0.7662 0.0879 -0.6366
vn 0.6809 0.3083 -0.6643
vn 0.7245 0.5056 -0.4685
vn 0.5216 0.5404 -0.6602
vn 0.3471 0.6985 -0.6258
vn 0.6521 0.4583 -0.6039
vn -0.5341 0.2262 0.8146
vn -0.2318 0.0329 0.9722
vn -0.3896 0.1958 0.8999
vn -0.6270 0.1189 0.7699
vn -0.5363 0.3846 0.7513
vn -0.6178 0.5297 0.5812
vn -0.5261 0.2347 0.8174
vn -0.0922 0.9644 -0.2479
vn 0.1717 0.8424 -0.5108
vn -0.0232 0.9176 -0.3968
vn -0.0121 0.9920 -0.1257
vn -0.2600 0.9339 -0.2454
vn -0.4513 0.8853 -0.1124
vn -0.0986 0.9612 -0.2576
vn -0.0040 0.1504 -0.9886
vn -0.3844 0.0866 -0.9191
vn -0.1709 0.1794 -0.9688
vn 0.0549 0.0141 -0.9984
vn 0.0876 0.2899 -0.9530
vn 0.2957 0.3773 -0.8776
vn -0.0088 0.1613 -0.9869
vn -0.1716 0.6400 -0.7490
vn -0.2881 0.3017 -0.9088
vn -0.2737 0.5179 -0.8105
vn -0.0240 0.6405 -0.7676
vn -0.2517 0.7338 -0.6311
vn -0.2303 0.8696 -0.4368
vn -0.1834 0.6393 -0.7467
vn -0.1091 -0.9940 -0.0058
vn -0.2723 -0.9008 0.3382
vn -0.2276 -0.9671 0.1140
vn 0.0367 -0.9991 0.0230
vn -0.1732 -0.9714 -0.1622
vn -0.1293 -0.9123 -0.3885
vn -0.1208 -0.9926 -0.0081
vn 0.3013 0.3474 0.8880
vn 0.0341 0.6158 0.7872
vn 0.1561 0.4368 0.8859
vn 0.4248 0.3901 0.8169
vn 0.2749 0.1880 0.9429
vn 0.3468 -0.0388 0.9371
vn 0.2910 0.3436 0.8929
vn 0.4648 -0.5994 -0.6517
vn 0.1341 -0.5171 -0.8453
vn 0.3583 -0.5324 -0.7669
vn 0.4269 -0.7102 -0.5598
vn 0.5998 -0.4983 -0.6261
vn 0.7693 -0.4273 -0.4750
vn 0.4674 -0.5899 -0.6585
vn -0.1361 -0.9873 0.0820
vn -0.0907 -0.9479 -0.3053
vn -0.0660 -0.9951 -0.0734
vn -0.2792 -0.9544 0.1056
vn -0.0165 -0.9790 0.2033
vn 0.0395 -0.9054 0.4227
vn -0.1244 -0.9890 0.0800
vn 0.7719 -0.3070 -0.5568
vn 0.6716 -0.6392 -0.3747
vn 0.7095 -0.4636 -0.5308
vn 0.8572 -0.2354 -0.4581
vn 0.6913 -0.2290 -0.6853
vn 0.6238 -0.0219 -0.7813
vn 0.7642 -0.3125 -0.5642
vn -0.8785 -0.0615 0.4737
vn -0.9714 0.1668 0.1691
vn -0.9456 -0.0109 0.3253
vn -0.8190 0.0320 0.5729
vn -0.8498 -0.2297 0.4743
vn -0.7196 -0.4089 0.5612
vn -0.8825 -0.0691 0.4652
vn -0.3194 0.4915 0.8102
vn -0.6503 0.4630 0.6023
vn -0.4749 0.4410 0.7616
vn -0.2498 0.6096 0.7523
vn -0.2394 0.3691 0.8980
vn -0.0307 0.2737 0.9613
vn -0.3247 0.4815 0.8141
vn -0.1587 -0.9797 -0.1224
vn -0.4182 -0.8944 0.1586
vn -0.3077 -0.9504 -0.0446
vn -0.0304 -0.9983 -0.0495
vn -0.1676 -0.9426 -0.2887
vn -0.0498 -0.8738 -0.4837
vn -0.1690 -0.9772 -0.1283
vn 0.8625 -0.2356 0.4479
vn 0.6321 -0.5301 0.5652
vn 0.7958 -0.3920 0.4615
vn 0.8311 -0.1247 0.5420
vn 0.9321 -0.2113 0.2941
vn 0.9907 -0.0546 0.1248
vn 0.8642 -0.2443 0.4398
vn 0.7573 0.6262 -0.1853
vn 0.4502 0.8687 -0.2066
vn 0.6464 0.7492 -0.1444
vn 0.7629 0.5622 -0.3194
vn 0.8283 0.5584 -0.0458
vn 0.9289 0.3666 0.0530
vn 0.7561 0.6308 -0.1742
vn 0.1479 0.2867 0.9465
vn 0.1124 0.6328 0.7661
vn 0.0821 0.4359 0.8962
vn 0.2898 0.2482 0.9243
vn 0.0250 0.1747 0.9843
vn -0.0380 -0.0545 0.9978
vn 0.1362 0.2896 0.9474
vn 0.5793 0.0337 -0.8144
vn 0.2661 0.2364 -0.9345
vn 0.4809 0.1650 -0.8611
vn 0.5406 -0.1086 -0.8342
vn 0.7021 0.0836 -0.7071
vn 0.8481 0.0221 -0.5294
vn 0.5818 0.0452 -0.8120
vn 0.7656 0.2557 -0.5904
vn 0.8583 0.4431 -0.2589
vn 0.8455 0.2953 -0.4449
vn 0.6688 0.3463 -0.6579
vn 0.7767 0.0888 -0.6235
vn 0.6774 -0.1002 -0.7288
vn 0.7727 0.2481 -0.5843
vn -0.7861 0.6103 -0.0975
vn -0.7004 0.6555 0.2823
vn -0.7307 0.6810 0.0476
vn -0.8679 0.4862 -0.1021
vn -0.7024 0.6727 -0.2324
vn -0.6259 0.6338 -0.4544
vn -0.7787 0.6198 -0.0970
vn -0.1301 -0.5695 -0.8116
vn -0.3508 -0.7587 -0.5489
vn -0.2677 -0.6288 -0.7301
vn 0.0079 -0.6185 -0.7857
vn -0.1641 -0.4225 -0.8914
vn -0.0784 -0.2162 -0.9732
vn -0.1412 -0.5649 -0.8130
vn -0.5251 0.6339 0.5678
vn -0.4093 0.3704 0.8338
vn -0.4409 0.5636 0.6985
vn -0.6454 0.5726 0.5055
vn -0.4320 0.7555 0.4926
vn -0.3857 0.8751 0.2922
vn -0.5148 0.6383 0.5723
vn 0.5029 0.4742 -0.7227
vn 0.2947 0.7682 -0.5683
vn 0.4647 0.6161 -0.6359
vn 0.4085 0.4078 -0.8166
vn 0.6404 0.3971 -0.6575
vn 0.7566 0.1920 -0.6250
vn 0.5100 0.4792 -0.7143
vn -0.8555 -0.0603 -0.5143
vn -0.8705 0.3088 -0.3833
vn -0.8512 0.1103 -0.5131
vn -0.9054 -0.1417 -0.4002
vn -0.7587 -0.1236 -0.6396
vn -0.6270 -0.3065 -0.7162
vn -0.8506 -0.0536 -0.5230
vn 0.9686 -0.1634 -0.1873
vn 0.9635 0.2260 -0.1435
vn 0.9928 -0.0089 -0.1192
vn 0.9263 -0.1850 -0.3283
vn 0.9568 -0.2831 -0.0663
vn 0.8687 -0.4953 -0.0045
vn 0.9711 -0.1615 -0.1757
vn -0.7617 -0.4939 0.4195
vn -0.4936 -0.7781 0.3886
vn -0.6437 -0.6092 0.4631
vn -0.8249 -0.4883 0.2849
vn -0.7654 -0.3644 0.5304
vn -0.8137 -0.1340 0.5656
vn -0.7558 -0.4939 0.4300
vn -0.5815 -0.0498 -0.8120
vn -0.5622 -0.4272 -0.7081
vn -0.6276 -0.2026 -0.7517
vn -0.4566 -0.0266 -0.8893
vn -0.6707 0.0753 -0.7379
vn -0.6755 0.3039 -0.6718
vn -0.5911 -0.0516 -0.8049
vn 0.0402 0.4069 0.9126
vn 0.3868 0.5149 0.7650
vn 0.1638 0.5048 0.8475
vn 0.0627 0.2681 0.9613
vn -0.1141 0.4695 0.8755
vn -0.3444 0.4220 0.8386
vn 0.0383 0.4177 0.9078
vn -0.1988 -0.9489 -0.2451
vn -0.0052 -0.9957 0.0925
vn -0.1680 -0.9825 -0.0807
vn -0.0916 -0.9334 -0.3470
vn -0.3588 -0.8941 -0.2679
vn -0.5072 -0.7633 -0.4002
vn -0.2073 -0.9492 -0.2366
vn 0.3050 0.4289 0.8503
vn 0.2311 0.7431 0.6281
vn 0.2283 0.5688 0.7901
vn 0.4417 0.3865 0.8097
vn 0.1930 0.3247 0.9259
vn 0.1383 0.1008 0.9852
vn 0.2936 0.4319 0.8528
vn 0.1287 0.2413 0.9619
vn 0.0505 -0.1418 0.9886
vn 0.1511 0.0738 0.9858
vn -0.0051 0.3054 0.9522
vn 0.2727 0.3159 0.9088
vn 0.3704 0.4949 0.7861
vn 0.1395 0.2358 0.9617
vn -0.8917 0.3802 -0.2455
vn -0.8599 0.4940 0.1281
vn -0.8701 0.4805 -0.1092
vn -0.9413 0.2402 -0.2371
vn -0.8110 0.4432 -0.3820
vn -0.7043 0.3958 -0.5894
vn -0.8868 0.3912 -0.2460
vn 0.8637 -0.2967 -0.4075
vn 0.9086 0.0927 -0.4072
vn 0.9201 -0.1413 -0.3652
vn 0.7837 -0.3242 -0.5299
vn 0.8726 -0.4038 -0.2750
vn 0.7835 -0.5978 -0.1698
vn 0.8693 -0.2942 -0.3972
vn -0.2347 -0.9659 0.1090
vn 0.0513 -0.9260 0.3740
vn -0.1557 -0.9531 0.2596
vn -0.1629 -0.9865 -0.0197
vn -0.3958 -0.9106 0.1188
vn -0.5804 -0.8143 0.0036
vn -0.2403 -0.9633 0.1193
vn 0.6417 0.6674 0.3779
vn 0.8303 0.5547 0.0533
vn 0.7076 0.6714 0.2205
vn 0.6749 0.5623 0.4779
vn 0.5056 0.7694 0.3904
vn 0.2989 0.8126 0.5003
vn 0.6384 0.6752 0.3694
vn -0.1526 0.1461 0.9774
vn -0.3353 0.4570 0.8239
vn -0.2779 0.2505 0.9274
vn -0.0095 0.1865 0.9824
vn -0.2045 -0.0164 0.9787
vn -0.1421 -0.2452 0.9590
vn -0.1640 0.1427 0.9761
vn 0.0321 0.4968 0.8673
vn -0.1288 0.1573 0.9791
vn 0.0146 0.3431 0.9392
vn -0.0821 0.5756 0.8136
vn 0.1949 0.5278 0.8267
vn 0.3455 0.6434 0.6832
vn 0.0413 0.4899 0.8708
vn -0.9008 0.1384 0.4115
vn -0.6741 0.3520 0.6494
vn -0.8294 0.2738 0.4869
vn -0.8867 -0.0006 0.4624
vn -0.9514 0.1756 0.2529
vn -0.9950 0.0939 0.0337
vn -0.9011 0.1496 0.4070
vn -0.8991 0.0501 0.4348
vn -0.9622 -0.2211 0.1590
vn -0.9267 -0.1016 0.3617
vn -0.9143 0.1795 0.3631
vn -0.8131 0.0333 0.5812
vn -0.6632 0.1337 0.7364
vn -0.8970 0.0395 0.4402
vn -0.7078 0.6860 0.1686
vn -0.3844 0.8828 0.2699
vn -0.5796 0.7984 0.1631
vn -0.7412 0.6058 0.2893
vn -0.7624 0.6470 0.0118
vn -0.8654 0.4844 -0.1282
vn -0.7044 0.6919 0.1587
vn 0.6080 -0.4375 0.6625
vn 0.8034 -0.1064 0.5859
vn 0.6744 -0.2816 0.6825
vn 0.6455 -0.5287 0.5512
vn 0.4672 -0.4571 0.7568
vn 0.2582 -0.5683 0.7813
vn 0.6044 -0.4296 0.6709
vn 0.3513 0.4358 0.8287
vn 0.6839 0.3277 0.6518
vn 0.4987 0.4458 0.7434
vn 0.3057 0.3130 0.8992
vn 0.2472 0.5646 0.7875
vn 0.0224 0.6401 0.7680
vn 0.3547 0.4453 0.8221
vn -0.4982 -0.7209 -0.4818
vn -0.6181 -0.4020 -0.6755
vn -0.5159 -0.6054 -0.6062
vn -0.5854 -0.7257 -0.3615
vn -0.3468 -0.7990 -0.4913
vn -0.1733 -0.9114 -0.3733
vn -0.4906 -0.7198 -0.4911
vn 0.1797 -0.2566 0.9497
vn -0.1191 -0.4943 0.8611
vn 0.0926 -0.3986 0.9124
vn 0.1146 -0.1277 0.9852
vn 0.3424 -0.2692 0.9001
vn 0.5380 -0.1540 0.8287
vn 0.1848 -0.2669 0.9459
vn -0.0532 -0.9388 0.3403
vn 0.2580 -0.9607 0.1030
vn 0.1088 -0.9514 0.2882
vn -0.1699 -0.9534 0.2493
vn -0.0629 -0.8668 0.4947
vn -0.1938 -0.7381 0.6462
vn -0.0436 -0.9367 0.3474
vn -0.1109 0.4552 0.8835
vn -0.4661 0.2973 0.8333
vn -0.2453 0.3520 0.9033
vn -0.1156 0.5816 0.8052
vn 0.0343 0.3763 0.9259
vn 0.2695 0.3613 0.8926
vn -0.1104 0.4445 0.8890
vn 0.7130 -0.5052 -0.4862
vn 0.6794 -0.7166 -0.1579
vn 0.6736 -0.6334 -0.3809
vn 0.8029 -0.3928 -0.4485
vn 0.6061 -0.4994 -0.6191
vn 0.5019 -0.3639 -0.7847
vn 0.7050 -0.5138 -0.4888
vn 0.4606 -0.0834 0.8837
vn 0.2856 -0.4329 0.8550
vn 0.4393 -0.2513 0.8625
vn 0.3541 0.0068 0.9352
vn 0.5987 -0.0277 0.8005
vn 0.7051 0.1554 0.6918
vn 0.4688 -0.0907 0.8786
vn 0.9068 -0.4101 0.0978
vn 0.6923 -0.7216 -0.0048
vn 0.8431 -0.5378 0.0043
vn 0.8847 -0.3970 0.2443
vn 0.9596 -0.2815 -0.0011
vn 0.9987 -0.0474 -0.0188
vn 0.9077 -0.4108 0.0858
vn 0.4411 -0.8817 0.1674
vn 0.3674 -0.9044 -0.2169
vn 0.4663 -0.8846 -0.0014
vn 0.3129 -0.9211 0.2317
vn 0.5614 -0.7901 0.2462
vn 0.6177 -0.6556 0.4344
vn 0.4510 -0.8777 0.1620
vn 0.2738 -0.9368 0.2179
vn -0.0928 -0.9298 0.3562
vn 0.1065 -0.9670 0.2316
vn 0.3552 -0.8759 0.3266
vn 0.3249 -0.9441 0.0553
vn 0.4817 -0.8697 -0.1075
vn 0.2670 -0.9408 0.2089
vn 0.8460 -0.5303 0.0553
vn 0.6738 -0.6249 0.3945
vn 0.7641 -0.6211 0.1743
vn 0.9126 -0.4003 0.0830
vn 0.8056 -0.5836 -0.1016
vn 0.7831 -0.5262 -0.3315
vn 0.8398 -0.5404 0.0530
vn 0.0765 -0.4019 0.9125
vn 0.2500 -0.0547 0.9667
vn 0.1028 -0.2417 0.9649
vn 0.1831 -0.4874 0.8538
vn -0.0901 -0.4348 0.8960
vn -0.2575 -0.5628 0.7854
vn 0.0677 -0.3945 0.9164
vn 0.0825 -0.9359 0.3424
vn 0.2057 -0.9782 -0.0272
vn 0.1864 -0.9599 0.2093
vn -0.0659 -0.9408 0.3324
vn 0.1655 -0.8651 0.4736
vn 0.1506 -0.7287 0.6681
vn 0.0944 -0.9346 0.3429
vn -0.9254 0.0386 0.3770
vn -0.9323 0.3392 0.1256
vn -0.9620 0.1321 0.2390
vn -0.8614 0.0944 0.4991
vn -0.9310 -0.1282 0.3417
vn -0.8508 -0.3457 0.3957
vn -0.9297 0.0340 0.3667
vn -0.7633 0.0073 0.6460
vn -0.5013 -0.2111 0.8391
vn -0.6468 -0.0395 0.7616
vn -0.8288 -0.0881 0.5526
vn -0.7625 0.1763 0.6225
vn -0.8057 0.3564 0.4731
vn -0.7572 0.0150 0.6530
vn -0.2839 -0.4837 -0.8279
vn 0.0130 -0.2669 -0.9636
vn -0.1298 -0.4415 -0.8878
vn -0.4003 -0.3911 -0.8287
vn -0.2761 -0.6240 -0.7310
vn -0.3718 -0.7470 -0.5512
vn -0.2742 -0.4908 -0.8270
vn 0.6721 -0.6066 -0.4246
vn 0.8913 -0.4264 -0.1543
vn 0.7635 -0.5805 -0.2830
vn 0.6693 -0.5114 -0.5389
vn 0.5552 -0.7286 -0.4011
vn 0.3433 -0.8159 -0.4652
vn 0.6717 -0.6137 -0.4150
vn -0.6025 0.2690 -0.7514
vn -0.5210 -0.1021 -0.8474
vn -0.6220 0.1014 -0.7765
vn -0.4861 0.3464 -0.8023
vn -0.7064 0.3255 -0.6285
vn -0.7433 0.4876 -0.4581
vn -0.6114 0.2625 -0.7466
vn 0.9061 0.4228 -0.0162
vn 0.9034 0.2337 -0.3595
vn 0.9000 0.3949 -0.1844
vn 0.9443 0.3185 0.0828
vn 0.8238 0.5663 0.0256
vn 0.7029 0.6846 0.1930
vn 0.9021 0.4308 -0.0242
vn 0.1000 0.1442 0.9845
vn 0.0132 -0.2378 0.9712
vn 0.1182 -0.0252 0.9927
vn -0.0321 0.2121 0.9767
vn 0.2472 0.2202 0.9436
vn 0.3526 0.4079 0.8422
vn 0.1106 0.1385 0.9842
vn -0.7042 -0.5193 0.4841
vn -0.6644 -0.7308 0.1566
vn -0.6615 -0.6469 0.3793
vn -0.7963 -0.4090 0.4456
vn -0.5982 -0.5108 0.6175
vn -0.4977 -0.3726 0.7832
vn -0.6961 -0.5277 0.4868
vn 0.5277 -0.8492 0.0185
vn 0.7312 -0.6380 -0.2414
vn 0.6529 -0.7558 -0.0500
vn 0.4160 -0.9073 -0.0608
vn 0.5230 -0.8313 0.1881
vn 0.3895 -0.8367 0.3851
vn 0.5362 -0.8437 0.0250
vn 0.6566 -0.2910 0.6959
vn 0.8857 -0.0811 0.4571
vn 0.7534 -0.1635 0.6369
vn 0.6490 -0.4247 0.6312
vn 0.5410 -0.2341 0.8078
vn 0.3270 -0.2667 0.9066
vn 0.6565 -0.2799 0.7004
vn 0.5573 0.3510 0.7525
vn 0.8326 0.2607 0.4886
vn 0.6791 0.3693 0.6344
vn 0.5275 0.2218 0.8201
vn 0.4496 0.4833 0.7512
vn 0.2290 0.5606 0.7958
vn 0.5592 0.3611 0.7463
vn 0.8160 0.5615 0.1371
vn 0.9202 0.3497 -0.1758
vn 0.8534 0.5206 -0.0243
vn 0.8444 0.4724 0.2528
vn 0.7069 0.6925 0.1439
vn 0.5348 0.8017 0.2667
vn 0.8130 0.5682 0.1276
vn -0.1075 0.9207 -0.3752
vn -0.4640 0.8566 -0.2256
vn -0.2428 0.9312 -0.2719
vn -0.1110 0.8541 -0.5082
vn 0.0370 0.9558 -0.2916
vn 0.2720 0.9214 -0.2775
vn -0.1071 0.9252 -0.3641
vn -0.9591 -0.1888 0.2108
vn -0.9722 -0.1510 -0.1791
vn -0.9723 -0.2294 0.0456
vn -0.9640 -0.0490 0.2613
vn -0.8982 -0.3195 0.3019
vn -0.7774 -0.3881 0.4951
vn -0.9578 -0.1999 0.2065
vn -0.3165 -0.1783 -0.9317
vn 0.0656 -0.1146 -0.9912
vn -0.1521 -0.2076 -0.9663
vn -0.3759 -0.0421 -0.9257
vn -0.3910 -0.3163 -0.8644
vn -0.5629 -0.4004 -0.7230
vn -0.3114 -0.1892 -0.9313
vn 0.6068 0.7844 -0.1288
vn 0.6952 0.5665 -0.4424
vn 0.6159 0.7321 -0.2910
vn 0.6881 0.7254 -0.0191
vn 0.4670 0.8784 -0.1021
vn 0.3034 0.9513 0.0547
vn 0.5996 0.7884 -0.1376
vn -0.0254 0.2643 -0.9641
vn 0.3242 0.4041 -0.8553
vn 0.1438 0.2804 -0.9490
vn -0.1217 0.3693 -0.9213
vn -0.0697 0.1020 -0.9923
vn -0.2374 -0.0653 -0.9692
vn -0.0175 0.2556 -0.9666
vn -0.9373 -0.0036 0.3485
vn -0.7587 -0.2387 0.6062
vn -0.8675 -0.0594 0.4939
vn -0.9681 -0.0923 0.2331
vn -0.9270 0.1663 0.3363
vn -0.9151 0.3549 0.1916
vn -0.9339 0.0036 0.3575
vn -0.3961 -0.1108 0.9115
vn -0.6319 0.1620 0.7579
vn -0.5346 -0.0373 0.8443
vn -0.2781 -0.0342 0.9599
vn -0.3920 -0.2778 0.8770
vn -0.2566 -0.4708 0.8441
vn -0.4053 -0.1169 0.9067
vn 0.7474 -0.0738 0.6603
vn 0.9103 0.1524 0.3848
vn 0.8107 0.0640 0.5820
vn 0.7644 -0.2123 0.6088
vn 0.6299 -0.0304 0.7761
vn 0.4347 -0.0959 0.8955
vn 0.7453 -0.0625 0.6638
vn 0.7154 0.5317 -0.4534
vn 0.3997 0.6345 -0.6615
vn 0.5866 0.6254 -0.5146
vn 0.7582 0.4023 -0.5131
vn 0.7582 0.5810 -0.2958
vn 0.8511 0.5179 -0.0859
vn 0.7112 0.5416 -0.4481
vn 0.1996 0.0758 -0.9769
vn -0.1383 -0.1226 -0.9828
vn 0.0340 0.0407 -0.9986
vn 0.3029 -0.0284 -0.9526
vn 0.2238 0.2415 -0.9442
vn 0.3609 0.4057 -0.8398
vn 0.1910 0.0842 -0.9780
vn -0.7692 0.6388 -0.0156
vn -0.7064 0.6036 0.3697
vn -0.7218 0.6770 0.1438
vn -0.8524 0.5204 -0.0502
vn -0.6764 0.7250 -0.1299
vn -0.5870 0.7299 -0.3504
vn -0.7617 0.6478 -0.0128
vn 0.4727 -0.7851 -0.4001
vn 0.6439 -0.4877 -0.5895
vn 0.5906 -0.6713 -0.4478
vn 0.3466 -0.8087 -0.4753
vn 0.4964 -0.8346 -0.2386
vn 0.3962 -0.9173 -0.0392
vn 0.4825 -0.7824 -0.3936
vn 0.7747 0.3732 0.5104
vn 0.8648 0.4809 0.1445
vn 0.7991 0.4714 0.3731
vn 0.8220 0.2324 0.5199
vn 0.6561 0.4395 0.6135
vn 0.4885 0.3971 0.7770
vn 0.7702 0.3842 0.5091
vn 0.5101 -0.6420 -0.5724
vn 0.3077 -0.4426 -0.8423
vn 0.4748 -0.5339 -0.6996
vn 0.4144 -0.7447 -0.5232
vn 0.6463 -0.5903 -0.4835
vn 0.7589 -0.5909 -0.2738
vn 0.5174 -0.6330 -0.5758
vn 0.9093 -0.2885 -0.2999
vn 0.7494 -0.6317 -0.1986
vn 0.8396 -0.4437 -0.3133
vn 0.9577 -0.2312 -0.1715
vn 0.8774 -0.1944 -0.4386
vn 0.8487 0.0241 -0.5284
vn 0.9045 -0.2929 -0.3101
vn -0.3985 -0.7779 0.4858
vn -0.7157 -0.5568 0.4217
vn -0.5466 -0.7243 0.4203
vn -0.3368 -0.7192 0.6077
vn -0.3124 -0.8734 0.3737
vn -0.0994 -0.9490 0.2991
vn -0.4031 -0.7820 0.4754
vn -0.8283 0.5581 -0.0492
vn -0.7119 0.6257 0.3189
vn -0.7647 0.6385 0.0872
vn -0.9022 0.4293 -0.0412
vn -0.7611 0.6191 -0.1937
vn -0.7025 0.5745 -0.4200
vn -0.8215 0.5680 -0.0498
vn 0.6055 -0.7573 -0.2447
vn 0.7361 -0.6673 0.1137
vn 0.6358 -0.7680 -0.0771
vn 0.6734 -0.6595 -0.3340
vn 0.4620 -0.8392 -0.2869
vn 0.2789 -0.8545 -0.4382
vn 0.5995 -0.7645 -0.2372
vn -0.6343 0.1277 -0.7625
vn -0.8589 0.2296 -0.4579
vn -0.7232 0.2241 -0.6533
vn -0.6425 -0.0208 -0.7660
vn -0.5074 0.2165 -0.8341
vn -0.2913 0.2096 -0.9334
vn -0.6330 0.1396 -0.7614
vn 0.6504 0.6924 -0.3125
vn 0.4213 0.9038 -0.0749
vn 0.5983 0.7815 -0.1766
vn 0.5759 0.6883 -0.4412
vn 0.7699 0.5785 -0.2695
vn 0.8726 0.3697 -0.3192
vn 0.6558 0.6920 -0.3017
vn 0.3768 -0.5749 0.7264
vn 0.4474 -0.2162 0.8678
vn 0.3648 -0.4349 0.8232
vn 0.4895 -0.6002 0.6326
vn 0.2277 -0.6573 0.7184
vn 0.0865 -0.8013 0.5919
vn 0.3673 -0.5722 0.7333
vn 0.3318 0.1808 -0.9259
vn 0.6114 0.3501 -0.7097
vn 0.4825 0.2083 -0.8508
vn 0.2238 0.2829 -0.9327
vn 0.3053 0.0143 -0.9521
vn 0.1454 -0.1603 -0.9763
vn 0.3402 0.1724 -0.9244
vn -0.1341 0.0443 0.9900
vn 0.0431 0.3870 0.9211
vn -0.1105 0.2122 0.9710
vn -0.0225 -0.0537 0.9983
vn -0.2953 0.0003 0.9554
vn -0.4431 -0.1703 0.8801
vn -0.1430 0.0522 0.9883
vn -0.1296 -0.7450 -0.6543
vn 0.1599 -0.5429 -0.8245
vn 0.0260 -0.7033 -0.7105
vn -0.2533 -0.6730 -0.6949
vn -0.1207 -0.8469 -0.5178
vn -0.2261 -0.9209 -0.3176
vn -0.1195 -0.7501 -0.6504
vn -0.6149 -0.7600 0.2105
vn -0.8700 -0.4815 0.1058
vn -0.7297 -0.6733 0.1188
vn -0.5847 -0.7303 0.3531
vn -0.5122 -0.8518 0.1099
vn -0.2976 -0.9511 0.0824
vn -0.6167 -0.7617 0.1987
vn -0.3751 0.8810 -0.2882
vn -0.3789 0.9198 0.1018
vn -0.3333 0.9336 -0.1314
vn -0.4995 0.8055 -0.3188
vn -0.2408 0.8873 -0.3933
vn -0.1358 0.7979 -0.5872
vn -0.3646 0.8863 -0.2855
vn -0.9181 0.1464 -0.3682
vn -0.7081 0.1113 -0.6973
vn -0.8549 0.0808 -0.5125
vn -0.8996 0.2884 -0.3279
vn -0.9654 0.0234 -0.2599
vn -0.9987 -0.0397 -0.0328
vn -0.9187 0.1348 -0.3712
vn -0.9666 0.1978 0.1630
vn -0.9711 0.1001 -0.2165
vn -0.9939 0.1085 0.0203
vn -0.9258 0.3408 0.1636
vn -0.9498 0.0948 0.2980
vn -0.8552 0.0642 0.5142
vn -0.9690 0.1860 0.1628
vn 0.2741 -0.9099 -0.3114
vn 0.4598 -0.8874 0.0330
vn 0.3135 -0.9380 -0.1478
vn 0.3637 -0.8383 -0.4061
vn 0.1076 -0.9343 -0.3398
vn -0.0820 -0.8778 -0.4721
vn 0.2665 -0.9148 -0.3034
vn 0.0721 0.0501 0.9961
vn -0.0275 0.4187 0.9077
vn -0.0208 0.1924 0.9811
vn 0.2193 0.0457 0.9746
vn -0.0270 -0.0888 0.9957
vn -0.0440 -0.3209 0.9461
vn 0.0601 0.0504 0.9969
vn -0.2956 0.8485 0.4390
vn 0.0933 0.8961 0.4339
vn -0.1414 0.9073 0.3961
vn -0.3207 0.7645 0.5592
vn -0.4049 0.8607 0.3085
vn -0.6000 0.7737 0.2037
vn -0.2933 0.8544 0.4288
vn 0.0611 0.8398 0.5394
vn 0.1209 0.9767 0.1771
vn 0.0339 0.9197 0.3912
vn 0.1945 0.7895 0.5821
vn -0.0856 0.7881 0.6095
vn -0.1935 0.6306 0.7516
vn 0.0502 0.8431 0.5355
vn -0.9915 0.0417 0.1232
vn -0.9497 -0.3101 -0.0445
vn -0.9863 -0.1277 0.1040
vn -0.9905 0.1371 0.0090
vn -0.9550 0.0868 0.2836
vn -0.8672 0.2545 0.4279
vn -0.9906 0.0339 0.1323
vn 0.0399 0.7949 0.6054
vn 0.4207 0.7284 0.5408
vn 0.1987 0.8139 0.5459
vn 0.0040 0.7000 0.7142
vn -0.0745 0.8634 0.4990
vn -0.2980 0.8585 0.4173
vn 0.0428 0.8018 0.5960
vn 0.0159 -0.7759 0.6306
vn 0.0626 -0.4752 0.8776
vn -0.0181 -0.6600 0.7511
vn 0.1526 -0.8017 0.5779
vn -0.1265 -0.8252 0.5505
vn -0.2227 -0.9099 0.3500
vn 0.0047 -0.7731 0.6343
vn -0.6057 0.7888 -0.1040
vn -0.4357 0.8675 0.2402
vn -0.5057 0.8626 0.0128
vn -0.7158 0.6948 -0.0699
vn -0.5382 0.8017 -0.2602
vn -0.5212 0.7071 -0.4779
vn -0.5962 0.7957 -0.1067
vn 0.2997 -0.8421 -0.4484
vn 0.6058 -0.6066 -0.5148
vn 0.4561 -0.7748 -0.4378
vn 0.2023 -0.8067 -0.5552
vn 0.2553 -0.9184 -0.3024
vn 0.0776 -0.9843 -0.1585
vn 0.3073 -0.8441 -0.4393
vn -0.7204 -0.2454 0.6487
vn -0.8950 -0.3239 0.3067
vn -0.7873 -0.3333 0.5187
vn -0.7389 -0.0989 0.6665
vn -0.5986 -0.3350 0.7277
vn -0.3985 -0.3281 0.8564
vn -0.7182 -0.2570 0.6466
vn 0.3782 0.6586 0.6506
vn 0.1677 0.4284 0.8879
vn 0.3398 0.5418 0.7688
vn 0.2788 0.7541 0.5946
vn 0.5277 0.6243 0.5760
vn 0.6621 0.6454 0.3808
vn 0.3858 0.6502 0.6545
vn 0.5468 -0.8373 0.0051
vn 0.7936 -0.5833 0.1730
vn 0.6399 -0.7583 0.1243
vn 0.5637 -0.8139 -0.1408
vn 0.4082 -0.9100 0.0731
vn 0.1841 -0.9822 0.0383
vn 0.5449 -0.8384 0.0170
vn 0.3000 0.3058 0.9036
vn 0.4553 -0.0537 0.8887
vn 0.4156 0.1809 0.8914
vn 0.1591 0.2832 0.9458
vn 0.3523 0.4465 0.8225
vn 0.2889 0.6450 0.7075
vn 0.3111 0.3074 0.8993
vn -0.6485 -0.6963 0.3076
vn -0.6665 -0.7411 -0.0814
vn -0.6273 -0.7637 0.1523
vn -0.7402 -0.5826 0.3357
vn -0.5238 -0.7447 0.4135
vn -0.3942 -0.6912 0.6057
vn -0.6404 -0.7048 0.3050
vn -0.5827 -0.0416 -0.8116
vn -0.3026 0.2052 -0.9308
vn -0.4466 0.0192 -0.8945
vn -0.6769 0.0441 -0.7347
vn -0.5727 -0.2108 -0.7922
vn -0.6342 -0.4000 -0.6616
vn -0.5745 -0.0485 -0.8170
vn -0.6403 -0.7679 0.0202
vn -0.8694 -0.4804 -0.1157
vn -0.7337 -0.6738 -0.0872
vn -0.6412 -0.7488 0.1678
vn -0.5180 -0.8531 -0.0627
vn -0.3018 -0.9520 -0.0513
vn -0.6396 -0.7687 0.0082
vn 0.4320 -0.8404 0.3274
vn 0.7051 -0.7044 0.0814
vn 0.5770 -0.7706 0.2707
vn 0.3353 -0.9112 0.2393
vn 0.3924 -0.7827 0.4830
vn 0.2196 -0.7364 0.6400
vn 0.4394 -0.8338 0.3342
vn 0.7382 -0.3540 0.5742
vn 0.5601 -0.6856 0.4651
vn 0.7089 -0.5023 0.4952
vn 0.6574 -0.3050 0.6891
vn 0.8394 -0.2532 0.4809
vn 0.9035 -0.0303 0.4275
vn 0.7441 -0.3576 0.5643
vn 0.4205 -0.9067 -0.0342
vn 0.7126 -0.6815 -0.1668
vn 0.5684 -0.8218 -0.0397
vn 0.3348 -0.9297 -0.1536
vn 0.3644 -0.9227 0.1261
vn 0.1759 -0.9468 0.2694
vn 0.4270 -0.9039 -0.0245
vn -0.9041 -0.1152 -0.4115
vn -0.7443 -0.4670 -0.4773
vn -0.8724 -0.2824 -0.3989
vn -0.8524 -0.0302 -0.5221
vn -0.9630 -0.0523 -0.2643
vn -0.9827 0.1384 -0.1232
vn -0.9074 -0.1220 -0.4022
vn -0.8149 0.0005 0.5796
vn -0.8532 0.3430 0.3930
vn -0.8734 0.1195 0.4722
vn -0.7216 0.0300 0.6916
vn -0.8410 -0.1564 0.5179
vn -0.7681 -0.3829 0.5132
vn -0.8217 -0.0019 0.5699
vn -0.3569 -0.5143 0.7798
vn -0.4843 -0.1527 0.8615
vn -0.4623 -0.3817 0.8004
vn -0.2165 -0.5157 0.8290
vn -0.4164 -0.6228 0.6624
vn -0.3635 -0.7870 0.4985
vn -0.3680 -0.5136 0.7751
vn -0.0554 -0.8249 -0.5626
vn -0.2509 -0.5674 -0.7843
vn -0.0921 -0.7177 -0.6902
vn -0.1561 -0.8721 -0.4638
vn 0.1130 -0.8356 -0.5375
vn 0.2887 -0.8777 -0.3826
vn -0.0472 -0.8202 -0.5701
vn -0.1922 0.2869 -0.9385
vn -0.5414 0.1479 -0.8276
vn -0.3559 0.2829 -0.8907
vn -0.1158 0.1659 -0.9793
vn -0.1182 0.4338 -0.8932
vn 0.0839 0.5448 -0.8343
vn -0.1982 0.2964 -0.9343
vn -0.9227 -0.3711 -0.1048
vn -0.7192 -0.6945 -0.0177
vn -0.8630 -0.5049 -0.0174
vn -0.9015 -0.3527 -0.2509
vn -0.9696 -0.2449 -0.0001
vn -0.9996 -0.0104 0.0279
vn -0.9235 -0.3722 -0.0928
vn -0.9834 0.1696 0.0648
vn -0.9296 -0.0840 0.3588
vn -0.9689 0.1075 0.2231
vn -0.9949 0.0837 -0.0561
vn -0.9405 0.3346 0.0591
vn -0.8551 0.5134 -0.0727
vn -0.9815 0.1764 0.0746
vn 0.0975 -0.9179 -0.3847
vn 0.3463 -0.7140 -0.6085
vn 0.2436 -0.8590 -0.4503
vn -0.0356 -0.8940 -0.4467
vn 0.1182 -0.9677 -0.2228
vn 0.0164 -0.9998 -0.0101
vn 0.1082 -0.9189 -0.3793
vn -0.4004 -0.8910 -0.2142
vn -0.5464 -0.8251 0.1435
vn -0.5116 -0.8545 -0.0901
vn -0.2644 -0.9457 -0.1888
vn -0.4464 -0.8185 -0.3617
vn -0.3748 -0.7305 -0.5709
vn -0.4110 -0.8856 -0.2161
vn -0.2807 0.7333 -0.6193
vn -0.4279 0.8597 -0.2789
vn -0.3011 0.8256 -0.4773
vn -0.3822 0.6368 -0.6696
vn -0.1177 0.7330 -0.6699
vn 0.0544 0.6163 -0.7856
vn -0.2721 0.7404 -0.6146
vn 0.8303 0.1274 -0.5425
vn 0.5772 0.3571 -0.7343
vn 0.7530 0.2678 -0.6011
vn 0.8034 -0.0090 -0.5954
vn 0.9063 0.1567 -0.3926
vn 0.9804 0.0649 -0.1860
vn 0.8317 0.1384 -0.5377
vn -0.2144 0.9266 0.3089
vn -0.1795 0.9807 -0.0777
vn -0.2564 0.9555 0.1461
vn -0.0745 0.9303 0.3592
vn -0.3428 0.8529 0.3937
vn -0.4067 0.7110 0.5737
vn -0.2256 0.9254 0.3045
vn 0.0857 0.9865 0.1398
vn 0.2291 0.9476 -0.2228
vn 0.0976 0.9948 -0.0302
vn 0.2003 0.9527 0.2284
vn -0.0772 0.9788 0.1899
vn -0.2309 0.9054 0.3563
vn 0.0763 0.9882 0.1325
vn 0.5218 0.3904 -0.7585
vn 0.4720 0.7047 -0.5297
vn 0.5564 0.5175 -0.6501
vn 0.3951 0.3810 -0.8359
vn 0.6273 0.2585 -0.7347
vn 0.6586 0.0232 -0.7521
vn 0.5315 0.3908 -0.7515
vn -0.7042 0.5250 -0.4780
vn -0.3953 0.7642 -0.5096
vn -0.5734 0.6106 -0.5463
vn -0.7590 0.5536 -0.3427
vn -0.7341 0.3800 -0.5628
vn -0.8182 0.1576 -0.5529
vn -0.6991 0.5222 -0.4885
vn 0.7748 -0.6321 -0.0144
vn 0.6573 -0.6461 -0.3881
vn 0.7725 -0.6080 -0.1833
vn 0.6844 -0.7269 0.0560
vn 0.8596 -0.5069 0.0646
vn 0.8864 -0.3801 0.2642
vn 0.7814 -0.6238 -0.0201
vn 0.3825 -0.4425 -0.8111
vn 0.6456 -0.1592 -0.7469
vn 0.5279 -0.3651 -0.7668
vn 0.2732 -0.3748 -0.8859
vn 0.3609 -0.5877 -0.7242
vn 0.2060 -0.7447 -0.6348
vn 0.3910 -0.4476 -0.8043
vn 0.1812 0.7754 0.6049
vn 0.2801 0.9251 0.2564
vn 0.1750 0.8692 0.4625
vn 0.3018 0.6995 0.6477
vn 0.0248 0.7455 0.6660
vn -0.1150 0.5998 0.7919
vn 0.1713 0.7808 0.6008
vn -0.9823 0.1872 -0.0045
vn -0.9259 0.0822 0.3688
vn -0.9662 0.1982 0.1650
vn -0.9953 0.0582 -0.0773
vn -0.9392 0.3339 -0.0802
vn -0.8549 0.4392 -0.2763
vn -0.9803 0.1975 0.0014
vn -0.0029 -0.8658 0.5004
vn 0.1834 -0.9680 0.1710
vn 0.1226 -0.9109 0.3939
vn -0.1471 -0.8732 0.4647
vn 0.0570 -0.7738 0.6309
vn 0.0108 -0.6072 0.7945
vn 0.0088 -0.8644 0.5028
vn -0.9015 0.3822 0.2029
vn -0.9058 0.0560 0.4200
vn -0.8982 0.2797 0.3392
vn -0.9395 0.3361 0.0666
vn -0.8171 0.5274 0.2328
vn -0.6925 0.7077 0.1400
vn -0.8976 0.3856 0.2137
vn 0.1010 -0.2004 -0.9745
vn 0.2527 0.1604 -0.9542
vn 0.2154 -0.0738 -0.9737
vn -0.0458 -0.1780 -0.9830
vn 0.1708 -0.3470 -0.9222
vn 0.1354 -0.5583 -0.8185
vn 0.1128 -0.2020 -0.9729
vn 0.9318 -0.2204 -0.2885
vn 0.8761 -0.4821 -0.0021
vn 0.9053 -0.3693 -0.2096
vn 0.9714 -0.0959 -0.2172
vn 0.8670 -0.2217 -0.4463
vn 0.7753 -0.0936 -0.6247
vn 0.9277 -0.2303 -0.2940
vn 0.1111 -0.6770 -0.7275
vn 0.1578 -0.3425 -0.9262
vn 0.1860 -0.5504 -0.8139
vn -0.0364 -0.6942 -0.7188
vn 0.2209 -0.7523 -0.6207
vn 0.2497 -0.8735 -0.4180
vn 0.1230 -0.6750 -0.7275
vn -0.2668 0.2212 0.9380
vn -0.5832 0.0275 0.8119
vn -0.3824 0.0973 0.9188
vn -0.2863 0.3600 0.8880
vn -0.1144 0.1575 0.9809
vn 0.1218 0.1857 0.9750
vn -0.2649 0.2098 0.9412
vn -0.8675 0.4969 -0.0221
vn -0.8269 0.4304 0.3620
vn -0.8391 0.5247 0.1438
vn -0.9257 0.3707 -0.0752
vn -0.7837 0.6096 -0.1189
vn -0.6812 0.6539 -0.3291
vn -0.8620 0.5066 -0.0178
vn -0.4687 0.8744 -0.1253
vn -0.3609 0.7917 -0.4929
vn -0.4786 0.8290 -0.2894
vn -0.3475 0.9355 -0.0644
vn -0.5942 0.8036 -0.0339
vn -0.6650 0.7250 0.1793
vn -0.4781 0.8686 -0.1301
vn -0.0833 0.3197 0.9438
vn 0.2844 0.4254 0.8591
vn 0.0515 0.4176 0.9072
vn -0.0725 0.1762 0.9817
vn -0.2285 0.3922 0.8911
vn -0.4520 0.3585 0.8168
vn -0.0841 0.3310 0.9399
vn -0.2184 -0.0203 0.9757
vn 0.1545 0.1002 0.9829
vn -0.0825 0.0814 0.9933
vn -0.2089 -0.1682 0.9634
vn -0.3570 0.0689 0.9316
vn -0.5675 0.0674 0.8206
vn -0.2189 -0.0083 0.9757
vn 0.6587 0.5471 0.5165
vn 0.3680 0.5110 0.7768
vn 0.5712 0.4962 0.6538
vn 0.6163 0.6601 0.4296
vn 0.7722 0.4292 0.4685
vn 0.8969 0.3345 0.2892
vn 0.6615 0.5374 0.5231
vn -0.5659 0.7892 -0.2386
vn -0.5001 0.6324 -0.5917
vn -0.5929 0.7070 -0.3856
vn -0.4444 0.8705 -0.2113
vn -0.6705 0.7327 -0.1162
vn -0.7043 0.7002 0.1171
vn -0.5752 0.7818 -0.2406
vn 0.6477 0.7589 -0.0675
vn 0.8858 0.4506 -0.1110
vn 0.7513 0.6448 -0.1406
vn 0.6309 0.7717 0.0798
vn 0.5376 0.8236 -0.1806
vn 0.3235 0.9212 -0.2162
vn 0.6484 0.7571 -0.0794
vn -0.1809 -0.5723 0.7998
vn -0.0500 -0.8381 0.5433
vn -0.0785 -0.6856 0.7238
vn -0.3247 -0.5557 0.7654
vn -0.0909 -0.4555 0.8856
vn -0.0824 -0.2328 0.9690
vn -0.1691 -0.5731 0.8019
vn -0.1981 -0.9794 0.0403
vn -0.2699 -0.9019 -0.3371
vn -0.1800 -0.9751 -0.1293
vn -0.3233 -0.9399 0.1103
vn -0.0469 -0.9919 0.1182
vn 0.0803 -0.9460 0.3141
vn -0.1878 -0.9816 0.0346
vn -0.6978 -0.3523 0.6237
vn -0.8646 -0.4201 0.2756
vn -0.7568 -0.4359 0.4871
vn -0.7287 -0.2096 0.6520
vn -0.5689 -0.4368 0.6968
vn -0.3703 -0.4225 0.8273
vn -0.6946 -0.3636 0.6208
vn -0.5216 -0.1462 -0.8406
vn -0.1647 -0.2658 -0.9499
vn -0.3931 -0.2492 -0.8851
vn -0.5170 0.0017 -0.8560
vn -0.6333 -0.2267 -0.7399
vn -0.7967 -0.2064 -0.5680
vn -0.5214 -0.1580 -0.8385
vn 0.1631 0.2145 0.9630
vn -0.1639 -0.0003 0.9865
vn 0.0588 0.0833 0.9948
vn 0.1149 0.3511 0.9292
vn 0.3222 0.1610 0.9329
vn 0.5292 0.2041 0.8236
vn 0.1668 0.2032 0.9648
vn -0.8285 -0.5191 -0.2100
vn -0.9800 -0.1806 -0.0834
vn -0.9059 -0.3671 -0.2113
vn -0.7992 -0.5950 -0.0854
vn -0.7529 -0.5512 -0.3595
vn -0.5776 -0.6650 -0.4733
vn -0.8301 -0.5125 -0.2199
vn -0.2066 -0.9720 0.1118
vn -0.5595 -0.8286 0.0196
vn -0.3478 -0.9373 0.0226
vn -0.1937 -0.9466 0.2578
vn -0.0731 -0.9973 0.0087
vn 0.1633 -0.9864 -0.0168
vn -0.2075 -0.9731 0.0999
vn -0.2269 -0.8177 0.5291
vn 0.1229 -0.7239 0.6788
vn -0.1085 -0.7619 0.6385
vn -0.1947 -0.8933 0.4051
vn -0.3769 -0.7409 0.5559
vn -0.5830 -0.6687 0.4615
vn -0.2293 -0.8107 0.5386
vn -0.8027 0.5940 -0.0536
vn -0.8356 0.3901 -0.3867
vn -0.8601 0.4815 -0.1684
vn -0.7064 0.7025 -0.0864
vn -0.8342 0.5413 0.1055
vn -0.7674 0.5474 0.3339
vn -0.8097 0.5846 -0.0509
vn 0.2800 0.7033 0.6534
vn -0.0943 0.6483 0.7555
vn 0.1432 0.6541 0.7427
vn 0.2732 0.7972 0.5383
vn 0.4134 0.6013 0.6837
vn 0.6165 0.5095 0.6002
vn 0.2803 0.6950 0.6621
vn 0.2230 0.6539 -0.7229
vn 0.5790 0.5722 -0.5809
vn 0.3809 0.5904 -0.7116
vn 0.1695 0.7575 -0.6305
vn 0.1241 0.5562 -0.8218
vn -0.0967 0.4820 -0.8708
vn 0.2271 0.6449 -0.7297
vn -0.2269 0.5367 -0.8127
vn -0.4525 0.2205 -0.8641
vn -0.3656 0.4379 -0.8213
vn -0.0934 0.4953 -0.8637
vn -0.2497 0.6656 -0.7033
vn -0.1475 0.8197 -0.5534
vn -0.2375 0.5396 -0.8077
vn 0.7572 -0.5705 0.3181
vn 0.6466 -0.7628 -0.0051
vn 0.7588 -0.6316 0.1588
vn 0.6629 -0.6178 0.4229
vn 0.8439 -0.4240 0.3289
vn 0.8703 -0.2165 0.4424
vn 0.7641 -0.5661 0.3092
vn -0.4624 0.8766 0.1334
vn -0.1079 0.9941 0.0145
vn -0.3389 0.9402 0.0344
vn -0.4455 0.8507 0.2789
vn -0.5875 0.8082 0.0397
vn -0.7621 0.6469 0.0284
vn -0.4633 0.8778 0.1214
vn -0.5306 -0.8131 -0.2396
vn -0.2080 -0.8654 -0.4559
vn -0.3817 -0.8764 -0.2936
vn -0.6145 -0.7208 -0.3207
vn -0.5487 -0.8330 -0.0712
vn -0.6474 -0.7511 0.1293
vn -0.5232 -0.8198 -0.2328
vn -0.3630 0.5248 0.7699
vn -0.4018 0.1579 0.9020
vn -0.3360 0.3828 0.8605
vn -0.4830 0.5459 0.6846
vn -0.2202 0.6170 0.7556
vn -0.0969 0.7739 0.6259
vn -0.3529 0.5226 0.7761
vn -0.9346 -0.2700 0.2314
vn -0.7876 -0.6082 0.0987
vn -0.8734 -0.4292 0.2300
vn -0.9745 -0.1965 0.1084
vn -0.9042 -0.1935 0.3808
vn -0.8686 0.0121 0.4954
vn -0.9305 -0.2757 0.2412
vn 0.3735 0.4589 -0.8062
vn -0.0117 0.4997 -0.8661
vn 0.2194 0.5310 -0.8185
vn 0.4041 0.3221 -0.8561
vn 0.4721 0.5425 -0.6949
vn 0.6532 0.5298 -0.5410
vn 0.3706 0.4695 -0.8014
vn -0.9122 0.1748 -0.3706
vn -0.9803 0.1971 0.0147
vn -0.9462 0.2404 -0.2168
vn -0.9160 0.0291 -0.4002
vn -0.8338 0.2889 -0.4704
vn -0.6848 0.3247 -0.6524
vn -0.9110 0.1865 -0.3678
vn -0.1364 -0.1918 0.9719
vn -0.0307 -0.5447 0.8381
vn -0.0425 -0.3312 0.9426
vn -0.2818 -0.1832 0.9418
vn -0.0376 -0.0552 0.9978
vn -0.0178 0.1816 0.9832
vn -0.1244 -0.1923 0.9734
vn -0.9166 -0.2416 0.3185
vn -0.6968 -0.5015 0.5128
vn -0.8356 -0.3198 0.4467
vn -0.9352 -0.3026 0.1841
vn -0.9341 -0.0747 0.3492
vn -0.9559 0.1433 0.2564
vn -0.9142 -0.2364 0.3291
vn 0.8735 0.2206 -0.4341
vn 0.9900 -0.0113 -0.1403
vn 0.9327 0.0839 -0.3508
vn 0.8582 0.3545 -0.3712
vn 0.7960 0.1756 -0.5793
vn 0.6305 0.2298 -0.7414
vn 0.8739 0.2095 -0.4387
vn 0.8985 0.3031 -0.3174
vn 0.8583 -0.0347 -0.5120
vn 0.8741 0.1933 -0.4457
vn 0.9475 0.2623 -0.1830
vn 0.8213 0.4521 -0.3481
vn 0.7194 0.6461 -0.2552
vn 0.8937 0.3061 -0.3280
vn -0.8374 -0.2825 0.4679
vn -0.9745 -0.1947 0.1114
vn -0.9012 -0.3018 0.3109
vn -0.8296 -0.1513 0.5375
vn -0.7474 -0.4195 0.5152
vn -0.5697 -0.5041 0.6491
vn -0.8372 -0.2929 0.4618
vn -0.9574 -0.0288 0.2872
vn -0.7844 0.1100 0.6104
vn -0.9087 0.0795 0.4097
vn -0.9388 -0.1761 0.2961
vn -0.9886 0.0533 0.1410
vn -0.9945 0.0411 -0.0966
vn -0.9580 -0.0168 0.2862
vn 0.7393 -0.2206 0.6361
vn 0.7751 0.1687 0.6090
vn 0.7333 -0.0553 0.6777
vn 0.8115 -0.2725 0.5169
vn 0.6207 -0.3098 0.7202
vn 0.4789 -0.5010 0.7209
vn 0.7328 -0.2162 0.6452
vn 0.1812 -0.5136 0.8387
vn 0.4578 -0.6559 0.6002
vn 0.3345 -0.5435 0.7699
vn 0.0594 -0.5916 0.8041
vn 0.1767 -0.3614 0.9155
vn 0.0427 -0.1767 0.9833
vn 0.1910 -0.5068 0.8407
vn 0.8272 0.0446 0.5602
vn 0.8416 -0.3252 0.4312
vn 0.8762 -0.0935 0.4728
vn 0.7350 0.0392 0.6769
vn 0.8606 0.1877 0.4735
vn 0.8004 0.4144 0.4331
vn 0.8338 0.0450 0.5502
vn -0.1001 -0.3651 -0.9256
vn 0.2152 -0.5607 -0.7995
vn -0.0017 -0.4930 -0.8701
vn -0.0462 -0.2341 -0.9711
vn -0.2634 -0.3897 -0.8825
vn -0.4731 -0.2890 -0.8323
vn -0.1044 -0.3754 -0.9210
vn 0.9642 -0.2616 -0.0430
vn 0.7906 -0.6121 -0.0181
vn 0.9054 -0.4154 -0.0874
vn 0.9718 -0.2143 0.0978
vn 0.9715 -0.1571 -0.1776
vn 0.9644 0.0677 -0.2555
vn 0.9627 -0.2652 -0.0544
vn -0.6151 -0.0005 -0.7885
vn -0.7752 -0.2806 -0.5660
vn -0.7242 -0.0808 -0.6848
vn -0.5047 -0.0695 -0.8605
vn -0.6210 0.1685 -0.7655
vn -0.5037 0.3752 -0.7782
vn -0.6234 0.0051 -0.7819
vn -0.4677 -0.7225 -0.5092
vn -0.1391 -0.6813 -0.7187
vn -0.3139 -0.7554 -0.5752
vn -0.5568 -0.6143 -0.5591
vn -0.4868 -0.7972 -0.3570
vn -0.5941 -0.7913 -0.1447
vn -0.4600 -0.7305 -0.5047
vn -0.8962 -0.3184 -0.3091
vn -0.7482 -0.1713 -0.6409
vn -0.8287 -0.3107 -0.4656
vn -0.9506 -0.1999 -0.2375
vn -0.8549 -0.4644 -0.2311
vn -0.8174 -0.5756 -0.0241
vn -0.8909 -0.3277 -0.3146
vn -0.6199 0.5168 -0.5904
vn -0.2741 0.5894 -0.7599
vn -0.4922 0.5127 -0.7034
vn -0.6272 0.6146 -0.4785
vn -0.7115 0.3730 -0.5955
vn -0.8511 0.2218 -0.4759
vn -0.6188 0.5084 -0.5989
vn 0.3479 -0.6748 -0.6509
vn 0.6696 -0.4619 -0.5816
vn 0.5018 -0.6304 -0.5923
vn 0.2740 -0.5971 -0.7540
vn 0.2738 -0.7898 -0.5489
vn 0.0697 -0.8812 -0.4676
vn 0.3536 -0.6804 -0.6419
vn -0.0593 0.3732 -0.9258
vn -0.2056 0.6690 -0.7143
vn -0.0719 0.5247 -0.8483
vn -0.1743 0.2806 -0.9439
vn 0.1036 0.3246 -0.9402
vn 0.2561 0.1426 -0.9561
vn -0.0499 0.3804 -0.9235
vn 0.8909 -0.2748 0.3616
vn 0.7376 -0.0870 0.6696
vn 0.8208 -0.2475 0.5148
vn 0.9465 -0.1663 0.2765
vn 0.8509 -0.4297 0.3022
vn 0.8167 -0.5664 0.1104
vn 0.8855 -0.2834 0.3682
vn 0.6503 -0.3473 0.6757
vn 0.3852 -0.1737 0.9063
vn 0.5228 -0.3271 0.7872
vn 0.7387 -0.2362 0.6313
vn 0.6361 -0.4952 0.5918
vn 0.6832 -0.6159 0.3922
vn 0.6425 -0.3560 0.6786
vn -0.4697 -0.0791 -0.8793
vn -0.7019 -0.2945 -0.6485
vn -0.6046 -0.1267 -0.7864
vn -0.3596 -0.1717 -0.9172
vn -0.4558 0.0908 -0.8854
vn -0.3104 0.2777 -0.9091
vn -0.4782 -0.0715 -0.8753
vn -0.9150 -0.2934 -0.2770
vn -0.9986 0.0149 -0.0499
vn -0.9636 -0.1367 -0.2299
vn -0.8960 -0.4055 -0.1811
vn -0.8512 -0.2933 -0.4352
vn -0.7031 -0.3969 -0.5900
vn -0.9156 -0.2840 -0.2845
vn -0.3051 -0.1113 -0.9458
vn -0.6076 0.0830 -0.7899
vn -0.4138 0.0153 -0.9102
vn -0.3300 -0.2533 -0.9093
vn -0.1511 -0.0506 -0.9872
vn 0.0835 -0.0903 -0.9924
vn -0.3028 -0.0997 -0.9478
vn 0.9825 0.1247 -0.1383
vn 0.8847 -0.0770 -0.4597
vn 0.9493 0.0888 -0.3017
vn 0.9992 0.0207 -0.0333
vn 0.9517 0.2889 -0.1036
vn 0.8912 0.4494 0.0613
vn 0.9802 0.1331 -0.1466
vn 0.3887 -0.3157 -0.8656
vn 0.6448 -0.4631 -0.6082
vn 0.4734 -0.4284 -0.7696
vn 0.4326 -0.1748 -0.8845
vn 0.2307 -0.3702 -0.8999
vn 0.0062 -0.3098 -0.9508
vn 0.3847 -0.3268 -0.8632
vn 0.2222 0.8026 0.5535
vn 0.1014 0.9701 0.2204
vn 0.1247 0.8880 0.4426
vn 0.3644 0.7675 0.5274
vn 0.1276 0.7276 0.6740
vn 0.1089 0.5482 0.8292
vn 0.2105 0.8047 0.5551
vn -0.3815 -0.4078 0.8295
vn -0.4559 -0.6875 0.5653
vn -0.3715 -0.5552 0.7442
vn -0.4930 -0.3108 0.8126
vn -0.2318 -0.3674 0.9007
vn -0.0885 -0.1934 0.9771
vn -0.3721 -0.4153 0.8301
vn 0.0147 -0.3967 0.9178
vn -0.0895 -0.7067 0.7018
vn 0.0235 -0.5467 0.8370
vn -0.1126 -0.3229 0.9397
vn 0.1687 -0.3244 0.9308
vn 0.2924 -0.1219 0.9485
vn 0.0250 -0.4023 0.9152
vn 0.4510 -0.8348 0.3159
vn 0.0787 -0.9062 0.4155
vn 0.2943 -0.9024 0.3148
vn 0.5033 -0.7511 0.4272
vn 0.5208 -0.8385 0.1603
vn 0.6746 -0.7381 0.0089
vn 0.4463 -0.8408 0.3065
vn -0.2193 -0.8519 -0.4755
vn -0.4980 -0.8438 -0.2000
vn -0.3726 -0.8363 -0.4021
vn -0.1006 -0.9084 -0.4059
vn -0.2091 -0.7582 -0.6176
vn -0.0679 -0.6381 -0.7670
vn -0.2287 -0.8465 -0.4807
vn 0.2214 0.9715 0.0848
vn 0.1649 0.8726 0.4598
vn 0.2542 0.9348 0.2482
vn 0.0843 0.9959 0.0323
vn 0.3549 0.9348 -0.0147
vn 0.4300 0.8726 -0.2319
vn 0.2323 0.9686 0.0890
vn 0.0879 0.9958 0.0242
vn 0.0813 0.9100 0.4065
vn 0.1407 0.9727 0.1847
vn -0.0555 0.9983 -0.0153
vn 0.2154 0.9727 -0.0867
vn 0.2779 0.9100 -0.3076
vn 0.0994 0.9947 0.0274
vn 0.0037 1.0000 -0.0031
vn 0.3193 0.9227 0.2161
vn 0.1669 0.9850 0.0442
vn -0.1103 0.9896 0.0919
vn -0.0133 0.9850 -0.1722
vn -0.1548 0.9227 -0.3531
vn 0.0129 0.9999 -0.0108
vn -0.1464 0.9743 0.1713
vn 0.2113 0.9226 0.3228
vn 0.0230 0.9816 0.1897
vn -0.2387 0.9301 0.2793
vn -0.1910 0.9816 0.0068
vn -0.3518 0.9226 -0.1585
vn -0.1388 0.9769 0.1624
vn 0.0744 0.9971 0.0141
vn 0.0369 0.9283 -0.3699
vn 0.0061 0.9898 -0.1421
vn 0.2189 0.9749 0.0414
vn -0.0462 0.9898 0.1345
vn -0.1007 0.9283 0.3579
vn 0.0626 0.9980 0.0118
f 1//1 7//7 2//2
f 2//2 7//7 3//3
f 3//3 7//7 4//4
f 4//4 7//7 5//5
f 5//5 7//7 6//6
f 6//6 7//7 1//1
f 8//8 14//14 9//9
f 9//9 14//14 10//10
f 10//10 14//14 11//11
f 11//11 14//14 12//12
f 12//12 14//14 13//13
f 13//13 14//14 8//8
f 15//15 21//21 16//16
f 16//16 21//21 17//17
f 17//17 21//21 18//18
f 18//18 21//21 19//19
f 19//19 21//21 20//20
f 20//20 21//21 15//15
f 22//22 28//28 23//23
f 23//23 28//28 24//24
f 24//24 28//28 25//25
f 25//25 28//28 26//26
f 26//26 28//28 27//27
f 27//27 28//28 22//22
f 29//29 35//35 30//30
f 30//30 35//35 31//31
f 31//31 35//35 32//32
f 32//32 35//35 33//33
f 33//33 35//35 34//34
f 34//34 35//35 29//29
f 36//36 42//42 37//37
f 37//37 42//42 38//38
f 38//38 42//42 39//39
f 39//39 42//42 40//40
f 40//40 42//42 41//41
f 41//41 42//42 36//36
f 43//43 49//49 44//44
f 44//44 49//49 45//45
f 45//45 49//49 46//46
f 46//46 49//49 47//47
f 47//47 49//49 48//48
f 48//48 49//49 43//43
f 50//50 56//56 51//51
f 51//51 56//56 52//52
f 52//52 56//56 53//53
f 53//53 56//56 54//54
f 54//54 56//56 55//55
f 55//55 56//56 50//50
f 57//57 63//63 58//58
f 58//58 63//63 59//59
f 59//59 63//63 60//60
f 60//60 63//63 61//61
f 61//61 63//63 62//62
f 62//62 63//63 57//57
f 64//64 70//70 65//65
f 65//65 70//70 66//66
f 66//66 70//70 67//67
f 67//67 70//70 68//68
f 68//68 70//70 69//69
f 69//69 70//70 64//64
f 71//71 77//77 72//72
f 72//72 77//77 73//73
f 73//73 77//77 74//74
f 74//74 77//77 75//75
f 75//75 77//77 76//76
f 76//76 77//77 71//71
f 78//78 84//84 79//79
f 79//79 84//84 80//80
f 80//80 84//84 81//81
f 81//81 84//84 82//82
f 82//82 84//84 83//83
f 83//83 84//84 78//78
f 85//85 91//91 86//86
f 86//86 91//91 87//87
f 87//87 91//91 88//88
f 88//88 91//91 89//89
f 89//89 91//91 90//90
f 90//90 91//91 85//85
f 92//92 98//98 93//93
f 93//93 98//98 94//94
f 94//94 98//98 95//95
f 95//95 98//98 96//96
f 96//96 98//98 97//97
f 97//97 98//98 92//92
f 99//99 105//105 100//100
f 100//100 105//105 101//101
f 101//101 105//105 102//102
f 102//102 105//105 103//103
f 103//103 105//105 104//104
f 104//104 105//105 99//99
f 106//106 112//112 107//107
f 107//107 112//112 108//108
f 108//108 112//112 109//109
f 109//109 112//112 110//110
f 110//110 112//112 111//111
f 111//111 112//112 106//106
f 113//113 119//119 114//114
f 114//114 119//119 115//115
f 115//115 119//119 116//116
f 116//116 119//119 117//117
f 117//117 119//119 118//118
f 118//118 119//119 113//113
f 120//120 126//126 121//121
f 121//121 126//126 122//122
f 122//122 126//126 123//123
f 123//123 126//126 124//124
f 124//124 126//126 125//125
f 125//125 126//126 120//120
f 127//127 133//133 128//128
f 128//128 133//133 129//129
f 129//129 133//133 130//130
f 130//130 133//133 131//131
f 131//131 133//133 132//132
f 132//132 133//133 127//127
f 134//134 140//140 135//135
f 135//135 140//140 136//136
f 136//136 140//140 137//137
f 137//137 140//140 138//138
f 138//138 140//140 139//139
f 139//139 140//140 134//134
f 141//141 147//147 142//142
f 142//142 147//147 143//143
f 143//143 147//147 144//144
f 144//144 147//147 145//145
f 145//145 147//147 146//146
f 146//146 147//147 141//141
f 148//148 154//154 149//149
f 149//149 154//154 150//150
f 150//150 154//154 151//151
f 151//151 154//154 152//152
f 152//152 154//154 153//153
f 153//153 154//154 148//148
f 155//155 161//161 156//156
f 156//156 161//161 157//157
f 157//157 161//161 158//158
f 158//158 161//161 159//159
f 159//159 161//161 160//160
f 160//160 161//161 155//155
f 162//162 168//168 163//163
f 163//163 168//168 164//164
f 164//164 168//168 165//165
f 165//165 168//168 166//166
f 166//166 168//168 167//167
f 167//167 168//168 162//162
f 169//169 175//175 170//170
f 170//170 175//175 171//171
f 171//171 175//175 172//172
f 172//172 175//175 173//173
f 173//173 175//175 174//174
f 174//174 175//175 169//169
f 176//176 182//182 177//177
f 177//177 182//182 178//178
f 178//178 182//182 179//179
f 179//179 182//182 180//180
f 180//180 182//182 181//181
f 181//181 182//182 176//176
f 183//183 189//189 184//184
f 184//184 189//189 185//185
f 185//185 189//189 186//186
f 186//186 189//189 187//187
f 187//187 189//189 188//188
f 188//188 189//189 183//183
f 190//190 196//196 191//191
f 191//191 196//196 192//192
f 192//192 196//196 193//193
f 193//193 196//196 194//194
f 194//194 196//196 195//195
f 195//195 196//196 190//190
f 197//197 203//203 198//198
f 198//198 203//203 199//199
f 199//199 203//203 200//200
f 200//200 203//203 201//201
f 201//201 203//203 202//202
f 202//202 203//203 197//197
f 204//204 210//210 205//205
f 205//205 210//210 206//206
f 206//206 210//210 207//207
f 207//207 210//210 208//208
f 208//208 210//210 209//209
f 209//209 210//210 204//204
f 211//211 217//217 212//212
f 212//212 217//217 213//213
f 213//213 217//217 214//214
f 214//214 217//217 215//215
f 215//215 217//217 216//216
f 216//216 217//217 211//211
f 218//218 224//224 219//219
f 219//219 224//224 220//220
f 220//220 224//224 221//221
f 221//221 224//224 222//222
f 222//222 224//224 223//223
f 223//223 224//224 218//218
f 225//225 231//231 226//226
f 226//226 231//231 227//227
f 227//227 231//231 228//228
f 228//228 231//231 229//229
f 229//229 231//231 230//230
f 230//230 231//231 225//225
f 232//232 238//238 233//233
f 233//233 238//238 234//234
f 234//234 238//238 235//235
f 235//235 238//238 236//236
f 236//236 238//238 237//237
f 237//237 238//238 232//232
f 239//239 245//245 240//240
f 240//240 245//245 241//241
f 241//241 245//245 242//242
f 242//242 245//245 243//243
f 243//243 245//245 244//244
f 244//244 245//245 239//239
f 246//246 252//252 247//247
f 247//247 252//252 248//248
f 248//248 252//252 249//249
f 249//249 252//252 250//250
f 250//250 252//252 251//251
f 251//251 252//252 246//246
f 253//253 259//259 254//254
f 254//254 259//259 255//255
f 255//255 259//259 256//256
f 256//256 259//259 257//257
f 257//257 259//259 258//258
f 258//258 259//259 253//253
f 260//260 266//266 261//261
f 261//261 266//266 262//262
f 262//262 266//266 263//263
f 263//263 266//266 264//264
f 264//264 266//266 265//265
f 265//265 266//266 260//260
f 267//267 273//273 268//268
f 268//268 273//273 269//269
f 269//269 273//273 270//270
f 270//270 273//273 271//271
f 271//271 273//273 272//272
f 272//272 273//273 267//267
f 274//274 280//280 275//275
f 275//275 280//280 276//276
f 276//276 280//280 277//277
f 277//277 280//280 278//278
f 278//278 280//280 279//279
f 279//279 280//280 274//274
f 281//281 287//287 282//282
f 282//282 287//287 283//283
f 283//283 287//287 284//284
f 284//284 287//287 285//285
f 285//285 287//287 286//286
f 286//286 287//287 281//281
f 288//288 294//294 289//289
f 289//289 294//294 290//290
f 290//290 294//294 291//291
f 291//291 294//294 292//292
f 292//292 294//294 293//293
f 293//293 294//294 288//288
f 295//295 301//301 296//296
f 296//296 301//301 297//297
f 297//297 301//301 298//298
f 298//298 301//301 299//299
f 299//299 301//301 300//300
f 300//300 301//301 295//295
f 302//302 308//308 303//303
f 303//303 308//308 304//304
f 304//304 308//308 305//305
f 305//305 308//308 306//306
f 306//306 308//308 307//307
f 307//307 308//308 302//302
f 309//309 315//315 310//310
f 310//310 315//315 311//311
f 311//311 315//315 312//312
f 312//312 315//315 313//313
f 313//313 315//315 314//314
f 314//314 315//315 309//309
f 316//316 322//322 317//317
f 317//317 322//322 318//318
f 318//318 322//322 319//319
f 319//319 322//322 320//320
f 320//320 322//322 321//321
f 321//321 322//322 316//316
f 323//323 329//329 324//324
f 324//324 329//329 325//325
f 325//325 329//329 326//326
f 326//326 329//329 327//327
f 327//327 329//329 328//328
f 328//328 329//329 323//323
f 330//330 336//336 331//331
f 331//331 336//336 332//332
f 332//332 336//336 333//333
f 333//333 336//336 334//334
f 334//334 336//336 335//335
f 335//335 336//336 330//330
f 337//337 343//343 338//338
f 338//338 343//343 339//339
f 339//339 343//343 340//340
f 340//340 343//343 341//341
f 341//341 343//343 342//342
f 342//342 343//343 337//337
f 344//344 350//350 345//345
f 345//345 350//350 346//346
f 346//346 350//350 347//347
f 347//347 350//350 348//348
f 348//348 350//350 349//349
f 349//349 350//350 344//344
f 351//351 357//357 352//352
f 352//352 357//357 353//353
f 353//353 357//357 354//354
f 354//354 357//357 355//355
f 355//355 357//357 356//356
f 356//356 357//357 351//351
f 358//358 364//364 359//359
f 359//359 364//364 360//360
f 360//360 364//364 361//361
f 361//361 364//364 362//362
f 362//362 364//364 363//363
f 363//363 364//364 358//358
f 365//365 371//371 366//366
f 366//366 371//371 367//367
f 367//367 371//371 368//368
f 368//368 371//371 369//369
f 369//369 371//371 370//370
f 370//370 371//371 365//365
f 372//372 378//378 373//373
f 373//373 378//378 374//374
f 374//374 378//378 375//375
f 375//375 378//378 376//376
f 376//376 378//378 377//377
f 377//377 378//378 372//372
f 379//379 385//385 380//380
f 380//380 385//385 381//381
f 381//381 385//385 382//382
f 382//382 385//385 383//383
f 383//383 385//385 384//384
f 384//384 385//385 379//379
f 386//386 392//392 387//387
f 387//387 392//392 388//388
f 388//388 392//392 389//389
f 389//389 392//392 390//390
f 390//390 392//392 391//391
f 391//391 392//392 386//386
f 393//393 399//399 394//394
f 394//394 399//399 395//395
f 395//395 399//399 396//396
f 396//396 399//399 397//397
f 397//397 399//399 398//398
f 398//398 399//399 393//393
f 400//400 406//406 401//401
f 401//401 406//406 402//402
f 402//402 406//406 403//403
f 403//403 406//406 404//404
f 404//404 406//406 405//405
f 405//405 406//406 400//400
f 407//407 413//413 408//408
f 408//408 413//413 409//409
f 409//409 413//413 410//410
f 410//410 413//413 411//411
f 411//411 413//413 412//412
f 412//412 413//413 407//407
f 414//414 420//420 415//415
f 415//415 420//420 416//416
f 416//416 420//420 417//417
f 417//417 420//420 418//418
f 418//418 420//420 419//419
f 419//419 420//420 414//414
f 421//421 427//427 422//422
f 422//422 427//427 423//423
f 423//423 427//427 424//424
f 424//424 427//427 425//425
f 425//425 427//427 426//426
f 426//426 427//427 421//421
f 428//428 434//434 429//429
f 429//429 434//434 430//430
f 430//430 434//434 431//431
f 431//431 434//434 432//432
f 432//432 434//434 433//433
f 433//433 434//434 428//428
f 435//435 441//441 436//436
f 436//436 441//441 437//437
f 437//437 441//441 438//438
f 438//438 441//441 439//439
f 439//439 441//441 440//440
f 440//440 441//441 435//435
f 442//442 448//448 443//443
f 443//443 448//448 444//444
f 444//444 448//448 445//445
f 445//445 448//448 446//446
f 446//446 448//448 447//447
f 447//447 448//448 442//442
f 449//449 455//455 450//450
f 450//450 455//455 451//451
f 451//451 455//455 452//452
f 452//452 455//455 453//453
f 453//453 455//455 454//454
f 454//454 455//455 449//449
f 456//456 462//462 457//457
f 457//457 462//462 458//458
f 458//458 462//462 459//459
f 459//459 462//462 460//460
f 460//460 462//462 461//461
f 461//461 462//462 456//456
f 463//463 469//469 464//464
f 464//464 469//469 465//465
f 465//465 469//469 466//466
f 466//466 469//469 467//467
f 467//467 469//469 468//468
f 468//468 469//469 463//463
f 470//470 476//476 471//471
f 471//471 476//476 472//472
f 472//472 476//476 473//473
f 473//473 476//476 474//474
f 474//474 476//476 475//475
f 475//475 476//476 470//470
f 477//477 483//483 478//478
f 478//478 483//483 479//479
f 479//479 483//483 480//480
f 480//480 483//483 481//481
f 481//481 483//483 482//482
f 482//482 483//483 477//477
f 484//484 490//490 485//485
f 485//485 490//490 486//486
f 486//486 490//490 487//487
f 487//487 490//490 488//488
f 488//488 490//490 489//489
f 489//489 490//490 484//484
f 491//491 497//497 492//492
f 492//492 497//497 493//493
f 493//493 497//497 494//494
f 494//494 497//497 495//495
f 495//495 497//497 496//496
f 496//496 497//497 491//491
f 498//498 504//504 499//499
f 499//499 504//504 500//500
f 500//500 504//504 501//501
f 501//501 504//504 502//502
f 502//502 504//504 503//503
f 503//503 504//504 498//498
f 505//505 511//511 506//506
f 506//506 511//511 507//507
f 507//507 511//511 508//508
f 508//508 511//511 509//509
f 509//509 511//511 510//510
f 510//510 511//511 505//505
f 512//512 518//518 513//513
f 513//513 518//518 514//514
f 514//514 518//518 515//515
f 515//515 518//518 516//516
f 516//516 518//518 517//517
f 517//517 518//518 512//512
f 519//519 525//525 520//520
f 520//520 525//525 521//521
f 521//521 525//525 522//522
f 522//522 525//525 523//523
f 523//523 525//525 524//524
f 524//524 525//525 519//519
f 526//526 532//532 527//527
f 527//527 532//532 528//528
f 528//528 532//532 529//529
f 529//529 532//532 530//530
f 530//530 532//532 531//531
f 531//531 532//532 526//526
f 533//533 539//539 534//534
f 534//534 539//539 535//535
f 535//535 539//539 536//536
f 536//536 539//539 537//537
f 537//537 539//539 538//538
f 538//538 539//539 533//533
f 540//540 546//546 541//541
f 541//541 546//546 542//542
f 542//542 546//546 543//543
f 543//543 546//546 544//544
f 544//544 546//546 545//545
f 545//545 546//546 540//540
f 547//547 553//553 548//548
f 548//548 553//553 549//549
f 549//549 553//553 550//550
f 550//550 553//553 551//551
f 551//551 553//553 552//552
f 552//552 553//553 547//547
f 554//554 560//560 555//555
f 555//555 560//560 556//556
f 556//556 560//560 557//557
f 557//557 560//560 558//558
f 558//558 560//560 559//559
f 559//559 560//560 554//554
f 561//561 567//567 562//562
f 562//562 567//567 563//563
f 563//563 567//567 564//564
f 564//564 567//567 565//565
f 565//565 567//567 566//566
f 566//566 567//567 561//561
f 568//568 574//574 569//569
f 569//569 574//574 570//570
f 570//570 574//574 571//571
f 571//571 574//574 572//572
f 572//572 574//574 573//573
f 573//573 574//574 568//568
f 575//575 581//581 576//576
f 576//576 581//581 577//577
f 577//577 581//581 578//578
f 578//578 581//581 579//579
f 579//579 581//581 580//580
f 580//580 581//581 575//575
f 582//582 588//588 583//583
f 583//583 588//588 584//584
f 584//584 588//588 585//585
f 585//585 588//588 586//586
f 586//586 588//588 587//587
f 587//587 588//588 582//582
f 589//589 595//595 590//590
f 590//590 595//595 591//591
f 591//591 595//595 592//592
f 592//592 595//595 593//593
f 593//593 595//595 594//594
f 594//594 595//595 589//589
f 596//596 602//602 597//597
f 597//597 602//602 598//598
f 598//598 602//602 599//599
f 599//599 602//602 600//600
f 600//600 602//602 601//601
f 601//601 602//602 596//596
f 603//603 609//609 604//604
f 604//604 609//609 605//605
f 605//605 609//609 606//606
f 606//606 609//609 607//607
f 607//607 609//609 608//608
f 608//608 609//609 603//603
f 610//610 616//616 611//611
f 611//611 616//616 612//612
f 612//612 616//616 613//613
f 613//613 616//616 614//614
f 614//614 616//616 615//615
f 615//615 616//616 610//610
f 617//617 623//623 618//618
f 618//618 623//623 619//619
f 619//619 623//623 620//620
f 620//620 623//623 621//621
f 621//621 623//623 622//622
f 622//622 623//623 617//617
f 624//624 630//630 625//625
f 625//625 630//630 626//626
f 626//626 630//630 627//627
f 627//627 630//630 628//628
f 628//628 630//630 629//629
f 629//629 630//630 624//624
f 631//631 637//637 632//632
f 632//632 637//637 633//633
f 633//633 637//637 634//634
f 634//634 637//637 635//635
f 635//635 637//637 636//636
f 636//636 637//637 631//631
f 638//638 644//644 639//639
f 639//639 644//644 640//640
f 640//640 644//644 641//641
f 641//641 644//644 642//642
f 642//642 644//644 643//643
f 643//643 644//644 638//638
f 645//645 651//651 646//646
f 646//646 651//651 647//647
f 647//647 651//651 648//648
f 648//648 651//651 649//649
f 649//649 651//651 650//650
f 650//650 651//651 645//645
f 652//652 658//658 653//653
f 653//653 658//658 654//654
f 654//654 658//658 655//655
f 655//655 658//658 656//656
f 656//656 658//658 657//657
f 657//657 658//658 652//652
f 659//659 665//665 660//660
f 660//660 665//665 661//661
f 661//661 665//665 662//662
f 662//662 665//665 663//663
f 663//663 665//665 664//664
f 664//664 665//665 659//659
f 666//666 672//672 667//667
f 667//667 672//672 668//668
f 668//668 672//672 669//669
f 669//669 672//672 670//670
f 670//670 672//672 671//671
f 671//671 672//672 666//666
f 673//673 679//679 674//674
f 674//674 679//679 675//675
f 675//675 679//679 676//676
f 676//676 679//679 677//677
f 677//677 679//679 678//678
f 678//678 679//679 673//673
f 680//680 686//686 681//681
f 681//681 686//686 682//682
f 682//682 686//686 683//683
f 683//683 686//686 684//684
f 684//684 686//686 685//685
f 685//685 686//686 680//680
f 687//687 693//693 688//688
f 688//688 693//693 689//689
f 689//689 693//693 690//690
f 690//690 693//693 691//691
f 691//691 693//693 692//692
f 692//692 693//693 687//687
f 694//694 700//700 695//695
f 695//695 700//700 696//696
f 696//696 700//700 697//697
f 697//697 700//700 698//698
f 698//698 700//700 699//699
f 699//699 700//700 694//694
f 701//701 707//707 702//702
f 702//702 707//707 703//703
f 703//703 707//707 704//704
f 704//704 707//707 705//705
f 705//705 707//707 706//706
f 706//706 707//707 701//701
f 708//708 714//714 709//709
f 709//709 714//714 710//710
f 710//710 714//714 711//711
f 711//711 714//714 712//712
f 712//712 714//714 713//713
f 713//713 714//714 708//708
f 715//715 721//721 716//716
f 716//716 721//721 717//717
f 717//717 721//721 718//718
f 718//718 721//721 719//719
f 719//719 721//721 720//720
f 720//720 721//721 715//715
f 722//722 728//728 723//723
f 723//723 728//728 724//724
f 724//724 728//728 725//725
f 725//725 728//728 726//726
f 726//726 728//728 727//727
f 727//727 728//728 722//722
f 729//729 735//735 730//730
f 730//730 735//735 731//731
f 731//731 735//735 732//732
f 732//732 735//735 733//733
f 733//733 735//735 734//734
f 734//734 735//735 729//729
f 736//736 742//742 737//737
f 737//737 742//742 738//738
f 738//738 742//742 739//739
f 739//739 742//742 740//740
f 740//740 742//742 741//741
f 741//741 742//742 736//736
f 743//743 749//749 744//744
f 744//744 749//749 745//745
f 745//745 749//749 746//746
f 746//746 749//749 747//747
f 747//747 749//749 748//748
f 748//748 749//749 743//743
f 750//750 756//756 751//751
f 751//751 756//756 752//752
f 752//752 756//756 753//753
f 753//753 756//756 754//754
f 754//754 756//756 755//755
f 755//755 756//756 750//750
f 757//757 763//763 758//758
f 758//758 763//763 759//759
f 759//759 763//763 760//760
f 760//760 763//763 761//761
f 761//761 763//763 762//762
f 762//762 763//763 757//757
f 764//764 770//770 765//765
f 765//765 770//770 766//766
f 766//766 770//770 767//767
f 767//767 770//770 768//768
f 768//768 770//770 769//769
f 769//769 770//770 764//764
f 771//771 777//777 772//772
f 772//772 777//777 773//773
f 773//773 777//777 774//774
f 774//774 777//777 775//775
f 775//775 777//777 776//776
f 776//776 777//777 771//771
f 778//778 784//784 779//779
f 779//779 784//784 780//780
f 780//780 784//784 781//781
f 781//781 784//784 782//782
f 782//782 784//784 783//783
f 783//783 784//784 778//778
f 785//785 791//791 786//786
f 786//786 791//791 787//787
f 787//787 791//791 788//788
f 788//788 791//791 789//789
f 789//789 791//791 790//790
f 790//790 791//791 785//785
f 792//792 798//798 793//793
f 793//793 798//798 794//794
f 794//794 798//798 795//795
f 795//795 798//798 796//796
f 796//796 798//798 797//797
f 797//797 798//798 792//792
f 799//799 805//805 800//800
f 800//800 805//805 801//801
f 801//801 805//805 802//802
f 802//802 805//805 803//803
f 803//803 805//805 804//804
f 804//804 805//805 799//799
f 806//806 812//812 807//807
f 807//807 812//812 808//808
f 808//808 812//812 809//809
f 809//809 812//812 810//810
f 810//810 812//812 811//811
f 811//811 812//812 806//806
f 813//813 819//819 814//814
f 814//814 819//819 815//815
f 815//815 819//819 816//816
f 816//816 819//819 817//817
f 817//817 819//819 818//818
f 818//818 819//819 813//813
f 820//820 826//826 821//821
f 821//821 826//826 822//822
f 822//822 826//826 823//823
f 823//823 826//826 824//824
f 824//824 826//826 825//825
f 825//825 826//826 820//820
f 827//827 833//833 828//828
f 828//828 833//833 829//829
f 829//829 833//833 830//830
f 830//830 833//833 831//831
f 831//831 833//833 832//832
f 832//832 833//833 827//827
f 834//834 840//840 835//835
f 835//835 840//840 836//836
f 836//836 840//840 837//837
f 837//837 840//840 838//838
f 838//838 840//840 839//839
f 839//839 840//840 834//834
f 841//841 847//847 842//842
f 842//842 847//847 843//843
f 843//843 847//847 844//844
f 844//844 847//847 845//845
f 845//845 847//847 846//846
f 846//846 847//847 841//841
f 848//848 854//854 849//849
f 849//849 854//854 850//850
f 850//850 854//854 851//851
f 851//851 854//854 852//852
f 852//852 854//854 853//853
f 853//853 854//854 848//848
f 855//855 861//861 856//856
f 856//856 861//861 857//857
f 857//857 861//861 858//858
f 858//858 861//861 859//859
f 859//859 861//861 860//860
f 860//860 861//861 855//855
f 862//862 868//868 863//863
f 863//863 868//868 864//864
f 864//864 868//868 865//865
f 865//865 868//868 866//866
f 866//866 868//868 867//867
f 867//867 868//868 862//862
f 869//869 875//875 870//870
f 870//870 875//875 871//871
f 871//871 875//875 872//872
f 872//872 875//875 873//873
f 873//873 875//875 874//874
f 874//874 875//875 869//869
f 876//876 882//882 877//877
f 877//877 882//882 878//878
f 878//878 882//882 879//879
f 879//879 882//882 880//880
f 880//880 882//882 881//881
f 881//881 882//882 876//876
f 883//883 889//889 884//884
f 884//884 889//889 885//885
f 885//885 889//889 886//886
f 886//886 889//889 887//887
f 887//887 889//889 888//888
f 888//888 889//889 883//883
f 890//890 896//896 891//891
f 891//891 896//896 892//892
f 892//892 896//896 893//893
f 893//893 896//896 894//894
f 894//894 896//896 895//895
f 895//895 896//896 890//890
f 897//897 903//903 898//898
f 898//898 903//903 899//899
f 899//899 903//903 900//900
f 900//900 903//903 901//901
f 901//901 903//903 902//902
f 902//902 903//903 897//897
f 904//904 910//910 905//905
f 905//905 910//910 906//906
f 906//906 910//910 907//907
f 907//907 910//910 908//908
f 908//908 910//910 909//909
f 909//909 910//910 904//904
f 911//911 917//917 912//912
f 912//912 917//917 913//913
f 913//913 917//917 914//914
f 914//914 917//917 915//915
f 915//915 917//917 916//916
f 916//916 917//917 911//911
f 918//918 924//924 919//919
f 919//919 924//924 920//920
f 920//920 924//924 921//921
f 921//921 924//924 922//922
f 922//922 924//924 923//923
f 923//923 924//924 918//918
f 925//925 931//931 926//926
f 926//926 931//931 927//927
f 927//927 931//931 928//928
f 928//928 931//931 929//929
f 929//929 931//931 930//930
f 930//930 931//931 925//925
f 932//932 938//938 933//933
f 933//933 938//938 934//934
f 934//934 938//938 935//935
f 935//935 938//938 936//936
f 936//936 938//938 937//937
f 937//937 938//938 932//932
f 939//939 945//945 940//940
f 940//940 945//945 941//941
f 941//941 945//945 942//942
f 942//942 945//945 943//943
f 943//943 945//945 944//944
f 944//944 945//945 939//939
f 946//946 952//952 947//947
f 947//947 952//952 948//948
f 948//948 952//952 949//949
f 949//949 952//952 950//950
f 950//950 952//952 951//951
f 951//951 952//952 946//946
f 953//953 959//959 954//954
f 954//954 959//959 955//955
f 955//955 959//959 956//956
f 956//956 959//959 957//957
f 957//957 959//959 958//958
f 958//958 959//959 953//953
f 960//960 966//966 961//961
f 961//961 966//966 962//962
f 962//962 966//966 963//963
f 963//963 966//966 964//964
f 964//964 966//966 965//965
f 965//965 966//966 960//960
f 967//967 973//973 968//968
f 968//968 973//973 969//969
f 969//969 973//973 970//970
f 970//970 973//973 971//971
f 971//971 973//973 972//972
f 972//972 973//973 967//967
f 974//974 980//980 975//975
f 975//975 980//980 976//976
f 976//976 980//980 977//977
f 977//977 980//980 978//978
f 978//978 980//980 979//979
f 979//979 980//980 974//974
f 981//981 987//987 982//982
f 982//982 987//987 983//983
f 983//983 987//987 984//984
f 984//984 987//987 985//985
f 985//985 987//987 986//986
f 986//986 987//987 981//981
f 988//988 994//994 989//989
f 989//989 994//994 990//990
f 990//990 994//994 991//991
f 991//991 994//994 992//992
f 992//992 994//994 993//993
f 993//993 994//994 988//988
f 995//995 1001//1001 996//996
f 996//996 1001//1001 997//997
f 997//997 1001//1001 998//998
f 998//998 1001//1001 999//999
f 999//999 1001//1001 1000//1000
f 1000//1000 1001//1001 995//995
f 1002//1002 1008//1008 1003//1003
f 1003//1003 1008//1008 1004//1004
f 1004//1004 1008//1008 1005//1005
f 1005//1005 1008//1008 1006//1006
f 1006//1006 1008//1008 1007//1007
f 1007//1007 1008//1008 1002//1002
f 1009//1009 1015//1015 1010//1010
f 1010//1010 1015//1015 1011//1011
f 1011//1011 1015//1015 1012//1012
f 1012//1012 1015//1015 1013//1013
f 1013//1013 1015//1015 1014//1014
f 1014//1014 1015//1015 1009//1009
f 1016//1016 1022//1022 1017//1017
f 1017//1017 1022//1022 1018//1018
f 1018//1018 1022//1022 1019//1019
f 1019//1019 1022//1022 1020//1020
f 1020//1020 1022//1022 1021//1021
f 1021//1021 1022//1022 1016//1016
f 1023//1023 1029//1029 1024//1024
f 1024//1024 1029//1029 1025//1025
f 1025//1025 1029//1029 1026//1026
f 1026//1026 1029//1029 1027//1027
f 1027//1027 1029//1029 1028//1028
f 1028//1028 1029//1029 1023//1023
f 1030//1030 1036//1036 1031//1031
f 1031//1031 1036//1036 1032//1032
f 1032//1032 1036//1036 1033//1033
f 1033//1033 1036//1036 1034//1034
f 1034//1034 1036//1036 1035//1035
f 1035//1035 1036//1036 1030//1030
f 1037//1037 1043//1043 1038//1038
f 1038//1038 1043//1043 1039//1039
f 1039//1039 1043//1043 1040//1040
f 1040//1040 1043//1043 1041//1041
f 1041//1041 1043//1043 1042//1042
f 1042//1042 1043//1043 1037//1037
f 1044//1044 1050//1050 1045//1045
f 1045//1045 1050//1050 1046//1046
f 1046//1046 1050//1050 1047//1047
f 1047//1047 1050//1050 1048//1048
f 1048//1048 1050//1050 1049//1049
f 1049//1049 1050//1050 1044//1044
f 1051//1051 1057//1057 1052//1052
f 1052//1052 1057//1057 1053//1053
f 1053//1053 1057//1057 1054//1054
f 1054//1054 1057//1057 1055//1055
f 1055//1055 1057//1057 1056//1056
f 1056//1056 1057//1057 1051//1051
f 1058//1058 1064//1064 1059//1059
f 1059//1059 1064//1064 1060//1060
f 1060//1060 1064//1064 1061//1061
f 1061//1061 1064//1064 1062//1062
f 1062//1062 1064//1064 1063//1063
f 1063//1063 1064//1064 1058//1058
f 1065//1065 1071//1071 1066//1066
f 1066//1066 1071//1071 1067//1067
f 1067//1067 1071//1071 1068//1068
f 1068//1068 1071//1071 1069//1069
f 1069//1069 1071//1071 1070//1070
f 1070//1070 1071//1071 1065//1065
f 1072//1072 1078//1078 1073//1073
f 1073//1073 1078//1078 1074//1074
f 1074//1074 1078//1078 1075//1075
f 1075//1075 1078//1078 1076//1076
f 1076//1076 1078//1078 1077//1077
f 1077//1077 1078//1078 1072//1072
f 1079//1079 1085//1085 1080//1080
f 1080//1080 1085//1085 1081//1081
f 1081//1081 1085//1085 1082//1082
f 1082//1082 1085//1085 1083//1083
f 1083//1083 1085//1085 1084//1084
f 1084//1084 1085//1085 1079//1079
f 1086//1086 1092//1092 1087//1087
f 1087//1087 1092//1092 1088//1088
f 1088//1088 1092//1092 1089//1089
f 1089//1089 1092//1092 1090//1090
f 1090//1090 1092//1092 1091//1091
f 1091//1091 1092//1092 1086//1086
f 1093//1093 1099//1099 1094//1094
f 1094//1094 1099//1099 1095//1095
f 1095//1095 1099//1099 1096//1096
f 1096//1096 1099//1099 1097//1097
f 1097//1097 1099//1099 1098//1098
f 1098//1098 1099//1099 1093//1093
f 1100//1100 1106//1106 1101//1101
f 1101//1101 1106//1106 1102//1102
f 1102//1102 1106//1106 1103//1103
f 1103//1103 1106//1106 1104//1104
f 1104//1104 1106//1106 1105//1105
f 1105//1105 1106//1106 1100//1100
f 1107//1107 1113//1113 1108//1108
f 1108//1108 1113//1113 1109//1109
f 1109//1109 1113//1113 1110//1110
f 1110//1110 1113//1113 1111//1111
f 1111//1111 1113//1113 1112//1112
f 1112//1112 1113//1113 1107//1107
f 1114//1114 1120//1120 1115//1115
f 1115//1115 1120//1120 1116//1116
f 1116//1116 1120//1120 1117//1117
f 1117//1117 1120//1120 1118//1118
f 1118//1118 1120//1120 1119//1119
f 1119//1119 1120//1120 1114//1114
f 1121//1121 1127//1127 1122//1122
f 1122//1122 1127//1127 1123//1123
f 1123//1123 1127//1127 1124//1124
f 1124//1124 1127//1127 1125//1125
f 1125//1125 1127//1127 1126//1126
f 1126//1126 1127//1127 1121//1121
f 1128//1128 1134//1134 1129//1129
f 1129//1129 1134//1134 1130//1130
f 1130//1130 1134//1134 1131//1131
f 1131//1131 1134//1134 1132//1132
f 1132//1132 1134//1134 1133//1133
f 1133//1133 1134//1134 1128//1128
f 1135//1135 1141//1141 1136//1136
f 1136//1136 1141//1141 1137//1137
f 1137//1137 1141//1141 1138//1138
f 1138//1138 1141//1141 1139//1139
f 1139//1139 1141//1141 1140//1140
f 1140//1140 1141//1141 1135//1135
f 1142//1142 1148//1148 1143//1143
f 1143//1143 1148//1148 1144//1144
f 1144//1144 1148//1148 1145//1145
f 1145//1145 1148//1148 1146//1146
f 1146//1146 1148//1148 1147//1147
f 1147//1147 1148//1148 1142//1142
f 1149//1149 1155//1155 1150//1150
f 1150//1150 1155//1155 1151//1151
f 1151//1151 1155//1155 1152//1152
f 1152//1152 1155//1155 1153//1153
f 1153//1153 1155//1155 1154//1154
f 1154//1154 1155//1155 1149//1149
f 1156//1156 1162//1162 1157//1157
f 1157//1157 1162//1162 1158//1158
f 1158//1158 1162//1162 1159//1159
f 1159//1159 1162//1162 1160//1160
f 1160//1160 1162//1162 1161//1161
f 1161//1161 1162//1162 1156//1156
f 1163//1163 1169//1169 1164//1164
f 1164//1164 1169//1169 1165//1165
f 1165//1165 1169//1169 1166//1166
f 1166//1166 1169//1169 1167//1167
f 1167//1167 1169//1169 1168//1168
f 1168//1168 1169//1169 1163//1163
f 1170//1170 1176//1176 1171//1171
f 1171//1171 1176//1176 1172//1172
f 1172//1172 1176//1176 1173//1173
f 1173//1173 1176//1176 1174//1174
f 1174//1174 1176//1176 1175//1175
f 1175//1175 1176//1176 1170//1170
f 1177//1177 1183//1183 1178//1178
f 1178//1178 1183//1183 1179//1179
f 1179//1179 1183//1183 1180//1180
f 1180//1180 1183//1183 1181//1181
f 1181//1181 1183//1183 1182//1182
f 1182//1182 1183//1183 1177//1177
f 1184//1184 1190//1190 1185//1185
f 1185//1185 1190//1190 1186//1186
f 1186//1186 1190//1190 1187//1187
f 1187//1187 1190//1190 1188//1188
f 1188//1188 1190//1190 1189//1189
f 1189//1189 1190//1190 1184//1184
f 1191//1191 1197//1197 1192//1192
f 1192//1192 1197//1197 1193//1193
f 1193//1193 1197//1197 1194//1194
f 1194//1194 1197//1197 1195//1195
f 1195//1195 1197//1197 1196//1196
f 1196//1196 1197//1197 1191//1191
f 1198//1198 1204//1204 1199//1199
f 1199//1199 1204//1204 1200//1200
f 1200//1200 1204//1204 1201//1201
f 1201//1201 1204//1204 1202//1202
f 1202//1202 1204//1204 1203//1203
f 1203//1203 1204//1204 1198//1198
f 1205//1205 1211//1211 1206//1206
f 1206//1206 1211//1211 1207//1207
f 1207//1207 1211//1211 1208//1208
f 1208//1208 1211//1211 1209//1209
f 1209//1209 1211//1211 1210//1210
f 1210//1210 1211//1211 1205//1205
f 1212//1212 1218//1218 1213//1213
f 1213//1213 1218//1218 1214//1214
f 1214//1214 1218//1218 1215//1215
f 1215//1215 1218//1218 1216//1216
f 1216//1216 1218//1218 1217//1217
f 1217//1217 1218//1218 1212//1212
f 1219//1219 1225//1225 1220//1220
f 1220//1220 1225//1225 1221//1221
f 1221//1221 1225//1225 1222//1222
f 1222//1222 1225//1225 1223//1223
f 1223//1223 1225//1225 1224//1224
f 1224//1224 1225//1225 1219//1219
f 1226//1226 1232//1232 1227//1227
f 1227//1227 1232//1232 1228//1228
f 1228//1228 1232//1232 1229//1229
f 1229//1229 1232//1232 1230//1230
f 1230//1230 1232//1232 1231//1231
f 1231//1231 1232//1232 1226//1226
f 1233//1233 1239//1239 1234//1234
f 1234//1234 1239//1239 1235//1235
f 1235//1235 1239//1239 1236//1236
f 1236//1236 1239//1239 1237//1237
f 1237//1237 1239//1239 1238//1238
f 1238//1238 1239//1239 1233//1233
f 1240//1240 1246//1246 1241//1241
f 1241//1241 1246//1246 1242//1242
f 1242//1242 1246//1246 1243//1243
f 1243//1243 1246//1246 1244//1244
f 1244//1244 1246//1246 1245//1245
f 1245//1245 1246//1246 1240//1240
f 1247//1247 1253//1253 1248//1248
f 1248//1248 1253//1253 1249//1249
f 1249//1249 1253//1253 1250//1250
f 1250//1250 1253//1253 1251//1251
f 1251//1251 1253//1253 1252//1252
f 1252//1252 1253//1253 1247//1247
f 1254//1254 1260//1260 1255//1255
f 1255//1255 1260//1260 1256//1256
f 1256//1256 1260//1260 1257//1257
f 1257//1257 1260//1260 1258//1258
f 1258//1258 1260//1260 1259//1259
f 1259//1259 1260//1260 1254//1254
f 1261//1261 1267//1267 1262//1262
f 1262//1262 1267//1267 1263//1263
f 1263//1263 1267//1267 1264//1264
f 1264//1264 1267//1267 1265//1265
f 1265//1265 1267//1267 1266//1266
f 1266//1266 1267//1267 1261//1261
f 1268//1268 1274//1274 1269//1269
f 1269//1269 1274//1274 1270//1270
f 1270//1270 1274//1274 1271//1271
f 1271//1271 1274//1274 1272//1272
f 1272//1272 1274//1274 1273//1273
f 1273//1273 1274//1274 1268//1268
f 1275//1275 1281//1281 1276//1276
f 1276//1276 1281//1281 1277//1277
f 1277//1277 1281//1281 1278//1278
f 1278//1278 1281//1281 1279//1279
f 1279//1279 1281//1281 1280//1280
f 1280//1280 1281//1281 1275//1275
f 1282//1282 1288//1288 1283//1283
f 1283//1283 1288//1288 1284//1284
f 1284//1284 1288//1288 1285//1285
f 1285//1285 1288//1288 1286//1286
f 1286//1286 1288//1288 1287//1287
f 1287//1287 1288//1288 1282//1282
f 1289//1289 1295//1295 1290//1290
f 1290//1290 1295//1295 1291//1291
f 1291//1291 1295//1295 1292//1292
f 1292//1292 1295//1295 1293//1293
f 1293//1293 1295//1295 1294//1294
f 1294//1294 1295//1295 1289//1289
f 1296//1296 1302//1302 1297//1297
f 1297//1297 1302//1302 1298//1298
f 1298//1298 1302//1302 1299//1299
f 1299//1299 1302//1302 1300//1300
f 1300//1300 1302//1302 1301//1301
f 1301//1301 1302//1302 1296//1296
f 1303//1303 1309//1309 1304//1304
f 1304//1304 1309//1309 1305//1305
f 1305//1305 1309//1309 1306//1306
f 1306//1306 1309//1309 1307//1307
f 1307//1307 1309//1309 1308//1308
f 1308//1308 1309//1309 1303//1303
f 1310//1310 1316//1316 1311//1311
f 1311//1311 1316//1316 1312//1312
f 1312//1312 1316//1316 1313//1313
f 1313//1313 1316//1316 1314//1314
f 1314//1314 1316//1316 1315//1315
f 1315//1315 1316//1316 1310//1310
f 1317//1317 1323//1323 1318//1318
f 1318//1318 1323//1323 1319//1319
f 1319//1319 1323//1323 1320//1320
f 1320//1320 1323//1323 1321//1321
f 1321//1321 1323//1323 1322//1322
f 1322//1322 1323//1323 1317//1317
f 1324//1324 1330//1330 1325//1325
f 1325//1325 1330//1330 1326//1326
f 1326//1326 1330//1330 1327//1327
f 1327//1327 1330//1330 1328//1328
f 1328//1328 1330//1330 1329//1329
f 1329//1329 1330//1330 1324//1324
f 1331//1331 1337//1337 1332//1332
f 1332//1332 1337//1337 1333//1333
f 1333//1333 1337//1337 1334//1334
f 1334//1334 1337//1337 1335//1335
f 1335//1335 1337//1337 1336//1336
f 1336//1336 1337//1337 1331//1331
f 1338//1338 1344//1344 1339//1339
f 1339//1339 1344//1344 1340//1340
f 1340//1340 1344//1344 1341//1341
f 1341//1341 1344//1344 1342//1342
f 1342//1342 1344//1344 1343//1343
f 1343//1343 1344//1344 1338//1338
f 1345//1345 1351//1351 1346//1346
f 1346//1346 1351//1351 1347//1347
f 1347//1347 1351//1351 1348//1348
f 1348//1348 1351//1351 1349//1349
f 1349//1349 1351//1351 1350//1350
f 1350//1350 1351//1351 1345//1345
f 1352//1352 1358//1358 1353//1353
f 1353//1353 1358//1358 1354//1354
f 1354//1354 1358//1358 1355//1355
f 1355//1355 1358//1358 1356//1356
f 1356//1356 1358//1358 1357//1357
f 1357//1357 1358//1358 1352//1352
f 1359//1359 1365//1365 1360//1360
f 1360//1360 1365//1365 1361//1361
f 1361//1361 1365//1365 1362//1362
f 1362//1362 1365//1365 1363//1363
f 1363//1363 1365//1365 1364//1364
f 1364//1364 1365//1365 1359//1359
f 1366//1366 1372//1372 1367//1367
f 1367//1367 1372//1372 1368//1368
f 1368//1368 1372//1372 1369//1369
f 1369//1369 1372//1372 1370//1370
f 1370//1370 1372//1372 1371//1371
f 1371//1371 1372//1372 1366//1366
f 1373//1373 1379//1379 1374//1374
f 1374//1374 1379//1379 1375//1375
f 1375//1375 1379//1379 1376//1376
f 1376//1376 1379//1379 1377//1377
f 1377//1377 1379//1379 1378//1378
f 1378//1378 1379//1379 1373//1373
f 1380//1380 1386//1386 1381//1381
f 1381//1381 1386//1386 1382//1382
f 1382//1382 1386//1386 1383//1383
f 1383//1383 1386//1386 1384//1384
f 1384//1384 1386//1386 1385//1385
f 1385//1385 1386//1386 1380//1380
f 1387//1387 1393//1393 1388//1388
f 1388//1388 1393//1393 1389//1389
f 1389//1389 1393//1393 1390//1390
f 1390//1390 1393//1393 1391//1391
f 1391//1391 1393//1393 1392//1392
f 1392//1392 1393//1393 1387//1387
f 1394//1394 1400//1400 1395//1395
f 1395//1395 1400//1400 1396//1396
f 1396//1396 1400//1400 1397//1397
f 1397//1397 1400//1400 1398//1398
f 1398//1398 1400//1400 1399//1399
f 1399//1399 1400//1400 1394//1394
f 1401//1401 1407//1407 1402//1402
f 1402//1402 1407//1407 1403//1403
f 1403//1403 1407//1407 1404//1404
f 1404//1404 1407//1407 1405//1405
f 1405//1405 1407//1407 1406//1406
f 1406//1406 1407//1407 1401//1401
f 1408//1408 1414//1414 1409//1409
f 1409//1409 1414//1414 1410//1410
f 1410//1410 1414//1414 1411//1411
f 1411//1411 1414//1414 1412//1412
f 1412//1412 1414//1414 1413//1413
f 1413//1413 1414//1414 1408//1408
f 1415//1415 1421//1421 1416//1416
f 1416//1416 1421//1421 1417//1417
f 1417//1417 1421//1421 1418//1418
f 1418//1418 1421//1421 1419//1419
f 1419//1419 1421//1421 1420//1420
f 1420//1420 1421//1421 1415//1415
f 1422//1422 1428//1428 1423//1423
f 1423//1423 1428//1428 1424//1424
f 1424//1424 1428//1428 1425//1425
f 1425//1425 1428//1428 1426//1426
f 1426//1426 1428//1428 1427//1427
f 1427//1427 1428//1428 1422//1422
f 1429//1429 1435//1435 1430//1430
f 1430//1430 1435//1435 1431//1431
f 1431//1431 1435//1435 1432//1432
f 1432//1432 1435//1435 1433//1433
f 1433//1433 1435//1435 1434//1434
f 1434//1434 1435//1435 1429//1429
f 1436//1436 1442//1442 1437//1437
f 1437//1437 1442//1442 1438//1438
f 1438//1438 1442//1442 1439//1439
f 1439//1439 1442//1442 1440//1440
f 1440//1440 1442//1442 1441//1441
f 1441//1441 1442//1442 1436//1436
f 1443//1443 1449//1449 1444//1444
f 1444//1444 1449//1449 1445//1445
f 1445//1445 1449//1449 1446//1446
f 1446//1446 1449//1449 1447//1447
f 1447//1447 1449//1449 1448//1448
f 1448//1448 1449//1449 1443//1443
f 1450//1450 1456//1456 1451//1451
f 1451//1451 1456//1456 1452//1452
f 1452//1452 1456//1456 1453//1453
f 1453//1453 1456//1456 1454//1454
f 1454//1454 1456//1456 1455//1455
f 1455//1455 1456//1456 1450//1450
f 1457//1457 1463//1463 1458//1458
f 1458//1458 1463//1463 1459//1459
f 1459//1459 1463//1463 1460//1460
f 1460//1460 1463//1463 1461//1461
f 1461//1461 1463//1463 1462//1462
f 1462//1462 1463//1463 1457//1457
f 1464//1464 1470//1470 1465//1465
f 1465//1465 1470//1470 1466//1466
f 1466//1466 1470//1470 1467//1467
f 1467//1467 1470//1470 1468//1468
f 1468//1468 1470//1470 1469//1469
f 1469//1469 1470//1470 1464//1464
f 1471//1471 1477//1477 1472//1472
f 1472//1472 1477//1477 1473//1473
f 1473//1473 1477//1477 1474//1474
f 1474//1474 1477//1477 1475//1475
f 1475//1475 1477//1477 1476//1476
f 1476//1476 1477//1477 1471//1471
f 1478//1478 1484//1484 1479//1479
f 1479//1479 1484//1484 1480//1480
f 1480//1480 1484//1484 1481//1481
f 1481//1481 1484//1484 1482//1482
f 1482//1482 1484//1484 1483//1483
f 1483//1483 1484//1484 1478//1478
f 1485//1485 1491//1491 1486//1486
f 1486//1486 1491//1491 1487//1487
f 1487//1487 1491//1491 1488//1488
f 1488//1488 1491//1491 1489//1489
f 1489//1489 1491//1491 1490//1490
f 1490//1490 1491//1491 1485//1485
f 1492//1492 1498//1498 1493//1493
f 1493//1493 1498//1498 1494//1494
f 1494//1494 1498//1498 1495//1495
f 1495//1495 1498//1498 1496//1496
f 1496//1496 1498//1498 1497//1497
f 1497//1497 1498//1498 1492//1492
f 1499//1499 1505//1505 1500//1500
f 1500//1500 1505//1505 1501//1501
f 1501//1501 1505//1505 1502//1502
f 1502//1502 1505//1505 1503//1503
f 1503//1503 1505//1505 1504//1504
f 1504//1504 1505//1505 1499//1499
f 1506//1506 1512//1512 1507//1507
f 1507//1507 1512//1512 1508//1508
f 1508//1508 1512//1512 1509//1509
f 1509//1509 1512//1512 1510//1510
f 1510//1510 1512//1512 1511//1511
f 1511//1511 1512//1512 1506//1506
f 1513//1513 1519//1519 1514//1514
f 1514//1514 1519//1519 1515//1515
f 1515//1515 1519//1519 1516//1516
f 1516//1516 1519//1519 1517//1517
f 1517//1517 1519//1519 1518//1518
f 1518//1518 1519//1519 1513//1513
f 1520//1520 1526//1526 1521//1521
f 1521//1521 1526//1526 1522//1522
f 1522//1522 1526//1526 1523//1523
f 1523//1523 1526//1526 1524//1524
f 1524//1524 1526//1526 1525//1525
f 1525//1525 1526//1526 1520//1520
f 1527//1527 1533//1533 1528//1528
f 1528//1528 1533//1533 1529//1529
f 1529//1529 1533//1533 1530//1530
f 1530//1530 1533//1533 1531//1531
f 1531//1531 1533//1533 1532//1532
f 1532//1532 1533//1533 1527//1527
f 1534//1534 1540//1540 1535//1535
f 1535//1535 1540//1540 1536//1536
f 1536//1536 1540//1540 1537//1537
f 1537//1537 1540//1540 1538//1538
f 1538//1538 1540//1540 1539//1539
f 1539//1539 1540//1540 1534//1534
f 1541//1541 1547//1547 1542//1542
f 1542//1542 1547//1547 1543//1543
f 1543//1543 1547//1547 1544//1544
f 1544//1544 1547//1547 1545//1545
f 1545//1545 1547//1547 1546//1546
f 1546//1546 1547//1547 1541//1541
f 1548//1548 1554//1554 1549//1549
f 1549//1549 1554//1554 1550//1550
f 1550//1550 1554//1554 1551//1551
f 1551//1551 1554//1554 1552//1552
f 1552//1552 1554//1554 1553//1553
f 1553//1553 1554//1554 1548//1548
f 1555//1555 1561//1561 1556//1556
f 1556//1556 1561//1561 1557//1557
f 1557//1557 1561//1561 1558//1558
f 1558//1558 1561//1561 1559//1559
f 1559//1559 1561//1561 1560//1560
f 1560//1560 1561//1561 1555//1555
f 1562//1562 1568//1568 1563//1563
f 1563//1563 1568//1568 1564//1564
f 1564//1564 1568//1568 1565//1565
f 1565//1565 1568//1568 1566//1566
f 1566//1566 1568//1568 1567//1567
f 1567//1567 1568//1568 1562//1562
f 1569//1569 1575//1575 1570//1570
f 1570//1570 1575//1575 1571//1571
f 1571//1571 1575//1575 1572//1572
f 1572//1572 1575//1575 1573//1573
f 1573//1573 1575//1575 1574//1574
f 1574//1574 1575//1575 1569//1569
f 1576//1576 1582//1582 1577//1577
f 1577//1577 1582//1582 1578//1578
f 1578//1578 1582//1582 1579//1579
f 1579//1579 1582//1582 1580//1580
f 1580//1580 1582//1582 1581//1581
f 1581//1581 1582//1582 1576//1576
f 1583//1583 1589//1589 1584//1584
f 1584//1584 1589//1589 1585//1585
f 1585//1585 1589//1589 1586//1586
f 1586//1586 1589//1589 1587//1587
f 1587//1587 1589//1589 1588//1588
f 1588//1588 1589//1589 1583//1583
f 1590//1590 1596//1596 1591//1591
f 1591//1591 1596//1596 1592//1592
f 1592//1592 1596//1596 1593//1593
f 1593//1593 1596//1596 1594//1594
f 1594//1594 1596//1596 1595//1595
f 1595//1595 1596//1596 1590//1590
f 1597//1597 1603//1603 1598//1598
f 1598//1598 1603//1603 1599//1599
f 1599//1599 1603//1603 1600//1600
f 1600//1600 1603//1603 1601//1601
f 1601//1601 1603//1603 1602//1602
f 1602//1602 1603//1603 1597//1597
f 1604//1604 1610//1610 1605//1605
f 1605//1605 1610//1610 1606//1606
f 1606//1606 1610//1610 1607//1607
f 1607//1607 1610//1610 1608//1608
f 1608//1608 1610//1610 1609//1609
f 1609//1609 1610//1610 1604//1604
f 1611//1611 1617//1617 1612//1612
f 1612//1612 1617//1617 1613//1613
f 1613//1613 1617//1617 1614//1614
f 1614//1614 1617//1617 1615//1615
f 1615//1615 1617//1617 1616//1616
f 1616//1616 1617//1617 1611//1611
f 1618//1618 1624//1624 1619//1619
f 1619//1619 1624//1624 1620//1620
f 1620//1620 1624//1624 1621//1621
f 1621//1621 1624//1624 1622//1622
f 1622//1622 1624//1624 1623//1623
f 1623//1623 1624//1624 1618//1618
f 1625//1625 1631//1631 1626//1626
f 1626//1626 1631//1631 1627//1627
f 1627//1627 1631//1631 1628//1628
f 1628//1628 1631//1631 1629//1629
f 1629//1629 1631//1631 1630//1630
f 1630//1630 1631//1631 1625//1625
f 1632//1632 1638//1638 1633//1633
f 1633//1633 1638//1638 1634//1634
f 1634//1634 1638//1638 1635//1635
f 1635//1635 1638//1638 1636//1636
f 1636//1636 1638//1638 1637//1637
f 1637//1637 1638//1638 1632//1632
f 1639//1639 1645//1645 1640//1640
f 1640//1640 1645//1645 1641//1641
f 1641//1641 1645//1645 1642//1642
f 1642//1642 1645//1645 1643//1643
f 1643//1643 1645//1645 1644//1644
f 1644//1644 1645//1645 1639//1639
f 1646//1646 1652//1652 1647//1647
f 1647//1647 1652//1652 1648//1648
f 1648//1648 1652//1652 1649//1649
f 1649//1649 1652//1652 1650//1650
f 1650//1650 1652//1652 1651//1651
f 1651//1651 1652//1652 1646//1646
f 1653//1653 1659//1659 1654//1654
f 1654//1654 1659//1659 1655//1655
f 1655//1655 1659//1659 1656//1656
f 1656//1656 1659//1659 1657//1657
f 1657//1657 1659//1659 1658//1658
f 1658//1658 1659//1659 1653//1653
f 1660//1660 1666//1666 1661//1661
f 1661//1661 1666//1666 1662//1662
f 1662//1662 1666//1666 1663//1663
f 1663//1663 1666//1666 1664//1664
f 1664//1664 1666//1666 1665//1665
f 1665//1665 1666//1666 1660//1660
f 1667//1667 1673//1673 1668//1668
f 1668//1668 1673//1673 1669//1669
f 1669//1669 1673//1673 1670//1670
f 1670//1670 1673//1673 1671//1671
f 1671//1671 1673//1673 1672//1672
f 1672//1672 1673//1673 1667//1667
f 1674//1674 1680//1680 1675//1675
f 1675//1675 1680//1680 1676//1676
f 1676//1676 1680//1680 1677//1677
f 1677//1677 1680//1680 1678//1678
f 1678//1678 1680//1680 1679//1679
f 1679//1679 1680//1680 1674//1674
f 1681//1681 1687//1687 1682//1682
f 1682//1682 1687//1687 1683//1683
f 1683//1683 1687//1687 1684//1684
f 1684//1684 1687//1687 1685//1685
f 1685//1685 1687//1687 1686//1686
f 1686//1686 1687//1687 1681//1681
f 1688//1688 1694//1694 1689//1689
f 1689//1689 1694//1694 1690//1690
f 1690//1690 1694//1694 1691//1691
f 1691//1691 1694//1694 1692//1692
f 1692//1692 1694//1694 1693//1693
f 1693//1693 1694//1694 1688//1688
f 1695//1695 1701//1701 1696//1696
f 1696//1696 1701//1701 1697//1697
f 1697//1697 1701//1701 1698//1698
f 1698//1698 1701//1701 1699//1699
f 1699//1699 1701//1701 1700//1700
f 1700//1700 1701//1701 1695//1695
f 1702//1702 1708//1708 1703//1703
f 1703//1703 1708//1708 1704//1704
f 1704//1704 1708//1708 1705//1705
f 1705//1705 1708//1708 1706//1706
f 1706//1706 1708//1708 1707//1707
f 1707//1707 1708//1708 1702//1702
f 1709//1709 1715//1715 1710//1710
f 1710//1710 1715//1715 1711//1711
f 1711//1711 1715//1715 1712//1712
f 1712//1712 1715//1715 1713//1713
f 1713//1713 1715//1715 1714//1714
f 1714//1714 1715//1715 1709//1709
f 1716//1716 1722//1722 1717//1717
f 1717//1717 1722//1722 1718//1718
f 1718//1718 1722//1722 1719//1719
f 1719//1719 1722//1722 1720//1720
f 1720//1720 1722//1722 1721//1721
f 1721//1721 1722//1722 1716//1716
f 1723//1723 1729//1729 1724//1724
f 1724//1724 1729//1729 1725//1725
f 1725//1725 1729//1729 1726//1726
f 1726//1726 1729//1729 1727//1727
f 1727//1727 1729//1729 1728//1728
f 1728//1728 1729//1729 1723//1723
f 1730//1730 1736//1736 1731//1731
f 1731//1731 1736//1736 1732//1732
f 1732//1732 1736//1736 1733//1733
f 1733//1733 1736//1736 1734//1734
f 1734//1734 1736//1736 1735//1735
f 1735//1735 1736//1736 1730//1730
f 1737//1737 1743//1743 1738//1738
f 1738//1738 1743//1743 1739//1739
f 1739//1739 1743//1743 1740//1740
f 1740//1740 1743//1743 1741//1741
f 1741//1741 1743//1743 1742//1742
f 1742//1742 1743//1743 1737//1737
f 1744//1744 1750//1750 1745//1745
f 1745//1745 1750//1750 1746//1746
f 1746//1746 1750//1750 1747//1747
f 1747//1747 1750//1750 1748//1748
f 1748//1748 1750//1750 1749//1749
f 1749//1749 1750//1750 1744//1744
f 1751//1751 1757//1757 1752//1752
f 1752//1752 1757//1757 1753//1753
f 1753//1753 1757//1757 1754//1754
f 1754//1754 1757//1757 1755//1755
f 1755//1755 1757//1757 1756//1756
f 1756//1756 1757//1757 1751//1751
f 1758//1758 1764//1764 1759//1759
f 1759//1759 1764//1764 1760//1760
f 1760//1760 1764//1764 1761//1761
f 1761//1761 1764//1764 1762//1762
f 1762//1762 1764//1764 1763//1763
f 1763//1763 1764//1764 1758//1758
f 1765//1765 1771//1771 1766//1766
f 1766//1766 1771//1771 1767//1767
f 1767//1767 1771//1771 1768//1768
f 1768//1768 1771//1771 1769//1769
f 1769//1769 1771//1771 1770//1770
f 1770//1770 1771//1771 1765//1765
f 1772//1772 1778//1778 1773//1773
f 1773//1773 1778//1778 1774//1774
f 1774//1774 1778//1778 1775//1775
f 1775//1775 1778//1778 1776//1776
f 1776//1776 1778//1778 1777//1777
f 1777//1777 1778//1778 1772//1772
f 1779//1779 1785//1785 1780//1780
f 1780//1780 1785//1785 1781//1781
f 1781//1781 1785//1785 1782//1782
f 1782//1782 1785//1785 1783//1783
f 1783//1783 1785//1785 1784//1784
f 1784//1784 1785//1785 1779//1779
f 1786//1786 1792//1792 1787//1787
f 1787//1787 1792//1792 1788//1788
f 1788//1788 1792//1792 1789//1789
f 1789//1789 1792//1792 1790//1790
f 1790//1790 1792//1792 1791//1791
f 1791//1791 1792//1792 1786//1786
f 1793//1793 1799//1799 1794//1794
f 1794//1794 1799//1799 1795//1795
f 1795//1795 1799//1799 1796//1796
f 1796//1796 1799//1799 1797//1797
f 1797//1797 1799//1799 1798//1798
f 1798//1798 1799//1799 1793//1793
f 1800//1800 1806//1806 1801//1801
f 1801//1801 1806//1806 1802//1802
f 1802//1802 1806//1806 1803//1803
f 1803//1803 1806//1806 1804//1804
f 1804//1804 1806//1806 1805//1805
f 1805//1805 1806//1806 1800//1800
f 1807//1807 1813//1813 1808//1808
f 1808//1808 1813//1813 1809//1809
f 1809//1809 1813//1813 1810//1810
f 1810//1810 1813//1813 1811//1811
f 1811//1811 1813//1813 1812//1812
f 1812//1812 1813//1813 1807//1807
f 1814//1814 1820//1820 1815//1815
f 1815//1815 1820//1820 1816//1816
f 1816//1816 1820//1820 1817//1817
f 1817//1817 1820//1820 1818//1818
f 1818//1818 1820//1820 1819//1819
f 1819//1819 1820//1820 1814//1814
f 1821//1821 1827//1827 1822//1822
f 1822//1822 1827//1827 1823//1823
f 1823//1823 1827//1827 1824//1824
f 1824//1824 1827//1827 1825//1825
f 1825//1825 1827//1827 1826//1826
f 1826//1826 1827//1827 1821//1821
f 1828//1828 1834//1834 1829//1829
f 1829//1829 1834//1834 1830//1830
f 1830//1830 1834//1834 1831//1831
f 1831//1831 1834//1834 1832//1832
f 1832//1832 1834//1834 1833//1833
f 1833//1833 1834//1834 1828//1828
f 1835//1835 1841//1841 1836//1836
f 1836//1836 1841//1841 1837//1837
f 1837//1837 1841//1841 1838//1838
f 1838//1838 1841//1841 1839//1839
f 1839//1839 1841//1841 1840//1840
f 1840//1840 1841//1841 1835//1835
f 1842//1842 1848//1848 1843//1843
f 1843//1843 1848//1848 1844//1844
f 1844//1844 1848//1848 1845//1845
f 1845//1845 1848//1848 1846//1846
f 1846//1846 1848//1848 1847//1847
f 1847//1847 1848//1848 1842//1842
f 1849//1849 1855//1855 1850//1850
f 1850//1850 1855//1855 1851//1851
f 1851//1851 1855//1855 1852//1852
f 1852//1852 1855//1855 1853//1853
f 1853//1853 1855//1855 1854//1854
f 1854//1854 1855//1855 1849//1849
f 1856//1856 1862//1862 1857//1857
f 1857//1857 1862//1862 1858//1858
f 1858//1858 1862//1862 1859//1859
f 1859//1859 1862//1862 1860//1860
f 1860//1860 1862//1862 1861//1861
f 1861//1861 1862//1862 1856//1856
f 1863//1863 1869//1869 1864//1864
f 1864//1864 1869//1869 1865//1865
f 1865//1865 1869//1869 1866//1866
f 1866//1866 1869//1869 1867//1867
f 1867//1867 1869//1869 1868//1868
f 1868//1868 1869//1869 1863//1863
f 1870//1870 1876//1876 1871//1871
f 1871//1871 1876//1876 1872//1872
f 1872//1872 1876//1876 1873//1873
f 1873//1873 1876//1876 1874//1874
f 1874//1874 1876//1876 1875//1875
f 1875//1875 1876//1876 1870//1870
f 1877//1877 1883//1883 1878//1878
f 1878//1878 1883//1883 1879//1879
f 1879//1879 1883//1883 1880//1880
f 1880//1880 1883//1883 1881//1881
f 1881//1881 1883//1883 1882//1882
f 1882//1882 1883//1883 1877//1877
f 1884//1884 1890//1890 1885//1885
f 1885//1885 1890//1890 1886//1886
f 1886//1886 1890//1890 1887//1887
f 1887//1887 1890//1890 1888//1888
f 1888//1888 1890//1890 1889//1889
f 1889//1889 1890//1890 1884//1884
f 1891//1891 1897//1897 1892//1892
f 1892//1892 1897//1897 1893//1893
f 1893//1893 1897//1897 1894//1894
f 1894//1894 1897//1897 1895//1895
f 1895//1895 1897//1897 1896//1896
f 1896//1896 1897//1897 1891//1891
f 1898//1898 1904//1904 1899//1899
f 1899//1899 1904//1904 1900//1900
f 1900//1900 1904//1904 1901//1901
f 1901//1901 1904//1904 1902//1902
f 1902//1902 1904//1904 1903//1903
f 1903//1903 1904//1904 1898//1898
f 1905//1905 1911//1911 1906//1906
f 1906//1906 1911//1911 1907//1907
f 1907//1907 1911//1911 1908//1908
f 1908//1908 1911//1911 1909//1909
f 1909//1909 1911//1911 1910//1910
f 1910//1910 1911//1911 1905//1905
f 1912//1912 1918//1918 1913//1913
f 1913//1913 1918//1918 1914//1914
f 1914//1914 1918//1918 1915//1915
f 1915//1915 1918//1918 1916//1916
f 1916//1916 1918//1918 1917//1917
f 1917//1917 1918//1918 1912//1912
f 1919//1919 1925//1925 1920//1920
f 1920//1920 1925//1925 1921//1921
f 1921//1921 1925//1925 1922//1922
f 1922//1922 1925//1925 1923//1923
f 1923//1923 1925//1925 1924//1924
f 1924//1924 1925//1925 1919//1919
f 1926//1926 1932//1932 1927//1927
f 1927//1927 1932//1932 1928//1928
f 1928//1928 1932//1932 1929//1929
f 1929//1929 1932//1932 1930//1930
f 1930//1930 1932//1932 1931//1931
f 1931//1931 1932//1932 1926//1926
f 1933//1933 1939//1939 1934//1934
f 1934//1934 1939//1939 1935//1935
f 1935//1935 1939//1939 1936//1936
f 1936//1936 1939//1939 1937//1937
f 1937//1937 1939//1939 1938//1938
f 1938//1938 1939//1939 1933//1933
f 1940//1940 1946//1946 1941//1941
f 1941//1941 1946//1946 1942//1942
f 1942//1942 1946//1946 1943//1943
f 1943//1943 1946//1946 1944//1944
f 1944//1944 1946//1946 1945//1945
f 1945//1945 1946//1946 1940//1940
f 1947//1947 1953//1953 1948//1948
f 1948//1948 1953//1953 1949//1949
f 1949//1949 1953//1953 1950//1950
f 1950//1950 1953//1953 1951//1951
f 1951//1951 1953//1953 1952//1952
f 1952//1952 1953//1953 1947//1947
f 1954//1954 1960//1960 1955//1955
f 1955//1955 1960//1960 1956//1956
f 1956//1956 1960//1960 1957//1957
f 1957//1957 1960//1960 1958//1958
f 1958//1958 1960//1960 1959//1959
f 1959//1959 1960//1960 1954//1954
f 1961//1961 1967//1967 1962//1962
f 1962//1962 1967//1967 1963//1963
f 1963//1963 1967//1967 1964//1964
f 1964//1964 1967//1967 1965//1965
f 1965//1965 1967//1967 1966//1966
f 1966//1966 1967//1967 1961//1961
f 1968//1968 1974//1974 1969//1969
f 1969//1969 1974//1974 1970//1970
f 1970//1970 1974//1974 1971//1971
f 1971//1971 1974//1974 1972//1972
f 1972//1972 1974//1974 1973//1973
f 1973//1973 1974//1974 1968//1968
f 1975//1975 1981//1981 1976//1976
f 1976//1976 1981//1981 1977//1977
f 1977//1977 1981//1981 1978//1978
f 1978//1978 1981//1981 1979//1979
f 1979//1979 1981//1981 1980//1980
f 1980//1980 1981//1981 1975//1975
f 1982//1982 1988//1988 1983//1983
f 1983//1983 1988//1988 1984//1984
f 1984//1984 1988//1988 1985//1985
f 1985//1985 1988//1988 1986//1986
f 1986//1986 1988//1988 1987//1987
f 1987//1987 1988//1988 1982//1982
f 1989//1989 1995//1995 1990//1990
f 1990//1990 1995//1995 1991//1991
f 1991//1991 1995//1995 1992//1992
f 1992//1992 1995//1995 1993//1993
f 1993//1993 1995//1995 1994//1994
f 1994//1994 1995//1995 1989//1989
f 1996//1996 2002//2002 1997//1997
f 1997//1997 2002//2002 1998//1998
f 1998//1998 2002//2002 1999//1999
f 1999//1999 2002//2002 2000//2000
f 2000//2000 2002//2002 2001//2001
f 2001//2001 2002//2002 1996//1996
f 2003//2003 2009//2009 2004//2004
f 2004//2004 2009//2009 2005//2005
f 2005//2005 2009//2009 2006//2006
f 2006//2006 2009//2009 2007//2007
f 2007//2007 2009//2009 2008//2008
f 2008//2008 2009//2009 2003//2003
f 2010//2010 2016//2016 2011//2011
f 2011//2011 2016//2016 2012//2012
f 2012//2012 2016//2016 2013//2013
f 2013//2013 2016//2016 2014//2014
f 2014//2014 2016//2016 2015//2015
f 2015//2015 2016//2016 2010//2010
f 2017//2017 2023//2023 2018//2018
f 2018//2018 2023//2023 2019//2019
f 2019//2019 2023//2023 2020//2020
f 2020//2020 2023//2023 2021//2021
f 2021//2021 2023//2023 2022//2022
f 2022//2022 2023//2023 2017//2017
f 2024//2024 2030//2030 2025//2025
f 2025//2025 2030//2030 2026//2026
f 2026//2026 2030//2030 2027//2027
f 2027//2027 2030//2030 2028//2028
f 2028//2028 2030//2030 2029//2029
f 2029//2029 2030//2030 2024//2024
f 2031//2031 2037//2037 2032//2032
f 2032//2032 2037//2037 2033//2033
f 2033//2033 2037//2037 2034//2034
f 2034//2034 2037//2037 2035//2035
f 2035//2035 2037//2037 2036//2036
f 2036//2036 2037//2037 2031//2031
f 2038//2038 2044//2044 2039//2039
f 2039//2039 2044//2044 2040//2040
f 2040//2040 2044//2044 2041//2041
f 2041//2041 2044//2044 2042//2042
f 2042//2042 2044//2044 2043//2043
f 2043//2043 2044//2044 2038//2038
f 2045//2045 2051//2051 2046//2046
f 2046//2046 2051//2051 2047//2047
f 2047//2047 2051//2051 2048//2048
f 2048//2048 2051//2051 2049//2049
f 2049//2049 2051//2051 2050//2050
f 2050//2050 2051//2051 2045//2045
f 2052//2052 2058//2058 2053//2053
f 2053//2053 2058//2058 2054//2054
f 2054//2054 2058//2058 2055//2055
f 2055//2055 2058//2058 2056//2056
f 2056//2056 2058//2058 2057//2057
f 2057//2057 2058//2058 2052//2052
f 2059//2059 2065//2065 2060//2060
f 2060//2060 2065//2065 2061//2061
f 2061//2061 2065//2065 2062//2062
f 2062//2062 2065//2065 2063//2063
f 2063//2063 2065//2065 2064//2064
f 2064//2064 2065//2065 2059//2059
f 2066//2066 2072//2072 2067//2067
f 2067//2067 2072//2072 2068//2068
f 2068//2068 2072//2072 2069//2069
f 2069//2069 2072//2072 2070//2070
f 2070//2070 2072//2072 2071//2071
f 2071//2071 2072//2072 2066//2066
f 2073//2073 2079//2079 2074//2074
f 2074//2074 2079//2079 2075//2075
f 2075//2075 2079//2079 2076//2076
f 2076//2076 2079//2079 2077//2077
f 2077//2077 2079//2079 2078//2078
f 2078//2078 2079//2079 2073//2073
f 2080//2080 2086//2086 2081//2081
f 2081//2081 2086//2086 2082//2082
f 2082//2082 2086//2086 2083//2083
f 2083//2083 2086//2086 2084//2084
f 2084//2084 2086//2086 2085//2085
f 2085//2085 2086//2086 2080//2080
f 2087//2087 2093//2093 2088//2088
f 2088//2088 2093//2093 2089//2089
f 2089//2089 2093//2093 2090//2090
f 2090//2090 2093//2093 2091//2091
f 2091//2091 2093//2093 2092//2092
f 2092//2092 2093//2093 2087//2087
f 2094//2094 2100//2100 2095//2095
f 2095//2095 2100//2100 2096//2096
f 2096//2096 2100//2100 2097//2097
f 2097//2097 2100//2100 2098//2098
f 2098//2098 2100//2100 2099//2099
f 2099//2099 2100//2100 2094//2094
f 2101//2101 2107//2107 2102//2102
f 2102//2102 2107//2107 2103//2103
f 2103//2103 2107//2107 2104//2104
f 2104//2104 2107//2107 2105//2105
f 2105//2105 2107//2107 2106//2106
f 2106//2106 2107//2107 2101//2101
f 2108//2108 2114//2114 2109//2109
f 2109//2109 2114//2114 2110//2110
f 2110//2110 2114//2114 2111//2111
f 2111//2111 2114//2114 2112//2112
f 2112//2112 2114//2114 2113//2113
f 2113//2113 2114//2114 2108//2108
f 2115//2115 2121//2121 2116//2116
f 2116//2116 2121//2121 2117//2117
f 2117//2117 2121//2121 2118//2118
f 2118//2118 2121//2121 2119//2119
f 2119//2119 2121//2121 2120//2120
f 2120//2120 2121//2121 2115//2115
f 2122//2122 2128//2128 2123//2123
f 2123//2123 2128//2128 2124//2124
f 2124//2124 2128//2128 2125//2125
f 2125//2125 2128//2128 2126//2126
f 2126//2126 2128//2128 2127//2127
f 2127//2127 2128//2128 2122//2122
f 2129//2129 2135//2135 2130//2130
f 2130//2130 2135//2135 2131//2131
f 2131//2131 2135//2135 2132//2132
f 2132//2132 2135//2135 2133//2133
f 2133//2133 2135//2135 2134//2134
f 2134//2134 2135//2135 2129//2129
f 2136//2136 2142//2142 2137//2137
f 2137//2137 2142//2142 2138//2138
f 2138//2138 2142//2142 2139//2139
f 2139//2139 2142//2142 2140//2140
f 2140//2140 2142//2142 2141//2141
f 2141//2141 2142//2142 2136//2136
f 2143//2143 2149//2149 2144//2144
f 2144//2144 2149//2149 2145//2145
f 2145//2145 2149//2149 2146//2146
f 2146//2146 2149//2149 2147//2147
f 2147//2147 2149//2149 2148//2148
f 2148//2148 2149//2149 2143//2143
f 2150//2150 2156//2156 2151//2151
f 2151//2151 2156//2156 2152//2152
f 2152//2152 2156//2156 2153//2153
f 2153//2153 2156//2156 2154//2154
f 2154//2154 2156//2156 2155//2155
f 2155//2155 2156//2156 2150//2150
f 2157//2157 2163//2163 2158//2158
f 2158//2158 2163//2163 2159//2159
f 2159//2159 2163//2163 2160//2160
f 2160//2160 2163//2163 2161//2161
f 2161//2161 2163//2163 2162//2162
f 2162//2162 2163//2163 2157//2157
f 2164//2164 2170//2170 2165//2165
f 2165//2165 2170//2170 2166//2166
f 2166//2166 2170//2170 2167//2167
f 2167//2167 2170//2170 2168//2168
f 2168//2168 2170//2170 2169//2169
f 2169//2169 2170//2170 2164//2164
f 2171//2171 2177//2177 2172//2172
f 2172//2172 2177//2177 2173//2173
f 2173//2173 2177//2177 2174//2174
f 2174//2174 2177//2177 2175//2175
f 2175//2175 2177//2177 2176//2176
f 2176//2176 2177//2177 2171//2171
f 2178//2178 2184//2184 2179//2179
f 2179//2179 2184//2184 2180//2180
f 2180//2180 2184//2184 2181//2181
f 2181//2181 2184//2184 2182//2182
f 2182//2182 2184//2184 2183//2183
f 2183//2183 2184//2184 2178//2178
f 2185//2185 2191//2191 2186//2186
f 2186//2186 2191//2191 2187//2187
f 2187//2187 2191//2191 2188//2188
f 2188//2188 2191//2191 2189//2189
f 2189//2189 2191//2191 2190//2190
f 2190//2190 2191//2191 2185//2185
f 2192//2192 2198//2198 2193//2193
f 2193//2193 2198//2198 2194//2194
f 2194//2194 2198//2198 2195//2195
f 2195//2195 2198//2198 2196//2196
f 2196//2196 2198//2198 2197//2197
f 2197//2197 2198//2198 2192//2192
f 2199//2199 2205//2205 2200//2200
f 2200//2200 2205//2205 2201//2201
f 2201//2201 2205//2205 2202//2202
f 2202//2202 2205//2205 2203//2203
f 2203//2203 2205//2205 2204//2204
f 2204//2204 2205//2205 2199//2199
f 2206//2206 2212//2212 2207//2207
f 2207//2207 2212//2212 2208//2208
f 2208//2208 2212//2212 2209//2209
f 2209//2209 2212//2212 2210//2210
f 2210//2210 2212//2212 2211//2211
f 2211//2211 2212//2212 2206//2206
f 2213//2213 2219//2219 2214//2214
f 2214//2214 2219//2219 2215//2215
f 2215//2215 2219//2219 2216//2216
f 2216//2216 2219//2219 2217//2217
f 2217//2217 2219//2219 2218//2218
f 2218//2218 2219//2219 2213//2213
f 2220//2220 2226//2226 2221//2221
f 2221//2221 2226//2226 2222//2222
f 2222//2222 2226//2226 2223//2223
f 2223//2223 2226//2226 2224//2224
f 2224//2224 2226//2226 2225//2225
f 2225//2225 2226//2226 2220//2220
f 2227//2227 2233//2233 2228//2228
f 2228//2228 2233//2233 2229//2229
f 2229//2229 2233//2233 2230//2230
f 2230//2230 2233//2233 2231//2231
f 2231//2231 2233//2233 2232//2232
f 2232//2232 2233//2233 2227//2227
f 2234//2234 2240//2240 2235//2235
f 2235//2235 2240//2240 2236//2236
f 2236//2236 2240//2240 2237//2237
f 2237//2237 2240//2240 2238//2238
f 2238//2238 2240//2240 2239//2239
f 2239//2239 2240//2240 2234//2234
f 2241//2241 2247//2247 2242//2242
f 2242//2242 2247//2247 2243//2243
f 2243//2243 2247//2247 2244//2244
f 2244//2244 2247//2247 2245//2245
f 2245//2245 2247//2247 2246//2246
f 2246//2246 2247//2247 2241//2241
f 2248//2248 2254//2254 2249//2249
f 2249//2249 2254//2254 2250//2250
f 2250//2250 2254//2254 2251//2251
f 2251//2251 2254//2254 2252//2252
f 2252//2252 2254//2254 2253//2253
f 2253//2253 2254//2254 2248//2248
f 2255//2255 2261//2261 2256//2256
f 2256//2256 2261//2261 2257//2257
f 2257//2257 2261//2261 2258//2258
f 2258//2258 2261//2261 2259//2259
f 2259//2259 2261//2261 2260//2260
f 2260//2260 2261//2261 2255//2255
f 2262//2262 2268//2268 2263//2263
f 2263//2263 2268//2268 2264//2264
f 2264//2264 2268//2268 2265//2265
f 2265//2265 2268//2268 2266//2266
f 2266//2266 2268//2268 2267//2267
f 2267//2267 2268//2268 2262//2262
f 2269//2269 2275//2275 2270//2270
f 2270//2270 2275//2275 2271//2271
f 2271//2271 2275//2275 2272//2272
f 2272//2272 2275//2275 2273//2273
f 2273//2273 2275//2275 2274//2274
f 2274//2274 2275//2275 2269//2269
f 2276//2276 2282//2282 2277//2277
f 2277//2277 2282//2282 2278//2278
f 2278//2278 2282//2282 2279//2279
f 2279//2279 2282//2282 2280//2280
f 2280//2280 2282//2282 2281//2281
f 2281//2281 2282//2282 2276//2276
f 2283//2283 2289//2289 2284//2284
f 2284//2284 2289//2289 2285//2285
f 2285//2285 2289//2289 2286//2286
f 2286//2286 2289//2289 2287//2287
f 2287//2287 2289//2289 2288//2288
f 2288//2288 2289//2289 2283//2283
f 2290//2290 2296//2296 2291//2291
f 2291//2291 2296//2296 2292//2292
f 2292//2292 2296//2296 2293//2293
f 2293//2293 2296//2296 2294//2294
f 2294//2294 2296//2296 2295//2295
f 2295//2295 2296//2296 2290//2290
f 2297//2297 2303//2303 2298//2298
f 2298//2298 2303//2303 2299//2299
f 2299//2299 2303//2303 2300//2300
f 2300//2300 2303//2303 2301//2301
f 2301//2301 2303//2303 2302//2302
f 2302//2302 2303//2303 2297//2297
f 2304//2304 2310//2310 2305//2305
f 2305//2305 2310//2310 2306//2306
f 2306//2306 2310//2310 2307//2307
f 2307//2307 2310//2310 2308//2308
f 2308//2308 2310//2310 2309//2309
f 2309//2309 2310//2310 2304//2304
f 2311//2311 2317//2317 2312//2312
f 2312//2312 2317//2317 2313//2313
f 2313//2313 2317//2317 2314//2314
f 2314//2314 2317//2317 2315//2315
f 2315//2315 2317//2317 2316//2316
f 2316//2316 2317//2317 2311//2311
f 2318//2318 2324//2324 2319//2319
f 2319//2319 2324//2324 2320//2320
f 2320//2320 2324//2324 2321//2321
f 2321//2321 2324//2324 2322//2322
f 2322//2322 2324//2324 2323//2323
f 2323//2323 2324//2324 2318//2318
f 2325//2325 2331//2331 2326//2326
f 2326//2326 2331//2331 2327//2327
f 2327//2327 2331//2331 2328//2328
f 2328//2328 2331//2331 2329//2329
f 2329//2329 2331//2331 2330//2330
f 2330//2330 2331//2331 2325//2325
f 2332//2332 2338//2338 2333//2333
f 2333//2333 2338//2338 2334//2334
f 2334//2334 2338//2338 2335//2335
f 2335//2335 2338//2338 2336//2336
f 2336//2336 2338//2338 2337//2337
f 2337//2337 2338//2338 2332//2332
f 2339//2339 2345//2345 2340//2340
f 2340//2340 2345//2345 2341//2341
f 2341//2341 2345//2345 2342//2342
f 2342//2342 2345//2345 2343//2343
f 2343//2343 2345//2345 2344//2344
f 2344//2344 2345//2345 2339//2339
f 2346//2346 2352//2352 2347//2347
f 2347//2347 2352//2352 2348//2348
f 2348//2348 2352//2352 2349//2349
f 2349//2349 2352//2352 2350//2350
f 2350//2350 2352//2352 2351//2351
f 2351//2351 2352//2352 2346//2346
f 2353//2353 2359//2359 2354//2354
f 2354//2354 2359//2359 2355//2355
f 2355//2355 2359//2359 2356//2356
f 2356//2356 2359//2359 2357//2357
f 2357//2357 2359//2359 2358//2358
f 2358//2358 2359//2359 2353//2353
f 2360//2360 2366//2366 2361//2361
f 2361//2361 2366//2366 2362//2362
f 2362//2362 2366//2366 2363//2363
f 2363//2363 2366//2366 2364//2364
f 2364//2364 2366//2366 2365//2365
f 2365//2365 2366//2366 2360//2360
f 2367//2367 2373//2373 2368//2368
f 2368//2368 2373//2373 2369//2369
f 2369//2369 2373//2373 2370//2370
f 2370//2370 2373//2373 2371//2371
f 2371//2371 2373//2373 2372//2372
f 2372//2372 2373//2373 2367//2367
f 2374//2374 2380//2380 2375//2375
f 2375//2375 2380//2380 2376//2376
f 2376//2376 2380//2380 2377//2377
f 2377//2377 2380//2380 2378//2378
f 2378//2378 2380//2380 2379//2379
f 2379//2379 2380//2380 2374//2374
f 2381//2381 2387//2387 2382//2382
f 2382//2382 2387//2387 2383//2383
f 2383//2383 2387//2387 2384//2384
f 2384//2384 2387//2387 2385//2385
f 2385//2385 2387//2387 2386//2386
f 2386//2386 2387//2387 2381//2381
f 2388//2388 2394//2394 2389//2389
f 2389//2389 2394//2394 2390//2390
f 2390//2390 2394//2394 2391//2391
f 2391//2391 2394//2394 2392//2392
f 2392//2392 2394//2394 2393//2393
f 2393//2393 2394//2394 2388//2388
f 2395//2395 2401//2401 2396//2396
f 2396//2396 2401//2401 2397//2397
f 2397//2397 2401//2401 2398//2398
f 2398//2398 2401//2401 2399//2399
f 2399//2399 2401//2401 2400//2400
f 2400//2400 2401//2401 2395//2395
f 2402//2402 2408//2408 2403//2403
f 2403//2403 2408//2408 2404//2404
f 2404//2404 2408//2408 2405//2405
f 2405//2405 2408//2408 2406//2406
f 2406//2406 2408//2408 2407//2407
f 2407//2407 2408//2408 2402//2402
f 2409//2409 2415//2415 2410//2410
f 2410//2410 2415//2415 2411//2411
f 2411//2411 2415//2415 2412//2412
f 2412//2412 2415//2415 2413//2413
f 2413//2413 2415//2415 2414//2414
f 2414//2414 2415//2415 2409//2409
f 2416//2416 2422//2422 2417//2417
f 2417//2417 2422//2422 2418//2418
f 2418//2418 2422//2422 2419//2419
f 2419//2419 2422//2422 2420//2420
f 2420//2420 2422//2422 2421//2421
f 2421//2421 2422//2422 2416//2416
f 2423//2423 2429//2429 2424//2424
f 2424//2424 2429//2429 2425//2425
f 2425//2425 2429//2429 2426//2426
f 2426//2426 2429//2429 2427//2427
f 2427//2427 2429//2429 2428//2428
f 2428//2428 2429//2429 2423//2423
f 2430//2430 2436//2436 2431//2431
f 2431//2431 2436//2436 2432//2432
f 2432//2432 2436//2436 2433//2433
f 2433//2433 2436//2436 2434//2434
f 2434//2434 2436//2436 2435//2435
f 2435//2435 2436//2436 2430//2430
f 2437//2437 2443//2443 2438//2438
f 2438//2438 2443//2443 2439//2439
f 2439//2439 2443//2443 2440//2440
f 2440//2440 2443//2443 2441//2441
f 2441//2441 2443//2443 2442//2442
f 2442//2442 2443//2443 2437//2437
f 2444//2444 2450//2450 2445//2445
f 2445//2445 2450//2450 2446//2446
f 2446//2446 2450//2450 2447//2447
f 2447//2447 2450//2450 2448//2448
f 2448//2448 2450//2450 2449//2449
f 2449//2449 2450//2450 2444//2444
f 2451//2451 2457//2457 2452//2452
f 2452//2452 2457//2457 2453//2453
f 2453//2453 2457//2457 2454//2454
f 2454//2454 2457//2457 2455//2455
f 2455//2455 2457//2457 2456//2456
f 2456//2456 2457//2457 2451//2451
f 2458//2458 2464//2464 2459//2459
f 2459//2459 2464//2464 2460//2460
f 2460//2460 2464//2464 2461//2461
f 2461//2461 2464//2464 2462//2462
f 2462//2462 2464//2464 2463//2463
f 2463//2463 2464//2464 2458//2458
f 2465//2465 2471//2471 2466//2466
f 2466//2466 2471//2471 2467//2467
f 2467//2467 2471//2471 2468//2468
f 2468//2468 2471//2471 2469//2469
f 2469//2469 2471//2471 2470//2470
f 2470//2470 2471//2471 2465//2465
f 2472//2472 2478//2478 2473//2473
f 2473//2473 2478//2478 2474//2474
f 2474//2474 2478//2478 2475//2475
f 2475//2475 2478//2478 2476//2476
f 2476//2476 2478//2478 2477//2477
f 2477//2477 2478//2478 2472//2472
f 2479//2479 2485//2485 2480//2480
f 2480//2480 2485//2485 2481//2481
f 2481//2481 2485//2485 2482//2482
f 2482//2482 2485//2485 2483//2483
f 2483//2483 2485//2485 2484//2484
f 2484//2484 2485//2485 2479//2479
f 2486//2486 2492//2492 2487//2487
f 2487//2487 2492//2492 2488//2488
f 2488//2488 2492//2492 2489//2489
f 2489//2489 2492//2492 2490//2490
f 2490//2490 2492//2492 2491//2491
f 2491//2491 2492//2492 2486//2486
f 2493//2493 2499//2499 2494//2494
f 2494//2494 2499//2499 2495//2495
f 2495//2495 2499//2499 2496//2496
f 2496//2496 2499//2499 2497//2497
f 2497//2497 2499//2499 2498//2498
f 2498//2498 2499//2499 2493//2493
f 2500//2500 2506//2506 2501//2501
f 2501//2501 2506//2506 2502//2502
f 2502//2502 2506//2506 2503//2503
f 2503//2503 2506//2506 2504//2504
f 2504//2504 2506//2506 2505//2505
f 2505//2505 2506//2506 2500//2500
f 2507//2507 2513//2513 2508//2508
f 2508//2508 2513//2513 2509//2509
f 2509//2509 2513//2513 2510//2510
f 2510//2510 2513//2513 2511//2511
f 2511//2511 2513//2513 2512//2512
f 2512//2512 2513//2513 2507//2507
f 2514//2514 2520//2520 2515//2515
f 2515//2515 2520//2520 2516//2516
f 2516//2516 2520//2520 2517//2517
f 2517//2517 2520//2520 2518//2518
f 2518//2518 2520//2520 2519//2519
f 2519//2519 2520//2520 2514//2514
f 2521//2521 2527//2527 2522//2522
f 2522//2522 2527//2527 2523//2523
f 2523//2523 2527//2527 2524//2524
f 2524//2524 2527//2527 2525//2525
f 2525//2525 2527//2527 2526//2526
f 2526//2526 2527//2527 2521//2521
f 2528//2528 2534//2534 2529//2529
f 2529//2529 2534//2534 2530//2530
f 2530//2530 2534//2534 2531//2531
f 2531//2531 2534//2534 2532//2532
f 2532//2532 2534//2534 2533//2533
f 2533//2533 2534//2534 2528//2528
f 2535//2535 2541//2541 2536//2536
f 2536//2536 2541//2541 2537//2537
f 2537//2537 2541//2541 2538//2538
f 2538//2538 2541//2541 2539//2539
f 2539//2539 2541//2541 2540//2540
f 2540//2540 2541//2541 2535//2535
f 2542//2542 2548//2548 2543//2543
f 2543//2543 2548//2548 2544//2544
f 2544//2544 2548//2548 2545//2545
f 2545//2545 2548//2548 2546//2546
f 2546//2546 2548//2548 2547//2547
f 2547//2547 2548//2548 2542//2542
f 2549//2549 2555//2555 2550//2550
f 2550//2550 2555//2555 2551//2551
f 2551//2551 2555//2555 2552//2552
f 2552//2552 2555//2555 2553//2553
f 2553//2553 2555//2555 2554//2554
f 2554//2554 2555//2555 2549//2549
f 2556//2556 2562//2562 2557//2557
f 2557//2557 2562//2562 2558//2558
f 2558//2558 2562//2562 2559//2559
f 2559//2559 2562//2562 2560//2560
f 2560//2560 2562//2562 2561//2561
f 2561//2561 2562//2562 2556//2556
f 2563//2563 2569//2569 2564//2564
f 2564//2564 2569//2569 2565//2565
f 2565//2565 2569//2569 2566//2566
f 2566//2566 2569//2569 2567//2567
f 2567//2567 2569//2569 2568//2568
f 2568//2568 2569//2569 2563//2563
f 2570//2570 2576//2576 2571//2571
f 2571//2571 2576//2576 2572//2572
f 2572//2572 2576//2576 2573//2573
f 2573//2573 2576//2576 2574//2574
f 2574//2574 2576//2576 2575//2575
f 2575//2575 2576//2576 2570//2570
f 2577//2577 2583//2583 2578//2578
f 2578//2578 2583//2583 2579//2579
f 2579//2579 2583//2583 2580//2580
f 2580//2580 2583//2583 2581//2581
f 2581//2581 2583//2583 2582//2582
f 2582//2582 2583//2583 2577//2577
f 2584//2584 2590//2590 2585//2585
f 2585//2585 2590//2590 2586//2586
f 2586//2586 2590//2590 2587//2587
f 2587//2587 2590//2590 2588//2588
f 2588//2588 2590//2590 2589//2589
f 2589//2589 2590//2590 2584//2584
f 2591//2591 2597//2597 2592//2592
f 2592//2592 2597//2597 2593//2593
f 2593//2593 2597//2597 2594//2594
f 2594//2594 2597//2597 2595//2595
f 2595//2595 2597//2597 2596//2596
f 2596//2596 2597//2597 2591//2591
f 2598//2598 2604//2604 2599//2599
f 2599//2599 2604//2604 2600//2600
f 2600//2600 2604//2604 2601//2601
f 2601//2601 2604//2604 2602//2602
f 2602//2602 2604//2604 2603//2603
f 2603//2603 2604//2604 2598//2598
f 2605//2605 2611//2611 2606//2606
f 2606//2606 2611//2611 2607//2607
f 2607//2607 2611//2611 2608//2608
f 2608//2608 2611//2611 2609//2609
f 2609//2609 2611//2611 2610//2610
f 2610//2610 2611//2611 2605//2605
f 2612//2612 2618//2618 2613//2613
f 2613//2613 2618//2618 2614//2614
f 2614//2614 2618//2618 2615//2615
f 2615//2615 2618//2618 2616//2616
f 2616//2616 2618//2618 2617//2617
f 2617//2617 2618//2618 2612//2612
f 2619//2619 2625//2625 2620//2620
f 2620//2620 2625//2625 2621//2621
f 2621//2621 2625//2625 2622//2622
f 2622//2622 2625//2625 2623//2623
f 2623//2623 2625//2625 2624//2624
f 2624//2624 2625//2625 2619//2619
f 2626//2626 2632//2632 2627//2627
f 2627//2627 2632//2632 2628//2628
f 2628//2628 2632//2632 2629//2629
f 2629//2629 2632//2632 2630//2630
f 2630//2630 2632//2632 2631//2631
f 2631//2631 2632//2632 2626//2626
f 2633//2633 2639//2639 2634//2634
f 2634//2634 2639//2639 2635//2635
f 2635//2635 2639//2639 2636//2636
f 2636//2636 2639//2639 2637//2637
f 2637//2637 2639//2639 2638//2638
f 2638//2638 2639//2639 2633//2633
f 2640//2640 2646//2646 2641//2641
f 2641//2641 2646//2646 2642//2642
f 2642//2642 2646//2646 2643//2643
f 2643//2643 2646//2646 2644//2644
f 2644//2644 2646//2646 2645//2645
f 2645//2645 2646//2646 2640//2640
f 2647//2647 2653//2653 2648//2648
f 2648//2648 2653//2653 2649//2649
f 2649//2649 2653//2653 2650//2650
f 2650//2650 2653//2653 2651//2651
f 2651//2651 2653//2653 2652//2652
f 2652//2652 2653//2653 2647//2647
f 2654//2654 2660//2660 2655//2655
f 2655//2655 2660//2660 2656//2656
f 2656//2656 2660//2660 2657//2657
f 2657//2657 2660//2660 2658//2658
f 2658//2658 2660//2660 2659//2659
f 2659//2659 2660//2660 2654//2654
f 2661//2661 2667//2667 2662//2662
f 2662//2662 2667//2667 2663//2663
f 2663//2663 2667//2667 2664//2664
f 2664//2664 2667//2667 2665//2665
f 2665//2665 2667//2667 2666//2666
f 2666//2666 2667//2667 2661//2661
f 2668//2668 2674//2674 2669//2669
f 2669//2669 2674//2674 2670//2670
f 2670//2670 2674//2674 2671//2671
f 2671//2671 2674//2674 2672//2672
f 2672//2672 2674//2674 2673//2673
f 2673//2673 2674//2674 2668//2668
f 2675//2675 2681//2681 2676//2676
f 2676//2676 2681//2681 2677//2677
f 2677//2677 2681//2681 2678//2678
f 2678//2678 2681//2681 2679//2679
f 2679//2679 2681//2681 2680//2680
f 2680//2680 2681//2681 2675//2675
f 2682//2682 2688//2688 2683//2683
f 2683//2683 2688//2688 2684//2684
f 2684//2684 2688//2688 2685//2685
f 2685//2685 2688//2688 2686//2686
f 2686//2686 2688//2688 2687//2687
f 2687//2687 2688//2688 2682//2682
f 2689//2689 2695//2695 2690//2690
f 2690//2690 2695//2695 2691//2691
f 2691//2691 2695//2695 2692//2692
f 2692//2692 2695//2695 2693//2693
f 2693//2693 2695//2695 2694//2694
f 2694//2694 2695//2695 2689//2689
f 2696//2696 2702//2702 2697//2697
f 2697//2697 2702//2702 2698//2698
f 2698//2698 2702//2702 2699//2699
f 2699//2699 2702//2702 2700//2700
f 2700//2700 2702//2702 2701//2701
f 2701//2701 2702//2702 2696//2696
f 2703//2703 2709//2709 2704//2704
f 2704//2704 2709//2709 2705//2705
f 2705//2705 2709//2709 2706//2706
f 2706//2706 2709//2709 2707//2707
f 2707//2707 2709//2709 2708//2708
f 2708//2708 2709//2709 2703//2703
f 2710//2710 2716//2716 2711//2711
f 2711//2711 2716//2716 2712//2712
f 2712//2712 2716//2716 2713//2713
f 2713//2713 2716//2716 2714//2714
f 2714//2714 2716//2716 2715//2715
f 2715//2715 2716//2716 2710//2710
f 2717//2717 2723//2723 2718//2718
f 2718//2718 2723//2723 2719//2719
f 2719//2719 2723//2723 2720//2720
f 2720//2720 2723//2723 2721//2721
f 2721//2721 2723//2723 2722//2722
f 2722//2722 2723//2723 2717//2717
f 2724//2724 2730//2730 2725//2725
f 2725//2725 2730//2730 2726//2726
f 2726//2726 2730//2730 2727//2727
f 2727//2727 2730//2730 2728//2728
f 2728//2728 2730//2730 2729//2729
f 2729//2729 2730//2730 2724//2724
f 2731//2731 2737//2737 2732//2732
f 2732//2732 2737//2737 2733//2733
f 2733//2733 2737//2737 2734//2734
f 2734//2734 2737//2737 2735//2735
f 2735//2735 2737//2737 2736//2736
f 2736//2736 2737//2737 2731//2731
f 2738//2738 2744//2744 2739//2739
f 2739//2739 2744//2744 2740//2740
f 2740//2740 2744//2744 2741//2741
f 2741//2741 2744//2744 2742//2742
f 2742//2742 2744//2744 2743//2743
f 2743//2743 2744//2744 2738//2738
f 2745//2745 2751//2751 2746//2746
f 2746//2746 2751//2751 2747//2747
f 2747//2747 2751//2751 2748//2748
f 2748//2748 2751//2751 2749//2749
f 2749//2749 2751//2751 2750//2750
f 2750//2750 2751//2751 2745//2745
f 2752//2752 2758//2758 2753//2753
f 2753//2753 2758//2758 2754//2754
f 2754//2754 2758//2758 2755//2755
f 2755//2755 2758//2758 2756//2756
f 2756//2756 2758//2758 2757//2757
f 2757//2757 2758//2758 2752//2752
f 2759//2759 2765//2765 2760//2760
f 2760//2760 2765//2765 2761//2761
f 2761//2761 2765//2765 2762//2762
f 2762//2762 2765//2765 2763//2763
f 2763//2763 2765//2765 2764//2764
f 2764//2764 2765//2765 2759//2759
f 2766//2766 2772//2772 2767//2767
f 2767//2767 2772//2772 2768//2768
f 2768//2768 2772//2772 2769//2769
f 2769//2769 2772//2772 2770//2770
f 2770//2770 2772//2772 2771//2771
f 2771//2771 2772//2772 2766//2766
f 2773//2773 2779//2779 2774//2774
f 2774//2774 2779//2779 2775//2775
f 2775//2775 2779//2779 2776//2776
f 2776//2776 2779//2779 2777//2777
f 2777//2777 2779//2779 2778//2778
f 2778//2778 2779//2779 2773//2773
f 2780//2780 2786//2786 2781//2781
f 2781//2781 2786//2786 2782//2782
f 2782//2782 2786//2786 2783//2783
f 2783//2783 2786//2786 2784//2784
f 2784//2784 2786//2786 2785//2785
f 2785//2785 2786//2786 2780//2780
f 2787//2787 2793//2793 2788//2788
f 2788//2788 2793//2793 2789//2789
f 2789//2789 2793//2793 2790//2790
f 2790//2790 2793//2793 2791//2791
f 2791//2791 2793//2793 2792//2792
f 2792//2792 2793//2793 2787//2787
f 2794//2794 2800//2800 2795//2795
f 2795//2795 2800//2800 2796//2796
f 2796//2796 2800//2800 2797//2797
f 2797//2797 2800//2800 2798//2798
f 2798//2798 2800//2800 2799//2799
f 2799//2799 2800//2800 2794//2794
f 2801//2801 2807//2807 2802//2802
f 2802//2802 2807//2807 2803//2803
f 2803//2803 2807//2807 2804//2804
f 2804//2804 2807//2807 2805//2805
f 2805//2805 2807//2807 2806//2806
f 2806//2806 2807//2807 2801//2801
f 2808//2808 2814//2814 2809//2809
f 2809//2809 2814//2814 2810//2810
f 2810//2810 2814//2814 2811//2811
f 2811//2811 2814//2814 2812//2812
f 2812//2812 2814//2814 2813//2813
f 2813//2813 2814//2814 2808//2808
f 2815//2815 2821//2821 2816//2816
f 2816//2816 2821//2821 2817//2817
f 2817//2817 2821//2821 2818//2818
f 2818//2818 2821//2821 2819//2819
f 2819//2819 2821//2821 2820//2820
f 2820//2820 2821//2821 2815//2815
f 2822//2822 2828//2828 2823//2823
f 2823//2823 2828//2828 2824//2824
f 2824//2824 2828//2828 2825//2825
f 2825//2825 2828//2828 2826//2826
f 2826//2826 2828//2828 2827//2827
f 2827//2827 2828//2828 2822//2822
f 2829//2829 2835//2835 2830//2830
f 2830//2830 2835//2835 2831//2831
f 2831//2831 2835//2835 2832//2832
f 2832//2832 2835//2835 2833//2833
f 2833//2833 2835//2835 2834//2834
f 2834//2834 2835//2835 2829//2829
f 2836//2836 2842//2842 2837//2837
f 2837//2837 2842//2842 2838//2838
f 2838//2838 2842//2842 2839//2839
f 2839//2839 2842//2842 2840//2840
f 2840//2840 2842//2842 2841//2841
f 2841//2841 2842//2842 2836//2836
f 2843//2843 2849//2849 2844//2844
f 2844//2844 2849//2849 2845//2845
f 2845//2845 2849//2849 2846//2846
f 2846//2846 2849//2849 2847//2847
f 2847//2847 2849//2849 2848//2848
f 2848//2848 2849//2849 2843//2843
f 2850//2850 2856//2856 2851//2851
f 2851//2851 2856//2856 2852//2852
f 2852//2852 2856//2856 2853//2853
f 2853//2853 2856//2856 2854//2854
f 2854//2854 2856//2856 2855//2855
f 2855//2855 2856//2856 2850//2850
f 2857//2857 2863//2863 2858//2858
f 2858//2858 2863//2863 2859//2859
f 2859//2859 2863//2863 2860//2860
f 2860//2860 2863//2863 2861//2861
f 2861//2861 2863//2863 2862//2862
f 2862//2862 2863//2863 2857//2857
f 2864//2864 2870//2870 2865//2865
f 2865//2865 2870//2870 2866//2866
f 2866//2866 2870//2870 2867//2867
f 2867//2867 2870//2870 2868//2868
f 2868//2868 2870//2870 2869//2869
f 2869//2869 2870//2870 2864//2864
f 2871//2871 2877//2877 2872//2872
f 2872//2872 2877//2877 2873//2873
f 2873//2873 2877//2877 2874//2874
f 2874//2874 2877//2877 2875//2875
f 2875//2875 2877//2877 2876//2876
f 2876//2876 2877//2877 2871//2871
f 2878//2878 2884//2884 2879//2879
f 2879//2879 2884//2884 2880//2880
f 2880//2880 2884//2884 2881//2881
f 2881//2881 2884//2884 2882//2882
f 2882//2882 2884//2884 2883//2883
f 2883//2883 2884//2884 2878//2878
f 2885//2885 2891//2891 2886//2886
f 2886//2886 2891//2891 2887//2887
f 2887//2887 2891//2891 2888//2888
f 2888//2888 2891//2891 2889//2889
f 2889//2889 2891//2891 2890//2890
f 2890//2890 2891//2891 2885//2885
f 2892//2892 2898//2898 2893//2893
f 2893//2893 2898//2898 2894//2894
f 2894//2894 2898//2898 2895//2895
f 2895//2895 2898//2898 2896//2896
f 2896//2896 2898//2898 2897//2897
f 2897//2897 2898//2898 2892//2892
f 2899//2899 2905//2905 2900//2900
f 2900//2900 2905//2905 2901//2901
f 2901//2901 2905//2905 2902//2902
f 2902//2902 2905//2905 2903//2903
f 2903//2903 2905//2905 2904//2904
f 2904//2904 2905//2905 2899//2899
f 2906//2906 2912//2912 2907//2907
f 2907//2907 2912//2912 2908//2908
f 2908//2908 2912//2912 2909//2909
f 2909//2909 2912//2912 2910//2910
f 2910//2910 2912//2912 2911//2911
f 2911//2911 2912//2912 2906//2906
f 2913//2913 2919//2919 2914//2914
f 2914//2914 2919//2919 2915//2915
f 2915//2915 2919//2919 2916//2916
f 2916//2916 2919//2919 2917//2917
f 2917//2917 2919//2919 2918//2918
f 2918//2918 2919//2919 2913//2913
f 2920//2920 2926//2926 2921//2921
f 2921//2921 2926//2926 2922//2922
f 2922//2922 2926//2926 2923//2923
f 2923//2923 2926//2926 2924//2924
f 2924//2924 2926//2926 2925//2925
f 2925//2925 2926//2926 2920//2920
f 2927//2927 2933//2933 2928//2928
f 2928//2928 2933//2933 2929//2929
f 2929//2929 2933//2933 2930//2930
f 2930//2930 2933//2933 2931//2931
f 2931//2931 2933//2933 2932//2932
f 2932//2932 2933//2933 2927//2927
f 2934//2934 2940//2940 2935//2935
f 2935//2935 2940//2940 2936//2936
f 2936//2936 2940//2940 2937//2937
f 2937//2937 2940//2940 2938//2938
f 2938//2938 2940//2940 2939//2939
f 2939//2939 2940//2940 2934//2934
f 2941//2941 2947//2947 2942//2942
f 2942//2942 2947//2947 2943//2943
f 2943//2943 2947//2947 2944//2944
f 2944//2944 2947//2947 2945//2945
f 2945//2945 2947//2947 2946//2946
f 2946//2946 2947//2947 2941//2941
f 2948//2948 2954//2954 2949//2949
f 2949//2949 2954//2954 2950//2950
f 2950//2950 2954//2954 2951//2951
f 2951//2951 2954//2954 2952//2952
f 2952//2952 2954//2954 2953//2953
f 2953//2953 2954//2954 2948//2948
f 2955//2955 2961//2961 2956//2956
f 2956//2956 2961//2961 2957//2957
f 2957//2957 2961//2961 2958//2958
f 2958//2958 2961//2961 2959//2959
f 2959//2959 2961//2961 2960//2960
f 2960//2960 2961//2961 2955//2955
f 2962//2962 2968//2968 2963//2963
f 2963//2963 2968//2968 2964//2964
f 2964//2964 2968//2968 2965//2965
f 2965//2965 2968//2968 2966//2966
f 2966//2966 2968//2968 2967//2967
f 2967//2967 2968//2968 2962//2962
f 2969//2969 2975//2975 2970//2970
f 2970//2970 2975//2975 2971//2971
f 2971//2971 2975//2975 2972//2972
f 2972//2972 2975//2975 2973//2973
f 2973//2973 2975//2975 2974//2974
f 2974//2974 2975//2975 2969//2969
f 2976//2976 2982//2982 2977//2977
f 2977//2977 2982//2982 2978//2978
f 2978//2978 2982//2982 2979//2979
f 2979//2979 2982//2982 2980//2980
f 2980//2980 2982//2982 2981//2981
f 2981//2981 2982//2982 2976//2976
f 2983//2983 2989//2989 2984//2984
f 2984//2984 2989//2989 2985//2985
f 2985//2985 2989//2989 2986//2986
f 2986//2986 2989//2989 2987//2987
f 2987//2987 2989//2989 2988//2988
f 2988//2988 2989//2989 2983//2983
f 2990//2990 2996//2996 2991//2991
f 2991//2991 2996//2996 2992//2992
f 2992//2992 2996//2996 2993//2993
f 2993//2993 2996//2996 2994//2994
f 2994//2994 2996//2996 2995//2995
f 2995//2995 2996//2996 2990//2990
f 2997//2997 3003//3003 2998//2998
f 2998//2998 3003//3003 2999//2999
f 2999//2999 3003//3003 3000//3000
f 3000//3000 3003//3003 3001//3001
f 3001//3001 3003//3003 3002//3002
f 3002//3002 3003//3003 2997//2997
f 3004//3004 3010//3010 3005//3005
f 3005//3005 3010//3010 3006//3006
f 3006//3006 3010//3010 3007//3007
f 3007//3007 3010//3010 3008//3008
f 3008//3008 3010//3010 3009//3009
f 3009//3009 3010//3010 3004//3004
f 3011//3011 3017//3017 3012//3012
f 3012//3012 3017//3017 3013//3013
f 3013//3013 3017//3017 3014//3014
f 3014//3014 3017//3017 3015//3015
f 3015//3015 3017//3017 3016//3016
f 3016//3016 3017//3017 3011//3011
f 3018//3018 3024//3024 3019//3019
f 3019//3019 3024//3024 3020//3020
f 3020//3020 3024//3024 3021//3021
f 3021//3021 3024//3024 3022//3022
f 3022//3022 3024//3024 3023//3023
f 3023//3023 3024//3024 3018//3018
f 3025//3025 3031//3031 3026//3026
f 3026//3026 3031//3031 3027//3027
f 3027//3027 3031//3031 3028//3028
f 3028//3028 3031//3031 3029//3029
f 3029//3029 3031//3031 3030//3030
f 3030//3030 3031//3031 3025//3025
f 3032//3032 3038//3038 3033//3033
f 3033//3033 3038//3038 3034//3034
f 3034//3034 3038//3038 3035//3035
f 3035//3035 3038//3038 3036//3036
f 3036//3036 3038//3038 3037//3037
f 3037//3037 3038//3038 3032//3032
f 3039//3039 3045//3045 3040//3040
f 3040//3040 3045//3045 3041//3041
f 3041//3041 3045//3045 3042//3042
f 3042//3042 3045//3045 3043//3043
f 3043//3043 3045//3045 3044//3044
f 3044//3044 3045//3045 3039//3039
f 3046//3046 3052//3052 3047//3047
f 3047//3047 3052//3052 3048//3048
f 3048//3048 3052//3052 3049//3049
f 3049//3049 3052//3052 3050//3050
f 3050//3050 3052//3052 3051//3051
f 3051//3051 3052//3052 3046//3046
f 3053//3053 3059//3059 3054//3054
f 3054//3054 3059//3059 3055//3055
f 3055//3055 3059//3059 3056//3056
f 3056//3056 3059//3059 3057//3057
f 3057//3057 3059//3059 3058//3058
f 3058//3058 3059//3059 3053//3053
f 3060//3060 3066//3066 3061//3061
f 3061//3061 3066//3066 3062//3062
f 3062//3062 3066//3066 3063//3063
f 3063//3063 3066//3066 3064//3064
f 3064//3064 3066//3066 3065//3065
f 3065//3065 3066//3066 3060//3060
f 3067//3067 3073//3073 3068//3068
f 3068//3068 3073//3073 3069//3069
f 3069//3069 3073//3073 3070//3070
f 3070//3070 3073//3073 3071//3071
f 3071//3071 3073//3073 3072//3072
f 3072//3072 3073//3073 3067//3067
f 3074//3074 3080//3080 3075//3075
f 3075//3075 3080//3080 3076//3076
f 3076//3076 3080//3080 3077//3077
f 3077//3077 3080//3080 3078//3078
f 3078//3078 3080//3080 3079//3079
f 3079//3079 3080//3080 3074//3074
f 3081//3081 3087//3087 3082//3082
f 3082//3082 3087//3087 3083//3083
f 3083//3083 3087//3087 3084//3084
f 3084//3084 3087//3087 3085//3085
f 3085//3085 3087//3087 3086//3086
f 3086//3086 3087//3087 3081//3081
f 3088//3088 3094//3094 3089//3089
f 3089//3089 3094//3094 3090//3090
f 3090//3090 3094//3094 3091//3091
f 3091//3091 3094//3094 3092//3092
f 3092//3092 3094//3094 3093//3093
f 3093//3093 3094//3094 3088//3088
f 3095//3095 3101//3101 3096//3096
f 3096//3096 3101//3101 3097//3097
f 3097//3097 3101//3101 3098//3098
f 3098//3098 3101//3101 3099//3099
f 3099//3099 3101//3101 3100//3100
f 3100//3100 3101//3101 3095//3095
f 3102//3102 3108//3108 3103//3103
f 3103//3103 3108//3108 3104//3104
f 3104//3104 3108//3108 3105//3105
f 3105//3105 3108//3108 3106//3106
f 3106//3106 3108//3108 3107//3107
f 3107//3107 3108//3108 3102//3102
f 3109//3109 3115//3115 3110//3110
f 3110//3110 3115//3115 3111//3111
f 3111//3111 3115//3115 3112//3112
f 3112//3112 3115//3115 3113//3113
f 3113//3113 3115//3115 3114//3114
f 3114//3114 3115//3115 3109//3109
f 3116//3116 3122//3122 3117//3117
f 3117//3117 3122//3122 3118//3118
f 3118//3118 3122//3122 3119//3119
f 3119//3119 3122//3122 3120//3120
f 3120//3120 3122//3122 3121//3121
f 3121//3121 3122//3122 3116//3116
f 3123//3123 3129//3129 3124//3124
f 3124//3124 3129//3129 3125//3125
f 3125//3125 3129//3129 3126//3126
f 3126//3126 3129//3129 3127//3127
f 3127//3127 3129//3129 3128//3128
f 3128//3128 3129//3129 3123//3123
f 3130//3130 3136//3136 3131//3131
f 3131//3131 3136//3136 3132//3132
f 3132//3132 3136//3136 3133//3133
f 3133//3133 3136//3136 3134//3134
f 3134//3134 3136//3136 3135//3135
f 3135//3135 3136//3136 3130//3130
f 3137//3137 3143//3143 3138//3138
f 3138//3138 3143//3143 3139//3139
f 3139//3139 3143//3143 3140//3140
f 3140//3140 3143//3143 3141//3141
f 3141//3141 3143//3143 3142//3142
f 3142//3142 3143//3143 3137//3137
f 3144//3144 3150//3150 3145//3145
f 3145//3145 3150//3150 3146//3146
f 3146//3146 3150//3150 3147//3147
f 3147//3147 3150//3150 3148//3148
f 3148//3148 3150//3150 3149//3149
f 3149//3149 3150//3150 3144//3144
f 3151//3151 3157//3157 3152//3152
f 3152//3152 3157//3157 3153//3153
f 3153//3153 3157//3157 3154//3154
f 3154//3154 3157//3157 3155//3155
f 3155//3155 3157//3157 3156//3156
f 3156//3156 3157//3157 3151//3151
f 3158//3158 3164//3164 3159//3159
f 3159//3159 3164//3164 3160//3160
f 3160//3160 3164//3164 3161//3161
f 3161//3161 3164//3164 3162//3162
f 3162//3162 3164//3164 3163//3163
f 3163//3163 3164//3164 3158//3158
f 3165//3165 3171//3171 3166//3166
f 3166//3166 3171//3171 3167//3167
f 3167//3167 3171//3171 3168//3168
f 3168//3168 3171//3171 3169//3169
f 3169//3169 3171//3171 3170//3170
f 3170//3170 3171//3171 3165//3165
f 3172//3172 3178//3178 3173//3173
f 3173//3173 3178//3178 3174//3174
f 3174//3174 3178//3178 3175//3175
f 3175//3175 3178//3178 3176//3176
f 3176//3176 3178//3178 3177//3177
f 3177//3177 3178//3178 3172//3172
f 3179//3179 3185//3185 3180//3180
f 3180//3180 3185//3185 3181//3181
f 3181//3181 3185//3185 3182//3182
f 3182//3182 3185//3185 3183//3183
f 3183//3183 3185//3185 3184//3184
f 3184//3184 3185//3185 3179//3179
f 3186//3186 3192//3192 3187//3187
f 3187//3187 3192//3192 3188//3188
f 3188//3188 3192//3192 3189//3189
f 3189//3189 3192//3192 3190//3190
f 3190//3190 3192//3192 3191//3191
f 3191//3191 3192//3192 3186//3186
f 3193//3193 3199//3199 3194//3194
f 3194//3194 3199//3199 3195//3195
f 3195//3195 3199//3199 3196//3196
f 3196//3196 3199//3199 3197//3197
f 3197//3197 3199//3199 3198//3198
f 3198//3198 3199//3199 3193//3193
f 3200//3200 3206//3206 3201//3201
f 3201//3201 3206//3206 3202//3202
f 3202//3202 3206//3206 3203//3203
f 3203//3203 3206//3206 3204//3204
f 3204//3204 3206//3206 3205//3205
f 3205//3205 3206//3206 3200//3200
f 3207//3207 3213//3213 3208//3208
f 3208//3208 3213//3213 3209//3209
f 3209//3209 3213//3213 3210//3210
f 3210//3210 3213//3213 3211//3211
f 3211//3211 3213//3213 3212//3212
f 3212//3212 3213//3213 3207//3207
f 3214//3214 3220//3220 3215//3215
f 3215//3215 3220//3220 3216//3216
f 3216//3216 3220//3220 3217//3217
f 3217//3217 3220//3220 3218//3218
f 3218//3218 3220//3220 3219//3219
f 3219//3219 3220//3220 3214//3214
f 3221//3221 3227//3227 3222//3222
f 3222//3222 3227//3227 3223//3223
f 3223//3223 3227//3227 3224//3224
f 3224//3224 3227//3227 3225//3225
f 3225//3225 3227//3227 3226//3226
f 3226//3226 3227//3227 3221//3221
f 3228//3228 3234//3234 3229//3229
f 3229//3229 3234//3234 3230//3230
f 3230//3230 3234//3234 3231//3231
f 3231//3231 3234//3234 3232//3232
f 3232//3232 3234//3234 3233//3233
f 3233//3233 3234//3234 3228//3228
f 3235//3235 3241//3241 3236//3236
f 3236//3236 3241//3241 3237//3237
f 3237//3237 3241//3241 3238//3238
f 3238//3238 3241//3241 3239//3239
f 3239//3239 3241//3241 3240//3240
f 3240//3240 3241//3241 3235//3235
f 3242//3242 3248//3248 3243//3243
f 3243//3243 3248//3248 3244//3244
f 3244//3244 3248//3248 3245//3245
f 3245//3245 3248//3248 3246//3246
f 3246//3246 3248//3248 3247//3247
f 3247//3247 3248//3248 3242//3242
f 3249//3249 3255//3255 3250//3250
f 3250//3250 3255//3255 3251//3251
f 3251//3251 3255//3255 3252//3252
f 3252//3252 3255//3255 3253//3253
f 3253//3253 3255//3255 3254//3254
f 3254//3254 3255//3255 3249//3249
f 3256//3256 3262//3262 3257//3257
f 3257//3257 3262//3262 3258//3258
f 3258//3258 3262//3262 3259//3259
f 3259//3259 3262//3262 3260//3260
f 3260//3260 3262//3262 3261//3261
f 3261//3261 3262//3262 3256//3256
f 3263//3263 3269//3269 3264//3264
f 3264//3264 3269//3269 3265//3265
f 3265//3265 3269//3269 3266//3266
f 3266//3266 3269//3269 3267//3267
f 3267//3267 3269//3269 3268//3268
f 3268//3268 3269//3269 3263//3263
f 3270//3270 3276//3276 3271//3271
f 3271//3271 3276//3276 3272//3272
f 3272//3272 3276//3276 3273//3273
f 3273//3273 3276//3276 3274//3274
f 3274//3274 3276//3276 3275//3275
f 3275//3275 3276//3276 3270//3270
f 3277//3277 3283//3283 3278//3278
f 3278//3278 3283//3283 3279//3279
f 3279//3279 3283//3283 3280//3280
f 3280//3280 3283//3283 3281//3281
f 3281//3281 3283//3283 3282//3282
f 3282//3282 3283//3283 3277//3277
f 3284//3284 3290//3290 3285//3285
f 3285//3285 3290//3290 3286//3286
f 3286//3286 3290//3290 3287//3287
f 3287//3287 3290//3290 3288//3288
f 3288//3288 3290//3290 3289//3289
f 3289//3289 3290//3290 3284//3284
f 3291//3291 3297//3297 3292//3292
f 3292//3292 3297//3297 3293//3293
f 3293//3293 3297//3297 3294//3294
f 3294//3294 3297//3297 3295//3295
f 3295//3295 3297//3297 3296//3296
f 3296//3296 3297//3297 3291//3291
f 3298//3298 3304//3304 3299//3299
f 3299//3299 3304//3304 3300//3300
f 3300//3300 3304//3304 3301//3301
f 3301//3301 3304//3304 3302//3302
f 3302//3302 3304//3304 3303//3303
f 3303//3303 3304//3304 3298//3298
f 3305//3305 3311//3311 3306//3306
f 3306//3306 3311//3311 3307//3307
f 3307//3307 3311//3311 3308//3308
f 3308//3308 3311//3311 3309//3309
f 3309//3309 3311//3311 3310//3310
f 3310//3310 3311//3311 3305//3305
f 3312//3312 3318//3318 3313//3313
f 3313//3313 3318//3318 3314//3314
f 3314//3314 3318//3318 3315//3315
f 3315//3315 3318//3318 3316//3316
f 3316//3316 3318//3318 3317//3317
f 3317//3317 3318//3318 3312//3312
f 3319//3319 3325//3325 3320//3320
f 3320//3320 3325//3325 3321//3321
f 3321//3321 3325//3325 3322//3322
f 3322//3322 3325//3325 3323//3323
f 3323//3323 3325//3325 3324//3324
f 3324//3324 3325//3325 3319//3319
f 3326//3326 3332//3332 3327//3327
f 3327//3327 3332//3332 3328//3328
f 3328//3328 3332//3332 3329//3329
f 3329//3329 3332//3332 3330//3330
f 3330//3330 3332//3332 3331//3331
f 3331//3331 3332//3332 3326//3326
f 3333//3333 3339//3339 3334//3334
f 3334//3334 3339//3339 3335//3335
f 3335//3335 3339//3339 3336//3336
f 3336//3336 3339//3339 3337//3337
f 3337//3337 3339//3339 3338//3338
f 3338//3338 3339//3339 3333//3333
f 3340//3340 3346//3346 3341//3341
f 3341//3341 3346//3346 3342//3342
f 3342//3342 3346//3346 3343//3343
f 3343//3343 3346//3346 3344//3344
f 3344//3344 3346//3346 3345//3345
f 3345//3345 3346//3346 3340//3340
f 3347//3347 3353//3353 3348//3348
f 3348//3348 3353//3353 3349//3349
f 3349//3349 3353//3353 3350//3350
f 3350//3350 3353//3353 3351//3351
f 3351//3351 3353//3353 3352//3352
f 3352//3352 3353//3353 3347//3347
f 3354//3354 3360//3360 3355//3355
f 3355//3355 3360//3360 3356//3356
f 3356//3356 3360//3360 3357//3357
f 3357//3357 3360//3360 3358//3358
f 3358//3358 3360//3360 3359//3359
f 3359//3359 3360//3360 3354//3354
f 3361//3361 3367//3367 3362//3362
f 3362//3362 3367//3367 3363//3363
f 3363//3363 3367//3367 3364//3364
f 3364//3364 3367//3367 3365//3365
f 3365//3365 3367//3367 3366//3366
f 3366//3366 3367//3367 3361//3361
f 3368//3368 3374//3374 3369//3369
f 3369//3369 3374//3374 3370//3370
f 3370//3370 3374//3374 3371//3371
f 3371//3371 3374//3374 3372//3372
f 3372//3372 3374//3374 3373//3373
f 3373//3373 3374//3374 3368//3368
f 3375//3375 3381//3381 3376//3376
f 3376//3376 3381//3381 3377//3377
f 3377//3377 3381//3381 3378//3378
f 3378//3378 3381//3381 3379//3379
f 3379//3379 3381//3381 3380//3380
f 3380//3380 3381//3381 3375//3375
f 3382//3382 3388//3388 3383//3383
f 3383//3383 3388//3388 3384//3384
f 3384//3384 3388//3388 3385//3385
f 3385//3385 3388//3388 3386//3386
f 3386//3386 3388//3388 3387//3387
f 3387//3387 3388//3388 3382//3382
f 3389//3389 3395//3395 3390//3390
f 3390//3390 3395//3395 3391//3391
f 3391//3391 3395//3395 3392//3392
f 3392//3392 3395//3395 3393//3393
f 3393//3393 3395//3395 3394//3394
f 3394//3394 3395//3395 3389//3389
f 3396//3396 3402//3402 3397//3397
f 3397//3397 3402//3402 3398//3398
f 3398//3398 3402//3402 3399//3399
f 3399//3399 3402//3402 3400//3400
f 3400//3400 3402//3402 3401//3401
f 3401//3401 3402//3402 3396//3396
f 3403//3403 3409//3409 3404//3404
f 3404//3404 3409//3409 3405//3405
f 3405//3405 3409//3409 3406//3406
f 3406//3406 3409//3409 3407//3407
f 3407//3407 3409//3409 3408//3408
f 3408//3408 3409//3409 3403//3403
f 3410//3410 3416//3416 3411//3411
f 3411//3411 3416//3416 3412//3412
f 3412//3412 3416//3416 3413//3413
f 3413//3413 3416//3416 3414//3414
f 3414//3414 3416//3416 3415//3415
f 3415//3415 3416//3416 3410//3410
f 3417//3417 3423//3423 3418//3418
f 3418//3418 3423//3423 3419//3419
f 3419//3419 3423//3423 3420//3420
f 3420//3420 3423//3423 3421//3421
f 3421//3421 3423//3423 3422//3422
f 3422//3422 3423//3423 3417//3417
f 3424//3424 3430//3430 3425//3425
f 3425//3425 3430//3430 3426//3426
f 3426//3426 3430//3430 3427//3427
f 3427//3427 3430//3430 3428//3428
f 3428//3428 3430//3430 3429//3429
f 3429//3429 3430//3430 3424//3424
f 3431//3431 3437//3437 3432//3432
f 3432//3432 3437//3437 3433//3433
f 3433//3433 3437//3437 3434//3434
f 3434//3434 3437//3437 3435//3435
f 3435//3435 3437//3437 3436//3436
f 3436//3436 3437//3437 3431//3431
f 3438//3438 3444//3444 3439//3439
f 3439//3439 3444//3444 3440//3440
f 3440//3440 3444//3444 3441//3441
f 3441//3441 3444//3444 3442//3442
f 3442//3442 3444//3444 3443//3443
f 3443//3443 3444//3444 3438//3438
f 3445//3445 3451//3451 3446//3446
f 3446//3446 3451//3451 3447//3447
f 3447//3447 3451//3451 3448//3448
f 3448//3448 3451//3451 3449//3449
f 3449//3449 3451//3451 3450//3450
f 3450//3450 3451//3451 3445//3445
f 3452//3452 3458//3458 3453//3453
f 3453//3453 3458//3458 3454//3454
f 3454//3454 3458//3458 3455//3455
f 3455//3455 3458//3458 3456//3456
f 3456//3456 3458//3458 3457//3457
f 3457//3457 3458//3458 3452//3452
f 3459//3459 3465//3465 3460//3460
f 3460//3460 3465//3465 3461//3461
f 3461//3461 3465//3465 3462//3462
f 3462//3462 3465//3465 3463//3463
f 3463//3463 3465//3465 3464//3464
f 3464//3464 3465//3465 3459//3459
f 3466//3466 3472//3472 3467//3467
f 3467//3467 3472//3472 3468//3468
f 3468//3468 3472//3472 3469//3469
f 3469//3469 3472//3472 3470//3470
f 3470//3470 3472//3472 3471//3471
f 3471//3471 3472//3472 3466//3466
f 3473//3473 3479//3479 3474//3474
f 3474//3474 3479//3479 3475//3475
f 3475//3475 3479//3479 3476//3476
f 3476//3476 3479//3479 3477//3477
f 3477//3477 3479//3479 3478//3478
f 3478//3478 3479//3479 3473//3473
f 3480//3480 3486//3486 3481//3481
f 3481//3481 3486//3486 3482//3482
f 3482//3482 3486//3486 3483//3483
f 3483//3483 3486//3486 3484//3484
f 3484//3484 3486//3486 3485//3485
f 3485//3485 3486//3486 3480//3480
f 3487//3487 3493//3493 3488//3488
f 3488//3488 3493//3493 3489//3489
f 3489//3489 3493//3493 3490//3490
f 3490//3490 3493//3493 3491//3491
f 3491//3491 3493//3493 3492//3492
f 3492//3492 3493//3493 3487//3487
f 3494//3494 3500//3500 3495//3495
f 3495//3495 3500//3500 3496//3496
f 3496//3496 3500//3500 3497//3497
f 3497//3497 3500//3500 3498//3498
f 3498//3498 3500//3500 3499//3499
f 3499//3499 3500//3500 3494//3494
f 3501//3501 3507//3507 3502//3502
f 3502//3502 3507//3507 3503//3503
f 3503//3503 3507//3507 3504//3504
f 3504//3504 3507//3507 3505//3505
f 3505//3505 3507//3507 3506//3506
f 3506//3506 3507//3507 3501//3501
f 3508//3508 3514//3514 3509//3509
f 3509//3509 3514//3514 3510//3510
f 3510//3510 3514//3514 3511//3511
f 3511//3511 3514//3514 3512//3512
f 3512//3512 3514//3514 3513//3513
f 3513//3513 3514//3514 3508//3508
f 3515//3515 3521//3521 3516//3516
f 3516//3516 3521//3521 3517//3517
f 3517//3517 3521//3521 3518//3518
f 3518//3518 3521//3521 3519//3519
f 3519//3519 3521//3521 3520//3520
f 3520//3520 3521//3521 3515//3515
f 3522//3522 3528//3528 3523//3523
f 3523//3523 3528//3528 3524//3524
f 3524//3524 3528//3528 3525//3525
f 3525//3525 3528//3528 3526//3526
f 3526//3526 3528//3528 3527//3527
f 3527//3527 3528//3528 3522//3522
f 3529//3529 3535//3535 3530//3530
f 3530//3530 3535//3535 3531//3531
f 3531//3531 3535//3535 3532//3532
f 3532//3532 3535//3535 3533//3533
f 3533//3533 3535//3535 3534//3534
f 3534//3534 3535//3535 3529//3529
f 3536//3536 3542//3542 3537//3537
f 3537//3537 3542//3542 3538//3538
f 3538//3538 3542//3542 3539//3539
f 3539//3539 3542//3542 3540//3540
f 3540//3540 3542//3542 3541//3541
f 3541//3541 3542//3542 3536//3536
f 3543//3543 3549//3549 3544//3544
f 3544//3544 3549//3549 3545//3545
f 3545//3545 3549//3549 3546//3546
f 3546//3546 3549//3549 3547//3547
f 3547//3547 3549//3549 3548//3548
f 3548//3548 3549//3549 3543//3543
f 3550//3550 3556//3556 3551//3551
f 3551//3551 3556//3556 3552//3552
f 3552//3552 3556//3556 3553//3553
f 3553//3553 3556//3556 3554//3554
f 3554//3554 3556//3556 3555//3555
f 3555//3555 3556//3556 3550//3550
f 3557//3557 3563//3563 3558//3558
f 3558//3558 3563//3563 3559//3559
f 3559//3559 3563//3563 3560//3560
f 3560//3560 3563//3563 3561//3561
f 3561//3561 3563//3563 3562//3562
f 3562//3562 3563//3563 3557//3557
f 3564//3564 3570//3570 3565//3565
f 3565//3565 3570//3570 3566//3566
f 3566//3566 3570//3570 3567//3567
f 3567//3567 3570//3570 3568//3568
f 3568//3568 3570//3570 3569//3569
f 3569//3569 3570//3570 3564//3564
f 3571//3571 3577//3577 3572//3572
f 3572//3572 3577//3577 3573//3573
f 3573//3573 3577//3577 3574//3574
f 3574//3574 3577//3577 3575//3575
f 3575//3575 3577//3577 3576//3576
f 3576//3576 3577//3577 3571//3571
f 3578//3578 3584//3584 3579//3579
f 3579//3579 3584//3584 3580//3580
f 3580//3580 3584//3584 3581//3581
f 3581//3581 3584//3584 3582//3582
f 3582//3582 3584//3584 3583//3583
f 3583//3583 3584//3584 3578//3578
f 3585//3585 3591//3591 3586//3586
f 3586//3586 3591//3591 3587//3587
f 3587//3587 3591//3591 3588//3588
f 3588//3588 3591//3591 3589//3589
f 3589//3589 3591//3591 3590//3590
f 3590//3590 3591//3591 3585//3585
f 3592//3592 3598//3598 3593//3593
f 3593//3593 3598//3598 3594//3594
f 3594//3594 3598//3598 3595//3595
f 3595//3595 3598//3598 3596//3596
f 3596//3596 3598//3598 3597//3597
f 3597//3597 3598//3598 3592//3592
f 3599//3599 3605//3605 3600//3600
f 3600//3600 3605//3605 3601//3601
f 3601//3601 3605//3605 3602//3602
f 3602//3602 3605//3605 3603//3603
f 3603//3603 3605//3605 3604//3604
f 3604//3604 3605//3605 3599//3599
f 3606//3606 3612//3612 3607//3607
f 3607//3607 3612//3612 3608//3608
f 3608//3608 3612//3612 3609//3609
f 3609//3609 3612//3612 3610//3610
f 3610//3610 3612//3612 3611//3611
f 3611//3611 3612//3612 3606//3606
f 3613//3613 3619//3619 3614//3614
f 3614//3614 3619//3619 3615//3615
f 3615//3615 3619//3619 3616//3616
f 3616//3616 3619//3619 3617//3617
f 3617//3617 3619//3619 3618//3618
f 3618//3618 3619//3619 3613//3613
f 3620//3620 3626//3626 3621//3621
f 3621//3621 3626//3626 3622//3622
f 3622//3622 3626//3626 3623//3623
f 3623//3623 3626//3626 3624//3624
f 3624//3624 3626//3626 3625//3625
f 3625//3625 3626//3626 3620//3620
f 3627//3627 3633//3633 3628//3628
f 3628//3628 3633//3633 3629//3629
f 3629//3629 3633//3633 3630//3630
f 3630//3630 3633//3633 3631//3631
f 3631//3631 3633//3633 3632//3632
f 3632//3632 3633//3633 3627//3627
f 3634//3634 3640//3640 3635//3635
f 3635//3635 3640//3640 3636//3636
f 3636//3636 3640//3640 3637//3637
f 3637//3637 3640//3640 3638//3638
f 3638//3638 3640//3640 3639//3639
f 3639//3639 3640//3640 3634//3634
f 3641//3641 3647//3647 3642//3642
f 3642//3642 3647//3647 3643//3643
f 3643//3643 3647//3647 3644//3644
f 3644//3644 3647//3647 3645//3645
f 3645//3645 3647//3647 3646//3646
f 3646//3646 3647//3647 3641//3641
f 3648//3648 3654//3654 3649//3649
f 3649//3649 3654//3654 3650//3650
f 3650//3650 3654//3654 3651//3651
f 3651//3651 3654//3654 3652//3652
f 3652//3652 3654//3654 3653//3653
f 3653//3653 3654//3654 3648//3648
f 3655//3655 3661//3661 3656//3656
f 3656//3656 3661//3661 3657//3657
f 3657//3657 3661//3661 3658//3658
f 3658//3658 3661//3661 3659//3659
f 3659//3659 3661//3661 3660//3660
f 3660//3660 3661//3661 3655//3655
f 3662//3662 3668//3668 3663//3663
f 3663//3663 3668//3668 3664//3664
f 3664//3664 3668//3668 3665//3665
f 3665//3665 3668//3668 3666//3666
f 3666//3666 3668//3668 3667//3667
f 3667//3667 3668//3668 3662//3662
f 3669//3669 3675//3675 3670//3670
f 3670//3670 3675//3675 3671//3671
f 3671//3671 3675//3675 3672//3672
f 3672//3672 3675//3675 3673//3673
f 3673//3673 3675//3675 3674//3674
f 3674//3674 3675//3675 3669//3669
f 3676//3676 3682//3682 3677//3677
f 3677//3677 3682//3682 3678//3678
f 3678//3678 3682//3682 3679//3679
f 3679//3679 3682//3682 3680//3680
f 3680//3680 3682//3682 3681//3681
f 3681//3681 3682//3682 3676//3676
f 3683//3683 3689//3689 3684//3684
f 3684//3684 3689//3689 3685//3685
f 3685//3685 3689//3689 3686//3686
f 3686//3686 3689//3689 3687//3687
f 3687//3687 3689//3689 3688//3688
f 3688//3688 3689//3689 3683//3683
f 3690//3690 3696//3696 3691//3691
f 3691//3691 3696//3696 3692//3692
f 3692//3692 3696//3696 3693//3693
f 3693//3693 3696//3696 3694//3694
f 3694//3694 3696//3696 3695//3695
f 3695//3695 3696//3696 3690//3690
f 3697//3697 3703//3703 3698//3698
f 3698//3698 3703//3703 3699//3699
f 3699//3699 3703//3703 3700//3700
f 3700//3700 3703//3703 3701//3701
f 3701//3701 3703//3703 3702//3702
f 3702//3702 3703//3703 3697//3697
f 3704//3704 3710//3710 3705//3705
f 3705//3705 3710//3710 3706//3706
f 3706//3706 3710//3710 3707//3707
f 3707//3707 3710//3710 3708//3708
f 3708//3708 3710//3710 3709//3709
f 3709//3709 3710//3710 3704//3704
f 3711//3711 3717//3717 3712//3712
f 3712//3712 3717//3717 3713//3713
f 3713//3713 3717//3717 3714//3714
f 3714//3714 3717//3717 3715//3715
f 3715//3715 3717//3717 3716//3716
f 3716//3716 3717//3717 3711//3711
f 3718//3718 3724//3724 3719//3719
f 3719//3719 3724//3724 3720//3720
f 3720//3720 3724//3724 3721//3721
f 3721//3721 3724//3724 3722//3722
f 3722//3722 3724//3724 3723//3723
f 3723//3723 3724//3724 3718//3718
f 3725//3725 3731//3731 3726//3726
f 3726//3726 3731//3731 3727//3727
f 3727//3727 3731//3731 3728//3728
f 3728//3728 3731//3731 3729//3729
f 3729//3729 3731//3731 3730//3730
f 3730//3730 3731//3731 3725//3725
f 3732//3732 3738//3738 3733//3733
f 3733//3733 3738//3738 3734//3734
f 3734//3734 3738//3738 3735//3735
f 3735//3735 3738//3738 3736//3736
f 3736//3736 3738//3738 3737//3737
f 3737//3737 3738//3738 3732//3732
f 3739//3739 3745//3745 3740//3740
f 3740//3740 3745//3745 3741//3741
f 3741//3741 3745//3745 3742//3742
f 3742//3742 3745//3745 3743//3743
f 3743//3743 3745//3745 3744//3744
f 3744//3744 3745//3745 3739//3739
f 3746//3746 3752//3752 3747//3747
f 3747//3747 3752//3752 3748//3748
f 3748//3748 3752//3752 3749//3749
f 3749//3749 3752//3752 3750//3750
f 3750//3750 3752//3752 3751//3751
f 3751//3751 3752//3752 3746//3746
f 3753//3753 3759//3759 3754//3754
f 3754//3754 3759//3759 3755//3755
f 3755//3755 3759//3759 3756//3756
f 3756//3756 3759//3759 3757//3757
f 3757//3757 3759//3759 3758//3758
f 3758//3758 3759//3759 3753//3753
f 3760//3760 3766//3766 3761//3761
f 3761//3761 3766//3766 3762//3762
f 3762//3762 3766//3766 3763//3763
f 3763//3763 3766//3766 3764//3764
f 3764//3764 3766//3766 3765//3765
f 3765//3765 3766//3766 3760//3760
f 3767//3767 3773//3773 3768//3768
f 3768//3768 3773//3773 3769//3769
f 3769//3769 3773//3773 3770//3770
f 3770//3770 3773//3773 3771//3771
f 3771//3771 3773//3773 3772//3772
f 3772//3772 3773//3773 3767//3767
f 3774//3774 3780//3780 3775//3775
f 3775//3775 3780//3780 3776//3776
f 3776//3776 3780//3780 3777//3777
f 3777//3777 3780//3780 3778//3778
f 3778//3778 3780//3780 3779//3779
f 3779//3779 3780//3780 3774//3774
f 3781//3781 3787//3787 3782//3782
f 3782//3782 3787//3787 3783//3783
f 3783//3783 3787//3787 3784//3784
f 3784//3784 3787//3787 3785//3785
f 3785//3785 3787//3787 3786//3786
f 3786//3786 3787//3787 3781//3781
f 3788//3788 3794//3794 3789//3789
f 3789//3789 3794//3794 3790//3790
f 3790//3790 3794//3794 3791//3791
f 3791//3791 3794//3794 3792//3792
f 3792//3792 3794//3794 3793//3793
f 3793//3793 3794//3794 3788//3788
f 3795//3795 3801//3801 3796//3796
f 3796//3796 3801//3801 3797//3797
f 3797//3797 3801//3801 3798//3798
f 3798//3798 3801//3801 3799//3799
f 3799//3799 3801//3801 3800//3800
f 3800//3800 3801//3801 3795//3795
f 3802//3802 3808//3808 3803//3803
f 3803//3803 3808//3808 3804//3804
f 3804//3804 3808//3808 3805//3805
f 3805//3805 3808//3808 3806//3806
f 3806//3806 3808//3808 3807//3807
f 3807//3807 3808//3808 3802//3802
f 3809//3809 3815//3815 3810//3810
f 3810//3810 3815//3815 3811//3811
f 3811//3811 3815//3815 3812//3812
f 3812//3812 3815//3815 3813//3813
f 3813//3813 3815//3815 3814//3814
f 3814//3814 3815//3815 3809//3809
f 3816//3816 3822//3822 3817//3817
f 3817//3817 3822//3822 3818//3818
f 3818//3818 3822//3822 3819//3819
f 3819//3819 3822//3822 3820//3820
f 3820//3820 3822//3822 3821//3821
f 3821//3821 3822//3822 3816//3816
f 3823//3823 3829//3829 3824//3824
f 3824//3824 3829//3829 3825//3825
f 3825//3825 3829//3829 3826//3826
f 3826//3826 3829//3829 3827//3827
f 3827//3827 3829//3829 3828//3828
f 3828//3828 3829//3829 3823//3823
f 3830//3830 3836//3836 3831//3831
f 3831//3831 3836//3836 3832//3832
f 3832//3832 3836//3836 3833//3833
f 3833//3833 3836//3836 3834//3834
f 3834//3834 3836//3836 3835//3835
f 3835//3835 3836//3836 3830//3830
f 3837//3837 3843//3843 3838//3838
f 3838//3838 3843//3843 3839//3839
f 3839//3839 3843//3843 3840//3840
f 3840//3840 3843//3843 3841//3841
f 3841//3841 3843//3843 3842//3842
f 3842//3842 3843//3843 3837//3837
f 3844//3844 3850//3850 3845//3845
f 3845//3845 3850//3850 3846//3846
f 3846//3846 3850//3850 3847//3847
f 3847//3847 3850//3850 3848//3848
f 3848//3848 3850//3850 3849//3849
f 3849//3849 3850//3850 3844//3844
f 3851//3851 3857//3857 3852//3852
f 3852//3852 3857//3857 3853//3853
f 3853//3853 3857//3857 3854//3854
f 3854//3854 3857//3857 3855//3855
f 3855//3855 3857//3857 3856//3856
f 3856//3856 3857//3857 3851//3851
f 3858//3858 3864//3864 3859//3859
f 3859//3859 3864//3864 3860//3860
f 3860//3860 3864//3864 3861//3861
f 3861//3861 3864//3864 3862//3862
f 3862//3862 3864//3864 3863//3863
f 3863//3863 3864//3864 3858//3858
f 3865//3865 3871//3871 3866//3866
f 3866//3866 3871//3871 3867//3867
f 3867//3867 3871//3871 3868//3868
f 3868//3868 3871//3871 3869//3869
f 3869//3869 3871//3871 3870//3870
f 3870//3870 3871//3871 3865//3865
f 3872//3872 3878//3878 3873//3873
f 3873//3873 3878//3878 3874//3874
f 3874//3874 3878//3878 3875//3875
f 3875//3875 3878//3878 3876//3876
f 3876//3876 3878//3878 3877//3877
f 3877//3877 3878//3878 3872//3872
f 3879//3879 3885//3885 3880//3880
f 3880//3880 3885//3885 3881//3881
f 3881//3881 3885//3885 3882//3882
f 3882//3882 3885//3885 3883//3883
f 3883//3883 3885//3885 3884//3884
f 3884//3884 3885//3885 3879//3879
f 3886//3886 3892//3892 3887//3887
f 3887//3887 3892//3892 3888//3888
f 3888//3888 3892//3892 3889//3889
f 3889//3889 3892//3892 3890//3890
f 3890//3890 3892//3892 3891//3891
f 3891//3891 3892//3892 3886//3886
f 3893//3893 3899//3899 3894//3894
f 3894//3894 3899//3899 3895//3895
f 3895//3895 3899//3899 3896//3896
f 3896//3896 3899//3899 3897//3897
f 3897//3897 3899//3899 3898//3898
f 3898//3898 3899//3899 3893//3893
f 3900//3900 3906//3906 3901//3901
f 3901//3901 3906//3906 3902//3902
f 3902//3902 3906//3906 3903//3903
f 3903//3903 3906//3906 3904//3904
f 3904//3904 3906//3906 3905//3905
f 3905//3905 3906//3906 3900//3900
f 3907//3907 3913//3913 3908//3908
f 3908//3908 3913//3913 3909//3909
f 3909//3909 3913//3913 3910//3910
f 3910//3910 3913//3913 3911//3911
f 3911//3911 3913//3913 3912//3912
f 3912//3912 3913//3913 3907//3907
f 3914//3914 3920//3920 3915//3915
f 3915//3915 3920//3920 3916//3916
f 3916//3916 3920//3920 3917//3917
f 3917//3917 3920//3920 3918//3918
f 3918//3918 3920//3920 3919//3919
f 3919//3919 3920//3920 3914//3914
f 3921//3921 3927//3927 3922//3922
f 3922//3922 3927//3927 3923//3923
f 3923//3923 3927//3927 3924//3924
f 3924//3924 3927//3927 3925//3925
f 3925//3925 3927//3927 3926//3926
f 3926//3926 3927//3927 3921//3921
f 3928//3928 3934//3934 3929//3929
f 3929//3929 3934//3934 3930//3930
f 3930//3930 3934//3934 3931//3931
f 3931//3931 3934//3934 3932//3932
f 3932//3932 3934//3934 3933//3933
f 3933//3933 3934//3934 3928//3928
f 3935//3935 3941//3941 3936//3936
f 3936//3936 3941//3941 3937//3937
f 3937//3937 3941//3941 3938//3938
f 3938//3938 3941//3941 3939//3939
f 3939//3939 3941//3941 3940//3940
f 3940//3940 3941//3941 3935//3935
f 3942//3942 3948//3948 3943//3943
f 3943//3943 3948//3948 3944//3944
f 3944//3944 3948//3948 3945//3945
f 3945//3945 3948//3948 3946//3946
f 3946//3946 3948//3948 3947//3947
f 3947//3947 3948//3948 3942//3942
f 3949//3949 3955//3955 3950//3950
f 3950//3950 3955//3955 3951//3951
f 3951//3951 3955//3955 3952//3952
f 3952//3952 3955//3955 3953//3953
f 3953//3953 3955//3955 3954//3954
f 3954//3954 3955//3955 3949//3949
f 3956//3956 3962//3962 3957//3957
f 3957//3957 3962//3962 3958//3958
f 3958//3958 3962//3962 3959//3959
f 3959//3959 3962//3962 3960//3960
f 3960//3960 3962//3962 3961//3961
f 3961//3961 3962//3962 3956//3956
f 3963//3963 3969//3969 3964//3964
f 3964//3964 3969//3969 3965//3965
f 3965//3965 3969//3969 3966//3966
f 3966//3966 3969//3969 3967//3967
f 3967//3967 3969//3969 3968//3968
f 3968//3968 3969//3969 3963//3963
f 3970//3970 3976//3976 3971//3971
f 3971//3971 3976//3976 3972//3972
f 3972//3972 3976//3976 3973//3973
f 3973//3973 3976//3976 3974//3974
f 3974//3974 3976//3976 3975//3975
f 3975//3975 3976//3976 3970//3970
f 3977//3977 3983//3983 3978//3978
f 3978//3978 3983//3983 3979//3979
f 3979//3979 3983//3983 3980//3980
f 3980//3980 3983//3983 3981//3981
f 3981//3981 3983//3983 3982//3982
f 3982//3982 3983//3983 3977//3977
f 3984//3984 3990//3990 3985//3985
f 3985//3985 3990//3990 3986//3986
f 3986//3986 3990//3990 3987//3987
f 3987//3987 3990//3990 3988//3988
f 3988//3988 3990//3990 3989//3989
f 3989//3989 3990//3990 3984//3984
f 3991//3991 3997//3997 3992//3992
f 3992//3992 3997//3997 3993//3993
f 3993//3993 3997//3997 3994//3994
f 3994//3994 3997//3997 3995//3995
f 3995//3995 3997//3997 3996//3996
f 3996//3996 3997//3997 3991//3991
f 3998//3998 4004//4004 3999//3999
f 3999//3999 4004//4004 4000//4000
f 4000//4000 4004//4004 4001//4001
f 4001//4001 4004//4004 4002//4002
f 4002//4002 4004//4004 4003//4003
f 4003//4003 4004//4004 3998//3998
f 4005//4005 4011//4011 4006//4006
f 4006//4006 4011//4011 4007//4007
f 4007//4007 4011//4011 4008//4008
f 4008//4008 4011//4011 4009//4009
f 4009//4009 4011//4011 4010//4010
f 4010//4010 4011//4011 4005//4005
f 4012//4012 4018//4018 4013//4013
f 4013//4013 4018//4018 4014//4014
f 4014//4014 4018//4018 4015//4015
f 4015//4015 4018//4018 4016//4016
f 4016//4016 4018//4018 4017//4017
f 4017//4017 4018//4018 4012//4012
f 4019//4019 4025//4025 4020//4020
f 4020//4020 4025//4025 4021//4021
f 4021//4021 4025//4025 4022//4022
f 4022//4022 4025//4025 4023//4023
f 4023//4023 4025//4025 4024//4024
f 4024//4024 4025//4025 4019//4019
f 4026//4026 4032//4032 4027//4027
f 4027//4027 4032//4032 4028//4028
f 4028//4028 4032//4032 4029//4029
f 4029//4029 4032//4032 4030//4030
f 4030//4030 4032//4032 4031//4031
f 4031//4031 4032//4032 4026//4026
f 4033//4033 4039//4039 4034//4034
f 4034//4034 4039//4039 4035//4035
f 4035//4035 4039//4039 4036//4036
f 4036//4036 4039//4039 4037//4037
f 4037//4037 4039//4039 4038//4038
f 4038//4038 4039//4039 4033//4033
f 4040//4040 4046//4046 4041//4041
f 4041//4041 4046//4046 4042//4042
f 4042//4042 4046//4046 4043//4043
f 4043//4043 4046//4046 4044//4044
f 4044//4044 4046//4046 4045//4045
f 4045//4045 4046//4046 4040//4040
f 4047//4047 4053//4053 4048//4048
f 4048//4048 4053//4053 4049//4049
f 4049//4049 4053//4053 4050//4050
f 4050//4050 4053//4053 4051//4051
f 4051//4051 4053//4053 4052//4052
f 4052//4052 4053//4053 4047//4047
f 4054//4054 4060//4060 4055//4055
f 4055//4055 4060//4060 4056//4056
f 4056//4056 4060//4060 4057//4057
f 4057//4057 4060//4060 4058//4058
f 4058//4058 4060//4060 4059//4059
f 4059//4059 4060//4060 4054//4054
f 4061//4061 4067//4067 4062//4062
f 4062//4062 4067//4067 4063//4063
f 4063//4063 4067//4067 4064//4064
f 4064//4064 4067//4067 4065//4065
f 4065//4065 4067//4067 4066//4066
f 4066//4066 4067//4067 4061//4061
f 4068//4068 4074//4074 4069//4069
f 4069//4069 4074//4074 4070//4070
f 4070//4070 4074//4074 4071//4071
f 4071//4071 4074//4074 4072//4072
f 4072//4072 4074//4074 4073//4073
f 4073//4073 4074//4074 4068//4068
f 4075//4075 4081//4081 4076//4076
f 4076//4076 4081//4081 4077//4077
f 4077//4077 4081//4081 4078//4078
f 4078//4078 4081//4081 4079//4079
f 4079//4079 4081//4081 4080//4080
f 4080//4080 4081//4081 4075//4075
f 4082//4082 4088//4088 4083//4083
f 4083//4083 4088//4088 4084//4084
f 4084//4084 4088//4088 4085//4085
f 4085//4085 4088//4088 4086//4086
f 4086//4086 4088//4088 4087//4087
f 4087//4087 4088//4088 4082//4082
f 4089//4089 4095//4095 4090//4090
f 4090//4090 4095//4095 4091//4091
f 4091//4091 4095//4095 4092//4092
f 4092//4092 4095//4095 4093//4093
f 4093//4093 4095//4095 4094//4094
f 4094//4094 4095//4095 4089//4089
f 4096//4096 4102//4102 4097//4097
f 4097//4097 4102//4102 4098//4098
f 4098//4098 4102//4102 4099//4099
f 4099//4099 4102//4102 4100//4100
f 4100//4100 4102//4102 4101//4101
f 4101//4101 4102//4102 4096//4096
f 4103//4103 4109//4109 4104//4104
f 4104//4104 4109//4109 4105//4105
f 4105//4105 4109//4109 4106//4106
f 4106//4106 4109//4109 4107//4107
f 4107//4107 4109//4109 4108//4108
f 4108//4108 4109//4109 4103//4103
f 4110//4110 4116//4116 4111//4111
f 4111//4111 4116//4116 4112//4112
f 4112//4112 4116//4116 4113//4113
f 4113//4113 4116//4116 4114//4114
f 4114//4114 4116//4116 4115//4115
f 4115//4115 4116//4116 4110//4110
f 4117//4117 4123//4123 4118//4118
f 4118//4118 4123//4123 4119//4119
f 4119//4119 4123//4123 4120//4120
f 4120//4120 4123//4123 4121//4121
f 4121//4121 4123//4123 4122//4122
f 4122//4122 4123//4123 4117//4117
f 4124//4124 4130//4130 4125//4125
f 4125//4125 4130//4130 4126//4126
f 4126//4126 4130//4130 4127//4127
f 4127//4127 4130//4130 4128//4128
f 4128//4128 4130//4130 4129//4129
f 4129//4129 4130//4130 4124//4124
f 4131//4131 4137//4137 4132//4132
f 4132//4132 4137//4137 4133//4133
f 4133//4133 4137//4137 4134//4134
f 4134//4134 4137//4137 4135//4135
f 4135//4135 4137//4137 4136//4136
f 4136//4136 4137//4137 4131//4131
f 4138//4138 4144//4144 4139//4139
f 4139//4139 4144//4144 4140//4140
f 4140//4140 4144//4144 4141//4141
f 4141//4141 4144//4144 4142//4142
f 4142//4142 4144//4144 4143//4143
f 4143//4143 4144//4144 4138//4138
f 4145//4145 4151//4151 4146//4146
f 4146//4146 4151//4151 4147//4147
f 4147//4147 4151//4151 4148//4148
f 4148//4148 4151//4151 4149//4149
f 4149//4149 4151//4151 4150//4150
f 4150//4150 4151//4151 4145//4145
f 4152//4152 4158//4158 4153//4153
f 4153//4153 4158//4158 4154//4154
f 4154//4154 4158//4158 4155//4155
f 4155//4155 4158//4158 4156//4156
f 4156//4156 4158//4158 4157//4157
f 4157//4157 4158//4158 4152//4152
f 4159//4159 4165//4165 4160//4160
f 4160//4160 4165//4165 4161//4161
f 4161//4161 4165//4165 4162//4162
f 4162//4162 4165//4165 4163//4163
f 4163//4163 4165//4165 4164//4164
f 4164//4164 4165//4165 4159//4159
f 4166//4166 4172//4172 4167//4167
f 4167//4167 4172//4172 4168//4168
f 4168//4168 4172//4172 4169//4169
f 4169//4169 4172//4172 4170//4170
f 4170//4170 4172//4172 4171//4171
f 4171//4171 4172//4172 4166//4166
f 4173//4173 4179//4179 4174//4174
f 4174//4174 4179//4179 4175//4175
f 4175//4175 4179//4179 4176//4176
f 4176//4176 4179//4179 4177//4177
f 4177//4177 4179//4179 4178//4178
f 4178//4178 4179//4179 4173//4173
f 4180//4180 4186//4186 4181//4181
f 4181//4181 4186//4186 4182//4182
f 4182//4182 4186//4186 4183//4183
f 4183//4183 4186//4186 4184//4184
f 4184//4184 4186//4186 4185//4185
f 4185//4185 4186//4186 4180//4180
f 4187//4187 4193//4193 4188//4188
f 4188//4188 4193//4193 4189//4189
f 4189//4189 4193//4193 4190//4190
f 4190//4190 4193//4193 4191//4191
f 4191//4191 4193//4193 4192//4192
f 4192//4192 4193//4193 4187//4187
f 4194//4194 4200//4200 4195//4195
f 4195//4195 4200//4200 4196//4196
f 4196//4196 4200//4200 4197//4197
f 4197//4197 4200//4200 4198//4198
f 4198//4198 4200//4200 4199//4199
f 4199//4199 4200//4200 4194//4194
f 4201//4201 4207//4207 4202//4202
f 4202//4202 4207//4207 4203//4203
f 4203//4203 4207//4207 4204//4204
f 4204//4204 4207//4207 4205//4205
f 4205//4205 4207//4207 4206//4206
f 4206//4206 4207//4207 4201//4201
f 4208//4208 4214//4214 4209//4209
f 4209//4209 4214//4214 4210//4210
f 4210//4210 4214//4214 4211//4211
f 4211//4211 4214//4214 4212//4212
f 4212//4212 4214//4214 4213//4213
f 4213//4213 4214//4214 4208//4208
f 4215//4215 4221//4221 4216//4216
f 4216//4216 4221//4221 4217//4217
f 4217//4217 4221//4221 4218//4218
f 4218//4218 4221//4221 4219//4219
f 4219//4219 4221//4221 4220//4220
f 4220//4220 4221//4221 4215//4215
f 4222//4222 4228//4228 4223//4223
f 4223//4223 4228//4228 4224//4224
f 4224//4224 4228//4228 4225//4225
f 4225//4225 4228//4228 4226//4226
f 4226//4226 4228//4228 4227//4227
f 4227//4227 4228//4228 4222//4222
f 4229//4229 4235//4235 4230//4230
f 4230//4230 4235//4235 4231//4231
f 4231//4231 4235//4235 4232//4232
f 4232//4232 4235//4235 4233//4233
f 4233//4233 4235//4235 4234//4234
f 4234//4234 4235//4235 4229//4229
f 4236//4236 4242//4242 4237//4237
f 4237//4237 4242//4242 4238//4238
f 4238//4238 4242//4242 4239//4239
f 4239//4239 4242//4242 4240//4240
f 4240//4240 4242//4242 4241//4241
f 4241//4241 4242//4242 4236//4236
f 4243//4243 4249//4249 4244//4244
f 4244//4244 4249//4249 4245//4245
f 4245//4245 4249//4249 4246//4246
f 4246//4246 4249//4249 4247//4247
f 4247//4247 4249//4249 4248//4248
f 4248//4248 4249//4249 4243//4243
f 4250//4250 4256//4256 4251//4251
f 4251//4251 4256//4256 4252//4252
f 4252//4252 4256//4256 4253//4253
f 4253//4253 4256//4256 4254//4254
f 4254//4254 4256//4256 4255//4255
f 4255//4255 4256//4256 4250//4250
f 4257//4257 4263//4263 4258//4258
f 4258//4258 4263//4263 4259//4259
f 4259//4259 4263//4263 4260//4260
f 4260//4260 4263//4263 4261//4261
f 4261//4261 4263//4263 4262//4262
f 4262//4262 4263//4263 4257//4257
f 4264//4264 4270//4270 4265//4265
f 4265//4265 4270//4270 4266//4266
f 4266//4266 4270//4270 4267//4267
f 4267//4267 4270//4270 4268//4268
f 4268//4268 4270//4270 4269//4269
f 4269//4269 4270//4270 4264//4264
f 4271//4271 4277//4277 4272//4272
f 4272//4272 4277//4277 4273//4273
f 4273//4273 4277//4277 4274//4274
f 4274//4274 4277//4277 4275//4275
f 4275//4275 4277//4277 4276//4276
f 4276//4276 4277//4277 4271//4271
f 4278//4278 4284//4284 4279//4279
f 4279//4279 4284//4284 4280//4280
f 4280//4280 4284//4284 4281//4281
f 4281//4281 4284//4284 4282//4282
f 4282//4282 4284//4284 4283//4283
f 4283//4283 4284//4284 4278//4278
f 4285//4285 4291//4291 4286//4286
f 4286//4286 4291//4291 4287//4287
f 4287//4287 4291//4291 4288//4288
f 4288//4288 4291//4291 4289//4289
f 4289//4289 4291//4291 4290//4290
f 4290//4290 4291//4291 4285//4285
f 4292//4292 4298//4298 4293//4293
f 4293//4293 4298//4298 4294//4294
f 4294//4294 4298//4298 4295//4295
f 4295//4295 4298//4298 4296//4296
f 4296//4296 4298//4298 4297//4297
f 4297//4297 4298//4298 4292//4292
f 4299//4299 4305//4305 4300//4300
f 4300//4300 4305//4305 4301//4301
f 4301//4301 4305//4305 4302//4302
f 4302//4302 4305//4305 4303//4303
f 4303//4303 4305//4305 4304//4304
f 4304//4304 4305//4305 4299//4299
f 4306//4306 4312//4312 4307//4307
f 4307//4307 4312//4312 4308//4308
f 4308//4308 4312//4312 4309//4309
f 4309//4309 4312//4312 4310//4310
f 4310//4310 4312//4312 4311//4311
f 4311//4311 4312//4312 4306//4306
f 4313//4313 4319//4319 4314//4314
f 4314//4314 4319//4319 4315//4315
f 4315//4315 4319//4319 4316//4316
f 4316//4316 4319//4319 4317//4317
f 4317//4317 4319//4319 4318//4318
f 4318//4318 4319//4319 4313//4313
f 4320//4320 4326//4326 4321//4321
f 4321//4321 4326//4326 4322//4322
f 4322//4322 4326//4326 4323//4323
f 4323//4323 4326//4326 4324//4324
f 4324//4324 4326//4326 4325//4325
f 4325//4325 4326//4326 4320//4320
f 4327//4327 4333//4333 4328//4328
f 4328//4328 4333//4333 4329//4329
f 4329//4329 4333//4333 4330//4330
f 4330//4330 4333//4333 4331//4331
f 4331//4331 4333//4333 4332//4332
f 4332//4332 4333//4333 4327//4327
f 4334//4334 4340//4340 4335//4335
f 4335//4335 4340//4340 4336//4336
f 4336//4336 4340//4340 4337//4337
f 4337//4337 4340//4340 4338//4338
f 4338//4338 4340//4340 4339//4339
f 4339//4339 4340//4340 4334//4334
f 4341//4341 4347//4347 4342//4342
f 4342//4342 4347//4347 4343//4343
f 4343//4343 4347//4347 4344//4344
f 4344//4344 4347//4347 4345//4345
f 4345//4345 4347//4347 4346//4346
f 4346//4346 4347//4347 4341//4341
f 4348//4348 4354//4354 4349//4349
f 4349//4349 4354//4354 4350//4350
f 4350//4350 4354//4354 4351//4351
f 4351//4351 4354//4354 4352//4352
f 4352//4352 4354//4354 4353//4353
f 4353//4353 4354//4354 4348//4348
f 4355//4355 4361//4361 4356//4356
f 4356//4356 4361//4361 4357//4357
f 4357//4357 4361//4361 4358//4358
f 4358//4358 4361//4361 4359//4359
f 4359//4359 4361//4361 4360//4360
f 4360//4360 4361//4361 4355//4355
f 4362//4362 4368//4368 4363//4363
f 4363//4363 4368//4368 4364//4364
f 4364//4364 4368//4368 4365//4365
f 4365//4365 4368//4368 4366//4366
f 4366//4366 4368//4368 4367//4367
f 4367//4367 4368//4368 4362//4362
f 4369//4369 4375//4375 4370//4370
f 4370//4370 4375//4375 4371//4371
f 4371//4371 4375//4375 4372//4372
f 4372//4372 4375//4375 4373//4373
f 4373//4373 4375//4375 4374//4374
f 4374//4374 4375//4375 4369//4369
f 4376//4376 4382//4382 4377//4377
f 4377//4377 4382//4382 4378//4378
f 4378//4378 4382//4382 4379//4379
f 4379//4379 4382//4382 4380//4380
f 4380//4380 4382//4382 4381//4381
f 4381//4381 4382//4382 4376//4376
f 4383//4383 4389//4389 4384//4384
f 4384//4384 4389//4389 4385//4385
f 4385//4385 4389//4389 4386//4386
f 4386//4386 4389//4389 4387//4387
f 4387//4387 4389//4389 4388//4388
f 4388//4388 4389//4389 4383//4383
f 4390//4390 4396//4396 4391//4391
f 4391//4391 4396//4396 4392//4392
f 4392//4392 4396//4396 4393//4393
f 4393//4393 4396//4396 4394//4394
f 4394//4394 4396//4396 4395//4395
f 4395//4395 4396//4396 4390//4390
f 4397//4397 4403//4403 4398//4398
f 4398//4398 4403//4403 4399//4399
f 4399//4399 4403//4403 4400//4400
f 4400//4400 4403//4403 4401//4401
f 4401//4401 4403//4403 4402//4402
f 4402//4402 4403//4403 4397//4397
f 4404//4404 4410//4410 4405//4405
f 4405//4405 4410//4410 4406//4406
f 4406//4406 4410//4410 4407//4407
f 4407//4407 4410//4410 4408//4408
f 4408//4408 4410//4410 4409//4409
f 4409//4409 4410//4410 4404//4404
f 4411//4411 4417//4417 4412//4412
f 4412//4412 4417//4417 4413//4413
f 4413//4413 4417//4417 4414//4414
f 4414//4414 4417//4417 4415//4415
f 4415//4415 4417//4417 4416//4416
f 4416//4416 4417//4417 4411//4411
f 4418//4418 4424//4424 4419//4419
f 4419//4419 4424//4424 4420//4420
f 4420//4420 4424//4424 4421//4421
f 4421//4421 4424//4424 4422//4422
f 4422//4422 4424//4424 4423//4423
f 4423//4423 4424//4424 4418//4418
f 4425//4425 4431//4431 4426//4426
f 4426//4426 4431//4431 4427//4427
f 4427//4427 4431//4431 4428//4428
f 4428//4428 4431//4431 4429//4429
f 4429//4429 4431//4431 4430//4430
f 4430//4430 4431//4431 4425//4425
f 4432//4432 4438//4438 4433//4433
f 4433//4433 4438//4438 4434//4434
f 4434//4434 4438//4438 4435//4435
f 4435//4435 4438//4438 4436//4436
f 4436//4436 4438//4438 4437//4437
f 4437//4437 4438//4438 4432//4432
f 4439//4439 4445//4445 4440//4440
f 4440//4440 4445//4445 4441//4441
f 4441//4441 4445//4445 4442//4442
f 4442//4442 4445//4445 4443//4443
f 4443//4443 4445//4445 4444//4444
f 4444//4444 4445//4445 4439//4439
f 4446//4446 4452//4452 4447//4447
f 4447//4447 4452//4452 4448//4448
f 4448//4448 4452//4452 4449//4449
f 4449//4449 4452//4452 4450//4450
f 4450//4450 4452//4452 4451//4451
f 4451//4451 4452//4452 4446//4446
f 4453//4453 4459//4459 4454//4454
f 4454//4454 4459//4459 4455//4455
f 4455//4455 4459//4459 4456//4456
f 4456//4456 4459//4459 4457//4457
f 4457//4457 4459//4459 4458//4458
f 4458//4458 4459//4459 4453//4453
f 4460//4460 4466//4466 4461//4461
f 4461//4461 4466//4466 4462//4462
f 4462//4462 4466//4466 4463//4463
f 4463//4463 4466//4466 4464//4464
f 4464//4464 4466//4466 4465//4465
f 4465//4465 4466//4466 4460//4460
f 4467//4467 4473//4473 4468//4468
f 4468//4468 4473//4473 4469//4469
f 4469//4469 4473//4473 4470//4470
f 4470//4470 4473//4473 4471//4471
f 4471//4471 4473//4473 4472//4472
f 4472//4472 4473//4473 4467//4467
f 4474//4474 4480//4480 4475//4475
f 4475//4475 4480//4480 4476//4476
f 4476//4476 4480//4480 4477//4477
f 4477//4477 4480//4480 4478//4478
f 4478//4478 4480//4480 4479//4479
f 4479//4479 4480//4480 4474//4474
f 4481//4481 4487//4487 4482//4482
f 4482//4482 4487//4487 4483//4483
f 4483//4483 4487//4487 4484//4484
f 4484//4484 4487//4487 4485//4485
f 4485//4485 4487//4487 4486//4486
f 4486//4486 4487//4487 4481//4481
f 4488//4488 4494//4494 4489//4489
f 4489//4489 4494//4494 4490//4490
f 4490//4490 4494//4494 4491//4491
f 4491//4491 4494//4494 4492//4492
f 4492//4492 4494//4494 4493//4493
f 4493//4493 4494//4494 4488//4488
f 4495//4495 4501//4501 4496//4496
f 4496//4496 4501//4501 4497//4497
f 4497//4497 4501//4501 4498//4498
f 4498//4498 4501//4501 4499//4499
f 4499//4499 4501//4501 4500//4500
f 4500//4500 4501//4501 4495//4495
f 4502//4502 4508//4508 4503//4503
f 4503//4503 4508//4508 4504//4504
f 4504//4504 4508//4508 4505//4505
f 4505//4505 4508//4508 4506//4506
f 4506//4506 4508//4508 4507//4507
f 4507//4507 4508//4508 4502//4502
f 4509//4509 4515//4515 4510//4510
f 4510//4510 4515//4515 4511//4511
f 4511//4511 4515//4515 4512//4512
f 4512//4512 4515//4515 4513//4513
f 4513//4513 4515//4515 4514//4514
f 4514//4514 4515//4515 4509//4509
f 4516//4516 4522//4522 4517//4517
f 4517//4517 4522//4522 4518//4518
f 4518//4518 4522//4522 4519//4519
f 4519//4519 4522//4522 4520//4520
f 4520//4520 4522//4522 4521//4521
f 4521//4521 4522//4522 4516//4516
f 4523//4523 4529//4529 4524//4524
f 4524//4524 4529//4529 4525//4525
f 4525//4525 4529//4529 4526//4526
f 4526//4526 4529//4529 4527//4527
f 4527//4527 4529//4529 4528//4528
f 4528//4528 4529//4529 4523//4523
f 4530//4530 4536//4536 4531//4531
f 4531//4531 4536//4536 4532//4532
f 4532//4532 4536//4536 4533//4533
f 4533//4533 4536//4536 4534//4534
f 4534//4534 4536//4536 4535//4535
f 4535//4535 4536//4536 4530//4530
f 4537//4537 4543//4543 4538//4538
f 4538//4538 4543//4543 4539//4539
f 4539//4539 4543//4543 4540//4540
f 4540//4540 4543//4543 4541//4541
f 4541//4541 4543//4543 4542//4542
f 4542//4542 4543//4543 4537//4537
f 4544//4544 4550//4550 4545//4545
f 4545//4545 4550//4550 4546//4546
f 4546//4546 4550//4550 4547//4547
f 4547//4547 4550//4550 4548//4548
f 4548//4548 4550//4550 4549//4549
f 4549//4549 4550//4550 4544//4544
f 4551//4551 4557//4557 4552//4552
f 4552//4552 4557//4557 4553//4553
f 4553//4553 4557//4557 4554//4554
f 4554//4554 4557//4557 4555//4555
f 4555//4555 4557//4557 4556//4556
f 4556//4556 4557//4557 4551//4551
f 4558//4558 4564//4564 4559//4559
f 4559//4559 4564//4564 4560//4560
f 4560//4560 4564//4564 4561//4561
f 4561//4561 4564//4564 4562//4562
f 4562//4562 4564//4564 4563//4563
f 4563//4563 4564//4564 4558//4558
f 4565//4565 4571//4571 4566//4566
f 4566//4566 4571//4571 4567//4567
f 4567//4567 4571//4571 4568//4568
f 4568//4568 4571//4571 4569//4569
f 4569//4569 4571//4571 4570//4570
f 4570//4570 4571//4571 4565//4565
f 4572//4572 4578//4578 4573//4573
f 4573//4573 4578//4578 4574//4574
f 4574//4574 4578//4578 4575//4575
f 4575//4575 4578//4578 4576//4576
f 4576//4576 4578//4578 4577//4577
f 4577//4577 4578//4578 4572//4572
f 4579//4579 4585//4585 4580//4580
f 4580//4580 4585//4585 4581//4581
f 4581//4581 4585//4585 4582//4582
f 4582//4582 4585//4585 4583//4583
f 4583//4583 4585//4585 4584//4584
f 4584//4584 4585//4585 4579//4579
f 4586//4586 4592//4592 4587//4587
f 4587//4587 4592//4592 4588//4588
f 4588//4588 4592//4592 4589//4589
f 4589//4589 4592//4592 4590//4590
f 4590//4590 4592//4592 4591//4591
f 4591//4591 4592//4592 4586//4586
f 4593//4593 4599//4599 4594//4594
f 4594//4594 4599//4599 4595//4595
f 4595//4595 4599//4599 4596//4596
f 4596//4596 4599//4599 4597//4597
f 4597//4597 4599//4599 4598//4598
f 4598//4598 4599//4599 4593//4593
f 4600//4600 4606//4606 4601//4601
f 4601//4601 4606//4606 4602//4602
f 4602//4602 4606//4606 4603//4603
f 4603//4603 4606//4606 4604//4604
f 4604//4604 4606//4606 4605//4605
f 4605//4605 4606//4606 4600//4600
f 4607//4607 4613//4613 4608//4608
f 4608//4608 4613//4613 4609//4609
f 4609//4609 4613//4613 4610//4610
f 4610//4610 4613//4613 4611//4611
f 4611//4611 4613//4613 4612//4612
f 4612//4612 4613//4613 4607//4607
f 4614//4614 4620//4620 4615//4615
f 4615//4615 4620//4620 4616//4616
f 4616//4616 4620//4620 4617//4617
f 4617//4617 4620//4620 4618//4618
f 4618//4618 4620//4620 4619//4619
f 4619//4619 4620//4620 4614//4614
f 4621//4621 4627//4627 4622//4622
f 4622//4622 4627//4627 4623//4623
f 4623//4623 4627//4627 4624//4624
f 4624//4624 4627//4627 4625//4625
f 4625//4625 4627//4627 4626//4626
f 4626//4626 4627//4627 4621//4621
f 4628//4628 4634//4634 4629//4629
f 4629//4629 4634//4634 4630//4630
f 4630//4630 4634//4634 4631//4631
f 4631//4631 4634//4634 4632//4632
f 4632//4632 4634//4634 4633//4633
f 4633//4633 4634//4634 4628//4628
f 4635//4635 4641//4641 4636//4636
f 4636//4636 4641//4641 4637//4637
f 4637//4637 4641//4641 4638//4638
f 4638//4638 4641//4641 4639//4639
f 4639//4639 4641//4641 4640//4640
f 4640//4640 4641//4641 4635//4635
f 4642//4642 4648//4648 4643//4643
f 4643//4643 4648//4648 4644//4644
f 4644//4644 4648//4648 4645//4645
f 4645//4645 4648//4648 4646//4646
f 4646//4646 4648//4648 4647//4647
f 4647//4647 4648//4648 4642//4642
f 4649//4649 4655//4655 4650//4650
f 4650//4650 4655//4655 4651//4651
f 4651//4651 4655//4655 4652//4652
f 4652//4652 4655//4655 4653//4653
f 4653//4653 4655//4655 4654//4654
f 4654//4654 4655//4655 4649//4649
f 4656//4656 4662//4662 4657//4657
f 4657//4657 4662//4662 4658//4658
f 4658//4658 4662//4662 4659//4659
f 4659//4659 4662//4662 4660//4660
f 4660//4660 4662//4662 4661//4661
f 4661//4661 4662//4662 4656//4656
f 4663//4663 4669//4669 4664//4664
f 4664//4664 4669//4669 4665//4665
f 4665//4665 4669//4669 4666//4666
f 4666//4666 4669//4669 4667//4667
f 4667//4667 4669//4669 4668//4668
f 4668//4668 4669//4669 4663//4663
f 4670//4670 4676//4676 4671//4671
f 4671//4671 4676//4676 4672//4672
f 4672//4672 4676//4676 4673//4673
f 4673//4673 4676//4676 4674//4674
f 4674//4674 4676//4676 4675//4675
f 4675//4675 4676//4676 4670//4670
f 4677//4677 4683//4683 4678//4678
f 4678//4678 4683//4683 4679//4679
f 4679//4679 4683//4683 4680//4680
f 4680//4680 4683//4683 4681//4681
f 4681//4681 4683//4683 4682//4682
f 4682//4682 4683//4683 4677//4677
f 4684//4684 4690//4690 4685//4685
f 4685//4685 4690//4690 4686//4686
f 4686//4686 4690//4690 4687//4687
f 4687//4687 4690//4690 4688//4688
f 4688//4688 4690//4690 4689//4689
f 4689//4689 4690//4690 4684//4684
f 4691//4691 4697//4697 4692//4692
f 4692//4692 4697//4697 4693//4693
f 4693//4693 4697//4697 4694//4694
f 4694//4694 4697//4697 4695//4695
f 4695//4695 4697//4697 4696//4696
f 4696//4696 4697//4697 4691//4691
f 4698//4698 4704//4704 4699//4699
f 4699//4699 4704//4704 4700//4700
f 4700//4700 4704//4704 4701//4701
f 4701//4701 4704//4704 4702//4702
f 4702//4702 4704//4704 4703//4703
f 4703//4703 4704//4704 4698//4698
f 4705//4705 4711//4711 4706//4706
f 4706//4706 4711//4711 4707//4707
f 4707//4707 4711//4711 4708//4708
f 4708//4708 4711//4711 4709//4709
f 4709//4709 4711//4711 4710//4710
f 4710//4710 4711//4711 4705//4705
f 4712//4712 4718//4718 4713//4713
f 4713//4713 4718//4718 4714//4714
f 4714//4714 4718//4718 4715//4715
f 4715//4715 4718//4718 4716//4716
f 4716//4716 4718//4718 4717//4717
f 4717//4717 4718//4718 4712//4712
f 4719//4719 4725//4725 4720//4720
f 4720//4720 4725//4725 4721//4721
f 4721//4721 4725//4725 4722//4722
f 4722//4722 4725//4725 4723//4723
f 4723//4723 4725//4725 4724//4724
f 4724//4724 4725//4725 4719//4719
f 4726//4726 4732//4732 4727//4727
f 4727//4727 4732//4732 4728//4728
f 4728//4728 4732//4732 4729//4729
f 4729//4729 4732//4732 4730//4730
f 4730//4730 4732//4732 4731//4731
f 4731//4731 4732//4732 4726//4726
f 4733//4733 4739//4739 4734//4734
f 4734//4734 4739//4739 4735//4735
f 4735//4735 4739//4739 4736//4736
f 4736//4736 4739//4739 4737//4737
f 4737//4737 4739//4739 4738//4738
f 4738//4738 4739//4739 4733//4733
f 4740//4740 4746//4746 4741//4741
f 4741//4741 4746//4746 4742//4742
f 4742//4742 4746//4746 4743//4743
f 4743//4743 4746//4746 4744//4744
f 4744//4744 4746//4746 4745//4745
f 4745//4745 4746//4746 4740//4740
f 4747//4747 4753//4753 4748//4748
f 4748//4748 4753//4753 4749//4749
f 4749//4749 4753//4753 4750//4750
f 4750//4750 4753//4753 4751//4751
f 4751//4751 4753//4753 4752//4752
f 4752//4752 4753//4753 4747//4747
f 4754//4754 4760//4760 4755//4755
f 4755//4755 4760//4760 4756//4756
f 4756//4756 4760//4760 4757//4757
f 4757//4757 4760//4760 4758//4758
f 4758//4758 4760//4760 4759//4759
f 4759//4759 4760//4760 4754//4754
f 4761//4761 4767//4767 4762//4762
f 4762//4762 4767//4767 4763//4763
f 4763//4763 4767//4767 4764//4764
f 4764//4764 4767//4767 4765//4765
f 4765//4765 4767//4767 4766//4766
f 4766//4766 4767//4767 4761//4761
f 4768//4768 4774//4774 4769//4769
f 4769//4769 4774//4774 4770//4770
f 4770//4770 4774//4774 4771//4771
f 4771//4771 4774//4774 4772//4772
f 4772//4772 4774//4774 4773//4773
f 4773//4773 4774//4774 4768//4768
f 4775//4775 4781//4781 4776//4776
f 4776//4776 4781//4781 4777//4777
f 4777//4777 4781//4781 4778//4778
f 4778//4778 4781//4781 4779//4779
f 4779//4779 4781//4781 4780//4780
f 4780//4780 4781//4781 4775//4775
f 4782//4782 4788//4788 4783//4783
f 4783//4783 4788//4788 4784//4784
f 4784//4784 4788//4788 4785//4785
f 4785//4785 4788//4788 4786//4786
f 4786//4786 4788//4788 4787//4787
f 4787//4787 4788//4788 4782//4782
f 4789//4789 4795//4795 4790//4790
f 4790//4790 4795//4795 4791//4791
f 4791//4791 4795//4795 4792//4792
f 4792//4792 4795//4795 4793//4793
f 4793//4793 4795//4795 4794//4794
f 4794//4794 4795//4795 4789//4789
f 4796//4796 4802//4802 4797//4797
f 4797//4797 4802//4802 4798//4798
f 4798//4798 4802//4802 4799//4799
f 4799//4799 4802//4802 4800//4800
f 4800//4800 4802//4802 4801//4801
f 4801//4801 4802//4802 4796//4796
f 4803//4803 4809//4809 4804//4804
f 4804//4804 4809//4809 4805//4805
f 4805//4805 4809//4809 4806//4806
f 4806//4806 4809//4809 4807//4807
f 4807//4807 4809//4809 4808//4808
f 4808//4808 4809//4809 4803//4803
f 4810//4810 4816//4816 4811//4811
f 4811//4811 4816//4816 4812//4812
f 4812//4812 4816//4816 4813//4813
f 4813//4813 4816//4816 4814//4814
f 4814//4814 4816//4816 4815//4815
f 4815//4815 4816//4816 4810//4810
f 4817//4817 4823//4823 4818//4818
f 4818//4818 4823//4823 4819//4819
f 4819//4819 4823//4823 4820//4820
f 4820//4820 4823//4823 4821//4821
f 4821//4821 4823//4823 4822//4822
f 4822//4822 4823//4823 4817//4817
f 4824//4824 4830//4830 4825//4825
f 4825//4825 4830//4830 4826//4826
f 4826//4826 4830//4830 4827//4827
f 4827//4827 4830//4830 4828//4828
f 4828//4828 4830//4830 4829//4829
f 4829//4829 4830//4830 4824//4824
f 4831//4831 4837//4837 4832//4832
f 4832//4832 4837//4837 4833//4833
f 4833//4833 4837//4837 4834//4834
f 4834//4834 4837//4837 4835//4835
f 4835//4835 4837//4837 4836//4836
f 4836//4836 4837//4837 4831//4831
f 4838//4838 4844//4844 4839//4839
f 4839//4839 4844//4844 4840//4840
f 4840//4840 4844//4844 4841//4841
f 4841//4841 4844//4844 4842//4842
f 4842//4842 4844//4844 4843//4843
f 4843//4843 4844//4844 4838//4838
f 4845//4845 4851//4851 4846//4846
f 4846//4846 4851//4851 4847//4847
f 4847//4847 4851//4851 4848//4848
f 4848//4848 4851//4851 4849//4849
f 4849//4849 4851//4851 4850//4850
f 4850//4850 4851//4851 4845//4845
f 4852//4852 4858//4858 4853//4853
f 4853//4853 4858//4858 4854//4854
f 4854//4854 4858//4858 4855//4855
f 4855//4855 4858//4858 4856//4856
f 4856//4856 4858//4858 4857//4857
f 4857//4857 4858//4858 4852//4852
f 4859//4859 4865//4865 4860//4860
f 4860//4860 4865//4865 4861//4861
f 4861//4861 4865//4865 4862//4862
f 4862//4862 4865//4865 4863//4863
f 4863//4863 4865//4865 4864//4864
f 4864//4864 4865//4865 4859//4859
f 4866//4866 4872//4872 4867//4867
f 4867//4867 4872//4872 4868//4868
f 4868//4868 4872//4872 4869//4869
f 4869//4869 4872//4872 4870//4870
f 4870//4870 4872//4872 4871//4871
f 4871//4871 4872//4872 4866//4866
f 4873//4873 4879//4879 4874//4874
f 4874//4874 4879//4879 4875//4875
f 4875//4875 4879//4879 4876//4876
f 4876//4876 4879//4879 4877//4877
f 4877//4877 4879//4879 4878//4878
f 4878//4878 4879//4879 4873//4873
f 4880//4880 4886//4886 4881//4881
f 4881//4881 4886//4886 4882//4882
f 4882//4882 4886//4886 4883//4883
f 4883//4883 4886//4886 4884//4884
f 4884//4884 4886//4886 4885//4885
f 4885//4885 4886//4886 4880//4880
f 4887//4887 4893//4893 4888//4888
f 4888//4888 4893//4893 4889//4889
f 4889//4889 4893//4893 4890//4890
f 4890//4890 4893//4893 4891//4891
f 4891//4891 4893//4893 4892//4892
f 4892//4892 4893//4893 4887//4887
f 4894//4894 4900//4900 4895//4895
f 4895//4895 4900//4900 4896//4896
f 4896//4896 4900//4900 4897//4897
f 4897//4897 4900//4900 4898//4898
f 4898//4898 4900//4900 4899//4899
f 4899//4899 4900//4900 4894//4894
f 4901//4901 4907//4907 4902//4902
f 4902//4902 4907//4907 4903//4903
f 4903//4903 4907//4907 4904//4904
f 4904//4904 4907//4907 4905//4905
f 4905//4905 4907//4907 4906//4906
f 4906//4906 4907//4907 4901//4901
f 4908//4908 4914//4914 4909//4909
f 4909//4909 4914//4914 4910//4910
f 4910//4910 4914//4914 4911//4911
f 4911//4911 4914//4914 4912//4912
f 4912//4912 4914//4914 4913//4913
f 4913//4913 4914//4914 4908//4908
f 4915//4915 4921//4921 4916//4916
f 4916//4916 4921//4921 4917//4917
f 4917//4917 4921//4921 4918//4918
f 4918//4918 4921//4921 4919//4919
f 4919//4919 4921//4921 4920//4920
f 4920//4920 4921//4921 4915//4915
f 4922//4922 4928//4928 4923//4923
f 4923//4923 4928//4928 4924//4924
f 4924//4924 4928//4928 4925//4925
f 4925//4925 4928//4928 4926//4926
f 4926//4926 4928//4928 4927//4927
f 4927//4927 4928//4928 4922//4922
f 4929//4929 4935//4935 4930//4930
f 4930//4930 4935//4935 4931//4931
f 4931//4931 4935//4935 4932//4932
f 4932//4932 4935//4935 4933//4933
f 4933//4933 4935//4935 4934//4934
f 4934//4934 4935//4935 4929//4929
f 4936//4936 4942//4942 4937//4937
f 4937//4937 4942//4942 4938//4938
f 4938//4938 4942//4942 4939//4939
f 4939//4939 4942//4942 4940//4940
f 4940//4940 4942//4942 4941//4941
f 4941//4941 4942//4942 4936//4936
f 4943//4943 4949//4949 4944//4944
f 4944//4944 4949//4949 4945//4945
f 4945//4945 4949//4949 4946//4946
f 4946//4946 4949//4949 4947//4947
f 4947//4947 4949//4949 4948//4948
f 4948//4948 4949//4949 4943//4943
f 4950//4950 4956//4956 4951//4951
f 4951//4951 4956//4956 4952//4952
f 4952//4952 4956//4956 4953//4953
f 4953//4953 4956//4956 4954//4954
f 4954//4954 4956//4956 4955//4955
f 4955//4955 4956//4956 4950//4950
f 4957//4957 4963//4963 4958//4958
f 4958//4958 4963//4963 4959//4959
f 4959//4959 4963//4963 4960//4960
f 4960//4960 4963//4963 4961//4961
f 4961//4961 4963//4963 4962//4962
f 4962//4962 4963//4963 4957//4957
f 4964//4964 4970//4970 4965//4965
f 4965//4965 4970//4970 4966//4966
f 4966//4966 4970//4970 4967//4967
f 4967//4967 4970//4970 4968//4968
f 4968//4968 4970//4970 4969//4969
f 4969//4969 4970//4970 4964//4964
f 4971//4971 4977//4977 4972//4972
f 4972//4972 4977//4977 4973//4973
f 4973//4973 4977//4977 4974//4974
f 4974//4974 4977//4977 4975//4975
f 4975//4975 4977//4977 4976//4976
f 4976//4976 4977//4977 4971//4971
f 4978//4978 4984//4984 4979//4979
f 4979//4979 4984//4984 4980//4980
f 4980//4980 4984//4984 4981//4981
f 4981//4981 4984//4984 4982//4982
f 4982//4982 4984//4984 4983//4983
f 4983//4983 4984//4984 4978//4978
f 4985//4985 4991//4991 4986//4986
f 4986//4986 4991//4991 4987//4987
f 4987//4987 4991//4991 4988//4988
f 4988//4988 4991//4991 4989//4989
f 4989//4989 4991//4991 4990//4990
f 4990//4990 4991//4991 4985//4985
f 4992//4992 4998//4998 4993//4993
f 4993//4993 4998//4998 4994//4994
f 4994//4994 4998//4998 4995//4995
f 4995//4995 4998//4998 4996//4996
f 4996//4996 4998//4998 4997//4997
f 4997//4997 4998//4998 4992//4992
f 4999//4999 5005//5005 5000//5000
f 5000//5000 5005//5005 5001//5001
f 5001//5001 5005//5005 5002//5002
f 5002//5002 5005//5005 5003//5003
f 5003//5003 5005//5005 5004//5004
f 5004//5004 5005//5005 4999//4999
f 5006//5006 5012//5012 5007//5007
f 5007//5007 5012//5012 5008//5008
f 5008//5008 5012//5012 5009//5009
f 5009//5009 5012//5012 5010//5010
f 5010//5010 5012//5012 5011//5011
f 5011//5011 5012//5012 5006//5006
f 5013//5013 5019//5019 5014//5014
f 5014//5014 5019//5019 5015//5015
f 5015//5015 5019//5019 5016//5016
f 5016//5016 5019//5019 5017//5017
f 5017//5017 5019//5019 5018//5018
f 5018//5018 5019//5019 5013//5013
f 5020//5020 5026//5026 5021//5021
f 5021//5021 5026//5026 5022//5022
f 5022//5022 5026//5026 5023//5023
f 5023//5023 5026//5026 5024//5024
f 5024//5024 5026//5026 5025//5025
f 5025//5025 5026//5026 5020//5020
f 5027//5027 5033//5033 5028//5028
f 5028//5028 5033//5033 5029//5029
f 5029//5029 5033//5033 5030//5030
f 5030//5030 5033//5033 5031//5031
f 5031//5031 5033//5033 5032//5032
f 5032//5032 5033//5033 5027//5027
f 5034//5034 5040//5040 5035//5035
f 5035//5035 5040//5040 5036//5036
f 5036//5036 5040//5040 5037//5037
f 5037//5037 5040//5040 5038//5038
f 5038//5038 5040//5040 5039//5039
f 5039//5039 5040//5040 5034//5034
f 5041//5041 5047//5047 5042//5042
f 5042//5042 5047//5047 5043//5043
f 5043//5043 5047//5047 5044//5044
f 5044//5044 5047//5047 5045//5045
f 5045//5045 5047//5047 5046//5046
f 5046//5046 5047//5047 5041//5041
f 5048//5048 5054//5054 5049//5049
f 5049//5049 5054//5054 5050//5050
f 5050//5050 5054//5054 5051//5051
f 5051//5051 5054//5054 5052//5052
f 5052//5052 5054//5054 5053//5053
f 5053//5053 5054//5054 5048//5048
f 5055//5055 5061//5061 5056//5056
f 5056//5056 5061//5061 5057//5057
f 5057//5057 5061//5061 5058//5058
f 5058//5058 5061//5061 5059//5059
f 5059//5059 5061//5061 5060//5060
f 5060//5060 5061//5061 5055//5055
f 5062//5062 5068//5068 5063//5063
f 5063//5063 5068//5068 5064//5064
f 5064//5064 5068//5068 5065//5065
f 5065//5065 5068//5068 5066//5066
f 5066//5066 5068//5068 5067//5067
f 5067//5067 5068//5068 5062//5062
f 5069//5069 5075//5075 5070//5070
f 5070//5070 5075//5075 5071//5071
f 5071//5071 5075//5075 5072//5072
f 5072//5072 5075//5075 5073//5073
f 5073//5073 5075//5075 5074//5074
f 5074//5074 5075//5075 5069//5069
f 5076//5076 5082//5082 5077//5077
f 5077//5077 5082//5082 5078//5078
f 5078//5078 5082//5082 5079//5079
f 5079//5079 5082//5082 5080//5080
f 5080//5080 5082//5082 5081//5081
f 5081//5081 5082//5082 5076//5076
f 5083//5083 5089//5089 5084//5084
f 5084//5084 5089//5089 5085//5085
f 5085//5085 5089//5089 5086//5086
f 5086//5086 5089//5089 5087//5087
f 5087//5087 5089//5089 5088//5088
f 5088//5088 5089//5089 5083//5083
f 5090//5090 5096//5096 5091//5091
f 5091//5091 5096//5096 5092//5092
f 5092//5092 5096//5096 5093//5093
f 5093//5093 5096//5096 5094//5094
f 5094//5094 5096//5096 5095//5095
f 5095//5095 5096//5096 5090//5090
f 5097//5097 5103//5103 5098//5098
f 5098//5098 5103//5103 5099//5099
f 5099//5099 5103//5103 5100//5100
f 5100//5100 5103//5103 5101//5101
f 5101//5101 5103//5103 5102//5102
f 5102//5102 5103//5103 5097//5097
f 5104//5104 5110//5110 5105//5105
f 5105//5105 5110//5110 5106//5106
f 5106//5106 5110//5110 5107//5107
f 5107//5107 5110//5110 5108//5108
f 5108//5108 5110//5110 5109//5109
f 5109//5109 5110//5110 5104//5104
f 5111//5111 5117//5117 5112//5112
f 5112//5112 5117//5117 5113//5113
f 5113//5113 5117//5117 5114//5114
f 5114//5114 5117//5117 5115//5115
f 5115//5115 5117//5117 5116//5116
f 5116//5116 5117//5117 5111//5111
f 5118//5118 5124//5124 5119//5119
f 5119//5119 5124//5124 5120//5120
f 5120//5120 5124//5124 5121//5121
f 5121//5121 5124//5124 5122//5122
f 5122//5122 5124//5124 5123//5123
f 5123//5123 5124//5124 5118//5118
f 5125//5125 5131//5131 5126//5126
f 5126//5126 5131//5131 5127//5127
f 5127//5127 5131//5131 5128//5128
f 5128//5128 5131//5131 5129//5129
f 5129//5129 5131//5131 5130//5130
f 5130//5130 5131//5131 5125//5125
f 5132//5132 5138//5138 5133//5133
f 5133//5133 5138//5138 5134//5134
f 5134//5134 5138//5138 5135//5135
f 5135//5135 5138//5138 5136//5136
f 5136//5136 5138//5138 5137//5137
f 5137//5137 5138//5138 5132//5132
f 5139//5139 5145//5145 5140//5140
f 5140//5140 5145//5145 5141//5141
f 5141//5141 5145//5145 5142//5142
f 5142//5142 5145//5145 5143//5143
f 5143//5143 5145//5145 5144//5144
f 5144//5144 5145//5145 5139//5139
f 5146//5146 5152//5152 5147//5147
f 5147//5147 5152//5152 5148//5148
f 5148//5148 5152//5152 5149//5149
f 5149//5149 5152//5152 5150//5150
f 5150//5150 5152//5152 5151//5151
f 5151//5151 5152//5152 5146//5146
f 5153//5153 5159//5159 5154//5154
f 5154//5154 5159//5159 5155//5155
f 5155//5155 5159//5159 5156//5156
f 5156//5156 5159//5159 5157//5157
f 5157//5157 5159//5159 5158//5158
f 5158//5158 5159//5159 5153//5153
f 5160//5160 5166//5166 5161//5161
f 5161//5161 5166//5166 5162//5162
f 5162//5162 5166//5166 5163//5163
f 5163//5163 5166//5166 5164//5164
f 5164//5164 5166//5166 5165//5165
f 5165//5165 5166//5166 5160//5160
f 5167//5167 5173//5173 5168//5168
f 5168//5168 5173//5173 5169//5169
f 5169//5169 5173//5173 5170//5170
f 5170//5170 5173//5173 5171//5171
f 5171//5171 5173//5173 5172//5172
f 5172//5172 5173//5173 5167//5167
f 5174//5174 5180//5180 5175//5175
f 5175//5175 5180//5180 5176//5176
f 5176//5176 5180//5180 5177//5177
f 5177//5177 5180//5180 5178//5178
f 5178//5178 5180//5180 5179//5179
f 5179//5179 5180//5180 5174//5174
f 5181//5181 5187//5187 5182//5182
f 5182//5182 5187//5187 5183//5183
f 5183//5183 5187//5187 5184//5184
f 5184//5184 5187//5187 5185//5185
f 5185//5185 5187//5187 5186//5186
f 5186//5186 5187//5187 5181//5181
f 5188//5188 5194//5194 5189//5189
f 5189//5189 5194//5194 5190//5190
f 5190//5190 5194//5194 5191//5191
f 5191//5191 5194//5194 5192//5192
f 5192//5192 5194//5194 5193//5193
f 5193//5193 5194//5194 5188//5188
f 5195//5195 5201//5201 5196//5196
f 5196//5196 5201//5201 5197//5197
f 5197//5197 5201//5201 5198//5198
f 5198//5198 5201//5201 5199//5199
f 5199//5199 5201//5201 5200//5200
f 5200//5200 5201//5201 5195//5195
f 5202//5202 5208//5208 5203//5203
f 5203//5203 5208//5208 5204//5204
f 5204//5204 5208//5208 5205//5205
f 5205//5205 5208//5208 5206//5206
f 5206//5206 5208//5208 5207//5207
f 5207//5207 5208//5208 5202//5202
f 5209//5209 5215//5215 5210//5210
f 5210//5210 5215//5215 5211//5211
f 5211//5211 5215//5215 5212//5212
f 5212//5212 5215//5215 5213//5213
f 5213//5213 5215//5215 5214//5214
f 5214//5214 5215//5215 5209//5209
f 5216//5216 5222//5222 5217//5217
f 5217//5217 5222//5222 5218//5218
f 5218//5218 5222//5222 5219//5219
f 5219//5219 5222//5222 5220//5220
f 5220//5220 5222//5222 5221//5221
f 5221//5221 5222//5222 5216//5216
f 5223//5223 5229//5229 5224//5224
f 5224//5224 5229//5229 5225//5225
f 5225//5225 5229//5229 5226//5226
f 5226//5226 5229//5229 5227//5227
f 5227//5227 5229//5229 5228//5228
f 5228//5228 5229//5229 5223//5223
f 5230//5230 5236//5236 5231//5231
f 5231//5231 5236//5236 5232//5232
f 5232//5232 5236//5236 5233//5233
f 5233//5233 5236//5236 5234//5234
f 5234//5234 5236//5236 5235//5235
f 5235//5235 5236//5236 5230//5230
f 5237//5237 5243//5243 5238//5238
f 5238//5238 5243//5243 5239//5239
f 5239//5239 5243//5243 5240//5240
f 5240//5240 5243//5243 5241//5241
f 5241//5241 5243//5243 5242//5242
f 5242//5242 5243//5243 5237//5237
f 5244//5244 5250//5250 5245//5245
f 5245//5245 5250//5250 5246//5246
f 5246//5246 5250//5250 5247//5247
f 5247//5247 5250//5250 5248//5248
f 5248//5248 5250//5250 5249//5249
f 5249//5249 5250//5250 5244//5244
f 5251//5251 5257//5257 5252//5252
f 5252//5252 5257//5257 5253//5253
f 5253//5253 5257//5257 5254//5254
f 5254//5254 5257//5257 5255//5255
f 5255//5255 5257//5257 5256//5256
f 5256//5256 5257//5257 5251//5251
f 5258//5258 5264//5264 5259//5259
f 5259//5259 5264//5264 5260//5260
f 5260//5260 5264//5264 5261//5261
f 5261//5261 5264//5264 5262//5262
f 5262//5262 5264//5264 5263//5263
f 5263//5263 5264//5264 5258//5258
f 5265//5265 5271//5271 5266//5266
f 5266//5266 5271//5271 5267//5267
f 5267//5267 5271//5271 5268//5268
f 5268//5268 5271//5271 5269//5269
f 5269//5269 5271//5271 5270//5270
f 5270//5270 5271//5271 5265//5265
f 5272//5272 5278//5278 5273//5273
f 5273//5273 5278//5278 5274//5274
f 5274//5274 5278//5278 5275//5275
f 5275//5275 5278//5278 5276//5276
f 5276//5276 5278//5278 5277//5277
f 5277//5277 5278//5278 5272//5272
f 5279//5279 5285//5285 5280//5280
f 5280//5280 5285//5285 5281//5281
f 5281//5281 5285//5285 5282//5282
f 5282//5282 5285//5285 5283//5283
f 5283//5283 5285//5285 5284//5284
f 5284//5284 5285//5285 5279//5279
f 5286//5286 5292//5292 5287//5287
f 5287//5287 5292//5292 5288//5288
f 5288//5288 5292//5292 5289//5289
f 5289//5289 5292//5292 5290//5290
f 5290//5290 5292//5292 5291//5291
f 5291//5291 5292//5292 5286//5286
f 5293//5293 5299//5299 5294//5294
f 5294//5294 5299//5299 5295//5295
f 5295//5295 5299//5299 5296//5296
f 5296//5296 5299//5299 5297//5297
f 5297//5297 5299//5299 5298//5298
f 5298//5298 5299//5299 5293//5293
f 5300//5300 5306//5306 5301//5301
f 5301//5301 5306//5306 5302//5302
f 5302//5302 5306//5306 5303//5303
f 5303//5303 5306//5306 5304//5304
f 5304//5304 5306//5306 5305//5305
f 5305//5305 5306//5306 5300//5300
f 5307//5307 5313//5313 5308//5308
f 5308//5308 5313//5313 5309//5309
f 5309//5309 5313//5313 5310//5310
f 5310//5310 5313//5313 5311//5311
f 5311//5311 5313//5313 5312//5312
f 5312//5312 5313//5313 5307//5307
f 5314//5314 5320//5320 5315//5315
f 5315//5315 5320//5320 5316//5316
f 5316//5316 5320//5320 5317//5317
f 5317//5317 5320//5320 5318//5318
f 5318//5318 5320//5320 5319//5319
f 5319//5319 5320//5320 5314//5314
f 5321//5321 5327//5327 5322//5322
f 5322//5322 5327//5327 5323//5323
f 5323//5323 5327//5327 5324//5324
f 5324//5324 5327//5327 5325//5325
f 5325//5325 5327//5327 5326//5326
f 5326//5326 5327//5327 5321//5321
f 5328//5328 5334//5334 5329//5329
f 5329//5329 5334//5334 5330//5330
f 5330//5330 5334//5334 5331//5331
f 5331//5331 5334//5334 5332//5332
f 5332//5332 5334//5334 5333//5333
f 5333//5333 5334//5334 5328//5328
f 5335//5335 5341//5341 5336//5336
f 5336//5336 5341//5341 5337//5337
f 5337//5337 5341//5341 5338//5338
f 5338//5338 5341//5341 5339//5339
f 5339//5339 5341//5341 5340//5340
f 5340//5340 5341//5341 5335//5335
f 5342//5342 5348//5348 5343//5343
f 5343//5343 5348//5348 5344//5344
f 5344//5344 5348//5348 5345//5345
f 5345//5345 5348//5348 5346//5346
f 5346//5346 5348//5348 5347//5347
f 5347//5347 5348//5348 5342//5342
f 5349//5349 5355//5355 5350//5350
f 5350//5350 5355//5355 5351//5351
f 5351//5351 5355//5355 5352//5352
f 5352//5352 5355//5355 5353//5353
f 5353//5353 5355//5355 5354//5354
f 5354//5354 5355//5355 5349//5349
f 5356//5356 5362//5362 5357//5357
f 5357//5357 5362//5362 5358//5358
f 5358//5358 5362//5362 5359//5359
f 5359//5359 5362//5362 5360//5360
f 5360//5360 5362//5362 5361//5361
f 5361//5361 5362//5362 5356//5356
f 5363//5363 5369//5369 5364//5364
f 5364//5364 5369//5369 5365//5365
f 5365//5365 5369//5369 5366//5366
f 5366//5366 5369//5369 5367//5367
f 5367//5367 5369//5369 5368//5368
f 5368//5368 5369//5369 5363//5363
f 5370//5370 5376//5376 5371//5371
f 5371//5371 5376//5376 5372//5372
f 5372//5372 5376//5376 5373//5373
f 5373//5373 5376//5376 5374//5374
f 5374//5374 5376//5376 5375//5375
f 5375//5375 5376//5376 5370//5370
f 5377//5377 5383//5383 5378//5378
f 5378//5378 5383//5383 5379//5379
f 5379//5379 5383//5383 5380//5380
f 5380//5380 5383//5383 5381//5381
f 5381//5381 5383//5383 5382//5382
f 5382//5382 5383//5383 5377//5377
f 5384//5384 5390//5390 5385//5385
f 5385//5385 5390//5390 5386//5386
f 5386//5386 5390//5390 5387//5387
f 5387//5387 5390//5390 5388//5388
f 5388//5388 5390//5390 5389//5389
f 5389//5389 5390//5390 5384//5384
f 5391//5391 5397//5397 5392//5392
f 5392//5392 5397//5397 5393//5393
f 5393//5393 5397//5397 5394//5394
f 5394//5394 5397//5397 5395//5395
f 5395//5395 5397//5397 5396//5396
f 5396//5396 5397//5397 5391//5391
f 5398//5398 5404//5404 5399//5399
f 5399//5399 5404//5404 5400//5400
f 5400//5400 5404//5404 5401//5401
f 5401//5401 5404//5404 5402//5402
f 5402//5402 5404//5404 5403//5403
f 5403//5403 5404//5404 5398//5398
f 5405//5405 5411//5411 5406//5406
f 5406//5406 5411//5411 5407//5407
f 5407//5407 5411//5411 5408//5408
f 5408//5408 5411//5411 5409//5409
f 5409//5409 5411//5411 5410//5410
f 5410//5410 5411//5411 5405//5405
f 5412//5412 5418//5418 5413//5413
f 5413//5413 5418//5418 5414//5414
f 5414//5414 5418//5418 5415//5415
f 5415//5415 5418//5418 5416//5416
f 5416//5416 5418//5418 5417//5417
f 5417//5417 5418//5418 5412//5412
f 5419//5419 5425//5425 5420//5420
f 5420//5420 5425//5425 5421//5421
f 5421//5421 5425//5425 5422//5422
f 5422//5422 5425//5425 5423//5423
f 5423//5423 5425//5425 5424//5424
f 5424//5424 5425//5425 5419//5419
f 5426//5426 5432//5432 5427//5427
f 5427//5427 5432//5432 5428//5428
f 5428//5428 5432//5432 5429//5429
f 5429//5429 5432//5432 5430//5430
f 5430//5430 5432//5432 5431//5431
f 5431//5431 5432//5432 5426//5426
f 5433//5433 5439//5439 5434//5434
f 5434//5434 5439//5439 5435//5435
f 5435//5435 5439//5439 5436//5436
f 5436//5436 5439//5439 5437//5437
f 5437//5437 5439//5439 5438//5438
f 5438//5438 5439//5439 5433//5433
f 5440//5440 5446//5446 5441//5441
f 5441//5441 5446//5446 5442//5442
f 5442//5442 5446//5446 5443//5443
f 5443//5443 5446//5446 5444//5444
f 5444//5444 5446//5446 5445//5445
f 5445//5445 5446//5446 5440//5440
f 5447//5447 5453//5453 5448//5448
f 5448//5448 5453//5453 5449//5449
f 5449//5449 5453//5453 5450//5450
f 5450//5450 5453//5453 5451//5451
f 5451//5451 5453//5453 5452//5452
f 5452//5452 5453//5453 5447//5447
f 5454//5454 5460//5460 5455//5455
f 5455//5455 5460//5460 5456//5456
f 5456//5456 5460//5460 5457//5457
f 5457//5457 5460//5460 5458//5458
f 5458//5458 5460//5460 5459//5459
f 5459//5459 5460//5460 5454//5454
f 5461//5461 5467//5467 5462//5462
f 5462//5462 5467//5467 5463//5463
f 5463//5463 5467//5467 5464//5464
f 5464//5464 5467//5467 5465//5465
f 5465//5465 5467//5467 5466//5466
f 5466//5466 5467//5467 5461//5461
f 5468//5468 5474//5474 5469//5469
f 5469//5469 5474//5474 5470//5470
f 5470//5470 5474//5474 5471//5471
f 5471//5471 5474//5474 5472//5472
f 5472//5472 5474//5474 5473//5473
f 5473//5473 5474//5474 5468//5468
f 5475//5475 5481//5481 5476//5476
f 5476//5476 5481//5481 5477//5477
f 5477//5477 5481//5481 5478//5478
f 5478//5478 5481//5481 5479//5479
f 5479//5479 5481//5481 5480//5480
f 5480//5480 5481//5481 5475//5475
f 5482//5482 5488//5488 5483//5483
f 5483//5483 5488//5488 5484//5484
f 5484//5484 5488//5488 5485//5485
f 5485//5485 5488//5488 5486//5486
f 5486//5486 5488//5488 5487//5487
f 5487//5487 5488//5488 5482//5482
f 5489//5489 5495//5495 5490//5490
f 5490//5490 5495//5495 5491//5491
f 5491//5491 5495//5495 5492//5492
f 5492//5492 5495//5495 5493//5493
f 5493//5493 5495//5495 5494//5494
f 5494//5494 5495//5495 5489//5489
f 5496//5496 5502//5502 5497//5497
f 5497//5497 5502//5502 5498//5498
f 5498//5498 5502//5502 5499//5499
f 5499//5499 5502//5502 5500//5500
f 5500//5500 5502//5502 5501//5501
f 5501//5501 5502//5502 5496//5496
f 5503//5503 5509//5509 5504//5504
f 5504//5504 5509//5509 5505//5505
f 5505//5505 5509//5509 5506//5506
f 5506//5506 5509//5509 5507//5507
f 5507//5507 5509//5509 5508//5508
f 5508//5508 5509//5509 5503//5503
f 5510//5510 5516//5516 5511//5511
f 5511//5511 5516//5516 5512//5512
f 5512//5512 5516//5516 5513//5513
f 5513//5513 5516//5516 5514//5514
f 5514//5514 5516//5516 5515//5515
f 5515//5515 5516//5516 5510//5510
f 5517//5517 5523//5523 5518//5518
f 5518//5518 5523//5523 5519//5519
f 5519//5519 5523//5523 5520//5520
f 5520//5520 5523//5523 5521//5521
f 5521//5521 5523//5523 5522//5522
f 5522//5522 5523//5523 5517//5517
f 5524//5524 5530//5530 5525//5525
f 5525//5525 5530//5530 5526//5526
f 5526//5526 5530//5530 5527//5527
f 5527//5527 5530//5530 5528//5528
f 5528//5528 5530//5530 5529//5529
f 5529//5529 5530//5530 5524//5524
f 5531//5531 5537//5537 5532//5532
f 5532//5532 5537//5537 5533//5533
f 5533//5533 5537//5537 5534//5534
f 5534//5534 5537//5537 5535//5535
f 5535//5535 5537//5537 5536//5536
f 5536//5536 5537//5537 5531//5531
f 5538//5538 5544//5544 5539//5539
f 5539//5539 5544//5544 5540//5540
f 5540//5540 5544//5544 5541//5541
f 5541//5541 5544//5544 5542//5542
f 5542//5542 5544//5544 5543//5543
f 5543//5543 5544//5544 5538//5538
f 5545//5545 5551//5551 5546//5546
f 5546//5546 5551//5551 5547//5547
f 5547//5547 5551//5551 5548//5548
f 5548//5548 5551//5551 5549//5549
f 5549//5549 5551//5551 5550//5550
f 5550//5550 5551//5551 5545//5545
f 5552//5552 5558//5558 5553//5553
f 5553//5553 5558//5558 5554//5554
f 5554//5554 5558//5558 5555//5555
f 5555//5555 5558//5558 5556//5556
f 5556//5556 5558//5558 5557//5557
f 5557//5557 5558//5558 5552//5552
f 5559//5559 5565//5565 5560//5560
f 5560//5560 5565//5565 5561//5561
f 5561//5561 5565//5565 5562//5562
f 5562//5562 5565//5565 5563//5563
f 5563//5563 5565//5565 5564//5564
f 5564//5564 5565//5565 5559//5559
f 5566//5566 5572//5572 5567//5567
f 5567//5567 5572//5572 5568//5568
f 5568//5568 5572//5572 5569//5569
f 5569//5569 5572//5572 5570//5570
f 5570//5570 5572//5572 5571//5571
f 5571//5571 5572//5572 5566//5566
f 5573//5573 5579//5579 5574//5574
f 5574//5574 5579//5579 5575//5575
f 5575//5575 5579//5579 5576//5576
f 5576//5576 5579//5579 5577//5577
f 5577//5577 5579//5579 5578//5578
f 5578//5578 5579//5579 5573//5573
f 5580//5580 5586//5586 5581//5581
f 5581//5581 5586//5586 5582//5582
f 5582//5582 5586//5586 5583//5583
f 5583//5583 5586//5586 5584//5584
f 5584//5584 5586//5586 5585//5585
f 5585//5585 5586//5586 5580//5580
f 5587//5587 5593//5593 5588//5588
f 5588//5588 5593//5593 5589//5589
f 5589//5589 5593//5593 5590//5590
f 5590//5590 5593//5593 5591//5591
f 5591//5591 5593//5593 5592//5592
f 5592//5592 5593//5593 5587//5587
f 5594//5594 5600//5600 5595//5595
f 5595//5595 5600//5600 5596//5596
f 5596//5596 5600//5600 5597//5597
f 5597//5597 5600//5600 5598//5598
f 5598//5598 5600//5600 5599//5599
f 5599//5599 5600//5600 5594//5594
f 5601//5601 5607//5607 5602//5602
f 5602//5602 5607//5607 5603//5603
f 5603//5603 5607//5607 5604//5604
f 5604//5604 5607//5607 5605//5605
f 5605//5605 5607//5607 5606//5606
f 5606//5606 5607//5607 5601//5601
f 5608//5608 5614//5614 5609//5609
f 5609//5609 5614//5614 5610//5610
f 5610//5610 5614//5614 5611//5611
f 5611//5611 5614//5614 5612//5612
f 5612//5612 5614//5614 5613//5613
f 5613//5613 5614//5614 5608//5608
f 5615//5615 5621//5621 5616//5616
f 5616//5616 5621//5621 5617//5617
f 5617//5617 5621//5621 5618//5618
f 5618//5618 5621//5621 5619//5619
f 5619//5619 5621//5621 5620//5620
f 5620//5620 5621//5621 5615//5615
f 5622//5622 5628//5628 5623//5623
f 5623//5623 5628//5628 5624//5624
f 5624//5624 5628//5628 5625//5625
f 5625//5625 5628//5628 5626//5626
f 5626//5626 5628//5628 5627//5627
f 5627//5627 5628//5628 5622//5622
f 5629//5629 5635//5635 5630//5630
f 5630//5630 5635//5635 5631//5631
f 5631//5631 5635//5635 5632//5632
f 5632//5632 5635//5635 5633//5633
f 5633//5633 5635//5635 5634//5634
f 5634//5634 5635//5635 5629//5629
f 5636//5636 5642//5642 5637//5637
f 5637//5637 5642//5642 5638//5638
f 5638//5638 5642//5642 5639//5639
f 5639//5639 5642//5642 5640//5640
f 5640//5640 5642//5642 5641//5641
f 5641//5641 5642//5642 5636//5636
f 5643//5643 5649//5649 5644//5644
f 5644//5644 5649//5649 5645//5645
f 5645//5645 5649//5649 5646//5646
f 5646//5646 5649//5649 5647//5647
f 5647//5647 5649//5649 5648//5648
f 5648//5648 5649//5649 5643//5643
f 5650//5650 5656//5656 5651//5651
f 5651//5651 5656//5656 5652//5652
f 5652//5652 5656//5656 5653//5653
f 5653//5653 5656//5656 5654//5654
f 5654//5654 5656//5656 5655//5655
f 5655//5655 5656//5656 5650//5650
f 5657//5657 5663//5663 5658//5658
f 5658//5658 5663//5663 5659//5659
f 5659//5659 5663//5663 5660//5660
f 5660//5660 5663//5663 5661//5661
f 5661//5661 5663//5663 5662//5662
f 5662//5662 5663//5663 5657//5657
f 5664//5664 5670//5670 5665//5665
f 5665//5665 5670//5670 5666//5666
f 5666//5666 5670//5670 5667//5667
f 5667//5667 5670//5670 5668//5668
f 5668//5668 5670//5670 5669//5669
f 5669//5669 5670//5670 5664//5664
f 5671//5671 5677//5677 5672//5672
f 5672//5672 5677//5677 5673//5673
f 5673//5673 5677//5677 5674//5674
f 5674//5674 5677//5677 5675//5675
f 5675//5675 5677//5677 5676//5676
f 5676//5676 5677//5677 5671//5671
f 5678//5678 5684//5684 5679//5679
f 5679//5679 5684//5684 5680//5680
f 5680//5680 5684//5684 5681//5681
f 5681//5681 5684//5684 5682//5682
f 5682//5682 5684//5684 5683//5683
f 5683//5683 5684//5684 5678//5678
f 5685//5685 5691//5691 5686//5686
f 5686//5686 5691//5691 5687//5687
f 5687//5687 5691//5691 5688//5688
f 5688//5688 5691//5691 5689//5689
f 5689//5689 5691//5691 5690//5690
f 5690//5690 5691//5691 5685//5685
f 5692//5692 5698//5698 5693//5693
f 5693//5693 5698//5698 5694//5694
f 5694//5694 5698//5698 5695//5695
f 5695//5695 5698//5698 5696//5696
f 5696//5696 5698//5698 5697//5697
f 5697//5697 5698//5698 5692//5692
f 5699//5699 5705//5705 5700//5700
f 5700//5700 5705//5705 5701//5701
f 5701//5701 5705//5705 5702//5702
f 5702//5702 5705//5705 5703//5703
f 5703//5703 5705//5705 5704//5704
f 5704//5704 5705//5705 5699//5699
f 5706//5706 5712//5712 5707//5707
f 5707//5707 5712//5712 5708//5708
f 5708//5708 5712//5712 5709//5709
f 5709//5709 5712//5712 5710//5710
f 5710//5710 5712//5712 5711//5711
f 5711//5711 5712//5712 5706//5706
f 5713//5713 5719//5719 5714//5714
f 5714//5714 5719//5719 5715//5715
f 5715//5715 5719//5719 5716//5716
f 5716//5716 5719//5719 5717//5717
f 5717//5717 5719//5719 5718//5718
f 5718//5718 5719//5719 5713//5713
f 5720//5720 5726//5726 5721//5721
f 5721//5721 5726//5726 5722//5722
f 5722//5722 5726//5726 5723//5723
f 5723//5723 5726//5726 5724//5724
f 5724//5724 5726//5726 5725//5725
f 5725//5725 5726//5726 5720//5720
f 5727//5727 5733//5733 5728//5728
f 5728//5728 5733//5733 5729//5729
f 5729//5729 5733//5733 5730//5730
f 5730//5730 5733//5733 5731//5731
f 5731//5731 5733//5733 5732//5732
f 5732//5732 5733//5733 5727//5727
f 5734//5734 5740//5740 5735//5735
f 5735//5735 5740//5740 5736//5736
f 5736//5736 5740//5740 5737//5737
f 5737//5737 5740//5740 5738//5738
f 5738//5738 5740//5740 5739//5739
f 5739//5739 5740//5740 5734//5734
f 5741//5741 5747//5747 5742//5742
f 5742//5742 5747//5747 5743//5743
f 5743//5743 5747//5747 5744//5744
f 5744//5744 5747//5747 5745//5745
f 5745//5745 5747//5747 5746//5746
f 5746//5746 5747//5747 5741//5741
f 5748//5748 5754//5754 5749//5749
f 5749//5749 5754//5754 5750//5750
f 5750//5750 5754//5754 5751//5751
f 5751//5751 5754//5754 5752//5752
f 5752//5752 5754//5754 5753//5753
f 5753//5753 5754//5754 5748//5748
f 5755//5755 5761//5761 5756//5756
f 5756//5756 5761//5761 5757//5757
f 5757//5757 5761//5761 5758//5758
f 5758//5758 5761//5761 5759//5759
f 5759//5759 5761//5761 5760//5760
f 5760//5760 5761//5761 5755//5755
f 5762//5762 5768//5768 5763//5763
f 5763//5763 5768//5768 5764//5764
f 5764//5764 5768//5768 5765//5765
f 5765//5765 5768//5768 5766//5766
f 5766//5766 5768//5768 5767//5767
f 5767//5767 5768//5768 5762//5762
f 5769//5769 5775//5775 5770//5770
f 5770//5770 5775//5775 5771//5771
f 5771//5771 5775//5775 5772//5772
f 5772//5772 5775//5775 5773//5773
f 5773//5773 5775//5775 5774//5774
f 5774//5774 5775//5775 5769//5769
f 5776//5776 5782//5782 5777//5777
f 5777//5777 5782//5782 5778//5778
f 5778//5778 5782//5782 5779//5779
f 5779//5779 5782//5782 5780//5780
f 5780//5780 5782//5782 5781//5781
f 5781//5781 5782//5782 5776//5776
f 5783//5783 5789//5789 5784//5784
f 5784//5784 5789//5789 5785//5785
f 5785//5785 5789//5789 5786//5786
f 5786//5786 5789//5789 5787//5787
f 5787//5787 5789//5789 5788//5788
f 5788//5788 5789//5789 5783//5783
f 5790//5790 5796//5796 5791//5791
f 5791//5791 5796//5796 5792//5792
f 5792//5792 5796//5796 5793//5793
f 5793//5793 5796//5796 5794//5794
f 5794//5794 5796//5796 5795//5795
f 5795//5795 5796//5796 5790//5790
f 5797//5797 5803//5803 5798//5798
f 5798//5798 5803//5803 5799//5799
f 5799//5799 5803//5803 5800//5800
f 5800//5800 5803//5803 5801//5801
f 5801//5801 5803//5803 5802//5802
f 5802//5802 5803//5803 5797//5797
f 5804//5804 5810//5810 5805//5805
f 5805//5805 5810//5810 5806//5806
f 5806//5806 5810//5810 5807//5807
f 5807//5807 5810//5810 5808//5808
f 5808//5808 5810//5810 5809//5809
f 5809//5809 5810//5810 5804//5804
f 5811//5811 5817//5817 5812//5812
f 5812//5812 5817//5817 5813//5813
f 5813//5813 5817//5817 5814//5814
f 5814//5814 5817//5817 5815//5815
f 5815//5815 5817//5817 5816//5816
f 5816//5816 5817//5817 5811//5811
f 5818//5818 5824//5824 5819//5819
f 5819//5819 5824//5824 5820//5820
f 5820//5820 5824//5824 5821//5821
f 5821//5821 5824//5824 5822//5822
f 5822//5822 5824//5824 5823//5823
f 5823//5823 5824//5824 5818//5818
f 5825//5825 5831//5831 5826//5826
f 5826//5826 5831//5831 5827//5827
f 5827//5827 5831//5831 5828//5828
f 5828//5828 5831//5831 5829//5829
f 5829//5829 5831//5831 5830//5830
f 5830//5830 5831//5831 5825//5825
f 5832//5832 5838//5838 5833//5833
f 5833//5833 5838//5838 5834//5834
f 5834//5834 5838//5838 5835//5835
f 5835//5835 5838//5838 5836//5836
f 5836//5836 5838//5838 5837//5837
f 5837//5837 5838//5838 5832//5832
f 5839//5839 5845//5845 5840//5840
f 5840//5840 5845//5845 5841//5841
f 5841//5841 5845//5845 5842//5842
f 5842//5842 5845//5845 5843//5843
f 5843//5843 5845//5845 5844//5844
f 5844//5844 5845//5845 5839//5839
f 5846//5846 5852//5852 5847//5847
f 5847//5847 5852//5852 5848//5848
f 5848//5848 5852//5852 5849//5849
f 5849//5849 5852//5852 5850//5850
f 5850//5850 5852//5852 5851//5851
f 5851//5851 5852//5852 5846//5846
f 5853//5853 5859//5859 5854//5854
f 5854//5854 5859//5859 5855//5855
f 5855//5855 5859//5859 5856//5856
f 5856//5856 5859//5859 5857//5857
f 5857//5857 5859//5859 5858//5858
f 5858//5858 5859//5859 5853//5853
f 5860//5860 5866//5866 5861//5861
f 5861//5861 5866//5866 5862//5862
f 5862//5862 5866//5866 5863//5863
f 5863//5863 5866//5866 5864//5864
f 5864//5864 5866//5866 5865//5865
f 5865//5865 5866//5866 5860//5860
f 5867//5867 5873//5873 5868//5868
f 5868//5868 5873//5873 5869//5869
f 5869//5869 5873//5873 5870//5870
f 5870//5870 5873//5873 5871//5871
f 5871//5871 5873//5873 5872//5872
f 5872//5872 5873//5873 5867//5867
f 5874//5874 5880//5880 5875//5875
f 5875//5875 5880//5880 5876//5876
f 5876//5876 5880//5880 5877//5877
f 5877//5877 5880//5880 5878//5878
f 5878//5878 5880//5880 5879//5879
f 5879//5879 5880//5880 5874//5874
f 5881//5881 5887//5887 5882//5882
f 5882//5882 5887//5887 5883//5883
f 5883//5883 5887//5887 5884//5884
f 5884//5884 5887//5887 5885//5885
f 5885//5885 5887//5887 5886//5886
f 5886//5886 5887//5887 5881//5881
f 5888//5888 5894//5894 5889//5889
f 5889//5889 5894//5894 5890//5890
f 5890//5890 5894//5894 5891//5891
f 5891//5891 5894//5894 5892//5892
f 5892//5892 5894//5894 5893//5893
f 5893//5893 5894//5894 5888//5888
f 5895//5895 5901//5901 5896//5896
f 5896//5896 5901//5901 5897//5897
f 5897//5897 5901//5901 5898//5898
f 5898//5898 5901//5901 5899//5899
f 5899//5899 5901//5901 5900//5900
f 5900//5900 5901//5901 5895//5895
f 5902//5902 5908//5908 5903//5903
f 5903//5903 5908//5908 5904//5904
f 5904//5904 5908//5908 5905//5905
f 5905//5905 5908//5908 5906//5906
f 5906//5906 5908//5908 5907//5907
f 5907//5907 5908//5908 5902//5902
f 5909//5909 5915//5915 5910//5910
f 5910//5910 5915//5915 5911//5911
f 5911//5911 5915//5915 5912//5912
f 5912//5912 5915//5915 5913//5913
f 5913//5913 5915//5915 5914//5914
f 5914//5914 5915//5915 5909//5909
f 5916//5916 5922//5922 5917//5917
f 5917//5917 5922//5922 5918//5918
f 5918//5918 5922//5922 5919//5919
f 5919//5919 5922//5922 5920//5920
f 5920//5920 5922//5922 5921//5921
f 5921//5921 5922//5922 5916//5916
f 5923//5923 5929//5929 5924//5924
f 5924//5924 5929//5929 5925//5925
f 5925//5925 5929//5929 5926//5926
f 5926//5926 5929//5929 5927//5927
f 5927//5927 5929//5929 5928//5928
f 5928//5928 5929//5929 5923//5923
f 5930//5930 5936//5936 5931//5931
f 5931//5931 5936//5936 5932//5932
f 5932//5932 5936//5936 5933//5933
f 5933//5933 5936//5936 5934//5934
f 5934//5934 5936//5936 5935//5935
f 5935//5935 5936//5936 5930//5930
f 5937//5937 5943//5943 5938//5938
f 5938//5938 5943//5943 5939//5939
f 5939//5939 5943//5943 5940//5940
f 5940//5940 5943//5943 5941//5941
f 5941//5941 5943//5943 5942//5942
f 5942//5942 5943//5943 5937//5937
f 5944//5944 5950//5950 5945//5945
f 5945//5945 5950//5950 5946//5946
f 5946//5946 5950//5950 5947//5947
f 5947//5947 5950//5950 5948//5948
f 5948//5948 5950//5950 5949//5949
f 5949//5949 5950//5950 5944//5944
f 5951//5951 5957//5957 5952//5952
f 5952//5952 5957//5957 5953//5953
f 5953//5953 5957//5957 5954//5954
f 5954//5954 5957//5957 5955//5955
f 5955//5955 5957//5957 5956//5956
f 5956//5956 5957//5957 5951//5951
f 5958//5958 5964//5964 5959//5959
f 5959//5959 5964//5964 5960//5960
f 5960//5960 5964//5964 5961//5961
f 5961//5961 5964//5964 5962//5962
f 5962//5962 5964//5964 5963//5963
f 5963//5963 5964//5964 5958//5958
f 5965//5965 5971//5971 5966//5966
f 5966//5966 5971//5971 5967//5967
f 5967//5967 5971//5971 5968//5968
f 5968//5968 5971//5971 5969//5969
f 5969//5969 5971//5971 5970//5970
f 5970//5970 5971//5971 5965//5965
f 5972//5972 5978//5978 5973//5973
f 5973//5973 5978//5978 5974//5974
f 5974//5974 5978//5978 5975//5975
f 5975//5975 5978//5978 5976//5976
f 5976//5976 5978//5978 5977//5977
f 5977//5977 5978//5978 5972//5972
f 5979//5979 5985//5985 5980//5980
f 5980//5980 5985//5985 5981//5981
f 5981//5981 5985//5985 5982//5982
f 5982//5982 5985//5985 5983//5983
f 5983//5983 5985//5985 5984//5984
f 5984//5984 5985//5985 5979//5979
f 5986//5986 5992//5992 5987//5987
f 5987//5987 5992//5992 5988//5988
f 5988//5988 5992//5992 5989//5989
f 5989//5989 5992//5992 5990//5990
f 5990//5990 5992//5992 5991//5991
f 5991//5991 5992//5992 5986//5986
f 5993//5993 5999//5999 5994//5994
f 5994//5994 5999//5999 5995//5995
f 5995//5995 5999//5999 5996//5996
f 5996//5996 5999//5999 5997//5997
f 5997//5997 5999//5999 5998//5998
f 5998//5998 5999//5999 5993//5993
f 6000//6000 6006//6006 6001//6001
f 6001//6001 6006//6006 6002//6002
f 6002//6002 6006//6006 6003//6003
f 6003//6003 6006//6006 6004//6004
f 6004//6004 6006//6006 6005//6005
f 6005//6005 6006//6006 6000//6000
f 6007//6007 6013//6013 6008//6008
f 6008//6008 6013//6013 6009//6009
f 6009//6009 6013//6013 6010//6010
f 6010//6010 6013//6013 6011//6011
f 6011//6011 6013//6013 6012//6012
f 6012//6012 6013//6013 6007//6007
f 6014//6014 6020//6020 6015//6015
f 6015//6015 6020//6020 6016//6016
f 6016//6016 6020//6020 6017//6017
f 6017//6017 6020//6020 6018//6018
f 6018//6018 6020//6020 6019//6019
f 6019//6019 6020//6020 6014//6014
f 6021//6021 6027//6027 6022//6022
f 6022//6022 6027//6027 6023//6023
f 6023//6023 6027//6027 6024//6024
f 6024//6024 6027//6027 6025//6025
f 6025//6025 6027//6027 6026//6026
f 6026//6026 6027//6027 6021//6021
f 6028//6028 6034//6034 6029//6029
f 6029//6029 6034//6034 6030//6030
f 6030//6030 6034//6034 6031//6031
f 6031//6031 6034//6034 6032//6032
f 6032//6032 6034//6034 6033//6033
f 6033//6033 6034//6034 6028//6028
f 6035//6035 6041//6041 6036//6036
f 6036//6036 6041//6041 6037//6037
f 6037//6037 6041//6041 6038//6038
f 6038//6038 6041//6041 6039//6039
f 6039//6039 6041//6041 6040//6040
f 6040//6040 6041//6041 6035//6035
f 6042//6042 6048//6048 6043//6043
f 6043//6043 6048//6048 6044//6044
f 6044//6044 6048//6048 6045//6045
f 6045//6045 6048//6048 6046//6046
f 6046//6046 6048//6048 6047//6047
f 6047//6047 6048//6048 6042//6042
f 6049//6049 6055//6055 6050//6050
f 6050//6050 6055//6055 6051//6051
f 6051//6051 6055//6055 6052//6052
f 6052//6052 6055//6055 6053//6053
f 6053//6053 6055//6055 6054//6054
f 6054//6054 6055//6055 6049//6049
f 6056//6056 6062//6062 6057//6057
f 6057//6057 6062//6062 6058//6058
f 6058//6058 6062//6062 6059//6059
f 6059//6059 6062//6062 6060//6060
f 6060//6060 6062//6062 6061//6061
f 6061//6061 6062//6062 6056//6056
f 6063//6063 6069//6069 6064//6064
f 6064//6064 6069//6069 6065//6065
f 6065//6065 6069//6069 6066//6066
f 6066//6066 6069//6069 6067//6067
f 6067//6067 6069//6069 6068//6068
f 6068//6068 6069//6069 6063//6063
f 6070//6070 6076//6076 6071//6071
f 6071//6071 6076//6076 6072//6072
f 6072//6072 6076//6076 6073//6073
f 6073//6073 6076//6076 6074//6074
f 6074//6074 6076//6076 6075//6075
f 6075//6075 6076//6076 6070//6070
f 6077//6077 6083//6083 6078//6078
f 6078//6078 6083//6083 6079//6079
f 6079//6079 6083//6083 6080//6080
f 6080//6080 6083//6083 6081//6081
f 6081//6081 6083//6083 6082//6082
f 6082//6082 6083//6083 6077//6077
f 6084//6084 6090//6090 6085//6085
f 6085//6085 6090//6090 6086//6086
f 6086//6086 6090//6090 6087//6087
f 6087//6087 6090//6090 6088//6088
f 6088//6088 6090//6090 6089//6089
f 6089//6089 6090//6090 6084//6084
f 6091//6091 6097//6097 6092//6092
f 6092//6092 6097//6097 6093//6093
f 6093//6093 6097//6097 6094//6094
f 6094//6094 6097//6097 6095//6095
f 6095//6095 6097//6097 6096//6096
f 6096//6096 6097//6097 6091//6091
f 6098//6098 6104//6104 6099//6099
f 6099//6099 6104//6104 6100//6100
f 6100//6100 6104//6104 6101//6101
f 6101//6101 6104//6104 6102//6102
f 6102//6102 6104//6104 6103//6103
f 6103//6103 6104//6104 6098//6098
f 6105//6105 6111//6111 6106//6106
f 6106//6106 6111//6111 6107//6107
f 6107//6107 6111//6111 6108//6108
f 6108//6108 6111//6111 6109//6109
f 6109//6109 6111//6111 6110//6110
f 6110//6110 6111//6111 6105//6105
f 6112//6112 6118//6118 6113//6113
f 6113//6113 6118//6118 6114//6114
f 6114//6114 6118//6118 6115//6115
f 6115//6115 6118//6118 6116//6116
f 6116//6116 6118//6118 6117//6117
f 6117//6117 6118//6118 6112//6112
f 6119//6119 6125//6125 6120//6120
f 6120//6120 6125//6125 6121//6121
f 6121//6121 6125//6125 6122//6122
f 6122//6122 6125//6125 6123//6123
f 6123//6123 6125//6125 6124//6124
f 6124//6124 6125//6125 6119//6119
f 6126//6126 6132//6132 6127//6127
f 6127//6127 6132//6132 6128//6128
f 6128//6128 6132//6132 6129//6129
f 6129//6129 6132//6132 6130//6130
f 6130//6130 6132//6132 6131//6131
f 6131//6131 6132//6132 6126//6126
f 6133//6133 6139//6139 6134//6134
f 6134//6134 6139//6139 6135//6135
f 6135//6135 6139//6139 6136//6136
f 6136//6136 6139//6139 6137//6137
f 6137//6137 6139//6139 6138//6138
f 6138//6138 6139//6139 6133//6133
f 6140//6140 6146//6146 6141//6141
f 6141//6141 6146//6146 6142//6142
f 6142//6142 6146//6146 6143//6143
f 6143//6143 6146//6146 6144//6144
f 6144//6144 6146//6146 6145//6145
f 6145//6145 6146//6146 6140//6140
f 6147//6147 6153//6153 6148//6148
f 6148//6148 6153//6153 6149//6149
f 6149//6149 6153//6153 6150//6150
f 6150//6150 6153//6153 6151//6151
f 6151//6151 6153//6153 6152//6152
f 6152//6152 6153//6153 6147//6147
f 6154//6154 6160//6160 6155//6155
f 6155//6155 6160//6160 6156//6156
f 6156//6156 6160//6160 6157//6157
f 6157//6157 6160//6160 6158//6158
f 6158//6158 6160//6160 6159//6159
f 6159//6159 6160//6160 6154//6154
f 6161//6161 6167//6167 6162//6162
f 6162//6162 6167//6167 6163//6163
f 6163//6163 6167//6167 6164//6164
f 6164//6164 6167//6167 6165//6165
f 6165//6165 6167//6167 6166//6166
f 6166//6166 6167//6167 6161//6161
f 6168//6168 6174//6174 6169//6169
f 6169//6169 6174//6174 6170//6170
f 6170//6170 6174//6174 6171//6171
f 6171//6171 6174//6174 6172//6172
f 6172//6172 6174//6174 6173//6173
f 6173//6173 6174//6174 6168//6168
f 6175//6175 6181//6181 6176//6176
f 6176//6176 6181//6181 6177//6177
f 6177//6177 6181//6181 6178//6178
f 6178//6178 6181//6181 6179//6179
f 6179//6179 6181//6181 6180//6180
f 6180//6180 6181//6181 6175//6175
f 6182//6182 6188//6188 6183//6183
f 6183//6183 6188//6188 6184//6184
f 6184//6184 6188//6188 6185//6185
f 6185//6185 6188//6188 6186//6186
f 6186//6186 6188//6188 6187//6187
f 6187//6187 6188//6188 6182//6182
f 6189//6189 6195//6195 6190//6190
f 6190//6190 6195//6195 6191//6191
f 6191//6191 6195//6195 6192//6192
f 6192//6192 6195//6195 6193//6193
f 6193//6193 6195//6195 6194//6194
f 6194//6194 6195//6195 6189//6189
f 6196//6196 6202//6202 6197//6197
f 6197//6197 6202//6202 6198//6198
f 6198//6198 6202//6202 6199//6199
f 6199//6199 6202//6202 6200//6200
f 6200//6200 6202//6202 6201//6201
f 6201//6201 6202//6202 6196//6196
f 6203//6203 6209//6209 6204//6204
f 6204//6204 6209//6209 6205//6205
f 6205//6205 6209//6209 6206//6206
f 6206//6206 6209//6209 6207//6207
f 6207//6207 6209//6209 6208//6208
f 6208//6208 6209//6209 6203//6203
f 6210//6210 6216//6216 6211//6211
f 6211//6211 6216//6216 6212//6212
f 6212//6212 6216//6216 6213//6213
f 6213//6213 6216//6216 6214//6214
f 6214//6214 6216//6216 6215//6215
f 6215//6215 6216//6216 6210//6210
f 6217//6217 6223//6223 6218//6218
f 6218//6218 6223//6223 6219//6219
f 6219//6219 6223//6223 6220//6220
f 6220//6220 6223//6223 6221//6221
f 6221//6221 6223//6223 6222//6222
f 6222//6222 6223//6223 6217//6217
f 6224//6224 6230//6230 6225//6225
f 6225//6225 6230//6230 6226//6226
f 6226//6226 6230//6230 6227//6227
f 6227//6227 6230//6230 6228//6228
f 6228//6228 6230//6230 6229//6229
f 6229//6229 6230//6230 6224//6224
f 6231//6231 6237//6237 6232//6232
f 6232//6232 6237//6237 6233//6233
f 6233//6233 6237//6237 6234//6234
f 6234//6234 6237//6237 6235//6235
f 6235//6235 6237//6237 6236//6236
f 6236//6236 6237//6237 6231//6231
f 6238//6238 6244//6244 6239//6239
f 6239//6239 6244//6244 6240//6240
f 6240//6240 6244//6244 6241//6241
f 6241//6241 6244//6244 6242//6242
f 6242//6242 6244//6244 6243//6243
f 6243//6243 6244//6244 6238//6238
f 6245//6245 6251//6251 6246//6246
f 6246//6246 6251//6251 6247//6247
f 6247//6247 6251//6251 6248//6248
f 6248//6248 6251//6251 6249//6249
f 6249//6249 6251//6251 6250//6250
f 6250//6250 6251//6251 6245//6245
f 6252//6252 6258//6258 6253//6253
f 6253//6253 6258//6258 6254//6254
f 6254//6254 6258//6258 6255//6255
f 6255//6255 6258//6258 6256//6256
f 6256//6256 6258//6258 6257//6257
f 6257//6257 6258//6258 6252//6252
f 6259//6259 6265//6265 6260//6260
f 6260//6260 6265//6265 6261//6261
f 6261//6261 6265//6265 6262//6262
f 6262//6262 6265//6265 6263//6263
f 6263//6263 6265//6265 6264//6264
f 6264//6264 6265//6265 6259//6259
f 6266//6266 6272//6272 6267//6267
f 6267//6267 6272//6272 6268//6268
f 6268//6268 6272//6272 6269//6269
f 6269//6269 6272//6272 6270//6270
f 6270//6270 6272//6272 6271//6271
f 6271//6271 6272//6272 6266//6266
f 6273//6273 6279//6279 6274//6274
f 6274//6274 6279//6279 6275//6275
f 6275//6275 6279//6279 6276//6276
f 6276//6276 6279//6279 6277//6277
f 6277//6277 6279//6279 6278//6278
f 6278//6278 6279//6279 6273//6273
f 6280//6280 6286//6286 6281//6281
f 6281//6281 6286//6286 6282//6282
f 6282//6282 6286//6286 6283//6283
f 6283//6283 6286//6286 6284//6284
f 6284//6284 6286//6286 6285//6285
f 6285//6285 6286//6286 6280//6280
f 6287//6287 6293//6293 6288//6288
f 6288//6288 6293//6293 6289//6289
f 6289//6289 6293//6293 6290//6290
f 6290//6290 6293//6293 6291//6291
f 6291//6291 6293//6293 6292//6292
f 6292//6292 6293//6293 6287//6287
f 6294//6294 6300//6300 6295//6295
f 6295//6295 6300//6300 6296//6296
f 6296//6296 6300//6300 6297//6297
f 6297//6297 6300//6300 6298//6298
f 6298//6298 6300//6300 6299//6299
f 6299//6299 6300//6300 6294//6294
f 6301//6301 6307//6307 6302//6302
f 6302//6302 6307//6307 6303//6303
f 6303//6303 6307//6307 6304//6304
f 6304//6304 6307//6307 6305//6305
f 6305//6305 6307//6307 6306//6306
f 6306//6306 6307//6307 6301//6301
f 6308//6308 6314//6314 6309//6309
f 6309//6309 6314//6314 6310//6310
f 6310//6310 6314//6314 6311//6311
f 6311//6311 6314//6314 6312//6312
f 6312//6312 6314//6314 6313//6313
f 6313//6313 6314//6314 6308//6308
f 6315//6315 6321//6321 6316//6316
f 6316//6316 6321//6321 6317//6317
f 6317//6317 6321//6321 6318//6318
f 6318//6318 6321//6321 6319//6319
f 6319//6319 6321//6321 6320//6320
f 6320//6320 6321//6321 6315//6315
f 6322//6322 6328//6328 6323//6323
f 6323//6323 6328//6328 6324//6324
f 6324//6324 6328//6328 6325//6325
f 6325//6325 6328//6328 6326//6326
f 6326//6326 6328//6328 6327//6327
f 6327//6327 6328//6328 6322//6322
f 6329//6329 6335//6335 6330//6330
f 6330//6330 6335//6335 6331//6331
f 6331//6331 6335//6335 6332//6332
f 6332//6332 6335//6335 6333//6333
f 6333//6333 6335//6335 6334//6334
f 6334//6334 6335//6335 6329//6329
f 6336//6336 6342//6342 6337//6337
f 6337//6337 6342//6342 6338//6338
f 6338//6338 6342//6342 6339//6339
f 6339//6339 6342//6342 6340//6340
f 6340//6340 6342//6342 6341//6341
f 6341//6341 6342//6342 6336//6336
f 6343//6343 6349//6349 6344//6344
f 6344//6344 6349//6349 6345//6345
f 6345//6345 6349//6349 6346//6346
f 6346//6346 6349//6349 6347//6347
f 6347//6347 6349//6349 6348//6348
f 6348//6348 6349//6349 6343//6343
f 6350//6350 6356//6356 6351//6351
f 6351//6351 6356//6356 6352//6352
f 6352//6352 6356//6356 6353//6353
f 6353//6353 6356//6356 6354//6354
f 6354//6354 6356//6356 6355//6355
f 6355//6355 6356//6356 6350//6350
f 6357//6357 6363//6363 6358//6358
f 6358//6358 6363//6363 6359//6359
f 6359//6359 6363//6363 6360//6360
f 6360//6360 6363//6363 6361//6361
f 6361//6361 6363//6363 6362//6362
f 6362//6362 6363//6363 6357//6357
f 6364//6364 6370//6370 6365//6365
f 6365//6365 6370//6370 6366//6366
f 6366//6366 6370//6370 6367//6367
f 6367//6367 6370//6370 6368//6368
f 6368//6368 6370//6370 6369//6369
f 6369//6369 6370//6370 6364//6364
f 6371//6371 6377//6377 6372//6372
f 6372//6372 6377//6377 6373//6373
f 6373//6373 6377//6377 6374//6374
f 6374//6374 6377//6377 6375//6375
f 6375//6375 6377//6377 6376//6376
f 6376//6376 6377//6377 6371//6371
f 6378//6378 6384//6384 6379//6379
f 6379//6379 6384//6384 6380//6380
f 6380//6380 6384//6384 6381//6381
f 6381//6381 6384//6384 6382//6382
f 6382//6382 6384//6384 6383//6383
f 6383//6383 6384//6384 6378//6378
f 6385//6385 6391//6391 6386//6386
f 6386//6386 6391//6391 6387//6387
f 6387//6387 6391//6391 6388//6388
f 6388//6388 6391//6391 6389//6389
f 6389//6389 6391//6391 6390//6390
f 6390//6390 6391//6391 6385//6385
f 6392//6392 6398//6398 6393//6393
f 6393//6393 6398//6398 6394//6394
f 6394//6394 6398//6398 6395//6395
f 6395//6395 6398//6398 6396//6396
f 6396//6396 6398//6398 6397//6397
f 6397//6397 6398//6398 6392//6392
f 6399//6399 6405//6405 6400//6400
f 6400//6400 6405//6405 6401//6401
f 6401//6401 6405//6405 6402//6402
f 6402//6402 6405//6405 6403//6403
f 6403//6403 6405//6405 6404//6404
f 6404//6404 6405//6405 6399//6399
f 6406//6406 6412//6412 6407//6407
f 6407//6407 6412//6412 6408//6408
f 6408//6408 6412//6412 6409//6409
f 6409//6409 6412//6412 6410//6410
f 6410//6410 6412//6412 6411//6411
f 6411//6411 6412//6412 6406//6406
f 6413//6413 6419//6419 6414//6414
f 6414//6414 6419//6419 6415//6415
f 6415//6415 6419//6419 6416//6416
f 6416//6416 6419//6419 6417//6417
f 6417//6417 6419//6419 6418//6418
f 6418//6418 6419//6419 6413//6413
f 6420//6420 6426//6426 6421//6421
f 6421//6421 6426//6426 6422//6422
f 6422//6422 6426//6426 6423//6423
f 6423//6423 6426//6426 6424//6424
f 6424//6424 6426//6426 6425//6425
f 6425//6425 6426//6426 6420//6420
f 6427//6427 6433//6433 6428//6428
f 6428//6428 6433//6433 6429//6429
f 6429//6429 6433//6433 6430//6430
f 6430//6430 6433//6433 6431//6431
f 6431//6431 6433//6433 6432//6432
f 6432//6432 6433//6433 6427//6427
f 6434//6434 6440//6440 6435//6435
f 6435//6435 6440//6440 6436//6436
f 6436//6436 6440//6440 6437//6437
f 6437//6437 6440//6440 6438//6438
f 6438//6438 6440//6440 6439//6439
f 6439//6439 6440//6440 6434//6434
f 6441//6441 6447//6447 6442//6442
f 6442//6442 6447//6447 6443//6443
f 6443//6443 6447//6447 6444//6444
f 6444//6444 6447//6447 6445//6445
f 6445//6445 6447//6447 6446//6446
f 6446//6446 6447//6447 6441//6441
f 6448//6448 6454//6454 6449//6449
f 6449//6449 6454//6454 6450//6450
f 6450//6450 6454//6454 6451//6451
f 6451//6451 6454//6454 6452//6452
f 6452//6452 6454//6454 6453//6453
f 6453//6453 6454//6454 6448//6448
f 6455//6455 6461//6461 6456//6456
f 6456//6456 6461//6461 6457//6457
f 6457//6457 6461//6461 6458//6458
f 6458//6458 6461//6461 6459//6459
f 6459//6459 6461//6461 6460//6460
f 6460//6460 6461//6461 6455//6455
f 6462//6462 6468//6468 6463//6463
f 6463//6463 6468//6468 6464//6464
f 6464//6464 6468//6468 6465//6465
f 6465//6465 6468//6468 6466//6466
f 6466//6466 6468//6468 6467//6467
f 6467//6467 6468//6468 6462//6462
f 6469//6469 6475//6475 6470//6470
f 6470//6470 6475//6475 6471//6471
f 6471//6471 6475//6475 6472//6472
f 6472//6472 6475//6475 6473//6473
f 6473//6473 6475//6475 6474//6474
f 6474//6474 6475//6475 6469//6469
f 6476//6476 6482//6482 6477//6477
f 6477//6477 6482//6482 6478//6478
f 6478//6478 6482//6482 6479//6479
f 6479//6479 6482//6482 6480//6480
f 6480//6480 6482//6482 6481//6481
f 6481//6481 6482//6482 6476//6476
f 6483//6483 6489//6489 6484//6484
f 6484//6484 6489//6489 6485//6485
f 6485//6485 6489//6489 6486//6486
f 6486//6486 6489//6489 6487//6487
f 6487//6487 6489//6489 6488//6488
f 6488//6488 6489//6489 6483//6483
f 6490//6490 6496//6496 6491//6491
f 6491//6491 6496//6496 6492//6492
f 6492//6492 6496//6496 6493//6493
f 6493//6493 6496//6496 6494//6494
f 6494//6494 6496//6496 6495//6495
f 6495//6495 6496//6496 6490//6490
f 6497//6497 6503//6503 6498//6498
f 6498//6498 6503//6503 6499//6499
f 6499//6499 6503//6503 6500//6500
f 6500//6500 6503//6503 6501//6501
f 6501//6501 6503//6503 6502//6502
f 6502//6502 6503//6503 6497//6497
f 6504//6504 6510//6510 6505//6505
f 6505//6505 6510//6510 6506//6506
f 6506//6506 6510//6510 6507//6507
f 6507//6507 6510//6510 6508//6508
f 6508//6508 6510//6510 6509//6509
f 6509//6509 6510//6510 6504//6504
f 6511//6511 6517//6517 6512//6512
f 6512//6512 6517//6517 6513//6513
f 6513//6513 6517//6517 6514//6514
f 6514//6514 6517//6517 6515//6515
f 6515//6515 6517//6517 6516//6516
f 6516//6516 6517//6517 6511//6511
f 6518//6518 6524//6524 6519//6519
f 6519//6519 6524//6524 6520//6520
f 6520//6520 6524//6524 6521//6521
f 6521//6521 6524//6524 6522//6522
f 6522//6522 6524//6524 6523//6523
f 6523//6523 6524//6524 6518//6518
f 6525//6525 6531//6531 6526//6526
f 6526//6526 6531//6531 6527//6527
f 6527//6527 6531//6531 6528//6528
f 6528//6528 6531//6531 6529//6529
f 6529//6529 6531//6531 6530//6530
f 6530//6530 6531//6531 6525//6525
f 6532//6532 6538//6538 6533//6533
f 6533//6533 6538//6538 6534//6534
f 6534//6534 6538//6538 6535//6535
f 6535//6535 6538//6538 6536//6536
f 6536//6536 6538//6538 6537//6537
f 6537//6537 6538//6538 6532//6532
f 6539//6539 6545//6545 6540//6540
f 6540//6540 6545//6545 6541//6541
f 6541//6541 6545//6545 6542//6542
f 6542//6542 6545//6545 6543//6543
f 6543//6543 6545//6545 6544//6544
f 6544//6544 6545//6545 6539//6539
f 6546//6546 6552//6552 6547//6547
f 6547//6547 6552//6552 6548//6548
f 6548//6548 6552//6552 6549//6549
f 6549//6549 6552//6552 6550//6550
f 6550//6550 6552//6552 6551//6551
f 6551//6551 6552//6552 6546//6546
f 6553//6553 6559//6559 6554//6554
f 6554//6554 6559//6559 6555//6555
f 6555//6555 6559//6559 6556//6556
f 6556//6556 6559//6559 6557//6557
f 6557//6557 6559//6559 6558//6558
f 6558//6558 6559//6559 6553//6553
f 6560//6560 6566//6566 6561//6561
f 6561//6561 6566//6566 6562//6562
f 6562//6562 6566//6566 6563//6563
f 6563//6563 6566//6566 6564//6564
f 6564//6564 6566//6566 6565//6565
f 6565//6565 6566//6566 6560//6560
f 6567//6567 6573//6573 6568//6568
f 6568//6568 6573//6573 6569//6569
f 6569//6569 6573//6573 6570//6570
f 6570//6570 6573//6573 6571//6571
f 6571//6571 6573//6573 6572//6572
f 6572//6572 6573//6573 6567//6567
f 6574//6574 6580//6580 6575//6575
f 6575//6575 6580//6580 6576//6576
f 6576//6576 6580//6580 6577//6577
f 6577//6577 6580//6580 6578//6578
f 6578//6578 6580//6580 6579//6579
f 6579//6579 6580//6580 6574//6574
f 6581//6581 6587//6587 6582//6582
f 6582//6582 6587//6587 6583//6583
f 6583//6583 6587//6587 6584//6584
f 6584//6584 6587//6587 6585//6585
f 6585//6585 6587//6587 6586//6586
f 6586//6586 6587//6587 6581//6581
f 6588//6588 6594//6594 6589//6589
f 6589//6589 6594//6594 6590//6590
f 6590//6590 6594//6594 6591//6591
f 6591//6591 6594//6594 6592//6592
f 6592//6592 6594//6594 6593//6593
f 6593//6593 6594//6594 6588//6588
f 6595//6595 6601//6601 6596//6596
f 6596//6596 6601//6601 6597//6597
f 6597//6597 6601//6601 6598//6598
f 6598//6598 6601//6601 6599//6599
f 6599//6599 6601//6601 6600//6600
f 6600//6600 6601//6601 6595//6595
f 6602//6602 6608//6608 6603//6603
f 6603//6603 6608//6608 6604//6604
f 6604//6604 6608//6608 6605//6605
f 6605//6605 6608//6608 6606//6606
f 6606//6606 6608//6608 6607//6607
f 6607//6607 6608//6608 6602//6602
f 6609//6609 6615//6615 6610//6610
f 6610//6610 6615//6615 6611//6611
f 6611//6611 6615//6615 6612//6612
f 6612//6612 6615//6615 6613//6613
f 6613//6613 6615//6615 6614//6614
f 6614//6614 6615//6615 6609//6609
f 6616//6616 6622//6622 6617//6617
f 6617//6617 6622//6622 6618//6618
f 6618//6618 6622//6622 6619//6619
f 6619//6619 6622//6622 6620//6620
f 6620//6620 6622//6622 6621//6621
f 6621//6621 6622//6622 6616//6616
f 6623//6623 6629//6629 6624//6624
f 6624//6624 6629//6629 6625//6625
f 6625//6625 6629//6629 6626//6626
f 6626//6626 6629//6629 6627//6627
f 6627//6627 6629//6629 6628//6628
f 6628//6628 6629//6629 6623//6623
f 6630//6630 6636//6636 6631//6631
f 6631//6631 6636//6636 6632//6632
f 6632//6632 6636//6636 6633//6633
f 6633//6633 6636//6636 6634//6634
f 6634//6634 6636//6636 6635//6635
f 6635//6635 6636//6636 6630//6630
f 6637//6637 6643//6643 6638//6638
f 6638//6638 6643//6643 6639//6639
f 6639//6639 6643//6643 6640//6640
f 6640//6640 6643//6643 6641//6641
f 6641//6641 6643//6643 6642//6642
f 6642//6642 6643//6643 6637//6637
f 6644//6644 6650//6650 6645//6645
f 6645//6645 6650//6650 6646//6646
f 6646//6646 6650//6650 6647//6647
f 6647//6647 6650//6650 6648//6648
f 6648//6648 6650//6650 6649//6649
f 6649//6649 6650//6650 6644//6644
f 6651//6651 6657//6657 6652//6652
f 6652//6652 6657//6657 6653//6653
f 6653//6653 6657//6657 6654//6654
f 6654//6654 6657//6657 6655//6655
f 6655//6655 6657//6657 6656//6656
f 6656//6656 6657//6657 6651//6651
f 6658//6658 6664//6664 6659//6659
f 6659//6659 6664//6664 6660//6660
f 6660//6660 6664//6664 6661//6661
f 6661//6661 6664//6664 6662//6662
f 6662//6662 6664//6664 6663//6663
f 6663//6663 6664//6664 6658//6658
f 6665//6665 6671//6671 6666//6666
f 6666//6666 6671//6671 6667//6667
f 6667//6667 6671//6671 6668//6668
f 6668//6668 6671//6671 6669//6669
f 6669//6669 6671//6671 6670//6670
f 6670//6670 6671//6671 6665//6665
f 6672//6672 6678//6678 6673//6673
f 6673//6673 6678//6678 6674//6674
f 6674//6674 6678//6678 6675//6675
f 6675//6675 6678//6678 6676//6676
f 6676//6676 6678//6678 6677//6677
f 6677//6677 6678//6678 6672//6672
f 6679//6679 6685//6685 6680//6680
f 6680//6680 6685//6685 6681//6681
f 6681//6681 6685//6685 6682//6682
f 6682//6682 6685//6685 6683//6683
f 6683//6683 6685//6685 6684//6684
f 6684//6684 6685//6685 6679//6679
f 6686//6686 6692//6692 6687//6687
f 6687//6687 6692//6692 6688//6688
f 6688//6688 6692//6692 6689//6689
f 6689//6689 6692//6692 6690//6690
f 6690//6690 6692//6692 6691//6691
f 6691//6691 6692//6692 6686//6686
f 6693//6693 6699//6699 6694//6694
f 6694//6694 6699//6699 6695//6695
f 6695//6695 6699//6699 6696//6696
f 6696//6696 6699//6699 6697//6697
f 6697//6697 6699//6699 6698//6698
f 6698//6698 6699//6699 6693//6693
f 6700//6700 6706//6706 6701//6701
f 6701//6701 6706//6706 6702//6702
f 6702//6702 6706//6706 6703//6703
f 6703//6703 6706//6706 6704//6704
f 6704//6704 6706//6706 6705//6705
f 6705//6705 6706//6706 6700//6700
f 6707//6707 6713//6713 6708//6708
f 6708//6708 6713//6713 6709//6709
f 6709//6709 6713//6713 6710//6710
f 6710//6710 6713//6713 6711//6711
f 6711//6711 6713//6713 6712//6712
f 6712//6712 6713//6713 6707//6707
f 6714//6714 6720//6720 6715//6715
f 6715//6715 6720//6720 6716//6716
f 6716//6716 6720//6720 6717//6717
f 6717//6717 6720//6720 6718//6718
f 6718//6718 6720//6720 6719//6719
f 6719//6719 6720//6720 6714//6714
f 6721//6721 6727//6727 6722//6722
f 6722//6722 6727//6727 6723//6723
f 6723//6723 6727//6727 6724//6724
f 6724//6724 6727//6727 6725//6725
f 6725//6725 6727//6727 6726//6726
f 6726//6726 6727//6727 6721//6721
f 6728//6728 6734//6734 6729//6729
f 6729//6729 6734//6734 6730//6730
f 6730//6730 6734//6734 6731//6731
f 6731//6731 6734//6734 6732//6732
f 6732//6732 6734//6734 6733//6733
f 6733//6733 6734//6734 6728//6728
f 6735//6735 6741//6741 6736//6736
f 6736//6736 6741//6741 6737//6737
f 6737//6737 6741//6741 6738//6738
f 6738//6738 6741//6741 6739//6739
f 6739//6739 6741//6741 6740//6740
f 6740//6740 6741//6741 6735//6735
f 6742//6742 6748//6748 6743//6743
f 6743//6743 6748//6748 6744//6744
f 6744//6744 6748//6748 6745//6745
f 6745//6745 6748//6748 6746//6746
f 6746//6746 6748//6748 6747//6747
f 6747//6747 6748//6748 6742//6742
f 6749//6749 6755//6755 6750//6750
f 6750//6750 6755//6755 6751//6751
f 6751//6751 6755//6755 6752//6752
f 6752//6752 6755//6755 6753//6753
f 6753//6753 6755//6755 6754//6754
f 6754//6754 6755//6755 6749//6749
f 6756//6756 6762//6762 6757//6757
f 6757//6757 6762//6762 6758//6758
f 6758//6758 6762//6762 6759//6759
f 6759//6759 6762//6762 6760//6760
f 6760//6760 6762//6762 6761//6761
f 6761//6761 6762//6762 6756//6756
f 6763//6763 6769//6769 6764//6764
f 6764//6764 6769//6769 6765//6765
f 6765//6765 6769//6769 6766//6766
f 6766//6766 6769//6769 6767//6767
f 6767//6767 6769//6769 6768//6768
f 6768//6768 6769//6769 6763//6763
f 6770//6770 6776//6776 6771//6771
f 6771//6771 6776//6776 6772//6772
f 6772//6772 6776//6776 6773//6773
f 6773//6773 6776//6776 6774//6774
f 6774//6774 6776//6776 6775//6775
f 6775//6775 6776//6776 6770//6770
f 6777//6777 6783//6783 6778//6778
f 6778//6778 6783//6783 6779//6779
f 6779//6779 6783//6783 6780//6780
f 6780//6780 6783//6783 6781//6781
f 6781//6781 6783//6783 6782//6782
f 6782//6782 6783//6783 6777//6777
f 6784//6784 6790//6790 6785//6785
f 6785//6785 6790//6790 6786//6786
f 6786//6786 6790//6790 6787//6787
f 6787//6787 6790//6790 6788//6788
f 6788//6788 6790//6790 6789//6789
f 6789//6789 6790//6790 6784//6784
f 6791//6791 6797//6797 6792//6792
f 6792//6792 6797//6797 6793//6793
f 6793//6793 6797//6797 6794//6794
f 6794//6794 6797//6797 6795//6795
f 6795//6795 6797//6797 6796//6796
f 6796//6796 6797//6797 6791//6791
f 6798//6798 6804//6804 6799//6799
f 6799//6799 6804//6804 6800//6800
f 6800//6800 6804//6804 6801//6801
f 6801//6801 6804//6804 6802//6802
f 6802//6802 6804//6804 6803//6803
f 6803//6803 6804//6804 6798//6798
f 6805//6805 6811//6811 6806//6806
f 6806//6806 6811//6811 6807//6807
f 6807//6807 6811//6811 6808//6808
f 6808//6808 6811//6811 6809//6809
f 6809//6809 6811//6811 6810//6810
f 6810//6810 6811//6811 6805//6805
f 6812//6812 6818//6818 6813//6813
f 6813//6813 6818//6818 6814//6814
f 6814//6814 6818//6818 6815//6815
f 6815//6815 6818//6818 6816//6816
f 6816//6816 6818//6818 6817//6817
f 6817//6817 6818//6818 6812//6812
f 6819//6819 6825//6825 6820//6820
f 6820//6820 6825//6825 6821//6821
f 6821//6821 6825//6825 6822//6822
f 6822//6822 6825//6825 6823//6823
f 6823//6823 6825//6825 6824//6824
f 6824//6824 6825//6825 6819//6819
f 6826//6826 6832//6832 6827//6827
f 6827//6827 6832//6832 6828//6828
f 6828//6828 6832//6832 6829//6829
f 6829//6829 6832//6832 6830//6830
f 6830//6830 6832//6832 6831//6831
f 6831//6831 6832//6832 6826//6826
f 6833//6833 6839//6839 6834//6834
f 6834//6834 6839//6839 6835//6835
f 6835//6835 6839//6839 6836//6836
f 6836//6836 6839//6839 6837//6837
f 6837//6837 6839//6839 6838//6838
f 6838//6838 6839//6839 6833//6833
f 6840//6840 6846//6846 6841//6841
f 6841//6841 6846//6846 6842//6842
f 6842//6842 6846//6846 6843//6843
f 6843//6843 6846//6846 6844//6844
f 6844//6844 6846//6846 6845//6845
f 6845//6845 6846//6846 6840//6840
f 6847//6847 6853//6853 6848//6848
f 6848//6848 6853//6853 6849//6849
f 6849//6849 6853//6853 6850//6850
f 6850//6850 6853//6853 6851//6851
f 6851//6851 6853//6853 6852//6852
f 6852//6852 6853//6853 6847//6847
f 6854//6854 6860//6860 6855//6855
f 6855//6855 6860//6860 6856//6856
f 6856//6856 6860//6860 6857//6857
f 6857//6857 6860//6860 6858//6858
f 6858//6858 6860//6860 6859//6859
f 6859//6859 6860//6860 6854//6854
f 6861//6861 6867//6867 6862//6862
f 6862//6862 6867//6867 6863//6863
f 6863//6863 6867//6867 6864//6864
f 6864//6864 6867//6867 6865//6865
f 6865//6865 6867//6867 6866//6866
f 6866//6866 6867//6867 6861//6861
f 6868//6868 6874//6874 6869//6869
f 6869//6869 6874//6874 6870//6870
f 6870//6870 6874//6874 6871//6871
f 6871//6871 6874//6874 6872//6872
f 6872//6872 6874//6874 6873//6873
f 6873//6873 6874//6874 6868//6868
f 6875//6875 6881//6881 6876//6876
f 6876//6876 6881//6881 6877//6877
f 6877//6877 6881//6881 6878//6878
f 6878//6878 6881//6881 6879//6879
f 6879//6879 6881//6881 6880//6880
f 6880//6880 6881//6881 6875//6875
f 6882//6882 6888//6888 6883//6883
f 6883//6883 6888//6888 6884//6884
f 6884//6884 6888//6888 6885//6885
f 6885//6885 6888//6888 6886//6886
f 6886//6886 6888//6888 6887//6887
f 6887//6887 6888//6888 6882//6882
f 6889//6889 6895//6895 6890//6890
f 6890//6890 6895//6895 6891//6891
f 6891//6891 6895//6895 6892//6892
f 6892//6892 6895//6895 6893//6893
f 6893//6893 6895//6895 6894//6894
f 6894//6894 6895//6895 6889//6889
f 6896//6896 6902//6902 6897//6897
f 6897//6897 6902//6902 6898//6898
f 6898//6898 6902//6902 6899//6899
f 6899//6899 6902//6902 6900//6900
f 6900//6900 6902//6902 6901//6901
f 6901//6901 6902//6902 6896//6896
f 6903//6903 6909//6909 6904//6904
f 6904//6904 6909//6909 6905//6905
f 6905//6905 6909//6909 6906//6906
f 6906//6906 6909//6909 6907//6907
f 6907//6907 6909//6909 6908//6908
f 6908//6908 6909//6909 6903//6903
f 6910//6910 6916//6916 6911//6911
f 6911//6911 6916//6916 6912//6912
f 6912//6912 6916//6916 6913//6913
f 6913//6913 6916//6916 6914//6914
f 6914//6914 6916//6916 6915//6915
f 6915//6915 6916//6916 6910//6910
f 6917//6917 6923//6923 6918//6918
f 6918//6918 6923//6923 6919//6919
f 6919//6919 6923//6923 6920//6920
f 6920//6920 6923//6923 6921//6921
f 6921//6921 6923//6923 6922//6922
f 6922//6922 6923//6923 6917//6917
f 6924//6924 6930//6930 6925//6925
f 6925//6925 6930//6930 6926//6926
f 6926//6926 6930//6930 6927//6927
f 6927//6927 6930//6930 6928//6928
f 6928//6928 6930//6930 6929//6929
f 6929//6929 6930//6930 6924//6924
f 6931//6931 6937//6937 6932//6932
f 6932//6932 6937//6937 6933//6933
f 6933//6933 6937//6937 6934//6934
f 6934//6934 6937//6937 6935//6935
f 6935//6935 6937//6937 6936//6936
f 6936//6936 6937//6937 6931//6931
f 6938//6938 6944//6944 6939//6939
f 6939//6939 6944//6944 6940//6940
f 6940//6940 6944//6944 6941//6941
f 6941//6941 6944//6944 6942//6942
f 6942//6942 6944//6944 6943//6943
f 6943//6943 6944//6944 6938//6938
f 6945//6945 6951//6951 6946//6946
f 6946//6946 6951//6951 6947//6947
f 6947//6947 6951//6951 6948//6948
f 6948//6948 6951//6951 6949//6949
f 6949//6949 6951//6951 6950//6950
f 6950//6950 6951//6951 6945//6945
f 6952//6952 6958//6958 6953//6953
f 6953//6953 6958//6958 6954//6954
f 6954//6954 6958//6958 6955//6955
f 6955//6955 6958//6958 6956//6956
f 6956//6956 6958//6958 6957//6957
f 6957//6957 6958//6958 6952//6952
f 6959//6959 6965//6965 6960//6960
f 6960//6960 6965//6965 6961//6961
f 6961//6961 6965//6965 6962//6962
f 6962//6962 6965//6965 6963//6963
f 6963//6963 6965//6965 6964//6964
f 6964//6964 6965//6965 6959//6959
f 6966//6966 6972//6972 6967//6967
f 6967//6967 6972//6972 6968//6968
f 6968//6968 6972//6972 6969//6969
f 6969//6969 6972//6972 6970//6970
f 6970//6970 6972//6972 6971//6971
f 6971//6971 6972//6972 6966//6966
f 6973//6973 6979//6979 6974//6974
f 6974//6974 6979//6979 6975//6975
f 6975//6975 6979//6979 6976//6976
f 6976//6976 6979//6979 6977//6977
f 6977//6977 6979//6979 6978//6978
f 6978//6978 6979//6979 6973//6973
f 6980//6980 6986//6986 6981//6981
f 6981//6981 6986//6986 6982//6982
f 6982//6982 6986//6986 6983//6983
f 6983//6983 6986//6986 6984//6984
f 6984//6984 6986//6986 6985//6985
f 6985//6985 6986//6986 6980//6980
f 6987//6987 6993//6993 6988//6988
f 6988//6988 6993//6993 6989//6989
f 6989//6989 6993//6993 6990//6990
f 6990//6990 6993//6993 6991//6991
f 6991//6991 6993//6993 6992//6992
f 6992//6992 6993//6993 6987//6987
f 6994//6994 7000//7000 6995//6995
f 6995//6995 7000//7000 6996//6996
f 6996//6996 7000//7000 6997//6997
f 6997//6997 7000//7000 6998//6998
f 6998//6998 7000//7000 6999//6999
f 6999//6999 7000//7000 6994//6994
f 7001//7001 7007//7007 7002//7002
f 7002//7002 7007//7007 7003//7003
f 7003//7003 7007//7007 7004//7004
f 7004//7004 7007//7007 7005//7005
f 7005//7005 7007//7007 7006//7006
f 7006//7006 7007//7007 7001//7001
f 7008//7008 7014//7014 7009//7009
f 7009//7009 7014//7014 7010//7010
f 7010//7010 7014//7014 7011//7011
f 7011//7011 7014//7014 7012//7012
f 7012//7012 7014//7014 7013//7013
f 7013//7013 7014//7014 7008//7008
f 7015//7015 7021//7021 7016//7016
f 7016//7016 7021//7021 7017//7017
f 7017//7017 7021//7021 7018//7018
f 7018//7018 7021//7021 7019//7019
f 7019//7019 7021//7021 7020//7020
f 7020//7020 7021//7021 7015//7015
f 7022//7022 7028//7028 7023//7023
f 7023//7023 7028//7028 7024//7024
f 7024//7024 7028//7028 7025//7025
f 7025//7025 7028//7028 7026//7026
f 7026//7026 7028//7028 7027//7027
f 7027//7027 7028//7028 7022//7022
f 7029//7029 7035//7035 7030//7030
f 7030//7030 7035//7035 7031//7031
f 7031//7031 7035//7035 7032//7032
f 7032//7032 7035//7035 7033//7033
f 7033//7033 7035//7035 7034//7034
f 7034//7034 7035//7035 7029//7029
f 7036//7036 7042//7042 7037//7037
f 7037//7037 7042//7042 7038//7038
f 7038//7038 7042//7042 7039//7039
f 7039//7039 7042//7042 7040//7040
f 7040//7040 7042//7042 7041//7041
f 7041//7041 7042//7042 7036//7036
f 7043//7043 7049//7049 7044//7044
f 7044//7044 7049//7049 7045//7045
f 7045//7045 7049//7049 7046//7046
f 7046//7046 7049//7049 7047//7047
f 7047//7047 7049//7049 7048//7048
f 7048//7048 7049//7049 7043//7043
f 7050//7050 7056//7056 7051//7051
f 7051//7051 7056//7056 7052//7052
f 7052//7052 7056//7056 7053//7053
f 7053//7053 7056//7056 7054//7054
f 7054//7054 7056//7056 7055//7055
f 7055//7055 7056//7056 7050//7050
f 7057//7057 7063//7063 7058//7058
f 7058//7058 7063//7063 7059//7059
f 7059//7059 7063//7063 7060//7060
f 7060//7060 7063//7063 7061//7061
f 7061//7061 7063//7063 7062//7062
f 7062//7062 7063//7063 7057//7057
f 7064//7064 7070//7070 7065//7065
f 7065//7065 7070//7070 7066//7066
f 7066//7066 7070//7070 7067//7067
f 7067//7067 7070//7070 7068//7068
f 7068//7068 7070//7070 7069//7069
f 7069//7069 7070//7070 7064//7064
f 7071//7071 7077//7077 7072//7072
f 7072//7072 7077//7077 7073//7073
f 7073//7073 7077//7077 7074//7074
f 7074//7074 7077//7077 7075//7075
f 7075//7075 7077//7077 7076//7076
f 7076//7076 7077//7077 7071//7071
f 7078//7078 7084//7084 7079//7079
f 7079//7079 7084//7084 7080//7080
f 7080//7080 7084//7084 7081//7081
f 7081//7081 7084//7084 7082//7082
f 7082//7082 7084//7084 7083//7083
f 7083//7083 7084//7084 7078//7078
f 7085//7085 7091//7091 7086//7086
f 7086//7086 7091//7091 7087//7087
f 7087//7087 7091//7091 7088//7088
f 7088//7088 7091//7091 7089//7089
f 7089//7089 7091//7091 7090//7090
f 7090//7090 7091//7091 7085//7085
f 7092//7092 7098//7098 7093//7093
f 7093//7093 7098//7098 7094//7094
f 7094//7094 7098//7098 7095//7095
f 7095//7095 7098//7098 7096//7096
f 7096//7096 7098//7098 7097//7097
f 7097//7097 7098//7098 7092//7092
f 7099//7099 7105//7105 7100//7100
f 7100//7100 7105//7105 7101//7101
f 7101//7101 7105//7105 7102//7102
f 7102//7102 7105//7105 7103//7103
f 7103//7103 7105//7105 7104//7104
f 7104//7104 7105//7105 7099//7099
f 7106//7106 7112//7112 7107//7107
f 7107//7107 7112//7112 7108//7108
f 7108//7108 7112//7112 7109//7109
f 7109//7109 7112//7112 7110//7110
f 7110//7110 7112//7112 7111//7111
f 7111//7111 7112//7112 7106//7106
f 7113//7113 7119//7119 7114//7114
f 7114//7114 7119//7119 7115//7115
f 7115//7115 7119//7119 7116//7116
f 7116//7116 7119//7119 7117//7117
f 7117//7117 7119//7119 7118//7118
f 7118//7118 7119//7119 7113//7113
f 7120//7120 7126//7126 7121//7121
f 7121//7121 7126//7126 7122//7122
f 7122//7122 7126//7126 7123//7123
f 7123//7123 7126//7126 7124//7124
f 7124//7124 7126//7126 7125//7125
f 7125//7125 7126//7126 7120//7120
f 7127//7127 7133//7133 7128//7128
f 7128//7128 7133//7133 7129//7129
f 7129//7129 7133//7133 7130//7130
f 7130//7130 7133//7133 7131//7131
f 7131//7131 7133//7133 7132//7132
f 7132//7132 7133//7133 7127//7127
f 7134//7134 7140//7140 7135//7135
f 7135//7135 7140//7140 7136//7136
f 7136//7136 7140//7140 7137//7137
f 7137//7137 7140//7140 7138//7138
f 7138//7138 7140//7140 7139//7139
f 7139//7139 7140//7140 7134//7134
f 7141//7141 7147//7147 7142//7142
f 7142//7142 7147//7147 7143//7143
f 7143//7143 7147//7147 7144//7144
f 7144//7144 7147//7147 7145//7145
f 7145//7145 7147//7147 7146//7146
f 7146//7146 7147//7147 7141//7141
f 7148//7148 7154//7154 7149//7149
f 7149//7149 7154//7154 7150//7150
f 7150//7150 7154//7154 7151//7151
f 7151//7151 7154//7154 7152//7152
f 7152//7152 7154//7154 7153//7153
f 7153//7153 7154//7154 7148//7148
f 7155//7155 7161//7161 7156//7156
f 7156//7156 7161//7161 7157//7157
f 7157//7157 7161//7161 7158//7158
f 7158//7158 7161//7161 7159//7159
f 7159//7159 7161//7161 7160//7160
f 7160//7160 7161//7161 7155//7155
f 7162//7162 7168//7168 7163//7163
f 7163//7163 7168//7168 7164//7164
f 7164//7164 7168//7168 7165//7165
f 7165//7165 7168//7168 7166//7166
f 7166//7166 7168//7168 7167//7167
f 7167//7167 7168//7168 7162//7162
f 7169//7169 7175//7175 7170//7170
f 7170//7170 7175//7175 7171//7171
f 7171//7171 7175//7175 7172//7172
f 7172//7172 7175//7175 7173//7173
f 7173//7173 7175//7175 7174//7174
f 7174//7174 7175//7175 7169//7169
f 7176//7176 7182//7182 7177//7177
f 7177//7177 7182//7182 7178//7178
f 7178//7178 7182//7182 7179//7179
f 7179//7179 7182//7182 7180//7180
f 7180//7180 7182//7182 7181//7181
f 7181//7181 7182//7182 7176//7176
f 7183//7183 7189//7189 7184//7184
f 7184//7184 7189//7189 7185//7185
f 7185//7185 7189//7189 7186//7186
f 7186//7186 7189//7189 7187//7187
f 7187//7187 7189//7189 7188//7188
f 7188//7188 7189//7189 7183//7183
f 7190//7190 7196//7196 7191//7191
f 7191//7191 7196//7196 7192//7192
f 7192//7192 7196//7196 7193//7193
f 7193//7193 7196//7196 7194//7194
f 7194//7194 7196//7196 7195//7195
f 7195//7195 7196//7196 7190//7190
f 7197//7197 7203//7203 7198//7198
f 7198//7198 7203//7203 7199//7199
f 7199//7199 7203//7203 7200//7200
f 7200//7200 7203//7203 7201//7201
f 7201//7201 7203//7203 7202//7202
f 7202//7202 7203//7203 7197//7197
f 7204//7204 7210//7210 7205//7205
f 7205//7205 7210//7210 7206//7206
f 7206//7206 7210//7210 7207//7207
f 7207//7207 7210//7210 7208//7208
f 7208//7208 7210//7210 7209//7209
f 7209//7209 7210//7210 7204//7204
f 7211//7211 7217//7217 7212//7212
f 7212//7212 7217//7217 7213//7213
f 7213//7213 7217//7217 7214//7214
f 7214//7214 7217//7217 7215//7215
f 7215//7215 7217//7217 7216//7216
f 7216//7216 7217//7217 7211//7211
f 7218//7218 7224//7224 7219//7219
f 7219//7219 7224//7224 7220//7220
f 7220//7220 7224//7224 7221//7221
f 7221//7221 7224//7224 7222//7222
f 7222//7222 7224//7224 7223//7223
f 7223//7223 7224//7224 7218//7218
f 7225//7225 7231//7231 7226//7226
f 7226//7226 7231//7231 7227//7227
f 7227//7227 7231//7231 7228//7228
f 7228//7228 7231//7231 7229//7229
f 7229//7229 7231//7231 7230//7230
f 7230//7230 7231//7231 7225//7225
f 7232//7232 7238//7238 7233//7233
f 7233//7233 7238//7238 7234//7234
f 7234//7234 7238//7238 7235//7235
f 7235//7235 7238//7238 7236//7236
f 7236//7236 7238//7238 7237//7237
f 7237//7237 7238//7238 7232//7232
f 7239//7239 7245//7245 7240//7240
f 7240//7240 7245//7245 7241//7241
f 7241//7241 7245//7245 7242//7242
f 7242//7242 7245//7245 7243//7243
f 7243//7243 7245//7245 7244//7244
f 7244//7244 7245//7245 7239//7239
f 7246//7246 7252//7252 7247//7247
f 7247//7247 7252//7252 7248//7248
f 7248//7248 7252//7252 7249//7249
f 7249//7249 7252//7252 7250//7250
f 7250//7250 7252//7252 7251//7251
f 7251//7251 7252//7252 7246//7246
f 7253//7253 7259//7259 7254//7254
f 7254//7254 7259//7259 7255//7255
f 7255//7255 7259//7259 7256//7256
f 7256//7256 7259//7259 7257//7257
f 7257//7257 7259//7259 7258//7258
f 7258//7258 7259//7259 7253//7253
f 7260//7260 7266//7266 7261//7261
f 7261//7261 7266//7266 7262//7262
f 7262//7262 7266//7266 7263//7263
f 7263//7263 7266//7266 7264//7264
f 7264//7264 7266//7266 7265//7265
f 7265//7265 7266//7266 7260//7260
f 7267//7267 7273//7273 7268//7268
f 7268//7268 7273//7273 7269//7269
f 7269//7269 7273//7273 7270//7270
f 7270//7270 7273//7273 7271//7271
f 7271//7271 7273//7273 7272//7272
f 7272//7272 7273//7273 7267//7267
f 7274//7274 7280//7280 7275//7275
f 7275//7275 7280//7280 7276//7276
f 7276//7276 7280//7280 7277//7277
f 7277//7277 7280//7280 7278//7278
f 7278//7278 7280//7280 7279//7279
f 7279//7279 7280//7280 7274//7274
f 7281//7281 7287//7287 7282//7282
f 7282//7282 7287//7287 7283//7283
f 7283//7283 7287//7287 7284//7284
f 7284//7284 7287//7287 7285//7285
f 7285//7285 7287//7287 7286//7286
f 7286//7286 7287//7287 7281//7281
f 7288//7288 7294//7294 7289//7289
f 7289//7289 7294//7294 7290//7290
f 7290//7290 7294//7294 7291//7291
f 7291//7291 7294//7294 7292//7292
f 7292//7292 7294//7294 7293//7293
f 7293//7293 7294//7294 7288//7288
f 7295//7295 7301//7301 7296//7296
f 7296//7296 7301//7301 7297//7297
f 7297//7297 7301//7301 7298//7298
f 7298//7298 7301//7301 7299//7299
f 7299//7299 7301//7301 7300//7300
f 7300//7300 7301//7301 7295//7295
f 7302//7302 7308//7308 7303//7303
f 7303//7303 7308//7308 7304//7304
f 7304//7304 7308//7308 7305//7305
f 7305//7305 7308//7308 7306//7306
f 7306//7306 7308//7308 7307//7307
f 7307//7307 7308//7308 7302//7302
f 7309//7309 7315//7315 7310//7310
f 7310//7310 7315//7315 7311//7311
f 7311//7311 7315//7315 7312//7312
f 7312//7312 7315//7315 7313//7313
f 7313//7313 7315//7315 7314//7314
f 7314//7314 7315//7315 7309//7309
f 7316//7316 7322//7322 7317//7317
f 7317//7317 7322//7322 7318//7318
f 7318//7318 7322//7322 7319//7319
f 7319//7319 7322//7322 7320//7320
f 7320//7320 7322//7322 7321//7321
f 7321//7321 7322//7322 7316//7316
f 7323//7323 7329//7329 7324//7324
f 7324//7324 7329//7329 7325//7325
f 7325//7325 7329//7329 7326//7326
f 7326//7326 7329//7329 7327//7327
f 7327//7327 7329//7329 7328//7328
f 7328//7328 7329//7329 7323//7323
f 7330//7330 7336//7336 7331//7331
f 7331//7331 7336//7336 7332//7332
f 7332//7332 7336//7336 7333//7333
f 7333//7333 7336//7336 7334//7334
f 7334//7334 7336//7336 7335//7335
f 7335//7335 7336//7336 7330//7330
f 7337//7337 7343//7343 7338//7338
f 7338//7338 7343//7343 7339//7339
f 7339//7339 7343//7343 7340//7340
f 7340//7340 7343//7343 7341//7341
f 7341//7341 7343//7343 7342//7342
f 7342//7342 7343//7343 7337//7337
f 7344//7344 7350//7350 7345//7345
f 7345//7345 7350//7350 7346//7346
f 7346//7346 7350//7350 7347//7347
f 7347//7347 7350//7350 7348//7348
f 7348//7348 7350//7350 7349//7349
f 7349//7349 7350//7350 7344//7344
f 7351//7351 7357//7357 7352//7352
f 7352//7352 7357//7357 7353//7353
f 7353//7353 7357//7357 7354//7354
f 7354//7354 7357//7357 7355//7355
f 7355//7355 7357//7357 7356//7356
f 7356//7356 7357//7357 7351//7351
f 7358//7358 7364//7364 7359//7359
f 7359//7359 7364//7364 7360//7360
f 7360//7360 7364//7364 7361//7361
f 7361//7361 7364//7364 7362//7362
f 7362//7362 7364//7364 7363//7363
f 7363//7363 7364//7364 7358//7358
f 7365//7365 7371//7371 7366//7366
f 7366//7366 7371//7371 7367//7367
f 7367//7367 7371//7371 7368//7368
f 7368//7368 7371//7371 7369//7369
f 7369//7369 7371//7371 7370//7370
f 7370//7370 7371//7371 7365//7365
f 7372//7372 7378//7378 7373//7373
f 7373//7373 7378//7378 7374//7374
f 7374//7374 7378//7378 7375//7375
f 7375//7375 7378//7378 7376//7376
f 7376//7376 7378//7378 7377//7377
f 7377//7377 7378//7378 7372//7372
f 7379//7379 7385//7385 7380//7380
f 7380//7380 7385//7385 7381//7381
f 7381//7381 7385//7385 7382//7382
f 7382//7382 7385//7385 7383//7383
f 7383//7383 7385//7385 7384//7384
f 7384//7384 7385//7385 7379//7379
f 7386//7386 7392//7392 7387//7387
f 7387//7387 7392//7392 7388//7388
f 7388//7388 7392//7392 7389//7389
f 7389//7389 7392//7392 7390//7390
f 7390//7390 7392//7392 7391//7391
f 7391//7391 7392//7392 7386//7386
f 7393//7393 7399//7399 7394//7394
f 7394//7394 7399//7399 7395//7395
f 7395//7395 7399//7399 7396//7396
f 7396//7396 7399//7399 7397//7397
f 7397//7397 7399//7399 7398//7398
f 7398//7398 7399//7399 7393//7393
f 7400//7400 7406//7406 7401//7401
f 7401//7401 7406//7406 7402//7402
f 7402//7402 7406//7406 7403//7403
f 7403//7403 7406//7406 7404//7404
f 7404//7404 7406//7406 7405//7405
f 7405//7405 7406//7406 7400//7400
f 7407//7407 7413//7413 7408//7408
f 7408//7408 7413//7413 7409//7409
f 7409//7409 7413//7413 7410//7410
f 7410//7410 7413//7413 7411//7411
f 7411//7411 7413//7413 7412//7412
f 7412//7412 7413//7413 7407//7407
f 7414//7414 7420//7420 7415//7415
f 7415//7415 7420//7420 7416//7416
f 7416//7416 7420//7420 7417//7417
f 7417//7417 7420//7420 7418//7418
f 7418//7418 7420//7420 7419//7419
f 7419//7419 7420//7420 7414//7414
f 7421//7421 7427//7427 7422//7422
f 7422//7422 7427//7427 7423//7423
f 7423//7423 7427//7427 7424//7424
f 7424//7424 7427//7427 7425//7425
f 7425//7425 7427//7427 7426//7426
f 7426//7426 7427//7427 7421//7421
f 7428//7428 7434//7434 7429//7429
f 7429//7429 7434//7434 7430//7430
f 7430//7430 7434//7434 7431//7431
f 7431//7431 7434//7434 7432//7432
f 7432//7432 7434//7434 7433//7433
f 7433//7433 7434//7434 7428//7428
f 7435//7435 7441//7441 7436//7436
f 7436//7436 7441//7441 7437//7437
f 7437//7437 7441//7441 7438//7438
f 7438//7438 7441//7441 7439//7439
f 7439//7439 7441//7441 7440//7440
f 7440//7440 7441//7441 7435//7435
f 7442//7442 7448//7448 7443//7443
f 7443//7443 7448//7448 7444//7444
f 7444//7444 7448//7448 7445//7445
f 7445//7445 7448//7448 7446//7446
f 7446//7446 7448//7448 7447//7447
f 7447//7447 7448//7448 7442//7442
f 7449//7449 7455//7455 7450//7450
f 7450//7450 7455//7455 7451//7451
f 7451//7451 7455//7455 7452//7452
f 7452//7452 7455//7455 7453//7453
f 7453//7453 7455//7455 7454//7454
f 7454//7454 7455//7455 7449//7449
f 7456//7456 7462//7462 7457//7457
f 7457//7457 7462//7462 7458//7458
f 7458//7458 7462//7462 7459//7459
f 7459//7459 7462//7462 7460//7460
f 7460//7460 7462//7462 7461//7461
f 7461//7461 7462//7462 7456//7456
f 7463//7463 7469//7469 7464//7464
f 7464//7464 7469//7469 7465//7465
f 7465//7465 7469//7469 7466//7466
f 7466//7466 7469//7469 7467//7467
f 7467//7467 7469//7469 7468//7468
f 7468//7468 7469//7469 7463//7463
f 7470//7470 7476//7476 7471//7471
f 7471//7471 7476//7476 7472//7472
f 7472//7472 7476//7476 7473//7473
f 7473//7473 7476//7476 7474//7474
f 7474//7474 7476//7476 7475//7475
f 7475//7475 7476//7476 7470//7470
f 7477//7477 7483//7483 7478//7478
f 7478//7478 7483//7483 7479//7479
f 7479//7479 7483//7483 7480//7480
f 7480//7480 7483//7483 7481//7481
f 7481//7481 7483//7483 7482//7482
f 7482//7482 7483//7483 7477//7477
f 7484//7484 7490//7490 7485//7485
f 7485//7485 7490//7490 7486//7486
f 7486//7486 7490//7490 7487//7487
f 7487//7487 7490//7490 7488//7488
f 7488//7488 7490//7490 7489//7489
f 7489//7489 7490//7490 7484//7484
f 7491//7491 7497//7497 7492//7492
f 7492//7492 7497//7497 7493//7493
f 7493//7493 7497//7497 7494//7494
f 7494//7494 7497//7497 7495//7495
f 7495//7495 7497//7497 7496//7496
f 7496//7496 7497//7497 7491//7491
f 7498//7498 7504//7504 7499//7499
f 7499//7499 7504//7504 7500//7500
f 7500//7500 7504//7504 7501//7501
f 7501//7501 7504//7504 7502//7502
f 7502//7502 7504//7504 7503//7503
f 7503//7503 7504//7504 7498//7498
f 7505//7505 7511//7511 7506//7506
f 7506//7506 7511//7511 7507//7507
f 7507//7507 7511//7511 7508//7508
f 7508//7508 7511//7511 7509//7509
f 7509//7509 7511//7511 7510//7510
f 7510//7510 7511//7511 7505//7505
f 7512//7512 7518//7518 7513//7513
f 7513//7513 7518//7518 7514//7514
f 7514//7514 7518//7518 7515//7515
f 7515//7515 7518//7518 7516//7516
f 7516//7516 7518//7518 7517//7517
f 7517//7517 7518//7518 7512//7512
f 7519//7519 7525//7525 7520//7520
f 7520//7520 7525//7525 7521//7521
f 7521//7521 7525//7525 7522//7522
f 7522//7522 7525//7525 7523//7523
f 7523//7523 7525//7525 7524//7524
f 7524//7524 7525//7525 7519//7519
f 7526//7526 7532//7532 7527//7527
f 7527//7527 7532//7532 7528//7528
f 7528//7528 7532//7532 7529//7529
f 7529//7529 7532//7532 7530//7530
f 7530//7530 7532//7532 7531//7531
f 7531//7531 7532//7532 7526//7526
f 7533//7533 7539//7539 7534//7534
f 7534//7534 7539//7539 7535//7535
f 7535//7535 7539//7539 7536//7536
f 7536//7536 7539//7539 7537//7537
f 7537//7537 7539//7539 7538//7538
f 7538//7538 7539//7539 7533//7533
f 7540//7540 7546//7546 7541//7541
f 7541//7541 7546//7546 7542//7542
f 7542//7542 7546//7546 7543//7543
f 7543//7543 7546//7546 7544//7544
f 7544//7544 7546//7546 7545//7545
f 7545//7545 7546//7546 7540//7540
f 7547//7547 7553//7553 7548//7548
f 7548//7548 7553//7553 7549//7549
f 7549//7549 7553//7553 7550//7550
f 7550//7550 7553//7553 7551//7551
f 7551//7551 7553//7553 7552//7552
f 7552//7552 7553//7553 7547//7547
f 7554//7554 7560//7560 7555//7555
f 7555//7555 7560//7560 7556//7556
f 7556//7556 7560//7560 7557//7557
f 7557//7557 7560//7560 7558//7558
f 7558//7558 7560//7560 7559//7559
f 7559//7559 7560//7560 7554//7554
f 7561//7561 7567//7567 7562//7562
f 7562//7562 7567//7567 7563//7563
f 7563//7563 7567//7567 7564//7564
f 7564//7564 7567//7567 7565//7565
f 7565//7565 7567//7567 7566//7566
f 7566//7566 7567//7567 7561//7561
f 7568//7568 7574//7574 7569//7569
f 7569//7569 7574//7574 7570//7570
f 7570//7570 7574//7574 7571//7571
f 7571//7571 7574//7574 7572//7572
f 7572//7572 7574//7574 7573//7573
f 7573//7573 7574//7574 7568//7568
f 7575//7575 7581//7581 7576//7576
f 7576//7576 7581//7581 7577//7577
f 7577//7577 7581//7581 7578//7578
f 7578//7578 7581//7581 7579//7579
f 7579//7579 7581//7581 7580//7580
f 7580//7580 7581//7581 7575//7575
f 7582//7582 7588//7588 7583//7583
f 7583//7583 7588//7588 7584//7584
f 7584//7584 7588//7588 7585//7585
f 7585//7585 7588//7588 7586//7586
f 7586//7586 7588//7588 7587//7587
f 7587//7587 7588//7588 7582//7582
f 7589//7589 7595//7595 7590//7590
f 7590//7590 7595//7595 7591//7591
f 7591//7591 7595//7595 7592//7592
f 7592//7592 7595//7595 7593//7593
f 7593//7593 7595//7595 7594//7594
f 7594//7594 7595//7595 7589//7589
f 7596//7596 7602//7602 7597//7597
f 7597//7597 7602//7602 7598//7598
f 7598//7598 7602//7602 7599//7599
f 7599//7599 7602//7602 7600//7600
f 7600//7600 7602//7602 7601//7601
f 7601//7601 7602//7602 7596//7596
f 7603//7603 7609//7609 7604//7604
f 7604//7604 7609//7609 7605//7605
f 7605//7605 7609//7609 7606//7606
f 7606//7606 7609//7609 7607//7607
f 7607//7607 7609//7609 7608//7608
f 7608//7608 7609//7609 7603//7603
f 7610//7610 7616//7616 7611//7611
f 7611//7611 7616//7616 7612//7612
f 7612//7612 7616//7616 7613//7613
f 7613//7613 7616//7616 7614//7614
f 7614//7614 7616//7616 7615//7615
f 7615//7615 7616//7616 7610//7610
f 7617//7617 7623//7623 7618//7618
f 7618//7618 7623//7623 7619//7619
f 7619//7619 7623//7623 7620//7620
f 7620//7620 7623//7623 7621//7621
f 7621//7621 7623//7623 7622//7622
f 7622//7622 7623//7623 7617//7617
f 7624//7624 7630//7630 7625//7625
f 7625//7625 7630//7630 7626//7626
f 7626//7626 7630//7630 7627//7627
f 7627//7627 7630//7630 7628//7628
f 7628//7628 7630//7630 7629//7629
f 7629//7629 7630//7630 7624//7624
f 7631//7631 7637//7637 7632//7632
f 7632//7632 7637//7637 7633//7633
f 7633//7633 7637//7637 7634//7634
f 7634//7634 7637//7637 7635//7635
f 7635//7635 7637//7637 7636//7636
f 7636//7636 7637//7637 7631//7631
f 7638//7638 7644//7644 7639//7639
f 7639//7639 7644//7644 7640//7640
f 7640//7640 7644//7644 7641//7641
f 7641//7641 7644//7644 7642//7642
f 7642//7642 7644//7644 7643//7643
f 7643//7643 7644//7644 7638//7638
f 7645//7645 7651//7651 7646//7646
f 7646//7646 7651//7651 7647//7647
f 7647//7647 7651//7651 7648//7648
f 7648//7648 7651//7651 7649//7649
f 7649//7649 7651//7651 7650//7650
f 7650//7650 7651//7651 7645//7645
f 7652//7652 7658//7658 7653//7653
f 7653//7653 7658//7658 7654//7654
f 7654//7654 7658//7658 7655//7655
f 7655//7655 7658//7658 7656//7656
f 7656//7656 7658//7658 7657//7657
f 7657//7657 7658//7658 7652//7652
f 7659//7659 7665//7665 7660//7660
f 7660//7660 7665//7665 7661//7661
f 7661//7661 7665//7665 7662//7662
f 7662//7662 7665//7665 7663//7663
f 7663//7663 7665//7665 7664//7664
f 7664//7664 7665//7665 7659//7659
f 7666//7666 7672//7672 7667//7667
f 7667//7667 7672//7672 7668//7668
f 7668//7668 7672//7672 7669//7669
f 7669//7669 7672//7672 7670//7670
f 7670//7670 7672//7672 7671//7671
f 7671//7671 7672//7672 7666//7666
f 7673//7673 7679//7679 7674//7674
f 7674//7674 7679//7679 7675//7675
f 7675//7675 7679//7679 7676//7676
f 7676//7676 7679//7679 7677//7677
f 7677//7677 7679//7679 7678//7678
f 7678//7678 7679//7679 7673//7673
f 7680//7680 7686//7686 7681//7681
f 7681//7681 7686//7686 7682//7682
f 7682//7682 7686//7686 7683//7683
f 7683//7683 7686//7686 7684//7684
f 7684//7684 7686//7686 7685//7685
f 7685//7685 7686//7686 7680//7680
f 7687//7687 7693//7693 7688//7688
f 7688//7688 7693//7693 7689//7689
f 7689//7689 7693//7693 7690//7690
f 7690//7690 7693//7693 7691//7691
f 7691//7691 7693//7693 7692//7692
f 7692//7692 7693//7693 7687//7687
f 7694//7694 7700//7700 7695//7695
f 7695//7695 7700//7700 7696//7696
f 7696//7696 7700//7700 7697//7697
f 7697//7697 7700//7700 7698//7698
f 7698//7698 7700//7700 7699//7699
f 7699//7699 7700//7700 7694//7694
f 7701//7701 7707//7707 7702//7702
f 7702//7702 7707//7707 7703//7703
f 7703//7703 7707//7707 7704//7704
f 7704//7704 7707//7707 7705//7705
f 7705//7705 7707//7707 7706//7706
f 7706//7706 7707//7707 7701//7701
f 7708//7708 7714//7714 7709//7709
f 7709//7709 7714//7714 7710//7710
f 7710//7710 7714//7714 7711//7711
f 7711//7711 7714//7714 7712//7712
f 7712//7712 7714//7714 7713//7713
f 7713//7713 7714//7714 7708//7708
f 7715//7715 7721//7721 7716//7716
f 7716//7716 7721//7721 7717//7717
f 7717//7717 7721//7721 7718//7718
f 7718//7718 7721//7721 7719//7719
f 7719//7719 7721//7721 7720//7720
f 7720//7720 7721//7721 7715//7715
f 7722//7722 7728//7728 7723//7723
f 7723//7723 7728//7728 7724//7724
f 7724//7724 7728//7728 7725//7725
f 7725//7725 7728//7728 7726//7726
f 7726//7726 7728//7728 7727//7727
f 7727//7727 7728//7728 7722//7722
f 7729//7729 7735//7735 7730//7730
f 7730//7730 7735//7735 7731//7731
f 7731//7731 7735//7735 7732//7732
f 7732//7732 7735//7735 7733//7733
f 7733//7733 7735//7735 7734//7734
f 7734//7734 7735//7735 7729//7729
f 7736//7736 7742//7742 7737//7737
f 7737//7737 7742//7742 7738//7738
f 7738//7738 7742//7742 7739//7739
f 7739//7739 7742//7742 7740//7740
f 7740//7740 7742//7742 7741//7741
f 7741//7741 7742//7742 7736//7736
f 7743//7743 7749//7749 7744//7744
f 7744//7744 7749//7749 7745//7745
f 7745//7745 7749//7749 7746//7746
f 7746//7746 7749//7749 7747//7747
f 7747//7747 7749//7749 7748//7748
f 7748//7748 7749//7749 7743//7743
f 7750//7750 7756//7756 7751//7751
f 7751//7751 7756//7756 7752//7752
f 7752//7752 7756//7756 7753//7753
f 7753//7753 7756//7756 7754//7754
f 7754//7754 7756//7756 7755//7755
f 7755//7755 7756//7756 7750//7750
f 7757//7757 7763//7763 7758//7758
f 7758//7758 7763//7763 7759//7759
f 7759//7759 7763//7763 7760//7760
f 7760//7760 7763//7763 7761//7761
f 7761//7761 7763//7763 7762//7762
f 7762//7762 7763//7763 7757//7757
f 7764//7764 7770//7770 7765//7765
f 7765//7765 7770//7770 7766//7766
f 7766//7766 7770//7770 7767//7767
f 7767//7767 7770//7770 7768//7768
f 7768//7768 7770//7770 7769//7769
f 7769//7769 7770//7770 7764//7764
f 7771//7771 7777//7777 7772//7772
f 7772//7772 7777//7777 7773//7773
f 7773//7773 7777//7777 7774//7774
f 7774//7774 7777//7777 7775//7775
f 7775//7775 7777//7777 7776//7776
f 7776//7776 7777//7777 7771//7771
f 7778//7778 7784//7784 7779//7779
f 7779//7779 7784//7784 7780//7780
f 7780//7780 7784//7784 7781//7781
f 7781//7781 7784//7784 7782//7782
f 7782//7782 7784//7784 7783//7783
f 7783//7783 7784//7784 7778//7778
f 7785//7785 7791//7791 7786//7786
f 7786//7786 7791//7791 7787//7787
f 7787//7787 7791//7791 7788//7788
f 7788//7788 7791//7791 7789//7789
f 7789//7789 7791//7791 7790//7790
f 7790//7790 7791//7791 7785//7785
f 7792//7792 7798//7798 7793//7793
f 7793//7793 7798//7798 7794//7794
f 7794//7794 7798//7798 7795//7795
f 7795//7795 7798//7798 7796//7796
f 7796//7796 7798//7798 7797//7797
f 7797//7797 7798//7798 7792//7792
f 7799//7799 7805//7805 7800//7800
f 7800//7800 7805//7805 7801//7801
f 7801//7801 7805//7805 7802//7802
f 7802//7802 7805//7805 7803//7803
f 7803//7803 7805//7805 7804//7804
f 7804//7804 7805//7805 7799//7799
f 7806//7806 7812//7812 7807//7807
f 7807//7807 7812//7812 7808//7808
f 7808//7808 7812//7812 7809//7809
f 7809//7809 7812//7812 7810//7810
f 7810//7810 7812//7812 7811//7811
f 7811//7811 7812//7812 7806//7806
f 7813//7813 7819//7819 7814//7814
f 7814//7814 7819//7819 7815//7815
f 7815//7815 7819//7819 7816//7816
f 7816//7816 7819//7819 7817//7817
f 7817//7817 7819//7819 7818//7818
f 7818//7818 7819//7819 7813//7813
f 7820//7820 7826//7826 7821//7821
f 7821//7821 7826//7826 7822//7822
f 7822//7822 7826//7826 7823//7823
f 7823//7823 7826//7826 7824//7824
f 7824//7824 7826//7826 7825//7825
f 7825//7825 7826//7826 7820//7820
f 7827//7827 7833//7833 7828//7828
f 7828//7828 7833//7833 7829//7829
f 7829//7829 7833//7833 7830//7830
f 7830//7830 7833//7833 7831//7831
f 7831//7831 7833//7833 7832//7832
f 7832//7832 7833//7833 7827//7827
f 7834//7834 7840//7840 7835//7835
f 7835//7835 7840//7840 7836//7836
f 7836//7836 7840//7840 7837//7837
f 7837//7837 7840//7840 7838//7838
f 7838//7838 7840//7840 7839//7839
f 7839//7839 7840//7840 7834//7834
f 7841//7841 7847//7847 7842//7842
f 7842//7842 7847//7847 7843//7843
f 7843//7843 7847//7847 7844//7844
f 7844//7844 7847//7847 7845//7845
f 7845//7845 7847//7847 7846//7846
f 7846//7846 7847//7847 7841//7841
f 7848//7848 7854//7854 7849//7849
f 7849//7849 7854//7854 7850//7850
f 7850//7850 7854//7854 7851//7851
f 7851//7851 7854//7854 7852//7852
f 7852//7852 7854//7854 7853//7853
f 7853//7853 7854//7854 7848//7848
f 7855//7855 7861//7861 7856//7856
f 7856//7856 7861//7861 7857//7857
f 7857//7857 7861//7861 7858//7858
f 7858//7858 7861//7861 7859//7859
f 7859//7859 7861//7861 7860//7860
f 7860//7860 7861//7861 7855//7855
f 7862//7862 7868//7868 7863//7863
f 7863//7863 7868//7868 7864//7864
f 7864//7864 7868//7868 7865//7865
f 7865//7865 7868//7868 7866//7866
f 7866//7866 7868//7868 7867//7867
f 7867//7867 7868//7868 7862//7862
f 7869//7869 7875//7875 7870//7870
f 7870//7870 7875//7875 7871//7871
f 7871//7871 7875//7875 7872//7872
f 7872//7872 7875//7875 7873//7873
f 7873//7873 7875//7875 7874//7874
f 7874//7874 7875//7875 7869//7869
f 7876//7876 7882//7882 7877//7877
f 7877//7877 7882//7882 7878//7878
f 7878//7878 7882//7882 7879//7879
f 7879//7879 7882//7882 7880//7880
f 7880//7880 7882//7882 7881//7881
f 7881//7881 7882//7882 7876//7876
f 7883//7883 7889//7889 7884//7884
f 7884//7884 7889//7889 7885//7885
f 7885//7885 7889//7889 7886//7886
f 7886//7886 7889//7889 7887//7887
f 7887//7887 7889//7889 7888//7888
f 7888//7888 7889//7889 7883//7883
f 7890//7890 7896//7896 7891//7891
f 7891//7891 7896//7896 7892//7892
f 7892//7892 7896//7896 7893//7893
f 7893//7893 7896//7896 7894//7894
f 7894//7894 7896//7896 7895//7895
f 7895//7895 7896//7896 7890//7890
f 7897//7897 7903//7903 7898//7898
f 7898//7898 7903//7903 7899//7899
f 7899//7899 7903//7903 7900//7900
f 7900//7900 7903//7903 7901//7901
f 7901//7901 7903//7903 7902//7902
f 7902//7902 7903//7903 7897//7897
f 7904//7904 7910//7910 7905//7905
f 7905//7905 7910//7910 7906//7906
f 7906//7906 7910//7910 7907//7907
f 7907//7907 7910//7910 7908//7908
f 7908//7908 7910//7910 7909//7909
f 7909//7909 7910//7910 7904//7904
f 7911//7911 7917//7917 7912//7912
f 7912//7912 7917//7917 7913//7913
f 7913//7913 7917//7917 7914//7914
f 7914//7914 7917//7917 7915//7915
f 7915//7915 7917//7917 7916//7916
f 7916//7916 7917//7917 7911//7911
f 7918//7918 7924//7924 7919//7919
f 7919//7919 7924//7924 7920//7920
f 7920//7920 7924//7924 7921//7921
f 7921//7921 7924//7924 7922//7922
f 7922//7922 7924//7924 7923//7923
f 7923//7923 7924//7924 7918//7918
f 7925//7925 7931//7931 7926//7926
f 7926//7926 7931//7931 7927//7927
f 7927//7927 7931//7931 7928//7928
f 7928//7928 7931//7931 7929//7929
f 7929//7929 7931//7931 7930//7930
f 7930//7930 7931//7931 7925//7925
f 7932//7932 7938//7938 7933//7933
f 7933//7933 7938//7938 7934//7934
f 7934//7934 7938//7938 7935//7935
f 7935//7935 7938//7938 7936//7936
f 7936//7936 7938//7938 7937//7937
f 7937//7937 7938//7938 7932//7932
f 7939//7939 7945//7945 7940//7940
f 7940//7940 7945//7945 7941//7941
f 7941//7941 7945//7945 7942//7942
f 7942//7942 7945//7945 7943//7943
f 7943//7943 7945//7945 7944//7944
f 7944//7944 7945//7945 7939//7939
f 7946//7946 7952//7952 7947//7947
f 7947//7947 7952//7952 7948//7948
f 7948//7948 7952//7952 7949//7949
f 7949//7949 7952//7952 7950//7950
f 7950//7950 7952//7952 7951//7951
f 7951//7951 7952//7952 7946//7946
f 7953//7953 7959//7959 7954//7954
f 7954//7954 7959//7959 7955//7955
f 7955//7955 7959//7959 7956//7956
f 7956//7956 7959//7959 7957//7957
f 7957//7957 7959//7959 7958//7958
f 7958//7958 7959//7959 7953//7953
f 7960//7960 7966//7966 7961//7961
f 7961//7961 7966//7966 7962//7962
f 7962//7962 7966//7966 7963//7963
f 7963//7963 7966//7966 7964//7964
f 7964//7964 7966//7966 7965//7965
f 7965//7965 7966//7966 7960//7960
f 7967//7967 7973//7973 7968//7968
f 7968//7968 7973//7973 7969//7969
f 7969//7969 7973//7973 7970//7970
f 7970//7970 7973//7973 7971//7971
f 7971//7971 7973//7973 7972//7972
f 7972//7972 7973//7973 7967//7967
f 7974//7974 7980//7980 7975//7975
f 7975//7975 7980//7980 7976//7976
f 7976//7976 7980//7980 7977//7977
f 7977//7977 7980//7980 7978//7978
f 7978//7978 7980//7980 7979//7979
f 7979//7979 7980//7980 7974//7974
f 7981//7981 7987//7987 7982//7982
f 7982//7982 7987//7987 7983//7983
f 7983//7983 7987//7987 7984//7984
f 7984//7984 7987//7987 7985//7985
f 7985//7985 7987//7987 7986//7986
f 7986//7986 7987//7987 7981//7981
f 7988//7988 7994//7994 7989//7989
f 7989//7989 7994//7994 7990//7990
f 7990//7990 7994//7994 7991//7991
f 7991//7991 7994//7994 7992//7992
f 7992//7992 7994//7994 7993//7993
f 7993//7993 7994//7994 7988//7988
f 7995//7995 8001//8001 7996//7996
f 7996//7996 8001//8001 7997//7997
f 7997//7997 8001//8001 7998//7998
f 7998//7998 8001//8001 7999//7999
f 7999//7999 8001//8001 8000//8000
f 8000//8000 8001//8001 7995//7995
f 8002//8002 8008//8008 8003//8003
f 8003//8003 8008//8008 8004//8004
f 8004//8004 8008//8008 8005//8005
f 8005//8005 8008//8008 8006//8006
f 8006//8006 8008//8008 8007//8007
f 8007//8007 8008//8008 8002//8002
f 8009//8009 8015//8015 8010//8010
f 8010//8010 8015//8015 8011//8011
f 8011//8011 8015//8015 8012//8012
f 8012//8012 8015//8015 8013//8013
f 8013//8013 8015//8015 8014//8014
f 8014//8014 8015//8015 8009//8009
f 8016//8016 8022//8022 8017//8017
f 8017//8017 8022//8022 8018//8018
f 8018//8018 8022//8022 8019//8019
f 8019//8019 8022//8022 8020//8020
f 8020//8020 8022//8022 8021//8021
f 8021//8021 8022//8022 8016//8016
f 8023//8023 8029//8029 8024//8024
f 8024//8024 8029//8029 8025//8025
f 8025//8025 8029//8029 8026//8026
f 8026//8026 8029//8029 8027//8027
f 8027//8027 8029//8029 8028//8028
f 8028//8028 8029//8029 8023//8023
f 8030//8030 8036//8036 8031//8031
f 8031//8031 8036//8036 8032//8032
f 8032//8032 8036//8036 8033//8033
f 8033//8033 8036//8036 8034//8034
f 8034//8034 8036//8036 8035//8035
f 8035//8035 8036//8036 8030//8030
f 8037//8037 8043//8043 8038//8038
f 8038//8038 8043//8043 8039//8039
f 8039//8039 8043//8043 8040//8040
f 8040//8040 8043//8043 8041//8041
f 8041//8041 8043//8043 8042//8042
f 8042//8042 8043//8043 8037//8037
f 8044//8044 8050//8050 8045//8045
f 8045//8045 8050//8050 8046//8046
f 8046//8046 8050//8050 8047//8047
f 8047//8047 8050//8050 8048//8048
f 8048//8048 8050//8050 8049//8049
f 8049//8049 8050//8050 8044//8044
f 8051//8051 8057//8057 8052//8052
f 8052//8052 8057//8057 8053//8053
f 8053//8053 8057//8057 8054//8054
f 8054//8054 8057//8057 8055//8055
f 8055//8055 8057//8057 8056//8056
f 8056//8056 8057//8057 8051//8051
f 8058//8058 8064//8064 8059//8059
f 8059//8059 8064//8064 8060//8060
f 8060//8060 8064//8064 8061//8061
f 8061//8061 8064//8064 8062//8062
f 8062//8062 8064//8064 8063//8063
f 8063//8063 8064//8064 8058//8058
f 8065//8065 8071//8071 8066//8066
f 8066//8066 8071//8071 8067//8067
f 8067//8067 8071//8071 8068//8068
f 8068//8068 8071//8071 8069//8069
f 8069//8069 8071//8071 8070//8070
f 8070//8070 8071//8071 8065//8065
f 8072//8072 8078//8078 8073//8073
f 8073//8073 8078//8078 8074//8074
f 8074//8074 8078//8078 8075//8075
f 8075//8075 8078//8078 8076//8076
f 8076//8076 8078//8078 8077//8077
f 8077//8077 8078//8078 8072//8072
f 8079//8079 8085//8085 8080//8080
f 8080//8080 8085//8085 8081//8081
f 8081//8081 8085//8085 8082//8082
f 8082//8082 8085//8085 8083//8083
f 8083//8083 8085//8085 8084//8084
f 8084//8084 8085//8085 8079//8079
f 8086//8086 8092//8092 8087//8087
f 8087//8087 8092//8092 8088//8088
f 8088//8088 8092//8092 8089//8089
f 8089//8089 8092//8092 8090//8090
f 8090//8090 8092//8092 8091//8091
f 8091//8091 8092//8092 8086//8086
f 8093//8093 8099//8099 8094//8094
f 8094//8094 8099//8099 8095//8095
f 8095//8095 8099//8099 8096//8096
f 8096//8096 8099//8099 8097//8097
f 8097//8097 8099//8099 8098//8098
f 8098//8098 8099//8099 8093//8093
f 8100//8100 8106//8106 8101//8101
f 8101//8101 8106//8106 8102//8102
f 8102//8102 8106//8106 8103//8103
f 8103//8103 8106//8106 8104//8104
f 8104//8104 8106//8106 8105//8105
f 8105//8105 8106//8106 8100//8100
f 8107//8107 8113//8113 8108//8108
f 8108//8108 8113//8113 8109//8109
f 8109//8109 8113//8113 8110//8110
f 8110//8110 8113//8113 8111//8111
f 8111//8111 8113//8113 8112//8112
f 8112//8112 8113//8113 8107//8107
f 8114//8114 8120//8120 8115//8115
f 8115//8115 8120//8120 8116//8116
f 8116//8116 8120//8120 8117//8117
f 8117//8117 8120//8120 8118//8118
f 8118//8118 8120//8120 8119//8119
f 8119//8119 8120//8120 8114//8114
f 8121//8121 8127//8127 8122//8122
f 8122//8122 8127//8127 8123//8123
f 8123//8123 8127//8127 8124//8124
f 8124//8124 8127//8127 8125//8125
f 8125//8125 8127//8127 8126//8126
f 8126//8126 8127//8127 8121//8121
f 8128//8128 8134//8134 8129//8129
f 8129//8129 8134//8134 8130//8130
f 8130//8130 8134//8134 8131//8131
f 8131//8131 8134//8134 8132//8132
f 8132//8132 8134//8134 8133//8133
f 8133//8133 8134//8134 8128//8128
f 8135//8135 8141//8141 8136//8136
f 8136//8136 8141//8141 8137//8137
f 8137//8137 8141//8141 8138//8138
f 8138//8138 8141//8141 8139//8139
f 8139//8139 8141//8141 8140//8140
f 8140//8140 8141//8141 8135//8135
f 8142//8142 8148//8148 8143//8143
f 8143//8143 8148//8148 8144//8144
f 8144//8144 8148//8148 8145//8145
f 8145//8145 8148//8148 8146//8146
f 8146//8146 8148//8148 8147//8147
f 8147//8147 8148//8148 8142//8142
f 8149//8149 8155//8155 8150//8150
f 8150//8150 8155//8155 8151//8151
f 8151//8151 8155//8155 8152//8152
f 8152//8152 8155//8155 8153//8153
f 8153//8153 8155//8155 8154//8154
f 8154//8154 8155//8155 8149//8149
f 8156//8156 8162//8162 8157//8157
f 8157//8157 8162//8162 8158//8158
f 8158//8158 8162//8162 8159//8159
f 8159//8159 8162//8162 8160//8160
f 8160//8160 8162//8162 8161//8161
f 8161//8161 8162//8162 8156//8156
f 8163//8163 8169//8169 8164//8164
f 8164//8164 8169//8169 8165//8165
f 8165//8165 8169//8169 8166//8166
f 8166//8166 8169//8169 8167//8167
f 8167//8167 8169//8169 8168//8168
f 8168//8168 8169//8169 8163//8163
f 8170//8170 8176//8176 8171//8171
f 8171//8171 8176//8176 8172//8172
f 8172//8172 8176//8176 8173//8173
f 8173//8173 8176//8176 8174//8174
f 8174//8174 8176//8176 8175//8175
f 8175//8175 8176//8176 8170//8170
f 8177//8177 8183//8183 8178//8178
f 8178//8178 8183//8183 8179//8179
f 8179//8179 8183//8183 8180//8180
f 8180//8180 8183//8183 8181//8181
f 8181//8181 8183//8183 8182//8182
f 8182//8182 8183//8183 8177//8177
f 8184//8184 8190//8190 8185//8185
f 8185//8185 8190//8190 8186//8186
f 8186//8186 8190//8190 8187//8187
f 8187//8187 8190//8190 8188//8188
f 8188//8188 8190//8190 8189//8189
f 8189//8189 8190//8190 8184//8184
f 8191//8191 8197//8197 8192//8192
f 8192//8192 8197//8197 8193//8193
f 8193//8193 8197//8197 8194//8194
f 8194//8194 8197//8197 8195//8195
f 8195//8195 8197//8197 8196//8196
f 8196//8196 8197//8197 8191//8191
f 8198//8198 8204//8204 8199//8199
f 8199//8199 8204//8204 8200//8200
f 8200//8200 8204//8204 8201//8201
f 8201//8201 8204//8204 8202//8202
f 8202//8202 8204//8204 8203//8203
f 8203//8203 8204//8204 8198//8198
f 8205//8205 8211//8211 8206//8206
f 8206//8206 8211//8211 8207//8207
f 8207//8207 8211//8211 8208//8208
f 8208//8208 8211//8211 8209//8209
f 8209//8209 8211//8211 8210//8210
f 8210//8210 8211//8211 8205//8205
f 8212//8212 8218//8218 8213//8213
f 8213//8213 8218//8218 8214//8214
f 8214//8214 8218//8218 8215//8215
f 8215//8215 8218//8218 8216//8216
f 8216//8216 8218//8218 8217//8217
f 8217//8217 8218//8218 8212//8212
f 8219//8219 8225//8225 8220//8220
f 8220//8220 8225//8225 8221//8221
f 8221//8221 8225//8225 8222//8222
f 8222//8222 8225//8225 8223//8223
f 8223//8223 8225//8225 8224//8224
f 8224//8224 8225//8225 8219//8219
f 8226//8226 8232//8232 8227//8227
f 8227//8227 8232//8232 8228//8228
f 8228//8228 8232//8232 8229//8229
f 8229//8229 8232//8232 8230//8230
f 8230//8230 8232//8232 8231//8231
f 8231//8231 8232//8232 8226//8226
f 8233//8233 8239//8239 8234//8234
f 8234//8234 8239//8239 8235//8235
f 8235//8235 8239//8239 8236//8236
f 8236//8236 8239//8239 8237//8237
f 8237//8237 8239//8239 8238//8238
f 8238//8238 8239//8239 8233//8233
f 8240//8240 8246//8246 8241//8241
f 8241//8241 8246//8246 8242//8242
f 8242//8242 8246//8246 8243//8243
f 8243//8243 8246//8246 8244//8244
f 8244//8244 8246//8246 8245//8245
f 8245//8245 8246//8246 8240//8240
f 8247//8247 8253//8253 8248//8248
f 8248//8248 8253//8253 8249//8249
f 8249//8249 8253//8253 8250//8250
f 8250//8250 8253//8253 8251//8251
f 8251//8251 8253//8253 8252//8252
f 8252//8252 8253//8253 8247//8247
f 8254//8254 8260//8260 8255//8255
f 8255//8255 8260//8260 8256//8256
f 8256//8256 8260//8260 8257//8257
f 8257//8257 8260//8260 8258//8258
f 8258//8258 8260//8260 8259//8259
f 8259//8259 8260//8260 8254//8254
f 8261//8261 8267//8267 8262//8262
f 8262//8262 8267//8267 8263//8263
f 8263//8263 8267//8267 8264//8264
f 8264//8264 8267//8267 8265//8265
f 8265//8265 8267//8267 8266//8266
f 8266//8266 8267//8267 8261//8261
f 8268//8268 8274//8274 8269//8269
f 8269//8269 8274//8274 8270//8270
f 8270//8270 8274//8274 8271//8271
f 8271//8271 8274//8274 8272//8272
f 8272//8272 8274//8274 8273//8273
f 8273//8273 8274//8274 8268//8268
f 8275//8275 8281//8281 8276//8276
f 8276//8276 8281//8281 8277//8277
f 8277//8277 8281//8281 8278//8278
f 8278//8278 8281//8281 8279//8279
f 8279//8279 8281//8281 8280//8280
f 8280//8280 8281//8281 8275//8275
f 8282//8282 8288//8288 8283//8283
f 8283//8283 8288//8288 8284//8284
f 8284//8284 8288//8288 8285//8285
f 8285//8285 8288//8288 8286//8286
f 8286//8286 8288//8288 8287//8287
f 8287//8287 8288//8288 8282//8282
f 8289//8289 8295//8295 8290//8290
f 8290//8290 8295//8295 8291//8291
f 8291//8291 8295//8295 8292//8292
f 8292//8292 8295//8295 8293//8293
f 8293//8293 8295//8295 8294//8294
f 8294//8294 8295//8295 8289//8289
f 8296//8296 8302//8302 8297//8297
f 8297//8297 8302//8302 8298//8298
f 8298//8298 8302//8302 8299//8299
f 8299//8299 8302//8302 8300//8300
f 8300//8300 8302//8302 8301//8301
f 8301//8301 8302//8302 8296//8296
f 8303//8303 8309//8309 8304//8304
f 8304//8304 8309//8309 8305//8305
f 8305//8305 8309//8309 8306//8306
f 8306//8306 8309//8309 8307//8307
f 8307//8307 8309//8309 8308//8308
f 8308//8308 8309//8309 8303//8303
f 8310//8310 8316//8316 8311//8311
f 8311//8311 8316//8316 8312//8312
f 8312//8312 8316//8316 8313//8313
f 8313//8313 8316//8316 8314//8314
f 8314//8314 8316//8316 8315//8315
f 8315//8315 8316//8316 8310//8310
f 8317//8317 8323//8323 8318//8318
f 8318//8318 8323//8323 8319//8319
f 8319//8319 8323//8323 8320//8320
f 8320//8320 8323//8323 8321//8321
f 8321//8321 8323//8323 8322//8322
f 8322//8322 8323//8323 8317//8317
f 8324//8324 8330//8330 8325//8325
f 8325//8325 8330//8330 8326//8326
f 8326//8326 8330//8330 8327//8327
f 8327//8327 8330//8330 8328//8328
f 8328//8328 8330//8330 8329//8329
f 8329//8329 8330//8330 8324//8324
f 8331//8331 8337//8337 8332//8332
f 8332//8332 8337//8337 8333//8333
f 8333//8333 8337//8337 8334//8334
f 8334//8334 8337//8337 8335//8335
f 8335//8335 8337//8337 8336//8336
f 8336//8336 8337//8337 8331//8331
f 8338//8338 8344//8344 8339//8339
f 8339//8339 8344//8344 8340//8340
f 8340//8340 8344//8344 8341//8341
f 8341//8341 8344//8344 8342//8342
f 8342//8342 8344//8344 8343//8343
f 8343//8343 8344//8344 8338//8338
f 8345//8345 8351//8351 8346//8346
f 8346//8346 8351//8351 8347//8347
f 8347//8347 8351//8351 8348//8348
f 8348//8348 8351//8351 8349//8349
f 8349//8349 8351//8351 8350//8350
f 8350//8350 8351//8351 8345//8345
f 8352//8352 8358//8358 8353//8353
f 8353//8353 8358//8358 8354//8354
f 8354//8354 8358//8358 8355//8355
f 8355//8355 8358//8358 8356//8356
f 8356//8356 8358//8358 8357//8357
f 8357//8357 8358//8358 8352//8352
f 8359//8359 8365//8365 8360//8360
f 8360//8360 8365//8365 8361//8361
f 8361//8361 8365//8365 8362//8362
f 8362//8362 8365//8365 8363//8363
f 8363//8363 8365//8365 8364//8364
f 8364//8364 8365//8365 8359//8359
f 8366//8366 8372//8372 8367//8367
f 8367//8367 8372//8372 8368//8368
f 8368//8368 8372//8372 8369//8369
f 8369//8369 8372//8372 8370//8370
f 8370//8370 8372//8372 8371//8371
f 8371//8371 8372//8372 8366//8366
f 8373//8373 8379//8379 8374//8374
f 8374//8374 8379//8379 8375//8375
f 8375//8375 8379//8379 8376//8376
f 8376//8376 8379//8379 8377//8377
f 8377//8377 8379//8379 8378//8378
f 8378//8378 8379//8379 8373//8373
f 8380//8380 8386//8386 8381//8381
f 8381//8381 8386//8386 8382//8382
f 8382//8382 8386//8386 8383//8383
f 8383//8383 8386//8386 8384//8384
f 8384//8384 8386//8386 8385//8385
f 8385//8385 8386//8386 8380//8380
f 8387//8387 8393//8393 8388//8388
f 8388//8388 8393//8393 8389//8389
f 8389//8389 8393//8393 8390//8390
f 8390//8390 8393//8393 8391//8391
f 8391//8391 8393//8393 8392//8392
f 8392//8392 8393//8393 8387//8387
f 8394//8394 8400//8400 8395//8395
f 8395//8395 8400//8400 8396//8396
f 8396//8396 8400//8400 8397//8397
f 8397//8397 8400//8400 8398//8398
f 8398//8398 8400//8400 8399//8399
f 8399//8399 8400//8400 8394//8394
f 8401//8401 8407//8407 8402//8402
f 8402//8402 8407//8407 8403//8403
f 8403//8403 8407//8407 8404//8404
f 8404//8404 8407//8407 8405//8405
f 8405//8405 8407//8407 8406//8406
f 8406//8406 8407//8407 8401//8401
f 8408//8408 8414//8414 8409//8409
f 8409//8409 8414//8414 8410//8410
f 8410//8410 8414//8414 8411//8411
f 8411//8411 8414//8414 8412//8412
f 8412//8412 8414//8414 8413//8413
f 8413//8413 8414//8414 8408//8408
f 8415//8415 8421//8421 8416//8416
f 8416//8416 8421//8421 8417//8417
f 8417//8417 8421//8421 8418//8418
f 8418//8418 8421//8421 8419//8419
f 8419//8419 8421//8421 8420//8420
f 8420//8420 8421//8421 8415//8415
f 8422//8422 8428//8428 8423//8423
f 8423//8423 8428//8428 8424//8424
f 8424//8424 8428//8428 8425//8425
f 8425//8425 8428//8428 8426//8426
f 8426//8426 8428//8428 8427//8427
f 8427//8427 8428//8428 8422//8422
f 8429//8429 8435//8435 8430//8430
f 8430//8430 8435//8435 8431//8431
f 8431//8431 8435//8435 8432//8432
f 8432//8432 8435//8435 8433//8433
f 8433//8433 8435//8435 8434//8434
f 8434//8434 8435//8435 8429//8429
f 8436//8436 8442//8442 8437//8437
f 8437//8437 8442//8442 8438//8438
f 8438//8438 8442//8442 8439//8439
f 8439//8439 8442//8442 8440//8440
f 8440//8440 8442//8442 8441//8441
f 8441//8441 8442//8442 8436//8436
f 8443//8443 8449//8449 8444//8444
f 8444//8444 8449//8449 8445//8445
f 8445//8445 8449//8449 8446//8446
f 8446//8446 8449//8449 8447//8447
f 8447//8447 8449//8449 8448//8448
f 8448//8448 8449//8449 8443//8443
f 8450//8450 8456//8456 8451//8451
f 8451//8451 8456//8456 8452//8452
f 8452//8452 8456//8456 8453//8453
f 8453//8453 8456//8456 8454//8454
f 8454//8454 8456//8456 8455//8455
f 8455//8455 8456//8456 8450//8450
f 8457//8457 8463//8463 8458//8458
f 8458//8458 8463//8463 8459//8459
f 8459//8459 8463//8463 8460//8460
f 8460//8460 8463//8463 8461//8461
f 8461//8461 8463//8463 8462//8462
f 8462//8462 8463//8463 8457//8457
f 8464//8464 8470//8470 8465//8465
f 8465//8465 8470//8470 8466//8466
f 8466//8466 8470//8470 8467//8467
f 8467//8467 8470//8470 8468//8468
f 8468//8468 8470//8470 8469//8469
f 8469//8469 8470//8470 8464//8464
f 8471//8471 8477//8477 8472//8472
f 8472//8472 8477//8477 8473//8473
f 8473//8473 8477//8477 8474//8474
f 8474//8474 8477//8477 8475//8475
f 8475//8475 8477//8477 8476//8476
f 8476//8476 8477//8477 8471//8471
f 8478//8478 8484//8484 8479//8479
f 8479//8479 8484//8484 8480//8480
f 8480//8480 8484//8484 8481//8481
f 8481//8481 8484//8484 8482//8482
f 8482//8482 8484//8484 8483//8483
f 8483//8483 8484//8484 8478//8478
f 8485//8485 8491//8491 8486//8486
f 8486//8486 8491//8491 8487//8487
f 8487//8487 8491//8491 8488//8488
f 8488//8488 8491//8491 8489//8489
f 8489//8489 8491//8491 8490//8490
f 8490//8490 8491//8491 8485//8485
f 8492//8492 8498//8498 8493//8493
f 8493//8493 8498//8498 8494//8494
f 8494//8494 8498//8498 8495//8495
f 8495//8495 8498//8498 8496//8496
f 8496//8496 8498//8498 8497//8497
f 8497//8497 8498//8498 8492//8492
f 8499//8499 8505//8505 8500//8500
f 8500//8500 8505//8505 8501//8501
f 8501//8501 8505//8505 8502//8502
f 8502//8502 8505//8505 8503//8503
f 8503//8503 8505//8505 8504//8504
f 8504//8504 8505//8505 8499//8499
f 8506//8506 8512//8512 8507//8507
f 8507//8507 8512//8512 8508//8508
f 8508//8508 8512//8512 8509//8509
f 8509//8509 8512//8512 8510//8510
f 8510//8510 8512//8512 8511//8511
f 8511//8511 8512//8512 8506//8506
f 8513//8513 8519//8519 8514//8514
f 8514//8514 8519//8519 8515//8515
f 8515//8515 8519//8519 8516//8516
f 8516//8516 8519//8519 8517//8517
f 8517//8517 8519//8519 8518//8518
f 8518//8518 8519//8519 8513//8513
f 8520//8520 8526//8526 8521//8521
f 8521//8521 8526//8526 8522//8522
f 8522//8522 8526//8526 8523//8523
f 8523//8523 8526//8526 8524//8524
f 8524//8524 8526//8526 8525//8525
f 8525//8525 8526//8526 8520//8520
f 8527//8527 8533//8533 8528//8528
f 8528//8528 8533//8533 8529//8529
f 8529//8529 8533//8533 8530//8530
f 8530//8530 8533//8533 8531//8531
f 8531//8531 8533//8533 8532//8532
f 8532//8532 8533//8533 8527//8527
f 8534//8534 8540//8540 8535//8535
f 8535//8535 8540//8540 8536//8536
f 8536//8536 8540//8540 8537//8537
f 8537//8537 8540//8540 8538//8538
f 8538//8538 8540//8540 8539//8539
f 8539//8539 8540//8540 8534//8534
f 8541//8541 8547//8547 8542//8542
f 8542//8542 8547//8547 8543//8543
f 8543//8543 8547//8547 8544//8544
f 8544//8544 8547//8547 8545//8545
f 8545//8545 8547//8547 8546//8546
f 8546//8546 8547//8547 8541//8541
f 8548//8548 8554//8554 8549//8549
f 8549//8549 8554//8554 8550//8550
f 8550//8550 8554//8554 8551//8551
f 8551//8551 8554//8554 8552//8552
f 8552//8552 8554//8554 8553//8553
f 8553//8553 8554//8554 8548//8548
f 8555//8555 8561//8561 8556//8556
f 8556//8556 8561//8561 8557//8557
f 8557//8557 8561//8561 8558//8558
f 8558//8558 8561//8561 8559//8559
f 8559//8559 8561//8561 8560//8560
f 8560//8560 8561//8561 8555//8555
f 8562//8562 8568//8568 8563//8563
f 8563//8563 8568//8568 8564//8564
f 8564//8564 8568//8568 8565//8565
f 8565//8565 8568//8568 8566//8566
f 8566//8566 8568//8568 8567//8567
f 8567//8567 8568//8568 8562//8562
f 8569//8569 8575//8575 8570//8570
f 8570//8570 8575//8575 8571//8571
f 8571//8571 8575//8575 8572//8572
f 8572//8572 8575//8575 8573//8573
f 8573//8573 8575//8575 8574//8574
f 8574//8574 8575//8575 8569//8569
f 8576//8576 8582//8582 8577//8577
f 8577//8577 8582//8582 8578//8578
f 8578//8578 8582//8582 8579//8579
f 8579//8579 8582//8582 8580//8580
f 8580//8580 8582//8582 8581//8581
f 8581//8581 8582//8582 8576//8576
f 8583//8583 8589//8589 8584//8584
f 8584//8584 8589//8589 8585//8585
f 8585//8585 8589//8589 8586//8586
f 8586//8586 8589//8589 8587//8587
f 8587//8587 8589//8589 8588//8588
f 8588//8588 8589//8589 8583//8583
f 8590//8590 8596//8596 8591//8591
f 8591//8591 8596//8596 8592//8592
f 8592//8592 8596//8596 8593//8593
f 8593//8593 8596//8596 8594//8594
f 8594//8594 8596//8596 8595//8595
f 8595//8595 8596//8596 8590//8590
f 8597//8597 8603//8603 8598//8598
f 8598//8598 8603//8603 8599//8599
f 8599//8599 8603//8603 8600//8600
f 8600//8600 8603//8603 8601//8601
f 8601//8601 8603//8603 8602//8602
f 8602//8602 8603//8603 8597//8597
f 8604//8604 8610//8610 8605//8605
f 8605//8605 8610//8610 8606//8606
f 8606//8606 8610//8610 8607//8607
f 8607//8607 8610//8610 8608//8608
f 8608//8608 8610//8610 8609//8609
f 8609//8609 8610//8610 8604//8604
f 8611//8611 8617//8617 8612//8612
f 8612//8612 8617//8617 8613//8613
f 8613//8613 8617//8617 8614//8614
f 8614//8614 8617//8617 8615//8615
f 8615//8615 8617//8617 8616//8616
f 8616//8616 8617//8617 8611//8611
f 8618//8618 8624//8624 8619//8619
f 8619//8619 8624//8624 8620//8620
f 8620//8620 8624//8624 8621//8621
f 8621//8621 8624//8624 8622//8622
f 8622//8622 8624//8624 8623//8623
f 8623//8623 8624//8624 8618//8618
f 8625//8625 8631//8631 8626//8626
f 8626//8626 8631//8631 8627//8627
f 8627//8627 8631//8631 8628//8628
f 8628//8628 8631//8631 8629//8629
f 8629//8629 8631//8631 8630//8630
f 8630//8630 8631//8631 8625//8625
f 8632//8632 8638//8638 8633//8633
f 8633//8633 8638//8638 8634//8634
f 8634//8634 8638//8638 8635//8635
f 8635//8635 8638//8638 8636//8636
f 8636//8636 8638//8638 8637//8637
f 8637//8637 8638//8638 8632//8632
f 8639//8639 8645//8645 8640//8640
f 8640//8640 8645//8645 8641//8641
f 8641//8641 8645//8645 8642//8642
f 8642//8642 8645//8645 8643//8643
f 8643//8643 8645//8645 8644//8644
f 8644//8644 8645//8645 8639//8639
f 8646//8646 8652//8652 8647//8647
f 8647//8647 8652//8652 8648//8648
f 8648//8648 8652//8652 8649//8649
f 8649//8649 8652//8652 8650//8650
f 8650//8650 8652//8652 8651//8651
f 8651//8651 8652//8652 8646//8646
f 8653//8653 8659//8659 8654//8654
f 8654//8654 8659//8659 8655//8655
f 8655//8655 8659//8659 8656//8656
f 8656//8656 8659//8659 8657//8657
f 8657//8657 8659//8659 8658//8658
f 8658//8658 8659//8659 8653//8653
f 8660//8660 8666//8666 8661//8661
f 8661//8661 8666//8666 8662//8662
f 8662//8662 8666//8666 8663//8663
f 8663//8663 8666//8666 8664//8664
f 8664//8664 8666//8666 8665//8665
f 8665//8665 8666//8666 8660//8660
f 8667//8667 8673//8673 8668//8668
f 8668//8668 8673//8673 8669//8669
f 8669//8669 8673//8673 8670//8670
f 8670//8670 8673//8673 8671//8671
f 8671//8671 8673//8673 8672//8672
f 8672//8672 8673//8673 8667//8667
f 8674//8674 8680//8680 8675//8675
f 8675//8675 8680//8680 8676//8676
f 8676//8676 8680//8680 8677//8677
f 8677//8677 8680//8680 8678//8678
f 8678//8678 8680//8680 8679//8679
f 8679//8679 8680//8680 8674//8674
f 8681//8681 8687//8687 8682//8682
f 8682//8682 8687//8687 8683//8683
f 8683//8683 8687//8687 8684//8684
f 8684//8684 8687//8687 8685//8685
f 8685//8685 8687//8687 8686//8686
f 8686//8686 8687//8687 8681//8681
f 8688//8688 8694//8694 8689//8689
f 8689//8689 8694//8694 8690//8690
f 8690//8690 8694//8694 8691//8691
f 8691//8691 8694//8694 8692//8692
f 8692//8692 8694//8694 8693//8693
f 8693//8693 8694//8694 8688//8688
f 8695//8695 8701//8701 8696//8696
f 8696//8696 8701//8701 8697//8697
f 8697//8697 8701//8701 8698//8698
f 8698//8698 8701//8701 8699//8699
f 8699//8699 8701//8701 8700//8700
f 8700//8700 8701//8701 8695//8695
f 8702//8702 8708//8708 8703//8703
f 8703//8703 8708//8708 8704//8704
f 8704//8704 8708//8708 8705//8705
f 8705//8705 8708//8708 8706//8706
f 8706//8706 8708//8708 8707//8707
f 8707//8707 8708//8708 8702//8702
f 8709//8709 8715//8715 8710//8710
f 8710//8710 8715//8715 8711//8711
f 8711//8711 8715//8715 8712//8712
f 8712//8712 8715//8715 8713//8713
f 8713//8713 8715//8715 8714//8714
f 8714//8714 8715//8715 8709//8709
f 8716//8716 8722//8722 8717//8717
f 8717//8717 8722//8722 8718//8718
f 8718//8718 8722//8722 8719//8719
f 8719//8719 8722//8722 8720//8720
f 8720//8720 8722//8722 8721//8721
f 8721//8721 8722//8722 8716//8716
f 8723//8723 8729//8729 8724//8724
f 8724//8724 8729//8729 8725//8725
f 8725//8725 8729//8729 8726//8726
f 8726//8726 8729//8729 8727//8727
f 8727//8727 8729//8729 8728//8728
f 8728//8728 8729//8729 8723//8723
f 8730//8730 8736//8736 8731//8731
f 8731//8731 8736//8736 8732//8732
f 8732//8732 8736//8736 8733//8733
f 8733//8733 8736//8736 8734//8734
f 8734//8734 8736//8736 8735//8735
f 8735//8735 8736//8736 8730//8730
f 8737//8737 8743//8743 8738//8738
f 8738//8738 8743//8743 8739//8739
f 8739//8739 8743//8743 8740//8740
f 8740//8740 8743//8743 8741//8741
f 8741//8741 8743//8743 8742//8742
f 8742//8742 8743//8743 8737//8737
f 8744//8744 8750//8750 8745//8745
f 8745//8745 8750//8750 8746//8746
f 8746//8746 8750//8750 8747//8747
f 8747//8747 8750//8750 8748//8748
f 8748//8748 8750//8750 8749//8749
f 8749//8749 8750//8750 8744//8744
f 8751//8751 8757//8757 8752//8752
f 8752//8752 8757//8757 8753//8753
f 8753//8753 8757//8757 8754//8754
f 8754//8754 8757//8757 8755//8755
f 8755//8755 8757//8757 8756//8756
f 8756//8756 8757//8757 8751//8751
f 8758//8758 8764//8764 8759//8759
f 8759//8759 8764//8764 8760//8760
f 8760//8760 8764//8764 8761//8761
f 8761//8761 8764//8764 8762//8762
f 8762//8762 8764//8764 8763//8763
f 8763//8763 8764//8764 8758//8758
f 8765//8765 8771//8771 8766//8766
f 8766//8766 8771//8771 8767//8767
f 8767//8767 8771//8771 8768//8768
f 8768//8768 8771//8771 8769//8769
f 8769//8769 8771//8771 8770//8770
f 8770//8770 8771//8771 8765//8765
f 8772//8772 8778//8778 8773//8773
f 8773//8773 8778//8778 8774//8774
f 8774//8774 8778//8778 8775//8775
f 8775//8775 8778//8778 8776//8776
f 8776//8776 8778//8778 8777//8777
f 8777//8777 8778//8778 8772//8772
f 8779//8779 8785//8785 8780//8780
f 8780//8780 8785//8785 8781//8781
f 8781//8781 8785//8785 8782//8782
f 8782//8782 8785//8785 8783//8783
f 8783//8783 8785//8785 8784//8784
f 8784//8784 8785//8785 8779//8779
f 8786//8786 8792//8792 8787//8787
f 8787//8787 8792//8792 8788//8788
f 8788//8788 8792//8792 8789//8789
f 8789//8789 8792//8792 8790//8790
f 8790//8790 8792//8792 8791//8791
f 8791//8791 8792//8792 8786//8786
f 8793//8793 8799//8799 8794//8794
f 8794//8794 8799//8799 8795//8795
f 8795//8795 8799//8799 8796//8796
f 8796//8796 8799//8799 8797//8797
f 8797//8797 8799//8799 8798//8798
f 8798//8798 8799//8799 8793//8793
f 8800//8800 8806//8806 8801//8801
f 8801//8801 8806//8806 8802//8802
f 8802//8802 8806//8806 8803//8803
f 8803//8803 8806//8806 8804//8804
f 8804//8804 8806//8806 8805//8805
f 8805//8805 8806//8806 8800//8800
f 8807//8807 8813//8813 8808//8808
f 8808//8808 8813//8813 8809//8809
f 8809//8809 8813//8813 8810//8810
f 8810//8810 8813//8813 8811//8811
f 8811//8811 8813//8813 8812//8812
f 8812//8812 8813//8813 8807//8807
f 8814//8814 8820//8820 8815//8815
f 8815//8815 8820//8820 8816//8816
f 8816//8816 8820//8820 8817//8817
f 8817//8817 8820//8820 8818//8818
f 8818//8818 8820//8820 8819//8819
f 8819//8819 8820//8820 8814//8814
f 8821//8821 8827//8827 8822//8822
f 8822//8822 8827//8827 8823//8823
f 8823//8823 8827//8827 8824//8824
f 8824//8824 8827//8827 8825//8825
f 8825//8825 8827//8827 8826//8826
f 8826//8826 8827//8827 8821//8821
f 8828//8828 8834//8834 8829//8829
f 8829//8829 8834//8834 8830//8830
f 8830//8830 8834//8834 8831//8831
f 8831//8831 8834//8834 8832//8832
f 8832//8832 8834//8834 8833//8833
f 8833//8833 8834//8834 8828//8828
f 8835//8835 8841//8841 8836//8836
f 8836//8836 8841//8841 8837//8837
f 8837//8837 8841//8841 8838//8838
f 8838//8838 8841//8841 8839//8839
f 8839//8839 8841//8841 8840//8840
f 8840//8840 8841//8841 8835//8835
f 8842//8842 8848//8848 8843//8843
f 8843//8843 8848//8848 8844//8844
f 8844//8844 8848//8848 8845//8845
f 8845//8845 8848//8848 8846//8846
f 8846//8846 8848//8848 8847//8847
f 8847//8847 8848//8848 8842//8842
f 8849//8849 8855//8855 8850//8850
f 8850//8850 8855//8855 8851//8851
f 8851//8851 8855//8855 8852//8852
f 8852//8852 8855//8855 8853//8853
f 8853//8853 8855//8855 8854//8854
f 8854//8854 8855//8855 8849//8849
f 8856//8856 8862//8862 8857//8857
f 8857//8857 8862//8862 8858//8858
f 8858//8858 8862//8862 8859//8859
f 8859//8859 8862//8862 8860//8860
f 8860//8860 8862//8862 8861//8861
f 8861//8861 8862//8862 8856//8856
f 8863//8863 8869//8869 8864//8864
f 8864//8864 8869//8869 8865//8865
f 8865//8865 8869//8869 8866//8866
f 8866//8866 8869//8869 8867//8867
f 8867//8867 8869//8869 8868//8868
f 8868//8868 8869//8869 8863//8863
f 8870//8870 8876//8876 8871//8871
f 8871//8871 8876//8876 8872//8872
f 8872//8872 8876//8876 8873//8873
f 8873//8873 8876//8876 8874//8874
f 8874//8874 8876//8876 8875//8875
f 8875//8875 8876//8876 8870//8870
f 8877//8877 8883//8883 8878//8878
f 8878//8878 8883//8883 8879//8879
f 8879//8879 8883//8883 8880//8880
f 8880//8880 8883//8883 8881//8881
f 8881//8881 8883//8883 8882//8882
f 8882//8882 8883//8883 8877//8877
f 8884//8884 8890//8890 8885//8885
f 8885//8885 8890//8890 8886//8886
f 8886//8886 8890//8890 8887//8887
f 8887//8887 8890//8890 8888//8888
f 8888//8888 8890//8890 8889//8889
f 8889//8889 8890//8890 8884//8884
f 8891//8891 8897//8897 8892//8892
f 8892//8892 8897//8897 8893//8893
f 8893//8893 8897//8897 8894//8894
f 8894//8894 8897//8897 8895//8895
f 8895//8895 8897//8897 8896//8896
f 8896//8896 8897//8897 8891//8891
f 8898//8898 8904//8904 8899//8899
f 8899//8899 8904//8904 8900//8900
f 8900//8900 8904//8904 8901//8901
f 8901//8901 8904//8904 8902//8902
f 8902//8902 8904//8904 8903//8903
f 8903//8903 8904//8904 8898//8898
f 8905//8905 8911//8911 8906//8906
f 8906//8906 8911//8911 8907//8907
f 8907//8907 8911//8911 8908//8908
f 8908//8908 8911//8911 8909//8909
f 8909//8909 8911//8911 8910//8910
f 8910//8910 8911//8911 8905//8905
f 8912//8912 8918//8918 8913//8913
f 8913//8913 8918//8918 8914//8914
f 8914//8914 8918//8918 8915//8915
f 8915//8915 8918//8918 8916//8916
f 8916//8916 8918//8918 8917//8917
f 8917//8917 8918//8918 8912//8912
f 8919//8919 8925//8925 8920//8920
f 8920//8920 8925//8925 8921//8921
f 8921//8921 8925//8925 8922//8922
f 8922//8922 8925//8925 8923//8923
f 8923//8923 8925//8925 8924//8924
f 8924//8924 8925//8925 8919//8919
f 8926//8926 8932//8932 8927//8927
f 8927//8927 8932//8932 8928//8928
f 8928//8928 8932//8932 8929//8929
f 8929//8929 8932//8932 8930//8930
f 8930//8930 8932//8932 8931//8931
f 8931//8931 8932//8932 8926//8926
f 8933//8933 8939//8939 8934//8934
f 8934//8934 8939//8939 8935//8935
f 8935//8935 8939//8939 8936//8936
f 8936//8936 8939//8939 8937//8937
f 8937//8937 8939//8939 8938//8938
f 8938//8938 8939//8939 8933//8933
f 8940//8940 8946//8946 8941//8941
f 8941//8941 8946//8946 8942//8942
f 8942//8942 8946//8946 8943//8943
f 8943//8943 8946//8946 8944//8944
f 8944//8944 8946//8946 8945//8945
f 8945//8945 8946//8946 8940//8940
f 8947//8947 8953//8953 8948//8948
f 8948//8948 8953//8953 8949//8949
f 8949//8949 8953//8953 8950//8950
f 8950//8950 8953//8953 8951//8951
f 8951//8951 8953//8953 8952//8952
f 8952//8952 8953//8953 8947//8947
f 8954//8954 8960//8960 8955//8955
f 8955//8955 8960//8960 8956//8956
f 8956//8956 8960//8960 8957//8957
f 8957//8957 8960//8960 8958//8958
f 8958//8958 8960//8960 8959//8959
f 8959//8959 8960//8960 8954//8954
f 8961//8961 8967//8967 8962//8962
f 8962//8962 8967//8967 8963//8963
f 8963//8963 8967//8967 8964//8964
f 8964//8964 8967//8967 8965//8965
f 8965//8965 8967//8967 8966//8966
f 8966//8966 8967//8967 8961//8961
f 8968//8968 8974//8974 8969//8969
f 8969//8969 8974//8974 8970//8970
f 8970//8970 8974//8974 8971//8971
f 8971//8971 8974//8974 8972//8972
f 8972//8972 8974//8974 8973//8973
f 8973//8973 8974//8974 8968//8968
f 8975//8975 8981//8981 8976//8976
f 8976//8976 8981//8981 8977//8977
f 8977//8977 8981//8981 8978//8978
f 8978//8978 8981//8981 8979//8979
f 8979//8979 8981//8981 8980//8980
f 8980//8980 8981//8981 8975//8975
f 8982//8982 8988//8988 8983//8983
f 8983//8983 8988//8988 8984//8984
f 8984//8984 8988//8988 8985//8985
f 8985//8985 8988//8988 8986//8986
f 8986//8986 8988//8988 8987//8987
f 8987//8987 8988//8988 8982//8982
f 8989//8989 8995//8995 8990//8990
f 8990//8990 8995//8995 8991//8991
f 8991//8991 8995//8995 8992//8992
f 8992//8992 8995//8995 8993//8993
f 8993//8993 8995//8995 8994//8994
f 8994//8994 8995//8995 8989//8989
f 8996//8996 9002//9002 8997//8997
f 8997//8997 9002//9002 8998//8998
f 8998//8998 9002//9002 8999//8999
f 8999//8999 9002//9002 9000//9000
f 9000//9000 9002//9002 9001//9001
f 9001//9001 9002//9002 8996//8996
f 9003//9003 9009//9009 9004//9004
f 9004//9004 9009//9009 9005//9005
f 9005//9005 9009//9009 9006//9006
f 9006//9006 9009//9009 9007//9007
f 9007//9007 9009//9009 9008//9008
f 9008//9008 9009//9009 9003//9003
f 9010//9010 9016//9016 9011//9011
f 9011//9011 9016//9016 9012//9012
f 9012//9012 9016//9016 9013//9013
f 9013//9013 9016//9016 9014//9014
f 9014//9014 9016//9016 9015//9015
f 9015//9015 9016//9016 9010//9010
f 9017//9017 9023//9023 9018//9018
f 9018//9018 9023//9023 9019//9019
f 9019//9019 9023//9023 9020//9020
f 9020//9020 9023//9023 9021//9021
f 9021//9021 9023//9023 9022//9022
f 9022//9022 9023//9023 9017//9017
f 9024//9024 9030//9030 9025//9025
f 9025//9025 9030//9030 9026//9026
f 9026//9026 9030//9030 9027//9027
f 9027//9027 9030//9030 9028//9028
f 9028//9028 9030//9030 9029//9029
f 9029//9029 9030//9030 9024//9024
f 9031//9031 9037//9037 9032//9032
f 9032//9032 9037//9037 9033//9033
f 9033//9033 9037//9037 9034//9034
f 9034//9034 9037//9037 9035//9035
f 9035//9035 9037//9037 9036//9036
f 9036//9036 9037//9037 9031//9031
f 9038//9038 9044//9044 9039//9039
f 9039//9039 9044//9044 9040//9040
f 9040//9040 9044//9044 9041//9041
f 9041//9041 9044//9044 9042//9042
f 9042//9042 9044//9044 9043//9043
f 9043//9043 9044//9044 9038//9038
f 9045//9045 9051//9051 9046//9046
f 9046//9046 9051//9051 9047//9047
f 9047//9047 9051//9051 9048//9048
f 9048//9048 9051//9051 9049//9049
f 9049//9049 9051//9051 9050//9050
f 9050//9050 9051//9051 9045//9045
f 9052//9052 9058//9058 9053//9053
f 9053//9053 9058//9058 9054//9054
f 9054//9054 9058//9058 9055//9055
f 9055//9055 9058//9058 9056//9056
f 9056//9056 9058//9058 9057//9057
f 9057//9057 9058//9058 9052//9052
f 9059//9059 9065//9065 9060//9060
f 9060//9060 9065//9065 9061//9061
f 9061//9061 9065//9065 9062//9062
f 9062//9062 9065//9065 9063//9063
f 9063//9063 9065//9065 9064//9064
f 9064//9064 9065//9065 9059//9059
f 9066//9066 9072//9072 9067//9067
f 9067//9067 9072//9072 9068//9068
f 9068//9068 9072//9072 9069//9069
f 9069//9069 9072//9072 9070//9070
f 9070//9070 9072//9072 9071//9071
f 9071//9071 9072//9072 9066//9066
f 9073//9073 9079//9079 9074//9074
f 9074//9074 9079//9079 9075//9075
f 9075//9075 9079//9079 9076//9076
f 9076//9076 9079//9079 9077//9077
f 9077//9077 9079//9079 9078//9078
f 9078//9078 9079//9079 9073//9073
f 9080//9080 9086//9086 9081//9081
f 9081//9081 9086//9086 9082//9082
f 9082//9082 9086//9086 9083//9083
f 9083//9083 9086//9086 9084//9084
f 9084//9084 9086//9086 9085//9085
f 9085//9085 9086//9086 9080//9080
f 9087//9087 9093//9093 9088//9088
f 9088//9088 9093//9093 9089//9089
f 9089//9089 9093//9093 9090//9090
f 9090//9090 9093//9093 9091//9091
f 9091//9091 9093//9093 9092//9092
f 9092//9092 9093//9093 9087//9087
f 9094//9094 9100//9100 9095//9095
f 9095//9095 9100//9100 9096//9096
f 9096//9096 9100//9100 9097//9097
f 9097//9097 9100//9100 9098//9098
f 9098//9098 9100//9100 9099//9099
f 9099//9099 9100//9100 9094//9094
f 9101//9101 9107//9107 9102//9102
f 9102//9102 9107//9107 9103//9103
f 9103//9103 9107//9107 9104//9104
f 9104//9104 9107//9107 9105//9105
f 9105//9105 9107//9107 9106//9106
f 9106//9106 9107//9107 9101//9101
f 9108//9108 9114//9114 9109//9109
f 9109//9109 9114//9114 9110//9110
f 9110//9110 9114//9114 9111//9111
f 9111//9111 9114//9114 9112//9112
f 9112//9112 9114//9114 9113//9113
f 9113//9113 9114//9114 9108//9108
f 9115//9115 9121//9121 9116//9116
f 9116//9116 9121//9121 9117//9117
f 9117//9117 9121//9121 9118//9118
f 9118//9118 9121//9121 9119//9119
f 9119//9119 9121//9121 9120//9120
f 9120//9120 9121//9121 9115//9115
f 9122//9122 9128//9128 9123//9123
f 9123//9123 9128//9128 9124//9124
f 9124//9124 9128//9128 9125//9125
f 9125//9125 9128//9128 9126//9126
f 9126//9126 9128//9128 9127//9127
f 9127//9127 9128//9128 9122//9122
f 9129//9129 9135//9135 9130//9130
f 9130//9130 9135//9135 9131//9131
f 9131//9131 9135//9135 9132//9132
f 9132//9132 9135//9135 9133//9133
f 9133//9133 9135//9135 9134//9134
f 9134//9134 9135//9135 9129//9129
f 9136//9136 9142//9142 9137//9137
f 9137//9137 9142//9142 9138//9138
f 9138//9138 9142//9142 9139//9139
f 9139//9139 9142//9142 9140//9140
f 9140//9140 9142//9142 9141//9141
f 9141//9141 9142//9142 9136//9136
f 9143//9143 9149//9149 9144//9144
f 9144//9144 9149//9149 9145//9145
f 9145//9145 9149//9149 9146//9146
f 9146//9146 9149//9149 9147//9147
f 9147//9147 9149//9149 9148//9148
f 9148//9148 9149//9149 9143//9143
f 9150//9150 9156//9156 9151//9151
f 9151//9151 9156//9156 9152//9152
f 9152//9152 9156//9156 9153//9153
f 9153//9153 9156//9156 9154//9154
f 9154//9154 9156//9156 9155//9155
f 9155//9155 9156//9156 9150//9150
f 9157//9157 9163//9163 9158//9158
f 9158//9158 9163//9163 9159//9159
f 9159//9159 9163//9163 9160//9160
f 9160//9160 9163//9163 9161//9161
f 9161//9161 9163//9163 9162//9162
f 9162//9162 9163//9163 9157//9157
f 9164//9164 9170//9170 9165//9165
f 9165//9165 9170//9170 9166//9166
f 9166//9166 9170//9170 9167//9167
f 9167//9167 9170//9170 9168//9168
f 9168//9168 9170//9170 9169//9169
f 9169//9169 9170//9170 9164//9164
f 9171//9171 9177//9177 9172//9172
f 9172//9172 9177//9177 9173//9173
f 9173//9173 9177//9177 9174//9174
f 9174//9174 9177//9177 9175//9175
f 9175//9175 9177//9177 9176//9176
f 9176//9176 9177//9177 9171//9171
f 9178//9178 9184//9184 9179//9179
f 9179//9179 9184//9184 9180//9180
f 9180//9180 9184//9184 9181//9181
f 9181//9181 9184//9184 9182//9182
f 9182//9182 9184//9184 9183//9183
f 9183//9183 9184//9184 9178//9178
f 9185//9185 9191//9191 9186//9186
f 9186//9186 9191//9191 9187//9187
f 9187//9187 9191//9191 9188//9188
f 9188//9188 9191//9191 9189//9189
f 9189//9189 9191//9191 9190//9190
f 9190//9190 9191//9191 9185//9185
f 9192//9192 9198//9198 9193//9193
f 9193//9193 9198//9198 9194//9194
f 9194//9194 9198//9198 9195//9195
f 9195//9195 9198//9198 9196//9196
f 9196//9196 9198//9198 9197//9197
f 9197//9197 9198//9198 9192//9192
f 9199//9199 9205//9205 9200//9200
f 9200//9200 9205//9205 9201//9201
f 9201//9201 9205//9205 9202//9202
f 9202//9202 9205//9205 9203//9203
f 9203//9203 9205//9205 9204//9204
f 9204//9204 9205//9205 9199//9199
f 9206//9206 9212//9212 9207//9207
f 9207//9207 9212//9212 9208//9208
f 9208//9208 9212//9212 9209//9209
f 9209//9209 9212//9212 9210//9210
f 9210//9210 9212//9212 9211//9211
f 9211//9211 9212//9212 9206//9206
f 9213//9213 9219//9219 9214//9214
f 9214//9214 9219//9219 9215//9215
f 9215//9215 9219//9219 9216//9216
f 9216//9216 9219//9219 9217//9217
f 9217//9217 9219//9219 9218//9218
f 9218//9218 9219//9219 9213//9213
f 9220//9220 9226//9226 9221//9221
f 9221//9221 9226//9226 9222//9222
f 9222//9222 9226//9226 9223//9223
f 9223//9223 9226//9226 9224//9224
f 9224//9224 9226//9226 9225//9225
f 9225//9225 9226//9226 9220//9220
f 9227//9227 9233//9233 9228//9228
f 9228//9228 9233//9233 9229//9229
f 9229//9229 9233//9233 9230//9230
f 9230//9230 9233//9233 9231//9231
f 9231//9231 9233//9233 9232//9232
f 9232//9232 9233//9233 9227//9227
f 9234//9234 9240//9240 9235//9235
f 9235//9235 9240//9240 9236//9236
f 9236//9236 9240//9240 9237//9237
f 9237//9237 9240//9240 9238//9238
f 9238//9238 9240//9240 9239//9239
f 9239//9239 9240//9240 9234//9234
f 9241//9241 9247//9247 9242//9242
f 9242//9242 9247//9247 9243//9243
f 9243//9243 9247//9247 9244//9244
f 9244//9244 9247//9247 9245//9245
f 9245//9245 9247//9247 9246//9246
f 9246//9246 9247//9247 9241//9241
f 9248//9248 9254//9254 9249//9249
f 9249//9249 9254//9254 9250//9250
f 9250//9250 9254//9254 9251//9251
f 9251//9251 9254//9254 9252//9252
f 9252//9252 9254//9254 9253//9253
f 9253//9253 9254//9254 9248//9248
f 9255//9255 9261//9261 9256//9256
f 9256//9256 9261//9261 9257//9257
f 9257//9257 9261//9261 9258//9258
f 9258//9258 9261//9261 9259//9259
f 9259//9259 9261//9261 9260//9260
f 9260//9260 9261//9261 9255//9255
f 9262//9262 9268//9268 9263//9263
f 9263//9263 9268//9268 9264//9264
f 9264//9264 9268//9268 9265//9265
f 9265//9265 9268//9268 9266//9266
f 9266//9266 9268//9268 9267//9267
f 9267//9267 9268//9268 9262//9262
f 9269//9269 9275//9275 9270//9270
f 9270//9270 9275//9275 9271//9271
f 9271//9271 9275//9275 9272//9272
f 9272//9272 9275//9275 9273//9273
f 9273//9273 9275//9275 9274//9274
f 9274//9274 9275//9275 9269//9269
f 9276//9276 9282//9282 9277//9277
f 9277//9277 9282//9282 9278//9278
f 9278//9278 9282//9282 9279//9279
f 9279//9279 9282//9282 9280//9280
f 9280//9280 9282//9282 9281//9281
f 9281//9281 9282//9282 9276//9276
f 9283//9283 9289//9289 9284//9284
f 9284//9284 9289//9289 9285//9285
f 9285//9285 9289//9289 9286//9286
f 9286//9286 9289//9289 9287//9287
f 9287//9287 9289//9289 9288//9288
f 9288//9288 9289//9289 9283//9283
f 9290//9290 9296//9296 9291//9291
f 9291//9291 9296//9296 9292//9292
f 9292//9292 9296//9296 9293//9293
f 9293//9293 9296//9296 9294//9294
f 9294//9294 9296//9296 9295//9295
f 9295//9295 9296//9296 9290//9290
f 9297//9297 9303//9303 9298//9298
f 9298//9298 9303//9303 9299//9299
f 9299//9299 9303//9303 9300//9300
f 9300//9300 9303//9303 9301//9301
f 9301//9301 9303//9303 9302//9302
f 9302//9302 9303//9303 9297//9297
f 9304//9304 9310//9310 9305//9305
f 9305//9305 9310//9310 9306//9306
f 9306//9306 9310//9310 9307//9307
f 9307//9307 9310//9310 9308//9308
f 9308//9308 9310//9310 9309//9309
f 9309//9309 9310//9310 9304//9304
f 9311//9311 9317//9317 9312//9312
f 9312//9312 9317//9317 9313//9313
f 9313//9313 9317//9317 9314//9314
f 9314//9314 9317//9317 9315//9315
f 9315//9315 9317//9317 9316//9316
f 9316//9316 9317//9317 9311//9311
f 9318//9318 9324//9324 9319//9319
f 9319//9319 9324//9324 9320//9320
f 9320//9320 9324//9324 9321//9321
f 9321//9321 9324//9324 9322//9322
f 9322//9322 9324//9324 9323//9323
f 9323//9323 9324//9324 9318//9318
f 9325//9325 9331//9331 9326//9326
f 9326//9326 9331//9331 9327//9327
f 9327//9327 9331//9331 9328//9328
f 9328//9328 9331//9331 9329//9329
f 9329//9329 9331//9331 9330//9330
f 9330//9330 9331//9331 9325//9325
f 9332//9332 9338//9338 9333//9333
f 9333//9333 9338//9338 9334//9334
f 9334//9334 9338//9338 9335//9335
f 9335//9335 9338//9338 9336//9336
f 9336//9336 9338//9338 9337//9337
f 9337//9337 9338//9338 9332//9332
f 9339//9339 9345//9345 9340//9340
f 9340//9340 9345//9345 9341//9341
f 9341//9341 9345//9345 9342//9342
f 9342//9342 9345//9345 9343//9343
f 9343//9343 9345//9345 9344//9344
f 9344//9344 9345//9345 9339//9339
f 9346//9346 9352//9352 9347//9347
f 9347//9347 9352//9352 9348//9348
f 9348//9348 9352//9352 9349//9349
f 9349//9349 9352//9352 9350//9350
f 9350//9350 9352//9352 9351//9351
f 9351//9351 9352//9352 9346//9346
f 9353//9353 9359//9359 9354//9354
f 9354//9354 9359//9359 9355//9355
f 9355//9355 9359//9359 9356//9356
f 9356//9356 9359//9359 9357//9357
f 9357//9357 9359//9359 9358//9358
f 9358//9358 9359//9359 9353//9353
f 9360//9360 9366//9366 9361//9361
f 9361//9361 9366//9366 9362//9362
f 9362//9362 9366//9366 9363//9363
f 9363//9363 9366//9366 9364//9364
f 9364//9364 9366//9366 9365//9365
f 9365//9365 9366//9366 9360//9360
f 9367//9367 9373//9373 9368//9368
f 9368//9368 9373//9373 9369//9369
f 9369//9369 9373//9373 9370//9370
f 9370//9370 9373//9373 9371//9371
f 9371//9371 9373//9373 9372//9372
f 9372//9372 9373//9373 9367//9367
f 9374//9374 9380//9380 9375//9375
f 9375//9375 9380//9380 9376//9376
f 9376//9376 9380//9380 9377//9377
f 9377//9377 9380//9380 9378//9378
f 9378//9378 9380//9380 9379//9379
f 9379//9379 9380//9380 9374//9374
f 9381//9381 9387//9387 9382//9382
f 9382//9382 9387//9387 9383//9383
f 9383//9383 9387//9387 9384//9384
f 9384//9384 9387//9387 9385//9385
f 9385//9385 9387//9387 9386//9386
f 9386//9386 9387//9387 9381//9381
f 9388//9388 9394//9394 9389//9389
f 9389//9389 9394//9394 9390//9390
f 9390//9390 9394//9394 9391//9391
f 9391//9391 9394//9394 9392//9392
f 9392//9392 9394//9394 9393//9393
f 9393//9393 9394//9394 9388//9388
f 9395//9395 9401//9401 9396//9396
f 9396//9396 9401//9401 9397//9397
f 9397//9397 9401//9401 9398//9398
f 9398//9398 9401//9401 9399//9399
f 9399//9399 9401//9401 9400//9400
f 9400//9400 9401//9401 9395//9395
f 9402//9402 9408//9408 9403//9403
f 9403//9403 9408//9408 9404//9404
f 9404//9404 9408//9408 9405//9405
f 9405//9405 9408//9408 9406//9406
f 9406//9406 9408//9408 9407//9407
f 9407//9407 9408//9408 9402//9402
f 9409//9409 9415//9415 9410//9410
f 9410//9410 9415//9415 9411//9411
f 9411//9411 9415//9415 9412//9412
f 9412//9412 9415//9415 9413//9413
f 9413//9413 9415//9415 9414//9414
f 9414//9414 9415//9415 9409//9409
f 9416//9416 9422//9422 9417//9417
f 9417//9417 9422//9422 9418//9418
f 9418//9418 9422//9422 9419//9419
f 9419//9419 9422//9422 9420//9420
f 9420//9420 9422//9422 9421//9421
f 9421//9421 9422//9422 9416//9416
f 9423//9423 9429//9429 9424//9424
f 9424//9424 9429//9429 9425//9425
f 9425//9425 9429//9429 9426//9426
f 9426//9426 9429//9429 9427//9427
f 9427//9427 9429//9429 9428//9428
f 9428//9428 9429//9429 9423//9423
f 9430//9430 9436//9436 9431//9431
f 9431//9431 9436//9436 9432//9432
f 9432//9432 9436//9436 9433//9433
f 9433//9433 9436//9436 9434//9434
f 9434//9434 9436//9436 9435//9435
f 9435//9435 9436//9436 9430//9430
f 9437//9437 9443//9443 9438//9438
f 9438//9438 9443//9443 9439//9439
f 9439//9439 9443//9443 9440//9440
f 9440//9440 9443//9443 9441//9441
f 9441//9441 9443//9443 9442//9442
f 9442//9442 9443//9443 9437//9437
f 9444//9444 9450//9450 9445//9445
f 9445//9445 9450//9450 9446//9446
f 9446//9446 9450//9450 9447//9447
f 9447//9447 9450//9450 9448//9448
f 9448//9448 9450//9450 9449//9449
f 9449//9449 9450//9450 9444//9444
f 9451//9451 9457//9457 9452//9452
f 9452//9452 9457//9457 9453//9453
f 9453//9453 9457//9457 9454//9454
f 9454//9454 9457//9457 9455//9455
f 9455//9455 9457//9457 9456//9456
f 9456//9456 9457//9457 9451//9451
f 9458//9458 9464//9464 9459//9459
f 9459//9459 9464//9464 9460//9460
f 9460//9460 9464//9464 9461//9461
f 9461//9461 9464//9464 9462//9462
f 9462//9462 9464//9464 9463//9463
f 9463//9463 9464//9464 9458//9458
f 9465//9465 9471//9471 9466//9466
f 9466//9466 9471//9471 9467//9467
f 9467//9467 9471//9471 9468//9468
f 9468//9468 9471//9471 9469//9469
f 9469//9469 9471//9471 9470//9470
f 9470//9470 9471//9471 9465//9465
f 9472//9472 9478//9478 9473//9473
f 9473//9473 9478//9478 9474//9474
f 9474//9474 9478//9478 9475//9475
f 9475//9475 9478//9478 9476//9476
f 9476//9476 9478//9478 9477//9477
f 9477//9477 9478//9478 9472//9472
f 9479//9479 9485//9485 9480//9480
f 9480//9480 9485//9485 9481//9481
f 9481//9481 9485//9485 9482//9482
f 9482//9482 9485//9485 9483//9483
f 9483//9483 9485//9485 9484//9484
f 9484//9484 9485//9485 9479//9479
f 9486//9486 9492//9492 9487//9487
f 9487//9487 9492//9492 9488//9488
f 9488//9488 9492//9492 9489//9489
f 9489//9489 9492//9492 9490//9490
f 9490//9490 9492//9492 9491//9491
f 9491//9491 9492//9492 9486//9486
f 9493//9493 9499//9499 9494//9494
f 9494//9494 9499//9499 9495//9495
f 9495//9495 9499//9499 9496//9496
f 9496//9496 9499//9499 9497//9497
f 9497//9497 9499//9499 9498//9498
f 9498//9498 9499//9499 9493//9493
f 9500//9500 9506//9506 9501//9501
f 9501//9501 9506//9506 9502//9502
f 9502//9502 9506//9506 9503//9503
f 9503//9503 9506//9506 9504//9504
f 9504//9504 9506//9506 9505//9505
f 9505//9505 9506//9506 9500//9500
f 9507//9507 9513//9513 9508//9508
f 9508//9508 9513//9513 9509//9509
f 9509//9509 9513//9513 9510//9510
f 9510//9510 9513//9513 9511//9511
f 9511//9511 9513//9513 9512//9512
f 9512//9512 9513//9513 9507//9507
f 9514//9514 9520//9520 9515//9515
f 9515//9515 9520//9520 9516//9516
f 9516//9516 9520//9520 9517//9517
f 9517//9517 9520//9520 9518//9518
f 9518//9518 9520//9520 9519//9519
f 9519//9519 9520//9520 9514//9514
f 9521//9521 9527//9527 9522//9522
f 9522//9522 9527//9527 9523//9523
f 9523//9523 9527//9527 9524//9524
f 9524//9524 9527//9527 9525//9525
f 9525//9525 9527//9527 9526//9526
f 9526//9526 9527//9527 9521//9521
f 9528//9528 9534//9534 9529//9529
f 9529//9529 9534//9534 9530//9530
f 9530//9530 9534//9534 9531//9531
f 9531//9531 9534//9534 9532//9532
f 9532//9532 9534//9534 9533//9533
f 9533//9533 9534//9534 9528//9528
f 9535//9535 9541//9541 9536//9536
f 9536//9536 9541//9541 9537//9537
f 9537//9537 9541//9541 9538//9538
f 9538//9538 9541//9541 9539//9539
f 9539//9539 9541//9541 9540//9540
f 9540//9540 9541//9541 9535//9535
f 9542//9542 9548//9548 9543//9543
f 9543//9543 9548//9548 9544//9544
f 9544//9544 9548//9548 9545//9545
f 9545//9545 9548//9548 9546//9546
f 9546//9546 9548//9548 9547//9547
f 9547//9547 9548//9548 9542//9542
f 9549//9549 9555//9555 9550//9550
f 9550//9550 9555//9555 9551//9551
f 9551//9551 9555//9555 9552//9552
f 9552//9552 9555//9555 9553//9553
f 9553//9553 9555//9555 9554//9554
f 9554//9554 9555//9555 9549//9549
f 9556//9556 9562//9562 9557//9557
f 9557//9557 9562//9562 9558//9558
f 9558//9558 9562//9562 9559//9559
f 9559//9559 9562//9562 9560//9560
f 9560//9560 9562//9562 9561//9561
f 9561//9561 9562//9562 9556//9556
f 9563//9563 9569//9569 9564//9564
f 9564//9564 9569//9569 9565//9565
f 9565//9565 9569//9569 9566//9566
f 9566//9566 9569//9569 9567//9567
f 9567//9567 9569//9569 9568//9568
f 9568//9568 9569//9569 9563//9563
f 9570//9570 9576//9576 9571//9571
f 9571//9571 9576//9576 9572//9572
f 9572//9572 9576//9576 9573//9573
f 9573//9573 9576//9576 9574//9574
f 9574//9574 9576//9576 9575//9575
f 9575//9575 9576//9576 9570//9570
f 9577//9577 9583//9583 9578//9578
f 9578//9578 9583//9583 9579//9579
f 9579//9579 9583//9583 9580//9580
f 9580//9580 9583//9583 9581//9581
f 9581//9581 9583//9583 9582//9582
f 9582//9582 9583//9583 9577//9577
f 9584//9584 9590//9590 9585//9585
f 9585//9585 9590//9590 9586//9586
f 9586//9586 9590//9590 9587//9587
f 9587//9587 9590//9590 9588//9588
f 9588//9588 9590//9590 9589//9589
f 9589//9589 9590//9590 9584//9584
f 9591//9591 9597//9597 9592//9592
f 9592//9592 9597//9597 9593//9593
f 9593//9593 9597//9597 9594//9594
f 9594//9594 9597//9597 9595//9595
f 9595//9595 9597//9597 9596//9596
f 9596//9596 9597//9597 9591//9591
f 9598//9598 9604//9604 9599//9599
f 9599//9599 9604//9604 9600//9600
f 9600//9600 9604//9604 9601//9601
f 9601//9601 9604//9604 9602//9602
f 9602//9602 9604//9604 9603//9603
f 9603//9603 9604//9604 9598//9598
f 9605//9605 9611//9611 9606//9606
f 9606//9606 9611//9611 9607//9607
f 9607//9607 9611//9611 9608//9608
f 9608//9608 9611//9611 9609//9609
f 9609//9609 9611//9611 9610//9610
f 9610//9610 9611//9611 9605//9605
f 9612//9612 9618//9618 9613//9613
f 9613//9613 9618//9618 9614//9614
f 9614//9614 9618//9618 9615//9615
f 9615//9615 9618//9618 9616//9616
f 9616//9616 9618//9618 9617//9617
f 9617//9617 9618//9618 9612//9612
f 9619//9619 9625//9625 9620//9620
f 9620//9620 9625//9625 9621//9621
f 9621//9621 9625//9625 9622//9622
f 9622//9622 9625//9625 9623//9623
f 9623//9623 9625//9625 9624//9624
f 9624//9624 9625//9625 9619//9619
f 9626//9626 9632//9632 9627//9627
f 9627//9627 9632//9632 9628//9628
f 9628//9628 9632//9632 9629//9629
f 9629//9629 9632//9632 9630//9630
f 9630//9630 9632//9632 9631//9631
f 9631//9631 9632//9632 9626//9626
f 9633//9633 9639//9639 9634//9634
f 9634//9634 9639//9639 9635//9635
f 9635//9635 9639//9639 9636//9636
f 9636//9636 9639//9639 9637//9637
f 9637//9637 9639//9639 9638//9638
f 9638//9638 9639//9639 9633//9633
f 9640//9640 9646//9646 9641//9641
f 9641//9641 9646//9646 9642//9642
f 9642//9642 9646//9646 9643//9643
f 9643//9643 9646//9646 9644//9644
f 9644//9644 9646//9646 9645//9645
f 9645//9645 9646//9646 9640//9640
f 9647//9647 9653//9653 9648//9648
f 9648//9648 9653//9653 9649//9649
f 9649//9649 9653//9653 9650//9650
f 9650//9650 9653//9653 9651//9651
f 9651//9651 9653//9653 9652//9652
f 9652//9652 9653//9653 9647//9647
f 9654//9654 9660//9660 9655//9655
f 9655//9655 9660//9660 9656//9656
f 9656//9656 9660//9660 9657//9657
f 9657//9657 9660//9660 9658//9658
f 9658//9658 9660//9660 9659//9659
f 9659//9659 9660//9660 9654//9654
f 9661//9661 9667//9667 9662//9662
f 9662//9662 9667//9667 9663//9663
f 9663//9663 9667//9667 9664//9664
f 9664//9664 9667//9667 9665//9665
f 9665//9665 9667//9667 9666//9666
f 9666//9666 9667//9667 9661//9661
f 9668//9668 9674//9674 9669//9669
f 9669//9669 9674//9674 9670//9670
f 9670//9670 9674//9674 9671//9671
f 9671//9671 9674//9674 9672//9672
f 9672//9672 9674//9674 9673//9673
f 9673//9673 9674//9674 9668//9668
f 9675//9675 9681//9681 9676//9676
f 9676//9676 9681//9681 9677//9677
f 9677//9677 9681//9681 9678//9678
f 9678//9678 9681//9681 9679//9679
f 9679//9679 9681//9681 9680//9680
f 9680//9680 9681//9681 9675//9675
f 9682//9682 9688//9688 9683//9683
f 9683//9683 9688//9688 9684//9684
f 9684//9684 9688//9688 9685//9685
f 9685//9685 9688//9688 9686//9686
f 9686//9686 9688//9688 9687//9687
f 9687//9687 9688//9688 9682//9682
f 9689//9689 9695//9695 9690//9690
f 9690//9690 9695//9695 9691//9691
f 9691//9691 9695//9695 9692//9692
f 9692//9692 9695//9695 9693//9693
f 9693//9693 9695//9695 9694//9694
f 9694//9694 9695//9695 9689//9689
f 9696//9696 9702//9702 9697//9697
f 9697//9697 9702//9702 9698//9698
f 9698//9698 9702//9702 9699//9699
f 9699//9699 9702//9702 9700//9700
f 9700//9700 9702//9702 9701//9701
f 9701//9701 9702//9702 9696//9696
f 9703//9703 9709//9709 9704//9704
f 9704//9704 9709//9709 9705//9705
f 9705//9705 9709//9709 9706//9706
f 9706//9706 9709//9709 9707//9707
f 9707//9707 9709//9709 9708//9708
f 9708//9708 9709//9709 9703//9703
f 9710//9710 9716//9716 9711//9711
f 9711//9711 9716//9716 9712//9712
f 9712//9712 9716//9716 9713//9713
f 9713//9713 9716//9716 9714//9714
f 9714//9714 9716//9716 9715//9715
f 9715//9715 9716//9716 9710//9710
f 9717//9717 9723//9723 9718//9718
f 9718//9718 9723//9723 9719//9719
f 9719//9719 9723//9723 9720//9720
f 9720//9720 9723//9723 9721//9721
f 9721//9721 9723//9723 9722//9722
f 9722//9722 9723//9723 9717//9717
f 9724//9724 9730//9730 9725//9725
f 9725//9725 9730//9730 9726//9726
f 9726//9726 9730//9730 9727//9727
f 9727//9727 9730//9730 9728//9728
f 9728//9728 9730//9730 9729//9729
f 9729//9729 9730//9730 9724//9724
f 9731//9731 9737//9737 9732//9732
f 9732//9732 9737//9737 9733//9733
f 9733//9733 9737//9737 9734//9734
f 9734//9734 9737//9737 9735//9735
f 9735//9735 9737//9737 9736//9736
f 9736//9736 9737//9737 9731//9731
f 9738//9738 9744//9744 9739//9739
f 9739//9739 9744//9744 9740//9740
f 9740//9740 9744//9744 9741//9741
f 9741//9741 9744//9744 9742//9742
f 9742//9742 9744//9744 9743//9743
f 9743//9743 9744//9744 9738//9738
f 9745//9745 9751//9751 9746//9746
f 9746//9746 9751//9751 9747//9747
f 9747//9747 9751//9751 9748//9748
f 9748//9748 9751//9751 9749//9749
f 9749//9749 9751//9751 9750//9750
f 9750//9750 9751//9751 9745//9745
f 9752//9752 9758//9758 9753//9753
f 9753//9753 9758//9758 9754//9754
f 9754//9754 9758//9758 9755//9755
f 9755//9755 9758//9758 9756//9756
f 9756//9756 9758//9758 9757//9757
f 9757//9757 9758//9758 9752//9752
f 9759//9759 9765//9765 9760//9760
f 9760//9760 9765//9765 9761//9761
f 9761//9761 9765//9765 9762//9762
f 9762//9762 9765//9765 9763//9763
f 9763//9763 9765//9765 9764//9764
f 9764//9764 9765//9765 9759//9759
f 9766//9766 9772//9772 9767//9767
f 9767//9767 9772//9772 9768//9768
f 9768//9768 9772//9772 9769//9769
f 9769//9769 9772//9772 9770//9770
f 9770//9770 9772//9772 9771//9771
f 9771//9771 9772//9772 9766//9766
f 9773//9773 9779//9779 9774//9774
f 9774//9774 9779//9779 9775//9775
f 9775//9775 9779//9779 9776//9776
f 9776//9776 9779//9779 9777//9777
f 9777//9777 9779//9779 9778//9778
f 9778//9778 9779//9779 9773//9773
f 9780//9780 9786//9786 9781//9781
f 9781//9781 9786//9786 9782//9782
f 9782//9782 9786//9786 9783//9783
f 9783//9783 9786//9786 9784//9784
f 9784//9784 9786//9786 9785//9785
f 9785//9785 9786//9786 9780//9780
f 9787//9787 9793//9793 9788//9788
f 9788//9788 9793//9793 9789//9789
f 9789//9789 9793//9793 9790//9790
f 9790//9790 9793//9793 9791//9791
f 9791//9791 9793//9793 9792//9792
f 9792//9792 9793//9793 9787//9787
f 9794//9794 9800//9800 9795//9795
f 9795//9795 9800//9800 9796//9796
f 9796//9796 9800//9800 9797//9797
f 9797//9797 9800//9800 9798//9798
f 9798//9798 9800//9800 9799//9799
f 9799//9799 9800//9800 9794//9794
f 9801//9801 9807//9807 9802//9802
f 9802//9802 9807//9807 9803//9803
f 9803//9803 9807//9807 9804//9804
f 9804//9804 9807//9807 9805//9805
f 9805//9805 9807//9807 9806//9806
f 9806//9806 9807//9807 9801//9801
f 9808//9808 9814//9814 9809//9809
f 9809//9809 9814//9814 9810//9810
f 9810//9810 9814//9814 9811//9811
f 9811//9811 9814//9814 9812//9812
f 9812//9812 9814//9814 9813//9813
f 9813//9813 9814//9814 9808//9808
f 9815//9815 9821//9821 9816//9816
f 9816//9816 9821//9821 9817//9817
f 9817//9817 9821//9821 9818//9818
f 9818//9818 9821//9821 9819//9819
f 9819//9819 9821//9821 9820//9820
f 9820//9820 9821//9821 9815//9815
f 9822//9822 9828//9828 9823//9823
f 9823//9823 9828//9828 9824//9824
f 9824//9824 9828//9828 9825//9825
f 9825//9825 9828//9828 9826//9826
f 9826//9826 9828//9828 9827//9827
f 9827//9827 9828//9828 9822//9822
f 9829//9829 9835//9835 9830//9830
f 9830//9830 9835//9835 9831//9831
f 9831//9831 9835//9835 9832//9832
f 9832//9832 9835//9835 9833//9833
f 9833//9833 9835//9835 9834//9834
f 9834//9834 9835//9835 9829//9829
f 9836//9836 9842//9842 9837//9837
f 9837//9837 9842//9842 9838//9838
f 9838//9838 9842//9842 9839//9839
f 9839//9839 9842//9842 9840//9840
f 9840//9840 9842//9842 9841//9841
f 9841//9841 9842//9842 9836//9836
f 9843//9843 9849//9849 9844//9844
f 9844//9844 9849//9849 9845//9845
f 9845//9845 9849//9849 9846//9846
f 9846//9846 9849//9849 9847//9847
f 9847//9847 9849//9849 9848//9848
f 9848//9848 9849//9849 9843//9843
f 9850//9850 9856//9856 9851//9851
f 9851//9851 9856//9856 9852//9852
f 9852//9852 9856//9856 9853//9853
f 9853//9853 9856//9856 9854//9854
f 9854//9854 9856//9856 9855//9855
f 9855//9855 9856//9856 9850//9850
f 9857//9857 9863//9863 9858//9858
f 9858//9858 9863//9863 9859//9859
f 9859//9859 9863//9863 9860//9860
f 9860//9860 9863//9863 9861//9861
f 9861//9861 9863//9863 9862//9862
f 9862//9862 9863//9863 9857//9857
f 9864//9864 9870//9870 9865//9865
f 9865//9865 9870//9870 9866//9866
f 9866//9866 9870//9870 9867//9867
f 9867//9867 9870//9870 9868//9868
f 9868//9868 9870//9870 9869//9869
f 9869//9869 9870//9870 9864//9864
f 9871//9871 9877//9877 9872//9872
f 9872//9872 9877//9877 9873//9873
f 9873//9873 9877//9877 9874//9874
f 9874//9874 9877//9877 9875//9875
f 9875//9875 9877//9877 9876//9876
f 9876//9876 9877//9877 9871//9871
f 9878//9878 9884//9884 9879//9879
f 9879//9879 9884//9884 9880//9880
f 9880//9880 9884//9884 9881//9881
f 9881//9881 9884//9884 9882//9882
f 9882//9882 9884//9884 9883//9883
f 9883//9883 9884//9884 9878//9878
f 9885//9885 9891//9891 9886//9886
f 9886//9886 9891//9891 9887//9887
f 9887//9887 9891//9891 9888//9888
f 9888//9888 9891//9891 9889//9889
f 9889//9889 9891//9891 9890//9890
f 9890//9890 9891//9891 9885//9885
f 9892//9892 9898//9898 9893//9893
f 9893//9893 9898//9898 9894//9894
f 9894//9894 9898//9898 9895//9895
f 9895//9895 9898//9898 9896//9896
f 9896//9896 9898//9898 9897//9897
f 9897//9897 9898//9898 9892//9892
f 9899//9899 9905//9905 9900//9900
f 9900//9900 9905//9905 9901//9901
f 9901//9901 9905//9905 9902//9902
f 9902//9902 9905//9905 9903//9903
f 9903//9903 9905//9905 9904//9904
f 9904//9904 9905//9905 9899//9899
f 9906//9906 9912//9912 9907//9907
f 9907//9907 9912//9912 9908//9908
f 9908//9908 9912//9912 9909//9909
f 9909//9909 9912//9912 9910//9910
f 9910//9910 9912//9912 9911//9911
f 9911//9911 9912//9912 9906//9906
f 9913//9913 9919//9919 9914//9914
f 9914//9914 9919//9919 9915//9915
f 9915//9915 9919//9919 9916//9916
f 9916//9916 9919//9919 9917//9917
f 9917//9917 9919//9919 9918//9918
f 9918//9918 9919//9919 9913//9913
f 9920//9920 9926//9926 9921//9921
f 9921//9921 9926//9926 9922//9922
f 9922//9922 9926//9926 9923//9923
f 9923//9923 9926//9926 9924//9924
f 9924//9924 9926//9926 9925//9925
f 9925//9925 9926//9926 9920//9920
f 9927//9927 9933//9933 9928//9928
f 9928//9928 9933//9933 9929//9929
f 9929//9929 9933//9933 9930//9930
f 9930//9930 9933//9933 9931//9931
f 9931//9931 9933//9933 9932//9932
f 9932//9932 9933//9933 9927//9927
f 9934//9934 9940//9940 9935//9935
f 9935//9935 9940//9940 9936//9936
f 9936//9936 9940//9940 9937//9937
f 9937//9937 9940//9940 9938//9938
f 9938//9938 9940//9940 9939//9939
f 9939//9939 9940//9940 9934//9934
f 9941//9941 9947//9947 9942//9942
f 9942//9942 9947//9947 9943//9943
f 9943//9943 9947//9947 9944//9944
f 9944//9944 9947//9947 9945//9945
f 9945//9945 9947//9947 9946//9946
f 9946//9946 9947//9947 9941//9941
f 9948//9948 9954//9954 9949//9949
f 9949//9949 9954//9954 9950//9950
f 9950//9950 9954//9954 9951//9951
f 9951//9951 9954//9954 9952//9952
f 9952//9952 9954//9954 9953//9953
f 9953//9953 9954//9954 9948//9948
f 9955//9955 9961//9961 9956//9956
f 9956//9956 9961//9961 9957//9957
f 9957//9957 9961//9961 9958//9958
f 9958//9958 9961//9961 9959//9959
f 9959//9959 9961//9961 9960//9960
f 9960//9960 9961//9961 9955//9955
f 9962//9962 9968//9968 9963//9963
f 9963//9963 9968//9968 9964//9964
f 9964//9964 9968//9968 9965//9965
f 9965//9965 9968//9968 9966//9966
f 9966//9966 9968//9968 9967//9967
f 9967//9967 9968//9968 9962//9962
f 9969//9969 9975//9975 9970//9970
f 9970//9970 9975//9975 9971//9971
f 9971//9971 9975//9975 9972//9972
f 9972//9972 9975//9975 9973//9973
f 9973//9973 9975//9975 9974//9974
f 9974//9974 9975//9975 9969//9969
f 9976//9976 9982//9982 9977//9977
f 9977//9977 9982//9982 9978//9978
f 9978//9978 9982//9982 9979//9979
f 9979//9979 9982//9982 9980//9980
f 9980//9980 9982//9982 9981//9981
f 9981//9981 9982//9982 9976//9976
f 9983//9983 9989//9989 9984//9984
f 9984//9984 9989//9989 9985//9985
f 9985//9985 9989//9989 9986//9986
f 9986//9986 9989//9989 9987//9987
f 9987//9987 9989//9989 9988//9988
f 9988//9988 9989//9989 9983//9983
f 9990//9990 9996//9996 9991//9991
f 9991//9991 9996//9996 9992//9992
f 9992//9992 9996//9996 9993//9993
f 9993//9993 9996//9996 9994//9994
f 9994//9994 9996//9996 9995//9995
f 9995//9995 9996//9996 9990//9990
f 9997//9997 10003//10003 9998//9998
f 9998//9998 10003//10003 9999//9999
f 9999//9999 10003//10003 10000//10000
f 10000//10000 10003//10003 10001//10001
f 10001//10001 10003//10003 10002//10002
f 10002//10002 10003//10003 9997//9997
f 10004//10004 10010//10010 10005//10005
f 10005//10005 10010//10010 10006//10006
f 10006//10006 10010//10010 10007//10007
f 10007//10007 10010//10010 10008//10008
f 10008//10008 10010//10010 10009//10009
f 10009//10009 10010//10010 10004//10004
f 10011//10011 10017//10017 10012//10012
f 10012//10012 10017//10017 10013//10013
f 10013//10013 10017//10017 10014//10014
f 10014//10014 10017//10017 10015//10015
f 10015//10015 10017//10017 10016//10016
f 10016//10016 10017//10017 10011//10011
f 10018//10018 10024//10024 10019//10019
f 10019//10019 10024//10024 10020//10020
f 10020//10020 10024//10024 10021//10021
f 10021//10021 10024//10024 10022//10022
f 10022//10022 10024//10024 10023//10023
f 10023//10023 10024//10024 10018//10018
f 10025//10025 10031//10031 10026//10026
f 10026//10026 10031//10031 10027//10027
f 10027//10027 10031//10031 10028//10028
f 10028//10028 10031//10031 10029//10029
f 10029//10029 10031//10031 10030//10030
f 10030//10030 10031//10031 10025//10025
f 10032//10032 10038//10038 10033//10033
f 10033//10033 10038//10038 10034//10034
f 10034//10034 10038//10038 10035//10035
f 10035//10035 10038//10038 10036//10036
f 10036//10036 10038//10038 10037//10037
f 10037//10037 10038//10038 10032//10032
f 10039//10039 10045//10045 10040//10040
f 10040//10040 10045//10045 10041//10041
f 10041//10041 10045//10045 10042//10042
f 10042//10042 10045//10045 10043//10043
f 10043//10043 10045//10045 10044//10044
f 10044//10044 10045//10045 10039//10039
f 10046//10046 10052//10052 10047//10047
f 10047//10047 10052//10052 10048//10048
f 10048//10048 10052//10052 10049//10049
f 10049//10049 10052//10052 10050//10050
f 10050//10050 10052//10052 10051//10051
f 10051//10051 10052//10052 10046//10046
f 10053//10053 10059//10059 10054//10054
f 10054//10054 10059//10059 10055//10055
f 10055//10055 10059//10059 10056//10056
f 10056//10056 10059//10059 10057//10057
f 10057//10057 10059//10059 10058//10058
f 10058//10058 10059//10059 10053//10053
f 10060//10060 10066//10066 10061//10061
f 10061//10061 10066//10066 10062//10062
f 10062//10062 10066//10066 10063//10063
f 10063//10063 10066//10066 10064//10064
f 10064//10064 10066//10066 10065//10065
f 10065//10065 10066//10066 10060//10060
f 10067//10067 10073//10073 10068//10068
f 10068//10068 10073//10073 10069//10069
f 10069//10069 10073//10073 10070//10070
f 10070//10070 10073//10073 10071//10071
f 10071//10071 10073//10073 10072//10072
f 10072//10072 10073//10073 10067//10067
f 10074//10074 10080//10080 10075//10075
f 10075//10075 10080//10080 10076//10076
f 10076//10076 10080//10080 10077//10077
f 10077//10077 10080//10080 10078//10078
f 10078//10078 10080//10080 10079//10079
f 10079//10079 10080//10080 10074//10074
f 10081//10081 10087//10087 10082//10082
f 10082//10082 10087//10087 10083//10083
f 10083//10083 10087//10087 10084//10084
f 10084//10084 10087//10087 10085//10085
f 10085//10085 10087//10087 10086//10086
f 10086//10086 10087//10087 10081//10081
f 10088//10088 10094//10094 10089//10089
f 10089//10089 10094//10094 10090//10090
f 10090//10090 10094//10094 10091//10091
f 10091//10091 10094//10094 10092//10092
f 10092//10092 10094//10094 10093//10093
f 10093//10093 10094//10094 10088//10088
f 10095//10095 10101//10101 10096//10096
f 10096//10096 10101//10101 10097//10097
f 10097//10097 10101//10101 10098//10098
f 10098//10098 10101//10101 10099//10099
f 10099//10099 10101//10101 10100//10100
f 10100//10100 10101//10101 10095//10095
f 10102//10102 10108//10108 10103//10103
f 10103//10103 10108//10108 10104//10104
f 10104//10104 10108//10108 10105//10105
f 10105//10105 10108//10108 10106//10106
f 10106//10106 10108//10108 10107//10107
f 10107//10107 10108//10108 10102//10102
f 10109//10109 10115//10115 10110//10110
f 10110//10110 10115//10115 10111//10111
f 10111//10111 10115//10115 10112//10112
f 10112//10112 10115//10115 10113//10113
f 10113//10113 10115//10115 10114//10114
f 10114//10114 10115//10115 10109//10109
f 10116//10116 10122//10122 10117//10117
f 10117//10117 10122//10122 10118//10118
f 10118//10118 10122//10122 10119//10119
f 10119//10119 10122//10122 10120//10120
f 10120//10120 10122//10122 10121//10121
f 10121//10121 10122//10122 10116//10116
f 10123//10123 10129//10129 10124//10124
f 10124//10124 10129//10129 10125//10125
f 10125//10125 10129//10129 10126//10126
f 10126//10126 10129//10129 10127//10127
f 10127//10127 10129//10129 10128//10128
f 10128//10128 10129//10129 10123//10123
f 10130//10130 10136//10136 10131//10131
f 10131//10131 10136//10136 10132//10132
f 10132//10132 10136//10136 10133//10133
f 10133//10133 10136//10136 10134//10134
f 10134//10134 10136//10136 10135//10135
f 10135//10135 10136//10136 10130//10130
f 10137//10137 10143//10143 10138//10138
f 10138//10138 10143//10143 10139//10139
f 10139//10139 10143//10143 10140//10140
f 10140//10140 10143//10143 10141//10141
f 10141//10141 10143//10143 10142//10142
f 10142//10142 10143//10143 10137//10137
f 10144//10144 10150//10150 10145//10145
f 10145//10145 10150//10150 10146//10146
f 10146//10146 10150//10150 10147//10147
f 10147//10147 10150//10150 10148//10148
f 10148//10148 10150//10150 10149//10149
f 10149//10149 10150//10150 10144//10144
f 10151//10151 10157//10157 10152//10152
f 10152//10152 10157//10157 10153//10153
f 10153//10153 10157//10157 10154//10154
f 10154//10154 10157//10157 10155//10155
f 10155//10155 10157//10157 10156//10156
f 10156//10156 10157//10157 10151//10151
f 10158//10158 10164//10164 10159//10159
f 10159//10159 10164//10164 10160//10160
f 10160//10160 10164//10164 10161//10161
f 10161//10161 10164//10164 10162//10162
f 10162//10162 10164//10164 10163//10163
f 10163//10163 10164//10164 10158//10158
f 10165//10165 10171//10171 10166//10166
f 10166//10166 10171//10171 10167//10167
f 10167//10167 10171//10171 10168//10168
f 10168//10168 10171//10171 10169//10169
f 10169//10169 10171//10171 10170//10170
f 10170//10170 10171//10171 10165//10165
f 10172//10172 10178//10178 10173//10173
f 10173//10173 10178//10178 10174//10174
f 10174//10174 10178//10178 10175//10175
f 10175//10175 10178//10178 10176//10176
f 10176//10176 10178//10178 10177//10177
f 10177//10177 10178//10178 10172//10172
f 10179//10179 10185//10185 10180//10180
f 10180//10180 10185//10185 10181//10181
f 10181//10181 10185//10185 10182//10182
f 10182//10182 10185//10185 10183//10183
f 10183//10183 10185//10185 10184//10184
f 10184//10184 10185//10185 10179//10179
f 10186//10186 10192//10192 10187//10187
f 10187//10187 10192//10192 10188//10188
f 10188//10188 10192//10192 10189//10189
f 10189//10189 10192//10192 10190//10190
f 10190//10190 10192//10192 10191//10191
f 10191//10191 10192//10192 10186//10186
f 10193//10193 10199//10199 10194//10194
f 10194//10194 10199//10199 10195//10195
f 10195//10195 10199//10199 10196//10196
f 10196//10196 10199//10199 10197//10197
f 10197//10197 10199//10199 10198//10198
f 10198//10198 10199//10199 10193//10193
f 10200//10200 10206//10206 10201//10201
f 10201//10201 10206//10206 10202//10202
f 10202//10202 10206//10206 10203//10203
f 10203//10203 10206//10206 10204//10204
f 10204//10204 10206//10206 10205//10205
f 10205//10205 10206//10206 10200//10200
f 10207//10207 10213//10213 10208//10208
f 10208//10208 10213//10213 10209//10209
f 10209//10209 10213//10213 10210//10210
f 10210//10210 10213//10213 10211//10211
f 10211//10211 10213//10213 10212//10212
f 10212//10212 10213//10213 10207//10207
f 10214//10214 10220//10220 10215//10215
f 10215//10215 10220//10220 10216//10216
f 10216//10216 10220//10220 10217//10217
f 10217//10217 10220//10220 10218//10218
f 10218//10218 10220//10220 10219//10219
f 10219//10219 10220//10220 10214//10214
f 10221//10221 10227//10227 10222//10222
f 10222//10222 10227//10227 10223//10223
f 10223//10223 10227//10227 10224//10224
f 10224//10224 10227//10227 10225//10225
f 10225//10225 10227//10227 10226//10226
f 10226//10226 10227//10227 10221//10221
f 10228//10228 10234//10234 10229//10229
f 10229//10229 10234//10234 10230//10230
f 10230//10230 10234//10234 10231//10231
f 10231//10231 10234//10234 10232//10232
f 10232//10232 10234//10234 10233//10233
f 10233//10233 10234//10234 10228//10228
f 10235//10235 10241//10241 10236//10236
f 10236//10236 10241//10241 10237//10237
f 10237//10237 10241//10241 10238//10238
f 10238//10238 10241//10241 10239//10239
f 10239//10239 10241//10241 10240//10240
f 10240//10240 10241//10241 10235//10235
f 10242//10242 10248//10248 10243//10243
f 10243//10243 10248//10248 10244//10244
f 10244//10244 10248//10248 10245//10245
f 10245//10245 10248//10248 10246//10246
f 10246//10246 10248//10248 10247//10247
f 10247//10247 10248//10248 10242//10242
f 10249//10249 10255//10255 10250//10250
f 10250//10250 10255//10255 10251//10251
f 10251//10251 10255//10255 10252//10252
f 10252//10252 10255//10255 10253//10253
f 10253//10253 10255//10255 10254//10254
f 10254//10254 10255//10255 10249//10249
f 10256//10256 10262//10262 10257//10257
f 10257//10257 10262//10262 10258//10258
f 10258//10258 10262//10262 10259//10259
f 10259//10259 10262//10262 10260//10260
f 10260//10260 10262//10262 10261//10261
f 10261//10261 10262//10262 10256//10256
f 10263//10263 10269//10269 10264//10264
f 10264//10264 10269//10269 10265//10265
f 10265//10265 10269//10269 10266//10266
f 10266//10266 10269//10269 10267//10267
f 10267//10267 10269//10269 10268//10268
f 10268//10268 10269//10269 10263//10263
f 10270//10270 10276//10276 10271//10271
f 10271//10271 10276//10276 10272//10272
f 10272//10272 10276//10276 10273//10273
f 10273//10273 10276//10276 10274//10274
f 10274//10274 10276//10276 10275//10275
f 10275//10275 10276//10276 10270//10270
f 10277//10277 10283//10283 10278//10278
f 10278//10278 10283//10283 10279//10279
f 10279//10279 10283//10283 10280//10280
f 10280//10280 10283//10283 10281//10281
f 10281//10281 10283//10283 10282//10282
f 10282//10282 10283//10283 10277//10277
f 10284//10284 10290//10290 10285//10285
f 10285//10285 10290//10290 10286//10286
f 10286//10286 10290//10290 10287//10287
f 10287//10287 10290//10290 10288//10288
f 10288//10288 10290//10290 10289//10289
f 10289//10289 10290//10290 10284//10284
f 10291//10291 10297//10297 10292//10292
f 10292//10292 10297//10297 10293//10293
f 10293//10293 10297//10297 10294//10294
f 10294//10294 10297//10297 10295//10295
f 10295//10295 10297//10297 10296//10296
f 10296//10296 10297//10297 10291//10291
f 10298//10298 10304//10304 10299//10299
f 10299//10299 10304//10304 10300//10300
f 10300//10300 10304//10304 10301//10301
f 10301//10301 10304//10304 10302//10302
f 10302//10302 10304//10304 10303//10303
f 10303//10303 10304//10304 10298//10298
f 10305//10305 10311//10311 10306//10306
f 10306//10306 10311//10311 10307//10307
f 10307//10307 10311//10311 10308//10308
f 10308//10308 10311//10311 10309//10309
f 10309//10309 10311//10311 10310//10310
f 10310//10310 10311//10311 10305//10305
f 10312//10312 10318//10318 10313//10313
f 10313//10313 10318//10318 10314//10314
f 10314//10314 10318//10318 10315//10315
f 10315//10315 10318//10318 10316//10316
f 10316//10316 10318//10318 10317//10317
f 10317//10317 10318//10318 10312//10312
f 10319//10319 10325//10325 10320//10320
f 10320//10320 10325//10325 10321//10321
f 10321//10321 10325//10325 10322//10322
f 10322//10322 10325//10325 10323//10323
f 10323//10323 10325//10325 10324//10324
f 10324//10324 10325//10325 10319//10319
f 10326//10326 10332//10332 10327//10327
f 10327//10327 10332//10332 10328//10328
f 10328//10328 10332//10332 10329//10329
f 10329//10329 10332//10332 10330//10330
f 10330//10330 10332//10332 10331//10331
f 10331//10331 10332//10332 10326//10326
f 10333//10333 10339//10339 10334//10334
f 10334//10334 10339//10339 10335//10335
f 10335//10335 10339//10339 10336//10336
f 10336//10336 10339//10339 10337//10337
f 10337//10337 10339//10339 10338//10338
f 10338//10338 10339//10339 10333//10333
f 10340//10340 10346//10346 10341//10341
f 10341//10341 10346//10346 10342//10342
f 10342//10342 10346//10346 10343//10343
f 10343//10343 10346//10346 10344//10344
f 10344//10344 10346//10346 10345//10345
f 10345//10345 10346//10346 10340//10340
f 10347//10347 10353//10353 10348//10348
f 10348//10348 10353//10353 10349//10349
f 10349//10349 10353//10353 10350//10350
f 10350//10350 10353//10353 10351//10351
f 10351//10351 10353//10353 10352//10352
f 10352//10352 10353//10353 10347//10347
f 10354//10354 10360//10360 10355//10355
f 10355//10355 10360//10360 10356//10356
f 10356//10356 10360//10360 10357//10357
f 10357//10357 10360//10360 10358//10358
f 10358//10358 10360//10360 10359//10359
f 10359//10359 10360//10360 10354//10354
f 10361//10361 10367//10367 10362//10362
f 10362//10362 10367//10367 10363//10363
f 10363//10363 10367//10367 10364//10364
f 10364//10364 10367//10367 10365//10365
f 10365//10365 10367//10367 10366//10366
f 10366//10366 10367//10367 10361//10361
f 10368//10368 10374//10374 10369//10369
f 10369//10369 10374//10374 10370//10370
f 10370//10370 10374//10374 10371//10371
f 10371//10371 10374//10374 10372//10372
f 10372//10372 10374//10374 10373//10373
f 10373//10373 10374//10374 10368//10368
f 10375//10375 10381//10381 10376//10376
f 10376//10376 10381//10381 10377//10377
f 10377//10377 10381//10381 10378//10378
f 10378//10378 10381//10381 10379//10379
f 10379//10379 10381//10381 10380//10380
f 10380//10380 10381//10381 10375//10375
f 10382//10382 10388//10388 10383//10383
f 10383//10383 10388//10388 10384//10384
f 10384//10384 10388//10388 10385//10385
f 10385//10385 10388//10388 10386//10386
f 10386//10386 10388//10388 10387//10387
f 10387//10387 10388//10388 10382//10382
f 10389//10389 10395//10395 10390//10390
f 10390//10390 10395//10395 10391//10391
f 10391//10391 10395//10395 10392//10392
f 10392//10392 10395//10395 10393//10393
f 10393//10393 10395//10395 10394//10394
f 10394//10394 10395//10395 10389//10389
f 10396//10396 10402//10402 10397//10397
f 10397//10397 10402//10402 10398//10398
f 10398//10398 10402//10402 10399//10399
f 10399//10399 10402//10402 10400//10400
f 10400//10400 10402//10402 10401//10401
f 10401//10401 10402//10402 10396//10396
f 10403//10403 10409//10409 10404//10404
f 10404//10404 10409//10409 10405//10405
f 10405//10405 10409//10409 10406//10406
f 10406//10406 10409//10409 10407//10407
f 10407//10407 10409//10409 10408//10408
f 10408//10408 10409//10409 10403//10403
f 10410//10410 10416//10416 10411//10411
f 10411//10411 10416//10416 10412//10412
f 10412//10412 10416//10416 10413//10413
f 10413//10413 10416//10416 10414//10414
f 10414//10414 10416//10416 10415//10415
f 10415//10415 10416//10416 10410//10410
f 10417//10417 10423//10423 10418//10418
f 10418//10418 10423//10423 10419//10419
f 10419//10419 10423//10423 10420//10420
f 10420//10420 10423//10423 10421//10421
f 10421//10421 10423//10423 10422//10422
f 10422//10422 10423//10423 10417//10417
f 10424//10424 10430//10430 10425//10425
f 10425//10425 10430//10430 10426//10426
f 10426//10426 10430//10430 10427//10427
f 10427//10427 10430//10430 10428//10428
f 10428//10428 10430//10430 10429//10429
f 10429//10429 10430//10430 10424//10424
f 10431//10431 10437//10437 10432//10432
f 10432//10432 10437//10437 10433//10433
f 10433//10433 10437//10437 10434//10434
f 10434//10434 10437//10437 10435//10435
f 10435//10435 10437//10437 10436//10436
f 10436//10436 10437//10437 10431//10431
f 10438//10438 10444//10444 10439//10439
f 10439//10439 10444//10444 10440//10440
f 10440//10440 10444//10444 10441//10441
f 10441//10441 10444//10444 10442//10442
f 10442//10442 10444//10444 10443//10443
f 10443//10443 10444//10444 10438//10438
f 10445//10445 10451//10451 10446//10446
f 10446//10446 10451//10451 10447//10447
f 10447//10447 10451//10451 10448//10448
f 10448//10448 10451//10451 10449//10449
f 10449//10449 10451//10451 10450//10450
f 10450//10450 10451//10451 10445//10445
f 10452//10452 10458//10458 10453//10453
f 10453//10453 10458//10458 10454//10454
f 10454//10454 10458//10458 10455//10455
f 10455//10455 10458//10458 10456//10456
f 10456//10456 10458//10458 10457//10457
f 10457//10457 10458//10458 10452//10452
f 10459//10459 10465//10465 10460//10460
f 10460//10460 10465//10465 10461//10461
f 10461//10461 10465//10465 10462//10462
f 10462//10462 10465//10465 10463//10463
f 10463//10463 10465//10465 10464//10464
f 10464//10464 10465//10465 10459//10459
f 10466//10466 10472//10472 10467//10467
f 10467//10467 10472//10472 10468//10468
f 10468//10468 10472//10472 10469//10469
f 10469//10469 10472//10472 10470//10470
f 10470//10470 10472//10472 10471//10471
f 10471//10471 10472//10472 10466//10466
f 10473//10473 10479//10479 10474//10474
f 10474//10474 10479//10479 10475//10475
f 10475//10475 10479//10479 10476//10476
f 10476//10476 10479//10479 10477//10477
f 10477//10477 10479//10479 10478//10478
f 10478//10478 10479//10479 10473//10473
f 10480//10480 10486//10486 10481//10481
f 10481//10481 10486//10486 10482//10482
f 10482//10482 10486//10486 10483//10483
f 10483//10483 10486//10486 10484//10484
f 10484//10484 10486//10486 10485//10485
f 10485//10485 10486//10486 10480//10480
f 10487//10487 10493//10493 10488//10488
f 10488//10488 10493//10493 10489//10489
f 10489//10489 10493//10493 10490//10490
f 10490//10490 10493//10493 10491//10491
f 10491//10491 10493//10493 10492//10492
f 10492//10492 10493//10493 10487//10487
f 10494//10494 10500//10500 10495//10495
f 10495//10495 10500//10500 10496//10496
f 10496//10496 10500//10500 10497//10497
f 10497//10497 10500//10500 10498//10498
f 10498//10498 10500//10500 10499//10499
f 10499//10499 10500//10500 10494//10494
f 10501//10501 10507//10507 10502//10502
f 10502//10502 10507//10507 10503//10503
f 10503//10503 10507//10507 10504//10504
f 10504//10504 10507//10507 10505//10505
f 10505//10505 10507//10507 10506//10506
f 10506//10506 10507//10507 10501//10501
f 10508//10508 10514//10514 10509//10509
f 10509//10509 10514//10514 10510//10510
f 10510//10510 10514//10514 10511//10511
f 10511//10511 10514//10514 10512//10512
f 10512//10512 10514//10514 10513//10513
f 10513//10513 10514//10514 10508//10508
f 10515//10515 10521//10521 10516//10516
f 10516//10516 10521//10521 10517//10517
f 10517//10517 10521//10521 10518//10518
f 10518//10518 10521//10521 10519//10519
f 10519//10519 10521//10521 10520//10520
f 10520//10520 10521//10521 10515//10515
f 10522//10522 10528//10528 10523//10523
f 10523//10523 10528//10528 10524//10524
f 10524//10524 10528//10528 10525//10525
f 10525//10525 10528//10528 10526//10526
f 10526//10526 10528//10528 10527//10527
f 10527//10527 10528//10528 10522//10522
f 10529//10529 10535//10535 10530//10530
f 10530//10530 10535//10535 10531//10531
f 10531//10531 10535//10535 10532//10532
f 10532//10532 10535//10535 10533//10533
f 10533//10533 10535//10535 10534//10534
f 10534//10534 10535//10535 10529//10529
f 10536//10536 10542//10542 10537//10537
f 10537//10537 10542//10542 10538//10538
f 10538//10538 10542//10542 10539//10539
f 10539//10539 10542//10542 10540//10540
f 10540//10540 10542//10542 10541//10541
f 10541//10541 10542//10542 10536//10536
f 10543//10543 10549//10549 10544//10544
f 10544//10544 10549//10549 10545//10545
f 10545//10545 10549//10549 10546//10546
f 10546//10546 10549//10549 10547//10547
f 10547//10547 10549//10549 10548//10548
f 10548//10548 10549//10549 10543//10543
f 10550//10550 10556//10556 10551//10551
f 10551//10551 10556//10556 10552//10552
f 10552//10552 10556//10556 10553//10553
f 10553//10553 10556//10556 10554//10554
f 10554//10554 10556//10556 10555//10555
f 10555//10555 10556//10556 10550//10550
f 10557//10557 10563//10563 10558//10558
f 10558//10558 10563//10563 10559//10559
f 10559//10559 10563//10563 10560//10560
f 10560//10560 10563//10563 10561//10561
f 10561//10561 10563//10563 10562//10562
f 10562//10562 10563//10563 10557//10557
f 10564//10564 10570//10570 10565//10565
f 10565//10565 10570//10570 10566//10566
f 10566//10566 10570//10570 10567//10567
f 10567//10567 10570//10570 10568//10568
f 10568//10568 10570//10570 10569//10569
f 10569//10569 10570//10570 10564//10564
f 10571//10571 10577//10577 10572//10572
f 10572//10572 10577//10577 10573//10573
f 10573//10573 10577//10577 10574//10574
f 10574//10574 10577//10577 10575//10575
f 10575//10575 10577//10577 10576//10576
f 10576//10576 10577//10577 10571//10571
f 10578//10578 10584//10584 10579//10579
f 10579//10579 10584//10584 10580//10580
f 10580//10580 10584//10584 10581//10581
f 10581//10581 10584//10584 10582//10582
f 10582//10582 10584//10584 10583//10583
f 10583//10583 10584//10584 10578//10578
f 10585//10585 10591//10591 10586//10586
f 10586//10586 10591//10591 10587//10587
f 10587//10587 10591//10591 10588//10588
f 10588//10588 10591//10591 10589//10589
f 10589//10589 10591//10591 10590//10590
f 10590//10590 10591//10591 10585//10585
f 10592//10592 10598//10598 10593//10593
f 10593//10593 10598//10598 10594//10594
f 10594//10594 10598//10598 10595//10595
f 10595//10595 10598//10598 10596//10596
f 10596//10596 10598//10598 10597//10597
f 10597//10597 10598//10598 10592//10592
f 10599//10599 10605//10605 10600//10600
f 10600//10600 10605//10605 10601//10601
f 10601//10601 10605//10605 10602//10602
f 10602//10602 10605//10605 10603//10603
f 10603//10603 10605//10605 10604//10604
f 10604//10604 10605//10605 10599//10599
f 10606//10606 10612//10612 10607//10607
f 10607//10607 10612//10612 10608//10608
f 10608//10608 10612//10612 10609//10609
f 10609//10609 10612//10612 10610//10610
f 10610//10610 10612//10612 10611//10611
f 10611//10611 10612//10612 10606//10606
f 10613//10613 10619//10619 10614//10614
f 10614//10614 10619//10619 10615//10615
f 10615//10615 10619//10619 10616//10616
f 10616//10616 10619//10619 10617//10617
f 10617//10617 10619//10619 10618//10618
f 10618//10618 10619//10619 10613//10613
f 10620//10620 10626//10626 10621//10621
f 10621//10621 10626//10626 10622//10622
f 10622//10622 10626//10626 10623//10623
f 10623//10623 10626//10626 10624//10624
f 10624//10624 10626//10626 10625//10625
f 10625//10625 10626//10626 10620//10620
f 10627//10627 10633//10633 10628//10628
f 10628//10628 10633//10633 10629//10629
f 10629//10629 10633//10633 10630//10630
f 10630//10630 10633//10633 10631//10631
f 10631//10631 10633//10633 10632//10632
f 10632//10632 10633//10633 10627//10627
f 10634//10634 10640//10640 10635//10635
f 10635//10635 10640//10640 10636//10636
f 10636//10636 10640//10640 10637//10637
f 10637//10637 10640//10640 10638//10638
f 10638//10638 10640//10640 10639//10639
f 10639//10639 10640//10640 10634//10634
f 10641//10641 10647//10647 10642//10642
f 10642//10642 10647//10647 10643//10643
f 10643//10643 10647//10647 10644//10644
f 10644//10644 10647//10647 10645//10645
f 10645//10645 10647//10647 10646//10646
f 10646//10646 10647//10647 10641//10641
f 10648//10648 10654//10654 10649//10649
f 10649//10649 10654//10654 10650//10650
f 10650//10650 10654//10654 10651//10651
f 10651//10651 10654//10654 10652//10652
f 10652//10652 10654//10654 10653//10653
f 10653//10653 10654//10654 10648//10648
f 10655//10655 10661//10661 10656//10656
f 10656//10656 10661//10661 10657//10657
f 10657//10657 10661//10661 10658//10658
f 10658//10658 10661//10661 10659//10659
f 10659//10659 10661//10661 10660//10660
f 10660//10660 10661//10661 10655//10655
f 10662//10662 10668//10668 10663//10663
f 10663//10663 10668//10668 10664//10664
f 10664//10664 10668//10668 10665//10665
f 10665//10665 10668//10668 10666//10666
f 10666//10666 10668//10668 10667//10667
f 10667//10667 10668//10668 10662//10662
f 10669//10669 10675//10675 10670//10670
f 10670//10670 10675//10675 10671//10671
f 10671//10671 10675//10675 10672//10672
f 10672//10672 10675//10675 10673//10673
f 10673//10673 10675//10675 10674//10674
f 10674//10674 10675//10675 10669//10669
f 10676//10676 10682//10682 10677//10677
f 10677//10677 10682//10682 10678//10678
f 10678//10678 10682//10682 10679//10679
f 10679//10679 10682//10682 10680//10680
f 10680//10680 10682//10682 10681//10681
f 10681//10681 10682//10682 10676//10676
f 10683//10683 10689//10689 10684//10684
f 10684//10684 10689//10689 10685//10685
f 10685//10685 10689//10689 10686//10686
f 10686//10686 10689//10689 10687//10687
f 10687//10687 10689//10689 10688//10688
f 10688//10688 10689//10689 10683//10683
f 10690//10690 10696//10696 10691//10691
f 10691//10691 10696//10696 10692//10692
f 10692//10692 10696//10696 10693//10693
f 10693//10693 10696//10696 10694//10694
f 10694//10694 10696//10696 10695//10695
f 10695//10695 10696//10696 10690//10690
f 10697//10697 10703//10703 10698//10698
f 10698//10698 10703//10703 10699//10699
f 10699//10699 10703//10703 10700//10700
f 10700//10700 10703//10703 10701//10701
f 10701//10701 10703//10703 10702//10702
f 10702//10702 10703//10703 10697//10697
f 10704//10704 10710//10710 10705//10705
f 10705//10705 10710//10710 10706//10706
f 10706//10706 10710//10710 10707//10707
f 10707//10707 10710//10710 10708//10708
f 10708//10708 10710//10710 10709//10709
f 10709//10709 10710//10710 10704//10704
f 10711//10711 10717//10717 10712//10712
f 10712//10712 10717//10717 10713//10713
f 10713//10713 10717//10717 10714//10714
f 10714//10714 10717//10717 10715//10715
f 10715//10715 10717//10717 10716//10716
f 10716//10716 10717//10717 10711//10711
f 10718//10718 10724//10724 10719//10719
f 10719//10719 10724//10724 10720//10720
f 10720//10720 10724//10724 10721//10721
f 10721//10721 10724//10724 10722//10722
f 10722//10722 10724//10724 10723//10723
f 10723//10723 10724//10724 10718//10718
f 10725//10725 10731//10731 10726//10726
f 10726//10726 10731//10731 10727//10727
f 10727//10727 10731//10731 10728//10728
f 10728//10728 10731//10731 10729//10729
f 10729//10729 10731//10731 10730//10730
f 10730//10730 10731//10731 10725//10725
f 10732//10732 10738//10738 10733//10733
f 10733//10733 10738//10738 10734//10734
f 10734//10734 10738//10738 10735//10735
f 10735//10735 10738//10738 10736//10736
f 10736//10736 10738//10738 10737//10737
f 10737//10737 10738//10738 10732//10732
f 10739//10739 10745//10745 10740//10740
f 10740//10740 10745//10745 10741//10741
f 10741//10741 10745//10745 10742//10742
f 10742//10742 10745//10745 10743//10743
f 10743//10743 10745//10745 10744//10744
f 10744//10744 10745//10745 10739//10739
f 10746//10746 10752//10752 10747//10747
f 10747//10747 10752//10752 10748//10748
f 10748//10748 10752//10752 10749//10749
f 10749//10749 10752//10752 10750//10750
f 10750//10750 10752//10752 10751//10751
f 10751//10751 10752//10752 10746//10746
f 10753//10753 10759//10759 10754//10754
f 10754//10754 10759//10759 10755//10755
f 10755//10755 10759//10759 10756//10756
f 10756//10756 10759//10759 10757//10757
f 10757//10757 10759//10759 10758//10758
f 10758//10758 10759//10759 10753//10753
f 10760//10760 10766//10766 10761//10761
f 10761//10761 10766//10766 10762//10762
f 10762//10762 10766//10766 10763//10763
f 10763//10763 10766//10766 10764//10764
f 10764//10764 10766//10766 10765//10765
f 10765//10765 10766//10766 10760//10760
f 10767//10767 10773//10773 10768//10768
f 10768//10768 10773//10773 10769//10769
f 10769//10769 10773//10773 10770//10770
f 10770//10770 10773//10773 10771//10771
f 10771//10771 10773//10773 10772//10772
f 10772//10772 10773//10773 10767//10767
f 10774//10774 10780//10780 10775//10775
f 10775//10775 10780//10780 10776//10776
f 10776//10776 10780//10780 10777//10777
f 10777//10777 10780//10780 10778//10778
f 10778//10778 10780//10780 10779//10779
f 10779//10779 10780//10780 10774//10774
f 10781//10781 10787//10787 10782//10782
f 10782//10782 10787//10787 10783//10783
f 10783//10783 10787//10787 10784//10784
f 10784//10784 10787//10787 10785//10785
f 10785//10785 10787//10787 10786//10786
f 10786//10786 10787//10787 10781//10781
f 10788//10788 10794//10794 10789//10789
f 10789//10789 10794//10794 10790//10790
f 10790//10790 10794//10794 10791//10791
f 10791//10791 10794//10794 10792//10792
f 10792//10792 10794//10794 10793//10793
f 10793//10793 10794//10794 10788//10788
f 10795//10795 10801//10801 10796//10796
f 10796//10796 10801//10801 10797//10797
f 10797//10797 10801//10801 10798//10798
f 10798//10798 10801//10801 10799//10799
f 10799//10799 10801//10801 10800//10800
f 10800//10800 10801//10801 10795//10795
f 10802//10802 10808//10808 10803//10803
f 10803//10803 10808//10808 10804//10804
f 10804//10804 10808//10808 10805//10805
f 10805//10805 10808//10808 10806//10806
f 10806//10806 10808//10808 10807//10807
f 10807//10807 10808//10808 10802//10802
f 10809//10809 10815//10815 10810//10810
f 10810//10810 10815//10815 10811//10811
f 10811//10811 10815//10815 10812//10812
f 10812//10812 10815//10815 10813//10813
f 10813//10813 10815//10815 10814//10814
f 10814//10814 10815//10815 10809//10809
f 10816//10816 10822//10822 10817//10817
f 10817//10817 10822//10822 10818//10818
f 10818//10818 10822//10822 10819//10819
f 10819//10819 10822//10822 10820//10820
f 10820//10820 10822//10822 10821//10821
f 10821//10821 10822//10822 10816//10816
f 10823//10823 10829//10829 10824//10824
f 10824//10824 10829//10829 10825//10825
f 10825//10825 10829//10829 10826//10826
f 10826//10826 10829//10829 10827//10827
f 10827//10827 10829//10829 10828//10828
f 10828//10828 10829//10829 10823//10823
f 10830//10830 10836//10836 10831//10831
f 10831//10831 10836//10836 10832//10832
f 10832//10832 10836//10836 10833//10833
f 10833//10833 10836//10836 10834//10834
f 10834//10834 10836//10836 10835//10835
f 10835//10835 10836//10836 10830//10830
f 10837//10837 10843//10843 10838//10838
f 10838//10838 10843//10843 10839//10839
f 10839//10839 10843//10843 10840//10840
f 10840//10840 10843//10843 10841//10841
f 10841//10841 10843//10843 10842//10842
f 10842//10842 10843//10843 10837//10837
f 10844//10844 10850//10850 10845//10845
f 10845//10845 10850//10850 10846//10846
f 10846//10846 10850//10850 10847//10847
f 10847//10847 10850//10850 10848//10848
f 10848//10848 10850//10850 10849//10849
f 10849//10849 10850//10850 10844//10844
f 10851//10851 10857//10857 10852//10852
f 10852//10852 10857//10857 10853//10853
f 10853//10853 10857//10857 10854//10854
f 10854//10854 10857//10857 10855//10855
f 10855//10855 10857//10857 10856//10856
f 10856//10856 10857//10857 10851//10851
f 10858//10858 10864//10864 10859//10859
f 10859//10859 10864//10864 10860//10860
f 10860//10860 10864//10864 10861//10861
f 10861//10861 10864//10864 10862//10862
f 10862//10862 10864//10864 10863//10863
f 10863//10863 10864//10864 10858//10858
f 10865//10865 10871//10871 10866//10866
f 10866//10866 10871//10871 10867//10867
f 10867//10867 10871//10871 10868//10868
f 10868//10868 10871//10871 10869//10869
f 10869//10869 10871//10871 10870//10870
f 10870//10870 10871//10871 10865//10865
f 10872//10872 10878//10878 10873//10873
f 10873//10873 10878//10878 10874//10874
f 10874//10874 10878//10878 10875//10875
f 10875//10875 10878//10878 10876//10876
f 10876//10876 10878//10878 10877//10877
f 10877//10877 10878//10878 10872//10872
f 10879//10879 10885//10885 10880//10880
f 10880//10880 10885//10885 10881//10881
f 10881//10881 10885//10885 10882//10882
f 10882//10882 10885//10885 10883//10883
f 10883//10883 10885//10885 10884//10884
f 10884//10884 10885//10885 10879//10879
f 10886//10886 10892//10892 10887//10887
f 10887//10887 10892//10892 10888//10888
f 10888//10888 10892//10892 10889//10889
f 10889//10889 10892//10892 10890//10890
f 10890//10890 10892//10892 10891//10891
f 10891//10891 10892//10892 10886//10886
f 10893//10893 10899//10899 10894//10894
f 10894//10894 10899//10899 10895//10895
f 10895//10895 10899//10899 10896//10896
f 10896//10896 10899//10899 10897//10897
f 10897//10897 10899//10899 10898//10898
f 10898//10898 10899//10899 10893//10893
f 10900//10900 10906//10906 10901//10901
f 10901//10901 10906//10906 10902//10902
f 10902//10902 10906//10906 10903//10903
f 10903//10903 10906//10906 10904//10904
f 10904//10904 10906//10906 10905//10905
f 10905//10905 10906//10906 10900//10900
f 10907//10907 10913//10913 10908//10908
f 10908//10908 10913//10913 10909//10909
f 10909//10909 10913//10913 10910//10910
f 10910//10910 10913//10913 10911//10911
f 10911//10911 10913//10913 10912//10912
f 10912//10912 10913//10913 10907//10907
f 10914//10914 10920//10920 10915//10915
f 10915//10915 10920//10920 10916//10916
f 10916//10916 10920//10920 10917//10917
f 10917//10917 10920//10920 10918//10918
f 10918//10918 10920//10920 10919//10919
f 10919//10919 10920//10920 10914//10914
f 10921//10921 10927//10927 10922//10922
f 10922//10922 10927//10927 10923//10923
f 10923//10923 10927//10927 10924//10924
f 10924//10924 10927//10927 10925//10925
f 10925//10925 10927//10927 10926//10926
f 10926//10926 10927//10927 10921//10921
f 10928//10928 10934//10934 10929//10929
f 10929//10929 10934//10934 10930//10930
f 10930//10930 10934//10934 10931//10931
f 10931//10931 10934//10934 10932//10932
f 10932//10932 10934//10934 10933//10933
f 10933//10933 10934//10934 10928//10928
f 10935//10935 10941//10941 10936//10936
f 10936//10936 10941//10941 10937//10937
f 10937//10937 10941//10941 10938//10938
f 10938//10938 10941//10941 10939//10939
f 10939//10939 10941//10941 10940//10940
f 10940//10940 10941//10941 10935//10935
f 10942//10942 10948//10948 10943//10943
f 10943//10943 10948//10948 10944//10944
f 10944//10944 10948//10948 10945//10945
f 10945//10945 10948//10948 10946//10946
f 10946//10946 10948//10948 10947//10947
f 10947//10947 10948//10948 10942//10942
f 10949//10949 10955//10955 10950//10950
f 10950//10950 10955//10955 10951//10951
f 10951//10951 10955//10955 10952//10952
f 10952//10952 10955//10955 10953//10953
f 10953//10953 10955//10955 10954//10954
f 10954//10954 10955//10955 10949//10949
f 10956//10956 10962//10962 10957//10957
f 10957//10957 10962//10962 10958//10958
f 10958//10958 10962//10962 10959//10959
f 10959//10959 10962//10962 10960//10960
f 10960//10960 10962//10962 10961//10961
f 10961//10961 10962//10962 10956//10956
f 10963//10963 10969//10969 10964//10964
f 10964//10964 10969//10969 10965//10965
f 10965//10965 10969//10969 10966//10966
f 10966//10966 10969//10969 10967//10967
f 10967//10967 10969//10969 10968//10968
f 10968//10968 10969//10969 10963//10963
f 10970//10970 10976//10976 10971//10971
f 10971//10971 10976//10976 10972//10972
f 10972//10972 10976//10976 10973//10973
f 10973//10973 10976//10976 10974//10974
f 10974//10974 10976//10976 10975//10975
f 10975//10975 10976//10976 10970//10970
f 10977//10977 10983//10983 10978//10978
f 10978//10978 10983//10983 10979//10979
f 10979//10979 10983//10983 10980//10980
f 10980//10980 10983//10983 10981//10981
f 10981//10981 10983//10983 10982//10982
f 10982//10982 10983//10983 10977//10977
f 10984//10984 10990//10990 10985//10985
f 10985//10985 10990//10990 10986//10986
f 10986//10986 10990//10990 10987//10987
f 10987//10987 10990//10990 10988//10988
f 10988//10988 10990//10990 10989//10989
f 10989//10989 10990//10990 10984//10984
f 10991//10991 10997//10997 10992//10992
f 10992//10992 10997//10997 10993//10993
f 10993//10993 10997//10997 10994//10994
f 10994//10994 10997//10997 10995//10995
f 10995//10995 10997//10997 10996//10996
f 10996//10996 10997//10997 10991//10991
f 10998//10998 11004//11004 10999//10999
f 10999//10999 11004//11004 11000//11000
f 11000//11000 11004//11004 11001//11001
f 11001//11001 11004//11004 11002//11002
f 11002//11002 11004//11004 11003//11003
f 11003//11003 11004//11004 10998//10998
f 11005//11005 11011//11011 11006//11006
f 11006//11006 11011//11011 11007//11007
f 11007//11007 11011//11011 11008//11008
f 11008//11008 11011//11011 11009//11009
f 11009//11009 11011//11011 11010//11010
f 11010//11010 11011//11011 11005//11005
f 11012//11012 11018//11018 11013//11013
f 11013//11013 11018//11018 11014//11014
f 11014//11014 11018//11018 11015//11015
f 11015//11015 11018//11018 11016//11016
f 11016//11016 11018//11018 11017//11017
f 11017//11017 11018//11018 11012//11012
f 11019//11019 11025//11025 11020//11020
f 11020//11020 11025//11025 11021//11021
f 11021//11021 11025//11025 11022//11022
f 11022//11022 11025//11025 11023//11023
f 11023//11023 11025//11025 11024//11024
f 11024//11024 11025//11025 11019//11019
f 11026//11026 11032//11032 11027//11027
f 11027//11027 11032//11032 11028//11028
f 11028//11028 11032//11032 11029//11029
f 11029//11029 11032//11032 11030//11030
f 11030//11030 11032//11032 11031//11031
f 11031//11031 11032//11032 11026//11026
f 11033//11033 11039//11039 11034//11034
f 11034//11034 11039//11039 11035//11035
f 11035//11035 11039//11039 11036//11036
f 11036//11036 11039//11039 11037//11037
f 11037//11037 11039//11039 11038//11038
f 11038//11038 11039//11039 11033//11033
f 11040//11040 11046//11046 11041//11041
f 11041//11041 11046//11046 11042//11042
f 11042//11042 11046//11046 11043//11043
f 11043//11043 11046//11046 11044//11044
f 11044//11044 11046//11046 11045//11045
f 11045//11045 11046//11046 11040//11040
f 11047//11047 11053//11053 11048//11048
f 11048//11048 11053//11053 11049//11049
f 11049//11049 11053//11053 11050//11050
f 11050//11050 11053//11053 11051//11051
f 11051//11051 11053//11053 11052//11052
f 11052//11052 11053//11053 11047//11047
f 11054//11054 11060//11060 11055//11055
f 11055//11055 11060//11060 11056//11056
f 11056//11056 11060//11060 11057//11057
f 11057//11057 11060//11060 11058//11058
f 11058//11058 11060//11060 11059//11059
f 11059//11059 11060//11060 11054//11054
f 11061//11061 11067//11067 11062//11062
f 11062//11062 11067//11067 11063//11063
f 11063//11063 11067//11067 11064//11064
f 11064//11064 11067//11067 11065//11065
f 11065//11065 11067//11067 11066//11066
f 11066//11066 11067//11067 11061//11061
f 11068//11068 11074//11074 11069//11069
f 11069//11069 11074//11074 11070//11070
f 11070//11070 11074//11074 11071//11071
f 11071//11071 11074//11074 11072//11072
f 11072//11072 11074//11074 11073//11073
f 11073//11073 11074//11074 11068//11068
f 11075//11075 11081//11081 11076//11076
f 11076//11076 11081//11081 11077//11077
f 11077//11077 11081//11081 11078//11078
f 11078//11078 11081//11081 11079//11079
f 11079//11079 11081//11081 11080//11080
f 11080//11080 11081//11081 11075//11075
f 11082//11082 11088//11088 11083//11083
f 11083//11083 11088//11088 11084//11084
f 11084//11084 11088//11088 11085//11085
f 11085//11085 11088//11088 11086//11086
f 11086//11086 11088//11088 11087//11087
f 11087//11087 11088//11088 11082//11082
f 11089//11089 11095//11095 11090//11090
f 11090//11090 11095//11095 11091//11091
f 11091//11091 11095//11095 11092//11092
f 11092//11092 11095//11095 11093//11093
f 11093//11093 11095//11095 11094//11094
f 11094//11094 11095//11095 11089//11089
f 11096//11096 11102//11102 11097//11097
f 11097//11097 11102//11102 11098//11098
f 11098//11098 11102//11102 11099//11099
f 11099//11099 11102//11102 11100//11100
f 11100//11100 11102//11102 11101//11101
f 11101//11101 11102//11102 11096//11096
f 11103//11103 11109//11109 11104//11104
f 11104//11104 11109//11109 11105//11105
f 11105//11105 11109//11109 11106//11106
f 11106//11106 11109//11109 11107//11107
f 11107//11107 11109//11109 11108//11108
f 11108//11108 11109//11109 11103//11103
f 11110//11110 11116//11116 11111//11111
f 11111//11111 11116//11116 11112//11112
f 11112//11112 11116//11116 11113//11113
f 11113//11113 11116//11116 11114//11114
f 11114//11114 11116//11116 11115//11115
f 11115//11115 11116//11116 11110//11110
f 11117//11117 11123//11123 11118//11118
f 11118//11118 11123//11123 11119//11119
f 11119//11119 11123//11123 11120//11120
f 11120//11120 11123//11123 11121//11121
f 11121//11121 11123//11123 11122//11122
f 11122//11122 11123//11123 11117//11117
f 11124//11124 11130//11130 11125//11125
f 11125//11125 11130//11130 11126//11126
f 11126//11126 11130//11130 11127//11127
f 11127//11127 11130//11130 11128//11128
f 11128//11128 11130//11130 11129//11129
f 11129//11129 11130//11130 11124//11124
f 11131//11131 11137//11137 11132//11132
f 11132//11132 11137//11137 11133//11133
f 11133//11133 11137//11137 11134//11134
f 11134//11134 11137//11137 11135//11135
f 11135//11135 11137//11137 11136//11136
f 11136//11136 11137//11137 11131//11131
f 11138//11138 11144//11144 11139//11139
f 11139//11139 11144//11144 11140//11140
f 11140//11140 11144//11144 11141//11141
f 11141//11141 11144//11144 11142//11142
f 11142//11142 11144//11144 11143//11143
f 11143//11143 11144//11144 11138//11138
f 11145//11145 11151//11151 11146//11146
f 11146//11146 11151//11151 11147//11147
f 11147//11147 11151//11151 11148//11148
f 11148//11148 11151//11151 11149//11149
f 11149//11149 11151//11151 11150//11150
f 11150//11150 11151//11151 11145//11145
f 11152//11152 11158//11158 11153//11153
f 11153//11153 11158//11158 11154//11154
f 11154//11154 11158//11158 11155//11155
f 11155//11155 11158//11158 11156//11156
f 11156//11156 11158//11158 11157//11157
f 11157//11157 11158//11158 11152//11152
f 11159//11159 11165//11165 11160//11160
f 11160//11160 11165//11165 11161//11161
f 11161//11161 11165//11165 11162//11162
f 11162//11162 11165//11165 11163//11163
f 11163//11163 11165//11165 11164//11164
f 11164//11164 11165//11165 11159//11159
f 11166//11166 11172//11172 11167//11167
f 11167//11167 11172//11172 11168//11168
f 11168//11168 11172//11172 11169//11169
f 11169//11169 11172//11172 11170//11170
f 11170//11170 11172//11172 11171//11171
f 11171//11171 11172//11172 11166//11166
f 11173//11173 11179//11179 11174//11174
f 11174//11174 11179//11179 11175//11175
f 11175//11175 11179//11179 11176//11176
f 11176//11176 11179//11179 11177//11177
f 11177//11177 11179//11179 11178//11178
f 11178//11178 11179//11179 11173//11173
f 11180//11180 11186//11186 11181//11181
f 11181//11181 11186//11186 11182//11182
f 11182//11182 11186//11186 11183//11183
f 11183//11183 11186//11186 11184//11184
f 11184//11184 11186//11186 11185//11185
f 11185//11185 11186//11186 11180//11180
f 11187//11187 11193//11193 11188//11188
f 11188//11188 11193//11193 11189//11189
f 11189//11189 11193//11193 11190//11190
f 11190//11190 11193//11193 11191//11191
f 11191//11191 11193//11193 11192//11192
f 11192//11192 11193//11193 11187//11187
f 11194//11194 11200//11200 11195//11195
f 11195//11195 11200//11200 11196//11196
f 11196//11196 11200//11200 11197//11197
f 11197//11197 11200//11200 11198//11198
f 11198//11198 11200//11200 11199//11199
f 11199//11199 11200//11200 11194//11194
f 11201//11201 11207//11207 11202//11202
f 11202//11202 11207//11207 11203//11203
f 11203//11203 11207//11207 11204//11204
f 11204//11204 11207//11207 11205//11205
f 11205//11205 11207//11207 11206//11206
f 11206//11206 11207//11207 11201//11201
f 11208//11208 11214//11214 11209//11209
f 11209//11209 11214//11214 11210//11210
f 11210//11210 11214//11214 11211//11211
f 11211//11211 11214//11214 11212//11212
f 11212//11212 11214//11214 11213//11213
f 11213//11213 11214//11214 11208//11208
f 11215//11215 11221//11221 11216//11216
f 11216//11216 11221//11221 11217//11217
f 11217//11217 11221//11221 11218//11218
f 11218//11218 11221//11221 11219//11219
f 11219//11219 11221//11221 11220//11220
f 11220//11220 11221//11221 11215//11215
f 11222//11222 11228//11228 11223//11223
f 11223//11223 11228//11228 11224//11224
f 11224//11224 11228//11228 11225//11225
f 11225//11225 11228//11228 11226//11226
f 11226//11226 11228//11228 11227//11227
f 11227//11227 11228//11228 11222//11222
f 11229//11229 11235//11235 11230//11230
f 11230//11230 11235//11235 11231//11231
f 11231//11231 11235//11235 11232//11232
f 11232//11232 11235//11235 11233//11233
f 11233//11233 11235//11235 11234//11234
f 11234//11234 11235//11235 11229//11229
f 11236//11236 11242//11242 11237//11237
f 11237//11237 11242//11242 11238//11238
f 11238//11238 11242//11242 11239//11239
f 11239//11239 11242//11242 11240//11240
f 11240//11240 11242//11242 11241//11241
f 11241//11241 11242//11242 11236//11236
f 11243//11243 11249//11249 11244//11244
f 11244//11244 11249//11249 11245//11245
f 11245//11245 11249//11249 11246//11246
f 11246//11246 11249//11249 11247//11247
f 11247//11247 11249//11249 11248//11248
f 11248//11248 11249//11249 11243//11243
f 11250//11250 11256//11256 11251//11251
f 11251//11251 11256//11256 11252//11252
f 11252//11252 11256//11256 11253//11253
f 11253//11253 11256//11256 11254//11254
f 11254//11254 11256//11256 11255//11255
f 11255//11255 11256//11256 11250//11250
f 11257//11257 11263//11263 11258//11258
f 11258//11258 11263//11263 11259//11259
f 11259//11259 11263//11263 11260//11260
f 11260//11260 11263//11263 11261//11261
f 11261//11261 11263//11263 11262//11262
f 11262//11262 11263//11263 11257//11257
f 11264//11264 11270//11270 11265//11265
f 11265//11265 11270//11270 11266//11266
f 11266//11266 11270//11270 11267//11267
f 11267//11267 11270//11270 11268//11268
f 11268//11268 11270//11270 11269//11269
f 11269//11269 11270//11270 11264//11264
f 11271//11271 11277//11277 11272//11272
f 11272//11272 11277//11277 11273//11273
f 11273//11273 11277//11277 11274//11274
f 11274//11274 11277//11277 11275//11275
f 11275//11275 11277//11277 11276//11276
f 11276//11276 11277//11277 11271//11271
f 11278//11278 11284//11284 11279//11279
f 11279//11279 11284//11284 11280//11280
f 11280//11280 11284//11284 11281//11281
f 11281//11281 11284//11284 11282//11282
f 11282//11282 11284//11284 11283//11283
f 11283//11283 11284//11284 11278//11278
f 11285//11285 11291//11291 11286//11286
f 11286//11286 11291//11291 11287//11287
f 11287//11287 11291//11291 11288//11288
f 11288//11288 11291//11291 11289//11289
f 11289//11289 11291//11291 11290//11290
f 11290//11290 11291//11291 11285//11285
f 11292//11292 11298//11298 11293//11293
f 11293//11293 11298//11298 11294//11294
f 11294//11294 11298//11298 11295//11295
f 11295//11295 11298//11298 11296//11296
f 11296//11296 11298//11298 11297//11297
f 11297//11297 11298//11298 11292//11292
f 11299//11299 11305//11305 11300//11300
f 11300//11300 11305//11305 11301//11301
f 11301//11301 11305//11305 11302//11302
f 11302//11302 11305//11305 11303//11303
f 11303//11303 11305//11305 11304//11304
f 11304//11304 11305//11305 11299//11299
