# Tree_Leaves_Yellow: 1962 triangles, generated by tools/statue_gen
o Tree_Leaves_Yellow
v -0.65353 3.50927 0.26932
v -0.64610 3.50361 0.22063
v -0.66122 3.48846 0.18424
v -0.65918 3.41543 0.16821
v -0.65009 3.42586 0.24172
v -0.63894 3.46337 0.25759
v -0.66170 3.45702 0.21400
v -0.68346 3.25393 -1.17599
v -0.72624 3.25365 -1.16097
v -0.74957 3.25457 -1.13021
v -0.75892 3.19962 -1.09055
v -0.70225 3.19210 -1.12813
v -0.69582 3.21349 -1.15963
v -0.72274 3.22587 -1.12531
v -0.66036 3.87664 0.02707
v -0.68490 3.91417 0.00036
v -0.71143 3.94979 0.00235
v -0.78902 3.94298 0.01393
v -0.75257 3.87649 0.03518
v -0.71135 3.86705 0.02147
v -0.73102 3.91528 0.02477
v -0.45990 3.53357 -0.45274
v -0.48153 3.53877 -0.39869
v -0.49950 3.56957 -0.36396
v -0.44663 3.62203 -0.31676
v -0.40473 3.59401 -0.38911
v -0.42061 3.55448 -0.41486
v -0.45458 3.58732 -0.38047
v 0.11487 3.62632 -0.43073
v 0.07461 3.62876 -0.39496
v 0.03039 3.61976 -0.38640
v -0.02927 3.66599 -0.41674
v 0.03963 3.67861 -0.45811
v 0.08054 3.66659 -0.44106
v 0.03370 3.64422 -0.42649
v -0.42053 3.26423 -0.52465
v -0.45295 3.30183 -0.50546
v -0.47412 3.31848 -0.46900
v -0.53974 3.28350 -0.43868
v -0.50065 3.23210 -0.48643
v -0.47000 3.24630 -0.51667
v -0.48362 3.27314 -0.47277
v -0.69094 4.01484 -0.05095
v -0.70052 4.05358 -0.06210
v -0.72521 4.07522 -0.07503
v -0.73965 4.07595 -0.13584
v -0.70934 4.02316 -0.12161
v -0.69032 4.02011 -0.09205
v -0.72162 4.04678 -0.09710
v -0.02075 3.23317 -0.37901
v -0.02602 3.18144 -0.37822
v -0.05013 3.14698 -0.36433
v -0.04744 3.12213 -0.28996
v -0.01909 3.19511 -0.29502
v -0.00607 3.21238 -0.33367
v -0.04043 3.17365 -0.32887
v -0.33157 3.11468 -0.11533
v -0.34435 3.13894 -0.14915
v -0.37246 3.15661 -0.16565
v -0.41880 3.12413 -0.19901
v -0.38649 3.08292 -0.15935
v -0.35336 3.09157 -0.14510
v -0.38281 3.12075 -0.15840
v -0.60720 3.65618 0.34631
v -0.64511 3.69726 0.35852
v -0.68970 3.70777 0.37514
v -0.76008 3.69649 0.32643
v -0.69406 3.65126 0.29406
v -0.64791 3.66093 0.30639
v -0.69339 3.67389 0.33860
v -0.08272 3.13976 -1.23826
v -0.12596 3.15229 -1.21879
v -0.14578 3.17176 -1.18759
v -0.15164 3.14143 -1.12034
v -0.09762 3.10828 -1.15854
v -0.09500 3.11148 -1.20011
v -0.11756 3.14402 -1.17117
v -0.08793 2.45080 -1.92402
v -0.07941 2.49371 -1.96262
v -0.08881 2.54096 -1.97479
v -0.16654 2.56558 -2.00794
v -0.17392 2.48717 -1.96862
v -0.13413 2.45913 -1.95865
v -0.13280 2.51707 -1.96532
v -1.39587 3.38437 0.36419
v -1.38584 3.37227 0.40054
v -1.39593 3.36744 0.43236
v -1.40236 3.41297 0.47051
v -1.40141 3.43326 0.41431
v -1.38935 3.41459 0.38894
v -1.40351 3.39981 0.42285
v -0.48145 3.57799 -0.42906
v -0.50306 3.55918 -0.45953
v -0.51344 3.56023 -0.49360
v -0.55941 3.59884 -0.51307
v -0.53731 3.61795 -0.45713
v -0.51841 3.59628 -0.43609
v -0.52171 3.59199 -0.47757
v -0.22412 3.73402 -0.48251
v -0.27186 3.70892 -0.49274
v -0.29396 3.67551 -0.51688
v -0.31281 3.68496 -0.59699
v -0.25449 3.73947 -0.57487
v -0.24649 3.75003 -0.53002
v -0.26923 3.70313 -0.54728
v -0.39414 3.73766 -0.20636
v -0.38197 3.77279 -0.21769
v -0.39042 3.80214 -0.23045
v -0.40176 3.80878 -0.28760
v -0.40477 3.75208 -0.27293
v -0.39119 3.74061 -0.24500
v -0.40224 3.77746 -0.25053
v -0.42191 2.84327 0.69320
v -0.44044 2.87695 0.66955
v -0.46965 2.90176 0.66660
v -0.53105 2.88226 0.64455
v -0.49485 2.82795 0.66399
v -0.45664 2.82950 0.66787
v -0.48402 2.86528 0.67057
v -0.48721 3.57066 -0.02692
v -0.50609 3.51893 -0.05057
v -0.54609 3.49147 -0.06643
v -0.60212 3.45110 -0.00807
v -0.55435 3.51526 0.03408
v -0.51140 3.53422 0.01405
v -0.55520 3.50858 -0.01782
v -0.01270 3.20681 -0.58672
v -0.05727 3.20722 -0.61016
v -0.08759 3.23106 -0.62892
v -0.13657 3.27255 -0.58828
v -0.07650 3.25393 -0.54565
v -0.05014 3.22192 -0.55662
v -0.07888 3.24753 -0.58909
v -0.85176 3.87445 -0.34502
v -0.86382 3.90789 -0.39512
v -0.88436 3.95208 -0.41419
v -0.97600 3.96412 -0.42114
v -0.95736 3.89489 -0.36240
v -0.91075 3.87112 -0.36183
v -0.92037 3.92821 -0.38238
v -0.65372 3.26754 -0.63785
v -0.62717 3.26530 -0.68194
v -0.59790 3.28495 -0.70807
v -0.61713 3.34588 -0.75234
v -0.66996 3.33595 -0.69620
v -0.67350 3.29809 -0.67431
v -0.63068 3.31410 -0.69806
v -0.25346 3.63820 -0.57115
v -0.31139 3.63079 -0.57446
v -0.35035 3.62057 -0.60377
v -0.38396 3.68076 -0.65887
v -0.30258 3.70435 -0.63419
v -0.28068 3.68465 -0.59402
v -0.32343 3.65876 -0.62440
v -0.49876 3.46437 -0.13871
v -0.47436 3.43025 -0.13237
v -0.44406 3.41719 -0.11764
v -0.38671 3.42732 -0.14420
v -0.42928 3.46924 -0.16716
v -0.46486 3.46371 -0.16420
v -0.43572 3.44662 -0.13854
v 0.07538 3.47728 -1.22008
v 0.05016 3.47710 -1.26601
v 0.02433 3.49990 -1.29436
v -0.05301 3.50971 -1.28134
v -0.01667 3.48865 -1.21438
v 0.02381 3.46987 -1.21459
v 0.00514 3.50042 -1.25283
v -0.68516 3.79102 -0.28550
v -0.66515 3.82102 -0.30670
v -0.65473 3.83294 -0.33861
v -0.60578 3.80739 -0.36917
v -0.62626 3.76802 -0.32429
v -0.64685 3.77928 -0.29749
v -0.64391 3.79828 -0.33464
v -0.61218 3.57964 -0.17798
v -0.61186 3.60191 -0.21749
v -0.63181 3.62383 -0.24227
v -0.67974 3.59724 -0.28324
v -0.66633 3.55421 -0.23175
v -0.63406 3.55715 -0.21072
v -0.65290 3.59142 -0.23370
v -0.73299 3.26398 -0.66052
v -0.78550 3.28008 -0.63705
v -0.80942 3.30447 -0.59936
v -0.81709 3.26853 -0.51709
v -0.75170 3.22693 -0.56306
v -0.74839 3.23023 -0.61371
v -0.77548 3.27054 -0.57895
v -1.20375 3.44005 -0.04183
v -1.24464 3.44483 -0.01393
v -1.27439 3.47107 0.00092
v -1.26032 3.51894 0.05695
v -1.19596 3.49519 0.02657
v -1.19422 3.46034 0.00256
v -1.23519 3.48763 0.00957
v -0.81147 3.79245 -0.33995
v -0.83303 3.75396 -0.30738
v -0.83468 3.70856 -0.29656
v -0.87651 3.65431 -0.34295
v -0.86252 3.72361 -0.38593
v -0.85093 3.76364 -0.36484
v -0.84263 3.71382 -0.34348
v -0.73208 3.47959 -0.43803
v -0.71203 3.43107 -0.45990
v -0.69470 3.40857 -0.49914
v -0.74615 3.38328 -0.56299
v -0.78596 3.44182 -0.51450
v -0.77069 3.45244 -0.46977
v -0.73775 3.43051 -0.51062
v -0.25168 3.24667 0.45636
v -0.20980 3.25876 0.48999
v -0.17023 3.28320 0.49592
v -0.09901 3.26034 0.45979
v -0.16322 3.22359 0.42204
v -0.20530 3.22044 0.44249
v -0.16755 3.25861 0.45470
v 0.37736 3.85578 -0.84317
v 0.37075 3.81629 -0.83616
v 0.38367 3.78420 -0.83739
v 0.38853 3.75342 -0.89022
v 0.38182 3.81337 -0.90130
v 0.36956 3.83505 -0.87725
v 0.38769 3.79959 -0.86912
v -0.33641 3.42113 -0.50982
v -0.34596 3.45987 -0.53516
v -0.33933 3.49928 -0.54003
v -0.36972 3.54789 -0.49763
v -0.37224 3.48359 -0.46689
v -0.36711 3.44979 -0.48814
v -0.35056 3.49216 -0.50096
v -0.79684 3.52550 -0.36827
v -0.77990 3.48318 -0.40215
v -0.74931 3.46909 -0.43687
v -0.75996 3.49272 -0.51854
v -0.80519 3.54403 -0.46693
v -0.81582 3.53136 -0.42148
v -0.77184 3.51094 -0.45104
v -0.25984 3.56824 -1.36162
v -0.23192 3.58355 -1.32173
v -0.20038 3.60987 -1.30753
v -0.12612 3.59538 -1.32182
v -0.17066 3.55519 -1.37009
v -0.21282 3.54839 -1.36194
v -0.18568 3.58724 -1.34300
v -0.52436 3.44712 -0.86224
v -0.52780 3.41306 -0.83787
v -0.53905 3.39974 -0.80661
v -0.50701 3.40952 -0.75279
v -0.48915 3.45161 -0.79670
v -0.49572 3.44640 -0.83150
v -0.51784 3.42900 -0.80029
v -0.28907 2.88479 -1.31361
v -0.25685 2.84061 -1.29726
v -0.21610 2.81519 -1.30477
v -0.20867 2.76003 -1.37048
v -0.27411 2.81419 -1.38460
v -0.29414 2.83997 -1.34858
v -0.24090 2.81942 -1.34780
v -0.64243 3.93666 -0.14351
v -0.68202 3.90371 -0.11641
v -0.71413 3.86614 -0.12024
v -0.79162 3.87563 -0.16041
v -0.73740 3.94064 -0.18375
v -0.69698 3.95160 -0.15724
v -0.72307 3.89958 -0.15745
v -0.42114 3.51890 -0.01224
v -0.38689 3.49852 -0.05223
v -0.38354 3.47419 -0.09357
v -0.39146 3.38942 -0.09637
v -0.42367 3.41942 -0.02344
v -0.41269 3.46331 -0.00714
v -0.40990 3.44777 -0.06135
v -0.06912 3.79245 -0.84847
v -0.06742 3.74901 -0.86130
v -0.07785 3.71269 -0.85342
v -0.04683 3.67621 -0.80460
v -0.03411 3.74282 -0.79581
v -0.03930 3.76838 -0.82427
v -0.06057 3.72846 -0.82150
v -0.50095 3.61729 0.18223
v -0.48116 3.62596 0.21991
v -0.48258 3.64432 0.25199
v -0.47035 3.70862 0.25542
v -0.48356 3.69148 0.19356
v -0.48178 3.65627 0.18235
v -0.48834 3.66865 0.22346
v -0.67298 3.67126 -0.14772
v -0.68533 3.70303 -0.18579
v -0.71175 3.73482 -0.19939
v -0.78420 3.72055 -0.22153
v -0.75716 3.66160 -0.17987
v -0.71452 3.65596 -0.17324
v -0.73635 3.70083 -0.18421
v -0.24000 3.61256 -0.99193
v -0.21279 3.64668 -0.96677
v -0.21328 3.68271 -0.94349
v -0.22319 3.75086 -0.97561
v -0.24612 3.69608 -1.02303
v -0.23390 3.65528 -1.01790
v -0.23545 3.68939 -0.98088
v -0.46217 3.43681 0.07147
v -0.45263 3.39182 0.10753
v -0.46455 3.36990 0.15059
v -0.43536 3.40070 0.22787
v -0.42777 3.46278 0.16573
v -0.42898 3.45153 0.11726
v -0.45284 3.41879 0.15937
v -0.80131 3.21157 1.21834
v -0.74761 3.23110 1.22445
v -0.70607 3.24401 1.20201
v -0.65076 3.18486 1.17101
v -0.72853 3.14886 1.18425
v -0.76205 3.16994 1.21304
v -0.71954 3.19818 1.18662
v -0.49387 3.49819 0.35239
v -0.45447 3.49273 0.36660
v -0.42701 3.50687 0.38504
v -0.38947 3.55183 0.35996
v -0.44393 3.54798 0.32711
v -0.46535 3.51916 0.32936
v -0.43785 3.53085 0.35920
v -0.41159 3.27946 -1.22551
v -0.42430 3.31840 -1.22478
v -0.42496 3.34846 -1.20708
v -0.46211 3.35663 -1.15836
v -0.45572 3.29632 -1.17030
v -0.44407 3.28488 -1.20114
v -0.43623 3.32203 -1.18576
v -0.61885 3.48540 -0.52493
v -0.66776 3.47743 -0.49144
v -0.71642 3.46241 -0.49022
v -0.78286 3.51431 -0.52238
v -0.70339 3.54204 -0.55489
v -0.65938 3.52863 -0.53301
v -0.71031 3.49762 -0.52831
v -0.49991 3.78940 0.07800
v -0.50931 3.78612 0.02732
v -0.49235 3.78699 -0.01326
v -0.47132 3.85381 -0.04739
v -0.47772 3.86395 0.02961
v -0.49990 3.83559 0.05488
v -0.47897 3.82376 0.00917
v -0.17920 3.57714 -0.68051
v -0.22040 3.55758 -0.71344
v -0.24211 3.51889 -0.73155
v -0.20789 3.47422 -0.79510
v -0.14868 3.52268 -0.75834
v -0.16034 3.56001 -0.73066
v -0.19386 3.51587 -0.74028
v -0.52723 3.41157 -0.38964
v -0.51281 3.42188 -0.33720
v -0.49219 3.40540 -0.29813
v -0.53050 3.35058 -0.24808
v -0.56732 3.35157 -0.32305
v -0.56111 3.38728 -0.35322
v -0.52552 3.37371 -0.31304
v -0.64557 3.17232 0.72719
v -0.63250 3.18568 0.67952
v -0.61876 3.17209 0.64041
v -0.54516 3.15214 0.62794
v -0.56017 3.15214 0.70374
v -0.59484 3.17285 0.72022
v -0.59139 3.15609 0.67196
v -0.36565 3.46253 -0.72095
v -0.38041 3.48799 -0.67737
v -0.41462 3.50257 -0.65241
v -0.45686 3.56654 -0.67288
v -0.41642 3.53940 -0.73552
v -0.38157 3.51167 -0.73080
v -0.42032 3.51695 -0.69565
v -0.26316 3.26429 0.72496
v -0.30144 3.28307 0.73332
v -0.32504 3.29481 0.75930
v -0.36236 3.25302 0.79334
v -0.31259 3.22095 0.76519
v -0.29344 3.23559 0.73710
v -0.31558 3.25876 0.76644
v -1.05680 3.32594 -0.41919
v -1.05850 3.30097 -0.46213
v -1.04370 3.26824 -0.48453
v -0.97585 3.26980 -0.51642
v -0.98057 3.32256 -0.46333
v -1.01791 3.33589 -0.44850
v -1.01027 3.29152 -0.46956
v -1.13099 3.19178 -0.35527
v -1.12745 3.23354 -0.34986
v -1.11430 3.26447 -0.36276
v -1.05260 3.27955 -0.35717
v -1.06074 3.21695 -0.34819
v -1.09301 3.20299 -0.34050
v -1.08703 3.23970 -0.36057
v -0.39456 3.83777 0.14210
v -0.44973 3.86207 0.14429
v -0.49574 3.86191 0.16718
v -0.55738 3.79714 0.15018
v -0.47481 3.76941 0.12375
v -0.43628 3.80260 0.11637
v -0.48373 3.81286 0.15219
v -0.60901 3.51606 -0.25555
v -0.63140 3.47738 -0.23936
v -0.64034 3.43842 -0.24571
v -0.69003 3.41847 -0.29342
v -0.66916 3.48586 -0.30631
v -0.64993 3.50788 -0.27832
v -0.65036 3.46037 -0.27948
v 0.77861 3.67612 -0.16769
v 0.78527 3.69382 -0.20743
v 0.81025 3.70777 -0.23164
v 0.83576 3.76861 -0.22424
v 0.80893 3.74804 -0.16710
v 0.78442 3.71971 -0.16594
v 0.81422 3.72553 -0.19780
v -0.34550 3.54017 -0.34444
v -0.34105 3.50202 -0.30134
v -0.31205 3.48230 -0.26687
v -0.25045 3.42402 -0.28678
v -0.27495 3.46727 -0.35831
v -0.31720 3.49236 -0.36012
v -0.28869 3.47993 -0.31149
v -0.82390 3.76668 -0.48525
v -0.86193 3.78528 -0.52470
v -0.88750 3.77447 -0.56543
v -0.84983 3.77299 -0.64418
v -0.78898 3.76828 -0.58175
v -0.79859 3.78130 -0.53519
v -0.83864 3.76424 -0.57332
v -0.28183 3.20418 -1.16886
v -0.25790 3.21416 -1.21889
v -0.23649 3.24638 -1.24729
v -0.28074 3.30672 -1.28763
v -0.32683 3.27439 -1.22393
v -0.31597 3.23217 -1.20387
v -0.27907 3.26494 -1.23103
v -0.69257 3.87034 0.26146
v -0.67644 3.90469 0.24470
v -0.68294 3.93614 0.22996
v -0.70281 3.94126 0.17083
v -0.71204 3.88295 0.19162
v -0.69514 3.87049 0.22005
v -0.70211 3.91072 0.21267
v -0.67539 3.72800 -0.11064
v -0.69956 3.73897 -0.16546
v -0.72817 3.77107 -0.19448
v -0.81967 3.77454 -0.18672
v -0.78320 3.73445 -0.11250
v -0.73494 3.71543 -0.11276
v -0.75483 3.75935 -0.14997
v -0.82762 3.54133 -0.47800
v -0.84468 3.49339 -0.47820
v -0.85280 3.45782 -0.45480
v -0.79647 3.41111 -0.43154
v -0.76756 3.47938 -0.45152
v -0.78988 3.50725 -0.47609
v -0.81099 3.47093 -0.44737
v 0.13283 3.58419 -0.69196
v 0.08818 3.56048 -0.71360
v 0.04666 3.56697 -0.73428
v -0.02017 3.59085 -0.69131
v 0.04876 3.60677 -0.64797
v 0.08953 3.58607 -0.65811
v 0.04842 3.59299 -0.69397
v -0.76267 3.69626 -0.18051
v -0.71699 3.69444 -0.21074
v -0.68713 3.71821 -0.23764
v -0.70562 3.73844 -0.31566
v -0.77453 3.71906 -0.27427
v -0.77317 3.69498 -0.23429
v -0.73167 3.72500 -0.25381
v -0.20162 3.07877 -1.13745
v -0.16836 3.09869 -1.12638
v -0.15516 3.12827 -1.11496
v -0.14758 3.17618 -1.15169
v -0.18674 3.13680 -1.17653
v -0.18866 3.10417 -1.16596
v -0.17484 3.13464 -1.14346
v 0.20274 3.73735 -0.41614
v 0.20401 3.75721 -0.35807
v 0.21915 3.79498 -0.32523
v 0.30731 3.80342 -0.29813
v 0.30236 3.75112 -0.37441
v 0.25750 3.72902 -0.38969
v 0.26125 3.77909 -0.35437
v -0.60474 3.27291 -0.47765
v -0.59938 3.28973 -0.44050
v -0.61133 3.29249 -0.40768
v -0.66088 3.32720 -0.39384
v -0.65967 3.31509 -0.45470
v -0.63046 3.30426 -0.47073
v -0.63810 3.29947 -0.43059
v -0.57193 3.59198 -0.29766
v -0.55269 3.57981 -0.26144
v -0.52820 3.55769 -0.24600
v -0.54079 3.49528 -0.23543
v -0.58214 3.51919 -0.27883
v -0.58737 3.55506 -0.28254
v -0.55193 3.53733 -0.26644
v 0.25632 3.04888 -0.49921
v 0.23296 3.01120 -0.50013
v 0.22735 2.97803 -0.51729
v 0.19516 2.97374 -0.57579
v 0.21571 3.03656 -0.56543
v 0.22547 3.04883 -0.53107
v 0.22639 3.00633 -0.54371
v -0.74594 3.72811 -0.25542
v -0.74811 3.74122 -0.29888
v -0.72853 3.74794 -0.33159
v -0.69048 3.80439 -0.33984
v -0.70324 3.79412 -0.27325
v -0.73186 3.77091 -0.26138
v -0.71135 3.76778 -0.30181
v 0.21092 3.68532 -0.57901
v 0.17442 3.68062 -0.54664
v 0.16364 3.67090 -0.50749
v 0.16090 3.60074 -0.48424
v 0.20093 3.60540 -0.54626
v 0.19839 3.63852 -0.57156
v 0.18738 3.63923 -0.52380
v -0.30335 3.74274 -1.42242
v -0.31748 3.78729 -1.40984
v -0.30729 3.82715 -1.40732
v -0.26314 3.85220 -1.35483
v -0.25615 3.77978 -1.36103
v -0.28460 3.75683 -1.38009
v -0.27746 3.80398 -1.38834
v -0.36998 3.03330 0.59778
v -0.33001 3.05142 0.63044
v -0.31193 3.05144 0.67337
v -0.34516 3.09598 0.73439
v -0.39967 3.08674 0.67312
v -0.38642 3.07412 0.63027
v -0.35814 3.06330 0.67583
v -0.20172 3.46107 -1.20183
v -0.25219 3.47795 -1.22586
v -0.30112 3.48419 -1.21949
v -0.35691 3.41601 -1.21997
v -0.27457 3.38762 -1.20671
v -0.23512 3.41587 -1.21765
v -0.28840 3.43670 -1.20595
v -0.58042 3.58607 -0.20289
v -0.56879 3.63542 -0.22427
v -0.57806 3.68136 -0.22386
v -0.64649 3.71234 -0.25923
v -0.65537 3.63076 -0.24660
v -0.61848 3.60289 -0.23889
v -0.61918 3.65702 -0.22897
v -0.63452 3.50007 0.25246
v -0.59152 3.47503 0.22441
v -0.56584 3.47282 0.18315
v -0.59693 3.43453 0.11249
v -0.66112 3.45235 0.16716
v -0.65277 3.46187 0.21413
v -0.61441 3.46902 0.17242
v -0.15404 3.39766 -0.95856
v -0.09664 3.39584 -0.94572
v -0.05003 3.40593 -0.96113
v -0.00860 3.35493 -1.02084
v -0.09610 3.34013 -1.02358
v -0.12626 3.35355 -0.98587
v -0.07412 3.37835 -0.99719
v -0.77888 3.98545 -0.86129
v -0.77671 3.97606 -0.91056
v -0.75488 3.98139 -0.94695
v -0.75583 4.04708 -0.98466
v -0.77920 4.05767 -0.91339
v -0.79234 4.02510 -0.88899
v -0.76126 4.02048 -0.92814
v -0.24549 3.42721 1.00236
v -0.23168 3.39511 1.04121
v -0.22434 3.35304 1.05377
v -0.28369 3.30320 1.06826
v -0.30956 3.36455 1.02603
v -0.28647 3.40251 1.02338
v -0.26553 3.35590 1.03431
v -0.88368 3.54193 -0.21572
v -0.90680 3.57361 -0.24129
v -0.93957 3.59609 -0.24472
v -1.00145 3.56863 -0.26497
v -0.95805 3.51727 -0.24327
v -0.91868 3.52294 -0.24036
v -0.95057 3.55719 -0.23851
v -0.14431 3.26028 -1.11718
v -0.09290 3.25112 -1.09799
v -0.05913 3.26447 -1.06757
v -0.01237 3.33288 -1.08086
v -0.08169 3.33573 -1.12809
v -0.10740 3.29693 -1.13690
v -0.07401 3.30318 -1.09286
v -0.06322 2.97939 -0.08148
v -0.08796 2.93504 -0.08312
v -0.10858 2.90437 -0.06060
v -0.07049 2.85292 -0.01840
v -0.02529 2.91285 -0.03398
v -0.03441 2.94049 -0.06601
v -0.06888 2.91173 -0.04220
v -0.85657 3.78986 0.09914
v -0.90448 3.75695 0.11844
v -0.94295 3.75249 0.15339
v -0.92695 3.72378 0.23977
v -0.84805 3.75143 0.20039
v -0.84348 3.75626 0.14865
v -0.89653 3.75911 0.17913
v -0.10831 3.22909 -1.35797
v -0.08052 3.26156 -1.31544
v -0.07439 3.26995 -1.26514
v -0.13688 3.31435 -1.21614
v -0.17335 3.28515 -1.29421
v -0.14414 3.27133 -1.33412
v -0.12575 3.27099 -1.27670
v -0.61531 3.26533 1.07334
v -0.60895 3.31694 1.10138
v -0.60249 3.34018 1.14555
v -0.66956 3.35029 1.20337
v -0.68946 3.28661 1.14426
v -0.66486 3.28250 1.10056
v -0.64284 3.30821 1.14898
v 0.15783 3.72789 -0.06538
v 0.19130 3.70804 -0.06285
v 0.20729 3.68235 -0.04916
v 0.22635 3.68391 0.00648
v 0.18571 3.72557 -0.00213
v 0.17742 3.73582 -0.03261
v 0.19290 3.70096 -0.02454
v -0.49290 3.57143 -1.25562
v -0.45473 3.56396 -1.25896
v -0.43142 3.54127 -1.26584
v -0.41659 3.49943 -1.22713
v -0.46880 3.52263 -1.21282
v -0.47876 3.55198 -1.22487
v -0.45249 3.52881 -1.24211
v 0.35631 3.56478 -0.83649
v 0.39925 3.52386 -0.82669
v 0.44747 3.51531 -0.81172
v 0.51802 3.53292 -0.86594
v 0.44435 3.57689 -0.89541
v 0.39725 3.56345 -0.88050
v 0.44734 3.55199 -0.84928
v -0.05161 2.98180 -1.47316
v -0.05849 2.96976 -1.42256
v -0.06570 2.98517 -1.38124
v -0.00794 3.01861 -1.33868
v 0.01195 3.01743 -1.41528
v -0.00857 2.99050 -1.44445
v -0.02973 3.00701 -1.39937
v -0.65991 3.28626 -0.20531
v -0.67218 3.31148 -0.25338
v -0.70627 3.32431 -0.28370
v -0.74266 3.26887 -0.33519
v -0.70364 3.22878 -0.27258
v -0.67049 3.25006 -0.24623
v -0.71051 3.27686 -0.27410
v -0.29482 3.75033 -0.24434
v -0.31196 3.69951 -0.22266
v -0.32721 3.67489 -0.18280
v -0.27177 3.65063 -0.11990
v -0.23589 3.71327 -0.16897
v -0.25325 3.72418 -0.21377
v -0.28434 3.69926 -0.17183
v -0.53838 2.47874 -1.48322
v -0.52446 2.46416 -1.43976
v -0.51405 2.47520 -1.40188
v -0.44929 2.50369 -1.38709
v -0.46282 2.50826 -1.45794
v -0.49153 2.48541 -1.47580
v -0.49114 2.49695 -1.42931
v 0.08480 3.13310 0.07080
v 0.06489 3.16666 0.06886
v 0.03503 3.18108 0.06612
v 0.00642 3.18350 0.01463
v 0.04847 3.14225 0.01250
v 0.07353 3.14169 0.03439
v 0.03878 3.15827 0.04103
v -0.63241 3.11286 -0.51560
v -0.60779 3.14313 -0.49333
v -0.57817 3.14912 -0.46987
v -0.58225 3.13636 -0.40343
v -0.63197 3.10421 -0.43640
v -0.64237 3.11425 -0.47182
v -0.60190 3.12220 -0.45403
v -0.57322 3.88867 -0.00370
v -0.62375 3.86794 0.00912
v -0.64950 3.84181 0.03974
v -0.64526 3.75727 0.04053
v -0.57819 3.78936 0.00006
v -0.57791 3.83423 -0.01639
v -0.61020 3.81611 0.02576
v 0.20504 3.45900 -0.56279
v 0.18047 3.40482 -0.55851
v 0.17014 3.36525 -0.52837
v 0.23362 3.30603 -0.50467
v 0.27172 3.38176 -0.53486
v 0.24578 3.41543 -0.56269
v 0.22086 3.37657 -0.52492
v 0.40458 3.92345 -0.29405
v 0.35143 3.91537 -0.29438
v 0.31746 3.88471 -0.29274
v 0.29804 3.83917 -0.35699
v 0.37237 3.87026 -0.36633
v 0.38673 3.90608 -0.34169
v 0.34775 3.87236 -0.32641
v -0.49014 3.69166 -0.49584
v -0.46320 3.73294 -0.47424
v -0.46554 3.77559 -0.45758
v -0.47242 3.84013 -0.50639
v -0.49294 3.77254 -0.54647
v -0.48081 3.73099 -0.53138
v -0.48558 3.77451 -0.50009
v -0.40125 3.60193 -0.37656
v -0.36612 3.61536 -0.40029
v -0.34040 3.64258 -0.40600
v -0.35594 3.69964 -0.43772
v -0.41182 3.66900 -0.41670
v -0.41203 3.63234 -0.40717
v -0.37592 3.65830 -0.40647
v 0.23606 2.85215 -0.47255
v 0.23258 2.90769 -0.45590
v 0.20466 2.94286 -0.43516
v 0.13958 2.98183 -0.47906
v 0.16180 2.90679 -0.51851
v 0.20503 2.88450 -0.50949
v 0.17865 2.92102 -0.47283
v -0.30390 3.66501 -0.01849
v -0.27872 3.70069 0.01568
v -0.28094 3.74246 0.03761
v -0.26732 3.81425 -0.00312
v -0.28397 3.75301 -0.05763
v -0.28066 3.70747 -0.04555
v -0.28920 3.74888 -0.00967
v -1.02060 3.09508 -0.58134
v -1.06555 3.10589 -0.59560
v -1.10557 3.09640 -0.59319
v -1.13362 3.03922 -0.62884
v -1.06109 3.03263 -0.62402
v -1.03696 3.06489 -0.61542
v -1.08369 3.06172 -0.60334
v -0.51427 4.05377 -0.34121
v -0.49502 4.01665 -0.35121
v -0.47377 3.98918 -0.33961
v -0.40962 3.99618 -0.33303
v -0.43823 4.05434 -0.33547
v -0.47218 4.05854 -0.34855
v -0.45677 4.02184 -0.33229
v -0.12666 3.57389 -0.82216
v -0.12510 3.59933 -0.78620
v -0.12890 3.60106 -0.74889
v -0.18873 3.60127 -0.71986
v -0.19371 3.57886 -0.78227
v -0.16676 3.58505 -0.80766
v -0.16034 3.58483 -0.76405
v -0.03954 3.68460 -0.49493
v -0.00401 3.69655 -0.52119
v 0.03478 3.69826 -0.52457
v 0.07199 3.74622 -0.49164
v 0.00948 3.74077 -0.46281
v -0.02028 3.72388 -0.48148
v 0.02385 3.71543 -0.49018
v -0.04968 3.29423 -0.58358
v -0.01790 3.28406 -0.54942
v -0.00268 3.29431 -0.51312
v 0.04208 3.35023 -0.50528
v 0.00676 3.35539 -0.56787
v -0.01183 3.32333 -0.58461
v -0.00243 3.32778 -0.53801
v -0.29137 4.06136 -0.35976
v -0.26300 4.04724 -0.31073
v -0.21935 4.03554 -0.28998
v -0.18356 3.95561 -0.29950
v -0.24518 3.96869 -0.36108
v -0.27960 4.00427 -0.35643
v -0.22752 4.00510 -0.33006
v -0.35573 3.88038 -0.21953
v -0.35021 3.82951 -0.22617
v -0.32802 3.79327 -0.21494
v -0.25663 3.77886 -0.24248
v -0.27408 3.85420 -0.25154
v -0.31554 3.86867 -0.24971
v -0.29880 3.82522 -0.22746
v -0.18140 3.62607 -0.66140
v -0.20409 3.66370 -0.69328
v -0.19704 3.69779 -0.72370
v -0.17124 3.77184 -0.70011
v -0.15647 3.71685 -0.64125
v -0.17801 3.67595 -0.64027
v -0.17077 3.70575 -0.68506
v -0.42012 3.35217 -0.25522
v -0.36935 3.37820 -0.24468
v -0.32719 3.37737 -0.21893
v -0.32426 3.40119 -0.13475
v -0.40677 3.38374 -0.15820
v -0.42051 3.38229 -0.20564
v -0.36629 3.37361 -0.18693
v -0.75168 3.73226 0.31124
v -0.71309 3.77701 0.30673
v -0.70631 3.82579 0.29565
v -0.70537 3.85508 0.21117
v -0.74339 3.77424 0.21523
v -0.73693 3.74387 0.25503
v -0.73148 3.80286 0.25667
v -0.80941 3.36039 -0.48736
v -0.81084 3.39259 -0.45760
v -0.79331 3.40981 -0.42946
v -0.79049 3.38333 -0.36886
v -0.80623 3.33684 -0.41327
v -0.81916 3.34568 -0.44719
v -0.79456 3.37219 -0.42234
v -0.38229 3.54142 -0.43754
v -0.34401 3.55450 -0.48166
v -0.33490 3.58288 -0.52302
v -0.37421 3.56508 -0.60235
v -0.41928 3.52428 -0.53557
v -0.39825 3.51683 -0.48972
v -0.38137 3.55950 -0.52816
v -0.31995 3.80759 -0.26745
v -0.34536 3.79546 -0.31058
v -0.36991 3.81002 -0.34390
v -0.44514 3.82725 -0.33470
v -0.40963 3.82495 -0.26560
v -0.37089 3.80506 -0.26024
v -0.38814 3.82363 -0.30509
v -0.27241 2.81994 1.01621
v -0.24638 2.78547 1.04348
v -0.24058 2.74333 1.05263
v -0.28974 2.70451 1.09754
v -0.32279 2.76925 1.07190
v -0.29923 2.80213 1.05587
v -0.28380 2.75345 1.05705
v -0.91119 3.29524 -0.59801
v -0.92521 3.35505 -0.59594
v -0.96303 3.39114 -0.59872
v -1.00058 3.41622 -0.67973
v -0.95661 3.33506 -0.68877
v -0.92108 3.31900 -0.65383
v -0.96600 3.35918 -0.64174
v -0.80323 3.04553 0.94672
v -0.79330 3.08541 0.90817
v -0.76739 3.12403 0.89631
v -0.78252 3.20025 0.93077
v -0.81799 3.13923 0.97816
v -0.82582 3.09519 0.96079
v -0.78689 3.13077 0.94098
v -1.19643 3.59220 -0.36842
v -1.16743 3.57095 -0.32348
v -1.12442 3.55447 -0.30668
v -1.09483 3.47537 -0.32693
v -1.15711 3.49907 -0.38262
v -1.18844 3.53533 -0.37230
v -1.13610 3.52994 -0.34898
v -0.45762 3.35365 -0.51516
v -0.41093 3.36315 -0.54132
v -0.36473 3.36427 -0.53866
v -0.32521 3.42569 -0.50136
v -0.40381 3.42449 -0.47801
v -0.43606 3.40187 -0.50234
v -0.38299 3.39013 -0.50329
v -0.18965 3.26917 0.72420
v -0.21207 3.28197 0.77344
v -0.24657 3.27307 0.80463
v -0.32491 3.30057 0.79269
v -0.28244 3.30231 0.72037
v -0.23513 3.30077 0.71928
v -0.26625 3.28122 0.76100
v -1.00120 3.35622 -0.91405
v -0.98207 3.40934 -0.92574
v -0.95626 3.44799 -0.90987
v -0.98840 3.50332 -0.85093
v -1.03339 3.42887 -0.84968
v -1.03166 3.39705 -0.88704
v -0.99040 3.43549 -0.87503
v -0.96716 3.70538 -0.44552
v -0.95669 3.76218 -0.44251
v -0.94262 3.79990 -0.41412
v -0.99641 3.83566 -0.35545
v -1.02549 3.75669 -0.37853
v -1.00996 3.73440 -0.41963
v -0.98019 3.77507 -0.39126
v -0.27939 3.84256 -0.78330
v -0.27710 3.82428 -0.73642
v -0.26347 3.79248 -0.71105
v -0.29874 3.72519 -0.70894
v -0.31841 3.76301 -0.77186
v -0.31242 3.80533 -0.77551
v -0.28614 3.77541 -0.74466
v -0.62468 3.47356 0.04832
v -0.59276 3.44285 0.03019
v -0.55790 3.43830 0.00957
v -0.55476 3.44715 -0.06202
v -0.61469 3.47777 -0.03586
v -0.62927 3.46823 0.00099
v -0.58353 3.46316 -0.01215
v 0.33894 3.94733 -0.31759
v 0.36624 3.93267 -0.28258
v 0.40328 3.93014 -0.26819
v 0.44965 3.88328 -0.29326
v 0.39672 3.89188 -0.33909
v 0.36202 3.90807 -0.32816
v 0.40267 3.91541 -0.30626
v -0.13729 3.57834 -1.11781
v -0.13572 3.52866 -1.09669
v -0.10965 3.49588 -1.07768
v -0.05974 3.44956 -1.12244
v -0.08046 3.51655 -1.16394
v -0.11695 3.54195 -1.15214
v -0.08998 3.50970 -1.11825
v -0.59830 3.79089 -0.31938
v -0.60908 3.80734 -0.27044
v -0.59273 3.82410 -0.23210
v -0.55314 3.77864 -0.18015
v -0.55552 3.74308 -0.25130
v -0.58517 3.75526 -0.28278
v -0.56867 3.78656 -0.24367
v -0.31790 3.37805 -0.10123
v -0.34843 3.33278 -0.12186
v -0.35612 3.28369 -0.12005
v -0.30080 3.22677 -0.15822
v -0.26146 3.30489 -0.14793
v -0.28758 3.34641 -0.13978
v -0.30646 3.29258 -0.12739
v 0.01134 3.71962 -0.45666
v 0.06135 3.68807 -0.46624
v 0.08691 3.64494 -0.45678
v 0.12836 3.63069 -0.37773
v 0.06760 3.69708 -0.36940
v 0.04893 3.72159 -0.41007
v 0.07183 3.66625 -0.41145
v -0.19214 3.10649 -0.34885
v -0.20107 3.08409 -0.30536
v -0.22951 3.06428 -0.28102
v -0.28331 3.10190 -0.24473
v -0.25475 3.14433 -0.29961
v -0.21730 3.13555 -0.31731
v -0.24611 3.10210 -0.29444
v -0.15480 2.97787 -0.12222
v -0.20127 2.97549 -0.13077
v -0.23069 2.95777 -0.15185
v -0.24259 2.97379 -0.22039
v -0.17724 2.99517 -0.20120
v -0.16691 2.99953 -0.16250
v -0.20161 2.97130 -0.17790
v -1.21430 3.50560 -0.52843
v -1.23494 3.46463 -0.50917
v -1.23657 3.43804 -0.47623
v -1.18289 3.38701 -0.46405
v -1.15777 3.44022 -0.51065
v -1.18428 3.46604 -0.53131
v -1.19524 3.44265 -0.48879
v -0.10998 3.11466 0.72476
v -0.10121 3.16958 0.73328
v -0.06920 3.20391 0.74295
v -0.03817 3.21517 0.82116
v -0.07295 3.13803 0.81443
v -0.10362 3.12723 0.77924
v -0.06513 3.16817 0.77643
v -0.20696 3.38804 -1.50556
v -0.20434 3.41416 -1.54762
v -0.18423 3.44451 -1.56904
v -0.19441 3.51696 -1.55343
v -0.21759 3.47483 -1.49611
v -0.22579 3.43366 -1.50074
v -0.19535 3.45964 -1.53002
v -0.72748 3.91104 -0.39015
v -0.74945 3.93199 -0.35620
v -0.77120 3.92787 -0.32434
v -0.83805 3.91241 -0.32803
v -0.80706 3.89747 -0.38751
v -0.77251 3.91244 -0.39681
v -0.78779 3.90749 -0.35419
v -0.64116 3.78445 -0.45597
v -0.63564 3.74026 -0.44838
v -0.64873 3.70469 -0.45502
v -0.70413 3.68046 -0.42355
v -0.70264 3.74848 -0.41928
v -0.67030 3.76841 -0.42540
v -0.67841 3.72717 -0.44199
v -0.16252 3.99835 -0.67491
v -0.13178 4.03056 -0.70989
v -0.08768 4.04534 -0.72262
v -0.04477 4.10323 -0.67671
v -0.10789 4.06963 -0.62995
v -0.14478 4.04617 -0.65032
v -0.09372 4.05226 -0.67403
v -0.17428 2.79536 1.33265
v -0.19520 2.77644 1.27975
v -0.21805 2.73870 1.25403
v -0.17331 2.66395 1.22965
v -0.12820 2.70720 1.29505
v -0.13745 2.75619 1.30612
v -0.17681 2.71937 1.27987
v -1.09995 3.12478 0.16979
v -1.06186 3.12564 0.12625
v -1.02226 3.10453 0.10587
v -0.94212 3.11644 0.13839
v -1.00216 3.13799 0.19799
v -1.04894 3.14714 0.18547
v -1.01255 3.11458 0.15443
v -0.03996 3.60306 -0.20531
v -0.04139 3.56356 -0.23138
v -0.06461 3.53689 -0.25078
v -0.10202 3.48716 -0.21567
v -0.08266 3.53942 -0.17096
v -0.05299 3.56518 -0.18006
v -0.07844 3.54128 -0.21205
v -0.53340 3.93911 -0.26539
v -0.51520 3.97056 -0.29069
v -0.48382 3.98335 -0.30724
v -0.43589 4.01425 -0.27245
v -0.47563 3.97987 -0.23121
v -0.50993 3.96832 -0.24181
v -0.47673 3.97707 -0.26976
v -0.56315 3.72138 0.39634
v -0.60044 3.73632 0.38007
v -0.63129 3.72833 0.36144
v -0.63107 3.72006 0.29658
v -0.57029 3.71472 0.32010
v -0.56123 3.72757 0.35349
v -0.60136 3.71628 0.34166
v -0.18413 3.95086 -0.08349
v -0.17434 3.98333 -0.11083
v -0.15038 4.01030 -0.11951
v -0.14824 4.06672 -0.08587
v -0.17953 4.02074 -0.05085
v -0.19308 3.99004 -0.06669
v -0.16037 4.01377 -0.08297
v -0.53283 3.50094 -0.15821
v -0.57954 3.51798 -0.19028
v -0.62741 3.50870 -0.20303
v -0.64893 3.44346 -0.26005
v -0.56643 3.43058 -0.22846
v -0.54034 3.46776 -0.20663
v -0.59939 3.46584 -0.21000
v -0.46754 3.55710 -0.07081
v -0.49065 3.58309 -0.03659
v -0.48696 3.60622 -0.00226
v -0.47425 3.57588 0.06361
v -0.45745 3.52816 0.01012
v -0.47168 3.53291 -0.02863
v -0.46656 3.56925 0.00352
v -1.15457 3.29683 0.66322
v -1.18318 3.27675 0.68690
v -1.21787 3.26847 0.69142
v -1.25976 3.31092 0.71382
v -1.20751 3.34071 0.69285
v -1.17651 3.32319 0.68783
v -1.21459 3.30496 0.68729
v -0.92980 2.96185 1.17471
v -0.89312 2.97179 1.22086
v -0.88778 2.97236 1.27149
v -0.92139 3.03916 1.32192
v -0.96074 3.03881 1.24076
v -0.94002 3.01451 1.20110
v -0.92949 3.00087 1.25834
v -0.90118 3.84021 -0.41396
v -0.85800 3.80677 -0.38637
v -0.82227 3.76918 -0.39148
v -0.84595 3.68005 -0.39570
v -0.91925 3.73320 -0.41368
v -0.92034 3.78365 -0.40064
v -0.86916 3.75143 -0.40996
v 0.17824 3.56800 -1.22888
v 0.18093 3.60825 -1.23819
v 0.16475 3.63638 -1.25198
v 0.15820 3.64348 -1.31369
v 0.17112 3.58388 -1.30021
v 0.18502 3.57450 -1.26920
v 0.16299 3.60898 -1.27549
v 0.16201 3.97246 -0.50009
v 0.19862 4.01331 -0.52014
v 0.24600 4.02644 -0.52771
v 0.29758 4.05373 -0.46167
v 0.22753 4.01090 -0.42965
v 0.18675 4.00332 -0.45711
v 0.24012 4.01230 -0.47906
v -0.41340 3.46316 0.23856
v -0.37536 3.45299 0.24408
v -0.34742 3.45722 0.26274
v -0.31313 3.50617 0.25748
v -0.36737 3.51638 0.23396
v -0.38818 3.49102 0.22557
v -0.35921 3.48829 0.25266
v 0.12562 3.82198 -0.61298
v 0.08947 3.86875 -0.62165
v 0.04368 3.88916 -0.61297
v -0.02962 3.86176 -0.65772
v 0.03579 3.80013 -0.66476
v 0.08440 3.81152 -0.65494
v 0.03760 3.84124 -0.63268
v -1.24857 3.20859 0.53516
v -1.24203 3.22144 0.59433
v -1.25143 3.20656 0.64312
v -1.33456 3.21566 0.68117
v -1.34100 3.22096 0.58967
v -1.29961 3.23070 0.55997
v -1.29700 3.20631 0.61571
v 0.01694 3.64451 -0.26976
v -0.01792 3.65512 -0.29426
v -0.03018 3.66759 -0.32732
v -0.02616 3.73157 -0.34405
v 0.01482 3.71862 -0.29363
v 0.01100 3.68793 -0.27260
v -0.00363 3.69174 -0.31382
v -0.94690 3.93872 -0.21595
v -0.94299 3.89855 -0.23095
v -0.95277 3.87450 -0.25684
v -1.01117 3.84606 -0.25668
v -1.01200 3.89894 -0.21896
v -0.98107 3.91426 -0.20660
v -0.98369 3.88987 -0.24198
v -0.88409 3.68621 -0.13006
v -0.87230 3.65086 -0.09421
v -0.87600 3.63866 -0.05206
v -0.83399 3.67258 0.00425
v -0.83473 3.71762 -0.05944
v -0.84577 3.70162 -0.09895
v -0.86071 3.68111 -0.05391
v -0.60915 3.74501 -0.01159
v -0.57147 3.72658 0.01438
v -0.53604 3.70399 0.01351
v -0.53716 3.62972 0.00855
v -0.60288 3.65773 -0.01239
v -0.61443 3.69685 -0.00227
v -0.56764 3.68146 -0.00522
v -0.60876 3.56931 -0.00216
v -0.62590 3.60945 0.00289
v -0.63125 3.64323 -0.01228
v -0.58255 3.68809 -0.01543
v -0.55724 3.62771 -0.00501
v -0.57833 3.59947 0.00757
v -0.59394 3.63444 -0.01397
v -0.88749 3.23771 -0.94814
v -0.90151 3.23928 -0.91085
v -0.89707 3.22992 -0.87850
v -0.90931 3.17407 -0.85980
v -0.90378 3.17504 -0.91970
v -0.90583 3.20400 -0.93733
v -0.89556 3.20171 -0.89887
v -0.68299 3.91636 -0.51592
v -0.70305 3.93401 -0.48527
v -0.71665 3.93017 -0.45365
v -0.76966 3.90058 -0.44476
v -0.74652 3.88629 -0.49975
v -0.72225 3.90580 -0.51490
v -0.72891 3.90442 -0.47481
v -0.76106 3.57216 0.02081
v -0.80111 3.58840 -0.01364
v -0.81274 3.61556 -0.05028
v -0.82401 3.69777 -0.04203
v -0.78132 3.66804 0.02313
v -0.78091 3.62214 0.03356
v -0.79105 3.64266 -0.01675
v -0.28890 2.42917 0.95055
v -0.26700 2.43290 0.91842
v -0.24616 2.45226 0.90114
v -0.26543 2.49845 0.87001
v -0.30620 2.48212 0.90934
v -0.30559 2.45210 0.92369
v -0.27430 2.47002 0.90866
v -0.78041 3.16326 -0.31185
v -0.80847 3.16747 -0.26856
v -0.84810 3.16279 -0.24985
v -0.90535 3.21458 -0.26155
v -0.85061 3.22220 -0.31671
v -0.81008 3.20566 -0.31154
v -0.85216 3.18815 -0.28703
v -0.35952 3.33816 -0.76477
v -0.33230 3.36451 -0.79491
v -0.29852 3.38774 -0.79931
v -0.29585 3.45655 -0.77496
v -0.35094 3.42078 -0.74304
v -0.36600 3.38575 -0.75873
v -0.32122 3.40230 -0.76675
v -0.70781 3.66774 -0.24885
v -0.72862 3.65799 -0.21261
v -0.73808 3.63172 -0.18902
v -0.78511 3.58929 -0.20244
v -0.76469 3.61780 -0.25688
v -0.74573 3.64904 -0.25623
v -0.74760 3.62113 -0.22369
v -0.43120 3.63641 -0.39409
v -0.41296 3.58829 -0.41814
v -0.40887 3.56262 -0.45893
v -0.47577 3.52133 -0.49303
v -0.50300 3.58068 -0.43754
v -0.47348 3.59991 -0.40438
v -0.45611 3.57661 -0.45318
v -0.70277 3.53468 -0.15542
v -0.70655 3.57884 -0.14419
v -0.72905 3.60661 -0.12872
v -0.78165 3.63429 -0.16373
v -0.76298 3.57442 -0.19246
v -0.72835 3.55815 -0.18517
v -0.74949 3.58756 -0.15725
v 0.00223 3.46289 0.20410
v 0.00942 3.48409 0.16904
v 0.00049 3.51187 0.14896
v -0.05161 3.51185 0.11399
v -0.05517 3.46724 0.15797
v -0.02636 3.45539 0.17483
v -0.02939 3.49279 0.15689
v -0.92857 2.85100 0.96138
v -0.90572 2.81333 0.96304
v -0.87240 2.79717 0.96927
v -0.82350 2.79946 0.92422
v -0.86883 2.84636 0.91113
v -0.90343 2.84495 0.92567
v -0.86812 2.82538 0.94342
v 0.34309 3.06196 0.05825
v 0.32736 3.10828 0.05347
v 0.30045 3.13754 0.06662
v 0.22916 3.13687 0.04621
v 0.25958 3.07024 0.03463
v 0.30108 3.06502 0.03291
v 0.27868 3.10203 0.05625
v -0.26827 3.34143 0.09952
v -0.28454 3.32884 0.13873
v -0.29455 3.29996 0.16082
v -0.35146 3.26636 0.15101
v -0.33543 3.30086 0.09609
v -0.31082 3.32942 0.09712
v -0.31196 3.29630 0.12649
v 0.09679 3.70621 -0.49084
v 0.11982 3.71873 -0.52504
v 0.15114 3.71512 -0.54384
v 0.20659 3.74216 -0.52331
v 0.16391 3.73887 -0.47438
v 0.12803 3.73400 -0.48039
v 0.15914 3.72212 -0.50774
v -0.65630 3.39943 -0.59504
v -0.63964 3.42730 -0.54787
v -0.64848 3.46412 -0.51714
v -0.62995 3.54594 -0.53783
v -0.63253 3.49717 -0.60910
v -0.62939 3.44854 -0.60699
v -0.64745 3.48170 -0.56394
v -0.69427 3.39135 0.32050
v -0.70386 3.41528 0.36363
v -0.71284 3.45265 0.38248
v -0.65952 3.50534 0.39389
v -0.63622 3.45561 0.34160
v -0.65460 3.41719 0.33735
v -0.67712 3.45738 0.35743
v -0.70364 3.71650 -0.58444
v -0.65231 3.73294 -0.60010
v -0.62599 3.76693 -0.62100
v -0.62460 3.77669 -0.70510
v -0.69217 3.73105 -0.68224
v -0.69486 3.70987 -0.63947
v -0.66297 3.75466 -0.65074
v -0.48161 3.08452 -0.43092
v -0.44566 3.08056 -0.45690
v -0.41110 3.09373 -0.46528
v -0.40246 3.15087 -0.49957
v -0.46470 3.14824 -0.47442
v -0.48013 3.11561 -0.46277
v -0.43633 3.12332 -0.46512
v -0.95378 3.72561 -0.49487
v -0.96730 3.68149 -0.48354
v -0.97873 3.64515 -0.49720
v -1.04467 3.63361 -0.52287
v -1.03060 3.70389 -0.52186
v -1.00065 3.71926 -0.49940
v -1.00229 3.67437 -0.51489
v -0.23555 3.33331 -1.11682
v -0.22356 3.36297 -1.08283
v -0.22833 3.39925 -1.06729
v -0.19813 3.45604 -1.09597
v -0.19945 3.40323 -1.14254
v -0.20499 3.36553 -1.13121
v -0.21911 3.40275 -1.10684
v -0.05855 3.10159 -1.44582
v -0.09835 3.07611 -1.44626
v -0.12393 3.05344 -1.42500
v -0.10859 2.98604 -1.40748
v -0.04906 3.02073 -1.42586
v -0.05022 3.05508 -1.44682
v -0.08561 3.03896 -1.41997
v 0.03826 3.89102 -0.56857
v 0.07350 3.91730 -0.53948
v 0.09119 3.95725 -0.52916
v 0.14254 3.99395 -0.57755
v 0.10280 3.93778 -0.61743
v 0.08097 3.90478 -0.59623
v 0.09219 3.95163 -0.57484
v -0.21544 3.53850 -0.61579
v -0.21710 3.54630 -0.56466
v -0.20215 3.53392 -0.52510
v -0.22746 3.46882 -0.49023
v -0.24397 3.46653 -0.56650
v -0.24399 3.50298 -0.59128
v -0.21741 3.49759 -0.54721
v -0.29251 3.39947 -0.45165
v -0.26927 3.36681 -0.44289
v -0.26420 3.33254 -0.44757
v -0.29891 3.29027 -0.41853
v -0.32716 3.34536 -0.41745
v -0.30974 3.37505 -0.42353
v -0.29798 3.33809 -0.43695
v -0.87738 3.42739 -0.88783
v -0.89083 3.42066 -0.83614
v -0.90411 3.39119 -0.80361
v -0.98045 3.36376 -0.79948
v -0.96592 3.39482 -0.87311
v -0.93057 3.42299 -0.88082
v -0.93276 3.38719 -0.84067
v -1.00350 3.10554 0.37303
v -0.98705 3.11182 0.40784
v -0.97979 3.13405 0.43144
v -0.93569 3.17252 0.42516
v -0.95075 3.15032 0.37278
v -0.96838 3.12228 0.37012
v -0.96860 3.14559 0.40140
v -0.86042 3.92798 0.10712
v -0.85304 3.90524 0.07329
v -0.83376 3.90151 0.04399
v -0.84405 3.93652 -0.00674
v -0.87031 3.96309 0.04335
v -0.87653 3.94483 0.07289
v -0.84776 3.93485 0.04482
v -0.15919 3.75275 -0.42494
v -0.12450 3.71681 -0.44613
v -0.10062 3.67781 -0.43953
v -0.03269 3.67618 -0.39390
v -0.07601 3.74366 -0.37743
v -0.10868 3.75915 -0.40620
v -0.09190 3.70761 -0.40376
v -0.20781 3.61565 -0.38744
v -0.22419 3.66228 -0.41293
v -0.21524 3.70807 -0.42107
v -0.23056 3.76692 -0.36326
v -0.22792 3.69117 -0.32727
v -0.23234 3.65142 -0.35263
v -0.21479 3.70002 -0.37318
v -0.16319 3.63125 -0.50374
v -0.16906 3.58204 -0.49785
v -0.17857 3.54502 -0.51642
v -0.24948 3.52652 -0.53370
v -0.24416 3.60076 -0.52238
v -0.21122 3.61788 -0.50168
v -0.20993 3.57394 -0.52530
v -0.53070 3.37456 -0.53043
v -0.51939 3.38700 -0.57603
v -0.50149 3.37545 -0.61153
v -0.42858 3.37418 -0.61926
v -0.44634 3.37525 -0.54812
v -0.48393 3.38687 -0.53527
v -0.47424 3.36936 -0.57956
v -0.44743 3.56337 -0.11973
v -0.45757 3.55422 -0.07356
v -0.47975 3.56469 -0.04069
v -0.46360 3.62326 -0.00084
v -0.43151 3.62770 -0.06587
v -0.42655 3.59473 -0.08974
v -0.46036 3.59885 -0.05570
v 0.10347 3.36776 0.00872
v 0.06990 3.40494 0.03955
v 0.06874 3.44271 0.07244
v 0.08303 3.42957 0.15904
v 0.11331 3.36046 0.11232
v 0.09855 3.35206 0.06519
v 0.09754 3.40467 0.09147
v -0.55699 3.96375 0.13140
v -0.57682 4.00822 0.11633
v -0.57262 4.04280 0.09041
v -0.52261 4.09911 0.10596
v -0.50434 4.03585 0.14569
v -0.53292 4.00376 0.15187
v -0.53492 4.03710 0.11337
v -0.30556 3.17310 -1.10275
v -0.32033 3.13868 -1.05565
v -0.35824 3.11886 -1.02742
v -0.40422 3.16905 -0.96733
v -0.36061 3.22287 -1.02603
v -0.32185 3.20555 -1.05476
v -0.36512 3.17080 -1.03149
v -0.45311 3.66777 -0.39929
v -0.40143 3.65683 -0.36847
v -0.37239 3.66851 -0.32683
v -0.32287 3.74626 -0.32256
v -0.38741 3.75336 -0.38812
v -0.41109 3.71137 -0.40787
v -0.38502 3.71356 -0.35259
v 0.15713 3.84104 -0.19654
v 0.13623 3.80755 -0.19385
v 0.10561 3.79362 -0.19189
v 0.07400 3.79440 -0.14124
v 0.11724 3.83551 -0.13906
v 0.14371 3.83448 -0.15990
v 0.10858 3.81796 -0.16754
v -0.44665 3.55347 0.24534
v -0.44400 3.59529 0.25704
v -0.44770 3.62002 0.28440
v -0.50671 3.64032 0.30477
v -0.51257 3.58442 0.27085
v -0.48570 3.57241 0.24833
v -0.47941 3.59922 0.28202
v -0.42510 3.93061 -0.31082
v -0.41307 3.92151 -0.34684
v -0.40301 3.89743 -0.36747
v -0.34871 3.87476 -0.36443
v -0.36166 3.90304 -0.31439
v -0.38648 3.92512 -0.31272
v -0.38431 3.89629 -0.33898
v -0.26722 3.62015 -0.40128
v -0.30429 3.64309 -0.40155
v -0.33366 3.65472 -0.38201
v -0.38382 3.61459 -0.36786
v -0.33095 3.57945 -0.38510
v -0.30256 3.59470 -0.40354
v -0.33047 3.61694 -0.37849
v -0.71523 3.83017 -0.41181
v -0.74801 3.79121 -0.43363
v -0.78234 3.75979 -0.42584
v -0.76737 3.68700 -0.38757
v -0.70500 3.74062 -0.37267
v -0.69830 3.77889 -0.39945
v -0.74682 3.75277 -0.39375
v -0.43387 3.51534 -0.22326
v -0.42521 3.49623 -0.18857
v -0.40126 3.48944 -0.16463
v -0.35627 3.44923 -0.17470
v -0.38129 3.46649 -0.22779
v -0.41238 3.48147 -0.22917
v -0.38817 3.48186 -0.19665
v -0.45033 3.35099 -0.39568
v -0.50446 3.37096 -0.41214
v -0.55505 3.36627 -0.40674
v -0.60094 3.29858 -0.44554
v -0.51274 3.27848 -0.44227
v -0.47726 3.31452 -0.43498
v -0.53453 3.31935 -0.41777
v -0.35530 3.75768 -0.61242
v -0.36694 3.73253 -0.64480
v -0.38936 3.72788 -0.67297
v -0.45064 3.71019 -0.66479
v -0.42672 3.73306 -0.60966
v -0.39095 3.73586 -0.60410
v -0.40940 3.73541 -0.64252
v 0.30589 3.68117 -0.56339
v 0.28928 3.68935 -0.61054
v 0.26634 3.67411 -0.64376
v 0.29364 3.61941 -0.68965
v 0.33314 3.62093 -0.62423
v 0.33222 3.65516 -0.59798
v 0.29578 3.64356 -0.63121
v -0.46645 3.84862 -0.16147
v -0.52221 3.83729 -0.14509
v -0.57118 3.84392 -0.15519
v -0.61266 3.92109 -0.13773
v -0.52418 3.93342 -0.13896
v -0.49200 3.89482 -0.13466
v -0.54766 3.88996 -0.15428
v 0.16473 3.82529 -0.93488
v 0.18493 3.81151 -0.98788
v 0.22494 3.80620 -1.01692
v 0.26729 3.87575 -1.05050
v 0.21672 3.90087 -0.98290
v 0.17964 3.87237 -0.96602
v 0.22608 3.85227 -0.99513
v -0.41694 3.43161 -1.18486
v -0.41428 3.39487 -1.14205
v -0.43670 3.37608 -1.10388
v -0.44310 3.41861 -1.03033
v -0.42400 3.47235 -1.09363
v -0.40612 3.45676 -1.13547
v -0.43708 3.42526 -1.10027
v -0.35747 3.78973 -0.27670
v -0.32374 3.75967 -0.27657
v -0.31374 3.72265 -0.27975
v -0.32359 3.67841 -0.22883
v -0.36216 3.73383 -0.21947
v -0.35487 3.76687 -0.23782
v -0.34216 3.72610 -0.25259
v -0.40269 3.70631 0.05013
v -0.41333 3.72089 0.10633
v -0.44585 3.74095 0.13900
v -0.45860 3.82895 0.14427
v -0.41951 3.80827 0.06695
v -0.39639 3.76417 0.06001
v -0.43909 3.77358 0.09967
v -0.64515 4.00620 -0.46184
v -0.61255 4.04684 -0.49045
v -0.59911 4.06627 -0.53522
v -0.54100 4.02442 -0.58918
v -0.57356 3.96696 -0.52852
v -0.59613 3.98300 -0.48615
v -0.59204 4.01486 -0.53615
v -0.25828 3.70543 -0.21301
v -0.22733 3.73233 -0.22685
v -0.21554 3.76721 -0.22882
v -0.24167 3.80993 -0.27073
v -0.28175 3.75900 -0.26273
v -0.26989 3.72706 -0.24865
v -0.25107 3.76539 -0.24159
v -0.59891 3.45868 0.39693
v -0.63062 3.43956 0.36532
v -0.64404 3.40526 0.34628
v -0.60701 3.37513 0.29046
v -0.56334 3.42072 0.32802
v -0.57874 3.44950 0.35358
v -0.60200 3.40864 0.34094
v -0.29342 4.15298 -0.22763
v -0.28672 4.13587 -0.18377
v -0.30090 4.13352 -0.14590
v -0.29509 4.18837 -0.10002
v -0.28587 4.21147 -0.16732
v -0.27706 4.18598 -0.19754
v -0.29914 4.17340 -0.15734
v -0.53313 3.45027 -0.13444
v -0.55667 3.47249 -0.10157
v -0.57260 3.50648 -0.08999
v -0.53361 3.55866 -0.06549
v -0.49389 3.51360 -0.10064
v -0.50606 3.47707 -0.10842
v -0.53416 3.51273 -0.10025
v -0.45702 2.88578 1.04579
v -0.49024 2.89277 1.09110
v -0.50649 2.87380 1.13234
v -0.56577 2.81231 1.13315
v -0.53008 2.81763 1.05573
v -0.50540 2.85665 1.04185
v -0.51320 2.84123 1.09576
v 0.20914 3.74685 -0.66298
v 0.22898 3.79693 -0.65105
v 0.23446 3.84135 -0.66539
v 0.29156 3.86218 -0.72228
v 0.27709 3.78025 -0.72498
v 0.25638 3.75766 -0.68935
v 0.25067 3.81156 -0.69963
v -0.24665 3.88753 -0.29734
v -0.22736 3.92414 -0.28871
v -0.20620 3.95055 -0.30100
v -0.14321 3.94284 -0.30727
v -0.17190 3.88605 -0.30300
v -0.20531 3.88267 -0.28999
v -0.18981 3.91805 -0.30716
v -0.24464 3.78643 0.02138
v -0.18884 3.80151 0.04135
v -0.14542 3.78539 0.06518
v -0.14192 3.77336 0.15660
v -0.22970 3.77544 0.12825
v -0.24302 3.79511 0.08189
v -0.18765 3.77297 0.09543
v -0.00386 3.38744 -0.34945
v 0.03937 3.38281 -0.33948
v 0.06499 3.36759 -0.31593
v 0.07624 3.39308 -0.25467
v 0.01718 3.41501 -0.27835
v 0.00863 3.41330 -0.31532
v 0.03839 3.38696 -0.29508
v -0.79697 3.29280 -0.55477
v -0.82811 3.25434 -0.58507
v -0.87216 3.24310 -0.60444
v -0.93827 3.21440 -0.55474
v -0.87777 3.25325 -0.50479
v -0.83171 3.26087 -0.52101
v -0.87799 3.25461 -0.55544
v -0.22791 3.73778 -0.21296
v -0.19960 3.75638 -0.17480
v -0.17577 3.74731 -0.13960
v -0.20836 3.72817 -0.07254
v -0.25894 3.71954 -0.12993
v -0.25307 3.73852 -0.16857
v -0.21551 3.72750 -0.13585
v 0.05652 3.33763 -0.04486
v 0.10917 3.32626 -0.06979
v 0.14689 3.29306 -0.07533
v 0.20742 3.27944 -0.01076
v 0.13492 3.31968 0.02305
v 0.10147 3.34337 -0.00654
v 0.13760 3.29997 -0.02481
v 0.00553 3.54234 0.04619
v 0.04896 3.50855 0.02456
v 0.08161 3.50111 -0.01306
v 0.05583 3.46726 -0.09147
v -0.01492 3.49791 -0.04659
v -0.01309 3.50649 0.00301
v 0.03410 3.50621 -0.03262
v -0.86231 3.43385 -0.77098
v -0.88616 3.48412 -0.75028
v -0.88521 3.51949 -0.71415
v -0.91902 3.50436 -0.63260
v -0.90472 3.42669 -0.67486
v -0.89870 3.42446 -0.72502
v -0.88807 3.47268 -0.69205
v -0.52986 3.40088 0.07671
v -0.56947 3.44243 0.07265
v -0.59822 3.46874 0.04291
v -0.56658 3.53336 -0.00570
v -0.50205 3.48165 0.02082
v -0.50765 3.45073 0.05845
v -0.55086 3.47092 0.02623
v -0.60270 3.65303 0.19960
v -0.58304 3.70248 0.21324
v -0.54906 3.73404 0.20700
v -0.47423 3.72481 0.24140
v -0.51437 3.65230 0.24071
v -0.56074 3.64993 0.23491
v -0.52938 3.69161 0.21768
v -0.00060 3.55827 -1.21811
v -0.04263 3.53653 -1.21365
v -0.06740 3.50773 -1.22767
v -0.10475 3.51640 -1.28828
v -0.05076 3.56354 -1.28567
v -0.03194 3.57240 -1.25094
v -0.05536 3.53188 -1.25922
v -0.54553 3.89135 -0.23520
v -0.52404 3.86075 -0.27454
v -0.53137 3.82769 -0.30602
v -0.53758 3.74881 -0.28491
v -0.54866 3.79646 -0.21923
v -0.53516 3.84067 -0.21875
v -0.54661 3.81258 -0.26376
v -0.57599 2.49906 1.00710
v -0.58221 2.49579 0.96365
v -0.57841 2.47448 0.93304
v -0.51960 2.46632 0.90330
v -0.51094 2.48893 0.96514
v -0.53883 2.50508 0.98428
v -0.54458 2.47668 0.95115
v 0.24895 3.65188 -0.93831
v 0.23481 3.61643 -0.95893
v 0.24304 3.58908 -0.98237
v 0.24664 3.59908 -1.04695
v 0.25052 3.65614 -1.01512
v 0.23962 3.65954 -0.97998
v 0.25210 3.62224 -0.99828
v 0.20483 3.51589 -0.21589
v 0.25236 3.54509 -0.19017
v 0.27476 3.56129 -0.14573
v 0.24337 3.63527 -0.09955
v 0.17867 3.60474 -0.15850
v 0.19060 3.57303 -0.19837
v 0.22386 3.57821 -0.14698
v -0.58181 3.78334 0.05548
v -0.54481 3.81683 0.07395
v -0.51806 3.85230 0.06494
v -0.45148 3.84474 0.02069
v -0.49968 3.78160 0.00899
v -0.53300 3.77138 0.03798
v -0.51209 3.81997 0.03209
v -0.78484 2.63382 1.65157
v -0.78868 2.66391 1.68739
v -0.78351 2.70148 1.70007
v -0.71932 2.72691 1.71582
v -0.71328 2.66859 1.67611
v -0.74353 2.64277 1.67198
v -0.74865 2.68807 1.68316
v 0.26360 3.59559 -0.59907
v 0.26465 3.64377 -0.60342
v 0.28019 3.67612 -0.62370
v 0.34833 3.69959 -0.61198
v 0.34066 3.63141 -0.58702
v 0.30353 3.61503 -0.57984
v 0.31189 3.65140 -0.61065
v 0.08056 3.69409 -0.62522
v 0.03210 3.67675 -0.60812
v -0.01333 3.67516 -0.61632
v -0.06167 3.73985 -0.60308
v 0.01652 3.76360 -0.60730
v 0.05129 3.73360 -0.60233
v 0.00129 3.72016 -0.61846
v -0.06208 3.56040 -0.61831
v -0.06535 3.58600 -0.67101
v -0.07581 3.58029 -0.71954
v -0.01963 3.53992 -0.77478
v 0.00032 3.51964 -0.69094
v -0.01640 3.54702 -0.65262
v -0.04226 3.54430 -0.70522
v -0.85343 3.60893 -0.32283
v -0.90666 3.62009 -0.34576
v -0.93279 3.64436 -0.38119
v -0.94900 3.73176 -0.37574
v -0.88191 3.70966 -0.32150
v -0.87396 3.66207 -0.30738
v -0.90239 3.67795 -0.35661
v -0.29928 3.73582 -0.50369
v -0.26181 3.69891 -0.49413
v -0.21728 3.68981 -0.49150
v -0.17195 3.68062 -0.55758
v -0.24068 3.71851 -0.57619
v -0.27686 3.71736 -0.54857
v -0.22638 3.71009 -0.53255
v -0.24436 3.64208 -0.20177
v -0.25889 3.67101 -0.22409
v -0.25525 3.70255 -0.23480
v -0.26841 3.74894 -0.20020
v -0.26178 3.70009 -0.16715
v -0.26309 3.66943 -0.18060
v -0.25374 3.70206 -0.20049
v -0.62335 3.84624 0.00313
v -0.60903 3.81005 0.02312
v -0.61617 3.77457 0.03199
v -0.65813 3.75871 0.08041
v -0.66800 3.82115 0.06141
v -0.64236 3.83999 0.04203
v -0.64560 3.79637 0.04287
v -0.80166 3.12240 -0.53491
v -0.83125 3.09084 -0.56190
v -0.84335 3.07745 -0.60141
v -0.89084 3.11906 -0.64539
v -0.86072 3.16314 -0.58998
v -0.84242 3.14592 -0.55455
v -0.84704 3.12178 -0.59924
v 0.20472 3.32838 -0.33550
v 0.21744 3.31030 -0.29829
v 0.20899 3.28712 -0.27091
v 0.16695 3.30360 -0.22376
v 0.15965 3.34321 -0.27516
v 0.18573 3.34636 -0.30102
v 0.18079 3.31188 -0.27534
v -0.61353 3.89598 -0.08243
v -0.58488 3.87481 -0.09844
v -0.56016 3.87391 -0.12069
v -0.57063 3.86793 -0.17837
v -0.61962 3.88533 -0.15061
v -0.62310 3.88214 -0.11768
v -0.58875 3.88428 -0.13614
v -0.14838 3.34000 -0.09443
v -0.15245 3.30301 -0.07067
v -0.15555 3.26554 -0.07127
v -0.21268 3.23543 -0.08758
v -0.21343 3.29870 -0.10840
v -0.18965 3.32433 -0.09454
v -0.18218 3.28082 -0.09460
v 0.23746 3.53908 -0.39214
v 0.25266 3.57294 -0.43071
v 0.25186 3.58267 -0.47524
v 0.29841 3.54318 -0.52812
v 0.29260 3.50109 -0.45944
v 0.27885 3.52050 -0.42055
v 0.26678 3.53876 -0.46940
v -0.98321 3.35377 -1.28423
v -0.96534 3.38441 -1.26007
v -0.93893 3.39294 -1.23627
v -0.94228 3.37539 -1.17403
v -0.98325 3.33983 -1.20939
v -0.99383 3.35027 -1.24279
v -0.95737 3.36276 -1.22388
v 0.43048 3.95563 -0.51705
v 0.37988 3.95806 -0.52111
v 0.34231 3.93688 -0.51741
v 0.31904 3.88659 -0.57041
v 0.39436 3.89919 -0.57734
v 0.41334 3.93384 -0.55964
v 0.36974 3.91348 -0.54329
v -0.32711 3.25282 -0.71191
v -0.28794 3.24371 -0.72404
v -0.25385 3.23945 -0.71405
v -0.21635 3.28902 -0.70170
v -0.27715 3.30681 -0.70010
v -0.30292 3.28701 -0.71506
v -0.26594 3.27194 -0.70205
v -0.77329 3.31776 0.28635
v -0.80362 3.31614 0.26123
v -0.83692 3.31370 0.25766
v -0.86542 3.26201 0.26499
v -0.81147 3.25930 0.28990
v -0.78726 3.28117 0.28195
v -0.82585 3.28824 0.27802
v -0.61869 2.46517 -1.79958
v -0.60485 2.49640 -1.75392
v -0.59690 2.49677 -1.70601
v -0.66166 2.49397 -1.64943
v -0.68883 2.46779 -1.72675
v -0.66395 2.47777 -1.76725
v -0.64105 2.47560 -1.71508
v -0.87135 3.45065 -0.39771
v -0.84446 3.48485 -0.36413
v -0.81750 3.48902 -0.32610
v -0.84868 3.48188 -0.24961
v -0.90102 3.44900 -0.30488
v -0.89816 3.45912 -0.35049
v -0.85626 3.46293 -0.31513
v -0.47170 3.48186 0.99626
v -0.48510 3.52140 1.01079
v -0.51052 3.54045 1.03100
v -0.57184 3.55253 1.00773
v -0.54354 3.50305 0.97311
v -0.50633 3.49735 0.97358
v -0.52886 3.51797 1.00554
v 0.08645 3.45932 -1.03825
v 0.06925 3.48475 -1.01441
v 0.05486 3.51441 -1.01142
v 0.08627 3.56393 -1.01040
v 0.11837 3.52017 -1.03265
v 0.11008 3.48845 -1.02805
v 0.08504 3.51815 -1.02649
v 0.06400 3.48498 -0.29991
v 0.06736 3.46902 -0.34140
v 0.06800 3.43815 -0.36349
v 0.12231 3.39868 -0.36747
v 0.12571 3.43715 -0.31241
v 0.10446 3.46838 -0.30856
v 0.09411 3.43395 -0.33492
v 0.14287 3.40281 -0.49259
v 0.09910 3.41276 -0.51612
v 0.07633 3.44121 -0.53925
v 0.04407 3.50255 -0.50696
v 0.09814 3.47408 -0.46101
v 0.11312 3.43389 -0.46582
v 0.09171 3.46109 -0.50282
v 0.07755 3.52079 -1.08777
v 0.04816 3.48179 -1.10085
v 0.01396 3.45763 -1.09077
v 0.01710 3.40466 -1.03597
v 0.07510 3.45363 -1.02841
v 0.08745 3.47922 -1.06077
v 0.04115 3.45948 -1.05603
v -0.54111 3.46950 -1.08659
v -0.57325 3.46923 -1.12608
v -0.61431 3.46459 -1.13927
v -0.64760 3.39551 -1.14400
v -0.58514 3.39170 -1.09942
v -0.55450 3.42237 -1.10047
v -0.60299 3.42965 -1.11419
v 0.41314 3.49532 -0.74158
v 0.38704 3.53150 -0.78268
v 0.34552 3.55961 -0.79515
v 0.26803 3.52060 -0.82430
v 0.32051 3.45859 -0.78216
v 0.37096 3.46655 -0.77433
v 0.33006 3.51070 -0.78196
v -0.62933 3.59257 0.01047
v -0.61762 3.56420 0.04973
v -0.63137 3.53626 0.07857
v -0.67295 3.55756 0.13749
v -0.67415 3.61083 0.08444
v -0.64511 3.61214 0.05350
v -0.65760 3.57099 0.07869
v 0.24423 3.11253 0.10129
v 0.19313 3.09839 0.12710
v 0.14423 3.08888 0.12075
v 0.08544 3.15407 0.10633
v 0.16789 3.18308 0.08975
v 0.20834 3.15895 0.10717
v 0.15576 3.13377 0.09831
v -0.38483 3.72461 -0.23643
v -0.43811 3.74744 -0.24950
v -0.48795 3.73922 -0.25251
v -0.52398 3.69254 -0.32005
v -0.43598 3.67621 -0.31484
v -0.40470 3.70694 -0.28957
v -0.46296 3.70220 -0.27894
v 0.07541 3.01238 -0.34636
v 0.09050 3.03990 -0.37567
v 0.11916 3.05021 -0.39592
v 0.16877 3.08316 -0.37040
v 0.13444 3.05468 -0.32340
v 0.10033 3.04278 -0.32905
v 0.12965 3.04799 -0.35999
v -0.27742 3.50667 -0.90472
v -0.27508 3.52110 -0.85856
v -0.28457 3.55045 -0.83118
v -0.24730 3.61320 -0.82770
v -0.23523 3.58036 -0.89185
v -0.24336 3.54033 -0.89756
v -0.26462 3.56807 -0.86404
v -0.42740 3.68594 -0.50921
v -0.40191 3.65303 -0.50802
v -0.39043 3.62390 -0.52468
v -0.42476 3.57132 -0.52666
v -0.46111 3.62026 -0.51148
v -0.44735 3.65069 -0.49954
v -0.42675 3.62316 -0.52301
v -0.40748 3.74822 -0.26245
v -0.42372 3.71492 -0.21563
v -0.41847 3.67060 -0.19126
v -0.45789 3.59527 -0.22104
v -0.45472 3.65665 -0.28690
v -0.44702 3.70595 -0.27711
v -0.42993 3.66137 -0.24128
v -0.25864 3.70522 -0.10916
v -0.28174 3.65388 -0.12677
v -0.30312 3.62825 -0.16432
v -0.38820 3.64100 -0.18712
v -0.35892 3.70967 -0.13866
v -0.31761 3.70623 -0.11027
v -0.32860 3.67248 -0.15739
v 0.09597 3.71496 0.06261
v 0.09850 3.71352 0.01011
v 0.12324 3.72166 -0.02632
v 0.13406 3.79532 -0.05373
v 0.10900 3.79765 0.02151
v 0.08935 3.76237 0.04086
v 0.12218 3.75934 -0.00010
v 0.23067 3.33297 -0.13430
v 0.25008 3.35861 -0.17557
v 0.24251 3.37392 -0.21674
v 0.24209 3.32590 -0.27940
v 0.23365 3.28396 -0.21305
v 0.24439 3.30078 -0.17320
v 0.23165 3.32957 -0.21500
v -0.53763 3.60672 -0.41894
v -0.48824 3.60944 -0.40686
v -0.45895 3.61353 -0.37515
v -0.44508 3.68119 -0.34151
v -0.51244 3.68337 -0.37838
v -0.52263 3.65433 -0.40894
v -0.48881 3.64630 -0.37174
v -0.11809 3.57662 -0.56278
v -0.13085 3.61534 -0.60783
v -0.12227 3.62850 -0.65715
v -0.04512 3.67075 -0.68299
v -0.03355 3.63149 -0.60096
v -0.07381 3.61726 -0.57171
v -0.07575 3.62350 -0.63212
v -1.36344 3.17486 -0.29648
v -1.34056 3.21699 -0.33194
v -1.34573 3.24357 -0.37491
v -1.32742 3.20750 -0.45528
v -1.33871 3.14250 -0.39409
v -1.33605 3.15202 -0.34427
v -1.34948 3.19276 -0.38569
v -0.48855 3.58859 0.08183
v -0.51389 3.61707 0.10696
v -0.52291 3.65406 0.11486
v -0.48122 3.69431 0.15210
v -0.44649 3.63971 0.12849
v -0.46476 3.60784 0.11572
v -0.48335 3.64953 0.11688
v 0.21725 3.27429 -0.56379
v 0.20149 3.24024 -0.53538
v 0.20529 3.22182 -0.49997
v 0.25805 3.17604 -0.48721
v 0.27374 3.21622 -0.54362
v 0.24550 3.23664 -0.56344
v 0.24196 3.22313 -0.51849
v -0.22211 3.38131 -1.41714
v -0.23003 3.40661 -1.46514
v -0.21920 3.40828 -1.51053
v -0.14717 3.43928 -1.53689
v -0.14241 3.42087 -1.45638
v -0.18067 3.41471 -1.43033
v -0.17885 3.40822 -1.48474
v -1.14063 3.34312 0.43998
v -1.11210 3.29928 0.44549
v -1.07812 3.27461 0.42987
v -1.08527 3.23067 0.36417
v -1.14285 3.28522 0.36687
v -1.15371 3.30609 0.40499
v -1.10681 3.28433 0.39534
v -0.14069 3.59719 -0.01318
v -0.17017 3.57862 0.00917
v -0.18805 3.57805 0.03955
v -0.16273 3.55571 0.09209
v -0.11795 3.56863 0.05051
v -0.12511 3.57257 0.01622
v -0.15260 3.57817 0.04665
v -0.40365 3.53167 -0.22433
v -0.35896 3.56487 -0.23431
v -0.31136 3.56709 -0.24143
v -0.25599 3.55935 -0.17694
v -0.33237 3.52913 -0.15378
v -0.37246 3.54046 -0.17797
v -0.32039 3.54173 -0.20001
v -0.70675 2.93832 1.07861
v -0.70884 2.88861 1.11049
v -0.68529 2.84609 1.12351
v -0.68123 2.77608 1.06848
v -0.70220 2.84972 1.02283
v -0.71971 2.89094 1.04576
v -0.68673 2.84957 1.07205
v -0.08068 3.70729 0.05774
v -0.08524 3.74980 0.04733
v -0.08971 3.77495 0.01991
v -0.03927 3.79319 -0.01923
v -0.02489 3.73605 0.01136
v -0.04357 3.72479 0.04183
v -0.05959 3.75255 0.01169
v -0.24650 3.86593 -0.75289
v -0.25613 3.89126 -0.72492
v -0.27419 3.91784 -0.71670
v -0.25900 3.97197 -0.73380
v -0.23148 3.93190 -0.76682
v -0.22867 3.90030 -0.75714
v -0.25647 3.92469 -0.74490
v -0.61802 2.86182 1.26888
v -0.56019 2.85959 1.26200
v -0.51572 2.86688 1.28282
v -0.48243 2.94755 1.29359
v -0.56919 2.95225 1.28006
v -0.59456 2.91447 1.26023
v -0.54388 2.90889 1.28846
v -0.58307 4.00884 -0.25719
v -0.63784 4.01476 -0.25854
v -0.67416 4.04412 -0.25386
v -0.70054 4.06941 -0.17917
v -0.62343 4.03883 -0.17337
v -0.60523 4.01136 -0.20680
v -0.64599 4.04753 -0.21499
v 0.38219 3.57436 -0.47493
v 0.39856 3.59433 -0.52600
v 0.40466 3.58464 -0.57338
v 0.47136 3.53778 -0.60186
v 0.46032 3.52521 -0.51715
v 0.43434 3.55613 -0.48985
v 0.42793 3.54963 -0.54635
v 0.06740 3.34755 -0.21061
v 0.07307 3.34504 -0.16199
v 0.07748 3.32025 -0.12869
v 0.02014 3.28374 -0.09958
v 0.00403 3.30563 -0.16836
v 0.02585 3.33564 -0.18749
v 0.04307 3.30790 -0.15094
v -0.49369 3.10700 0.69413
v -0.51558 3.12116 0.64069
v -0.54522 3.15249 0.61415
v -0.63466 3.14603 0.61653
v -0.59879 3.10286 0.68651
v -0.55001 3.08926 0.68721
v -0.57203 3.13374 0.65447
v -0.80004 3.28221 -0.14676
v -0.77263 3.25581 -0.12054
v -0.75725 3.24980 -0.08480
v -0.70468 3.28867 -0.06055
v -0.73560 3.32094 -0.11407
v -0.75871 3.30154 -0.13935
v -0.75021 3.28793 -0.09601
v -0.03591 3.78161 -0.50634
v -0.08360 3.77242 -0.49137
v -0.10990 3.76322 -0.45824
v -0.11350 3.69283 -0.42802
v -0.04919 3.70061 -0.46906
v -0.04458 3.73217 -0.49833
v -0.07636 3.73415 -0.45872
v -0.20311 3.68639 -0.36840
v -0.16785 3.69973 -0.39644
v -0.14272 3.68921 -0.42576
v -0.08652 3.64776 -0.41354
v -0.13300 3.64208 -0.36031
v -0.16160 3.66943 -0.35437
v -0.14074 3.66136 -0.39569
v -0.30322 3.74998 -0.69745
v -0.32375 3.72260 -0.73782
v -0.31568 3.69462 -0.77223
v -0.28302 3.72033 -0.84041
v -0.27016 3.77338 -0.78213
v -0.29449 3.77323 -0.74419
v -0.28739 3.73104 -0.77534
v 0.06844 3.13838 -0.35390
v 0.05652 3.14283 -0.31228
v 0.02965 3.13824 -0.28717
v -0.02176 3.17894 -0.28385
v 0.00799 3.18490 -0.34208
v 0.04260 3.17282 -0.34758
v 0.01586 3.15764 -0.31679
v -0.56097 3.45285 0.01631
v -0.60133 3.44599 0.01307
v -0.63083 3.43714 0.02964
v -0.64272 3.37855 0.04587
v -0.58227 3.38555 0.03423
v -0.57011 3.41282 0.01601
v -0.60557 3.41269 0.03672
v -0.29515 3.45390 -0.04418
v -0.28308 3.44717 -0.08077
v -0.28700 3.42898 -0.10840
v -0.26695 3.37361 -0.11217
v -0.27043 3.39010 -0.05562
v -0.27243 3.42217 -0.04684
v -0.28330 3.40807 -0.08166
v -0.88022 4.09009 -0.72905
v -0.85900 4.05449 -0.74237
v -0.82609 4.03809 -0.74716
v -0.78646 4.05419 -0.79700
v -0.83120 4.10135 -0.78762
v -0.86229 4.09515 -0.76838
v -0.82555 4.07226 -0.76381
v 0.07455 3.84854 -0.70840
v 0.09041 3.86246 -0.65213
v 0.11132 3.84606 -0.60839
v 0.06574 3.79288 -0.55081
v 0.02655 3.79104 -0.63256
v 0.03591 3.82709 -0.66767
v 0.07323 3.81294 -0.62274
v -0.14016 3.94876 -0.59866
v -0.08383 3.93308 -0.58602
v -0.05028 3.92082 -0.54968
v -0.01370 3.98338 -0.49588
v -0.08808 4.01601 -0.53524
v -0.10813 3.99427 -0.57673
v -0.07352 3.96587 -0.53706
v -0.28949 3.79994 -0.74397
v -0.29685 3.85779 -0.75389
v -0.32925 3.89471 -0.76511
v -0.36019 3.90633 -0.84804
v -0.32616 3.82428 -0.83923
v -0.29486 3.81251 -0.80153
v -0.33408 3.85678 -0.79985
v 0.01889 3.37619 -1.09908
v -0.02127 3.37155 -1.08940
v -0.04479 3.36255 -1.06452
v -0.05537 3.30263 -1.04933
v -0.00080 3.30781 -1.07981
v 0.00701 3.33636 -1.09923
v -0.02021 3.33605 -1.06782
v -0.23640 3.45888 -0.74609
v -0.21554 3.49092 -0.76442
v -0.21804 3.52149 -0.78349
v -0.23008 3.52100 -0.84633
v -0.24613 3.46473 -0.82044
v -0.23360 3.45443 -0.78817
v -0.23692 3.49477 -0.80084
v -0.78880 3.16923 1.05954
v -0.78788 3.22564 1.08040
v -0.75896 3.26511 1.09556
v -0.71829 3.26600 1.17668
v -0.74243 3.18129 1.15486
v -0.77726 3.17175 1.11852
v -0.74428 3.22196 1.12167
v -0.06017 3.69711 -0.09279
v -0.06528 3.67354 -0.13763
v -0.08515 3.67306 -0.17617
v -0.15779 3.64926 -0.18382
v -0.14312 3.66599 -0.11030
v -0.10254 3.66899 -0.09528
v -0.11575 3.67555 -0.14401
v -1.22673 3.16160 -0.28590
v -1.19957 3.19769 -0.28297
v -1.19318 3.23408 -0.29396
v -1.16933 3.24910 -0.35616
v -1.19478 3.18574 -0.35548
v -1.20060 3.16661 -0.32252
v -1.19912 3.21171 -0.32600
v -0.37759 3.54412 0.91725
v -0.32452 3.52016 0.91691
v -0.28204 3.51341 0.94160
v -0.22183 3.57705 0.94810
v -0.29940 3.61116 0.92491
v -0.33568 3.58300 0.90618
v -0.29275 3.56309 0.94010
v -0.79175 3.88923 -0.34600
v -0.80200 3.88524 -0.39654
v -0.81631 3.90568 -0.43285
v -0.89212 3.91998 -0.44465
v -0.87912 3.90489 -0.36919
v -0.84238 3.88473 -0.35562
v -0.84649 3.91142 -0.39973
v -0.33762 3.46782 -0.17975
v -0.33067 3.51091 -0.17844
v -0.34580 3.54484 -0.18037
v -0.36417 3.57131 -0.23783
v -0.35724 3.50610 -0.24416
v -0.33803 3.48601 -0.21945
v -0.35663 3.52456 -0.21080
v -0.48818 3.22482 -1.12627
v -0.49827 3.19916 -1.16154
v -0.49374 3.19332 -1.19894
v -0.52612 3.23078 -1.24488
v -0.52639 3.26211 -1.18504
v -0.51926 3.24338 -1.15260
v -0.50524 3.23021 -1.19302
v -0.75172 3.25987 -1.21246
v -0.77920 3.28000 -1.23657
v -0.79101 3.31147 -1.24812
v -0.82663 3.34873 -1.21196
v -0.79704 3.30599 -1.17643
v -0.78307 3.27648 -1.19048
v -0.78990 3.31176 -1.21170
v -0.24601 3.99865 -0.18308
v -0.23571 3.95917 -0.18872
v -0.22239 3.93008 -0.17434
v -0.16137 3.92347 -0.16463
v -0.17527 3.98346 -0.17297
v -0.20543 3.99349 -0.18784
v -0.19976 3.95746 -0.16870
v -0.43966 4.00164 -0.70165
v -0.47883 4.00295 -0.70124
v -0.50602 4.02183 -0.69685
v -0.52421 4.03803 -0.64295
v -0.46779 4.02040 -0.64090
v -0.45426 4.00203 -0.66527
v -0.48527 4.02556 -0.66988
v 0.30147 3.71733 -0.46612
v 0.30295 3.70290 -0.50575
v 0.30332 3.71128 -0.54070
v 0.25049 3.72930 -0.57134
v 0.24234 3.73507 -0.50845
v 0.26374 3.71819 -0.48502
v 0.27473 3.72803 -0.52456
v -0.17293 3.58768 -1.15487
v -0.14354 3.56730 -1.18537
v -0.10580 3.56422 -1.19840
v -0.07620 3.61430 -1.23898
v -0.13360 3.64018 -1.20633
v -0.16141 3.61613 -1.19047
v -0.11662 3.60381 -1.19772
v -1.14483 2.91558 -0.48929
v -1.09587 2.89435 -0.47335
v -1.06853 2.88094 -0.43697
v -1.02880 2.93701 -0.38859
v -1.09067 2.97450 -0.43136
v -1.11010 2.95449 -0.46974
v -1.08422 2.92633 -0.42926
v -0.38565 3.73121 -0.14543
v -0.41594 3.70317 -0.15367
v -0.42537 3.67388 -0.17207
v -0.43977 3.67652 -0.23387
v -0.40760 3.72853 -0.21674
v -0.40452 3.73830 -0.18238
v -0.41190 3.69894 -0.19535
v 0.13088 3.68792 -0.45552
v 0.13227 3.65681 -0.41818
v 0.11659 3.64642 -0.38130
v 0.13414 3.68311 -0.32026
v 0.15062 3.72325 -0.37939
v 0.15415 3.70620 -0.41696
v 0.12812 3.68727 -0.38053
v -1.04665 3.73378 -0.49701
v -1.00841 3.76151 -0.50021
v -0.97379 3.76895 -0.51951
v -0.91535 3.72942 -0.50831
v -0.97331 3.69457 -0.48532
v -1.00810 3.71369 -0.47824
v -0.97447 3.72934 -0.50766
v 0.21326 3.59530 -0.32251
v 0.18265 3.60617 -0.35729
v 0.17310 3.60193 -0.39646
v 0.20793 3.63797 -0.44789
v 0.24662 3.63777 -0.38739
v 0.22991 3.62920 -0.35146
v 0.21250 3.61479 -0.39335
v -0.19810 3.37869 -0.18066
v -0.14057 3.37504 -0.16901
v -0.09402 3.37719 -0.18738
v -0.05923 3.31026 -0.23410
v -0.14760 3.30280 -0.23134
v -0.17501 3.32722 -0.19728
v -0.12164 3.34410 -0.21529
v -1.05828 2.94337 0.10527
v -1.06824 2.97685 0.15521
v -1.04809 2.99673 0.19872
v -1.03311 2.94479 0.27312
v -1.04296 2.89147 0.19885
v -1.06494 2.90919 0.15529
v -1.03818 2.94446 0.19718
v -0.77765 3.95822 -0.21939
v -0.76622 3.91622 -0.21307
v -0.77499 3.88354 -0.19700
v -0.76600 3.87310 -0.13209
v -0.76557 3.93820 -0.14497
v -0.76016 3.95136 -0.17962
v -0.77567 3.91125 -0.17041
v -0.64359 3.55283 -0.19616
v -0.63285 3.55022 -0.24797
v -0.60350 3.53727 -0.27971
v -0.53680 3.57871 -0.29463
v -0.56612 3.59874 -0.22301
v -0.60882 3.58974 -0.21152
v -0.58149 3.56323 -0.24837
v -0.31703 3.48552 -0.17889
v -0.27799 3.48639 -0.19516
v -0.24781 3.46786 -0.20186
v -0.20575 3.45448 -0.15574
v -0.26204 3.47034 -0.13015
v -0.28713 3.48798 -0.14906
v -0.25664 3.46417 -0.16617
v -1.19740 3.25314 -1.05269
v -1.15930 3.29626 -1.04986
v -1.11930 3.31688 -1.06943
v -1.03996 3.28379 -1.05657
v -1.10049 3.22424 -1.03802
v -1.14721 3.23671 -1.02967
v -1.11009 3.26824 -1.06045
v -0.35850 3.64277 -0.54161
v -0.36544 3.60529 -0.56174
v -0.39031 3.58077 -0.57308
v -0.41887 3.53948 -0.53174
v -0.39231 3.58902 -0.49903
v -0.36673 3.61059 -0.51414
v -0.39572 3.58784 -0.53650
v -0.54202 3.77548 0.13347
v -0.48857 3.79969 0.12470
v -0.43911 3.79148 0.11846
v -0.38590 3.77045 0.18729
v -0.47151 3.75616 0.20915
v -0.50940 3.77699 0.18300
v -0.45515 3.76698 0.16120
v 1.55762 0.02034 -0.52547
v 1.54204 0.03492 -0.49047
v 1.52039 0.02930 -0.46367
v 1.45910 0.03495 -0.46969
v 1.48547 0.02930 -0.52534
v 1.51960 0.03492 -0.53012
v 1.50266 0.02424 -0.49435
v 1.83840 0.01208 1.45016
v 1.81482 0.01900 1.47281
v 1.79202 0.00954 1.48697
v 1.74673 0.00627 1.46507
v 1.78275 0.00954 1.42994
v 1.80886 0.01900 1.43615
v 1.78791 0.00544 1.45837
vn 0.9858 0.0223 -0.1666
vn 0.9472 -0.3200 0.0204
vn 0.9795 -0.1459 -0.1386
vn 0.9907 0.1233 -0.0575
vn 0.9430 0.0597 -0.3275
vn 0.8510 0.2210 -0.4764
vn 0.9844 0.0141 -0.1753
vn -0.5663 -0.4520 -0.6892
vn -0.3568 -0.7536 -0.5521
vn -0.5265 -0.5958 -0.6064
vn -0.4768 -0.3876 -0.7890
vn -0.6965 -0.3715 -0.6139
vn -0.8039 -0.1633 -0.5718
vn -0.5730 -0.4568 -0.6804
vn -0.1513 -0.3321 -0.9311
vn -0.3985 -0.5582 -0.7277
vn -0.2968 -0.3959 -0.8690
vn -0.0195 -0.3995 -0.9165
vn -0.1684 -0.1672 -0.9714
vn -0.0608 0.0435 -0.9972
vn -0.1618 -0.3263 -0.9313
vn 0.3420 -0.7659 0.5445
vn 0.6691 -0.5563 0.4927
vn 0.4747 -0.6639 0.5778
vn 0.3295 -0.8458 0.4197
vn 0.2106 -0.7320 0.6479
vn -0.0256 -0.7355 0.6771
vn 0.3427 -0.7586 0.5541
vn 0.1976 0.7452 0.6369
vn 0.1190 0.9438 0.3083
vn 0.1158 0.8437 0.5242
vn 0.3401 0.7050 0.6223
vn 0.0879 0.6659 0.7408
vn 0.0457 0.4762 0.8781
vn 0.1859 0.7477 0.6375
vn -0.5721 0.3274 -0.7520
vn -0.7137 -0.0342 -0.6996
vn -0.6775 0.2008 -0.7076
vn -0.4518 0.3077 -0.8374
vn -0.5963 0.4651 -0.6543
vn -0.5001 0.6610 -0.5594
vn -0.5813 0.3287 -0.7444
vn 0.8490 0.4718 -0.2380
vn 0.8166 0.2176 -0.5346
vn 0.8221 0.4102 -0.3948
vn 0.9108 0.3925 -0.1283
vn 0.7598 0.6148 -0.2117
vn 0.6525 0.7559 -0.0529
vn 0.8432 0.4777 -0.2467
vn 0.9060 -0.4046 -0.1248
vn 0.9391 -0.2513 0.2344
vn 0.9180 -0.3940 0.0451
vn 0.9323 -0.2901 -0.2161
vn 0.8208 -0.5447 -0.1720
vn 0.6834 -0.6478 -0.3366
vn 0.9029 -0.4135 -0.1173
vn 0.6197 -0.1832 -0.7631
vn 0.4249 -0.5224 -0.7393
vn 0.5119 -0.3097 -0.8013
vn 0.7260 -0.1946 -0.6596
vn 0.5643 -0.0341 -0.8248
vn 0.5629 0.2027 -0.8013
vn 0.6105 -0.1821 -0.7708
vn 0.2142 0.7959 -0.5662
vn 0.0813 0.5438 -0.8353
vn 0.1119 0.7230 -0.6817
vn 0.3565 0.7574 -0.5470
vn 0.1243 0.8839 -0.4509
vn 0.1139 0.9669 -0.2281
vn 0.2024 0.7983 -0.5672
vn -0.6825 -0.6607 -0.3124
vn -0.4670 -0.8814 -0.0707
vn -0.6365 -0.7511 -0.1753
vn -0.6067 -0.6618 -0.4404
vn -0.7963 -0.5404 -0.2717
vn -0.8876 -0.3270 -0.3244
vn -0.6880 -0.6600 -0.3018
vn 0.1995 -0.4174 -0.8866
vn -0.1795 -0.5073 -0.8429
vn 0.0303 -0.4163 -0.9087
vn 0.2712 -0.5219 -0.8087
vn 0.2679 -0.2661 -0.9260
vn 0.4455 -0.1123 -0.8882
vn 0.1935 -0.4085 -0.8920
vn 0.9889 0.1096 0.0999
vn 0.8706 0.4832 0.0931
vn 0.9514 0.2674 0.1528
vn 0.9965 0.0709 -0.0435
vn 0.9739 -0.0032 0.2270
vn 0.9298 -0.2289 0.2883
vn 0.9874 0.1127 0.1115
vn -0.7088 -0.5623 0.4260
vn -0.8406 -0.2013 0.5029
vn -0.8043 -0.4211 0.4192
vn -0.6085 -0.5883 0.5327
vn -0.7114 -0.6458 0.2772
vn -0.5961 -0.7924 0.1294
vn -0.7162 -0.5597 0.4169
vn -0.7375 0.6428 0.2070
vn -0.5815 0.8056 -0.1135
vn -0.7189 0.6936 0.0452
vn -0.6504 0.6898 0.3181
vn -0.8360 0.5039 0.2172
vn -0.8895 0.3065 0.3390
vn -0.7438 0.6384 0.1978
vn 0.9676 -0.0717 -0.2422
vn 0.8003 -0.2740 -0.5333
vn 0.9106 -0.1123 -0.3978
vn 0.9769 -0.1693 -0.1303
vn 0.9707 0.0974 -0.2198
vn 0.9585 0.2777 -0.0650
vn 0.9659 -0.0637 -0.2511
vn 0.3179 -0.0751 -0.9452
vn 0.0824 -0.3872 -0.9183
vn 0.1829 -0.1771 -0.9671
vn 0.4466 -0.1211 -0.8865
vn 0.2738 0.0892 -0.9576
vn 0.3216 0.3134 -0.8935
vn 0.3071 -0.0713 -0.9490
vn 0.6734 -0.7051 0.2222
vn 0.5168 -0.6348 0.5745
vn 0.5824 -0.7264 0.3649
vn 0.7750 -0.5978 0.2051
vn 0.6048 -0.7911 0.0918
vn 0.5758 -0.8048 -0.1441
vn 0.6645 -0.7131 0.2233
vn -0.5090 -0.8103 0.2903
vn -0.5101 -0.5971 0.6191
vn -0.5648 -0.7117 0.4178
vn -0.3771 -0.8791 0.2916
vn -0.6006 -0.7856 0.1485
vn -0.6044 -0.7916 -0.0894
vn -0.5192 -0.8040 0.2899
vn -0.0642 -0.6235 -0.7792
vn -0.3881 -0.7169 -0.5792
vn -0.2290 -0.6363 -0.7367
vn 0.0438 -0.7007 -0.7121
vn -0.0354 -0.4847 -0.8740
vn 0.1210 -0.3181 -0.9403
vn -0.0729 -0.6167 -0.7839
vn -0.5115 -0.5739 -0.6395
vn -0.7421 -0.2577 -0.6187
vn -0.5904 -0.4292 -0.6836
vn -0.5489 -0.6544 -0.5201
vn -0.3626 -0.5904 -0.7211
vn -0.1429 -0.6818 -0.7174
vn -0.5080 -0.5668 -0.6486
vn -0.4200 0.5117 0.7495
vn -0.2923 0.8026 0.5200
vn -0.4212 0.6425 0.6401
vn -0.3004 0.4722 0.8287
vn -0.5542 0.4093 0.7248
vn -0.6422 0.1889 0.7429
vn -0.4293 0.5144 0.7424
vn -0.1811 -0.6504 -0.7377
vn 0.0062 -0.3655 -0.9308
vn -0.0584 -0.5669 -0.8217
vn -0.3219 -0.6030 -0.7299
vn -0.1151 -0.7667 -0.6316
vn -0.1430 -0.8911 -0.4307
vn -0.1695 -0.6536 -0.7376
vn -0.2024 -0.9501 -0.2373
vn -0.4436 -0.8938 0.0664
vn -0.3459 -0.9265 -0.1481
vn -0.0713 -0.9821 -0.1746
vn -0.2184 -0.8916 -0.3967
vn -0.1083 -0.8018 -0.5877
vn -0.2128 -0.9466 -0.2421
vn 0.6609 0.4261 0.6178
vn 0.8215 0.0725 0.5656
vn 0.7675 0.3043 0.5642
vn 0.5588 0.4048 0.7238
vn 0.6567 0.5570 0.5084
vn 0.5298 0.7374 0.4189
vn 0.6685 0.4275 0.6086
vn 0.6840 -0.4284 -0.5904
vn 0.4087 -0.7071 -0.5771
vn 0.5566 -0.5312 -0.6388
vn 0.7627 -0.4486 -0.4658
vn 0.6806 -0.2812 -0.6766
vn 0.7348 -0.0495 -0.6765
vn 0.6769 -0.4264 -0.6000
vn -0.6893 -0.6566 -0.3062
vn -0.4766 -0.8769 -0.0617
vn -0.6445 -0.7459 -0.1680
vn -0.6134 -0.6599 -0.4340
vn -0.8019 -0.5345 -0.2670
vn -0.8907 -0.3207 -0.3221
vn -0.6948 -0.6557 -0.2955
vn 0.0029 -0.7330 0.6803
vn 0.2985 -0.5092 0.8072
vn 0.0922 -0.6238 0.7762
vn 0.0636 -0.8168 0.5734
vn -0.1646 -0.7027 0.6921
vn -0.3773 -0.7170 0.5862
vn -0.0021 -0.7254 0.6883
vn -0.8822 0.3347 0.3312
vn -0.9610 0.2725 -0.0477
vn -0.9458 0.2637 0.1897
vn -0.8179 0.4688 0.3337
vn -0.8631 0.2190 0.4551
vn -0.7435 0.1549 0.6506
vn -0.8866 0.3235 0.3307
vn -0.3668 -0.7571 0.5405
vn -0.6890 -0.6311 0.3563
vn -0.4983 -0.7518 0.4319
vn -0.3532 -0.6658 0.6572
vn -0.2370 -0.8470 0.4759
vn -0.0016 -0.8816 0.4720
vn -0.3676 -0.7638 0.5305
vn 0.1213 -0.7669 0.6302
vn 0.2408 -0.9255 0.2924
vn 0.2242 -0.8305 0.5099
vn -0.0268 -0.7792 0.6262
vn 0.2035 -0.6542 0.7285
vn 0.1863 -0.4616 0.8673
vn 0.1332 -0.7651 0.6299
vn -0.9860 -0.1606 -0.0448
vn -0.9031 -0.0864 -0.4206
vn -0.9597 -0.1851 -0.2115
vn -0.9995 -0.0260 0.0171
vn -0.9523 -0.3020 0.0445
vn -0.8836 -0.3939 0.2531
vn -0.9840 -0.1713 -0.0497
vn -0.8946 -0.1247 -0.4292
vn -0.9949 -0.0863 -0.0523
vn -0.9567 -0.0572 -0.2854
vn -0.8559 -0.2678 -0.4425
vn -0.8433 -0.0032 -0.5374
vn -0.6966 0.0558 -0.7152
vn -0.8968 -0.1130 -0.4277
vn -0.7713 -0.6244 -0.1231
vn -0.8936 -0.3108 -0.3239
vn -0.8131 -0.5237 -0.2543
vn -0.8051 -0.5929 0.0183
vn -0.6529 -0.7386 -0.1681
vn -0.4721 -0.8762 -0.0971
vn -0.7678 -0.6264 -0.1345
vn 0.0245 -0.7469 0.6645
vn 0.2439 -0.8943 0.3752
vn 0.1612 -0.8003 0.5776
vn -0.1154 -0.7744 0.6221
vn 0.0664 -0.6258 0.7772
vn -0.0055 -0.4352 0.9003
vn 0.0358 -0.7439 0.6673
vn 0.7199 -0.6421 -0.2635
vn 0.9293 -0.3570 -0.0948
vn 0.8157 -0.5589 -0.1495
vn 0.6970 -0.5936 -0.4023
vn 0.6223 -0.7599 -0.1879
vn 0.4206 -0.8859 -0.1958
vn 0.7210 -0.6454 -0.2520
vn -0.5963 -0.6703 0.4417
vn -0.7121 -0.6987 0.0684
vn -0.6183 -0.7327 0.2845
vn -0.6708 -0.5528 0.4944
vn -0.4528 -0.7298 0.5122
vn -0.2767 -0.6912 0.6676
vn -0.5897 -0.6792 0.4370
vn -0.3754 0.5306 0.7600
vn -0.5243 0.7217 0.4519
vn -0.4880 0.5878 0.6453
vn -0.2381 0.5860 0.7746
vn -0.4229 0.3794 0.8230
vn -0.3530 0.1733 0.9194
vn -0.3862 0.5256 0.7580
vn 0.9024 -0.1390 0.4079
vn 0.6940 -0.4199 0.5849
vn 0.8436 -0.2937 0.4495
vn 0.8733 -0.0164 0.4870
vn 0.9594 -0.1357 0.2472
vn 0.9986 -0.0043 0.0527
vn 0.9039 -0.1488 0.4011
vn 0.8207 -0.1253 -0.5575
vn 0.9769 -0.0671 -0.2028
vn 0.8990 -0.1565 -0.4092
vn 0.7935 0.0117 -0.6085
vn 0.7418 -0.2647 -0.6162
vn 0.5635 -0.3520 -0.7474
vn 0.8221 -0.1363 -0.5528
vn 0.9821 -0.1383 -0.1280
vn 0.9211 0.1834 -0.3433
vn 0.9839 0.0250 -0.1771
vn 0.9433 -0.2504 -0.2178
vn 0.9875 -0.1518 0.0419
vn 0.9308 -0.2817 0.2331
vn 0.9843 -0.1291 -0.1206
vn 0.3006 -0.4153 -0.8586
vn 0.0047 -0.6519 -0.7583
vn 0.1473 -0.4902 -0.8591
vn 0.4164 -0.4663 -0.7805
vn 0.2920 -0.2569 -0.9213
vn 0.3854 -0.0379 -0.9220
vn 0.2909 -0.4107 -0.8641
vn 0.9243 0.0001 -0.3816
vn 0.7197 0.1584 -0.6760
vn 0.8634 0.1159 -0.4911
vn 0.9054 -0.1464 -0.3984
vn 0.9695 0.0726 -0.2339
vn 0.9990 0.0446 0.0006
vn 0.9250 0.0120 -0.3799
vn 0.9256 -0.3392 -0.1678
vn 1.0000 0.0068 0.0006
vn 0.9733 -0.2239 -0.0514
vn 0.9001 -0.3058 -0.3104
vn 0.8708 -0.4827 -0.0936
vn 0.7303 -0.6741 -0.1104
vn 0.9268 -0.3416 -0.1560
vn 0.3153 -0.2455 0.9167
vn 0.3019 -0.5968 0.7434
vn 0.3667 -0.3911 0.8441
vn 0.1751 -0.2204 0.9596
vn 0.4303 -0.1215 0.8945
vn 0.4694 0.1125 0.8758
vn 0.3264 -0.2473 0.9123
vn 0.4562 -0.6574 -0.5998
vn 0.4235 -0.3470 -0.8368
vn 0.4988 -0.5209 -0.6928
vn 0.3237 -0.7244 -0.6086
vn 0.5640 -0.6794 -0.4694
vn 0.5951 -0.7640 -0.2491
vn 0.4665 -0.6513 -0.5985
vn -0.8122 0.0706 -0.5792
vn -0.9506 -0.1384 -0.2779
vn -0.8986 0.0301 -0.4378
vn -0.7454 -0.0300 -0.6660
vn -0.7763 0.2373 -0.5839
vn -0.6289 0.4069 -0.6625
vn -0.8168 0.0787 -0.5715
vn 0.0545 0.6241 0.7795
vn -0.0046 0.8749 0.4842
vn -0.0229 0.7360 0.6766
vn 0.2009 0.5975 0.7763
vn -0.0583 0.5192 0.8527
vn -0.0980 0.3045 0.9475
vn 0.0426 0.6256 0.7790
vn -0.9509 0.2676 -0.1557
vn -0.7902 0.6104 -0.0545
vn -0.8890 0.4260 -0.1681
vn -0.9793 0.2007 -0.0259
vn -0.9351 0.1834 -0.3032
vn -0.9116 -0.0279 -0.4101
vn -0.9476 0.2727 -0.1661
vn -0.2211 0.7076 -0.6711
vn 0.1343 0.5953 -0.7922
vn -0.0988 0.6356 -0.7657
vn -0.1936 0.8044 -0.5616
vn -0.3692 0.6246 -0.6881
vn -0.5772 0.5665 -0.5882
vn -0.2231 0.6991 -0.6793
vn -0.6193 0.6983 0.3590
vn -0.8604 0.3909 0.3270
vn -0.7189 0.5667 0.4025
vn -0.6154 0.7563 0.2221
vn -0.4979 0.7251 0.4758
vn -0.2790 0.8074 0.5198
vn -0.6190 0.6929 0.3698
vn 0.3042 0.9524 0.0186
vn 0.5962 0.7748 0.2103
vn 0.4582 0.8873 0.0524
vn 0.1992 0.9723 0.1220
vn 0.2719 0.9507 -0.1490
vn 0.1061 0.9416 -0.3194
vn 0.3125 0.9499 0.0101
vn 0.7390 0.6217 0.2596
vn 0.6058 0.7928 -0.0669
vn 0.6613 0.7335 0.1568
vn 0.8307 0.5154 0.2105
vn 0.6669 0.6195 0.4142
vn 0.6204 0.4927 0.6102
vn 0.7308 0.6297 0.2633
vn -0.6015 -0.1637 -0.7819
vn -0.5741 -0.5237 -0.6294
vn -0.6439 -0.3076 -0.7006
vn -0.4789 -0.1496 -0.8650
vn -0.6905 -0.0308 -0.7227
vn -0.6969 0.2045 -0.6874
vn -0.6109 -0.1647 -0.7744
vn -0.3043 0.6318 -0.7129
vn 0.0534 0.7714 -0.6341
vn -0.1387 0.6689 -0.7303
vn -0.3909 0.6914 -0.6076
vn -0.3455 0.4909 -0.7998
vn -0.4907 0.3032 -0.8169
vn -0.2970 0.6264 -0.7207
vn -0.0935 0.1939 0.9766
vn 0.2543 0.0135 0.9670
vn 0.0752 0.1695 0.9827
vn -0.1924 0.0828 0.9778
vn -0.1312 0.3526 0.9265
vn -0.2887 0.4952 0.8194
vn -0.0854 0.2027 0.9755
vn -0.2075 0.3769 -0.9027
vn -0.2155 -0.0079 -0.9765
vn -0.2674 0.2211 -0.9379
vn -0.0632 0.4125 -0.9088
vn -0.3239 0.4708 -0.8206
vn -0.3641 0.6490 -0.6680
vn -0.2190 0.3737 -0.9013
vn -0.7479 0.3012 0.5915
vn -0.8782 0.4140 0.2395
vn -0.8401 0.3058 0.4480
vn -0.6561 0.4104 0.6334
vn -0.7414 0.1432 0.6557
vn -0.6184 -0.0137 0.7857
vn -0.7547 0.2920 0.5876
vn -0.8515 0.4369 -0.2900
vn -0.7387 0.6740 0.0009
vn -0.7916 0.5743 -0.2086
vn -0.9198 0.3242 -0.2211
vn -0.7867 0.4253 -0.4474
vn -0.7259 0.2819 -0.6274
vn -0.8451 0.4456 -0.2953
vn -0.6749 -0.7214 -0.1552
vn -0.4200 -0.7911 -0.4447
vn -0.5520 -0.7965 -0.2467
vn -0.7620 -0.6132 -0.2084
vn -0.6566 -0.7541 0.0112
vn -0.6953 -0.6796 0.2339
vn -0.6672 -0.7295 -0.1508
vn 0.0565 0.9977 -0.0371
vn 0.3999 0.8954 -0.1958
vn 0.1786 0.9719 -0.1534
vn 0.0804 0.9907 0.1096
vn -0.0987 0.9893 -0.1075
vn -0.3295 0.9412 -0.0750
vn 0.0545 0.9973 -0.0489
vn -0.3730 -0.6552 -0.6570
vn -0.6846 -0.4267 -0.5911
vn -0.4951 -0.5386 -0.6817
vn -0.3736 -0.7515 -0.5437
vn -0.2340 -0.6196 -0.7493
vn 0.0023 -0.6397 -0.7687
vn -0.3726 -0.6467 -0.6655
vn 0.9018 -0.2294 -0.3662
vn 0.6671 -0.4217 -0.6142
vn 0.8174 -0.2704 -0.5086
vn 0.9139 -0.3204 -0.2491
vn 0.9316 -0.0616 -0.3582
vn 0.9675 0.1275 -0.2183
vn 0.9000 -0.2218 -0.3753
vn -0.1141 -0.8763 -0.4680
vn -0.3856 -0.9036 -0.1867
vn -0.2665 -0.8808 -0.3915
vn 0.0125 -0.9161 -0.4008
vn -0.1193 -0.7829 -0.6106
vn 0.0015 -0.6460 -0.7633
vn -0.1243 -0.8723 -0.4730
vn 0.1290 -0.3698 -0.9201
vn 0.4996 -0.3426 -0.7956
vn 0.2836 -0.4153 -0.8643
vn 0.0961 -0.2328 -0.9678
vn 0.0109 -0.4843 -0.8748
vn -0.2180 -0.5242 -0.8232
vn 0.1315 -0.3806 -0.9153
vn -0.1041 -0.9022 0.4186
vn -0.1899 -0.6672 0.7202
vn -0.1942 -0.8203 0.5380
vn 0.0446 -0.9076 0.4174
vn -0.2004 -0.9381 0.2824
vn -0.2063 -0.9773 0.0477
vn -0.1160 -0.9009 0.4182
vn 0.1236 -0.9405 -0.3165
vn -0.1899 -0.8301 -0.5243
vn 0.0268 -0.8932 -0.4489
vn 0.0679 -0.9805 -0.1845
vn 0.2865 -0.8957 -0.3400
vn 0.4932 -0.8367 -0.2379
vn 0.1280 -0.9363 -0.3269
vn 0.7808 -0.4236 -0.4592
vn 0.5973 -0.2537 -0.7609
vn 0.7467 -0.3147 -0.5860
vn 0.7084 -0.5521 -0.4398
vn 0.8742 -0.3492 -0.3373
vn 0.9328 -0.3443 -0.1067
vn 0.7860 -0.4128 -0.4603
vn -0.0652 -0.7971 0.6004
vn 0.2935 -0.8437 0.4496
vn 0.1049 -0.8017 0.5885
vn -0.1561 -0.8536 0.4970
vn -0.1158 -0.6853 0.7190
vn -0.2872 -0.5376 0.7928
vn -0.0578 -0.7917 0.6082
vn 0.5119 0.8510 -0.1174
vn 0.1670 0.9462 -0.2772
vn 0.3588 0.9232 -0.1382
vn 0.5842 0.7795 -0.2260
vn 0.5501 0.8337 0.0480
vn 0.6704 0.7109 0.2125
vn 0.5056 0.8559 -0.1085
vn -0.6134 0.2104 0.7613
vn -0.8053 -0.0835 0.5869
vn -0.6783 0.0552 0.7327
vn -0.6515 0.3308 0.6827
vn -0.4729 0.2018 0.8577
vn -0.2650 0.3021 0.9157
vn -0.6097 0.2004 0.7669
vn -0.8864 0.1758 0.4281
vn -0.9195 0.3813 0.0960
vn -0.9366 0.2215 0.2716
vn -0.8118 0.2661 0.5198
vn -0.8938 0.0066 0.4484
vn -0.8070 -0.1842 0.5611
vn -0.8916 0.1683 0.4203
vn -0.8083 0.5788 -0.1078
vn -0.5765 0.8100 0.1076
vn -0.7043 0.7069 -0.0647
vn -0.8725 0.4885 -0.0085
vn -0.7949 0.5415 -0.2737
vn -0.8149 0.3747 -0.4423
vn -0.8023 0.5855 -0.1157
vn -0.8424 -0.1788 -0.5083
vn -0.6467 -0.5137 -0.5638
vn -0.7978 -0.3430 -0.4958
vn -0.7869 -0.0864 -0.6109
vn -0.9217 -0.1254 -0.3670
vn -0.9726 0.0587 -0.2250
vn -0.8461 -0.1861 -0.4995
vn -0.7117 -0.0871 0.6971
vn -0.3951 -0.2060 0.8952
vn -0.5823 -0.0875 0.8083
vn -0.7552 -0.2078 0.6217
vn -0.7543 0.0719 0.6525
vn -0.8478 0.2133 0.4855
vn -0.7074 -0.0773 0.7025
vn 0.3460 0.8570 -0.3819
vn -0.0098 0.9659 -0.2588
vn 0.2237 0.9309 -0.2887
vn 0.3213 0.7948 -0.5148
vn 0.4849 0.8258 -0.2880
vn 0.6774 0.6894 -0.2568
vn 0.3476 0.8612 -0.3708
vn 0.0780 -0.1097 -0.9909
vn 0.0707 -0.4833 -0.8726
vn 0.0222 -0.2685 -0.9630
vn 0.2198 -0.0684 -0.9732
vn -0.0518 0.0008 -0.9987
vn -0.1241 0.2252 -0.9664
vn 0.0664 -0.1129 -0.9914
vn 0.3629 -0.1404 -0.9212
vn -0.0127 -0.2409 -0.9705
vn 0.1997 -0.1337 -0.9707
vn 0.4265 -0.2627 -0.8655
vn 0.4285 0.0161 -0.9034
vn 0.5891 0.1530 -0.7934
vn 0.3573 -0.1303 -0.9248
vn 0.1312 -0.9127 0.3870
vn -0.2128 -0.9555 0.2042
vn 0.0152 -0.9621 0.2721
vn 0.0959 -0.8504 0.5174
vn 0.2868 -0.9038 0.3177
vn 0.5018 -0.8019 0.3241
vn 0.1339 -0.9169 0.3760
vn 0.1445 -0.7326 0.6651
vn 0.0560 -0.9376 0.3431
vn 0.1625 -0.8332 0.5285
vn 0.0124 -0.6930 0.7208
vn 0.2900 -0.6512 0.7014
vn 0.3914 -0.4587 0.7978
vn 0.1551 -0.7351 0.6600
vn -0.9326 -0.1537 -0.3264
vn -0.9414 0.2300 -0.2467
vn -0.9368 0.0153 -0.3494
vn -0.9561 -0.2190 -0.1949
vn -0.8580 -0.2321 -0.4583
vn -0.7339 -0.4209 -0.5331
vn -0.9298 -0.1482 -0.3368
vn -0.2209 0.4498 0.8654
vn -0.5787 0.3717 0.7259
vn -0.3741 0.3770 0.8473
vn -0.1816 0.5760 0.7970
vn -0.1086 0.3411 0.9337
vn 0.1199 0.2774 0.9532
vn -0.2239 0.4391 0.8701
vn 0.3031 -0.0885 -0.9488
vn 0.1004 -0.4205 -0.9017
vn 0.1784 -0.2041 -0.9626
vn 0.4370 -0.1188 -0.8916
vn 0.2427 0.0700 -0.9676
vn 0.2694 0.3005 -0.9149
vn 0.2919 -0.0859 -0.9526
vn 0.5243 -0.4488 -0.7237
vn 0.4812 -0.0886 -0.8721
vn 0.5616 -0.2904 -0.7748
vn 0.3970 -0.5179 -0.7577
vn 0.6276 -0.4990 -0.5976
vn 0.6549 -0.6375 -0.4060
vn 0.5341 -0.4427 -0.7202
vn 0.3097 -0.4967 -0.8108
vn 0.6297 -0.5113 -0.5849
vn 0.4318 -0.5580 -0.7086
vn 0.3170 -0.3632 -0.8761
vn 0.1648 -0.5852 -0.7940
vn -0.0726 -0.5828 -0.8094
vn 0.3088 -0.5070 -0.8047
vn 0.1358 -0.9456 -0.2957
vn 0.4139 -0.9101 -0.0218
vn 0.2197 -0.9642 -0.1483
vn 0.1970 -0.8869 -0.4179
vn -0.0326 -0.9614 -0.2732
vn -0.2498 -0.9026 -0.3505
vn 0.1307 -0.9494 -0.2854
vn 0.2527 0.8810 -0.3999
vn -0.1375 0.9135 -0.3829
vn 0.0976 0.9316 -0.3502
vn 0.2777 0.8045 -0.5250
vn 0.3649 0.8905 -0.2717
vn 0.5657 0.8055 -0.1764
vn 0.2505 0.8864 -0.3894
vn -0.4290 0.7099 -0.5586
vn -0.7423 0.5094 -0.4353
vn -0.5713 0.6705 -0.4732
vn -0.3795 0.6323 -0.6755
vn -0.3316 0.8182 -0.4697
vn -0.1117 0.8978 -0.4259
vn -0.4326 0.7155 -0.5486
vn 0.7471 0.6235 -0.2303
vn 0.6310 0.7672 0.1154
vn 0.7467 0.6621 -0.0641
vn 0.6524 0.6830 -0.3284
vn 0.8368 0.4816 -0.2605
vn 0.8681 0.2923 -0.4013
vn 0.7541 0.6181 -0.2221
vn 0.4936 0.6508 0.5769
vn 0.3194 0.4260 0.8465
vn 0.4723 0.5351 0.7004
vn 0.3887 0.7485 0.5372
vn 0.6283 0.6129 0.4792
vn 0.7296 0.6306 0.2646
vn 0.5016 0.6423 0.5795
vn -0.1926 -0.7938 -0.5769
vn -0.0883 -0.5276 -0.8449
vn -0.1006 -0.7120 -0.6949
vn -0.3360 -0.7646 -0.5500
vn -0.0922 -0.8788 -0.4683
vn -0.0661 -0.9664 -0.2485
vn -0.1808 -0.7954 -0.5785
vn 0.4407 -0.8813 0.1703
vn 0.7517 -0.6500 0.1118
vn 0.5806 -0.7888 0.2018
vn 0.3958 -0.9177 0.0333
vn 0.3396 -0.8889 0.3075
vn 0.1176 -0.9134 0.3897
vn 0.4440 -0.8775 0.1813
vn 0.8077 -0.0462 -0.5878
vn 0.6954 -0.4216 -0.5820
vn 0.7437 -0.1957 -0.6392
vn 0.8861 -0.0295 -0.4625
vn 0.7360 0.0838 -0.6718
vn 0.6751 0.3139 -0.6676
vn 0.8006 -0.0475 -0.5974
vn 0.3907 -0.7251 -0.5672
vn 0.7109 -0.5859 -0.3891
vn 0.5247 -0.7149 -0.4621
vn 0.3689 -0.6322 -0.6813
vn 0.2676 -0.8230 -0.5010
vn 0.0346 -0.8702 -0.4915
vn 0.3921 -0.7319 -0.5573
vn 0.4577 -0.8832 -0.1026
vn 0.7171 -0.6422 -0.2706
vn 0.5989 -0.7907 -0.1270
vn 0.3579 -0.9099 -0.2096
vn 0.4248 -0.9031 0.0636
vn 0.2590 -0.9379 0.2307
vn 0.4653 -0.8801 -0.0939
vn 0.6150 0.7038 -0.3555
vn 0.5632 0.4797 -0.6728
vn 0.5614 0.6524 -0.5091
vn 0.7214 0.6341 -0.2784
vn 0.5054 0.8142 -0.2857
vn 0.4158 0.9055 -0.0849
vn 0.6058 0.7088 -0.3614
vn -0.5715 0.8046 0.1612
vn -0.7390 0.5424 0.3995
vn -0.6188 0.7243 0.3040
vn -0.6304 0.7758 0.0277
vn -0.4238 0.8872 0.1827
vn -0.2259 0.9708 0.0803
vn -0.5662 0.8062 0.1718
vn -0.5266 -0.0754 -0.8468
vn -0.2577 -0.3558 -0.8983
vn -0.4561 -0.2302 -0.8596
vn -0.4575 0.0497 -0.8878
vn -0.6631 -0.0780 -0.7444
vn -0.8022 0.0447 -0.5953
vn -0.5317 -0.0855 -0.8426
vn 0.0095 -0.4159 -0.9093
vn 0.3912 -0.4165 -0.8206
vn 0.1644 -0.4726 -0.8658
vn -0.0161 -0.2785 -0.9603
vn -0.1130 -0.5177 -0.8481
vn -0.3384 -0.5352 -0.7740
vn 0.0116 -0.4267 -0.9043
vn -0.4268 0.7725 -0.4702
vn -0.2455 0.5924 -0.7673
vn -0.4027 0.6807 -0.6120
vn -0.3205 0.8553 -0.4071
vn -0.5690 0.7245 -0.3890
vn -0.6831 0.7076 -0.1808
vn -0.4350 0.7650 -0.4748
vn 0.9541 -0.0674 -0.2917
vn 0.7774 0.0280 -0.6283
vn 0.9040 0.0239 -0.4268
vn 0.9354 -0.2146 -0.2809
vn 0.9869 0.0332 -0.1579
vn 0.9955 0.0522 0.0792
vn 0.9547 -0.0554 -0.2923
vn -0.0354 -0.4559 -0.8893
vn -0.3388 -0.2094 -0.9173
vn -0.1305 -0.3227 -0.9375
vn -0.0897 -0.5726 -0.8149
vn 0.1310 -0.4194 -0.8983
vn 0.3492 -0.4639 -0.8142
vn -0.0310 -0.4460 -0.8945
vn 0.6386 0.5301 -0.5578
vn 0.3658 0.4352 -0.8227
vn 0.5082 0.5450 -0.6668
vn 0.7265 0.4103 -0.5512
vn 0.6284 0.6461 -0.4331
vn 0.6819 0.7013 -0.2079
vn 0.6309 0.5393 -0.5578
vn 0.9846 -0.1674 -0.0498
vn 0.9150 -0.0132 -0.4033
vn 0.9822 -0.0561 -0.1791
vn 0.9483 -0.3109 -0.0645
vn 0.9911 -0.0871 0.1006
vn 0.9383 -0.0947 0.3325
vn 0.9866 -0.1556 -0.0485
vn 0.0599 0.4680 -0.8817
vn 0.1656 0.1039 -0.9807
vn 0.0534 0.3113 -0.9488
vn 0.1845 0.5291 -0.8282
vn -0.0963 0.5260 -0.8450
vn -0.2284 0.6686 -0.7077
vn 0.0497 0.4626 -0.8852
vn 0.1445 -0.0160 -0.9894
vn 0.3994 0.2605 -0.8790
vn 0.2923 0.0618 -0.9543
vn 0.0144 0.0555 -0.9984
vn 0.1577 -0.1850 -0.9700
vn 0.0453 -0.3888 -0.9202
vn 0.1550 -0.0218 -0.9877
vn -0.1784 0.9430 -0.2809
vn -0.5305 0.7792 -0.3339
vn -0.3427 0.9036 -0.2571
vn -0.1030 0.9087 -0.4044
vn -0.1032 0.9856 -0.1338
vn 0.0995 0.9950 -0.0094
vn -0.1843 0.9449 -0.2706
vn -0.3045 0.7218 -0.6215
vn -0.3074 0.9101 -0.2778
vn -0.2596 0.8285 -0.4962
vn -0.4342 0.6491 -0.6246
vn -0.1695 0.6773 -0.7159
vn -0.0706 0.5122 -0.8559
vn -0.2936 0.7270 -0.6206
vn 0.7590 -0.4957 -0.4221
vn 0.8088 -0.1369 -0.5719
vn 0.8251 -0.3410 -0.4504
vn 0.6555 -0.5577 -0.5092
vn 0.7929 -0.5493 -0.2637
vn 0.7241 -0.6849 -0.0807
vn 0.7667 -0.4902 -0.4147
vn -0.6578 -0.4146 0.6288
vn -0.6294 -0.6921 0.3534
vn -0.6168 -0.5612 0.5519
vn -0.7556 -0.3174 0.5729
vn -0.5448 -0.3748 0.7502
vn -0.4399 -0.2016 0.8752
vn -0.6493 -0.4221 0.6327
vn -0.3521 -0.2330 -0.9065
vn -0.0278 -0.0332 -0.9991
vn -0.1938 -0.1994 -0.9606
vn -0.4542 -0.1277 -0.8817
vn -0.3640 -0.3917 -0.8450
vn -0.4756 -0.5390 -0.6952
vn -0.3435 -0.2413 -0.9076
vn -0.8928 0.2335 0.3853
vn -0.6511 0.3884 0.6521
vn -0.8068 0.3493 0.4765
vn -0.9017 0.0899 0.4229
vn -0.9285 0.2921 0.2291
vn -0.9713 0.2379 0.0014
vn -0.8912 0.2450 0.3819
vn -0.0965 0.9688 -0.2282
vn -0.3213 0.9425 0.0918
vn -0.1496 0.9865 -0.0670
vn -0.1846 0.9226 -0.3388
vn 0.0738 0.9686 -0.2375
vn 0.2664 0.8955 -0.3566
vn -0.0893 0.9716 -0.2190
vn 0.9057 -0.3891 -0.1682
vn 0.7248 -0.4663 -0.5071
vn 0.8626 -0.3808 -0.3330
vn 0.8629 -0.4993 -0.0778
vn 0.9645 -0.2391 -0.1120
vn 0.9928 -0.0937 0.0742
vn 0.9083 -0.3798 -0.1753
vn -0.9607 0.2104 0.1812
vn -0.9275 -0.1442 0.3448
vn -0.9498 0.0885 0.3001
vn -0.9826 0.1822 0.0368
vn -0.9018 0.3594 0.2400
vn -0.8013 0.5684 0.1867
vn -0.9580 0.2125 0.1927
vn 0.5790 -0.8007 -0.1539
vn 0.2336 -0.9288 -0.2876
vn 0.4567 -0.8501 -0.2621
vn 0.5711 -0.8209 -0.0067
vn 0.6863 -0.6907 -0.2280
vn 0.8375 -0.5094 -0.1978
vn 0.5791 -0.7983 -0.1656
vn -0.2567 -0.9650 0.0538
vn -0.4901 -0.8081 0.3267
vn -0.3974 -0.9082 0.1317
vn -0.1266 -0.9842 0.1234
vn -0.2718 -0.9553 -0.1159
vn -0.1598 -0.9323 -0.3246
vn -0.2670 -0.9625 0.0481
vn 0.3359 0.4505 0.8272
vn -0.0495 0.4380 0.8976
vn 0.1862 0.4049 0.8952
vn 0.3536 0.5706 0.7412
vn 0.4482 0.3223 0.8338
vn 0.6400 0.2207 0.7360
vn 0.3341 0.4403 0.8334
vn 0.8141 0.5172 -0.2641
vn 0.7147 0.3512 -0.6049
vn 0.7557 0.4996 -0.4234
vn 0.8908 0.4116 -0.1928
vn 0.7387 0.6482 -0.1849
vn 0.6699 0.7421 0.0227
vn 0.8071 0.5253 -0.2696
vn -0.8337 0.1236 -0.5383
vn -0.9427 0.2724 -0.1925
vn -0.8767 0.2371 -0.4185
vn -0.8523 -0.0232 -0.5226
vn -0.7305 0.1931 -0.6550
vn -0.5580 0.1568 -0.8149
vn -0.8313 0.1353 -0.5390
vn -0.6565 -0.4462 0.6082
vn -0.6581 -0.6900 0.3013
vn -0.6285 -0.5849 0.5127
vn -0.7500 -0.3374 0.5690
vn -0.5360 -0.4281 0.7276
vn -0.4148 -0.2777 0.8665
vn -0.6483 -0.4546 0.6107
vn -0.1899 0.6327 -0.7507
vn -0.2381 0.8661 -0.4396
vn -0.1610 0.7551 -0.6355
vn -0.3198 0.5612 -0.7634
vn -0.0439 0.5747 -0.8172
vn 0.0700 0.3914 -0.9175
vn -0.1792 0.6379 -0.7490
vn 0.2535 0.9422 0.2191
vn 0.0043 0.9969 -0.0783
vn 0.1123 0.9847 0.1334
vn 0.3831 0.9109 0.1531
vn 0.2174 0.8990 0.3802
vn 0.2807 0.7715 0.5709
vn 0.2428 0.9438 0.2243
vn -0.6218 0.4124 -0.6658
vn -0.8482 0.4011 -0.3461
vn -0.7101 0.4642 -0.5294
vn -0.6329 0.2757 -0.7235
vn -0.4923 0.5182 -0.6994
vn -0.2750 0.5431 -0.7933
vn -0.6203 0.4231 -0.6605
vn -0.5404 0.4517 -0.7099
vn -0.8208 0.3371 -0.4612
vn -0.6631 0.4586 -0.5915
vn -0.5128 0.3309 -0.7922
vn -0.4298 0.5803 -0.6918
vn -0.2070 0.6571 -0.7248
vn -0.5421 0.4610 -0.7025
vn -0.7710 0.3741 0.5153
vn -0.9544 0.1314 0.2681
vn -0.8569 0.2387 0.4569
vn -0.7496 0.4980 0.4359
vn -0.6793 0.3340 0.6535
vn -0.4871 0.3821 0.7853
vn -0.7720 0.3637 0.5213
vn -0.4677 -0.8676 -0.1691
vn -0.6288 -0.6387 -0.4435
vn -0.5045 -0.8012 -0.3219
vn -0.5452 -0.8371 -0.0458
vn -0.3112 -0.9355 -0.1673
vn -0.1205 -0.9920 -0.0368
vn -0.4610 -0.8692 -0.1790
vn -0.4622 -0.7618 0.4539
vn -0.3662 -0.9240 0.1103
vn -0.3828 -0.8595 0.3388
vn -0.5881 -0.6878 0.4256
vn -0.3600 -0.7262 0.5857
vn -0.3061 -0.5733 0.7600
vn -0.4516 -0.7671 0.4557
vn -0.7617 -0.5226 -0.3830
vn -0.5292 -0.4850 -0.6963
vn -0.6525 -0.5623 -0.5080
vn -0.8375 -0.3947 -0.3780
vn -0.7406 -0.6246 -0.2479
vn -0.7607 -0.6490 -0.0120
vn -0.7548 -0.5325 -0.3830
vn -0.8373 -0.4559 0.3016
vn -0.5846 -0.7554 0.2959
vn -0.7331 -0.5794 0.3562
vn -0.8821 -0.4430 0.1604
vn -0.8479 -0.3293 0.4155
vn -0.8868 -0.0973 0.4519
vn -0.8329 -0.4565 0.3128
vn -0.3230 0.2371 -0.9162
vn 0.0622 0.1994 -0.9779
vn -0.1741 0.1729 -0.9694
vn -0.3382 0.3752 -0.8630
vn -0.4382 0.1138 -0.8917
vn -0.6325 0.0438 -0.7733
vn -0.3214 0.2257 -0.9197
vn 0.7330 0.6430 -0.2217
vn 0.6748 0.7209 0.1580
vn 0.7584 0.6496 -0.0531
vn 0.6279 0.7215 -0.2918
vn 0.8109 0.5078 -0.2907
vn 0.8129 0.3480 -0.4670
vn 0.7409 0.6360 -0.2158
vn 0.6477 0.3601 0.6714
vn 0.4170 0.6715 0.6125
vn 0.5299 0.4805 0.6988
vn 0.7448 0.3646 0.5589
vn 0.6126 0.2184 0.7596
vn 0.6345 -0.0182 0.7727
vn 0.6392 0.3594 0.6799
vn -0.4028 0.8848 0.2342
vn -0.1957 0.9769 -0.0855
vn -0.3660 0.9277 0.0732
vn -0.3033 0.8884 0.3447
vn -0.5500 0.7990 0.2431
vn -0.6797 0.6383 0.3614
vn -0.4105 0.8837 0.2250
vn -0.3150 -0.5722 -0.7572
vn 0.0740 -0.6030 -0.7943
vn -0.1578 -0.6384 -0.7534
vn -0.3483 -0.4443 -0.8254
vn -0.4157 -0.6456 -0.6407
vn -0.6046 -0.6218 -0.4978
vn -0.3119 -0.5821 -0.7509
vn -0.8555 0.4023 0.3260
vn -0.7510 0.1838 0.6341
vn -0.7993 0.3598 0.4814
vn -0.9226 0.3065 0.2342
vn -0.7884 0.5505 0.2745
vn -0.7226 0.6855 0.0899
vn -0.8492 0.4097 0.3331
vn -0.9086 0.0046 -0.4176
vn -0.9674 0.2313 -0.1033
vn -0.9357 0.1435 -0.3222
vn -0.9211 -0.1342 -0.3656
vn -0.8262 0.0439 -0.5617
vn -0.6792 -0.0307 -0.7333
vn -0.9067 0.0159 -0.4214
vn -0.2380 0.9211 -0.3082
vn -0.4764 0.7021 -0.5291
vn -0.3804 0.8485 -0.3679
vn -0.1081 0.9184 -0.3806
vn -0.2522 0.9572 -0.1421
vn -0.1391 0.9881 0.0651
vn -0.2483 0.9204 -0.3020
vn 0.4882 -0.1060 0.8663
vn 0.1403 0.0255 0.9898
vn 0.3331 -0.1038 0.9372
vn 0.5621 0.0170 0.8269
vn 0.5274 -0.2616 0.8083
vn 0.6515 -0.3898 0.6508
vn 0.4818 -0.1159 0.8686
vn -0.5813 0.7470 -0.3226
vn -0.5323 0.8448 0.0538
vn -0.5269 0.8298 -0.1837
vn -0.6916 0.6473 -0.3205
vn -0.4688 0.7600 -0.4502
vn -0.3794 0.6611 -0.6473
vn -0.5718 0.7544 -0.3224
vn 0.4981 0.4834 -0.7198
vn 0.7780 0.2495 -0.5765
vn 0.6103 0.3554 -0.7080
vn 0.4967 0.5999 -0.6273
vn 0.3663 0.4409 -0.8194
vn 0.1361 0.4746 -0.8696
vn 0.4978 0.4735 -0.7267
vn 0.0477 0.9355 -0.3501
vn 0.2188 0.9758 0.0001
vn 0.1684 0.9581 -0.2318
vn -0.0980 0.9421 -0.3207
vn 0.1119 0.8639 -0.4910
vn 0.0700 0.7281 -0.6819
vn 0.0594 0.9340 -0.3522
vn 0.8212 -0.5336 0.2025
vn 0.6225 -0.5679 0.5386
vn 0.7280 -0.6020 0.3280
vn 0.8902 -0.4023 0.2140
vn 0.7901 -0.6106 0.0535
vn 0.7857 -0.5907 -0.1836
vn 0.8148 -0.5437 0.2014
vn -0.5488 0.8303 0.0971
vn -0.3819 0.8067 0.4509
vn -0.4467 0.8648 0.2294
vn -0.6657 0.7387 0.1055
vn -0.4768 0.8776 -0.0502
vn -0.4611 0.8404 -0.2848
vn -0.5387 0.8370 0.0963
vn 0.1063 0.9804 -0.1658
vn 0.3410 0.8300 -0.4413
vn 0.1649 0.9333 -0.3190
vn 0.1898 0.9809 -0.0428
vn -0.0643 0.9844 -0.1636
vn -0.2620 0.9645 -0.0326
vn 0.0994 0.9794 -0.1757
vn -0.8517 0.3250 -0.4111
vn -0.8934 0.4474 -0.0411
vn -0.8601 0.4290 -0.2760
vn -0.8947 0.1827 -0.4076
vn -0.7512 0.3899 -0.5327
vn -0.6067 0.3447 -0.7163
vn -0.8474 0.3363 -0.4109
vn 0.3374 0.5190 -0.7854
vn 0.4575 0.1569 -0.8753
vn 0.3470 0.3673 -0.8629
vn 0.4418 0.5702 -0.6926
vn 0.1792 0.5823 -0.7930
vn 0.0160 0.7225 -0.6912
vn 0.3287 0.5143 -0.7921
vn -0.9367 -0.3433 0.0685
vn -0.7339 -0.6431 0.2188
vn -0.8726 -0.4532 0.1822
vn -0.9283 -0.3634 -0.0786
vn -0.9711 -0.1927 0.1409
vn -0.9930 0.0423 0.1102
vn -0.9365 -0.3413 0.0804
vn 0.3632 -0.0705 0.9291
vn 0.2934 0.3142 0.9029
vn 0.2901 0.0817 0.9535
vn 0.4957 -0.0883 0.8640
vn 0.2502 -0.1969 0.9480
vn 0.1882 -0.4189 0.8883
vn 0.3520 -0.0690 0.9334
vn 0.7083 0.6386 -0.3006
vn 0.3929 0.8711 -0.2947
vn 0.5990 0.7601 -0.2518
vn 0.7000 0.5689 -0.4317
vn 0.7977 0.5791 -0.1681
vn 0.9157 0.3949 -0.0744
vn 0.7083 0.6437 -0.2897
vn -0.2116 -0.0324 0.9768
vn -0.5001 -0.2523 0.8284
vn -0.3053 -0.1693 0.9371
vn -0.2596 0.1074 0.9597
vn -0.0472 -0.0736 0.9962
vn 0.1789 -0.0004 0.9839
vn -0.2076 -0.0437 0.9772
vn 0.9670 0.2257 -0.1180
vn 0.9012 0.0025 -0.4334
vn 0.9427 0.1802 -0.2807
vn 0.9917 0.1281 -0.0085
vn 0.9177 0.3867 -0.0909
vn 0.8353 0.5458 0.0658
vn 0.9641 0.2334 -0.1268
vn -0.4649 0.8838 0.0525
vn -0.4081 0.8043 0.4320
vn -0.4014 0.8914 0.2107
vn -0.5883 0.8085 0.0173
vn -0.3499 0.9347 -0.0627
vn -0.2726 0.9183 -0.2872
vn -0.4545 0.8891 0.0553
vn 0.3692 -0.3030 -0.8786
vn 0.3240 0.0810 -0.9426
vn 0.4071 -0.1384 -0.9028
vn 0.2341 -0.3604 -0.9029
vn 0.4888 -0.3807 -0.7849
vn 0.5389 -0.5564 -0.6324
vn 0.3798 -0.2981 -0.8757
vn 0.2888 0.4622 -0.8384
vn 0.1404 0.1289 -0.9817
vn 0.1830 0.3540 -0.9172
vn 0.4272 0.4261 -0.7975
vn 0.2045 0.5967 -0.7760
vn 0.1970 0.7673 -0.6103
vn 0.2773 0.4647 -0.8409
vn 0.1048 0.9903 0.0910
vn -0.2712 0.9624 -0.0160
vn -0.0655 0.9928 0.0999
vn 0.1801 0.9830 -0.0371
vn 0.1740 0.9543 0.2428
vn 0.3590 0.8611 0.3600
vn 0.0986 0.9900 0.1013
vn -0.7461 0.2505 0.6169
vn -0.5004 0.5517 0.6672
vn -0.6807 0.4079 0.6085
vn -0.6928 0.1444 0.7065
vn -0.8476 0.2186 0.4836
vn -0.9394 0.0539 0.3385
vn -0.7497 0.2589 0.6091
vn 0.2454 -0.5933 0.7666
vn -0.1250 -0.5016 0.8560
vn 0.0771 -0.6085 0.7898
vn 0.3248 -0.4778 0.8162
vn 0.3012 -0.7009 0.6465
vn 0.4645 -0.7448 0.4791
vn 0.2388 -0.6022 0.7618
vn 0.8373 -0.4646 -0.2882
vn 0.9740 -0.1083 -0.1987
vn 0.9180 -0.3395 -0.2047
vn 0.7846 -0.4499 -0.4265
vn 0.7881 -0.5882 -0.1815
vn 0.6321 -0.7626 -0.1376
vn 0.8408 -0.4653 -0.2767
vn -0.2986 -0.0999 0.9491
vn -0.5099 -0.3787 0.7724
vn -0.3527 -0.2543 0.9005
vn -0.3762 0.0250 0.9262
vn -0.1321 -0.1016 0.9860
vn 0.0704 0.0230 0.9973
vn -0.2921 -0.1099 0.9501
vn -0.0564 0.1905 0.9801
vn 0.3312 0.1988 0.9224
vn 0.1024 0.2504 0.9627
vn -0.0881 0.0460 0.9950
vn -0.1719 0.3080 0.9357
vn -0.3904 0.3501 0.8515
vn -0.0537 0.2021 0.9779
vn -0.9866 0.1564 -0.0475
vn -0.9603 -0.2105 -0.1830
vn -0.9984 -0.0137 -0.0546
vn -0.9562 0.2414 -0.1657
vn -0.9710 0.2104 0.1136
vn -0.8882 0.3791 0.2596
vn -0.9881 0.1493 -0.0378
vn -0.5334 0.7578 -0.3758
vn -0.7248 0.4489 -0.5226
vn -0.6551 0.6408 -0.4002
vn -0.4190 0.7776 -0.4688
vn -0.5355 0.8165 -0.2156
vn -0.4102 0.9113 -0.0369
vn -0.5422 0.7555 -0.3679
vn -0.8766 -0.1253 0.4647
vn -0.7235 0.1725 0.6684
vn -0.8510 0.0326 0.5242
vn -0.8147 -0.2464 0.5249
vn -0.9436 -0.1220 0.3079
vn -0.9671 -0.2343 0.0993
vn -0.8807 -0.1153 0.4594
vn -0.3893 -0.5880 -0.7091
vn -0.6637 -0.3096 -0.6809
vn -0.4857 -0.4526 -0.7478
vn -0.4209 -0.6819 -0.5982
vn -0.2354 -0.5771 -0.7820
vn -0.0054 -0.6370 -0.7708
vn -0.3863 -0.5798 -0.7174
vn 0.4390 0.6798 0.5875
vn 0.3027 0.9055 0.2975
vn 0.3431 0.7930 0.5034
vn 0.5673 0.6261 0.5350
vn 0.3510 0.6061 0.7138
vn 0.3235 0.4136 0.8510
vn 0.4281 0.6835 0.5912
vn -0.5875 0.3280 -0.7398
vn -0.7217 0.5371 -0.4367
vn -0.6183 0.4606 -0.6369
vn -0.6570 0.1971 -0.7277
vn -0.4419 0.3495 -0.8262
vn -0.2578 0.2447 -0.9347
vn -0.5813 0.3383 -0.7400
vn -0.7146 0.6854 0.1397
vn -0.8542 0.4911 -0.1708
vn -0.8119 0.5820 0.0451
vn -0.6176 0.7822 0.0818
vn -0.7109 0.6349 0.3025
vn -0.5885 0.6301 0.5066
vn -0.7218 0.6769 0.1442
vn 0.0246 -0.7078 0.7059
vn -0.3614 -0.6553 0.6633
vn -0.1377 -0.7366 0.6621
vn 0.0665 -0.5988 0.7981
vn 0.1321 -0.7884 0.6008
vn 0.3486 -0.7916 0.5019
vn 0.0212 -0.7160 0.6978
vn 0.6146 0.5225 -0.5909
vn 0.3406 0.4085 -0.8469
vn 0.4822 0.5289 -0.6983
vn 0.7060 0.4056 -0.5805
vn 0.6031 0.6436 -0.4713
vn 0.6585 0.7100 -0.2496
vn 0.6066 0.5315 -0.5912
vn 0.3980 -0.6308 -0.6661
vn 0.0303 -0.7644 -0.6440
vn 0.2364 -0.6646 -0.7088
vn 0.4667 -0.6929 -0.5497
vn 0.4543 -0.4899 -0.7441
vn 0.6036 -0.3047 -0.7368
vn 0.3921 -0.6251 -0.6749
vn -0.4573 -0.6649 -0.5906
vn -0.3137 -0.4135 -0.8548
vn -0.3594 -0.6003 -0.7145
vn -0.5839 -0.6017 -0.5449
vn -0.3726 -0.7819 -0.4998
vn -0.3484 -0.8914 -0.2899
vn -0.4465 -0.6694 -0.5937
vn 0.2196 0.3068 -0.9261
vn -0.0625 0.0442 -0.9971
vn 0.0679 0.2412 -0.9681
vn 0.3431 0.2251 -0.9119
vn 0.2033 0.4641 -0.8621
vn 0.2938 0.6307 -0.7182
vn 0.2094 0.3132 -0.9263
vn -0.5535 0.7510 0.3600
vn -0.7743 0.6300 0.0597
vn -0.6815 0.6789 0.2733
vn -0.4525 0.8407 0.2975
vn -0.5312 0.6756 0.5114
vn -0.3788 0.6212 0.6860
vn -0.5611 0.7430 0.3647
vn -0.3038 0.9172 -0.2578
vn -0.1208 0.9893 0.0812
vn -0.1860 0.9715 -0.1470
vn -0.4395 0.8716 -0.2173
vn -0.2342 0.8817 -0.4095
vn -0.2478 0.7532 -0.6094
vn -0.2925 0.9200 -0.2609
vn 0.9819 -0.1497 0.1165
vn 0.9764 0.0809 -0.2004
vn 0.9998 -0.0118 0.0176
vn 0.9561 -0.2861 0.0630
vn 0.9544 -0.1058 0.2791
vn 0.8571 -0.1663 0.4876
vn 0.9830 -0.1384 0.1207
vn 0.4167 -0.5237 0.7430
vn 0.7339 -0.3835 0.5606
vn 0.5558 -0.4302 0.7113
vn 0.3793 -0.6442 0.6642
vn 0.3075 -0.4398 0.8438
vn 0.0808 -0.4088 0.9090
vn 0.4193 -0.5135 0.7487
vn 0.5609 -0.8181 -0.1269
vn 0.3135 -0.8470 -0.4294
vn 0.5015 -0.8163 -0.2868
vn 0.4851 -0.8744 -0.0119
vn 0.6935 -0.7122 -0.1091
vn 0.8186 -0.5731 0.0381
vn 0.5665 -0.8127 -0.1361
vn -0.2853 -0.4245 -0.8593
vn -0.4536 -0.0718 -0.8883
vn -0.3164 -0.2649 -0.9109
vn -0.3798 -0.5036 -0.7760
vn -0.1203 -0.4642 -0.8775
vn 0.0621 -0.5962 -0.8004
vn -0.2773 -0.4177 -0.8652
vn -0.4050 0.0262 0.9140
vn -0.6755 0.2174 0.7046
vn -0.5509 0.0600 0.8324
vn -0.3024 0.1296 0.9443
vn -0.3732 -0.1414 0.9169
vn -0.2079 -0.3123 0.9270
vn -0.4129 0.0178 0.9106
vn 0.9055 -0.2623 0.3337
vn 0.9919 -0.1250 -0.0230
vn 0.9644 -0.1597 0.2108
vn 0.8616 -0.4024 0.3095
vn 0.8636 -0.1736 0.4733
vn 0.7267 -0.1615 0.6676
vn 0.9081 -0.2507 0.3353
vn -0.1509 -0.3207 -0.9351
vn 0.1620 -0.5324 -0.8308
vn -0.0550 -0.4542 -0.8892
vn -0.0942 -0.1898 -0.9773
vn -0.3130 -0.3415 -0.8862
vn -0.5167 -0.2359 -0.8230
vn -0.1554 -0.3310 -0.9307
vn 0.7379 -0.6321 0.2366
vn 0.7964 -0.5863 -0.1482
vn 0.8082 -0.5820 0.0894
vn 0.6314 -0.7356 0.2454
vn 0.7723 -0.5219 0.3621
vn 0.7020 -0.4280 0.5692
vn 0.7458 -0.6231 0.2356
vn -0.8837 0.4128 0.2209
vn -0.9915 0.0495 0.1206
vn -0.9390 0.2519 0.2343
vn -0.8702 0.4842 0.0911
vn -0.8073 0.4640 0.3646
vn -0.6452 0.6075 0.4634
vn -0.8839 0.4066 0.2312
vn 0.4532 0.1692 0.8752
vn 0.0809 0.1237 0.9890
vn 0.3134 0.0999 0.9443
vn 0.4609 0.3111 0.8311
vn 0.5632 0.0490 0.8248
vn 0.7381 -0.0101 0.6746
vn 0.4521 0.1576 0.8779
vn -0.3390 0.8744 0.3471
vn -0.6273 0.7720 0.1022
vn -0.4911 0.8211 0.2910
vn -0.2364 0.9365 0.2591
vn -0.3041 0.8101 0.5012
vn -0.1354 0.7432 0.6552
vn -0.3470 0.8685 0.3539
vn 0.6921 -0.7068 0.1465
vn 0.8578 -0.4950 -0.1386
vn 0.7978 -0.5992 0.0668
vn 0.5985 -0.7976 0.0750
vn 0.6766 -0.6671 0.3117
vn 0.5390 -0.6736 0.5057
vn 0.6990 -0.6988 0.1521
vn -0.8369 -0.4990 -0.2251
vn -0.9413 -0.1311 -0.3111
vn -0.8777 -0.3604 -0.3159
vn -0.8570 -0.5094 -0.0781
vn -0.7340 -0.6025 -0.3134
vn -0.5633 -0.7681 -0.3045
vn -0.8344 -0.4976 -0.2368
vn 0.5344 0.4655 -0.7055
vn 0.6730 0.6345 -0.3801
vn 0.6401 0.5062 -0.5779
vn 0.4093 0.5403 -0.7352
vn 0.5662 0.3086 -0.7643
vn 0.4786 0.1145 -0.8705
vn 0.5440 0.4590 -0.7024
vn -0.9879 -0.0574 -0.1439
vn -0.9692 -0.0173 0.2455
vn -0.9999 0.0123 0.0113
vn -0.9649 -0.2026 -0.1670
vn -0.9627 0.0618 -0.2633
vn -0.8715 0.1129 -0.4771
vn -0.9888 -0.0456 -0.1419
vn -0.2322 -0.1709 0.9575
vn -0.5582 0.0052 0.8297
vn -0.3937 -0.1483 0.9072
vn -0.1396 -0.0586 0.9885
vn -0.1796 -0.3302 0.9267
vn 0.0049 -0.4734 0.8809
vn -0.2395 -0.1798 0.9541
vn 0.0538 0.9976 -0.0438
vn 0.3700 0.9130 0.1718
vn 0.2171 0.9761 0.0007
vn -0.0584 0.9968 0.0539
vn 0.0323 0.9768 -0.2117
vn -0.1162 0.9147 -0.3870
vn 0.0629 0.9967 -0.0517
vn 0.7963 -0.4465 0.4082
vn 0.9319 -0.0829 0.3532
vn 0.8497 -0.2880 0.4417
vn 0.8132 -0.5124 0.2759
vn 0.6865 -0.5011 0.5269
vn 0.5027 -0.6435 0.5772
vn 0.7941 -0.4407 0.4185
vn -0.8965 -0.4250 0.1253
vn -0.6720 -0.6502 0.3545
vn -0.8280 -0.4939 0.2655
vn -0.8769 -0.4806 -0.0112
vn -0.9514 -0.2662 0.1551
vn -0.9966 -0.0511 0.0640
vn -0.8972 -0.4200 0.1363
vn -0.5667 0.3536 0.7442
vn -0.2074 0.3928 0.8959
vn -0.4226 0.4261 0.7999
vn -0.6020 0.2114 0.7700
vn -0.6408 0.4483 0.6233
vn -0.7813 0.4513 0.4312
vn -0.5632 0.3647 0.7414
vn 0.7671 0.0089 0.6415
vn 0.6340 0.3759 0.6758
vn 0.6917 0.1471 0.7071
vn 0.8537 0.0125 0.5206
vn 0.6981 -0.1343 0.7033
vn 0.6508 -0.3646 0.6660
vn 0.7593 0.0086 0.6506
vn 0.6780 -0.3477 -0.6476
vn 0.6473 0.0260 -0.7618
vn 0.7169 -0.1835 -0.6726
vn 0.5636 -0.4158 -0.7138
vn 0.7569 -0.4094 -0.5094
vn 0.7526 -0.5684 -0.3324
vn 0.6867 -0.3418 -0.6416
vn 0.5825 -0.6944 0.4225
vn 0.5191 -0.4531 0.7247
vn 0.5222 -0.6341 0.5703
vn 0.6939 -0.6307 0.3474
vn 0.4743 -0.8065 0.3529
vn 0.3932 -0.9067 0.1528
vn 0.5728 -0.6989 0.4282
vn -0.1357 0.5588 -0.8181
vn -0.4948 0.4105 -0.7660
vn -0.3016 0.5489 -0.7796
vn -0.0619 0.4516 -0.8901
vn -0.0588 0.6821 -0.7289
vn 0.1440 0.7610 -0.6326
vn -0.1416 0.5669 -0.8115
vn 0.4086 0.8180 -0.4049
vn 0.6735 0.7275 -0.1306
vn 0.5534 0.7636 -0.3328
vn 0.3037 0.8934 -0.3311
vn 0.3809 0.7401 -0.5541
vn 0.2198 0.6660 -0.7129
vn 0.4167 0.8111 -0.4105
vn -0.3400 0.0263 -0.9400
vn -0.3971 -0.3504 -0.8483
vn -0.4196 -0.1191 -0.8999
vn -0.1969 0.0331 -0.9799
vn -0.4297 0.1620 -0.8883
vn -0.4236 0.3893 -0.8179
vn -0.3513 0.0258 -0.9359
vn 0.4601 -0.3755 -0.8046
vn 0.6859 -0.5136 -0.5156
vn 0.5319 -0.4844 -0.6946
vn 0.5098 -0.2371 -0.8270
vn 0.3045 -0.4280 -0.8509
vn 0.0878 -0.3654 -0.9267
vn 0.4556 -0.3863 -0.8020
vn -0.6211 -0.7789 0.0867
vn -0.3930 -0.8952 -0.2100
vn -0.5024 -0.8646 -0.0009
vn -0.7226 -0.6909 0.0227
vn -0.5826 -0.7724 0.2528
vn -0.6040 -0.6527 0.4573
vn -0.6123 -0.7853 0.0918
vn 0.0848 0.4087 -0.9087
vn 0.1361 0.0288 -0.9903
vn 0.0544 0.2511 -0.9664
vn 0.2187 0.4549 -0.8633
vn -0.0605 0.4894 -0.8700
vn -0.1661 0.6557 -0.7365
vn 0.0739 0.4046 -0.9115
vn 0.2586 -0.9383 0.2294
vn -0.0334 -0.8750 0.4830
vn 0.1052 -0.9470 0.3034
vn 0.3777 -0.8778 0.2947
vn 0.2479 -0.9668 0.0615
vn 0.3421 -0.9271 -0.1534
vn 0.2487 -0.9424 0.2239
vn 0.6338 0.6325 -0.4452
vn 0.8543 0.3097 -0.4174
vn 0.7197 0.4920 -0.4899
vn 0.6460 0.6968 -0.3116
vn 0.5049 0.6630 -0.5527
vn 0.2895 0.7595 -0.5826
vn 0.6322 0.6267 -0.4556
vn -0.0029 -0.1769 0.9842
vn 0.0761 0.2068 0.9754
vn -0.0229 -0.0082 0.9997
vn 0.1289 -0.2421 0.9617
vn -0.1521 -0.2543 0.9551
vn -0.2639 -0.4407 0.8580
vn -0.0136 -0.1715 0.9851
vn -0.7280 0.1750 -0.6629
vn -0.6324 0.5397 -0.5558
vn -0.6640 0.3330 -0.6695
vn -0.8209 0.1286 -0.5564
vn -0.6411 0.0689 -0.7644
vn -0.5720 -0.1551 -0.8054
vn -0.7197 0.1786 -0.6709
vn 0.9642 -0.1504 0.2182
vn 0.9147 0.2188 0.3399
vn 0.9465 -0.0164 0.3223
vn 0.9878 -0.1380 0.0719
vn 0.9099 -0.2940 0.2927
vn 0.8183 -0.5115 0.2622
vn 0.9614 -0.1513 0.2299
vn 0.7534 0.3837 0.5340
vn 0.4885 0.3137 0.8142
vn 0.6761 0.3114 0.6678
vn 0.7125 0.5148 0.4768
vn 0.8506 0.2711 0.4505
vn 0.9476 0.2076 0.2427
vn 0.7560 0.3727 0.5381
vn 0.8797 0.1417 0.4540
vn 0.8667 0.4508 0.2134
vn 0.8652 0.3028 0.3998
vn 0.9292 0.0306 0.3683
vn 0.7925 0.1171 0.5985
vn 0.6755 -0.0378 0.7364
vn 0.8748 0.1505 0.4605
vn 0.7766 0.2391 0.5829
vn 0.8684 -0.1275 0.4791
vn 0.8554 0.1086 0.5064
vn 0.6821 0.2225 0.6966
vn 0.7854 0.3807 0.4881
vn 0.6842 0.5883 0.4309
vn 0.7835 0.2402 0.5731
vn 0.4536 -0.4273 -0.7821
vn 0.1021 -0.3431 -0.9337
vn 0.3327 -0.3511 -0.8752
vn 0.4325 -0.5557 -0.7100
vn 0.5818 -0.3202 -0.7477
vn 0.7574 -0.2618 -0.5981
vn 0.4548 -0.4165 -0.7872
vn -0.2812 0.7232 -0.6308
vn 0.0913 0.6673 -0.7391
vn -0.1461 0.6751 -0.7231
vn -0.2720 0.8140 -0.5133
vn -0.4160 0.6234 -0.6620
vn -0.6189 0.5314 -0.5785
vn -0.2817 0.7151 -0.6397
vn 0.9801 -0.1546 0.1247
vn 0.9645 0.2369 0.1169
vn 0.9841 0.0076 0.1775
vn 0.9808 -0.1941 -0.0187
vn 0.9327 -0.2593 0.2508
vn 0.8291 -0.4653 0.3099
vn 0.9791 -0.1512 0.1363
vn 0.1601 -0.4719 0.8670
vn 0.5118 -0.3126 0.8002
vn 0.2953 -0.3689 0.8813
vn 0.1604 -0.5968 0.7862
vn 0.0174 -0.3941 0.9189
vn -0.2193 -0.3788 0.8991
vn 0.1599 -0.4614 0.8727
vn -0.7271 0.6409 -0.2461
vn -0.8265 0.3268 -0.4584
vn -0.8117 0.5022 -0.2982
vn -0.6237 0.7094 -0.3282
vn -0.7438 0.6638 -0.0778
vn -0.6480 0.7519 0.1214
vn -0.7348 0.6347 -0.2392
vn 0.7501 -0.1123 0.6517
vn 0.9080 -0.2629 0.3262
vn 0.8485 -0.1285 0.5133
vn 0.6694 -0.2238 0.7084
vn 0.7227 0.0518 0.6892
vn 0.5770 0.2115 0.7889
vn 0.7559 -0.1032 0.6465
vn 0.1456 0.0468 0.9882
vn 0.3976 -0.2357 0.8868
vn 0.2925 -0.0336 0.9557
vn 0.0148 -0.0231 0.9996
vn 0.1604 0.2149 0.9634
vn 0.0500 0.4181 0.9070
vn 0.1561 0.0524 0.9864
vn 0.0112 0.9853 0.1705
vn -0.2229 0.8601 0.4588
vn -0.0437 0.9441 0.3267
vn -0.0785 0.9955 0.0523
vn 0.1808 0.9706 0.1588
vn 0.3675 0.9299 0.0170
vn 0.0185 0.9835 0.1799
vn 0.4890 0.7885 -0.3730
vn 0.2848 0.9550 -0.0828
vn 0.4531 0.8629 -0.2238
vn 0.3926 0.7808 -0.4860
vn 0.6276 0.6898 -0.3610
vn 0.7440 0.4995 -0.4438
vn 0.4964 0.7884 -0.3635
vn 0.4227 -0.8989 0.1154
vn 0.2767 -0.8361 0.4736
vn 0.3225 -0.9122 0.2528
vn 0.5522 -0.8257 0.1152
vn 0.3383 -0.9407 -0.0268
vn 0.3182 -0.9111 -0.2621
vn 0.4118 -0.9039 0.1153
vn -0.2939 0.9401 0.1726
vn -0.6043 0.7379 0.3004
vn -0.4073 0.8697 0.2787
vn -0.3140 0.9491 0.0254
vn -0.1419 0.9584 0.2479
vn 0.0940 0.9712 0.2191
vn -0.2920 0.9385 0.1843
vn 0.4509 0.8739 -0.1816
vn 0.4639 0.8607 0.2099
vn 0.5122 0.8585 -0.0231
vn 0.3147 0.9252 -0.2120
vn 0.5451 0.7855 -0.2930
vn 0.5503 0.6685 -0.5002
vn 0.4615 0.8689 -0.1789
vn -0.1028 -0.9178 0.3834
vn -0.4125 -0.8995 0.1439
vn -0.2044 -0.9466 0.2494
vn -0.1481 -0.8490 0.5072
vn 0.0614 -0.9378 0.3418
vn 0.2869 -0.8764 0.3868
vn -0.0990 -0.9225 0.3730
vn -0.9407 0.0561 -0.3346
vn -0.9677 -0.2396 -0.0788
vn -0.9805 -0.0317 -0.1938
vn -0.8886 -0.0074 -0.4587
vn -0.9270 0.2229 -0.3016
vn -0.8269 0.4301 -0.3623
vn -0.9440 0.0612 -0.3242
vn 0.1013 0.6015 0.7924
vn 0.4272 0.6842 0.5910
vn 0.2134 0.6861 0.6955
vn 0.1352 0.4779 0.8679
vn -0.0587 0.6496 0.7580
vn -0.2886 0.5881 0.7555
vn 0.0985 0.6109 0.7855
vn -0.3449 0.2290 0.9103
vn -0.0944 -0.0606 0.9937
vn -0.2061 0.1479 0.9673
vn -0.4694 0.1590 0.8686
vn -0.3090 0.3902 0.8674
vn -0.3650 0.5768 0.7308
vn -0.3345 0.2345 0.9128
vn -0.6341 0.6400 0.4339
vn -0.5870 0.8054 0.0818
vn -0.6675 0.6920 0.2749
vn -0.5164 0.6862 0.5122
vn -0.7245 0.5008 0.4736
vn -0.7370 0.3024 0.6045
vn -0.6431 0.6356 0.4272
vn 0.9828 -0.0747 0.1690
vn 0.8377 -0.2886 0.4635
vn 0.9413 -0.2100 0.2642
vn 0.9738 0.0656 0.2177
vn 0.9932 -0.1163 0.0038
vn 0.9742 -0.0421 -0.2215
vn 0.9826 -0.0860 0.1648
vn -0.0175 0.9249 -0.3798
vn 0.3596 0.8904 -0.2789
vn 0.1516 0.9068 -0.3933
vn -0.0859 0.9635 -0.2534
vn -0.0980 0.8533 -0.5121
vn -0.2971 0.7497 -0.5913
vn -0.0119 0.9209 -0.3897
vn -0.9939 0.0688 -0.0862
vn -0.8758 0.3492 -0.3332
vn -0.9609 0.1515 -0.2318
vn -0.9899 0.1337 0.0475
vn -0.9890 -0.1003 -0.1088
vn -0.9497 -0.3131 -0.0098
vn -0.9933 0.0634 -0.0970
vn 0.3762 0.6331 -0.6765
vn 0.0329 0.8034 -0.5945
vn 0.2625 0.7441 -0.6143
vn 0.3423 0.5286 -0.7768
vn 0.5172 0.6289 -0.5805
vn 0.7029 0.5004 -0.5055
vn 0.3786 0.6410 -0.6677
vn 0.4898 -0.4592 0.7411
vn 0.6133 -0.6627 0.4298
vn 0.5917 -0.5182 0.6176
vn 0.3585 -0.5202 0.7751
vn 0.5354 -0.3018 0.7888
vn 0.4653 -0.0936 0.8802
vn 0.5000 -0.4538 0.7376
vn 0.0444 -0.5247 0.8502
vn 0.4127 -0.5576 0.7202
vn 0.2131 -0.5028 0.8377
vn -0.0302 -0.6299 0.7761
vn -0.0305 -0.3887 0.9209
vn -0.2282 -0.2575 0.9389
vn 0.0504 -0.5156 0.8553
vn -0.2446 0.3954 0.8853
vn 0.1082 0.2438 0.9638
vn -0.0778 0.3856 0.9194
vn -0.3378 0.2802 0.8985
vn -0.2812 0.5361 0.7960
vn -0.4272 0.6396 0.6391
vn -0.2368 0.4044 0.8834
vn 0.0462 -0.1168 0.9921
vn 0.0634 0.2734 0.9598
vn 0.0002 0.0474 0.9989
vn 0.1862 -0.1617 0.9691
vn -0.0895 -0.2182 0.9718
vn -0.1724 -0.4251 0.8886
vn 0.0348 -0.1130 0.9930
vn 0.6236 0.7817 -0.0026
vn 0.8761 0.4821 0.0036
vn 0.7410 0.6693 -0.0543
vn 0.5843 0.7994 0.1398
vn 0.5297 0.8376 -0.1336
vn 0.3202 0.9248 -0.2052
vn 0.6262 0.7795 -0.0141
vn -0.6803 -0.1295 0.7214
vn -0.4985 0.1952 0.8446
vn -0.6514 0.0347 0.7580
vn -0.5930 -0.2404 0.7685
vn -0.7917 -0.1455 0.5933
vn -0.8678 -0.2788 0.4114
vn -0.6867 -0.1203 0.7169
vn -0.3942 -0.8980 -0.1954
vn -0.3670 -0.7461 -0.5556
vn -0.3400 -0.8709 -0.3548
vn -0.5209 -0.8418 -0.1413
vn -0.2687 -0.9584 -0.0968
vn -0.1795 -0.9760 0.1231
vn -0.3835 -0.9017 -0.1996
vn -0.9833 -0.1517 -0.1004
vn -0.9592 -0.0521 0.2779
vn -0.9972 -0.0605 0.0431
vn -0.9495 -0.2966 -0.1024
vn -0.9702 -0.0503 -0.2370
vn -0.8881 -0.0253 -0.4589
vn -0.9851 -0.1398 -0.1001
vn 0.6495 0.2751 0.7088
vn 0.3121 0.4063 0.8588
vn 0.5122 0.2874 0.8093
vn 0.6912 0.3816 0.6137
vn 0.7052 0.1141 0.6998
vn 0.8197 -0.0498 0.5707
vn 0.6455 0.2662 0.7158
vn -0.7930 -0.2357 0.5617
vn -0.8642 0.1416 0.4828
vn -0.8641 -0.0962 0.4940
vn -0.6988 -0.2319 0.6767
vn -0.8087 -0.3698 0.4575
vn -0.7183 -0.5783 0.3867
vn -0.7999 -0.2357 0.5519
vn 0.6610 0.6140 0.4313
vn 0.3293 0.8192 0.4696
vn 0.5244 0.6871 0.5029
vn 0.7068 0.6439 0.2930
vn 0.7101 0.4760 0.5188
vn 0.8177 0.2639 0.5116
vn 0.6566 0.6110 0.4421
vn -0.2365 -0.9663 0.1013
vn -0.5022 -0.8494 -0.1620
vn -0.3178 -0.9470 -0.0474
vn -0.2948 -0.9269 0.2323
vn -0.0699 -0.9945 0.0774
vn 0.1499 -0.9746 0.1662
vn -0.2315 -0.9686 0.0906
vn -0.4233 0.2394 0.8738
vn -0.7225 0.2928 0.6263
vn -0.5712 0.2143 0.7924
vn -0.3451 0.3655 0.8645
vn -0.3577 0.0920 0.9293
vn -0.1609 -0.0290 0.9865
vn -0.4293 0.2289 0.8737
vn 0.8248 0.4721 0.3111
vn 0.9609 0.1090 0.2544
vn 0.9086 0.3408 0.2415
vn 0.7631 0.4675 0.4463
vn 0.7847 0.5890 0.1934
vn 0.6349 0.7620 0.1280
vn 0.8290 0.4720 0.2998
vn -0.7009 0.6852 0.1981
vn -0.8283 0.3814 0.4105
vn -0.7377 0.5874 0.3329
vn -0.7510 0.6575 0.0608
vn -0.5695 0.7889 0.2309
vn -0.3859 0.9115 0.1421
vn -0.6962 0.6868 0.2090
vn -0.2230 0.7262 -0.6503
vn -0.0660 0.4565 -0.8873
vn -0.2101 0.6041 -0.7687
vn -0.1057 0.7979 -0.5935
vn -0.3769 0.7248 -0.5767
vn -0.5047 0.7741 -0.3820
vn -0.2323 0.7197 -0.6543
vn 0.0844 0.2301 -0.9695
vn 0.0559 0.5862 -0.8083
vn 0.1279 0.3854 -0.9138
vn -0.0565 0.1838 -0.9813
vn 0.2182 0.1243 -0.9680
vn 0.2935 -0.1008 -0.9506
vn 0.0957 0.2336 -0.9676
vn 0.3388 -0.3573 -0.8704
vn 0.3624 -0.6753 -0.6424
vn 0.3042 -0.5107 -0.8042
vn 0.4632 -0.2814 -0.8404
vn 0.1990 -0.2860 -0.9373
vn 0.0859 -0.0841 -0.9927
vn 0.3284 -0.3632 -0.8719
vn -0.2572 0.9485 -0.1851
vn -0.6088 0.7789 -0.1504
vn -0.4089 0.9046 -0.1206
vn -0.2166 0.9204 -0.3255
vn -0.1464 0.9873 -0.0614
vn 0.0818 0.9966 0.0055
vn -0.2602 0.9498 -0.1736
vn -0.4423 0.8953 -0.0523
vn -0.7156 0.6854 0.1343
vn -0.5427 0.8368 0.0726
vn -0.4638 0.8640 -0.1961
vn -0.2952 0.9554 0.0097
vn -0.0645 0.9974 -0.0312
vn -0.4401 0.8970 -0.0406
vn 0.3342 0.6932 -0.6385
vn 0.0626 0.5130 -0.8561
vn 0.1887 0.6646 -0.7229
vn 0.4548 0.6071 -0.6517
vn 0.3104 0.8024 -0.5097
vn 0.3826 0.8755 -0.2950
vn 0.3241 0.6995 -0.6369
vn 0.3264 -0.1777 0.9284
vn 0.6489 -0.0317 0.7602
vn 0.4525 -0.0696 0.8891
vn 0.3263 -0.3211 0.8890
vn 0.1864 -0.0938 0.9780
vn -0.0510 -0.0952 0.9942
vn 0.3261 -0.1659 0.9307
vn 0.4979 0.6709 -0.5495
vn 0.7819 0.5385 -0.3141
vn 0.6377 0.5887 -0.4967
vn 0.4275 0.7735 -0.4680
vn 0.4269 0.5923 -0.6833
vn 0.2272 0.5481 -0.8050
vn 0.5031 0.6619 -0.5556
vn -0.7144 -0.5515 0.4308
vn -0.6344 -0.2937 0.7150
vn -0.7312 -0.4197 0.5378
vn -0.6094 -0.6559 0.4454
vn -0.8013 -0.5253 0.2863
vn -0.8188 -0.5716 0.0536
vn -0.7222 -0.5425 0.4292
vn 0.5417 -0.6172 -0.5707
vn 0.7112 -0.6674 -0.2209
vn 0.5878 -0.6895 -0.4232
vn 0.6049 -0.4938 -0.6247
vn 0.3909 -0.6766 -0.6241
vn 0.1932 -0.6334 -0.7493
vn 0.5360 -0.6266 -0.5657
vn 0.5201 -0.2400 -0.8197
vn 0.5220 -0.5802 -0.6252
vn 0.4841 -0.4014 -0.7775
vn 0.6311 -0.1622 -0.7586
vn 0.3909 -0.1683 -0.9049
vn 0.2766 0.0330 -0.9604
vn 0.5106 -0.2461 -0.8239
vn 0.3950 -0.2127 -0.8937
vn 0.1853 -0.5363 -0.8234
vn 0.2712 -0.3296 -0.9043
vn 0.5222 -0.2347 -0.8199
vn 0.3383 -0.0584 -0.9392
vn 0.3619 0.1772 -0.9152
vn 0.3843 -0.2107 -0.8988
vn 0.7865 0.4152 0.4572
vn 0.5045 0.6750 0.5383
vn 0.6702 0.5043 0.5446
vn 0.8323 0.4522 0.3206
vn 0.8099 0.2606 0.5255
vn 0.8722 0.0340 0.4879
vn 0.7820 0.4118 0.4679
vn 0.0407 0.3031 0.9521
vn 0.0238 0.6460 0.7630
vn -0.0198 0.4510 0.8923
vn 0.1844 0.2652 0.9464
vn -0.0851 0.1909 0.9779
vn -0.1481 -0.0384 0.9882
vn 0.0290 0.3059 0.9516
vn 0.1359 0.7512 -0.6460
vn 0.2254 0.4413 -0.8686
vn 0.1240 0.6306 -0.7661
vn 0.2608 0.7791 -0.5701
vn -0.0184 0.8033 -0.5953
vn -0.1493 0.8955 -0.4192
vn 0.1257 0.7482 -0.6515
vn -0.5369 0.8414 0.0613
vn -0.3355 0.8542 0.3973
vn -0.4222 0.8888 0.1783
vn -0.6524 0.7524 0.0911
vn -0.4802 0.8718 -0.0967
vn -0.4880 0.8096 -0.3262
vn -0.5270 0.8478 0.0588
vn 0.7895 -0.4447 0.4229
vn 0.9647 -0.1940 0.1779
vn 0.8773 -0.3097 0.3666
vn 0.7554 -0.5617 0.3375
vn 0.7114 -0.4103 0.5706
vn 0.5282 -0.4586 0.7146
vn 0.7916 -0.4348 0.4294
vn 0.1898 -0.2089 0.9593
vn -0.1873 -0.3118 0.9315
vn 0.0498 -0.3061 0.9507
vn 0.1862 -0.0618 0.9806
vn 0.3263 -0.2918 0.8991
vn 0.5399 -0.2744 0.7957
vn 0.1899 -0.2207 0.9567
vn -0.9041 0.3063 0.2980
vn -0.9897 0.1361 -0.0445
vn -0.9636 0.1931 0.1851
vn -0.8580 0.4427 0.2606
vn -0.8647 0.2311 0.4459
vn -0.7296 0.2361 0.6418
vn -0.9070 0.2950 0.3007
vn -0.3323 -0.4830 0.8101
vn -0.5883 -0.1872 0.7867
vn -0.4777 -0.3979 0.7833
vn -0.2147 -0.4243 0.8797
vn -0.3237 -0.6227 0.7124
vn -0.1830 -0.7785 0.6003
vn -0.3416 -0.4873 0.8036
vn -0.9334 0.0489 -0.3556
vn -0.8866 0.4108 -0.2127
vn -0.9111 0.2179 -0.3499
vn -0.9709 -0.0328 -0.2371
vn -0.8670 -0.0174 -0.4981
vn -0.7705 -0.2084 -0.6024
vn -0.9294 0.0555 -0.3649
vn 0.9951 -0.0973 0.0163
vn 0.8837 -0.4625 -0.0724
vn 0.9680 -0.2399 -0.0734
vn 0.9823 -0.0900 0.1643
vn 0.9956 0.0400 -0.0849
vn 0.9562 0.2741 -0.1026
vn 0.9952 -0.0978 0.0042
vn 0.4949 0.3422 -0.7988
vn 0.2955 0.6614 -0.6894
vn 0.4613 0.4968 -0.7351
vn 0.3973 0.2637 -0.8790
vn 0.6324 0.2735 -0.7248
vn 0.7457 0.0737 -0.6622
vn 0.5023 0.3482 -0.7915
vn -0.2883 0.8657 0.4092
vn 0.0929 0.8610 0.5000
vn -0.1223 0.9047 0.4081
vn -0.3521 0.7820 0.5143
vn -0.3600 0.8967 0.2575
vn -0.5327 0.8399 0.1038
vn -0.2829 0.8717 0.4002
vn 0.9861 0.0377 0.1619
vn 0.9511 -0.3082 -0.0189
vn 0.9958 -0.0823 0.0410
vn 0.9527 0.0085 0.3039
vn 0.9766 0.1937 0.0934
vn 0.9007 0.4178 0.1189
vn 0.9878 0.0401 0.1502
vn -0.2396 -0.4686 0.8503
vn 0.1449 -0.4112 0.9000
vn -0.0928 -0.4050 0.9096
vn -0.2479 -0.5916 0.7671
vn -0.3654 -0.3538 0.8610
vn -0.5722 -0.2765 0.7721
vn -0.2387 -0.4581 0.8562
vn -0.4205 -0.7068 -0.5689
vn -0.0418 -0.7502 -0.6599
vn -0.2636 -0.7733 -0.5767
vn -0.4663 -0.5945 -0.6550
vn -0.5005 -0.7539 -0.4257
vn -0.6649 -0.6993 -0.2625
vn -0.4164 -0.7152 -0.5613
vn -0.2876 0.9388 0.1896
vn 0.0869 0.9485 0.3046
vn -0.1207 0.9741 0.1912
vn -0.3603 0.8812 0.3060
vn -0.3488 0.9367 0.0304
vn -0.5131 0.8501 -0.1185
vn -0.2815 0.9425 0.1800
vn -0.5656 -0.6798 0.4668
vn -0.7431 -0.6588 0.1180
vn -0.6179 -0.7225 0.3101
vn -0.6211 -0.5649 0.5432
vn -0.4175 -0.7553 0.5051
vn -0.2158 -0.7451 0.6311
vn -0.5606 -0.6885 0.4601
vn -0.0776 -0.9456 -0.3160
vn 0.2720 -0.9522 -0.1389
vn 0.0437 -0.9787 -0.2007
vn -0.0491 -0.8910 -0.4514
vn -0.2321 -0.9417 -0.2438
vn -0.4535 -0.8548 -0.2524
vn -0.0798 -0.9491 -0.3047
vn -0.2113 0.9144 0.3454
vn -0.1768 0.7122 0.6793
vn -0.1476 0.8574 0.4930
vn -0.3504 0.8872 0.3002
vn -0.0872 0.9667 0.2407
vn -0.0177 0.9997 0.0155
vn -0.1998 0.9157 0.3487
vn -0.9615 -0.2283 0.1532
vn -0.9264 -0.2974 -0.2309
vn -0.9499 -0.3126 0.0054
vn -0.9834 -0.0814 0.1622
vn -0.9033 -0.3226 0.2829
vn -0.8038 -0.3237 0.4991
vn -0.9587 -0.2400 0.1524
vn 0.4215 0.5427 0.7265
vn 0.7365 0.3800 0.5596
vn 0.5649 0.5263 0.6356
vn 0.3708 0.4378 0.8191
vn 0.3250 0.6702 0.6672
vn 0.1054 0.7588 0.6428
vn 0.4252 0.5507 0.7183
vn 0.7550 0.0392 0.6545
vn 0.9150 0.2138 0.3422
vn 0.8176 0.1611 0.5528
vn 0.7713 -0.1062 0.6276
vn 0.6390 0.1024 0.7624
vn 0.4451 0.0592 0.8935
vn 0.7530 0.0510 0.6560
vn 0.1987 0.0929 -0.9756
vn 0.0715 0.4532 -0.8885
vn 0.1996 0.2607 -0.9446
vn 0.0743 0.0143 -0.9971
vn 0.3490 0.0222 -0.9369
vn 0.4645 -0.1743 -0.8682
vn 0.2086 0.0992 -0.9730
vn -0.4117 -0.8889 0.2011
vn -0.2588 -0.7945 0.5494
vn -0.4012 -0.8404 0.3643
vn -0.2974 -0.9465 0.1253
vn -0.5511 -0.8248 0.1265
vn -0.6531 -0.7534 -0.0763
vn -0.4205 -0.8833 0.2070
vn 0.6446 0.7489 0.1535
vn 0.8566 0.4402 0.2692
vn 0.7638 0.6268 0.1543
vn 0.5607 0.7822 0.2718
vn 0.6054 0.7959 -0.0057
vn 0.4399 0.8851 -0.1517
vn 0.6508 0.7455 0.1438
vn -0.3814 0.8340 0.3988
vn -0.7061 0.6523 0.2757
vn -0.5285 0.7476 0.4022
vn -0.3294 0.9025 0.2774
vn -0.2844 0.7962 0.5340
vn -0.0641 0.7801 0.6224
vn -0.3852 0.8276 0.4082
vn 0.0036 -0.8259 -0.5638
vn -0.2773 -0.9114 -0.3042
vn -0.1512 -0.8541 -0.4977
vn 0.1301 -0.8600 -0.4935
vn -0.0044 -0.7181 -0.6959
vn 0.1087 -0.5538 -0.8256
vn -0.0067 -0.8223 -0.5690
vn 0.6625 -0.4485 -0.6000
vn 0.7836 -0.0761 -0.6166
vn 0.7575 -0.3090 -0.5751
vn 0.5516 -0.4554 -0.6988
vn 0.6812 -0.5596 -0.4719
vn 0.5830 -0.7355 -0.3453
vn 0.6709 -0.4475 -0.5914
vn -0.5069 -0.3558 -0.7852
vn -0.2650 -0.6544 -0.7082
vn -0.4513 -0.5085 -0.7333
vn -0.4248 -0.2621 -0.8665
vn -0.6458 -0.3080 -0.6986
vn -0.7767 -0.1267 -0.6170
vn -0.5130 -0.3631 -0.7778
vn 0.4963 0.7378 0.4576
vn 0.5907 0.4308 0.6822
vn 0.5878 0.6125 0.5285
vn 0.3632 0.7808 0.5083
vn 0.5541 0.7759 0.3017
vn 0.5020 0.8606 0.0854
vn 0.5066 0.7336 0.4530
vn -0.8456 0.4532 -0.2820
vn -0.5766 0.7134 -0.3983
vn -0.7448 0.5457 -0.3839
vn -0.8650 0.4826 -0.1375
vn -0.8849 0.3034 -0.3535
vn -0.9450 0.0759 -0.3181
vn -0.8432 0.4504 -0.2935
vn 0.5518 0.7302 0.4028
vn 0.3225 0.9332 0.1583
vn 0.4287 0.8342 0.3469
vn 0.6618 0.6796 0.3164
vn 0.5098 0.6596 0.5523
vn 0.5357 0.4739 0.6989
vn 0.5424 0.7336 0.4095
vn -0.1931 -0.2657 -0.9445
vn 0.0028 -0.5795 -0.8150
vn -0.1610 -0.4245 -0.8910
vn -0.0866 -0.1688 -0.9818
vn -0.3536 -0.2199 -0.9092
vn -0.5038 -0.0412 -0.8629
vn -0.2016 -0.2733 -0.9406
vn 0.9495 0.3052 -0.0732
vn 0.9874 -0.0091 0.1578
vn 0.9888 0.1475 -0.0214
vn 0.9099 0.4145 0.0197
vn 0.9198 0.3094 -0.2412
vn 0.8059 0.4169 -0.4204
vn 0.9518 0.2961 -0.0807
vn -0.5774 -0.4725 -0.6658
vn -0.4748 -0.1522 -0.8669
vn -0.5011 -0.3726 -0.7811
vn -0.6917 -0.4280 -0.5817
vn -0.4820 -0.6092 -0.6297
vn -0.4245 -0.7747 -0.4686
vn -0.5676 -0.4757 -0.6720
vn -0.5782 0.7566 0.3055
vn -0.8374 0.4630 0.2906
vn -0.6860 0.6345 0.3563
vn -0.5697 0.8051 0.1652
vn -0.4563 0.7835 0.4218
vn -0.2331 0.8552 0.4629
vn -0.5783 0.7519 0.3166
vn 0.5881 0.3446 -0.7317
vn 0.4816 0.6780 -0.5554
vn 0.5968 0.4868 -0.6379
vn 0.4745 0.3133 -0.8226
vn 0.6997 0.2277 -0.6772
vn 0.7523 -0.0037 -0.6588
vn 0.5967 0.3468 -0.7237
vn 0.8722 0.3722 -0.3173
vn 0.7663 0.1524 -0.6241
vn 0.8173 0.3291 -0.4730
vn 0.9350 0.2757 -0.2231
vn 0.8088 0.5230 -0.2690
vn 0.7440 0.6625 -0.0874
vn 0.8663 0.3796 -0.3247
vn -0.5042 -0.1685 -0.8470
vn -0.3013 -0.5019 -0.8108
vn -0.4687 -0.3329 -0.8182
vn -0.4082 -0.0738 -0.9099
vn -0.6410 -0.1184 -0.7583
vn -0.7546 0.0623 -0.6532
vn -0.5115 -0.1760 -0.8411
vn 0.9236 -0.3165 -0.2162
vn 0.7100 -0.5226 -0.4720
vn 0.8555 -0.3686 -0.3637
vn 0.9146 -0.3943 -0.0898
vn 0.9634 -0.1507 -0.2218
vn 0.9938 0.0508 -0.0988
vn 0.9235 -0.3098 -0.2263
vn -0.8631 0.1670 0.4766
vn -0.6887 -0.0860 0.7199
vn -0.7825 0.1052 0.6137
vn -0.9246 0.0809 0.3721
vn -0.8272 0.3322 0.4532
vn -0.8065 0.5110 0.2975
vn -0.8572 0.1739 0.4847
vn 0.2576 -0.9583 0.1238
vn -0.0786 -0.9426 0.3246
vn 0.0938 -0.9818 0.1653
vn 0.3597 -0.9070 0.2191
vn 0.2792 -0.9592 -0.0454
vn 0.4091 -0.8831 -0.2297
vn 0.2491 -0.9615 0.1159
vn 0.9184 -0.3224 0.2294
vn 0.8808 -0.4528 -0.1382
vn 0.9398 -0.3363 0.0607
vn 0.8496 -0.4252 0.3120
vn 0.9456 -0.1624 0.2821
vn 0.8960 0.0048 0.4440
vn 0.9231 -0.3137 0.2225
vn 0.2818 -0.1126 -0.9528
vn 0.2931 0.2773 -0.9150
vn 0.3433 0.0458 -0.9381
vn 0.1387 -0.1427 -0.9800
vn 0.3919 -0.2276 -0.8914
vn 0.4209 -0.4420 -0.7922
vn 0.2931 -0.1101 -0.9497
vn -0.1919 -0.9606 -0.2013
vn -0.5076 -0.8615 0.0088
vn -0.3533 -0.9213 -0.1622
vn -0.0881 -0.9912 -0.0992
vn -0.1555 -0.9189 -0.3626
vn 0.0126 -0.8550 -0.5185
vn -0.2001 -0.9571 -0.2093
vn 0.9474 0.1685 -0.2722
vn 0.7896 0.0519 -0.6114
vn 0.8854 0.1740 -0.4310
vn 0.9787 0.0417 -0.2008
vn 0.9281 0.3184 -0.1931
vn 0.9018 0.4319 0.0144
vn 0.9439 0.1786 -0.2777
vn -0.8724 -0.4518 0.1865
vn -0.9870 -0.0800 0.1395
vn -0.9426 -0.3127 0.1170
vn -0.8261 -0.4584 0.3277
vn -0.8238 -0.5629 0.0664
vn -0.6745 -0.7383 0.0065
vn -0.8753 -0.4509 0.1748
vn -0.8012 -0.5878 -0.1123
vn -0.8314 -0.4881 0.2655
vn -0.8577 -0.5132 0.0303
vn -0.7044 -0.7008 -0.1128
vn -0.8342 -0.4918 -0.2494
vn -0.7695 -0.4318 -0.4705
vn -0.8083 -0.5780 -0.1121
vn 0.1820 -0.1357 -0.9739
vn 0.4877 0.0859 -0.8688
vn 0.3418 -0.0899 -0.9355
vn 0.0721 -0.0381 -0.9967
vn 0.1555 -0.3009 -0.9409
vn -0.0024 -0.4694 -0.8830
vn 0.1907 -0.1435 -0.9711
vn -0.3373 -0.9183 0.2071
vn -0.1798 -0.8150 0.5508
vn -0.3248 -0.8703 0.3703
vn -0.2218 -0.9668 0.1269
vn -0.4836 -0.8644 0.1379
vn -0.5976 -0.7995 -0.0606
vn -0.3463 -0.9135 0.2134
vn -0.3650 -0.9310 -0.0034
vn -0.6886 -0.7219 0.0685
vn -0.5164 -0.8559 -0.0266
vn -0.3001 -0.9451 0.1297
vn -0.2811 -0.9477 -0.1510
vn -0.0695 -0.9634 -0.2589
vn -0.3699 -0.9290 -0.0142
vn -0.5302 -0.2776 -0.8011
vn -0.5365 0.1126 -0.8363
vn -0.4967 -0.1209 -0.8595
vn -0.6394 -0.3075 -0.7047
vn -0.4004 -0.3840 -0.8320
vn -0.2832 -0.5797 -0.7641
vn -0.5208 -0.2749 -0.8082
vn 0.6709 0.2016 -0.7136
vn 0.6066 0.5588 -0.5656
vn 0.6959 0.3474 -0.6285
vn 0.5589 0.1808 -0.8093
vn 0.7607 0.0738 -0.6449
vn 0.7769 -0.1608 -0.6087
vn 0.6794 0.2031 -0.7051
vn -0.8816 0.4354 0.1821
vn -0.7649 0.6291 -0.1381
vn -0.8729 0.4875 0.0198
vn -0.8119 0.5043 0.2940
vn -0.9416 0.2761 0.1926
vn -0.9458 0.0730 0.3165
vn -0.8864 0.4294 0.1728
vn 0.9136 -0.4054 0.0301
vn 0.9896 -0.0366 0.1388
vn 0.9538 -0.2717 0.1281
vn 0.9090 -0.3997 -0.1184
vn 0.8398 -0.5290 0.1217
vn 0.6897 -0.7137 0.1220
vn 0.9131 -0.4055 0.0422
vn 0.1577 0.4132 0.8969
vn 0.2491 0.0387 0.9677
vn 0.2503 0.2735 0.9287
vn 0.0095 0.4176 0.9086
vn 0.2486 0.5293 0.8112
vn 0.2448 0.7118 0.6584
vn 0.1696 0.4124 0.8951
vn -0.4491 0.8602 0.2416
vn -0.0847 0.9827 0.1649
vn -0.3177 0.9343 0.1617
vn -0.4426 0.8114 0.3819
vn -0.5693 0.8117 0.1307
vn -0.7465 0.6601 0.0832
vn -0.4492 0.8634 0.2299
vn 0.1143 -0.5652 0.8170
vn -0.0032 -0.8319 0.5549
vn 0.1187 -0.6963 0.7079
vn -0.0118 -0.5024 0.8645
vn 0.2671 -0.4903 0.8296
vn 0.3871 -0.2899 0.8753
vn 0.1245 -0.5698 0.8123
vn -0.9757 -0.0473 0.2140
vn -0.8608 -0.4124 0.2982
vn -0.9343 -0.1861 0.3041
vn -0.9966 -0.0485 0.0667
vn -0.9480 0.0951 0.3038
vn -0.8969 0.3275 0.2974
vn -0.9730 -0.0472 0.2257
vn 0.9919 -0.0694 -0.1067
vn 0.9646 0.1312 0.2290
vn 0.9977 -0.0331 0.0599
vn 0.9766 0.0340 -0.2125
vn 0.9628 -0.2354 -0.1327
vn 0.8728 -0.4012 -0.2778
vn 0.9922 -0.0777 -0.0980
vn -0.5071 0.7304 -0.4576
vn -0.2391 0.9359 -0.2587
vn -0.3699 0.8264 -0.4246
vn -0.6141 0.7035 -0.3578
vn -0.4848 0.6374 -0.5989
vn -0.5414 0.4388 -0.7172
vn -0.4979 0.7319 -0.4653
vn 0.3272 0.9444 0.0323
vn 0.3249 0.8508 0.4129
vn 0.3831 0.9043 0.1884
vn 0.1864 0.9825 0.0031
vn 0.4379 0.8948 -0.0876
vn 0.4690 0.8258 -0.3132
vn 0.3383 0.9404 0.0347
vn 0.0276 0.3259 0.9450
vn 0.1961 -0.0261 0.9802
vn 0.1473 0.2064 0.9673
vn -0.1183 0.2972 0.9475
vn 0.0941 0.4683 0.8785
vn 0.0563 0.6628 0.7467
vn 0.0394 0.3280 0.9439
vn 0.8286 -0.5535 0.0840
vn 0.6976 -0.5548 0.4534
vn 0.7595 -0.6085 0.2299
vn 0.9024 -0.4250 0.0717
vn 0.7670 -0.6397 -0.0498
vn 0.7175 -0.6367 -0.2825
vn 0.8218 -0.5634 0.0849
vn -0.0222 0.9343 0.3559
vn -0.0402 0.7255 0.6871
vn 0.0240 0.8633 0.5040
vn -0.1627 0.9377 0.3071
vn 0.1130 0.9603 0.2551
vn 0.1938 0.9805 0.0322
vn -0.0108 0.9331 0.3595
vn 0.0537 0.9981 -0.0304
vn -0.2220 0.9278 -0.2999
vn -0.0992 0.9894 -0.1056
vn 0.1820 0.9779 -0.1030
vn 0.0396 0.9894 0.1394
vn 0.1429 0.9278 0.3447
vn 0.0433 0.9988 -0.0245
vn -0.1270 0.9917 0.0207
vn -0.2772 0.9023 -0.3302
vn -0.2410 0.9650 -0.1034
vn 0.0196 0.9998 -0.0032
vn -0.1958 0.9650 0.1745
vn -0.1583 0.9023 0.4010
vn -0.1388 0.9901 0.0226
f 1//1 7//7 2//2
f 2//2 7//7 3//3
f 3//3 7//7 4//4
f 4//4 7//7 5//5
f 5//5 7//7 6//6
f 6//6 7//7 1//1
f 8//8 14//14 9//9
f 9//9 14//14 10//10
f 10//10 14//14 11//11
f 11//11 14//14 12//12
f 12//12 14//14 13//13
f 13//13 14//14 8//8
f 15//15 21//21 16//16
f 16//16 21//21 17//17
f 17//17 21//21 18//18
f 18//18 21//21 19//19
f 19//19 21//21 20//20
f 20//20 21//21 15//15
f 22//22 28//28 23//23
f 23//23 28//28 24//24
f 24//24 28//28 25//25
f 25//25 28//28 26//26
f 26//26 28//28 27//27
f 27//27 28//28 22//22
f 29//29 35//35 30//30
f 30//30 35//35 31//31
f 31//31 35//35 32//32
f 32//32 35//35 33//33
f 33//33 35//35 34//34
f 34//34 35//35 29//29
f 36//36 42//42 37//37
f 37//37 42//42 38//38
f 38//38 42//42 39//39
f 39//39 42//42 40//40
f 40//40 42//42 41//41
f 41//41 42//42 36//36
f 43//43 49//49 44//44
f 44//44 49//49 45//45
f 45//45 49//49 46//46
f 46//46 49//49 47//47
f 47//47 49//49 48//48
f 48//48 49//49 43//43
f 50//50 56//56 51//51
f 51//51 56//56 52//52
f 52//52 56//56 53//53
f 53//53 56//56 54//54
f 54//54 56//56 55//55
f 55//55 56//56 50//50
f 57//57 63//63 58//58
f 58//58 63//63 59//59
f 59//59 63//63 60//60
f 60//60 63//63 61//61
f 61//61 63//63 62//62
f 62//62 63//63 57//57
f 64//64 70//70 65//65
f 65//65 70//70 66//66
f 66//66 70//70 67//67
f 67//67 70//70 68//68
f 68//68 70//70 69//69
f 69//69 70//70 64//64
f 71//71 77//77 72//72
f 72//72 77//77 73//73
f 73//73 77//77 74//74
f 74//74 77//77 75//75
f 75//75 77//77 76//76
f 76//76 77//77 71//71
f 78//78 84//84 79//79
f 79//79 84//84 80//80
f 80//80 84//84 81//81
f 81//81 84//84 82//82
f 82//82 84//84 83//83
f 83//83 84//84 78//78
f 85//85 91//91 86//86
f 86//86 91//91 87//87
f 87//87 91//91 88//88
f 88//88 91//91 89//89
f 89//89 91//91 90//90
f 90//90 91//91 85//85
f 92//92 98//98 93//93
f 93//93 98//98 94//94
f 94//94 98//98 95//95
f 95//95 98//98 96//96
f 96//96 98//98 97//97
f 97//97 98//98 92//92
f 99//99 105//105 100//100
f 100//100 105//105 101//101
f 101//101 105//105 102//102
f 102//102 105//105 103//103
f 103//103 105//105 104//104
f 104//104 105//105 99//99
f 106//106 112//112 107//107
f 107//107 112//112 108//108
f 108//108 112//112 109//109
f 109//109 112//112 110//110
f 110//110 112//112 111//111
f 111//111 112//112 106//106
f 113//113 119//119 114//114
f 114//114 119//119 115//115
f 115//115 119//119 116//116
f 116//116 119//119 117//117
f 117//117 119//119 118//118
f 118//118 119//119 113//113
f 120//120 126//126 121//121
f 121//121 126//126 122//122
f 122//122 126//126 123//123
f 123//123 126//126 124//124
f 124//124 126//126 125//125
f 125//125 126//126 120//120
f 127//127 133//133 128//128
f 128//128 133//133 129//129
f 129//129 133//133 130//130
f 130//130 133//133 131//131
f 131//131 133//133 132//132
f 132//132 133//133 127//127
f 134//134 140//140 135//135
f 135//135 140//140 136//136
f 136//136 140//140 137//137
f 137//137 140//140 138//138
f 138//138 140//140 139//139
f 139//139 140//140 134//134
f 141//141 147//147 142//142
f 142//142 147//147 143//143
f 143//143 147//147 144//144
f 144//144 147//147 145//145
f 145//145 147//147 146//146
f 146//146 147//147 141//141
f 148//148 154//154 149//149
f 149//149 154//154 150//150
f 150//150 154//154 151//151
f 151//151 154//154 152//152
f 152//152 154//154 153//153
f 153//153 154//154 148//148
f 155//155 161//161 156//156
f 156//156 161//161 157//157
f 157//157 161//161 158//158
f 158//158 161//161 159//159
f 159//159 161//161 160//160
f 160//160 161//161 155//155
f 162//162 168//168 163//163
f 163//163 168//168 164//164
f 164//164 168//168 165//165
f 165//165 168//168 166//166
f 166//166 168//168 167//167
f 167//167 168//168 162//162
f 169//169 175//175 170//170
f 170//170 175//175 171//171
f 171//171 175//175 172//172
f 172//172 175//175 173//173
f 173//173 175//175 174//174
f 174//174 175//175 169//169
f 176//176 182//182 177//177
f 177//177 182//182 178//178
f 178//178 182//182 179//179
f 179//179 182//182 180//180
f 180//180 182//182 181//181
f 181//181 182//182 176//176
f 183//183 189//189 184//184
f 184//184 189//189 185//185
f 185//185 189//189 186//186
f 186//186 189//189 187//187
f 187//187 189//189 188//188
f 188//188 189//189 183//183
f 190//190 196//196 191//191
f 191//191 196//196 192//192
f 192//192 196//196 193//193
f 193//193 196//196 194//194
f 194//194 196//196 195//195
f 195//195 196//196 190//190
f 197//197 203//203 198//198
f 198//198 203//203 199//199
f 199//199 203//203 200//200
f 200//200 203//203 201//201
f 201//201 203//203 202//202
f 202//202 203//203 197//197
f 204//204 210//210 205//205
f 205//205 210//210 206//206
f 206//206 210//210 207//207
f 207//207 210//210 208//208
f 208//208 210//210 209//209
f 209//209 210//210 204//204
f 211//211 217//217 212//212
f 212//212 217//217 213//213
f 213//213 217//217 214//214
f 214//214 217//217 215//215
f 215//215 217//217 216//216
f 216//216 217//217 211//211
f 218//218 224//224 219//219
f 219//219 224//224 220//220
f 220//220 224//224 221//221
f 221//221 224//224 222//222
f 222//222 224//224 223//223
f 223//223 224//224 218//218
f 225//225 231//231 226//226
f 226//226 231//231 227//227
f 227//227 231//231 228//228
f 228//228 231//231 229//229
f 229//229 231//231 230//230
f 230//230 231//231 225//225
f 232//232 238//238 233//233
f 233//233 238//238 234//234
f 234//234 238//238 235//235
f 235//235 238//238 236//236
f 236//236 238//238 237//237
f 237//237 238//238 232//232
f 239//239 245//245 240//240
f 240//240 245//245 241//241
f 241//241 245//245 242//242
f 242//242 245//245 243//243
f 243//243 245//245 244//244
f 244//244 245//245 239//239
f 246//246 252//252 247//247
f 247//247 252//252 248//248
f 248//248 252//252 249//249
f 249//249 252//252 250//250
f 250//250 252//252 251//251
f 251//251 252//252 246//246
f 253//253 259//259 254//254
f 254//254 259//259 255//255
f 255//255 259//259 256//256
f 256//256 259//259 257//257
f 257//257 259//259 258//258
f 258//258 259//259 253//253
f 260//260 266//266 261//261
f 261//261 266//266 262//262
f 262//262 266//266 263//263
f 263//263 266//266 264//264
f 264//264 266//266 265//265
f 265//265 266//266 260//260
f 267//267 273//273 268//268
f 268//268 273//273 269//269
f 269//269 273//273 270//270
f 270//270 273//273 271//271
f 271//271 273//273 272//272
f 272//272 273//273 267//267
f 274//274 280//280 275//275
f 275//275 280//280 276//276
f 276//276 280//280 277//277
f 277//277 280//280 278//278
f 278//278 280//280 279//279
f 279//279 280//280 274//274
f 281//281 287//287 282//282
f 282//282 287//287 283//283
f 283//283 287//287 284//284
f 284//284 287//287 285//285
f 285//285 287//287 286//286
f 286//286 287//287 281//281
f 288//288 294//294 289//289
f 289//289 294//294 290//290
f 290//290 294//294 291//291
f 291//291 294//294 292//292
f 292//292 294//294 293//293
f 293//293 294//294 288//288
f 295//295 301//301 296//296
f 296//296 301//301 297//297
f 297//297 301//301 298//298
f 298//298 301//301 299//299
f 299//299 301//301 300//300
f 300//300 301//301 295//295
f 302//302 308//308 303//303
f 303//303 308//308 304//304
f 304//304 308//308 305//305
f 305//305 308//308 306//306
f 306//306 308//308 307//307
f 307//307 308//308 302//302
f 309//309 315//315 310//310
f 310//310 315//315 311//311
f 311//311 315//315 312//312
f 312//312 315//315 313//313
f 313//313 315//315 314//314
f 314//314 315//315 309//309
f 316//316 322//322 317//317
f 317//317 322//322 318//318
f 318//318 322//322 319//319
f 319//319 322//322 320//320
f 320//320 322//322 321//321
f 321//321 322//322 316//316
f 323//323 329//329 324//324
f 324//324 329//329 325//325
f 325//325 329//329 326//326
f 326//326 329//329 327//327
f 327//327 329//329 328//328
f 328//328 329//329 323//323
f 330//330 336//336 331//331
f 331//331 336//336 332//332
f 332//332 336//336 333//333
f 333//333 336//336 334//334
f 334//334 336//336 335//335
f 335//335 336//336 330//330
f 337//337 343//343 338//338
f 338//338 343//343 339//339
f 339//339 343//343 340//340
f 340//340 343//343 341//341
f 341//341 343//343 342//342
f 342//342 343//343 337//337
f 344//344 350//350 345//345
f 345//345 350//350 346//346
f 346//346 350//350 347//347
f 347//347 350//350 348//348
f 348//348 350//350 349//349
f 349//349 350//350 344//344
f 351//351 357//357 352//352
f 352//352 357//357 353//353
f 353//353 357//357 354//354
f 354//354 357//357 355//355
f 355//355 357//357 356//356
f 356//356 357//357 351//351
f 358//358 364//364 359//359
f 359//359 364//364 360//360
f 360//360 364//364 361//361
f 361//361 364//364 362//362
f 362//362 364//364 363//363
f 363//363 364//364 358//358
f 365//365 371//371 366//366
f 366//366 371//371 367//367
f 367//367 371//371 368//368
f 368//368 371//371 369//369
f 369//369 371//371 370//370
f 370//370 371//371 365//365
f 372//372 378//378 373//373
f 373//373 378//378 374//374
f 374//374 378//378 375//375
f 375//375 378//378 376//376
f 376//376 378//378 377//377
f 377//377 378//378 372//372
f 379//379 385//385 380//380
f 380//380 385//385 381//381
f 381//381 385//385 382//382
f 382//382 385//385 383//383
f 383//383 385//385 384//384
f 384//384 385//385 379//379
f 386//386 392//392 387//387
f 387//387 392//392 388//388
f 388//388 392//392 389//389
f 389//389 392//392 390//390
f 390//390 392//392 391//391
f 391//391 392//392 386//386
f 393//393 399//399 394//394
f 394//394 399//399 395//395
f 395//395 399//399 396//396
f 396//396 399//399 397//397
f 397//397 399//399 398//398
f 398//398 399//399 393//393
f 400//400 406//406 401//401
f 401//401 406//406 402//402
f 402//402 406//406 403//403
f 403//403 406//406 404//404
f 404//404 406//406 405//405
f 405//405 406//406 400//400
f 407//407 413//413 408//408
f 408//408 413//413 409//409
f 409//409 413//413 410//410
f 410//410 413//413 411//411
f 411//411 413//413 412//412
f 412//412 413//413 407//407
f 414//414 420//420 415//415
f 415//415 420//420 416//416
f 416//416 420//420 417//417
f 417//417 420//420 418//418
f 418//418 420//420 419//419
f 419//419 420//420 414//414
f 421//421 427//427 422//422
f 422//422 427//427 423//423
f 423//423 427//427 424//424
f 424//424 427//427 425//425
f 425//425 427//427 426//426
f 426//426 427//427 421//421
f 428//428 434//434 429//429
f 429//429 434//434 430//430
f 430//430 434//434 431//431
f 431//431 434//434 432//432
f 432//432 434//434 433//433
f 433//433 434//434 428//428
f 435//435 441//441 436//436
f 436//436 441//441 437//437
f 437//437 441//441 438//438
f 438//438 441//441 439//439
f 439//439 441//441 440//440
f 440//440 441//441 435//435
f 442//442 448//448 443//443
f 443//443 448//448 444//444
f 444//444 448//448 445//445
f 445//445 448//448 446//446
f 446//446 448//448 447//447
f 447//447 448//448 442//442
f 449//449 455//455 450//450
f 450//450 455//455 451//451
f 451//451 455//455 452//452
f 452//452 455//455 453//453
f 453//453 455//455 454//454
f 454//454 455//455 449//449
f 456//456 462//462 457//457
f 457//457 462//462 458//458
f 458//458 462//462 459//459
f 459//459 462//462 460//460
f 460//460 462//462 461//461
f 461//461 462//462 456//456
f 463//463 469//469 464//464
f 464//464 469//469 465//465
f 465//465 469//469 466//466
f 466//466 469//469 467//467
f 467//467 469//469 468//468
f 468//468 469//469 463//463
f 470//470 476//476 471//471
f 471//471 476//476 472//472
f 472//472 476//476 473//473
f 473//473 476//476 474//474
f 474//474 476//476 475//475
f 475//475 476//476 470//470
f 477//477 483//483 478//478
f 478//478 483//483 479//479
f 479//479 483//483 480//480
f 480//480 483//483 481//481
f 481//481 483//483 482//482
f 482//482 483//483 477//477
f 484//484 490//490 485//485
f 485//485 490//490 486//486
f 486//486 490//490 487//487
f 487//487 490//490 488//488
f 488//488 490//490 489//489
f 489//489 490//490 484//484
f 491//491 497//497 492//492
f 492//492 497//497 493//493
f 493//493 497//497 494//494
f 494//494 497//497 495//495
f 495//495 497//497 496//496
f 496//496 497//497 491//491
f 498//498 504//504 499//499
f 499//499 504//504 500//500
f 500//500 504//504 501//501
f 501//501 504//504 502//502
f 502//502 504//504 503//503
f 503//503 504//504 498//498
f 505//505 511//511 506//506
f 506//506 511//511 507//507
f 507//507 511//511 508//508
f 508//508 511//511 509//509
f 509//509 511//511 510//510
f 510//510 511//511 505//505
f 512//512 518//518 513//513
f 513//513 518//518 514//514
f 514//514 518//518 515//515
f 515//515 518//518 516//516
f 516//516 518//518 517//517
f 517//517 518//518 512//512
f 519//519 525//525 520//520
f 520//520 525//525 521//521
f 521//521 525//525 522//522
f 522//522 525//525 523//523
f 523//523 525//525 524//524
f 524//524 525//525 519//519
f 526//526 532//532 527//527
f 527//527 532//532 528//528
f 528//528 532//532 529//529
f 529//529 532//532 530//530
f 530//530 532//532 531//531
f 531//531 532//532 526//526
f 533//533 539//539 534//534
f 534//534 539//539 535//535
f 535//535 539//539 536//536
f 536//536 539//539 537//537
f 537//537 539//539 538//538
f 538//538 539//539 533//533
f 540//540 546//546 541//541
f 541//541 546//546 542//542
f 542//542 546//546 543//543
f 543//543 546//546 544//544
f 544//544 546//546 545//545
f 545//545 546//546 540//540
f 547//547 553//553 548//548
f 548//548 553//553 549//549
f 549//549 553//553 550//550
f 550//550 553//553 551//551
f 551//551 553//553 552//552
f 552//552 553//553 547//547
f 554//554 560//560 555//555
f 555//555 560//560 556//556
f 556//556 560//560 557//557
f 557//557 560//560 558//558
f 558//558 560//560 559//559
f 559//559 560//560 554//554
f 561//561 567//567 562//562
f 562//562 567//567 563//563
f 563//563 567//567 564//564
f 564//564 567//567 565//565
f 565//565 567//567 566//566
f 566//566 567//567 561//561
f 568//568 574//574 569//569
f 569//569 574//574 570//570
f 570//570 574//574 571//571
f 571//571 574//574 572//572
f 572//572 574//574 573//573
f 573//573 574//574 568//568
f 575//575 581//581 576//576
f 576//576 581//581 577//577
f 577//577 581//581 578//578
f 578//578 581//581 579//579
f 579//579 581//581 580//580
f 580//580 581//581 575//575
f 582//582 588//588 583//583
f 583//583 588//588 584//584
f 584//584 588//588 585//585
f 585//585 588//588 586//586
f 586//586 588//588 587//587
f 587//587 588//588 582//582
f 589//589 595//595 590//590
f 590//590 595//595 591//591
f 591//591 595//595 592//592
f 592//592 595//595 593//593
f 593//593 595//595 594//594
f 594//594 595//595 589//589
f 596//596 602//602 597//597
f 597//597 602//602 598//598
f 598//598 602//602 599//599
f 599//599 602//602 600//600
f 600//600 602//602 601//601
f 601//601 602//602 596//596
f 603//603 609//609 604//604
f 604//604 609//609 605//605
f 605//605 609//609 606//606
f 606//606 609//609 607//607
f 607//607 609//609 608//608
f 608//608 609//609 603//603
f 610//610 616//616 611//611
f 611//611 616//616 612//612
f 612//612 616//616 613//613
f 613//613 616//616 614//614
f 614//614 616//616 615//615
f 615//615 616//616 610//610
f 617//617 623//623 618//618
f 618//618 623//623 619//619
f 619//619 623//623 620//620
f 620//620 623//623 621//621
f 621//621 623//623 622//622
f 622//622 623//623 617//617
f 624//624 630//630 625//625
f 625//625 630//630 626//626
f 626//626 630//630 627//627
f 627//627 630//630 628//628
f 628//628 630//630 629//629
f 629//629 630//630 624//624
f 631//631 637//637 632//632
f 632//632 637//637 633//633
f 633//633 637//637 634//634
f 634//634 637//637 635//635
f 635//635 637//637 636//636
f 636//636 637//637 631//631
f 638//638 644//644 639//639
f 639//639 644//644 640//640
f 640//640 644//644 641//641
f 641//641 644//644 642//642
f 642//642 644//644 643//643
f 643//643 644//644 638//638
f 645//645 651//651 646//646
f 646//646 651//651 647//647
f 647//647 651//651 648//648
f 648//648 651//651 649//649
f 649//649 651//651 650//650
f 650//650 651//651 645//645
f 652//652 658//658 653//653
f 653//653 658//658 654//654
f 654//654 658//658 655//655
f 655//655 658//658 656//656
f 656//656 658//658 657//657
f 657//657 658//658 652//652
f 659//659 665//665 660//660
f 660//660 665//665 661//661
f 661//661 665//665 662//662
f 662//662 665//665 663//663
f 663//663 665//665 664//664
f 664//664 665//665 659//659
f 666//666 672//672 667//667
f 667//667 672//672 668//668
f 668//668 672//672 669//669
f 669//669 672//672 670//670
f 670//670 672//672 671//671
f 671//671 672//672 666//666
f 673//673 679//679 674//674
f 674//674 679//679 675//675
f 675//675 679//679 676//676
f 676//676 679//679 677//677
f 677//677 679//679 678//678
f 678//678 679//679 673//673
f 680//680 686//686 681//681
f 681//681 686//686 682//682
f 682//682 686//686 683//683
f 683//683 686//686 684//684
f 684//684 686//686 685//685
f 685//685 686//686 680//680
f 687//687 693//693 688//688
f 688//688 693//693 689//689
f 689//689 693//693 690//690
f 690//690 693//693 691//691
f 691//691 693//693 692//692
f 692//692 693//693 687//687
f 694//694 700//700 695//695
f 695//695 700//700 696//696
f 696//696 700//700 697//697
f 697//697 700//700 698//698
f 698//698 700//700 699//699
f 699//699 700//700 694//694
f 701//701 707//707 702//702
f 702//702 707//707 703//703
f 703//703 707//707 704//704
f 704//704 707//707 705//705
f 705//705 707//707 706//706
f 706//706 707//707 701//701
f 708//708 714//714 709//709
f 709//709 714//714 710//710
f 710//710 714//714 711//711
f 711//711 714//714 712//712
f 712//712 714//714 713//713
f 713//713 714//714 708//708
f 715//715 721//721 716//716
f 716//716 721//721 717//717
f 717//717 721//721 718//718
f 718//718 721//721 719//719
f 719//719 721//721 720//720
f 720//720 721//721 715//715
f 722//722 728//728 723//723
f 723//723 728//728 724//724
f 724//724 728//728 725//725
f 725//725 728//728 726//726
f 726//726 728//728 727//727
f 727//727 728//728 722//722
f 729//729 735//735 730//730
f 730//730 735//735 731//731
f 731//731 735//735 732//732
f 732//732 735//735 733//733
f 733//733 735//735 734//734
f 734//734 735//735 729//729
f 736//736 742//742 737//737
f 737//737 742//742 738//738
f 738//738 742//742 739//739
f 739//739 742//742 740//740
f 740//740 742//742 741//741
f 741//741 742//742 736//736
f 743//743 749//749 744//744
f 744//744 749//749 745//745
f 745//745 749//749 746//746
f 746//746 749//749 747//747
f 747//747 749//749 748//748
f 748//748 749//749 743//743
f 750//750 756//756 751//751
f 751//751 756//756 752//752
f 752//752 756//756 753//753
f 753//753 756//756 754//754
f 754//754 756//756 755//755
f 755//755 756//756 750//750
f 757//757 763//763 758//758
f 758//758 763//763 759//759
f 759//759 763//763 760//760
f 760//760 763//763 761//761
f 761//761 763//763 762//762
f 762//762 763//763 757//757
f 764//764 770//770 765//765
f 765//765 770//770 766//766
f 766//766 770//770 767//767
f 767//767 770//770 768//768
f 768//768 770//770 769//769
f 769//769 770//770 764//764
f 771//771 777//777 772//772
f 772//772 777//777 773//773
f 773//773 777//777 774//774
f 774//774 777//777 775//775
f 775//775 777//777 776//776
f 776//776 777//777 771//771
f 778//778 784//784 779//779
f 779//779 784//784 780//780
f 780//780 784//784 781//781
f 781//781 784//784 782//782
f 782//782 784//784 783//783
f 783//783 784//784 778//778
f 785//785 791//791 786//786
f 786//786 791//791 787//787
f 787//787 791//791 788//788
f 788//788 791//791 789//789
f 789//789 791//791 790//790
f 790//790 791//791 785//785
f 792//792 798//798 793//793
f 793//793 798//798 794//794
f 794//794 798//798 795//795
f 795//795 798//798 796//796
f 796//796 798//798 797//797
f 797//797 798//798 792//792
f 799//799 805//805 800//800
f 800//800 805//805 801//801
f 801//801 805//805 802//802
f 802//802 805//805 803//803
f 803//803 805//805 804//804
f 804//804 805//805 799//799
f 806//806 812//812 807//807
f 807//807 812//812 808//808
f 808//808 812//812 809//809
f 809//809 812//812 810//810
f 810//810 812//812 811//811
f 811//811 812//812 806//806
f 813//813 819//819 814//814
f 814//814 819//819 815//815
f 815//815 819//819 816//816
f 816//816 819//819 817//817
f 817//817 819//819 818//818
f 818//818 819//819 813//813
f 820//820 826//826 821//821
f 821//821 826//826 822//822
f 822//822 826//826 823//823
f 823//823 826//826 824//824
f 824//824 826//826 825//825
f 825//825 826//826 820//820
f 827//827 833//833 828//828
f 828//828 833//833 829//829
f 829//829 833//833 830//830
f 830//830 833//833 831//831
f 831//831 833//833 832//832
f 832//832 833//833 827//827
f 834//834 840//840 835//835
f 835//835 840//840 836//836
f 836//836 840//840 837//837
f 837//837 840//840 838//838
f 838//838 840//840 839//839
f 839//839 840//840 834//834
f 841//841 847//847 842//842
f 842//842 847//847 843//843
f 843//843 847//847 844//844
f 844//844 847//847 845//845
f 845//845 847//847 846//846
f 846//846 847//847 841//841
f 848//848 854//854 849//849
f 849//849 854//854 850//850
f 850//850 854//854 851//851
f 851//851 854//854 852//852
f 852//852 854//854 853//853
f 853//853 854//854 848//848
f 855//855 861//861 856//856
f 856//856 861//861 857//857
f 857//857 861//861 858//858
f 858//858 861//861 859//859
f 859//859 861//861 860//860
f 860//860 861//861 855//855
f 862//862 868//868 863//863
f 863//863 868//868 864//864
f 864//864 868//868 865//865
f 865//865 868//868 866//866
f 866//866 868//868 867//867
f 867//867 868//868 862//862
f 869//869 875//875 870//870
f 870//870 875//875 871//871
f 871//871 875//875 872//872
f 872//872 875//875 873//873
f 873//873 875//875 874//874
f 874//874 875//875 869//869
f 876//876 882//882 877//877
f 877//877 882//882 878//878
f 878//878 882//882 879//879
f 879//879 882//882 880//880
f 880//880 882//882 881//881
f 881//881 882//882 876//876
f 883//883 889//889 884//884
f 884//884 889//889 885//885
f 885//885 889//889 886//886
f 886//886 889//889 887//887
f 887//887 889//889 888//888
f 888//888 889//889 883//883
f 890//890 896//896 891//891
f 891//891 896//896 892//892
f 892//892 896//896 893//893
f 893//893 896//896 894//894
f 894//894 896//896 895//895
f 895//895 896//896 890//890
f 897//897 903//903 898//898
f 898//898 903//903 899//899
f 899//899 903//903 900//900
f 900//900 903//903 901//901
f 901//901 903//903 902//902
f 902//902 903//903 897//897
f 904//904 910//910 905//905
f 905//905 910//910 906//906
f 906//906 910//910 907//907
f 907//907 910//910 908//908
f 908//908 910//910 909//909
f 909//909 910//910 904//904
f 911//911 917//917 912//912
f 912//912 917//917 913//913
f 913//913 917//917 914//914
f 914//914 917//917 915//915
f 915//915 917//917 916//916
f 916//916 917//917 911//911
f 918//918 924//924 919//919
f 919//919 924//924 920//920
f 920//920 924//924 921//921
f 921//921 924//924 922//922
f 922//922 924//924 923//923
f 923//923 924//924 918//918
f 925//925 931//931 926//926
f 926//926 931//931 927//927
f 927//927 931//931 928//928
f 928//928 931//931 929//929
f 929//929 931//931 930//930
f 930//930 931//931 925//925
f 932//932 938//938 933//933
f 933//933 938//938 934//934
f 934//934 938//938 935//935
f 935//935 938//938 936//936
f 936//936 938//938 937//937
f 937//937 938//938 932//932
f 939//939 945//945 940//940
f 940//940 945//945 941//941
f 941//941 945//945 942//942
f 942//942 945//945 943//943
f 943//943 945//945 944//944
f 944//944 945//945 939//939
f 946//946 952//952 947//947
f 947//947 952//952 948//948
f 948//948 952//952 949//949
f 949//949 952//952 950//950
f 950//950 952//952 951//951
f 951//951 952//952 946//946
f 953//953 959//959 954//954
f 954//954 959//959 955//955
f 955//955 959//959 956//956
f 956//956 959//959 957//957
f 957//957 959//959 958//958
f 958//958 959//959 953//953
f 960//960 966//966 961//961
f 961//961 966//966 962//962
f 962//962 966//966 963//963
f 963//963 966//966 964//964
f 964//964 966//966 965//965
f 965//965 966//966 960//960
f 967//967 973//973 968//968
f 968//968 973//973 969//969
f 969//969 973//973 970//970
f 970//970 973//973 971//971
f 971//971 973//973 972//972
f 972//972 973//973 967//967
f 974//974 980//980 975//975
f 975//975 980//980 976//976
f 976//976 980//980 977//977
f 977//977 980//980 978//978
f 978//978 980//980 979//979
f 979//979 980//980 974//974
f 981//981 987//987 982//982
f 982//982 987//987 983//983
f 983//983 987//987 984//984
f 984//984 987//987 985//985
f 985//985 987//987 986//986
f 986//986 987//987 981//981
f 988//988 994//994 989//989
f 989//989 994//994 990//990
f 990//990 994//994 991//991
f 991//991 994//994 992//992
f 992//992 994//994 993//993
f 993//993 994//994 988//988
f 995//995 1001//1001 996//996
f 996//996 1001//1001 997//997
f 997//997 1001//1001 998//998
f 998//998 1001//1001 999//999
f 999//999 1001//1001 1000//1000
f 1000//1000 1001//1001 995//995
f 1002//1002 1008//1008 1003//1003
f 1003//1003 1008//1008 1004//1004
f 1004//1004 1008//1008 1005//1005
f 1005//1005 1008//1008 1006//1006
f 1006//1006 1008//1008 1007//1007
f 1007//1007 1008//1008 1002//1002
f 1009//1009 1015//1015 1010//1010
f 1010//1010 1015//1015 1011//1011
f 1011//1011 1015//1015 1012//1012
f 1012//1012 1015//1015 1013//1013
f 1013//1013 1015//1015 1014//1014
f 1014//1014 1015//1015 1009//1009
f 1016//1016 1022//1022 1017//1017
f 1017//1017 1022//1022 1018//1018
f 1018//1018 1022//1022 1019//1019
f 1019//1019 1022//1022 1020//1020
f 1020//1020 1022//1022 1021//1021
f 1021//1021 1022//1022 1016//1016
f 1023//1023 1029//1029 1024//1024
f 1024//1024 1029//1029 1025//1025
f 1025//1025 1029//1029 1026//1026
f 1026//1026 1029//1029 1027//1027
f 1027//1027 1029//1029 1028//1028
f 1028//1028 1029//1029 1023//1023
f 1030//1030 1036//1036 1031//1031
f 1031//1031 1036//1036 1032//1032
f 1032//1032 1036//1036 1033//1033
f 1033//1033 1036//1036 1034//1034
f 1034//1034 1036//1036 1035//1035
f 1035//1035 1036//1036 1030//1030
f 1037//1037 1043//1043 1038//1038
f 1038//1038 1043//1043 1039//1039
f 1039//1039 1043//1043 1040//1040
f 1040//1040 1043//1043 1041//1041
f 1041//1041 1043//1043 1042//1042
f 1042//1042 1043//1043 1037//1037
f 1044//1044 1050//1050 1045//1045
f 1045//1045 1050//1050 1046//1046
f 1046//1046 1050//1050 1047//1047
f 1047//1047 1050//1050 1048//1048
f 1048//1048 1050//1050 1049//1049
f 1049//1049 1050//1050 1044//1044
f 1051//1051 1057//1057 1052//1052
f 1052//1052 1057//1057 1053//1053
f 1053//1053 1057//1057 1054//1054
f 1054//1054 1057//1057 1055//1055
f 1055//1055 1057//1057 1056//1056
f 1056//1056 1057//1057 1051//1051
f 1058//1058 1064//1064 1059//1059
f 1059//1059 1064//1064 1060//1060
f 1060//1060 1064//1064 1061//1061
f 1061//1061 1064//1064 1062//1062
f 1062//1062 1064//1064 1063//1063
f 1063//1063 1064//1064 1058//1058
f 1065//1065 1071//1071 1066//1066
f 1066//1066 1071//1071 1067//1067
f 1067//1067 1071//1071 1068//1068
f 1068//1068 1071//1071 1069//1069
f 1069//1069 1071//1071 1070//1070
f 1070//1070 1071//1071 1065//1065
f 1072//1072 1078//1078 1073//1073
f 1073//1073 1078//1078 1074//1074
f 1074//1074 1078//1078 1075//1075
f 1075//1075 1078//1078 1076//1076
f 1076//1076 1078//1078 1077//1077
f 1077//1077 1078//1078 1072//1072
f 1079//1079 1085//1085 1080//1080
f 1080//1080 1085//1085 1081//1081
f 1081//1081 1085//1085 1082//1082
f 1082//1082 1085//1085 1083//1083
f 1083//1083 1085//1085 1084//1084
f 1084//1084 1085//1085 1079//1079
f 1086//1086 1092//1092 1087//1087
f 1087//1087 1092//1092 1088//1088
f 1088//1088 1092//1092 1089//1089
f 1089//1089 1092//1092 1090//1090
f 1090//1090 1092//1092 1091//1091
f 1091//1091 1092//1092 1086//1086
f 1093//1093 1099//1099 1094//1094
f 1094//1094 1099//1099 1095//1095
f 1095//1095 1099//1099 1096//1096
f 1096//1096 1099//1099 1097//1097
f 1097//1097 1099//1099 1098//1098
f 1098//1098 1099//1099 1093//1093
f 1100//1100 1106//1106 1101//1101
f 1101//1101 1106//1106 1102//1102
f 1102//1102 1106//1106 1103//1103
f 1103//1103 1106//1106 1104//1104
f 1104//1104 1106//1106 1105//1105
f 1105//1105 1106//1106 1100//1100
f 1107//1107 1113//1113 1108//1108
f 1108//1108 1113//1113 1109//1109
f 1109//1109 1113//1113 1110//1110
f 1110//1110 1113//1113 1111//1111
f 1111//1111 1113//1113 1112//1112
f 1112//1112 1113//1113 1107//1107
f 1114//1114 1120//1120 1115//1115
f 1115//1115 1120//1120 1116//1116
f 1116//1116 1120//1120 1117//1117
f 1117//1117 1120//1120 1118//1118
f 1118//1118 1120//1120 1119//1119
f 1119//1119 1120//1120 1114//1114
f 1121//1121 1127//1127 1122//1122
f 1122//1122 1127//1127 1123//1123
f 1123//1123 1127//1127 1124//1124
f 1124//1124 1127//1127 1125//1125
f 1125//1125 1127//1127 1126//1126
f 1126//1126 1127//1127 1121//1121
f 1128//1128 1134//1134 1129//1129
f 1129//1129 1134//1134 1130//1130
f 1130//1130 1134//1134 1131//1131
f 1131//1131 1134//1134 1132//1132
f 1132//1132 1134//1134 1133//1133
f 1133//1133 1134//1134 1128//1128
f 1135//1135 1141//1141 1136//1136
f 1136//1136 1141//1141 1137//1137
f 1137//1137 1141//1141 1138//1138
f 1138//1138 1141//1141 1139//1139
f 1139//1139 1141//1141 1140//1140
f 1140//1140 1141//1141 1135//1135
f 1142//1142 1148//1148 1143//1143
f 1143//1143 1148//1148 1144//1144
f 1144//1144 1148//1148 1145//1145
f 1145//1145 1148//1148 1146//1146
f 1146//1146 1148//1148 1147//1147
f 1147//1147 1148//1148 1142//1142
f 1149//1149 1155//1155 1150//1150
f 1150//1150 1155//1155 1151//1151
f 1151//1151 1155//1155 1152//1152
f 1152//1152 1155//1155 1153//1153
f 1153//1153 1155//1155 1154//1154
f 1154//1154 1155//1155 1149//1149
f 1156//1156 1162//1162 1157//1157
f 1157//1157 1162//1162 1158//1158
f 1158//1158 1162//1162 1159//1159
f 1159//1159 1162//1162 1160//1160
f 1160//1160 1162//1162 1161//1161
f 1161//1161 1162//1162 1156//1156
f 1163//1163 1169//1169 1164//1164
f 1164//1164 1169//1169 1165//1165
f 1165//1165 1169//1169 1166//1166
f 1166//1166 1169//1169 1167//1167
f 1167//1167 1169//1169 1168//1168
f 1168//1168 1169//1169 1163//1163
f 1170//1170 1176//1176 1171//1171
f 1171//1171 1176//1176 1172//1172
f 1172//1172 1176//1176 1173//1173
f 1173//1173 1176//1176 1174//1174
f 1174//1174 1176//1176 1175//1175
f 1175//1175 1176//1176 1170//1170
f 1177//1177 1183//1183 1178//1178
f 1178//1178 1183//1183 1179//1179
f 1179//1179 1183//1183 1180//1180
f 1180//1180 1183//1183 1181//1181
f 1181//1181 1183//1183 1182//1182
f 1182//1182 1183//1183 1177//1177
f 1184//1184 1190//1190 1185//1185
f 1185//1185 1190//1190 1186//1186
f 1186//1186 1190//1190 1187//1187
f 1187//1187 1190//1190 1188//1188
f 1188//1188 1190//1190 1189//1189
f 1189//1189 1190//1190 1184//1184
f 1191//1191 1197//1197 1192//1192
f 1192//1192 1197//1197 1193//1193
f 1193//1193 1197//1197 1194//1194
f 1194//1194 1197//1197 1195//1195
f 1195//1195 1197//1197 1196//1196
f 1196//1196 1197//1197 1191//1191
f 1198//1198 1204//1204 1199//1199
f 1199//1199 1204//1204 1200//1200
f 1200//1200 1204//1204 1201//1201
f 1201//1201 1204//1204 1202//1202
f 1202//1202 1204//1204 1203//1203
f 1203//1203 1204//1204 1198//1198
f 1205//1205 1211//1211 1206//1206
f 1206//1206 1211//1211 1207//1207
f 1207//1207 1211//1211 1208//1208
f 1208//1208 1211//1211 1209//1209
f 1209//1209 1211//1211 1210//1210
f 1210//1210 1211//1211 1205//1205
f 1212//1212 1218//1218 1213//1213
f 1213//1213 1218//1218 1214//1214
f 1214//1214 1218//1218 1215//1215
f 1215//1215 1218//1218 1216//1216
f 1216//1216 1218//1218 1217//1217
f 1217//1217 1218//1218 1212//1212
f 1219//1219 1225//1225 1220//1220
f 1220//1220 1225//1225 1221//1221
f 1221//1221 1225//1225 1222//1222
f 1222//1222 1225//1225 1223//1223
f 1223//1223 1225//1225 1224//1224
f 1224//1224 1225//1225 1219//1219
f 1226//1226 1232//1232 1227//1227
f 1227//1227 1232//1232 1228//1228
f 1228//1228 1232//1232 1229//1229
f 1229//1229 1232//1232 1230//1230
f 1230//1230 1232//1232 1231//1231
f 1231//1231 1232//1232 1226//1226
f 1233//1233 1239//1239 1234//1234
f 1234//1234 1239//1239 1235//1235
f 1235//1235 1239//1239 1236//1236
f 1236//1236 1239//1239 1237//1237
f 1237//1237 1239//1239 1238//1238
f 1238//1238 1239//1239 1233//1233
f 1240//1240 1246//1246 1241//1241
f 1241//1241 1246//1246 1242//1242
f 1242//1242 1246//1246 1243//1243
f 1243//1243 1246//1246 1244//1244
f 1244//1244 1246//1246 1245//1245
f 1245//1245 1246//1246 1240//1240
f 1247//1247 1253//1253 1248//1248
f 1248//1248 1253//1253 1249//1249
f 1249//1249 1253//1253 1250//1250
f 1250//1250 1253//1253 1251//1251
f 1251//1251 1253//1253 1252//1252
f 1252//1252 1253//1253 1247//1247
f 1254//1254 1260//1260 1255//1255
f 1255//1255 1260//1260 1256//1256
f 1256//1256 1260//1260 1257//1257
f 1257//1257 1260//1260 1258//1258
f 1258//1258 1260//1260 1259//1259
f 1259//1259 1260//1260 1254//1254
f 1261//1261 1267//1267 1262//1262
f 1262//1262 1267//1267 1263//1263
f 1263//1263 1267//1267 1264//1264
f 1264//1264 1267//1267 1265//1265
f 1265//1265 1267//1267 1266//1266
f 1266//1266 1267//1267 1261//1261
f 1268//1268 1274//1274 1269//1269
f 1269//1269 1274//1274 1270//1270
f 1270//1270 1274//1274 1271//1271
f 1271//1271 1274//1274 1272//1272
f 1272//1272 1274//1274 1273//1273
f 1273//1273 1274//1274 1268//1268
f 1275//1275 1281//1281 1276//1276
f 1276//1276 1281//1281 1277//1277
f 1277//1277 1281//1281 1278//1278
f 1278//1278 1281//1281 1279//1279
f 1279//1279 1281//1281 1280//1280
f 1280//1280 1281//1281 1275//1275
f 1282//1282 1288//1288 1283//1283
f 1283//1283 1288//1288 1284//1284
f 1284//1284 1288//1288 1285//1285
f 1285//1285 1288//1288 1286//1286
f 1286//1286 1288//1288 1287//1287
f 1287//1287 1288//1288 1282//1282
f 1289//1289 1295//1295 1290//1290
f 1290//1290 1295//1295 1291//1291
f 1291//1291 1295//1295 1292//1292
f 1292//1292 1295//1295 1293//1293
f 1293//1293 1295//1295 1294//1294
f 1294//1294 1295//1295 1289//1289
f 1296//1296 1302//1302 1297//1297
f 1297//1297 1302//1302 1298//1298
f 1298//1298 1302//1302 1299//1299
f 1299//1299 1302//1302 1300//1300
f 1300//1300 1302//1302 1301//1301
f 1301//1301 1302//1302 1296//1296
f 1303//1303 1309//1309 1304//1304
f 1304//1304 1309//1309 1305//1305
f 1305//1305 1309//1309 1306//1306
f 1306//1306 1309//1309 1307//1307
f 1307//1307 1309//1309 1308//1308
f 1308//1308 1309//1309 1303//1303
f 1310//1310 1316//1316 1311//1311
f 1311//1311 1316//1316 1312//1312
f 1312//1312 1316//1316 1313//1313
f 1313//1313 1316//1316 1314//1314
f 1314//1314 1316//1316 1315//1315
f 1315//1315 1316//1316 1310//1310
f 1317//1317 1323//1323 1318//1318
f 1318//1318 1323//1323 1319//1319
f 1319//1319 1323//1323 1320//1320
f 1320//1320 1323//1323 1321//1321
f 1321//1321 1323//1323 1322//1322
f 1322//1322 1323//1323 1317//1317
f 1324//1324 1330//1330 1325//1325
f 1325//1325 1330//1330 1326//1326
f 1326//1326 1330//1330 1327//1327
f 1327//1327 1330//1330 1328//1328
f 1328//1328 1330//1330 1329//1329
f 1329//1329 1330//1330 1324//1324
f 1331//1331 1337//1337 1332//1332
f 1332//1332 1337//1337 1333//1333
f 1333//1333 1337//1337 1334//1334
f 1334//1334 1337//1337 1335//1335
f 1335//1335 1337//1337 1336//1336
f 1336//1336 1337//1337 1331//1331
f 1338//1338 1344//1344 1339//1339
f 1339//1339 1344//1344 1340//1340
f 1340//1340 1344//1344 1341//1341
f 1341//1341 1344//1344 1342//1342
f 1342//1342 1344//1344 1343//1343
f 1343//1343 1344//1344 1338//1338
f 1345//1345 1351//1351 1346//1346
f 1346//1346 1351//1351 1347//1347
f 1347//1347 1351//1351 1348//1348
f 1348//1348 1351//1351 1349//1349
f 1349//1349 1351//1351 1350//1350
f 1350//1350 1351//1351 1345//1345
f 1352//1352 1358//1358 1353//1353
f 1353//1353 1358//1358 1354//1354
f 1354//1354 1358//1358 1355//1355
f 1355//1355 1358//1358 1356//1356
f 1356//1356 1358//1358 1357//1357
f 1357//1357 1358//1358 1352//1352
f 1359//1359 1365//1365 1360//1360
f 1360//1360 1365//1365 1361//1361
f 1361//1361 1365//1365 1362//1362
f 1362//1362 1365//1365 1363//1363
f 1363//1363 1365//1365 1364//1364
f 1364//1364 1365//1365 1359//1359
f 1366//1366 1372//1372 1367//1367
f 1367//1367 1372//1372 1368//1368
f 1368//1368 1372//1372 1369//1369
f 1369//1369 1372//1372 1370//1370
f 1370//1370 1372//1372 1371//1371
f 1371//1371 1372//1372 1366//1366
f 1373//1373 1379//1379 1374//1374
f 1374//1374 1379//1379 1375//1375
f 1375//1375 1379//1379 1376//1376
f 1376//1376 1379//1379 1377//1377
f 1377//1377 1379//1379 1378//1378
f 1378//1378 1379//1379 1373//1373
f 1380//1380 1386//1386 1381//1381
f 1381//1381 1386//1386 1382//1382
f 1382//1382 1386//1386 1383//1383
f 1383//1383 1386//1386 1384//1384
f 1384//1384 1386//1386 1385//1385
f 1385//1385 1386//1386 1380//1380
f 1387//1387 1393//1393 1388//1388
f 1388//1388 1393//1393 1389//1389
f 1389//1389 1393//1393 1390//1390
f 1390//1390 1393//1393 1391//1391
f 1391//1391 1393//1393 1392//1392
f 1392//1392 1393//1393 1387//1387
f 1394//1394 1400//1400 1395//1395
f 1395//1395 1400//1400 1396//1396
f 1396//1396 1400//1400 1397//1397
f 1397//1397 1400//1400 1398//1398
f 1398//1398 1400//1400 1399//1399
f 1399//1399 1400//1400 1394//1394
f 1401//1401 1407//1407 1402//1402
f 1402//1402 1407//1407 1403//1403
f 1403//1403 1407//1407 1404//1404
f 1404//1404 1407//1407 1405//1405
f 1405//1405 1407//1407 1406//1406
f 1406//1406 1407//1407 1401//1401
f 1408//1408 1414//1414 1409//1409
f 1409//1409 1414//1414 1410//1410
f 1410//1410 1414//1414 1411//1411
f 1411//1411 1414//1414 1412//1412
f 1412//1412 1414//1414 1413//1413
f 1413//1413 1414//1414 1408//1408
f 1415//1415 1421//1421 1416//1416
f 1416//1416 1421//1421 1417//1417
f 1417//1417 1421//1421 1418//1418
f 1418//1418 1421//1421 1419//1419
f 1419//1419 1421//1421 1420//1420
f 1420//1420 1421//1421 1415//1415
f 1422//1422 1428//1428 1423//1423
f 1423//1423 1428//1428 1424//1424
f 1424//1424 1428//1428 1425//1425
f 1425//1425 1428//1428 1426//1426
f 1426//1426 1428//1428 1427//1427
f 1427//1427 1428//1428 1422//1422
f 1429//1429 1435//1435 1430//1430
f 1430//1430 1435//1435 1431//1431
f 1431//1431 1435//1435 1432//1432
f 1432//1432 1435//1435 1433//1433
f 1433//1433 1435//1435 1434//1434
f 1434//1434 1435//1435 1429//1429
f 1436//1436 1442//1442 1437//1437
f 1437//1437 1442//1442 1438//1438
f 1438//1438 1442//1442 1439//1439
f 1439//1439 1442//1442 1440//1440
f 1440//1440 1442//1442 1441//1441
f 1441//1441 1442//1442 1436//1436
f 1443//1443 1449//1449 1444//1444
f 1444//1444 1449//1449 1445//1445
f 1445//1445 1449//1449 1446//1446
f 1446//1446 1449//1449 1447//1447
f 1447//1447 1449//1449 1448//1448
f 1448//1448 1449//1449 1443//1443
f 1450//1450 1456//1456 1451//1451
f 1451//1451 1456//1456 1452//1452
f 1452//1452 1456//1456 1453//1453
f 1453//1453 1456//1456 1454//1454
f 1454//1454 1456//1456 1455//1455
f 1455//1455 1456//1456 1450//1450
f 1457//1457 1463//1463 1458//1458
f 1458//1458 1463//1463 1459//1459
f 1459//1459 1463//1463 1460//1460
f 1460//1460 1463//1463 1461//1461
f 1461//1461 1463//1463 1462//1462
f 1462//1462 1463//1463 1457//1457
f 1464//1464 1470//1470 1465//1465
f 1465//1465 1470//1470 1466//1466
f 1466//1466 1470//1470 1467//1467
f 1467//1467 1470//1470 1468//1468
f 1468//1468 1470//1470 1469//1469
f 1469//1469 1470//1470 1464//1464
f 1471//1471 1477//1477 1472//1472
f 1472//1472 1477//1477 1473//1473
f 1473//1473 1477//1477 1474//1474
f 1474//1474 1477//1477 1475//1475
f 1475//1475 1477//1477 1476//1476
f 1476//1476 1477//1477 1471//1471
f 1478//1478 1484//1484 1479//1479
f 1479//1479 1484//1484 1480//1480
f 1480//1480 1484//1484 1481//1481
f 1481//1481 1484//1484 1482//1482
f 1482//1482 1484//1484 1483//1483
f 1483//1483 1484//1484 1478//1478
f 1485//1485 1491//1491 1486//1486
f 1486//1486 1491//1491 1487//1487
f 1487//1487 1491//1491 1488//1488
f 1488//1488 1491//1491 1489//1489
f 1489//1489 1491//1491 1490//1490
f 1490//1490 1491//1491 1485//1485
f 1492//1492 1498//1498 1493//1493
f 1493//1493 1498//1498 1494//1494
f 1494//1494 1498//1498 1495//1495
f 1495//1495 1498//1498 1496//1496
f 1496//1496 1498//1498 1497//1497
f 1497//1497 1498//1498 1492//1492
f 1499//1499 1505//1505 1500//1500
f 1500//1500 1505//1505 1501//1501
f 1501//1501 1505//1505 1502//1502
f 1502//1502 1505//1505 1503//1503
f 1503//1503 1505//1505 1504//1504
f 1504//1504 1505//1505 1499//1499
f 1506//1506 1512//1512 1507//1507
f 1507//1507 1512//1512 1508//1508
f 1508//1508 1512//1512 1509//1509
f 1509//1509 1512//1512 1510//1510
f 1510//1510 1512//1512 1511//1511
f 1511//1511 1512//1512 1506//1506
f 1513//1513 1519//1519 1514//1514
f 1514//1514 1519//1519 1515//1515
f 1515//1515 1519//1519 1516//1516
f 1516//1516 1519//1519 1517//1517
f 1517//1517 1519//1519 1518//1518
f 1518//1518 1519//1519 1513//1513
f 1520//1520 1526//1526 1521//1521
f 1521//1521 1526//1526 1522//1522
f 1522//1522 1526//1526 1523//1523
f 1523//1523 1526//1526 1524//1524
f 1524//1524 1526//1526 1525//1525
f 1525//1525 1526//1526 1520//1520
f 1527//1527 1533//1533 1528//1528
f 1528//1528 1533//1533 1529//1529
f 1529//1529 1533//1533 1530//1530
f 1530//1530 1533//1533 1531//1531
f 1531//1531 1533//1533 1532//1532
f 1532//1532 1533//1533 1527//1527
f 1534//1534 1540//1540 1535//1535
f 1535//1535 1540//1540 1536//1536
f 1536//1536 1540//1540 1537//1537
f 1537//1537 1540//1540 1538//1538
f 1538//1538 1540//1540 1539//1539
f 1539//1539 1540//1540 1534//1534
f 1541//1541 1547//1547 1542//1542
f 1542//1542 1547//1547 1543//1543
f 1543//1543 1547//1547 1544//1544
f 1544//1544 1547//1547 1545//1545
f 1545//1545 1547//1547 1546//1546
f 1546//1546 1547//1547 1541//1541
f 1548//1548 1554//1554 1549//1549
f 1549//1549 1554//1554 1550//1550
f 1550//1550 1554//1554 1551//1551
f 1551//1551 1554//1554 1552//1552
f 1552//1552 1554//1554 1553//1553
f 1553//1553 1554//1554 1548//1548
f 1555//1555 1561//1561 1556//1556
f 1556//1556 1561//1561 1557//1557
f 1557//1557 1561//1561 1558//1558
f 1558//1558 1561//1561 1559//1559
f 1559//1559 1561//1561 1560//1560
f 1560//1560 1561//1561 1555//1555
f 1562//1562 1568//1568 1563//1563
f 1563//1563 1568//1568 1564//1564
f 1564//1564 1568//1568 1565//1565
f 1565//1565 1568//1568 1566//1566
f 1566//1566 1568//1568 1567//1567
f 1567//1567 1568//1568 1562//1562
f 1569//1569 1575//1575 1570//1570
f 1570//1570 1575//1575 1571//1571
f 1571//1571 1575//1575 1572//1572
f 1572//1572 1575//1575 1573//1573
f 1573//1573 1575//1575 1574//1574
f 1574//1574 1575//1575 1569//1569
f 1576//1576 1582//1582 1577//1577
f 1577//1577 1582//1582 1578//1578
f 1578//1578 1582//1582 1579//1579
f 1579//1579 1582//1582 1580//1580
f 1580//1580 1582//1582 1581//1581
f 1581//1581 1582//1582 1576//1576
f 1583//1583 1589//1589 1584//1584
f 1584//1584 1589//1589 1585//1585
f 1585//1585 1589//1589 1586//1586
f 1586//1586 1589//1589 1587//1587
f 1587//1587 1589//1589 1588//1588
f 1588//1588 1589//1589 1583//1583
f 1590//1590 1596//1596 1591//1591
f 1591//1591 1596//1596 1592//1592
f 1592//1592 1596//1596 1593//1593
f 1593//1593 1596//1596 1594//1594
f 1594//1594 1596//1596 1595//1595
f 1595//1595 1596//1596 1590//1590
f 1597//1597 1603//1603 1598//1598
f 1598//1598 1603//1603 1599//1599
f 1599//1599 1603//1603 1600//1600
f 1600//1600 1603//1603 1601//1601
f 1601//1601 1603//1603 1602//1602
f 1602//1602 1603//1603 1597//1597
f 1604//1604 1610//1610 1605//1605
f 1605//1605 1610//1610 1606//1606
f 1606//1606 1610//1610 1607//1607
f 1607//1607 1610//1610 1608//1608
f 1608//1608 1610//1610 1609//1609
f 1609//1609 1610//1610 1604//1604
f 1611//1611 1617//1617 1612//1612
f 1612//1612 1617//1617 1613//1613
f 1613//1613 1617//1617 1614//1614
f 1614//1614 1617//1617 1615//1615
f 1615//1615 1617//1617 1616//1616
f 1616//1616 1617//1617 1611//1611
f 1618//1618 1624//1624 1619//1619
f 1619//1619 1624//1624 1620//1620
f 1620//1620 1624//1624 1621//1621
f 1621//1621 1624//1624 1622//1622
f 1622//1622 1624//1624 1623//1623
f 1623//1623 1624//1624 1618//1618
f 1625//1625 1631//1631 1626//1626
f 1626//1626 1631//1631 1627//1627
f 1627//1627 1631//1631 1628//1628
f 1628//1628 1631//1631 1629//1629
f 1629//1629 1631//1631 1630//1630
f 1630//1630 1631//1631 1625//1625
f 1632//1632 1638//1638 1633//1633
f 1633//1633 1638//1638 1634//1634
f 1634//1634 1638//1638 1635//1635
f 1635//1635 1638//1638 1636//1636
f 1636//1636 1638//1638 1637//1637
f 1637//1637 1638//1638 1632//1632
f 1639//1639 1645//1645 1640//1640
f 1640//1640 1645//1645 1641//1641
f 1641//1641 1645//1645 1642//1642
f 1642//1642 1645//1645 1643//1643
f 1643//1643 1645//1645 1644//1644
f 1644//1644 1645//1645 1639//1639
f 1646//1646 1652//1652 1647//1647
f 1647//1647 1652//1652 1648//1648
f 1648//1648 1652//1652 1649//1649
f 1649//1649 1652//1652 1650//1650
f 1650//1650 1652//1652 1651//1651
f 1651//1651 1652//1652 1646//1646
f 1653//1653 1659//1659 1654//1654
f 1654//1654 1659//1659 1655//1655
f 1655//1655 1659//1659 1656//1656
f 1656//1656 1659//1659 1657//1657
f 1657//1657 1659//1659 1658//1658
f 1658//1658 1659//1659 1653//1653
f 1660//1660 1666//1666 1661//1661
f 1661//1661 1666//1666 1662//1662
f 1662//1662 1666//1666 1663//1663
f 1663//1663 1666//1666 1664//1664
f 1664//1664 1666//1666 1665//1665
f 1665//1665 1666//1666 1660//1660
f 1667//1667 1673//1673 1668//1668
f 1668//1668 1673//1673 1669//1669
f 1669//1669 1673//1673 1670//1670
f 1670//1670 1673//1673 1671//1671
f 1671//1671 1673//1673 1672//1672
f 1672//1672 1673//1673 1667//1667
f 1674//1674 1680//1680 1675//1675
f 1675//1675 1680//1680 1676//1676
f 1676//1676 1680//1680 1677//1677
f 1677//1677 1680//1680 1678//1678
f 1678//1678 1680//1680 1679//1679
f 1679//1679 1680//1680 1674//1674
f 1681//1681 1687//1687 1682//1682
f 1682//1682 1687//1687 1683//1683
f 1683//1683 1687//1687 1684//1684
f 1684//1684 1687//1687 1685//1685
f 1685//1685 1687//1687 1686//1686
f 1686//1686 1687//1687 1681//1681
f 1688//1688 1694//1694 1689//1689
f 1689//1689 1694//1694 1690//1690
f 1690//1690 1694//1694 1691//1691
f 1691//1691 1694//1694 1692//1692
f 1692//1692 1694//1694 1693//1693
f 1693//1693 1694//1694 1688//1688
f 1695//1695 1701//1701 1696//1696
f 1696//1696 1701//1701 1697//1697
f 1697//1697 1701//1701 1698//1698
f 1698//1698 1701//1701 1699//1699
f 1699//1699 1701//1701 1700//1700
f 1700//1700 1701//1701 1695//1695
f 1702//1702 1708//1708 1703//1703
f 1703//1703 1708//1708 1704//1704
f 1704//1704 1708//1708 1705//1705
f 1705//1705 1708//1708 1706//1706
f 1706//1706 1708//1708 1707//1707
f 1707//1707 1708//1708 1702//1702
f 1709//1709 1715//1715 1710//1710
f 1710//1710 1715//1715 1711//1711
f 1711//1711 1715//1715 1712//1712
f 1712//1712 1715//1715 1713//1713
f 1713//1713 1715//1715 1714//1714
f 1714//1714 1715//1715 1709//1709
f 1716//1716 1722//1722 1717//1717
f 1717//1717 1722//1722 1718//1718
f 1718//1718 1722//1722 1719//1719
f 1719//1719 1722//1722 1720//1720
f 1720//1720 1722//1722 1721//1721
f 1721//1721 1722//1722 1716//1716
f 1723//1723 1729//1729 1724//1724
f 1724//1724 1729//1729 1725//1725
f 1725//1725 1729//1729 1726//1726
f 1726//1726 1729//1729 1727//1727
f 1727//1727 1729//1729 1728//1728
f 1728//1728 1729//1729 1723//1723
f 1730//1730 1736//1736 1731//1731
f 1731//1731 1736//1736 1732//1732
f 1732//1732 1736//1736 1733//1733
f 1733//1733 1736//1736 1734//1734
f 1734//1734 1736//1736 1735//1735
f 1735//1735 1736//1736 1730//1730
f 1737//1737 1743//1743 1738//1738
f 1738//1738 1743//1743 1739//1739
f 1739//1739 1743//1743 1740//1740
f 1740//1740 1743//1743 1741//1741
f 1741//1741 1743//1743 1742//1742
f 1742//1742 1743//1743 1737//1737
f 1744//1744 1750//1750 1745//1745
f 1745//1745 1750//1750 1746//1746
f 1746//1746 1750//1750 1747//1747
f 1747//1747 1750//1750 1748//1748
f 1748//1748 1750//1750 1749//1749
f 1749//1749 1750//1750 1744//1744
f 1751//1751 1757//1757 1752//1752
f 1752//1752 1757//1757 1753//1753
f 1753//1753 1757//1757 1754//1754
f 1754//1754 1757//1757 1755//1755
f 1755//1755 1757//1757 1756//1756
f 1756//1756 1757//1757 1751//1751
f 1758//1758 1764//1764 1759//1759
f 1759//1759 1764//1764 1760//1760
f 1760//1760 1764//1764 1761//1761
f 1761//1761 1764//1764 1762//1762
f 1762//1762 1764//1764 1763//1763
f 1763//1763 1764//1764 1758//1758
f 1765//1765 1771//1771 1766//1766
f 1766//1766 1771//1771 1767//1767
f 1767//1767 1771//1771 1768//1768
f 1768//1768 1771//1771 1769//1769
f 1769//1769 1771//1771 1770//1770
f 1770//1770 1771//1771 1765//1765
f 1772//1772 1778//1778 1773//1773
f 1773//1773 1778//1778 1774//1774
f 1774//1774 1778//1778 1775//1775
f 1775//1775 1778//1778 1776//1776
f 1776//1776 1778//1778 1777//1777
f 1777//1777 1778//1778 1772//1772
f 1779//1779 1785//1785 1780//1780
f 1780//1780 1785//1785 1781//1781
f 1781//1781 1785//1785 1782//1782
f 1782//1782 1785//1785 1783//1783
f 1783//1783 1785//1785 1784//1784
f 1784//1784 1785//1785 1779//1779
f 1786//1786 1792//1792 1787//1787
f 1787//1787 1792//1792 1788//1788
f 1788//1788 1792//1792 1789//1789
f 1789//1789 1792//1792 1790//1790
f 1790//1790 1792//1792 1791//1791
f 1791//1791 1792//1792 1786//1786
f 1793//1793 1799//1799 1794//1794
f 1794//1794 1799//1799 1795//1795
f 1795//1795 1799//1799 1796//1796
f 1796//1796 1799//1799 1797//1797
f 1797//1797 1799//1799 1798//1798
f 1798//1798 1799//1799 1793//1793
f 1800//1800 1806//1806 1801//1801
f 1801//1801 1806//1806 1802//1802
f 1802//1802 1806//1806 1803//1803
f 1803//1803 1806//1806 1804//1804
f 1804//1804 1806//1806 1805//1805
f 1805//1805 1806//1806 1800//1800
f 1807//1807 1813//1813 1808//1808
f 1808//1808 1813//1813 1809//1809
f 1809//1809 1813//1813 1810//1810
f 1810//1810 1813//1813 1811//1811
f 1811//1811 1813//1813 1812//1812
f 1812//1812 1813//1813 1807//1807
f 1814//1814 1820//1820 1815//1815
f 1815//1815 1820//1820 1816//1816
f 1816//1816 1820//1820 1817//1817
f 1817//1817 1820//1820 1818//1818
f 1818//1818 1820//1820 1819//1819
f 1819//1819 1820//1820 1814//1814
f 1821//1821 1827//1827 1822//1822
f 1822//1822 1827//1827 1823//1823
f 1823//1823 1827//1827 1824//1824
f 1824//1824 1827//1827 1825//1825
f 1825//1825 1827//1827 1826//1826
f 1826//1826 1827//1827 1821//1821
f 1828//1828 1834//1834 1829//1829
f 1829//1829 1834//1834 1830//1830
f 1830//1830 1834//1834 1831//1831
f 1831//1831 1834//1834 1832//1832
f 1832//1832 1834//1834 1833//1833
f 1833//1833 1834//1834 1828//1828
f 1835//1835 1841//1841 1836//1836
f 1836//1836 1841//1841 1837//1837
f 1837//1837 1841//1841 1838//1838
f 1838//1838 1841//1841 1839//1839
f 1839//1839 1841//1841 1840//1840
f 1840//1840 1841//1841 1835//1835
f 1842//1842 1848//1848 1843//1843
f 1843//1843 1848//1848 1844//1844
f 1844//1844 1848//1848 1845//1845
f 1845//1845 1848//1848 1846//1846
f 1846//1846 1848//1848 1847//1847
f 1847//1847 1848//1848 1842//1842
f 1849//1849 1855//1855 1850//1850
f 1850//1850 1855//1855 1851//1851
f 1851//1851 1855//1855 1852//1852
f 1852//1852 1855//1855 1853//1853
f 1853//1853 1855//1855 1854//1854
f 1854//1854 1855//1855 1849//1849
f 1856//1856 1862//1862 1857//1857
f 1857//1857 1862//1862 1858//1858
f 1858//1858 1862//1862 1859//1859
f 1859//1859 1862//1862 1860//1860
f 1860//1860 1862//1862 1861//1861
f 1861//1861 1862//1862 1856//1856
f 1863//1863 1869//1869 1864//1864
f 1864//1864 1869//1869 1865//1865
f 1865//1865 1869//1869 1866//1866
f 1866//1866 1869//1869 1867//1867
f 1867//1867 1869//1869 1868//1868
f 1868//1868 1869//1869 1863//1863
f 1870//1870 1876//1876 1871//1871
f 1871//1871 1876//1876 1872//1872
f 1872//1872 1876//1876 1873//1873
f 1873//1873 1876//1876 1874//1874
f 1874//1874 1876//1876 1875//1875
f 1875//1875 1876//1876 1870//1870
f 1877//1877 1883//1883 1878//1878
f 1878//1878 1883//1883 1879//1879
f 1879//1879 1883//1883 1880//1880
f 1880//1880 1883//1883 1881//1881
f 1881//1881 1883//1883 1882//1882
f 1882//1882 1883//1883 1877//1877
f 1884//1884 1890//1890 1885//1885
f 1885//1885 1890//1890 1886//1886
f 1886//1886 1890//1890 1887//1887
f 1887//1887 1890//1890 1888//1888
f 1888//1888 1890//1890 1889//1889
f 1889//1889 1890//1890 1884//1884
f 1891//1891 1897//1897 1892//1892
f 1892//1892 1897//1897 1893//1893
f 1893//1893 1897//1897 1894//1894
f 1894//1894 1897//1897 1895//1895
f 1895//1895 1897//1897 1896//1896
f 1896//1896 1897//1897 1891//1891
f 1898//1898 1904//1904 1899//1899
f 1899//1899 1904//1904 1900//1900
f 1900//1900 1904//1904 1901//1901
f 1901//1901 1904//1904 1902//1902
f 1902//1902 1904//1904 1903//1903
f 1903//1903 1904//1904 1898//1898
f 1905//1905 1911//1911 1906//1906
f 1906//1906 1911//1911 1907//1907
f 1907//1907 1911//1911 1908//1908
f 1908//1908 1911//1911 1909//1909
f 1909//1909 1911//1911 1910//1910
f 1910//1910 1911//1911 1905//1905
f 1912//1912 1918//1918 1913//1913
f 1913//1913 1918//1918 1914//1914
f 1914//1914 1918//1918 1915//1915
f 1915//1915 1918//1918 1916//1916
f 1916//1916 1918//1918 1917//1917
f 1917//1917 1918//1918 1912//1912
f 1919//1919 1925//1925 1920//1920
f 1920//1920 1925//1925 1921//1921
f 1921//1921 1925//1925 1922//1922
f 1922//1922 1925//1925 1923//1923
f 1923//1923 1925//1925 1924//1924
f 1924//1924 1925//1925 1919//1919
f 1926//1926 1932//1932 1927//1927
f 1927//1927 1932//1932 1928//1928
f 1928//1928 1932//1932 1929//1929
f 1929//1929 1932//1932 1930//1930
f 1930//1930 1932//1932 1931//1931
f 1931//1931 1932//1932 1926//1926
f 1933//1933 1939//1939 1934//1934
f 1934//1934 1939//1939 1935//1935
f 1935//1935 1939//1939 1936//1936
f 1936//1936 1939//1939 1937//1937
f 1937//1937 1939//1939 1938//1938
f 1938//1938 1939//1939 1933//1933
f 1940//1940 1946//1946 1941//1941
f 1941//1941 1946//1946 1942//1942
f 1942//1942 1946//1946 1943//1943
f 1943//1943 1946//1946 1944//1944
f 1944//1944 1946//1946 1945//1945
f 1945//1945 1946//1946 1940//1940
f 1947//1947 1953//1953 1948//1948
f 1948//1948 1953//1953 1949//1949
f 1949//1949 1953//1953 1950//1950
f 1950//1950 1953//1953 1951//1951
f 1951//1951 1953//1953 1952//1952
f 1952//1952 1953//1953 1947//1947
f 1954//1954 1960//1960 1955//1955
f 1955//1955 1960//1960 1956//1956
f 1956//1956 1960//1960 1957//1957
f 1957//1957 1960//1960 1958//1958
f 1958//1958 1960//1960 1959//1959
f 1959//1959 1960//1960 1954//1954
f 1961//1961 1967//1967 1962//1962
f 1962//1962 1967//1967 1963//1963
f 1963//1963 1967//1967 1964//1964
f 1964//1964 1967//1967 1965//1965
f 1965//1965 1967//1967 1966//1966
f 1966//1966 1967//1967 1961//1961
f 1968//1968 1974//1974 1969//1969
f 1969//1969 1974//1974 1970//1970
f 1970//1970 1974//1974 1971//1971
f 1971//1971 1974//1974 1972//1972
f 1972//1972 1974//1974 1973//1973
f 1973//1973 1974//1974 1968//1968
f 1975//1975 1981//1981 1976//1976
f 1976//1976 1981//1981 1977//1977
f 1977//1977 1981//1981 1978//1978
f 1978//1978 1981//1981 1979//1979
f 1979//1979 1981//1981 1980//1980
f 1980//1980 1981//1981 1975//1975
f 1982//1982 1988//1988 1983//1983
f 1983//1983 1988//1988 1984//1984
f 1984//1984 1988//1988 1985//1985
f 1985//1985 1988//1988 1986//1986
f 1986//1986 1988//1988 1987//1987
f 1987//1987 1988//1988 1982//1982
f 1989//1989 1995//1995 1990//1990
f 1990//1990 1995//1995 1991//1991
f 1991//1991 1995//1995 1992//1992
f 1992//1992 1995//1995 1993//1993
f 1993//1993 1995//1995 1994//1994
f 1994//1994 1995//1995 1989//1989
f 1996//1996 2002//2002 1997//1997
f 1997//1997 2002//2002 1998//1998
f 1998//1998 2002//2002 1999//1999
f 1999//1999 2002//2002 2000//2000
f 2000//2000 2002//2002 2001//2001
f 2001//2001 2002//2002 1996//1996
f 2003//2003 2009//2009 2004//2004
f 2004//2004 2009//2009 2005//2005
f 2005//2005 2009//2009 2006//2006
f 2006//2006 2009//2009 2007//2007
f 2007//2007 2009//2009 2008//2008
f 2008//2008 2009//2009 2003//2003
f 2010//2010 2016//2016 2011//2011
f 2011//2011 2016//2016 2012//2012
f 2012//2012 2016//2016 2013//2013
f 2013//2013 2016//2016 2014//2014
f 2014//2014 2016//2016 2015//2015
f 2015//2015 2016//2016 2010//2010
f 2017//2017 2023//2023 2018//2018
f 2018//2018 2023//2023 2019//2019
f 2019//2019 2023//2023 2020//2020
f 2020//2020 2023//2023 2021//2021
f 2021//2021 2023//2023 2022//2022
f 2022//2022 2023//2023 2017//2017
f 2024//2024 2030//2030 2025//2025
f 2025//2025 2030//2030 2026//2026
f 2026//2026 2030//2030 2027//2027
f 2027//2027 2030//2030 2028//2028
f 2028//2028 2030//2030 2029//2029
f 2029//2029 2030//2030 2024//2024
f 2031//2031 2037//2037 2032//2032
f 2032//2032 2037//2037 2033//2033
f 2033//2033 2037//2037 2034//2034
f 2034//2034 2037//2037 2035//2035
f 2035//2035 2037//2037 2036//2036
f 2036//2036 2037//2037 2031//2031
f 2038//2038 2044//2044 2039//2039
f 2039//2039 2044//2044 2040//2040
f 2040//2040 2044//2044 2041//2041
f 2041//2041 2044//2044 2042//2042
f 2042//2042 2044//2044 2043//2043
f 2043//2043 2044//2044 2038//2038
f 2045//2045 2051//2051 2046//2046
f 2046//2046 2051//2051 2047//2047
f 2047//2047 2051//2051 2048//2048
f 2048//2048 2051//2051 2049//2049
f 2049//2049 2051//2051 2050//2050
f 2050//2050 2051//2051 2045//2045
f 2052//2052 2058//2058 2053//2053
f 2053//2053 2058//2058 2054//2054
f 2054//2054 2058//2058 2055//2055
f 2055//2055 2058//2058 2056//2056
f 2056//2056 2058//2058 2057//2057
f 2057//2057 2058//2058 2052//2052
f 2059//2059 2065//2065 2060//2060
f 2060//2060 2065//2065 2061//2061
f 2061//2061 2065//2065 2062//2062
f 2062//2062 2065//2065 2063//2063
f 2063//2063 2065//2065 2064//2064
f 2064//2064 2065//2065 2059//2059
f 2066//2066 2072//2072 2067//2067
f 2067//2067 2072//2072 2068//2068
f 2068//2068 2072//2072 2069//2069
f 2069//2069 2072//2072 2070//2070
f 2070//2070 2072//2072 2071//2071
f 2071//2071 2072//2072 2066//2066
f 2073//2073 2079//2079 2074//2074
f 2074//2074 2079//2079 2075//2075
f 2075//2075 2079//2079 2076//2076
f 2076//2076 2079//2079 2077//2077
f 2077//2077 2079//2079 2078//2078
f 2078//2078 2079//2079 2073//2073
f 2080//2080 2086//2086 2081//2081
f 2081//2081 2086//2086 2082//2082
f 2082//2082 2086//2086 2083//2083
f 2083//2083 2086//2086 2084//2084
f 2084//2084 2086//2086 2085//2085
f 2085//2085 2086//2086 2080//2080
f 2087//2087 2093//2093 2088//2088
f 2088//2088 2093//2093 2089//2089
f 2089//2089 2093//2093 2090//2090
f 2090//2090 2093//2093 2091//2091
f 2091//2091 2093//2093 2092//2092
f 2092//2092 2093//2093 2087//2087
f 2094//2094 2100//2100 2095//2095
f 2095//2095 2100//2100 2096//2096
f 2096//2096 2100//2100 2097//2097
f 2097//2097 2100//2100 2098//2098
f 2098//2098 2100//2100 2099//2099
f 2099//2099 2100//2100 2094//2094
f 2101//2101 2107//2107 2102//2102
f 2102//2102 2107//2107 2103//2103
f 2103//2103 2107//2107 2104//2104
f 2104//2104 2107//2107 2105//2105
f 2105//2105 2107//2107 2106//2106
f 2106//2106 2107//2107 2101//2101
f 2108//2108 2114//2114 2109//2109
f 2109//2109 2114//2114 2110//2110
f 2110//2110 2114//2114 2111//2111
f 2111//2111 2114//2114 2112//2112
f 2112//2112 2114//2114 2113//2113
f 2113//2113 2114//2114 2108//2108
f 2115//2115 2121//2121 2116//2116
f 2116//2116 2121//2121 2117//2117
f 2117//2117 2121//2121 2118//2118
f 2118//2118 2121//2121 2119//2119
f 2119//2119 2121//2121 2120//2120
f 2120//2120 2121//2121 2115//2115
f 2122//2122 2128//2128 2123//2123
f 2123//2123 2128//2128 2124//2124
f 2124//2124 2128//2128 2125//2125
f 2125//2125 2128//2128 2126//2126
f 2126//2126 2128//2128 2127//2127
f 2127//2127 2128//2128 2122//2122
f 2129//2129 2135//2135 2130//2130
f 2130//2130 2135//2135 2131//2131
f 2131//2131 2135//2135 2132//2132
f 2132//2132 2135//2135 2133//2133
f 2133//2133 2135//2135 2134//2134
f 2134//2134 2135//2135 2129//2129
f 2136//2136 2142//2142 2137//2137
f 2137//2137 2142//2142 2138//2138
f 2138//2138 2142//2142 2139//2139
f 2139//2139 2142//2142 2140//2140
f 2140//2140 2142//2142 2141//2141
f 2141//2141 2142//2142 2136//2136
f 2143//2143 2149//2149 2144//2144
f 2144//2144 2149//2149 2145//2145
f 2145//2145 2149//2149 2146//2146
f 2146//2146 2149//2149 2147//2147
f 2147//2147 2149//2149 2148//2148
f 2148//2148 2149//2149 2143//2143
f 2150//2150 2156//2156 2151//2151
f 2151//2151 2156//2156 2152//2152
f 2152//2152 2156//2156 2153//2153
f 2153//2153 2156//2156 2154//2154
f 2154//2154 2156//2156 2155//2155
f 2155//2155 2156//2156 2150//2150
f 2157//2157 2163//2163 2158//2158
f 2158//2158 2163//2163 2159//2159
f 2159//2159 2163//2163 2160//2160
f 2160//2160 2163//2163 2161//2161
f 2161//2161 2163//2163 2162//2162
f 2162//2162 2163//2163 2157//2157
f 2164//2164 2170//2170 2165//2165
f 2165//2165 2170//2170 2166//2166
f 2166//2166 2170//2170 2167//2167
f 2167//2167 2170//2170 2168//2168
f 2168//2168 2170//2170 2169//2169
f 2169//2169 2170//2170 2164//2164
f 2171//2171 2177//2177 2172//2172
f 2172//2172 2177//2177 2173//2173
f 2173//2173 2177//2177 2174//2174
f 2174//2174 2177//2177 2175//2175
f 2175//2175 2177//2177 2176//2176
f 2176//2176 2177//2177 2171//2171
f 2178//2178 2184//2184 2179//2179
f 2179//2179 2184//2184 2180//2180
f 2180//2180 2184//2184 2181//2181
f 2181//2181 2184//2184 2182//2182
f 2182//2182 2184//2184 2183//2183
f 2183//2183 2184//2184 2178//2178
f 2185//2185 2191//2191 2186//2186
f 2186//2186 2191//2191 2187//2187
f 2187//2187 2191//2191 2188//2188
f 2188//2188 2191//2191 2189//2189
f 2189//2189 2191//2191 2190//2190
f 2190//2190 2191//2191 2185//2185
f 2192//2192 2198//2198 2193//2193
f 2193//2193 2198//2198 2194//2194
f 2194//2194 2198//2198 2195//2195
f 2195//2195 2198//2198 2196//2196
f 2196//2196 2198//2198 2197//2197
f 2197//2197 2198//2198 2192//2192
f 2199//2199 2205//2205 2200//2200
f 2200//2200 2205//2205 2201//2201
f 2201//2201 2205//2205 2202//2202
f 2202//2202 2205//2205 2203//2203
f 2203//2203 2205//2205 2204//2204
f 2204//2204 2205//2205 2199//2199
f 2206//2206 2212//2212 2207//2207
f 2207//2207 2212//2212 2208//2208
f 2208//2208 2212//2212 2209//2209
f 2209//2209 2212//2212 2210//2210
f 2210//2210 2212//2212 2211//2211
f 2211//2211 2212//2212 2206//2206
f 2213//2213 2219//2219 2214//2214
f 2214//2214 2219//2219 2215//2215
f 2215//2215 2219//2219 2216//2216
f 2216//2216 2219//2219 2217//2217
f 2217//2217 2219//2219 2218//2218
f 2218//2218 2219//2219 2213//2213
f 2220//2220 2226//2226 2221//2221
f 2221//2221 2226//2226 2222//2222
f 2222//2222 2226//2226 2223//2223
f 2223//2223 2226//2226 2224//2224
f 2224//2224 2226//2226 2225//2225
f 2225//2225 2226//2226 2220//2220
f 2227//2227 2233//2233 2228//2228
f 2228//2228 2233//2233 2229//2229
f 2229//2229 2233//2233 2230//2230
f 2230//2230 2233//2233 2231//2231
f 2231//2231 2233//2233 2232//2232
f 2232//2232 2233//2233 2227//2227
f 2234//2234 2240//2240 2235//2235
f 2235//2235 2240//2240 2236//2236
f 2236//2236 2240//2240 2237//2237
f 2237//2237 2240//2240 2238//2238
f 2238//2238 2240//2240 2239//2239
f 2239//2239 2240//2240 2234//2234
f 2241//2241 2247//2247 2242//2242
f 2242//2242 2247//2247 2243//2243
f 2243//2243 2247//2247 2244//2244
f 2244//2244 2247//2247 2245//2245
f 2245//2245 2247//2247 2246//2246
f 2246//2246 2247//2247 2241//2241
f 2248//2248 2254//2254 2249//2249
f 2249//2249 2254//2254 2250//2250
f 2250//2250 2254//2254 2251//2251
f 2251//2251 2254//2254 2252//2252
f 2252//2252 2254//2254 2253//2253
f 2253//2253 2254//2254 2248//2248
f 2255//2255 2261//2261 2256//2256
f 2256//2256 2261//2261 2257//2257
f 2257//2257 2261//2261 2258//2258
f 2258//2258 2261//2261 2259//2259
f 2259//2259 2261//2261 2260//2260
f 2260//2260 2261//2261 2255//2255
f 2262//2262 2268//2268 2263//2263
f 2263//2263 2268//2268 2264//2264
f 2264//2264 2268//2268 2265//2265
f 2265//2265 2268//2268 2266//2266
f 2266//2266 2268//2268 2267//2267
f 2267//2267 2268//2268 2262//2262
f 2269//2269 2275//2275 2270//2270
f 2270//2270 2275//2275 2271//2271
f 2271//2271 2275//2275 2272//2272
f 2272//2272 2275//2275 2273//2273
f 2273//2273 2275//2275 2274//2274
f 2274//2274 2275//2275 2269//2269
f 2276//2276 2282//2282 2277//2277
f 2277//2277 2282//2282 2278//2278
f 2278//2278 2282//2282 2279//2279
f 2279//2279 2282//2282 2280//2280
f 2280//2280 2282//2282 2281//2281
f 2281//2281 2282//2282 2276//2276
f 2283//2283 2289//2289 2284//2284
f 2284//2284 2289//2289 2285//2285
f 2285//2285 2289//2289 2286//2286
f 2286//2286 2289//2289 2287//2287
f 2287//2287 2289//2289 2288//2288
f 2288//2288 2289//2289 2283//2283
