# https://github.com/mikedh/trimesh
mtllib SilencedPistol.mtl
usemtl Scene_-_Root
v -4.17650604 25.39909172 -22.02699852
v -2.63790989 25.39909172 -22.02699852
v -2.41694188 27.04022789 -22.71392250
v -4.39747381 27.04022789 -22.71392250
v -2.41694188 26.17558479 -23.56337929
v -4.39747381 26.17558479 -23.56337929
v -2.63790989 24.72738647 -22.68690681
v -4.17650604 24.72738647 -22.68690681
v -2.63790989 25.39909172 -22.02699852
v -2.63790989 24.72738647 -22.68690681
v -4.17650604 24.72738647 -22.68690681
v -4.17650604 25.39909172 -22.02699852
v -2.78662610 23.72815323 -21.34322929
v -4.02778912 23.72815323 -21.34322929
v -2.78662610 24.40966606 -21.00777626
v -2.78662610 23.72815323 -21.34322929
v -4.02778912 24.40966606 -21.00777626
v -2.78662610 24.40966606 -21.00777626
v -4.02778912 23.72815323 -21.34322929
v -4.02778912 24.40966606 -21.00777626
v -2.95580697 23.60109520 -19.67402267
v -3.85860801 23.60109520 -19.67402267
v -2.95580697 24.13656044 -19.53780556
v -2.95580697 23.60109520 -19.67402267
v -3.85860801 24.13656044 -19.53780556
v -2.95580697 24.13656044 -19.53780556
v -3.85860801 23.60109520 -19.67402267
v -3.85860801 24.13656044 -19.53780556
v -3.85860801 23.60109520 -19.67402267
v -2.95580697 23.60109520 -19.67402267
v -2.95580697 24.13656044 -19.53780556
v -3.85860801 24.13656044 -19.53780556
v 1.38667703 55.40828323 -5.63130617
v 0.49788800 56.76639557 -7.01369715
v 0.49788800 84.78016663 20.50808334
v 1.38667703 83.42205048 21.89047241
v -1.14370799 57.71974945 -7.98410177
v -1.14370799 85.73352051 19.53767967
v -3.21297312 58.07953262 -8.35031891
v -3.21297312 86.09330750 19.17146492
v -3.39297295 51.36613464 -1.51690602
v -1.30588305 51.67118835 -1.82740998
v -1.30588305 79.68495941 25.69437027
v -3.39297295 79.37990570 26.00487709
v 0.38565999 52.58066177 -2.75313497
v 0.38565999 80.59442902 24.76864433
v 1.34662294 53.91441345 -4.11073112
v 1.34662294 81.92818451 23.41104698
v -3.21297312 58.07953262 -8.35031891
v -5.30006218 57.77447891 -8.03981686
v -5.30006218 85.78825378 19.48196983
v -3.21297312 86.09330750 19.17146492
v -6.99160480 56.86500931 -7.11409092
v -6.99160480 84.87878418 20.40769768
v -7.95256901 55.53125381 -5.75649405
v -7.95256901 83.54502106 21.76528168
v -7.99262190 54.03738403 -4.23591900
v -7.99262190 82.05116272 23.28586769
v -7.10383415 52.67927170 -2.85352707
v -7.10383415 80.69304657 24.66825867
v -5.46223783 51.72591782 -1.88312197
v -5.46223783 79.73969269 25.63866234
v -3.39297295 51.36613464 -1.51690602
v -3.39297295 79.37990570 26.00487709
v -1.45329106 56.81311417 -4.86934185
v -1.02076304 56.15219116 -4.19660521
v -3.30297303 55.81861877 -3.85707498
v -2.25217009 57.27706146 -5.34158897
v -3.25917411 57.45214844 -5.51980686
v -4.27485180 57.30369568 -5.36870384
v -5.09804010 56.86110306 -4.91820002
v -5.56569004 56.21203232 -4.25752687
v -5.58518314 55.48504257 -3.51754189
v -5.15265512 54.82412338 -2.84480500
v -4.35377598 54.36017227 -2.37255812
v -3.34677100 54.18508911 -2.19433999
v -2.33109307 54.33354187 -2.34544396
v -1.50790596 54.77613068 -2.79594707
v -1.04025602 55.42520523 -3.45661902
v -1.36689103 77.55622864 16.93272018
v -1.73381996 78.11691284 16.36201286
v -3.30297303 77.27324677 17.22075844
v -2.41153908 78.51049805 15.96139145
v -3.26581693 78.65902710 15.81020260
v -4.12745380 78.53308868 15.93838692
v -4.82579422 78.15762329 16.32056618
v -5.22251797 77.60699463 16.88103867
v -5.23905516 76.99026489 17.50879669
v -4.87212706 76.42958069 18.07950401
v -4.19440699 76.03599548 18.48012733
v -3.34012890 75.88745880 18.63131523
v -2.47849202 76.01339722 18.50312614
v -1.78015196 76.38886261 18.12095070
v -1.38342702 76.93949127 17.56047630
v -1.36689103 84.55821991 23.81174469
v -1.73381996 85.11891174 23.24103737
v -2.41153908 85.51249695 22.84041595
v -3.26581693 85.66102600 22.68922806
v -4.12745380 85.53508759 22.81741524
v -4.82579422 85.15962219 23.19959450
v -5.22251797 84.60899353 23.76006508
v -5.23905516 83.99226379 24.38782310
v -4.87212706 83.43157959 24.95853043
v -4.19440699 83.03799438 25.35915375
v -3.34012890 82.88945770 25.51034164
v -2.47849202 83.01539612 25.38215256
v -1.78015196 83.39086151 24.99997520
v -1.38342702 83.94149017 24.43950272
v 1.38667703 83.42205048 21.89047241
v 0.49788800 84.78016663 20.50808334
v -0.14813200 85.97146606 22.37324142
v 0.58959198 84.84418488 23.52067184
v -1.14370799 85.73352051 19.53767967
v -1.51071203 86.76277924 21.56777763
v -3.21297312 86.09330750 19.17146492
v -3.22827005 87.06141663 21.26380730
v -3.39297295 79.37990570 26.00487709
v -1.30588305 79.68495941 25.69437027
v -1.64532197 81.74227142 26.67803192
v -3.37767601 81.48907471 26.93576241
v 0.38565999 80.59442902 24.76864433
v -0.24128599 82.49716187 25.90964890
v 1.34662294 81.92818451 23.41104698
v 0.55634499 83.60422516 24.78280067
v -3.21297312 86.09330750 19.17146492
v -5.30006218 85.78825378 19.48196983
v -4.96062279 86.80821228 21.52153397
v -3.22827005 87.06141663 21.26380730
v -6.99160480 84.87878418 20.40769768
v -6.36465883 86.05332184 22.28992081
v -7.95256901 83.54502106 21.76528168
v -7.16229105 84.94626617 23.41676712
v -7.99262190 82.05116272 23.28586769
v -7.19553709 83.70629883 24.67889786
v -7.10383415 80.69304657 24.66825867
v -6.45781422 82.57902527 25.82632828
v -5.46223783 79.73969269 25.63866234
v -5.09523487 81.78770447 26.63179207
v -3.39297295 79.37990570 26.00487709
v -3.37767601 81.48907471 26.93576241
v 0.58959198 84.84418488 23.52067184
v -0.14813200 85.97146606 22.37324142
v -1.73381996 85.11891174 23.24103737
v -1.36689103 84.55821991 23.81174469
v -1.51071203 86.76277924 21.56777763
v -2.41153908 85.51249695 22.84041595
v -3.22827005 87.06141663 21.26380730
v -3.26581693 85.66102600 22.68922806
v -3.37767601 81.48907471 26.93576241
v -1.64532197 81.74227142 26.67803192
v -2.47849202 83.01539612 25.38215256
v -3.34012890 82.88945770 25.51034164
v -0.24128599 82.49716187 25.90964890
v -1.78015196 83.39086151 24.99997520
v 0.55634499 83.60422516 24.78280067
v -1.38342702 83.94149017 24.43950272
v -3.22827005 87.06141663 21.26380730
v -4.96062279 86.80821228 21.52153397
v -4.12745380 85.53508759 22.81741524
v -3.26581693 85.66102600 22.68922806
v -6.36465883 86.05332184 22.28992081
v -4.82579422 85.15962219 23.19959450
v -7.16229105 84.94626617 23.41676712
v -5.22251797 84.60899353 23.76006508
v -7.19553709 83.70629883 24.67889786
v -5.23905516 83.99226379 24.38782310
v -6.45781422 82.57902527 25.82632828
v -4.87212706 83.43157959 24.95853043
v -5.09523487 81.78770447 26.63179207
v -4.19440699 83.03799438 25.35915375
v -3.37767601 81.48907471 26.93576241
v -3.34012890 82.88945770 25.51034164
v 0.49788800 56.76639557 -7.01369715
v 1.38667703 55.40828323 -5.63130617
v -0.51554400 55.13024902 -5.34830809
v -1.04382098 55.93748474 -6.16997099
v -1.14370799 57.71974945 -7.98410177
v -2.01955104 56.50413895 -6.74675894
v -3.21297312 58.07953262 -8.35031891
v -3.24947810 56.71798325 -6.96443081
v -5.30006218 57.77447891 -8.03981686
v -4.48999977 56.53666687 -6.77987623
v -6.99160480 56.86500931 -7.11409092
v -5.49541903 55.99609756 -6.22964382
v -7.95256901 55.53125381 -5.75649405
v -6.06659412 55.20334244 -5.42271614
v -7.99262190 54.03738403 -4.23591900
v -6.09040213 54.31541443 -4.51891899
v -7.10383415 52.67927170 -2.85352707
v -5.56212378 53.50818634 -3.69725490
v -5.46223783 51.72591782 -1.88312197
v -4.58639479 52.94152832 -3.12046599
v -3.39297295 51.36613464 -1.51690602
v -3.35646701 52.72768402 -2.90279603
v -1.30588305 51.67118835 -1.82740998
v -2.11594510 52.90900040 -3.08735108
v 0.38565999 52.58066177 -2.75313497
v -1.11052799 53.44956970 -3.63758302
v 1.34662294 53.91441345 -4.11073112
v -0.53935099 54.24232864 -4.44450903
v -1.04382098 55.93748474 -6.16997099
v -0.51554400 55.13024902 -5.34830809
v -0.51554400 54.22813416 -6.23458195
v -1.04382098 55.03536606 -7.05624485
v -2.01955104 56.50413895 -6.74675894
v -2.01955104 55.60202026 -7.63303280
v -3.24947810 56.71798325 -6.96443081
v -3.24947810 55.81586838 -7.85070515
v -4.48999977 56.53666687 -6.77987623
v -4.48999977 55.63455200 -7.66615009
v -5.49541903 55.99609756 -6.22964382
v -5.49541903 55.09397888 -7.11591816
v -6.06659412 55.20334244 -5.42271614
v -6.06659412 54.30122375 -6.30899000
v -6.09040213 54.31541443 -4.51891899
v -6.09040213 53.41329956 -5.40519285
v -5.56212378 53.50818634 -3.69725490
v -5.56212378 52.60606766 -4.58352900
v -4.58639479 52.94152832 -3.12046599
v -4.58639479 52.03941345 -4.00674009
v -3.35646701 52.72768402 -2.90279603
v -3.35646701 51.82556534 -3.78906989
v -2.11594510 52.90900040 -3.08735108
v -2.11594510 52.00688553 -3.97362494
v -1.11052799 53.44956970 -3.63758302
v -1.11052799 52.54745483 -4.52385712
v -0.53935099 54.24232864 -4.44450903
v -0.53935099 53.34020996 -5.33078289
v -1.04382098 55.03536606 -7.05624485
v -0.51554400 54.22813416 -6.23458195
v -1.02076304 54.15428925 -6.15941906
v -1.45329106 54.81521225 -6.83215523
v -2.01955104 55.60202026 -7.63303280
v -1.04382098 55.03536606 -7.05624485
v -1.45329106 54.81521225 -6.83215523
v -2.25217009 55.27916336 -7.30440187
v -3.24947810 55.81586838 -7.85070515
v -2.01955104 55.60202026 -7.63303280
v -2.25217009 55.27916336 -7.30440187
v -3.25917411 55.45424652 -7.48262119
v -4.48999977 55.63455200 -7.66615009
v -4.27485180 55.30579376 -7.33151722
v -5.49541903 55.09397888 -7.11591816
v -4.48999977 55.63455200 -7.66615009
v -4.27485180 55.30579376 -7.33151722
v -5.09804010 54.86320114 -6.88101387
v -6.06659412 54.30122375 -6.30899000
v -5.49541903 55.09397888 -7.11591816
v -5.09804010 54.86320114 -6.88101387
v -5.56569004 54.21413040 -6.22034121
v -6.09040213 53.41329956 -5.40519285
v -6.06659412 54.30122375 -6.30899000
v -5.56569004 54.21413040 -6.22034121
v -5.58518314 53.48714066 -5.48035622
v -5.56212378 52.60606766 -4.58352900
v -6.09040213 53.41329956 -5.40519285
v -5.58518314 53.48714066 -5.48035622
v -5.15265512 52.82622147 -4.80761814
v -4.58639479 52.03941345 -4.00674009
v -5.56212378 52.60606766 -4.58352900
v -5.15265512 52.82622147 -4.80761814
v -4.35377598 52.36227036 -4.33537102
v -3.35646701 51.82556534 -3.78906989
v -4.58639479 52.03941345 -4.00674009
v -4.35377598 52.36227036 -4.33537102
v -3.34677100 52.18718719 -4.15715408
v -2.11594510 52.00688553 -3.97362494
v -3.35646701 51.82556534 -3.78906989
v -3.34677100 52.18718719 -4.15715408
v -2.33109307 52.33563995 -4.30825710
v -1.11052799 52.54745483 -4.52385712
v -2.11594510 52.00688553 -3.97362494
v -2.33109307 52.33563995 -4.30825710
v -1.50790596 52.77823257 -4.75876093
v -0.53935099 53.34020996 -5.33078289
v -1.11052799 52.54745483 -4.52385712
v -1.50790596 52.77823257 -4.75876093
v -1.04025602 53.42730331 -5.41943312
v -0.51554400 54.22813416 -6.23458195
v -0.53935099 53.34020996 -5.33078289
v -1.04025602 53.42730331 -5.41943312
v -1.02076304 54.15428925 -6.15941906
v -1.45329106 54.81521225 -6.83215523
v -1.02076304 54.15428925 -6.15941906
v -1.02076304 56.15219116 -4.19660521
v -1.45329106 56.81311417 -4.86934185
v -2.25217009 55.27916336 -7.30440187
v -1.45329106 54.81521225 -6.83215523
v -1.45329106 56.81311417 -4.86934185
v -2.25217009 57.27706146 -5.34158897
v -3.25917411 55.45424652 -7.48262119
v -2.25217009 55.27916336 -7.30440187
v -2.25217009 57.27706146 -5.34158897
v -3.25917411 57.45214844 -5.51980686
v -4.27485180 55.30579376 -7.33151722
v -3.25917411 55.45424652 -7.48262119
v -3.25917411 57.45214844 -5.51980686
v -4.27485180 57.30369568 -5.36870384
v -5.09804010 54.86320114 -6.88101387
v -4.27485180 55.30579376 -7.33151722
v -4.27485180 57.30369568 -5.36870384
v -5.09804010 56.86110306 -4.91820002
v -5.56569004 54.21413040 -6.22034121
v -5.09804010 54.86320114 -6.88101387
v -5.09804010 56.86110306 -4.91820002
v -5.56569004 56.21203232 -4.25752687
v -5.58518314 53.48714066 -5.48035622
v -5.56569004 54.21413040 -6.22034121
v -5.56569004 56.21203232 -4.25752687
v -5.58518314 55.48504257 -3.51754189
v -5.15265512 52.82622147 -4.80761814
v -5.58518314 53.48714066 -5.48035622
v -5.58518314 55.48504257 -3.51754189
v -5.15265512 54.82412338 -2.84480500
v -4.35377598 52.36227036 -4.33537102
v -5.15265512 52.82622147 -4.80761814
v -5.15265512 54.82412338 -2.84480500
v -4.35377598 54.36017227 -2.37255812
v -3.34677100 52.18718719 -4.15715408
v -4.35377598 52.36227036 -4.33537102
v -4.35377598 54.36017227 -2.37255812
v -3.34677100 54.18508911 -2.19433999
v -2.33109307 52.33563995 -4.30825710
v -3.34677100 52.18718719 -4.15715408
v -3.34677100 54.18508911 -2.19433999
v -2.33109307 54.33354187 -2.34544396
v -1.50790596 52.77823257 -4.75876093
v -2.33109307 52.33563995 -4.30825710
v -2.33109307 54.33354187 -2.34544396
v -1.50790596 54.77613068 -2.79594707
v -1.04025602 53.42730331 -5.41943312
v -1.50790596 52.77823257 -4.75876093
v -1.50790596 54.77613068 -2.79594707
v -1.04025602 55.42520523 -3.45661902
v -1.02076304 54.15428925 -6.15941906
v -1.04025602 53.42730331 -5.41943312
v -1.04025602 55.42520523 -3.45661902
v -1.02076304 56.15219116 -4.19660521
v -4.17650604 19.85986137 -40.60387421
v -2.63790989 19.85986137 -40.60387421
v -2.41694188 20.14624977 -39.76953125
v -4.39747381 20.14624977 -39.76953125
v -4.02778912 19.40997314 -41.03396225
v -2.78662610 19.40997314 -41.03396225
v -3.85860801 18.88635635 -41.20907974
v -2.95580697 18.88635635 -41.20907974
v -4.39747381 20.50623322 -36.72705460
v -2.41694188 20.50623322 -36.72705460
v -2.41694188 21.17333412 -37.40608215
v -4.39747381 21.17333412 -37.40608215
v -4.01507378 20.99570656 -40.63417053
v -2.79934192 20.99570656 -40.63417053
v -2.93498111 20.51976967 -41.27558136
v -3.87943411 20.51976967 -41.27558136
v -3.02626896 19.74542809 -41.71548080
v -3.78814602 19.74542809 -41.71548080
v -3.13012004 19.02257156 -41.74454498
v -3.68429589 19.02257156 -41.74454498
v -3.85860801 18.95542145 -41.48058319
v -2.95580697 18.95542145 -41.48058319
v -2.95580697 18.88635635 -41.20907974
v -3.85860801 18.88635635 -41.20907974
v -3.68429589 19.02257156 -41.74454498
v -3.13012004 19.02257156 -41.74454498
v -2.63790989 19.85986137 -40.60387421
v -2.63790989 20.19446564 -40.94446182
v -2.41694188 20.57696152 -40.20794296
v -2.41694188 20.14624977 -39.76953125
v -2.78662610 19.40997314 -41.03396225
v -2.78662610 19.58006477 -41.37952423
v -2.95580697 18.88635635 -41.20907974
v -2.95580697 18.95542145 -41.48058319
v -3.02626896 19.74542809 -41.71548080
v -3.13012004 19.02257156 -41.74454498
v -2.93498111 20.51976967 -41.27558136
v -2.79934192 20.99570656 -40.63417053
v -4.17650604 20.19446564 -40.94446182
v -4.17650604 19.85986137 -40.60387421
v -4.39747381 20.14624977 -39.76953125
v -4.39747381 20.57696152 -40.20794296
v -4.02778912 19.58006477 -41.37952423
v -4.02778912 19.40997314 -41.03396225
v -3.85860801 18.95542145 -41.48058319
v -3.85860801 18.88635635 -41.20907974
v -3.87943411 20.51976967 -41.27558136
v -4.01507378 20.99570656 -40.63417053
v -3.78814602 19.74542809 -41.71548080
v -3.68429589 19.02257156 -41.74454498
v -4.39747381 20.14624977 -39.76953125
v -2.41694188 20.14624977 -39.76953125
v -2.41694188 19.67925072 -38.37157822
v -4.39747381 19.67925072 -38.37157822
v -2.41694188 20.14624977 -39.76953125
v -2.41694188 20.57696152 -40.20794296
v -2.41694188 20.40061760 -38.58086777
v -2.41694188 19.67925072 -38.37157822
v -2.79934192 20.99570656 -40.63417053
v -2.79934192 21.25119209 -39.44664764
v -2.79934192 20.99570656 -40.63417053
v -4.01507378 20.99570656 -40.63417053
v -4.01507378 21.25119209 -39.44664764
v -2.79934192 21.25119209 -39.44664764
v -4.39747381 20.57696152 -40.20794296
v -4.39747381 20.14624977 -39.76953125
v -4.39747381 19.67925072 -38.37157822
v -4.39747381 20.40061760 -38.58086777
v -4.01507378 20.99570656 -40.63417053
v -4.01507378 21.25119209 -39.44664764
v -4.39747381 17.95180130 -36.42771149
v -2.41694188 17.95180130 -36.42771149
v -2.41694188 18.71459579 -35.67831421
v -4.39747381 18.71459579 -35.67831421
v -2.41694188 19.67925072 -38.37157822
v -2.41694188 20.40061760 -38.58086777
v -2.41694188 21.17333412 -37.40608215
v -2.41694188 20.50623322 -36.72705460
v -2.79934192 21.25119209 -39.44664764
v -2.79934192 22.02390862 -38.27186203
v -2.41694188 19.73980331 -36.00171661
v -2.41694188 18.25699234 -37.45848846
v -2.41694188 18.71459579 -35.67831421
v -2.41694188 17.95180130 -36.42771149
v -2.79934192 21.25119209 -39.44664764
v -4.01507378 21.25119209 -39.44664764
v -4.01507378 22.02390862 -38.27186203
v -2.79934192 22.02390862 -38.27186203
v -4.39747381 20.40061760 -38.58086777
v -4.39747381 19.67925072 -38.37157822
v -4.39747381 20.50623322 -36.72705460
v -4.39747381 21.17333412 -37.40608215
v -4.01507378 21.25119209 -39.44664764
v -4.01507378 22.02390862 -38.27186203
v -3.71212292 22.80097198 -36.81024551
v -3.10229206 22.80097198 -36.81024551
v -3.22003794 23.06287575 -37.07683182
v -3.59437704 23.06287575 -37.07683182
v -4.39747381 21.17333412 -37.40608215
v -2.41694188 21.17333412 -37.40608215
v -2.96497297 22.19819260 -37.44346237
v -3.84944201 22.19819260 -37.44346237
v -2.41694188 21.17333412 -37.40608215
v -2.79934192 22.02390862 -38.27186203
v -3.13574600 22.57804489 -37.83010101
v -2.96497297 22.19819260 -37.44346237
v -2.79934192 22.02390862 -38.27186203
v -4.01507378 22.02390862 -38.27186203
v -3.67866898 22.57804489 -37.83010101
v -3.13574600 22.57804489 -37.83010101
v -4.01507378 22.02390862 -38.27186203
v -4.39747381 21.17333412 -37.40608215
v -3.84944201 22.19819260 -37.44346237
v -3.67866898 22.57804489 -37.83010101
v -3.84944201 22.19819260 -37.44346237
v -2.96497297 22.19819260 -37.44346237
v -3.10229206 22.80097198 -36.81024551
v -3.71212292 22.80097198 -36.81024551
v -2.96497297 22.19819260 -37.44346237
v -3.13574600 22.57804489 -37.83010101
v -3.22003794 23.06287575 -37.07683182
v -3.10229206 22.80097198 -36.81024551
v -3.13574600 22.57804489 -37.83010101
v -3.67866898 22.57804489 -37.83010101
v -3.59437704 23.06287575 -37.07683182
v -3.22003794 23.06287575 -37.07683182
v -3.67866898 22.57804489 -37.83010101
v -3.84944201 22.19819260 -37.44346237
v -3.71212292 22.80097198 -36.81024551
v -3.59437704 23.06287575 -37.07683182
v -4.39747381 19.67925072 -38.37157822
v -2.41694188 19.67925072 -38.37157822
v -2.41694188 18.25699234 -37.45848846
v -4.39747381 18.25699234 -37.45848846
v -2.41694188 20.50623322 -36.72705460
v -4.39747381 20.50623322 -36.72705460
v -4.39747381 19.73980331 -36.00171661
v -2.41694188 19.73980331 -36.00171661
v -4.39747381 19.67925072 -38.37157822
v -4.39747381 20.50623322 -36.72705460
v -4.39747381 18.25699234 -37.45848846
v -4.39747381 19.73980331 -36.00171661
v -4.39747381 18.25699234 -37.45848846
v -2.41694188 18.25699234 -37.45848846
v -2.41694188 17.95180130 -36.42771149
v -4.39747381 17.95180130 -36.42771149
v -2.41694188 19.73980331 -36.00171661
v -4.39747381 19.73980331 -36.00171661
v -4.39747381 18.71459579 -35.67831421
v -2.41694188 18.71459579 -35.67831421
v -4.39747381 19.73980331 -36.00171661
v -4.39747381 18.25699234 -37.45848846
v -4.39747381 17.95180130 -36.42771149
v -4.39747381 18.71459579 -35.67831421
v -4.66713905 27.88718224 -29.00966454
v -3.82446003 27.50753784 -28.62323189
v -3.82446003 52.89470291 -3.68192792
v -4.66713905 53.27434921 -4.06835985
v -2.41974711 27.50753784 -28.62323189
v -2.41974711 52.89470291 -3.68192792
v -1.57706797 27.88718224 -29.00966454
v -1.57706797 53.27434921 -4.06835985
v -4.66713905 55.46839142 -6.30162191
v -3.82446003 55.84803391 -6.68805408
v -3.82446003 30.46086884 -31.62935829
v -4.66713905 30.08122444 -31.24292755
v -2.41974711 55.84803391 -6.68805408
v -2.41974711 30.46086884 -31.62935829
v -1.57706797 55.46839142 -6.30162191
v -1.57706797 30.08122444 -31.24292755
v -4.66713905 23.41129112 -37.79571915
v -3.82446003 23.79093552 -38.18215179
v -3.82446003 22.80649185 -37.18011093
v -5.22917318 22.80649185 -37.18011093
v -2.41974711 23.79093552 -38.18215179
v -2.41974711 22.80649185 -37.18011093
v -1.57706797 23.41129112 -37.79571915
v -1.01503503 22.80649185 -37.18011093
v -3.82446003 21.82204819 -36.17806625
v -5.22917318 21.82204819 -36.17806625
v -2.41974711 21.82204819 -36.17806625
v -1.01503503 21.82204819 -36.17806625
v -3.82446003 20.83760452 -35.17602539
v -4.66713905 21.21725082 -35.56245804
v -2.41974711 20.83760452 -35.17602539
v -1.57706797 21.21725082 -35.56245804
v -1.01503503 29.47642517 -30.62731743
v -1.01503503 54.86359024 -5.68601179
v -1.01503503 28.49198151 -29.62527466
v -1.01503503 53.87914658 -4.68396997
v -5.22917318 29.47642517 -30.62731743
v -5.22917318 54.86359024 -5.68601179
v -5.22917318 28.49198151 -29.62527466
v -5.22917318 53.87914658 -4.68396997
v -2.17623401 29.61235809 -32.23239517
v -3.22920609 29.61235809 -32.23239517
v -3.22920609 25.13569069 -36.63044357
v -2.17623401 25.13569069 -36.63044357
v -1.54456103 29.31697273 -31.93172836
v -1.54456103 24.84030342 -36.32977676
v -1.12326097 28.84640121 -31.45274544
v -1.12326097 24.36973381 -35.85079193
v -1.12326097 28.08044434 -30.67309570
v -1.12326097 23.60377693 -35.07114410
v -4.66713905 53.27434921 -4.06835985
v -3.82446003 52.89470291 -3.68192792
v -3.62542605 53.31316376 -4.10786915
v -4.22930479 53.58522415 -4.38479280
v -5.22917318 53.87914658 -4.68396997
v -4.63206911 54.01863480 -4.82594919
v -2.41974711 52.89470291 -3.68192792
v -2.61878204 53.31316376 -4.10786915
v -1.57706797 53.27434921 -4.06835985
v -2.01490211 53.58522415 -4.38479280
v -1.01503503 53.87914658 -4.68396997
v -1.61213803 54.01863480 -4.82594919
v -5.22917318 54.86359024 -5.68601179
v -4.63206911 54.72410583 -5.54403305
v -1.01503503 54.86359024 -5.68601179
v -1.61213803 54.72410583 -5.54403305
v -3.82446003 55.84803391 -6.68805408
v -4.66713905 55.46839142 -6.30162191
v -4.22930479 55.15751648 -5.98518991
v -3.62542605 55.42957687 -6.26211500
v -2.41974711 55.84803391 -6.68805408
v -2.61878204 55.42957687 -6.26211500
v -1.57706797 55.46839142 -6.30162191
v -2.01490211 55.15751648 -5.98518991
v -4.22930479 53.58522415 -4.38479280
v -3.62542605 53.31316376 -4.10786915
v -3.62542605 33.00770569 -24.05671501
v -4.22930479 33.27976608 -24.33363914
v -4.63206911 54.01863480 -4.82594919
v -4.63206911 33.71317291 -24.77479553
v -2.61878204 53.31316376 -4.10786915
v -2.61878204 33.00770569 -24.05671501
v -2.01490211 53.58522415 -4.38479280
v -2.01490211 33.27976608 -24.33363914
v -1.61213803 54.01863480 -4.82594919
v -1.61213803 33.71317291 -24.77479553
v -4.63206911 54.72410583 -5.54403305
v -4.63206911 34.41864395 -25.49287987
v -1.61213803 54.72410583 -5.54403305
v -1.61213803 34.41864395 -25.49287987
v -3.62542605 55.42957687 -6.26211500
v -4.22930479 55.15751648 -5.98518991
v -4.22930479 34.85205460 -25.93403625
v -3.62542605 35.12411499 -26.21096039
v -2.61878204 55.42957687 -6.26211500
v -2.61878204 35.12411499 -26.21096039
v -2.01490211 55.15751648 -5.98518991
v -2.01490211 34.85205460 -25.93403625
v -3.22920609 29.61235809 -32.23239517
v -2.17623401 29.61235809 -32.23239517
v -2.40325904 29.34743881 -31.96273994
v -3.19877505 29.34743881 -31.96273994
v -2.17623401 25.13569069 -36.63044357
v -3.22920609 25.13569069 -36.63044357
v -3.19877505 24.87076950 -36.36078644
v -2.40325904 24.87076950 -36.36078644
v -1.54456103 29.31697273 -31.93172836
v -1.87449205 29.08316231 -31.69373894
v -1.54456103 24.84030342 -36.32977676
v -1.87449205 24.60649300 -36.09178543
v -1.12326097 28.84640121 -31.45274544
v -1.52182496 28.66214943 -31.26519966
v -1.12326097 24.36973381 -35.85079193
v -1.52182496 24.18548012 -35.66324615
v -1.12326097 28.08044434 -30.67309570
v -1.52182496 28.09256172 -30.68542862
v -1.12326097 23.60377693 -35.07114410
v -1.52182496 23.61589241 -35.08347702
v -6.04428577 32.32983398 -23.15253830
v -4.07610083 32.25981522 -23.08126831
v -4.07610083 51.46889114 -4.20955181
v -6.04428577 51.53890991 -4.28082085
v -6.04428577 26.83282280 -28.55300713
v -4.07610083 26.76280594 -28.48173714
v -6.04428577 18.61158180 -36.62986374
v -4.07610083 18.54156494 -36.55859375
v -4.07610083 32.25981522 -23.08126831
v -2.16810608 32.25981522 -23.08126831
v -2.16810608 51.46889114 -4.20955181
v -4.07610083 51.46889114 -4.20955181
v -0.19992100 32.32983398 -23.15253830
v -0.19992100 51.53890991 -4.28082085
v -4.07610083 26.76280594 -28.48173714
v -2.16810608 26.76280594 -28.48173714
v -0.19992100 26.83282280 -28.55300713
v -4.07610083 18.54156494 -36.55859375
v -2.16810608 18.54156494 -36.55859375
v -0.19992100 18.61158180 -36.62986374
v -5.22069693 55.17101669 -7.97785807
v -4.07610083 55.68668365 -8.50274086
v -4.07610083 36.47760773 -27.37445831
v -5.22069693 35.96194077 -26.84957504
v -4.07610083 30.98059654 -32.77492905
v -5.22069693 30.46493149 -32.25004578
v -4.07610083 24.99365616 -38.65671921
v -5.22069693 23.94738007 -38.65312958
v -3.38163495 55.45559692 -10.22110653
v -2.86257291 55.45559692 -10.22110653
v -2.86257291 54.08098984 -11.57157516
v -3.38163495 54.08098984 -11.57157516
v -2.16810608 55.68668365 -8.50274086
v -1.02350998 55.17101669 -7.97785807
v -1.02350998 35.96194077 -26.84957504
v -2.16810608 36.47760773 -27.37445831
v -2.71700501 52.60689545 -11.52844048
v -2.71700501 54.86162949 -9.31330204
v -4.07610083 36.47760773 -27.37445831
v -3.52720308 52.60689545 -11.52844048
v -4.07610083 55.68668365 -8.50274086
v -3.52720308 54.86162949 -9.31330204
v -5.22069693 23.94738007 -38.65312958
v -4.07610083 24.99365616 -38.65671921
v -4.07610083 23.71352386 -38.63132095
v -5.98409700 22.30345535 -38.62495422
v -4.07610083 20.08505058 -38.12966919
v -5.98409700 20.08505058 -38.12966919
v -4.07610083 18.54156494 -36.55859375
v -6.04428577 18.61158180 -36.62986374
v -4.07610083 24.99365616 -38.65671921
v -2.16810608 24.99365616 -38.65671921
v -2.16810608 23.71352386 -38.63132095
v -4.07610083 23.71352386 -38.63132095
v -1.02350998 23.94738007 -38.65312958
v -0.26011100 22.30345535 -38.62495422
v -0.26011100 20.08505058 -38.12966919
v -2.16810608 20.08505058 -38.12966919
v -0.19992100 18.61158180 -36.62986374
v -2.16810608 18.54156494 -36.55859375
v -0.26011100 35.14045334 -26.01340294
v -1.02350998 35.96194077 -26.84957504
v -1.02350998 55.17101669 -7.97785807
v -0.26011100 54.34952927 -7.14168596
v -0.26011100 33.80330276 -24.65234756
v -0.26011100 53.01237869 -5.78062916
v -0.19992100 32.32983398 -23.15253830
v -0.19992100 51.53890991 -4.28082085
v -0.19992100 26.83282280 -28.55300713
v -0.26011100 28.30629158 -30.05281639
v -1.02350998 30.46493149 -32.25004578
v -0.26011100 29.64344406 -31.41387177
v -0.26011100 22.30345535 -38.62495422
v -1.02350998 23.94738007 -38.65312958
v -0.26011100 20.08505058 -38.12966919
v -0.19992100 18.61158180 -36.62986374
v -5.22069693 35.96194077 -26.84957504
v -5.98409700 35.14045334 -26.01340294
v -5.98409700 54.34952927 -7.14168596
v -5.22069693 55.17101669 -7.97785807
v -5.98409700 33.80330276 -24.65234756
v -5.98409700 53.01237869 -5.78062916
v -6.04428577 32.32983398 -23.15253830
v -6.04428577 51.53890991 -4.28082085
v -5.22069693 30.46493149 -32.25004578
v -5.98409700 29.64344406 -31.41387177
v -5.98409700 28.30629158 -30.05281639
v -6.04428577 26.83282280 -28.55300713
v -5.22069693 23.94738007 -38.65312958
v -5.98409700 22.30345535 -38.62495422
v -5.98409700 20.08505058 -38.12966919
v -6.04428577 18.61158180 -36.62986374
v -4.07610083 30.98059654 -32.77492905
v -2.16810608 30.98059654 -32.77492905
v -2.16810608 24.99365616 -38.65671921
v -4.07610083 24.99365616 -38.65671921
v -1.02350998 30.46493149 -32.25004578
v -1.02350998 23.94738007 -38.65312958
v -4.07610083 36.47760773 -27.37445831
v -2.16810608 36.47760773 -27.37445831
v -2.64037609 35.88572311 -26.77199745
v -4.01685095 35.88572311 -26.77199745
v -2.16810608 30.98059654 -32.77492905
v -4.07610083 30.98059654 -32.77492905
v -4.01685095 30.38871574 -32.17246628
v -2.64037609 30.38871574 -32.17246628
v -1.02350998 35.96194077 -26.84957504
v -1.65753603 35.37005997 -26.24711418
v -1.02350998 30.46493149 -32.25004578
v -1.65753603 29.87305069 -31.64758301
v -1.02350998 35.96194077 -26.84957504
v -0.26011100 35.14045334 -26.01340294
v -1.00202000 34.54857254 -25.41094208
v -1.65753603 35.37005997 -26.24711418
v -0.26011100 29.64344406 -31.41387177
v -1.00202000 29.05156326 -30.81141090
v -0.26011100 33.80330276 -24.65234756
v -0.94382697 33.91976547 -24.77089119
v -0.26011100 28.30629158 -30.05281639
v -0.94382697 28.42275429 -30.17136192
v -4.07610083 23.71352386 -38.63132095
v -2.16810608 23.71352386 -38.63132095
v -2.16810608 26.67525673 -35.72160339
v -4.07610083 26.67525673 -35.72160339
v -2.16810608 20.08505058 -38.12966919
v -2.16810608 23.04678535 -35.21995163
v -2.16810608 18.54156494 -36.55859375
v -2.16810608 21.57383156 -33.72066498
v -4.07610083 20.08505058 -38.12966919
v -4.07610083 23.71352386 -38.63132095
v -4.07610083 26.67525673 -35.72160339
v -4.07610083 23.04678535 -35.21995163
v -4.07610083 18.54156494 -36.55859375
v -4.07610083 21.57383156 -33.72066498
v -6.04428577 51.53890991 -4.28082085
v -4.07610083 51.46889114 -4.20955181
v -3.93972611 52.03472519 -4.25669003
v -5.62655401 52.09473419 -4.31777191
v -5.98409700 53.01237869 -5.78062916
v -6.04428577 51.53890991 -4.28082085
v -5.62655401 52.09473419 -4.31777191
v -5.57496977 53.35757065 -5.60318279
v -5.98409700 54.34952927 -7.14168596
v -5.57496977 54.50357056 -6.76967096
v -5.22069693 55.17101669 -7.97785807
v -4.92070007 55.20762634 -7.48631096
v -4.07610083 51.46889114 -4.20955181
v -2.16810608 51.46889114 -4.20955181
v -2.30448198 52.03472519 -4.25669003
v -3.93972611 52.03472519 -4.25669003
v -0.19992100 51.53890991 -4.28082085
v -0.61765200 52.09473419 -4.31777191
v -0.19992100 51.53890991 -4.28082085
v -0.26011100 53.01237869 -5.78062916
v -0.66923702 53.35757065 -5.60318279
v -0.61765200 52.09473419 -4.31777191
v -0.26011100 54.34952927 -7.14168596
v -0.66923702 54.50357056 -6.76967096
v -1.02350998 55.17101669 -7.97785807
v -1.32350802 55.20762634 -7.48631096
v -4.07610083 55.68668365 -8.50274086
v -5.22069693 55.17101669 -7.97785807
v -4.92070007 55.20762634 -7.48631096
v -3.93972611 55.64957428 -7.93616199
v -2.16810608 55.68668365 -8.50274086
v -4.07610083 55.68668365 -8.50274086
v -3.93972611 55.64957428 -7.93616199
v -2.30448198 55.64957428 -7.93616199
v -1.02350998 55.17101669 -7.97785807
v -1.32350802 55.20762634 -7.48631096
v -5.62655401 52.09473419 -4.31777191
v -3.93972611 52.03472519 -4.25669003
v -3.93972611 50.38945389 -5.87306690
v -5.62655401 50.44946289 -5.93415022
v -5.57496977 53.35757065 -5.60318279
v -5.62655401 52.09473419 -4.31777191
v -5.62655401 50.44946289 -5.93415022
v -5.57496977 51.71229553 -7.21956015
v -5.57496977 54.50357056 -6.76967096
v -5.57496977 52.85829926 -8.38604927
v -4.92070007 55.20762634 -7.48631096
v -4.92070007 53.56235123 -9.10268879
v -3.93972611 52.03472519 -4.25669003
v -2.30448198 52.03472519 -4.25669003
v -2.30448198 50.38945389 -5.87306690
v -3.93972611 50.38945389 -5.87306690
v -0.61765200 52.09473419 -4.31777191
v -0.61765200 50.44946289 -5.93415022
v -0.61765200 52.09473419 -4.31777191
v -0.66923702 53.35757065 -5.60318279
v -0.66923702 51.71229553 -7.21956015
v -0.61765200 50.44946289 -5.93415022
v -0.66923702 54.50357056 -6.76967096
v -0.66923702 52.85829926 -8.38604927
v -1.32350802 55.20762634 -7.48631096
v -1.32350802 53.56235123 -9.10268879
v -3.93972611 55.64957428 -7.93616199
v -4.92070007 55.20762634 -7.48631096
v -4.92070007 53.56235123 -9.10268879
v -3.93972611 54.00430298 -9.55253887
v -2.30448198 55.64957428 -7.93616199
v -3.93972611 55.64957428 -7.93616199
v -3.93972611 54.00430298 -9.55253887
v -2.30448198 54.00430298 -9.55253887
v -1.32350802 55.20762634 -7.48631096
v -1.32350802 53.56235123 -9.10268879
v -4.07610083 55.68668365 -8.50274086
v -2.16810608 55.68668365 -8.50274086
v -2.71700501 54.86162949 -9.31330204
v -3.52720308 54.86162949 -9.31330204
v -3.52720308 54.86162949 -9.31330204
v -2.71700501 54.86162949 -9.31330204
v -2.86257291 55.45559692 -10.22110653
v -3.38163495 55.45559692 -10.22110653
v -2.71700501 54.86162949 -9.31330204
v -2.71700501 52.60689545 -11.52844048
v -2.86257291 54.08098984 -11.57157516
v -2.86257291 55.45559692 -10.22110653
v -2.71700501 52.60689545 -11.52844048
v -3.52720308 52.60689545 -11.52844048
v -3.38163495 54.08098984 -11.57157516
v -2.86257291 54.08098984 -11.57157516
v -3.52720308 52.60689545 -11.52844048
v -3.52720308 54.86162949 -9.31330204
v -3.38163495 55.45559692 -10.22110653
v -3.38163495 54.08098984 -11.57157516
v -4.03685904 23.70462990 -33.66550064
v -3.53794193 23.47985649 -33.43671036
v -3.53794193 26.81909561 -30.15611839
v -4.03685904 27.04386711 -30.38490868
v -2.70626593 23.47985649 -33.43671036
v -2.70626593 26.81909561 -30.15611839
v -2.20734906 23.70462990 -33.66550064
v -2.20734906 27.04386711 -30.38490868
v -4.03685904 28.34287453 -31.70713615
v -3.53794193 28.56764793 -31.93592644
v -3.53794193 25.22840881 -35.21651840
v -4.03685904 25.00363541 -34.98772812
v -2.70626593 28.56764793 -31.93592644
v -2.70626593 25.22840881 -35.21651840
v -2.20734906 28.34287453 -31.70713615
v -2.20734906 25.00363541 -34.98772812
v -1.87459099 24.64555931 -34.62325287
v -1.87459099 27.98479652 -31.34265709
v -1.87459099 24.06270790 -34.02997971
v -1.87459099 27.40194511 -30.74938774
v -4.36961699 24.64555931 -34.62325287
v -4.36961699 27.98479652 -31.34265709
v -4.36961699 24.06270790 -34.02997971
v -4.36961699 27.40194511 -30.74938774
v -3.92753792 24.07581711 -33.45610046
v -3.48824501 23.87790489 -33.25465012
v -3.48824501 24.39109993 -33.77701950
v -4.22052813 24.39109993 -33.77701950
v -2.75596189 23.87790489 -33.25465012
v -2.75596189 24.39109993 -33.77701950
v -2.31666994 24.07581711 -33.45610046
v -2.02367902 24.39109993 -33.77701950
v -3.48824501 24.90429688 -34.29939270
v -4.22052813 24.90429688 -34.29939270
v -2.75596189 24.90429688 -34.29939270
v -2.02367902 24.90429688 -34.29939270
v -3.48824501 25.41749191 -34.82175827
v -3.92753792 25.21957970 -34.62031174
v -2.75596189 25.41749191 -34.82175827
v -2.31666994 25.21957970 -34.62031174
v -3.92753792 27.07812881 -30.50651741
v -3.48824501 26.88021660 -30.30506706
v -4.22052813 27.39341164 -30.82743645
v -2.75596189 26.88021660 -30.30506706
v -2.31666994 27.07812881 -30.50651741
v -2.02367902 27.39341164 -30.82743645
v -4.22052813 27.90660858 -31.34980774
v -2.02367902 27.90660858 -31.34980774
v -3.48824501 28.41980171 -31.87217522
v -3.92753792 28.22189140 -31.67072678
v -2.75596189 28.41980171 -31.87217522
v -2.31666994 28.22189140 -31.67072678
v -4.06249619 24.51104927 -35.50807571
v -3.54959607 24.74212456 -35.74327850
v -3.54959702 24.14293671 -35.13338089
v -4.40458107 24.14293671 -35.13338089
v -2.69461203 24.74212456 -35.74327850
v -2.69461203 24.14293671 -35.13338089
v -2.18171310 24.51104927 -35.50807571
v -1.83962703 24.14293671 -35.13338089
v -3.54959702 23.54375076 -34.52348328
v -4.40458107 23.54375076 -34.52348328
v -2.69461203 23.54375076 -34.52348328
v -1.83962703 23.54375076 -34.52348328
v -3.54959607 22.94456482 -33.91358566
v -4.06249619 23.17563629 -34.14878845
v -2.69461203 22.94456482 -33.91358566
v -2.18171310 23.17563629 -34.14878845
v -4.03685904 25.00363541 -34.98772812
v -3.53794193 25.22840881 -35.21651840
v -3.46751809 25.08034706 -35.06581116
v -3.88194203 24.89364052 -34.87576675
v -4.36961699 24.64555931 -34.62325287
v -4.15834713 24.59620476 -34.57301331
v -2.70626593 25.22840881 -35.21651840
v -2.77669001 25.08034706 -35.06581116
v -2.20734906 25.00363541 -34.98772812
v -2.36226606 24.89364052 -34.87576675
v -1.87459099 24.64555931 -34.62325287
v -2.08586097 24.59620476 -34.57301331
v -4.36961699 24.06270790 -34.02997971
v -4.15834713 24.11206055 -34.08021545
v -1.87459099 24.06270790 -34.02997971
v -2.08586097 24.11206055 -34.08021545
v -3.53794193 23.47985649 -33.43671036
v -4.03685904 23.70462990 -33.66550064
v -3.88194203 23.81462479 -33.77746201
v -3.46751809 23.62791824 -33.58741760
v -2.70626593 23.47985649 -33.43671036
v -2.77669001 23.62791824 -33.58741760
v -2.20734906 23.70462990 -33.66550064
v -2.36226606 23.81462479 -33.77746201
v -3.88194203 24.89364052 -34.87576675
v -3.46751809 25.08034706 -35.06581116
v -3.46751809 24.83981705 -35.30211639
v -3.88194108 24.65311050 -35.11207199
v -4.15834713 24.59620476 -34.57301331
v -4.15834618 24.35567474 -34.80931854
v -2.77669001 25.08034706 -35.06581116
v -2.77669001 24.83981705 -35.30211639
v -2.36226606 24.89364052 -34.87576675
v -2.36226702 24.65311050 -35.11207199
v -2.08586097 24.59620476 -34.57301331
v -2.08586097 24.35567474 -34.80931854
v -4.15834713 24.11206055 -34.08021545
v -4.15834618 23.87153053 -34.31652069
v -2.08586097 24.11206055 -34.08021545
v -2.08586097 23.87153053 -34.31652069
v -3.46751809 23.62791824 -33.58741760
v -3.88194203 23.81462479 -33.77746201
v -3.88194108 23.57409477 -34.01376724
v -3.46751809 23.38738823 -33.82372284
v -2.77669001 23.62791824 -33.58741760
v -2.77669001 23.38738823 -33.82372284
v -2.36226606 23.81462479 -33.77746201
v -2.36226702 23.57409477 -34.01376724
v -3.88194108 24.65311050 -35.11207199
v -3.46751809 24.83981705 -35.30211639
v -3.54959607 25.01238251 -35.47776794
v -4.06249619 24.78130913 -35.24256134
v -4.15834618 24.35567474 -34.80931854
v -4.40458107 24.41319656 -34.86787033
v -2.77669001 24.83981705 -35.30211639
v -2.69461203 25.01238251 -35.47776794
v -2.36226702 24.65311050 -35.11207199
v -2.18171310 24.78130913 -35.24256134
v -2.08586097 24.35567474 -34.80931854
v -1.83962703 24.41319656 -34.86787033
v -4.15834618 23.87153053 -34.31652069
v -4.40458107 23.81400871 -34.25797272
v -2.08586097 23.87153053 -34.31652069
v -1.83962703 23.81400871 -34.25797272
v -3.46751809 23.38738823 -33.82372284
v -3.88194108 23.57409477 -34.01376724
v -4.06249619 23.44589424 -33.88327789
v -3.54959607 23.21482277 -33.64807510
v -2.77669001 23.38738823 -33.82372284
v -2.69461203 23.21482277 -33.64807510
v -2.36226702 23.57409477 -34.01376724
v -2.18171310 23.44589424 -33.88327789
v -4.06249619 24.78130913 -35.24256134
v -3.54959607 25.01238251 -35.47776794
v -3.54959607 24.74212456 -35.74327850
v -4.06249619 24.51104927 -35.50807571
v -4.40458107 24.41319656 -34.86787033
v -4.40458107 24.14293671 -35.13338089
v -2.69461203 25.01238251 -35.47776794
v -2.69461203 24.74212456 -35.74327850
v -2.18171310 24.78130913 -35.24256134
v -2.18171310 24.51104927 -35.50807571
v -1.83962703 24.41319656 -34.86787033
v -1.83962703 24.14293671 -35.13338089
v -4.40458107 23.81400871 -34.25797272
v -4.40458107 23.54375076 -34.52348328
v -1.83962703 23.81400871 -34.25797272
v -1.83962703 23.54375076 -34.52348328
v -3.54959607 23.21482277 -33.64807510
v -4.06249619 23.44589424 -33.88327789
v -4.06249619 23.17563629 -34.14878845
v -3.54959607 22.94456482 -33.91358566
v -2.69461203 23.21482277 -33.64807510
v -2.69461203 22.94456482 -33.91358566
v -2.18171310 23.44589424 -33.88327789
v -2.18171310 23.17563629 -34.14878845
v -4.03685904 27.04386711 -30.38490868
v -3.53794193 26.81909561 -30.15611839
v -3.48824501 26.88021660 -30.30506706
v -3.92753792 27.07812881 -30.50651741
v -4.36961699 27.40194511 -30.74938774
v -4.22052813 27.39341164 -30.82743645
v -2.70626593 26.81909561 -30.15611839
v -2.75596189 26.88021660 -30.30506706
v -2.20734906 27.04386711 -30.38490868
v -2.31666994 27.07812881 -30.50651741
v -1.87459099 27.40194511 -30.74938774
v -2.02367902 27.39341164 -30.82743645
v -4.36961699 27.98479652 -31.34265709
v -4.22052813 27.90660858 -31.34980774
v -1.87459099 27.98479652 -31.34265709
v -2.02367902 27.90660858 -31.34980774
v -3.53794193 28.56764793 -31.93592644
v -4.03685904 28.34287453 -31.70713615
v -3.92753792 28.22189140 -31.67072678
v -3.48824501 28.41980171 -31.87217522
v -2.70626593 28.56764793 -31.93592644
v -2.75596189 28.41980171 -31.87217522
v -2.20734906 28.34287453 -31.70713615
v -2.31666994 28.22189140 -31.67072678
v -4.95081806 21.01587105 -22.09449005
v -3.95341706 21.40230370 -21.71484566
v -3.95341706 23.61139679 -23.96343040
v -4.95081806 23.22496414 -24.34307671
v -2.29079008 21.40230370 -21.71484566
v -2.29079008 23.61139679 -23.96343040
v -1.29338896 21.01587105 -22.09449005
v -1.29338896 23.22496414 -24.34307671
v -3.50732899 29.78071022 -20.82717323
v -3.96951890 30.24816322 -20.32120323
v -3.96951890 35.08723450 -15.55565643
v -3.50732899 35.52443314 -15.17286396
v -2.73687696 29.78071022 -20.82717323
v -2.73687696 35.52443314 -15.17286396
v -2.27468801 30.24816322 -20.32120323
v -2.27468801 35.08723450 -15.55565643
v -3.95341706 17.02743530 -18.79897308
v -4.95081806 16.64100456 -19.17861748
v -4.95081806 12.59776306 -16.19022560
v -3.95341706 13.01447773 -15.78083038
v -2.29079008 17.02743530 -18.79897308
v -2.29079008 13.01447773 -15.78083038
v -1.29338896 16.64100456 -19.17861748
v -1.29338896 12.59776306 -16.19022560
v -4.95081806 8.85743904 -12.78434181
v -3.95341706 9.28865910 -12.36069584
v -2.29079008 9.28865910 -12.36069584
v -1.29338896 8.85743904 -12.78434181
v -4.95081806 8.40360832 -11.34180737
v -3.95341706 8.87235737 -10.88129139
v -2.29079008 8.87235737 -10.88129139
v -1.29338896 8.40360832 -11.34180737
v -3.95341706 18.36662483 -19.53754997
v -4.95081806 18.11729240 -20.05674553
v -2.29079008 18.36662483 -19.53754997
v -1.29338896 18.11729240 -20.05674553
v -4.95081806 21.19354057 -20.70904160
v -3.95341706 21.62560272 -20.60099411
v -3.95341706 20.13225746 -19.22456551
v -4.95081806 19.99548340 -19.63317871
v -2.29079008 21.62560272 -20.60099411
v -2.29079008 20.13225746 -19.22456551
v -1.29338896 21.19354057 -20.70904160
v -1.29338896 19.99548340 -19.63317871
v -2.73687696 20.89646721 -18.85047722
v -2.27468801 20.85230064 -19.16811180
v -2.27468801 24.27408409 -15.80642319
v -2.73687696 24.22853088 -15.57693386
v -3.50732899 20.89646721 -18.85047722
v -3.50732899 24.22853088 -15.57693386
v -3.96951890 20.85230064 -19.16811180
v -3.96951890 24.27408409 -15.80642319
v -3.50732899 22.03833580 -19.91770554
v -4.36574078 21.69887924 -19.93477058
v -3.96951890 25.09714127 -16.59618950
v -3.50732899 25.34687614 -16.66727066
v -2.73687696 22.03833580 -19.91770554
v -2.73687696 25.34687614 -16.66727066
v -1.87846506 21.69887924 -19.93477058
v -2.27468801 25.09714127 -16.59618950
v -3.96951890 27.53372002 -15.66950226
v -3.50732899 27.40517426 -15.92345428
v -3.50732899 27.44129753 -14.31765938
v -3.96951890 27.29795837 -14.60506344
v -2.73687696 27.40517426 -15.92345428
v -2.73687696 27.44129753 -14.31765938
v -2.27468801 27.53372002 -15.66950226
v -2.27468801 27.29795837 -14.60506344
v -3.96951890 29.06621933 -16.05669022
v -3.50732899 28.86768723 -16.29846764
v -3.50732899 30.25857162 -14.92055035
v -3.96951890 30.04811668 -15.08058071
v -2.73687696 28.86768723 -16.29846764
v -2.73687696 30.25857162 -14.92055035
v -2.27468801 29.06621933 -16.05669022
v -2.27468801 30.04811668 -15.08058071
v -3.95341706 25.56478691 -23.71634483
v -4.95081806 25.24023819 -24.41545677
v -2.29079008 25.56478691 -23.71634483
v -1.29338896 25.24023819 -24.41545677
v -4.80810785 47.66487885 -2.76195002
v -3.88854289 47.49445343 -2.57879496
v -3.88854289 49.34849167 -4.29447603
v -4.80810785 49.31255341 -4.32978487
v -2.35566401 47.49445343 -2.57879496
v -2.35566401 49.34849167 -4.29447603
v -1.43609905 47.66487885 -2.76195002
v -1.43609905 49.31255341 -4.32978487
v -3.95341706 40.04343414 -9.49197674
v -4.95081806 40.20374680 -9.71474457
v -2.29079008 40.04343414 -9.49197674
v -1.29338896 40.20374680 -9.71474457
v -3.96951890 30.24988747 -17.26151848
v -3.50732899 30.05135345 -17.50329208
v -3.50732899 32.13004684 -15.44965076
v -3.96951890 31.91959190 -15.60968208
v -2.73687696 30.05135345 -17.50329208
v -2.73687696 32.13004684 -15.44965076
v -2.27468801 30.24988747 -17.26151848
v -2.27468801 31.91959190 -15.60968208
v -3.88854289 50.77735901 -5.74888515
v -4.80810785 50.74141693 -5.78419399
v -2.35566401 50.77735901 -5.74888515
v -1.43609905 50.74141693 -5.78419399
v -2.35566401 40.29553223 -9.65128708
v -1.43609905 40.44606018 -9.85398865
v -3.88854289 40.29553223 -9.65128708
v -4.80810785 40.44606018 -9.85398865
v -4.95081806 28.51792336 -27.75173759
v -3.95341706 29.03257561 -27.24612427
v -3.95341706 27.69805527 -28.55720711
v -5.61604500 27.69805527 -28.55720711
v -2.29079008 29.03257561 -27.24612427
v -2.29079008 27.69805527 -28.55720711
v -1.29338896 28.51792336 -27.75173759
v -0.62816203 27.69805527 -28.55720711
v -3.95341706 18.47826195 -37.61507797
v -5.61604500 18.82994461 -37.26957321
v -2.29079008 18.47826195 -37.61507797
v -0.62816203 18.82994461 -37.26957321
v -3.95341706 16.00710487 -38.52905655
v -4.95081806 16.76168633 -38.26766205
v -2.29079008 16.00710487 -38.52905655
v -1.29338896 16.76168633 -38.26766205
v -4.95081806 43.74018097 -12.79682255
v -3.95341706 43.93702316 -12.60343933
v -5.61604500 43.42517853 -13.10629272
v -4.95081806 43.74018097 -12.79682255
v -2.29079008 43.93702316 -12.60343933
v -1.29338896 43.74018097 -12.79682255
v -1.29338896 43.74018097 -12.79682255
v -0.62816203 43.42517853 -13.10629272
v -4.95081806 43.90103912 -12.63878918
v -5.42142200 43.42026520 -12.97676945
v -5.42142200 50.68214798 -5.84242296
v -4.80810785 50.74141693 -5.78419399
v -3.95341706 44.09452057 -12.44870567
v -4.95081806 43.90103912 -12.63878918
v -4.80810785 50.74141693 -5.78419399
v -3.88854289 50.77735901 -5.74888515
v -2.29079008 44.09452057 -12.44870567
v -2.35566401 50.77735901 -5.74888515
v -1.29338896 43.90103912 -12.63878918
v -1.43609905 50.74141693 -5.78419399
v -0.82278502 43.42026520 -12.97676945
v -1.29338896 43.90103912 -12.63878918
v -1.43609905 50.74141693 -5.78419399
v -0.82278502 50.68214798 -5.84242296
v -4.95081806 16.06653595 -31.37578583
v -3.95341706 15.68010330 -31.75543022
v -3.95341706 12.80303764 -30.16308784
v -4.95081806 13.18947029 -29.78344154
v -2.29079008 15.68010330 -31.75543022
v -2.29079008 12.80303764 -30.16308784
v -1.29338896 16.06653595 -31.37578583
v -1.29338896 13.18947029 -29.78344154
v -3.95341706 9.17413616 -28.77245712
v -4.95081806 9.56056786 -28.39281273
v -2.29079008 9.17413616 -28.77245712
v -1.29338896 9.56056786 -28.39281273
v -4.95081806 8.11946487 -27.55049896
v -3.95341706 7.73303318 -27.93014336
v -3.95341706 3.20803308 -25.41504860
v -4.95081806 3.62474704 -25.00565338
v -2.29079008 7.73303318 -27.93014336
v -2.29079008 3.20803308 -25.41504860
v -1.29338896 8.11946487 -27.55049896
v -1.29338896 3.62474704 -25.00565338
v -3.95341706 -0.76305503 -22.23587608
v -4.95081806 -0.33183599 -21.81223106
v -2.29079008 -0.76305503 -22.23587608
v -1.29338896 -0.33183599 -21.81223106
v -3.95341706 -1.81393099 -21.37989998
v -4.95081806 -1.34518397 -20.91938591
v -2.29079008 -1.81393099 -21.37989998
v -1.29338896 -1.34518397 -20.91938591
v -4.95081806 16.63367844 -32.87086487
v -3.95341706 16.11902618 -33.37647629
v -2.29079008 16.11902618 -33.37647629
v -1.29338896 16.63367844 -32.87086487
v -4.95081806 15.72871590 -37.21622467
v -3.95341706 15.21406364 -37.72183990
v -2.29079008 15.21406364 -37.72183990
v -1.29338896 15.72871590 -37.21622467
v -4.95081806 16.76168633 -38.26766205
v -3.95341706 16.00710487 -38.52905655
v -2.29079008 16.00710487 -38.52905655
v -1.29338896 16.76168633 -38.26766205
v -4.95081806 -1.34518397 -20.91938591
v -3.95341706 -1.81393099 -21.37989998
v -4.62397385 -0.85886300 -20.44160652
v -5.61604500 -0.59843898 -20.18575478
v -2.29079008 -1.81393099 -21.37989998
v -1.62023306 -0.85886300 -20.44160652
v -1.29338896 -1.34518397 -20.91938591
v -0.62816203 -0.59843898 -20.18575478
v -4.62397385 7.91728783 -11.81958580
v -5.61604500 7.65686417 -12.07543659
v -0.62816203 7.65686417 -12.07543659
v -1.62023306 7.91728783 -11.81958580
v -3.95341706 8.87235737 -10.88129139
v -4.95081806 8.40360832 -11.34180737
v -2.29079008 8.87235737 -10.88129139
v -1.29338896 8.40360832 -11.34180737
v -4.62397385 -2.82174301 -18.91100693
v -1.62023306 -2.82174301 -18.91100693
v -1.62023306 5.95440912 -10.28898525
v -4.62397385 5.95440912 -10.28898525
v -0.62816203 13.80508041 -29.17864227
v -1.29338896 13.18947029 -29.78344154
v -1.29338896 16.06653595 -31.37578583
v -0.62816203 16.68214417 -30.77098846
v 0.10580700 18.51005936 -22.94252968
v 0.10580700 14.03247070 -27.34148026
v 0.10580700 17.06066322 -27.92991257
v 0.10580700 20.29150009 -24.75581741
v -1.29338896 21.01587105 -22.09449005
v -0.62816203 20.40026093 -22.69928932
v -0.62816203 22.60935593 -24.94787407
v -1.29338896 23.22496414 -24.34307671
v -0.62816203 10.17617798 -27.78801346
v -1.29338896 9.56056786 -28.39281273
v 0.10580700 16.12568092 -21.34536552
v 0.10580700 11.03988457 -26.28508377
v -1.96642601 30.18856812 -20.30530930
v -2.27468801 30.24816322 -20.32120323
v -2.27468801 35.08723450 -15.55565643
v -1.96642601 35.02764130 -15.53976536
v -1.29338896 8.11946487 -27.55049896
v -0.62816203 8.73507500 -26.94569969
v -0.62816203 4.28859901 -24.35346031
v -1.29338896 3.62474704 -25.00565338
v 0.10580700 9.92420673 -25.56019974
v 0.10580700 14.98162937 -20.59159851
v 0.10580700 11.75153446 -18.15182495
v 0.10580700 6.48419523 -23.32665443
v -0.62816203 16.02539444 -19.78341675
v -1.29338896 16.64100456 -19.17861748
v -1.29338896 12.59776306 -16.19022560
v -0.62816203 11.93391228 -16.84241867
v -0.62816203 0.35512301 -21.13733673
v -1.29338896 -0.33183599 -21.81223106
v 0.10580700 8.76477432 -15.37630463
v 0.10580700 3.39688611 -20.64991951
v -1.29338896 8.85743904 -12.78434181
v -0.62816203 8.17047977 -13.45923710
v -0.62816203 -0.59843898 -20.18575478
v -1.29338896 -1.34518397 -20.91938591
v 0.10580700 7.51835394 -15.07800579
v 0.10580700 2.80075097 -19.71275520
v -1.29338896 8.40360832 -11.34180737
v -0.62816203 7.65686417 -12.07543659
v -0.62816203 17.50168228 -20.66154480
v -1.29338896 18.11729240 -20.05674553
v -1.29338896 21.19354057 -20.70904160
v -0.62816203 20.75724411 -21.13767433
v -0.62816203 19.55918884 -20.06181335
v -1.29338896 19.99548340 -19.63317871
v -1.36605299 21.08586693 -18.93864632
v -1.36605299 21.93244362 -19.70530701
v -1.96642601 24.95130348 -16.73946762
v -1.96642601 24.12824631 -15.94970036
v -2.27468801 20.85230064 -19.16811180
v -2.27468801 24.27408409 -15.80642319
v -1.87846506 21.69887924 -19.93477058
v -2.27468801 25.09714127 -16.59618950
v -2.27468801 27.53372002 -15.66950226
v -1.96642601 27.37489891 -15.62216377
v -1.96642601 27.13913536 -14.55772400
v -2.27468801 27.29795837 -14.60506344
v -2.27468801 29.06621933 -16.05669022
v -1.96642601 29.01888847 -16.02875137
v -1.96642601 30.00078392 -15.05264091
v -2.27468801 30.04811668 -15.08058071
v -0.62816203 25.23189735 -26.04696465
v -1.29338896 25.24023819 -24.41545677
v 0.10580700 18.47467804 -28.19570160
v 0.10580700 20.57181740 -26.13539505
v -1.29338896 16.63367844 -32.87086487
v -0.62816203 17.45354843 -32.06539536
v -1.43609905 47.66487885 -2.76195002
v -0.82278502 48.40536880 -3.53109789
v -0.82278502 49.25328064 -4.38801479
v -1.43609905 49.31255341 -4.32978487
v -0.62816203 16.97897911 -35.98792267
v -0.62816203 26.14824486 -26.97969055
v -1.29338896 15.72871590 -37.21622467
v -0.62816203 40.95684814 -10.59818363
v -1.29338896 40.20374680 -9.71474457
v -0.62816203 41.87536621 -11.52877617
v -2.27468801 30.24988747 -17.26151848
v -1.96642601 30.20255661 -17.23357964
v -1.96642601 31.87225723 -15.58174229
v -2.27468801 31.91959190 -15.60968208
v -0.62816203 18.82994461 -37.26957321
v -0.62816203 27.69805527 -28.55720711
v -1.29338896 16.76168633 -38.26766205
v -0.82278502 50.68214798 -5.84242296
v -1.43609905 50.74141693 -5.78419399
v -0.62816203 43.42517853 -13.10629272
v -0.15422601 17.17246819 -29.23506546
v -0.15422601 13.95172024 -28.34559250
v -0.15422601 19.39371872 -22.99916840
v -0.15422601 21.42023087 -25.06190681
v -0.15422601 16.71954155 -21.14474106
v -0.15422601 10.61292076 -27.07955360
v -0.15422601 11.69604111 -17.55865479
v -0.15422601 15.39767361 -20.30735779
v -0.15422601 9.32333088 -26.27502060
v -0.15422601 5.34570789 -23.79746056
v -0.15422601 8.27495956 -14.42434597
v -0.15422601 1.79242694 -20.79302979
v -0.15422601 6.77111387 -14.16946030
v -0.15422601 1.14354801 -19.69819260
v -0.15422601 18.88495445 -29.43529510
v -0.15422601 21.64217949 -26.72649574
v -0.82278502 41.99140167 -11.52235985
v -0.82278502 43.42026520 -12.97676945
v -0.82278502 41.14448929 -10.66445827
v -1.43609905 40.44606018 -9.85398865
v -4.95081806 13.18947029 -29.78344154
v -5.61604500 13.80508041 -29.17864227
v -5.61604500 16.68214417 -30.77098846
v -4.95081806 16.06653595 -31.37578583
v -6.35001278 14.03247070 -27.34148026
v -6.35001278 18.51005936 -22.94252968
v -6.35001278 20.29150009 -24.75581741
v -6.35001278 17.06066322 -27.92991257
v -5.61604500 20.40026093 -22.69928932
v -4.95081806 21.01587105 -22.09449005
v -4.95081806 23.22496414 -24.34307671
v -5.61604500 22.60935593 -24.94787407
v -4.95081806 9.56056786 -28.39281273
v -5.61604500 10.17617798 -27.78801346
v -6.35001278 11.03988457 -26.28508377
v -6.35001278 16.12568092 -21.34536552
v -3.96951890 30.24816322 -20.32120323
v -4.27778101 30.18856812 -20.30530930
v -4.27778101 35.02764130 -15.53976536
v -3.96951890 35.08723450 -15.55565643
v -5.61604500 8.73507500 -26.94569969
v -4.95081806 8.11946487 -27.55049896
v -4.95081806 3.62474704 -25.00565338
v -5.61604500 4.28859901 -24.35346031
v -6.35001278 14.98162937 -20.59159851
v -6.35001278 9.92420673 -25.56019974
v -6.35001278 6.48419523 -23.32665443
v -6.35001278 11.75153446 -18.15182495
v -4.95081806 16.64100456 -19.17861748
v -5.61604500 16.02539444 -19.78341675
v -5.61604500 11.93391228 -16.84241867
v -4.95081806 12.59776306 -16.19022560
v -4.95081806 -0.33183599 -21.81223106
v -5.61604500 0.35512301 -21.13733673
v -6.35001278 3.39688611 -20.64991951
v -6.35001278 8.76477432 -15.37630463
v -5.61604500 8.17047977 -13.45923710
v -4.95081806 8.85743904 -12.78434181
v -4.95081806 -1.34518397 -20.91938591
v -5.61604500 -0.59843898 -20.18575478
v -6.35001278 2.80075097 -19.71275520
v -6.35001278 7.51835394 -15.07800579
v -5.61604500 7.65686417 -12.07543659
v -4.95081806 8.40360832 -11.34180737
v -4.95081806 18.11729240 -20.05674553
v -5.61604500 17.50168228 -20.66154480
v -5.61604500 20.75724411 -21.13767433
v -4.95081806 21.19354057 -20.70904160
v -5.61604500 19.55918884 -20.06181335
v -4.95081806 19.99548340 -19.63317871
v -4.87815380 21.08586693 -18.93864632
v -3.96951890 20.85230064 -19.16811180
v -3.96951890 24.27408409 -15.80642319
v -4.27778101 24.12824631 -15.94970036
v -4.87815380 21.93244362 -19.70530701
v -4.27778101 24.95130348 -16.73946762
v -4.36574078 21.69887924 -19.93477058
v -3.96951890 25.09714127 -16.59618950
v -4.27778101 27.37489891 -15.62216377
v -3.96951890 27.53372002 -15.66950226
v -4.27778101 27.13913536 -14.55772400
v -3.96951890 27.29795837 -14.60506344
v -4.27778101 29.01888847 -16.02875137
v -3.96951890 29.06621933 -16.05669022
v -4.27778101 30.00078392 -15.05264091
v -3.96951890 30.04811668 -15.08058071
v -4.95081806 25.24023819 -24.41545677
v -5.61604500 25.23189735 -26.04696465
v -6.35001278 20.57181740 -26.13539505
v -6.35001278 18.47467804 -28.19570160
v -5.61604500 17.45354843 -32.06539536
v -4.95081806 16.63367844 -32.87086487
v -5.42142200 48.40536880 -3.53109789
v -4.80810785 47.66487885 -2.76195002
v -4.80810785 49.31255341 -4.32978487
v -5.42142200 49.25328064 -4.38801479
v -5.61604500 26.14824486 -26.97969055
v -5.61604500 16.97897911 -35.98792267
v -4.95081806 15.72871590 -37.21622467
v -4.95081806 40.20374680 -9.71474457
v -5.61604500 40.95684814 -10.59818363
v -5.61604500 41.87536621 -11.52877617
v -4.27778101 30.20255661 -17.23357964
v -3.96951890 30.24988747 -17.26151848
v -4.27778101 31.87225723 -15.58174229
v -3.96951890 31.91959190 -15.60968208
v -5.61604500 27.69805527 -28.55720711
v -5.61604500 18.82994461 -37.26957321
v -4.95081806 16.76168633 -38.26766205
v -5.61604500 43.42517853 -13.10629272
v -4.80810785 50.74141693 -5.78419399
v -5.42142200 50.68214798 -5.84242296
v -6.08998108 21.42023087 -25.06190681
v -6.08998108 19.39371872 -22.99916840
v -6.08998108 13.95172024 -28.34559250
v -6.08998108 16.70899391 -29.69040108
v -6.08998108 10.61292076 -27.07955360
v -6.08998108 16.71954155 -21.14474106
v -6.08998108 5.34570789 -23.79746056
v -6.08998108 9.32333088 -26.27502060
v -6.08998108 15.39767361 -20.30735779
v -6.08998108 11.69604111 -17.55865479
v -6.08998108 1.79242694 -20.79302979
v -6.08998108 8.27495956 -14.42434597
v -6.08998108 1.14354801 -19.69819260
v -6.08998108 6.77111387 -14.16946030
v -6.08998108 21.64217949 -26.72649574
v -6.08998108 18.88495445 -29.43529510
v -5.42142200 41.99140167 -11.52235985
v -5.42142200 43.42026520 -12.97676945
v -5.42142200 41.14448929 -10.66445827
v -4.80810785 40.44606018 -9.85398865
v -4.62397385 -0.85886300 -20.44160652
v -1.62023306 -0.85886300 -20.44160652
v -1.62023306 -2.82174301 -18.91100693
v -4.62397385 -2.82174301 -18.91100693
v -1.62023306 -0.85886300 -20.44160652
v -1.62023306 7.91728783 -11.81958580
v -1.62023306 5.95440912 -10.28898525
v -1.62023306 -2.82174301 -18.91100693
v -1.62023306 7.91728783 -11.81958580
v -4.62397385 7.91728783 -11.81958580
v -4.62397385 5.95440912 -10.28898525
v -1.62023306 5.95440912 -10.28898525
v -4.62397385 7.91728783 -11.81958580
v -4.62397385 -0.85886300 -20.44160652
v -4.62397385 -2.82174301 -18.91100693
v -4.62397385 5.95440912 -10.28898525
vt 0.43749499 0.57108402
vt 0.43749499 0.57108402
vt 0.44317299 0.54270804
vt 0.44317299 0.54270804
vt 0.41933000 0.54270804
vt 0.41933000 0.54270804
vt 0.41897199 0.57108402
vt 0.41897199 0.57108402
vt 0.43749499 0.57108402
vt 0.41897199 0.57108402
vt 0.41897199 0.57108402
vt 0.43749499 0.57108402
vt 0.42796001 0.60054696
vt 0.42796001 0.60054696
vt 0.43617800 0.59626001
vt 0.42796001 0.60054696
vt 0.43617800 0.59626001
vt 0.43617800 0.59626001
vt 0.42796001 0.60054696
vt 0.43617800 0.59626001
vt 0.43683100 0.62506801
vt 0.43683100 0.62506801
vt 0.44320101 0.62006599
vt 0.43683100 0.62506801
vt 0.44320101 0.62006599
vt 0.44320101 0.62006599
vt 0.43683100 0.62506801
vt 0.44320101 0.62006599
vt 0.43683100 0.62506801
vt 0.43683100 0.62506801
vt 0.44320101 0.62006599
vt 0.44320101 0.62006599
vt 0.74361002 0.25494802
vt 0.74367100 0.24660403
vt 0.52001399 0.24660301
vt 0.52007401 0.25494599
vt 0.74379402 0.23814702
vt 0.51989102 0.23814702
vt 0.74391103 0.22961903
vt 0.51977402 0.22961998
vt 0.74425000 0.28757000
vt 0.74402899 0.27932101
vt 0.51965600 0.27932203
vt 0.51943600 0.28757399
vt 0.74377799 0.27124703
vt 0.51990598 0.27124602
vt 0.74363601 0.26316601
vt 0.52004898 0.26316398
vt 0.74425203 0.28756499
vt 0.74403000 0.27931702
vt 0.51965398 0.27931899
vt 0.51943302 0.28756899
vt 0.74378002 0.27124399
vt 0.51990497 0.27124298
vt 0.74363601 0.26316601
vt 0.52004802 0.26316398
vt 0.74361098 0.25494897
vt 0.52007401 0.25494701
vt 0.74367201 0.24660701
vt 0.52001297 0.24660498
vt 0.74379498 0.23814899
vt 0.51989001 0.23814899
vt 0.74391198 0.22961998
vt 0.51977301 0.22962099
vt 0.89647502 0.27776301
vt 0.89973497 0.27762002
vt 0.90380001 0.27744299
vt 0.89466703 0.27784199
vt 0.89466703 0.27784199
vt 0.89647502 0.27776301
vt 0.89973497 0.27762002
vt 0.90380001 0.27744299
vt 0.90786499 0.27726603
vt 0.91112500 0.27712297
vt 0.91293401 0.27704400
vt 0.91293401 0.27704400
vt 0.91112500 0.27712297
vt 0.90786499 0.27726603
vt 0.90380001 0.27744299
vt 0.86258698 0.28345001
vt 0.86258698 0.28118402
vt 0.86258698 0.28627598
vt 0.86258698 0.27992600
vt 0.86258698 0.27992600
vt 0.86258698 0.28118402
vt 0.86258698 0.28345001
vt 0.86258698 0.28627598
vt 0.86258698 0.28910202
vt 0.86258698 0.29136801
vt 0.86258698 0.29262602
vt 0.86258698 0.29262602
vt 0.86258698 0.29136801
vt 0.86258698 0.28910202
vt 0.86258698 0.28627598
vt 0.82858998 0.28345001
vt 0.82858998 0.28118402
vt 0.82858998 0.27992600
vt 0.82858998 0.27992600
vt 0.82858998 0.28118402
vt 0.82858998 0.28345001
vt 0.82858998 0.28627598
vt 0.82858998 0.28910202
vt 0.82858998 0.29136801
vt 0.82858998 0.29262602
vt 0.82858998 0.29262602
vt 0.82858998 0.29136801
vt 0.82858998 0.28910202
vt 0.82858998 0.28627598
vt 0.49283901 0.25140899
vt 0.48909000 0.24181199
vt 0.48015201 0.24677998
vt 0.48281500 0.25343603
vt 0.48269099 0.23390400
vt 0.47542700 0.24118698
vt 0.47470000 0.22804701
vt 0.46892300 0.23709202
vt 0.47764400 0.28647298
vt 0.48492700 0.27997601
vt 0.47709900 0.27344501
vt 0.47102800 0.27819502
vt 0.49053201 0.27159202
vt 0.48124099 0.26742202
vt 0.49334201 0.26172501
vt 0.48319301 0.26054502
vt 0.44702300 0.23107398
vt 0.44023401 0.23834401
vt 0.44883600 0.24414003
vt 0.45456499 0.23877001
vt 0.43535599 0.24745703
vt 0.44519800 0.25068802
vt 0.43354100 0.25780201
vt 0.44392300 0.25788701
vt 0.43516400 0.26822901
vt 0.44506499 0.26505297
vt 0.44007301 0.27754098
vt 0.44852799 0.27146298
vt 0.44758901 0.28471601
vt 0.45403501 0.27645898
vt 0.45646301 0.28948897
vt 0.46113601 0.27961999
vt 0.48281500 0.25343603
vt 0.48015201 0.24677998
vt 0.47251901 0.25146598
vt 0.47401100 0.25538498
vt 0.47542700 0.24118698
vt 0.46991599 0.24819797
vt 0.46892300 0.23709202
vt 0.46646601 0.24611503
vt 0.47102800 0.27819502
vt 0.47709900 0.27344501
vt 0.47083101 0.26701599
vt 0.46756500 0.26939398
vt 0.48124099 0.26742202
vt 0.47311699 0.26357502
vt 0.48319301 0.26054502
vt 0.47422299 0.25956500
vt 0.45456499 0.23877001
vt 0.44883600 0.24414003
vt 0.45581099 0.25006998
vt 0.45885599 0.24735600
vt 0.44519800 0.25068802
vt 0.45386499 0.25373799
vt 0.44392300 0.25788701
vt 0.45314601 0.25785398
vt 0.44506499 0.26505297
vt 0.45375901 0.26198500
vt 0.44852799 0.27146298
vt 0.45565701 0.26570398
vt 0.45403501 0.27645898
vt 0.45864299 0.26861000
vt 0.46113601 0.27961999
vt 0.46236801 0.27021098
vt 0.89166802 0.28235698
vt 0.89715201 0.28211701
vt 0.89992601 0.28199601
vt 0.89666599 0.28213900
vt 0.88862401 0.28249002
vt 0.89485800 0.28221798
vt 0.88862401 0.28249002
vt 0.89485800 0.28221798
vt 0.89166802 0.28235698
vt 0.89666599 0.28213900
vt 0.89715201 0.28211701
vt 0.89992601 0.28199601
vt 0.90399098 0.28181899
vt 0.90399098 0.28181899
vt 0.91083002 0.28152102
vt 0.90805602 0.28164202
vt 0.91631401 0.28128099
vt 0.91131598 0.28149903
vt 0.91935802 0.28114802
vt 0.91312498 0.28141999
vt 0.91935802 0.28114802
vt 0.91312498 0.28141999
vt 0.91631401 0.28128099
vt 0.91131598 0.28149903
vt 0.91083002 0.28152102
vt 0.90805602 0.28164202
vt 0.90399098 0.28181899
vt 0.90399098 0.28181899
vt 0.89666599 0.28213900
vt 0.89992601 0.28199601
vt 0.89973497 0.27762002
vt 0.89647502 0.27776301
vt 0.89485800 0.28221798
vt 0.89466703 0.27784199
vt 0.89485800 0.28221798
vt 0.89466703 0.27784199
vt 0.89666599 0.28213900
vt 0.89647502 0.27776301
vt 0.89992601 0.28199601
vt 0.89973497 0.27762002
vt 0.90399098 0.28181899
vt 0.90380001 0.27744299
vt 0.90805602 0.28164202
vt 0.90786499 0.27726603
vt 0.91131598 0.28149903
vt 0.91112500 0.27712297
vt 0.91312498 0.28141999
vt 0.91293401 0.27704400
vt 0.91312498 0.28141999
vt 0.91293401 0.27704400
vt 0.91131598 0.28149903
vt 0.91112500 0.27712297
vt 0.90805602 0.28164202
vt 0.90786499 0.27726603
vt 0.90399098 0.28181899
vt 0.90380001 0.27744299
vt 0.89647502 0.27776301
vt 0.89973497 0.27762002
vt 0.89973497 0.27762002
vt 0.89647502 0.27776301
vt 0.89466703 0.27784199
vt 0.89647502 0.27776301
vt 0.89647502 0.27776301
vt 0.89466703 0.27784199
vt 0.89466703 0.27784199
vt 0.89466703 0.27784199
vt 0.89466703 0.27784199
vt 0.89466703 0.27784199
vt 0.89647502 0.27776301
vt 0.89647502 0.27776301
vt 0.89973497 0.27762002
vt 0.89647502 0.27776301
vt 0.89647502 0.27776301
vt 0.89973497 0.27762002
vt 0.90380001 0.27744299
vt 0.89973497 0.27762002
vt 0.89973497 0.27762002
vt 0.90380001 0.27744299
vt 0.90786499 0.27726603
vt 0.90380001 0.27744299
vt 0.90380001 0.27744299
vt 0.90786499 0.27726603
vt 0.91112500 0.27712297
vt 0.90786499 0.27726603
vt 0.90786499 0.27726603
vt 0.91112500 0.27712297
vt 0.91293401 0.27704400
vt 0.91112500 0.27712297
vt 0.91112500 0.27712297
vt 0.91293401 0.27704400
vt 0.91293401 0.27704400
vt 0.91293401 0.27704400
vt 0.91293401 0.27704400
vt 0.91293401 0.27704400
vt 0.91112500 0.27712297
vt 0.91293401 0.27704400
vt 0.91293401 0.27704400
vt 0.91112500 0.27712297
vt 0.90786499 0.27726603
vt 0.91112500 0.27712297
vt 0.91112500 0.27712297
vt 0.90786499 0.27726603
vt 0.90380001 0.27744299
vt 0.90786499 0.27726603
vt 0.90786499 0.27726603
vt 0.90380001 0.27744299
vt 0.89973497 0.27762002
vt 0.90380001 0.27744299
vt 0.90380001 0.27744299
vt 0.89973497 0.27762002
vt 0.89647502 0.27776301
vt 0.89973497 0.27762002
vt 0.89973497 0.27762002
vt 0.89647502 0.27776301
vt 0.89466703 0.27784199
vt 0.89647502 0.27776301
vt 0.89647502 0.27776301
vt 0.89466703 0.27784199
vt 0.89466703 0.27784199
vt 0.89466703 0.27784199
vt 0.89466703 0.27784199
vt 0.89466703 0.27784199
vt 0.89647502 0.27776301
vt 0.89466703 0.27784199
vt 0.89466703 0.27784199
vt 0.89647502 0.27776301
vt 0.89973497 0.27762002
vt 0.89647502 0.27776301
vt 0.89647502 0.27776301
vt 0.89973497 0.27762002
vt 0.90380001 0.27744299
vt 0.89973497 0.27762002
vt 0.89973497 0.27762002
vt 0.90380001 0.27744299
vt 0.90786499 0.27726603
vt 0.90380001 0.27744299
vt 0.90380001 0.27744299
vt 0.90786499 0.27726603
vt 0.91112500 0.27712297
vt 0.90786499 0.27726603
vt 0.90786499 0.27726603
vt 0.91112500 0.27712297
vt 0.91293401 0.27704400
vt 0.91112500 0.27712297
vt 0.91112500 0.27712297
vt 0.91293401 0.27704400
vt 0.91293401 0.27704400
vt 0.91293401 0.27704400
vt 0.91293401 0.27704400
vt 0.91293401 0.27704400
vt 0.91112500 0.27712297
vt 0.91293401 0.27704400
vt 0.91293401 0.27704400
vt 0.91112500 0.27712297
vt 0.90786499 0.27726603
vt 0.91112500 0.27712297
vt 0.91112500 0.27712297
vt 0.90786499 0.27726603
vt 0.90380001 0.27744299
vt 0.90786499 0.27726603
vt 0.90786499 0.27726603
vt 0.90380001 0.27744299
vt 0.89973497 0.27762002
vt 0.90380001 0.27744299
vt 0.90380001 0.27744299
vt 0.89973497 0.27762002
vt 0.09579800 0.40367103
vt 0.09579800 0.40367103
vt 0.11131800 0.41076601
vt 0.11131800 0.41076601
vt 0.08355600 0.40382302
vt 0.08355600 0.40382302
vt 0.07379400 0.40817702
vt 0.07379400 0.40817702
vt 0.15831099 0.44526798
vt 0.15831099 0.44526798
vt 0.15831099 0.42814499
vt 0.15831099 0.42814499
vt 0.11131800 0.38896400
vt 0.11131800 0.38896400
vt 0.09579800 0.38673300
vt 0.09579800 0.38673300
vt 0.07886800 0.39085001
vt 0.07886800 0.39085001
vt 0.06832400 0.39958900
vt 0.06832400 0.39958900
vt 0.07102100 0.40382302
vt 0.07102100 0.40382302
vt 0.07379400 0.40817702
vt 0.07379400 0.40817702
vt 0.06832400 0.39958900
vt 0.06832400 0.39958900
vt 0.09579800 0.40367103
vt 0.09579800 0.39508301
vt 0.11131800 0.39971101
vt 0.11131800 0.41076601
vt 0.08355600 0.40382302
vt 0.08117900 0.39724499
vt 0.07379400 0.40817702
vt 0.07102100 0.40382302
vt 0.07886800 0.39085001
vt 0.06832400 0.39958900
vt 0.09579800 0.38673300
vt 0.11131800 0.38896400
vt 0.09579800 0.39508301
vt 0.09579800 0.40367103
vt 0.11131800 0.41076601
vt 0.11131800 0.39971101
vt 0.08117900 0.39724499
vt 0.08355600 0.40382302
vt 0.07102100 0.40382302
vt 0.07379400 0.40817702
vt 0.09579800 0.38673300
vt 0.11131800 0.38896400
vt 0.07886800 0.39085001
vt 0.06832400 0.39958900
vt 0.11131800 0.41076601
vt 0.11131800 0.41076601
vt 0.12403600 0.43459100
vt 0.12403600 0.43459100
vt 0.11131800 0.41076601
vt 0.11131800 0.39971101
vt 0.13127400 0.42281199
vt 0.12403600 0.43459100
vt 0.11131800 0.38896400
vt 0.13127400 0.40098000
vt 0.11131800 0.38896400
vt 0.11131800 0.38896400
vt 0.13127400 0.40098000
vt 0.13127400 0.40098000
vt 0.11131800 0.39971101
vt 0.11131800 0.41076601
vt 0.12403600 0.43459100
vt 0.13127400 0.42281199
vt 0.11131800 0.38896400
vt 0.13127400 0.40098000
vt 0.12659401 0.48131001
vt 0.12659401 0.48131001
vt 0.14762799 0.48131001
vt 0.14762799 0.48131001
vt 0.12403600 0.43459100
vt 0.13127400 0.42281199
vt 0.15831099 0.42814499
vt 0.15831099 0.44526798
vt 0.13127400 0.40098000
vt 0.15831099 0.40631402
vt 0.15755600 0.46423602
vt 0.11666700 0.46423602
vt 0.14762799 0.48131001
vt 0.12659401 0.48131001
vt 0.13127400 0.40098000
vt 0.13127400 0.40098000
vt 0.15831099 0.40631402
vt 0.15831099 0.40631402
vt 0.13127400 0.42281199
vt 0.12403600 0.43459100
vt 0.15831099 0.44526798
vt 0.15831099 0.42814499
vt 0.13127400 0.40098000
vt 0.15831099 0.40631402
vt 0.18936400 0.41527301
vt 0.18936400 0.41527301
vt 0.18936400 0.40855002
vt 0.18936400 0.40855002
vt 0.15831099 0.42814499
vt 0.15831099 0.42814499
vt 0.17217600 0.41474599
vt 0.17217600 0.41474599
vt 0.15831099 0.42814499
vt 0.15831099 0.40631402
vt 0.17217600 0.40499699
vt 0.17217600 0.41474599
vt 0.15831099 0.40631402
vt 0.15831099 0.40631402
vt 0.17217600 0.40499699
vt 0.17217600 0.40499699
vt 0.15831099 0.40631402
vt 0.15831099 0.42814499
vt 0.17217600 0.41474599
vt 0.17217600 0.40499699
vt 0.17217600 0.41474599
vt 0.17217600 0.41474599
vt 0.18936400 0.41527301
vt 0.18936400 0.41527301
vt 0.17217600 0.41474599
vt 0.17217600 0.40499699
vt 0.18936400 0.40855002
vt 0.18936400 0.41527301
vt 0.17217600 0.40499699
vt 0.17217600 0.40499699
vt 0.18936400 0.40855002
vt 0.18936400 0.40855002
vt 0.17217600 0.40499699
vt 0.17217600 0.41474599
vt 0.18936400 0.41527301
vt 0.18936400 0.40855002
vt 0.12403600 0.43459100
vt 0.12403600 0.43459100
vt 0.11666700 0.46423602
vt 0.11666700 0.46423602
vt 0.15831099 0.44526798
vt 0.15831099 0.44526798
vt 0.15755600 0.46423602
vt 0.15755600 0.46423602
vt 0.12403600 0.43459100
vt 0.15831099 0.44526798
vt 0.11666700 0.46423602
vt 0.15755600 0.46423602
vt 0.11666700 0.46423602
vt 0.11666700 0.46423602
vt 0.12659401 0.48131001
vt 0.12659401 0.48131001
vt 0.15755600 0.46423602
vt 0.15755600 0.46423602
vt 0.14762799 0.48131001
vt 0.14762799 0.48131001
vt 0.15755600 0.46423602
vt 0.11666700 0.46423602
vt 0.12659401 0.48131001
vt 0.14762799 0.48131001
vt 0.45924500 0.39525801
vt 0.45924500 0.39634401
vt 0.53217101 0.39634401
vt 0.53217101 0.39525801
vt 0.45924500 0.39634401
vt 0.53217101 0.39634401
vt 0.45924500 0.39525801
vt 0.53217101 0.39525801
vt 0.53217101 0.38898098
vt 0.53217101 0.38789499
vt 0.45924500 0.38789499
vt 0.45924500 0.38898098
vt 0.53217101 0.38789499
vt 0.45924500 0.38789499
vt 0.53217101 0.38898098
vt 0.45924500 0.38898098
vt 0.43874401 0.38898098
vt 0.43874401 0.38789499
vt 0.43874401 0.39071101
vt 0.43874401 0.39071101
vt 0.43874401 0.38789499
vt 0.43874401 0.39071101
vt 0.43874401 0.38898098
vt 0.43874401 0.39071101
vt 0.43874401 0.39352697
vt 0.43874401 0.39352697
vt 0.43874401 0.39352697
vt 0.43874401 0.39352697
vt 0.43874401 0.39634401
vt 0.43874401 0.39525801
vt 0.43874401 0.39634401
vt 0.43874401 0.39525801
vt 0.45924500 0.39071101
vt 0.53217101 0.39071101
vt 0.45924500 0.39352697
vt 0.53217101 0.39352697
vt 0.45924500 0.39071101
vt 0.53217101 0.39071101
vt 0.45924500 0.39352697
vt 0.53217101 0.39352697
vt 0.45699099 0.38822401
vt 0.45699099 0.38822401
vt 0.44323200 0.38822401
vt 0.44323200 0.38822401
vt 0.45699099 0.38906902
vt 0.44323200 0.38906902
vt 0.45699099 0.39041603
vt 0.44323200 0.39041603
vt 0.45699099 0.39260697
vt 0.44323200 0.39260697
vt 0.53217101 0.39525801
vt 0.53217101 0.39634401
vt 0.53217101 0.39514601
vt 0.53217101 0.39436799
vt 0.53217101 0.39352697
vt 0.53217101 0.39312798
vt 0.53217101 0.39634401
vt 0.53217101 0.39514601
vt 0.53217101 0.39525801
vt 0.53217101 0.39436799
vt 0.53217101 0.39352697
vt 0.53217101 0.39312798
vt 0.53217101 0.39071101
vt 0.53217101 0.39111000
vt 0.53217101 0.39071101
vt 0.53217101 0.39111000
vt 0.53217101 0.38789499
vt 0.53217101 0.38898098
vt 0.53217101 0.38986999
vt 0.53217101 0.38909203
vt 0.53217101 0.38789499
vt 0.53217101 0.38909203
vt 0.53217101 0.38898098
vt 0.53217101 0.38986999
vt 0.53217101 0.39436799
vt 0.53217101 0.39514601
vt 0.47486401 0.39514601
vt 0.47486401 0.39436799
vt 0.53217101 0.39312798
vt 0.47486401 0.39312798
vt 0.53217101 0.39514601
vt 0.47486401 0.39514601
vt 0.53217101 0.39436799
vt 0.47486401 0.39436799
vt 0.53217101 0.39312798
vt 0.47486401 0.39312798
vt 0.53217101 0.39111000
vt 0.47486401 0.39111000
vt 0.53217101 0.39111000
vt 0.47486401 0.39111000
vt 0.53217101 0.38909203
vt 0.53217101 0.38986999
vt 0.47486401 0.38986999
vt 0.47486401 0.38909203
vt 0.53217101 0.38909203
vt 0.47486401 0.38909203
vt 0.53217101 0.38986999
vt 0.47486401 0.38986999
vt 0.45699099 0.38822401
vt 0.45699099 0.38822401
vt 0.45699099 0.38898200
vt 0.45699099 0.38898200
vt 0.44323200 0.38822401
vt 0.44323200 0.38822401
vt 0.44323200 0.38898200
vt 0.44323200 0.38898200
vt 0.45699099 0.38906902
vt 0.45699099 0.38973802
vt 0.44323200 0.38906902
vt 0.44323200 0.38973802
vt 0.45699099 0.39041603
vt 0.45699099 0.39094299
vt 0.44323200 0.39041603
vt 0.44323200 0.39094299
vt 0.45699099 0.39260697
vt 0.45699099 0.39257199
vt 0.44323200 0.39260697
vt 0.44323200 0.39257199
vt 0.55663401 0.28987700
vt 0.55663401 0.29117900
vt 0.98311400 0.29117900
vt 0.98311400 0.28987700
vt 0.40505201 0.28987700
vt 0.40505201 0.29117900
vt 0.13538501 0.28987700
vt 0.13538501 0.29117900
vt 0.55696398 0.46676397
vt 0.55696398 0.46676397
vt 0.98311400 0.46676397
vt 0.98311400 0.46676397
vt 0.55696398 0.46505600
vt 0.98311400 0.46505600
vt 0.41359299 0.46676397
vt 0.41359299 0.46676397
vt 0.41359299 0.46505600
vt 0.13306500 0.46676397
vt 0.13306500 0.46676397
vt 0.13306500 0.46505600
vt 0.98311400 0.22233999
vt 0.98311400 0.21275198
vt 0.55663401 0.21275198
vt 0.55663401 0.22233999
vt 0.40505201 0.21275198
vt 0.40505201 0.22233999
vt 0.19699600 0.21275198
vt 0.18236500 0.22233999
vt 0.96601599 0.34739703
vt 0.96601599 0.34739703
vt 0.93510801 0.34567600
vt 0.93510801 0.34567600
vt 0.98311400 0.36386502
vt 0.98311400 0.37644500
vt 0.55696398 0.37644500
vt 0.55696398 0.36386502
vt 0.93278301 0.36386502
vt 0.97547299 0.36386502
vt 0.55696398 0.36386502
vt 0.93278301 0.36386502
vt 0.98311400 0.36386502
vt 0.97547299 0.36386502
vt 0.18236500 0.22233999
vt 0.19699600 0.21275198
vt 0.17938399 0.22467899
vt 0.15968600 0.23761600
vt 0.13538501 0.26247901
vt 0.13538501 0.26247901
vt 0.13538501 0.29117900
vt 0.13538501 0.28987700
vt 0.19467700 0.36386502
vt 0.19467700 0.36386502
vt 0.17706400 0.37951398
vt 0.17706400 0.37951398
vt 0.18004499 0.37644500
vt 0.15736599 0.39648700
vt 0.13306500 0.42910802
vt 0.13306500 0.42910802
vt 0.13306500 0.46505600
vt 0.13306500 0.46676397
vt 0.55696398 0.39648700
vt 0.55696398 0.37644500
vt 0.98311400 0.37644500
vt 0.98311400 0.39648700
vt 0.55696398 0.42910802
vt 0.98311400 0.42910802
vt 0.55696398 0.46505600
vt 0.98311400 0.46505600
vt 0.41359299 0.46505600
vt 0.41359299 0.42910802
vt 0.41359299 0.37644500
vt 0.41359299 0.39648700
vt 0.15736599 0.39648700
vt 0.18004499 0.37644500
vt 0.13306500 0.42910802
vt 0.13306500 0.46505600
vt 0.55663401 0.22233999
vt 0.55663401 0.23761600
vt 0.98311400 0.23761600
vt 0.98311400 0.22233999
vt 0.55663401 0.26247901
vt 0.98311400 0.26247901
vt 0.55663401 0.28987700
vt 0.98311400 0.28987700
vt 0.40505201 0.22233999
vt 0.40505201 0.23761600
vt 0.40505201 0.26247901
vt 0.40505201 0.28987700
vt 0.18236500 0.22233999
vt 0.15968600 0.23761600
vt 0.13538501 0.26247901
vt 0.13538501 0.28987700
vt 0.41359299 0.36386502
vt 0.41359299 0.36386502
vt 0.19467700 0.36386502
vt 0.19467700 0.36386502
vt 0.41359299 0.37644500
vt 0.18004499 0.37644500
vt 0.55696398 0.36386502
vt 0.55696398 0.36386502
vt 0.55696398 0.37830502
vt 0.55696398 0.37830502
vt 0.41359299 0.36386502
vt 0.41359299 0.36386502
vt 0.41359299 0.37830502
vt 0.41359299 0.37830502
vt 0.55696398 0.37644500
vt 0.55696398 0.39088500
vt 0.41359299 0.37644500
vt 0.41359299 0.39088500
vt 0.55696398 0.37644500
vt 0.55696398 0.39648700
vt 0.55696398 0.41092700
vt 0.55696398 0.39088500
vt 0.41359299 0.39648700
vt 0.41359299 0.41092700
vt 0.55696398 0.42910802
vt 0.55696398 0.42626703
vt 0.41359299 0.42910802
vt 0.41359299 0.42626703
vt 0.17706400 0.37951398
vt 0.17706400 0.37951398
vt 0.25873500 0.37951398
vt 0.25873500 0.37951398
vt 0.13306500 0.42910802
vt 0.21473600 0.42910802
vt 0.13306500 0.46676397
vt 0.21473600 0.46504301
vt 0.13538501 0.26247901
vt 0.17938399 0.22467899
vt 0.26105401 0.22467899
vt 0.21705499 0.26247901
vt 0.13538501 0.29117900
vt 0.21705499 0.28986800
vt 0.98311400 0.28987700
vt 0.98311400 0.29117900
vt 0.99040401 0.28557402
vt 0.99040401 0.28445798
vt 0.98311400 0.26247901
vt 0.98311400 0.28987700
vt 0.99040401 0.28445798
vt 0.99040401 0.26097602
vt 0.98311400 0.23761600
vt 0.99040401 0.23966700
vt 0.98311400 0.22233999
vt 0.99040401 0.22657502
vt 0.98311400 0.46676397
vt 0.98311400 0.46676397
vt 0.99040401 0.45940900
vt 0.99040401 0.45940900
vt 0.98311400 0.46505600
vt 0.99040401 0.45794499
vt 0.98311400 0.46505600
vt 0.98311400 0.42910802
vt 0.99040401 0.42713702
vt 0.99040401 0.45794499
vt 0.98311400 0.39648700
vt 0.99040401 0.39917803
vt 0.98311400 0.37644500
vt 0.99040401 0.38200200
vt 0.98311400 0.21275198
vt 0.98311400 0.22233999
vt 0.99040401 0.22657502
vt 0.99040401 0.21835798
vt 0.98311400 0.36386502
vt 0.98311400 0.36386502
vt 0.99040401 0.37121999
vt 0.99040401 0.37121999
vt 0.98311400 0.37644500
vt 0.99040401 0.38200200
vt 0.99040401 0.28445798
vt 0.99040401 0.28557402
vt 0.96186501 0.28557402
vt 0.96186501 0.28445798
vt 0.99040401 0.26097602
vt 0.99040401 0.28445798
vt 0.96186501 0.28445798
vt 0.96186501 0.26097602
vt 0.99040401 0.23966700
vt 0.96186501 0.23966700
vt 0.99040401 0.22657502
vt 0.96186501 0.22657502
vt 0.99040401 0.45940900
vt 0.99040401 0.45940900
vt 0.96186501 0.45940900
vt 0.96186501 0.45940900
vt 0.99040401 0.45794499
vt 0.96186501 0.45794499
vt 0.99040401 0.45794499
vt 0.99040401 0.42713702
vt 0.96186501 0.42713702
vt 0.96186501 0.45794499
vt 0.99040401 0.39917803
vt 0.96186501 0.39917803
vt 0.99040401 0.38200200
vt 0.96186501 0.38200200
vt 0.99040401 0.21835798
vt 0.99040401 0.22657502
vt 0.96186501 0.22657502
vt 0.96186501 0.21835798
vt 0.99040401 0.37121999
vt 0.99040401 0.37121999
vt 0.96186501 0.37121999
vt 0.96186501 0.37121999
vt 0.99040401 0.38200200
vt 0.96186501 0.38200200
vt 0.98311400 0.36386502
vt 0.98311400 0.36386502
vt 0.97547299 0.36386502
vt 0.97547299 0.36386502
vt 0.97547299 0.36386502
vt 0.97547299 0.36386502
vt 0.96601599 0.34739703
vt 0.96601599 0.34739703
vt 0.97547299 0.36386502
vt 0.93278301 0.36386502
vt 0.93510801 0.34567600
vt 0.96601599 0.34739703
vt 0.93278301 0.36386502
vt 0.93278301 0.36386502
vt 0.93510801 0.34567600
vt 0.93510801 0.34567600
vt 0.93278301 0.36386502
vt 0.97547299 0.36386502
vt 0.96601599 0.34739703
vt 0.93510801 0.34567600
vt 0.76875597 0.93388098
vt 0.76996398 0.93388599
vt 0.77003402 0.91459501
vt 0.76882499 0.91459000
vt 0.76996398 0.93388599
vt 0.77003402 0.91459501
vt 0.76875597 0.93388098
vt 0.76882499 0.91459000
vt 0.76183999 0.91456497
vt 0.76063102 0.91456103
vt 0.76056200 0.93385202
vt 0.76177102 0.93385601
vt 0.76063102 0.91456103
vt 0.76056200 0.93385202
vt 0.76183999 0.91456497
vt 0.76177102 0.93385601
vt 0.76369601 0.93386298
vt 0.76376498 0.91457200
vt 0.76683003 0.93387502
vt 0.76689899 0.91458297
vt 0.76369601 0.93386298
vt 0.76376498 0.91457200
vt 0.76683003 0.93387502
vt 0.76689899 0.91458297
vt 0.76834399 0.93218398
vt 0.76940900 0.93218797
vt 0.76664901 0.93217802
vt 0.76664901 0.93217802
vt 0.76940900 0.93218797
vt 0.76664901 0.93217802
vt 0.76834399 0.93218398
vt 0.76664901 0.93217802
vt 0.76388901 0.93216801
vt 0.76388901 0.93216801
vt 0.76388901 0.93216801
vt 0.76388901 0.93216801
vt 0.76112998 0.93215799
vt 0.76219398 0.93216199
vt 0.76112998 0.93215799
vt 0.76219398 0.93216199
vt 0.76840699 0.91483903
vt 0.76947099 0.91484302
vt 0.76671100 0.91483301
vt 0.76947099 0.91484302
vt 0.76840699 0.91483903
vt 0.76671100 0.91483301
vt 0.76395202 0.91482300
vt 0.76395202 0.91482300
vt 0.76119202 0.91481298
vt 0.76225603 0.91481698
vt 0.76119202 0.91481298
vt 0.76225603 0.91481698
vt 0.76016998 0.02415502
vt 0.74398500 0.04917598
vt 0.78577000 0.04929399
vt 0.78588700 0.00750899
vt 0.74386698 0.09096199
vt 0.78565198 0.09107900
vt 0.75991100 0.11607403
vt 0.78553498 0.13286501
vt 0.82755500 0.04941201
vt 0.82767302 0.00762701
vt 0.82743698 0.09119701
vt 0.82731998 0.13298202
vt 0.86934000 0.04953003
vt 0.85329598 0.02441800
vt 0.86922300 0.09131497
vt 0.85303801 0.11633599
vt 0.76177102 0.93385601
vt 0.76056200 0.93385202
vt 0.76135802 0.93385500
vt 0.76236200 0.93385899
vt 0.76369601 0.93386298
vt 0.76396102 0.93386400
vt 0.76056200 0.93385202
vt 0.76135802 0.93385500
vt 0.76177102 0.93385601
vt 0.76236200 0.93385899
vt 0.76369601 0.93386298
vt 0.76396102 0.93386400
vt 0.76683003 0.93387502
vt 0.76656502 0.93387401
vt 0.76683003 0.93387502
vt 0.76656502 0.93387401
vt 0.76996398 0.93388599
vt 0.76875597 0.93388098
vt 0.76816398 0.93387902
vt 0.76916802 0.93388301
vt 0.76996398 0.93388599
vt 0.76916802 0.93388301
vt 0.76875597 0.93388098
vt 0.76816398 0.93387902
vt 0.76236200 0.93385899
vt 0.76135802 0.93385500
vt 0.76135302 0.93524498
vt 0.76235700 0.93524802
vt 0.76396102 0.93386400
vt 0.76395601 0.93525398
vt 0.76135802 0.93385500
vt 0.76135302 0.93524498
vt 0.76236200 0.93385899
vt 0.76235700 0.93524802
vt 0.76396102 0.93386400
vt 0.76395601 0.93525398
vt 0.76656502 0.93387401
vt 0.76656002 0.93526298
vt 0.76656502 0.93387401
vt 0.76656002 0.93526298
vt 0.76916802 0.93388301
vt 0.76816398 0.93387902
vt 0.76815897 0.93526900
vt 0.76916301 0.93527198
vt 0.76916802 0.93388301
vt 0.76916301 0.93527198
vt 0.76816398 0.93387902
vt 0.76815897 0.93526900
vt 0.76235700 0.93524802
vt 0.76135302 0.93524498
vt 0.76042497 0.93524098
vt 0.76166803 0.93524599
vt 0.76395601 0.93525398
vt 0.76364702 0.93525302
vt 0.76135302 0.93524498
vt 0.76042497 0.93524098
vt 0.76235700 0.93524802
vt 0.76166803 0.93524599
vt 0.76395601 0.93525398
vt 0.76364702 0.93525302
vt 0.76656002 0.93526298
vt 0.76686901 0.93526399
vt 0.76656002 0.93526298
vt 0.76686901 0.93526399
vt 0.76916301 0.93527198
vt 0.76815897 0.93526900
vt 0.76884902 0.93527102
vt 0.77009100 0.93527603
vt 0.76916301 0.93527198
vt 0.77009100 0.93527603
vt 0.76815897 0.93526900
vt 0.76884902 0.93527102
vt 0.76166803 0.93524599
vt 0.76042497 0.93524098
vt 0.76042002 0.93680298
vt 0.76166201 0.93680698
vt 0.76364702 0.93525302
vt 0.76364201 0.93681401
vt 0.76042497 0.93524098
vt 0.76042002 0.93680298
vt 0.76166803 0.93524599
vt 0.76166201 0.93680698
vt 0.76364702 0.93525302
vt 0.76364201 0.93681401
vt 0.76686901 0.93526399
vt 0.76686400 0.93682599
vt 0.76686901 0.93526399
vt 0.76686400 0.93682599
vt 0.77009100 0.93527603
vt 0.76884902 0.93527102
vt 0.76884300 0.93683302
vt 0.77008599 0.93683702
vt 0.77009100 0.93527603
vt 0.77008599 0.93683702
vt 0.76884902 0.93527102
vt 0.76884300 0.93683302
vt 0.76882499 0.91459000
vt 0.77003402 0.91459501
vt 0.76947099 0.91484302
vt 0.76840699 0.91483903
vt 0.76689899 0.91458297
vt 0.76671100 0.91483301
vt 0.77003402 0.91459501
vt 0.76947099 0.91484302
vt 0.76882499 0.91459000
vt 0.76840699 0.91483903
vt 0.76689899 0.91458297
vt 0.76671100 0.91483301
vt 0.76376498 0.91457200
vt 0.76395202 0.91482300
vt 0.76376498 0.91457200
vt 0.76395202 0.91482300
vt 0.76063102 0.91456103
vt 0.76183999 0.91456497
vt 0.76225603 0.91481698
vt 0.76119202 0.91481298
vt 0.76063102 0.91456103
vt 0.76119202 0.91481298
vt 0.76183999 0.91456497
vt 0.76225603 0.91481698
vt 0.36717901 0.62659901
vt 0.37783501 0.62659901
vt 0.37783501 0.56989896
vt 0.36717901 0.56989896
vt 0.37783501 0.62659901
vt 0.37783501 0.56989896
vt 0.36717901 0.62659901
vt 0.36717901 0.56989896
vt 0.54687399 0.53237104
vt 0.55370897 0.53297001
vt 0.62117898 0.53311700
vt 0.62694198 0.53251803
vt 0.54687399 0.53237104
vt 0.62694198 0.53251803
vt 0.55370897 0.53297001
vt 0.62117898 0.53311700
vt 0.32074201 0.71916401
vt 0.31008601 0.71916401
vt 0.28662300 0.80847800
vt 0.29811400 0.80847800
vt 0.32074201 0.71916401
vt 0.29811400 0.80847800
vt 0.31008601 0.71916401
vt 0.28662300 0.80847800
vt 0.26916400 0.89933097
vt 0.27752399 0.89933097
vt 0.27752399 0.89933097
vt 0.26916400 0.89933097
vt 0.26617500 0.93942499
vt 0.27413699 0.93942499
vt 0.27413699 0.93942499
vt 0.26617500 0.93942499
vt 0.33083799 0.69280499
vt 0.32018200 0.68928599
vt 0.33083799 0.69280499
vt 0.32018200 0.68928599
vt 0.38877100 0.64213699
vt 0.39632300 0.63807702
vt 0.38089001 0.66111004
vt 0.37333801 0.65759099
vt 0.39632300 0.63807702
vt 0.38089001 0.66111004
vt 0.38877100 0.64213699
vt 0.37333801 0.65759099
vt 0.41006100 0.66964698
vt 0.40522501 0.66044497
vt 0.52471799 0.66858900
vt 0.52699298 0.67066199
vt 0.41006100 0.66964698
vt 0.52699298 0.67066199
vt 0.40522501 0.66044497
vt 0.52471799 0.66858900
vt 0.41091800 0.65505898
vt 0.40765101 0.65771198
vt 0.52531499 0.65990800
vt 0.52758902 0.65751696
vt 0.41091800 0.65505898
vt 0.52758902 0.65751696
vt 0.40765101 0.65771198
vt 0.52531499 0.65990800
vt 0.55973703 0.63296902
vt 0.55705798 0.63214201
vt 0.56849301 0.64231801
vt 0.56547600 0.64136803
vt 0.55705798 0.63214201
vt 0.56849301 0.64231801
vt 0.55973703 0.63296902
vt 0.56547600 0.64136803
vt 0.57497102 0.60258996
vt 0.57425398 0.60198998
vt 0.57876903 0.60213697
vt 0.57816398 0.60273701
vt 0.57425398 0.60198998
vt 0.57876903 0.60213697
vt 0.57497102 0.60258996
vt 0.57816398 0.60273701
vt 0.40865099 0.51415801
vt 0.39445901 0.51096904
vt 0.40865099 0.51415801
vt 0.39445901 0.51096904
vt 0.98403001 0.51096904
vt 0.98417097 0.51415801
vt 0.98387498 0.48198599
vt 0.98395699 0.48198599
vt 0.98417097 0.51415801
vt 0.98387498 0.48198599
vt 0.98403001 0.51096904
vt 0.98395699 0.48198599
vt 0.77959800 0.51415801
vt 0.77995503 0.51096904
vt 0.77959800 0.51415801
vt 0.77995503 0.51096904
vt 0.56888199 0.57220900
vt 0.56730598 0.57160902
vt 0.58210897 0.57175601
vt 0.58078003 0.57235599
vt 0.56730598 0.57160902
vt 0.58210897 0.57175601
vt 0.56888199 0.57220900
vt 0.58078003 0.57235599
vt 0.98387498 0.44738299
vt 0.98395699 0.44738299
vt 0.98387498 0.44738299
vt 0.98395699 0.44738299
vt 0.78365302 0.51415801
vt 0.78411001 0.51096904
vt 0.78365302 0.51415801
vt 0.78411001 0.51096904
vt 0.39445901 0.44738299
vt 0.40865099 0.44738299
vt 0.37185100 0.44738299
vt 0.37185100 0.44738299
vt 0.40865099 0.44738299
vt 0.37185100 0.44738299
vt 0.39445901 0.44738299
vt 0.37185100 0.44738299
vt 0.11761300 0.44738299
vt 0.12731101 0.44738299
vt 0.11761300 0.44738299
vt 0.12731101 0.44738299
vt 0.07033800 0.47886199
vt 0.08453000 0.47270298
vt 0.07033800 0.47886199
vt 0.08453000 0.47270298
vt 0.78756398 0.44738299
vt 0.79223698 0.44738299
vt 0.77933502 0.44738299
vt 0.78756398 0.44738299
vt 0.79223698 0.44738299
vt 0.78756398 0.44738299
vt 0.78756398 0.44738299
vt 0.77933502 0.44738299
vt 0.79171801 0.44738299
vt 0.78364098 0.44738299
vt 0.98291200 0.44738299
vt 0.98395699 0.44738299
vt 0.79628998 0.44738299
vt 0.79171801 0.44738299
vt 0.98395699 0.44738299
vt 0.98387498 0.44738299
vt 0.79628998 0.44738299
vt 0.98387498 0.44738299
vt 0.79171801 0.44738299
vt 0.98395699 0.44738299
vt 0.78364098 0.44738299
vt 0.79171801 0.44738299
vt 0.98395699 0.44738299
vt 0.98291200 0.44738299
vt 0.18256401 0.56989896
vt 0.17190801 0.56989896
vt 0.14221101 0.62659901
vt 0.15286700 0.62659901
vt 0.17190801 0.56989896
vt 0.14221101 0.62659901
vt 0.18256401 0.56989896
vt 0.15286700 0.62659901
vt 0.10569200 0.69018900
vt 0.11634800 0.69018900
vt 0.10569200 0.69018900
vt 0.11634800 0.69018900
vt 0.10625300 0.71916401
vt 0.09559700 0.71916401
vt 0.05500500 0.80847800
vt 0.06649600 0.80847800
vt 0.09559700 0.71916401
vt 0.05500500 0.80847800
vt 0.10625300 0.71916401
vt 0.06649600 0.80847800
vt 0.03121400 0.89933097
vt 0.04310500 0.89933097
vt 0.03121400 0.89933097
vt 0.04310500 0.89933097
vt 0.08128400 0.93942499
vt 0.09261000 0.93942499
vt 0.08128400 0.93942499
vt 0.09261000 0.93942499
vt 0.15713100 0.54356599
vt 0.14294000 0.54356599
vt 0.14294000 0.54356599
vt 0.15713100 0.54356599
vt 0.08453000 0.49921602
vt 0.07033800 0.49921602
vt 0.07033800 0.49921602
vt 0.08453000 0.49921602
vt 0.08453000 0.47270298
vt 0.07033800 0.47886199
vt 0.07033800 0.47886199
vt 0.08453000 0.47270298
vt 0.09261000 0.93942499
vt 0.08128400 0.93942499
vt 0.10436100 0.93942499
vt 0.11065400 0.93942499
vt 0.08128400 0.93942499
vt 0.10436100 0.93942499
vt 0.09261000 0.93942499
vt 0.11065400 0.93942499
vt 0.25791401 0.93942499
vt 0.25349000 0.93942499
vt 0.25349000 0.93942499
vt 0.25791401 0.93942499
vt 0.27413699 0.93942499
vt 0.26617500 0.93942499
vt 0.27413699 0.93942499
vt 0.26617500 0.93942499
vt 0.10680400 0.96794599
vt 0.10680400 0.96794599
vt 0.26982301 0.96794599
vt 0.26982301 0.96794599
vt 0.16984200 0.62659901
vt 0.15286700 0.62659901
vt 0.18256401 0.56989896
vt 0.19953901 0.56989896
vt 0.32032701 0.64730597
vt 0.19835900 0.64730597
vt 0.23123600 0.60158199
vt 0.32032701 0.60158199
vt 0.36717901 0.62659901
vt 0.35020301 0.62659901
vt 0.35020301 0.56989896
vt 0.36717901 0.56989896
vt 0.13332300 0.69018900
vt 0.11634800 0.69018900
vt 0.27447101 0.69785798
vt 0.16616100 0.69858599
vt 0.55339700 0.53392601
vt 0.55370897 0.53297001
vt 0.62117898 0.53311700
vt 0.62086701 0.53407300
vt 0.10625300 0.71916401
vt 0.12322800 0.71916401
vt 0.08480100 0.80847800
vt 0.06649600 0.80847800
vt 0.15901400 0.72195101
vt 0.26732400 0.72195101
vt 0.24770699 0.79397601
vt 0.12976500 0.79397601
vt 0.29311100 0.71916401
vt 0.31008601 0.71916401
vt 0.28662300 0.80847800
vt 0.26831701 0.80847800
vt 0.06204800 0.89933097
vt 0.04310500 0.89933097
vt 0.24850000 0.86724102
vt 0.11144900 0.86724102
vt 0.26916400 0.89933097
vt 0.26009601 0.89933097
vt 0.11065400 0.93942499
vt 0.09261000 0.93942499
vt 0.23512299 0.88678098
vt 0.15540200 0.88678098
vt 0.26617500 0.93942499
vt 0.25349000 0.93942499
vt 0.30320600 0.68928599
vt 0.32018200 0.68928599
vt 0.38877100 0.64213699
vt 0.37674001 0.64213699
vt 0.36130700 0.65759099
vt 0.37333801 0.65759099
vt 0.41100401 0.66734701
vt 0.41185999 0.65771198
vt 0.52169102 0.65990800
vt 0.52109498 0.66858900
vt 0.40522501 0.66044497
vt 0.52471799 0.66858900
vt 0.40765101 0.65771198
vt 0.52531499 0.65990800
vt 0.55973703 0.63296902
vt 0.55894101 0.63428700
vt 0.56468099 0.64268601
vt 0.56547600 0.64136803
vt 0.57497102 0.60258996
vt 0.57493800 0.60354501
vt 0.57813102 0.60369200
vt 0.57816398 0.60273701
vt 0.37185100 0.49735701
vt 0.39445901 0.51096904
vt 0.24741299 0.58034700
vt 0.30524200 0.58034700
vt 0.15713100 0.54356599
vt 0.17973900 0.54356599
vt 0.98403001 0.51096904
vt 0.98380500 0.49735701
vt 0.98291200 0.48198599
vt 0.98395699 0.48198599
vt 0.11900600 0.49921602
vt 0.37185100 0.48198599
vt 0.08453000 0.49921602
vt 0.77993000 0.49735701
vt 0.77995503 0.51096904
vt 0.77933502 0.48198599
vt 0.56888199 0.57220900
vt 0.56880999 0.57316399
vt 0.58070898 0.57331097
vt 0.58078003 0.57235599
vt 0.12731101 0.44738299
vt 0.37185100 0.44738299
vt 0.08453000 0.47270298
vt 0.98291200 0.44738299
vt 0.98395699 0.44738299
vt 0.77933502 0.44738299
vt 0.21481299 0.58342600
vt 0.18338400 0.63543999
vt 0.33194500 0.63543999
vt 0.33194500 0.58342600
vt 0.28557000 0.69294596
vt 0.14921799 0.69377398
vt 0.25510600 0.80228603
vt 0.27708000 0.72035396
vt 0.14072800 0.72035396
vt 0.10729900 0.80228603
vt 0.25475001 0.88563001
vt 0.08696200 0.88563001
vt 0.23716199 0.90785801
vt 0.13234900 0.90785801
vt 0.23608200 0.55926901
vt 0.31211299 0.55926901
vt 0.78364098 0.48198599
vt 0.78364098 0.44738299
vt 0.78424299 0.49735701
vt 0.78411001 0.51096904
vt 0.15286700 0.62659901
vt 0.16984200 0.62659901
vt 0.19953901 0.56989896
vt 0.18256401 0.56989896
vt 0.19835900 0.64730597
vt 0.32032701 0.64730597
vt 0.32032701 0.60158199
vt 0.23123600 0.60158199
vt 0.35020301 0.62659901
vt 0.36717901 0.62659901
vt 0.36717901 0.56989896
vt 0.35020301 0.56989896
vt 0.11634800 0.69018900
vt 0.13332300 0.69018900
vt 0.16616100 0.69858599
vt 0.27447101 0.69785798
vt 0.55370897 0.53297001
vt 0.55339700 0.53392601
vt 0.62086701 0.53407300
vt 0.62117898 0.53311700
vt 0.12322800 0.71916401
vt 0.10625300 0.71916401
vt 0.06649600 0.80847800
vt 0.08480100 0.80847800
vt 0.26732400 0.72195101
vt 0.15901400 0.72195101
vt 0.12976500 0.79397601
vt 0.24770699 0.79397601
vt 0.31008601 0.71916401
vt 0.29311100 0.71916401
vt 0.26831701 0.80847800
vt 0.28662300 0.80847800
vt 0.04310500 0.89933097
vt 0.06204800 0.89933097
vt 0.11144900 0.86724102
vt 0.24850000 0.86724102
vt 0.26009601 0.89933097
vt 0.26916400 0.89933097
vt 0.09261000 0.93942499
vt 0.11065400 0.93942499
vt 0.15540200 0.88678098
vt 0.23512299 0.88678098
vt 0.25349000 0.93942499
vt 0.26617500 0.93942499
vt 0.32018200 0.68928599
vt 0.30320600 0.68928599
vt 0.37674001 0.64213699
vt 0.38877100 0.64213699
vt 0.36130700 0.65759099
vt 0.37333801 0.65759099
vt 0.41100401 0.66734701
vt 0.40522501 0.66044497
vt 0.52471799 0.66858900
vt 0.52109498 0.66858900
vt 0.41185999 0.65771198
vt 0.52169102 0.65990800
vt 0.40765101 0.65771198
vt 0.52531499 0.65990800
vt 0.55894101 0.63428700
vt 0.55973703 0.63296902
vt 0.56468099 0.64268601
vt 0.56547600 0.64136803
vt 0.57493800 0.60354501
vt 0.57497102 0.60258996
vt 0.57813102 0.60369200
vt 0.57816398 0.60273701
vt 0.39445901 0.51096904
vt 0.37185100 0.49735701
vt 0.30524200 0.58034700
vt 0.24741299 0.58034700
vt 0.17973900 0.54356599
vt 0.15713100 0.54356599
vt 0.98380500 0.49735701
vt 0.98403001 0.51096904
vt 0.98395699 0.48198599
vt 0.98291200 0.48198599
vt 0.37185100 0.48198599
vt 0.11900600 0.49921602
vt 0.08453000 0.49921602
vt 0.77995503 0.51096904
vt 0.77993000 0.49735701
vt 0.77933502 0.48198599
vt 0.56880999 0.57316399
vt 0.56888199 0.57220900
vt 0.58070898 0.57331097
vt 0.58078003 0.57235599
vt 0.37185100 0.44738299
vt 0.12731101 0.44738299
vt 0.08453000 0.47270298
vt 0.77933502 0.44738299
vt 0.98395699 0.44738299
vt 0.98291200 0.44738299
vt 0.33194500 0.58342600
vt 0.33194500 0.63543999
vt 0.18338400 0.63543999
vt 0.21481299 0.58342600
vt 0.14921799 0.69377398
vt 0.28557000 0.69294596
vt 0.10729900 0.80228603
vt 0.14072800 0.72035396
vt 0.27708000 0.72035396
vt 0.25510600 0.80228603
vt 0.08696200 0.88563001
vt 0.25475001 0.88563001
vt 0.13234900 0.90785801
vt 0.23716199 0.90785801
vt 0.31211299 0.55926901
vt 0.23608200 0.55926901
vt 0.78364098 0.48198599
vt 0.78364098 0.44738299
vt 0.78424299 0.49735701
vt 0.78411001 0.51096904
vt 0.10436100 0.93942499
vt 0.10436100 0.93942499
vt 0.10680400 0.96794599
vt 0.10680400 0.96794599
vt 0.10436100 0.93942499
vt 0.25791401 0.93942499
vt 0.26982301 0.96794599
vt 0.10680400 0.96794599
vt 0.25791401 0.93942499
vt 0.25791401 0.93942499
vt 0.26982301 0.96794599
vt 0.26982301 0.96794599
vt 0.25791401 0.93942499
vt 0.10436100 0.93942499
vt 0.10680400 0.96794599
vt 0.26982301 0.96794599
f 8/8 7/7 13/13
f 8/8 13/13 14/14
f 10/10 9/9 15/15
f 10/10 15/15 16/16
f 20/20 27/27 28/28
f 20/20 19/19 27/27
f 18/18 25/25 26/26
f 18/18 17/17 25/25
f 16/16 23/23 24/24
f 16/16 15/15 23/23
f 14/14 21/21 22/22
f 14/14 13/13 21/21
f 12/12 19/19 20/20
f 12/12 11/11 19/19
f 2/2 17/17 18/18
f 2/2 1/1 17/17
f 9/9 10/10 5/5
f 9/9 5/5 3/3
f 6/6 7/7 8/8
f 6/6 5/5 7/7
f 4/4 5/5 6/6
f 4/4 3/3 5/5
f 11/11 4/4 6/6
f 11/11 12/12 4/4
f 1/1 3/3 4/4
f 1/1 2/2 3/3
f 29/29 30/30 31/31
f 29/29 31/31 32/32
f 33/33 34/34 35/35
f 33/33 35/35 36/36
f 34/34 37/37 38/38
f 34/34 38/38 35/35
f 45/45 47/47 48/48
f 45/45 48/48 46/46
f 41/41 42/42 43/43
f 41/41 43/43 44/44
f 42/42 45/45 46/46
f 42/42 46/46 43/43
f 47/47 33/33 36/36
f 47/47 36/36 48/48
f 37/37 39/39 40/40
f 37/37 40/40 38/38
f 53/53 56/56 54/54
f 53/53 55/55 56/56
f 61/61 64/64 62/62
f 61/61 63/63 64/64
f 50/50 53/53 54/54
f 50/50 54/54 51/51
f 59/59 61/61 62/62
f 59/59 62/62 60/60
f 57/57 59/59 60/60
f 57/57 60/60 58/58
f 55/55 58/58 56/56
f 55/55 57/57 58/58
f 49/49 51/51 52/52
f 49/49 50/50 51/51
f 78/78 77/77 67/67
f 77/77 76/76 67/67
f 65/65 66/66 67/67
f 68/68 65/65 67/67
f 66/66 79/79 67/67
f 79/79 78/78 67/67
f 75/75 74/74 67/67
f 76/76 75/75 67/67
f 71/71 70/70 67/67
f 72/72 71/71 67/67
f 69/69 68/68 67/67
f 70/70 69/69 67/67
f 74/74 73/73 67/67
f 73/73 72/72 67/67
f 81/81 83/83 82/82
f 80/80 81/81 82/82
f 96/96 83/83 81/81
f 96/96 97/97 83/83
f 92/92 93/93 82/82
f 91/91 92/92 82/82
f 90/90 91/91 82/82
f 89/89 90/90 82/82
f 88/88 89/89 82/82
f 87/87 88/88 82/82
f 86/86 87/87 82/82
f 85/85 86/86 82/82
f 84/84 85/85 82/82
f 83/83 84/84 82/82
f 101/101 88/88 87/87
f 101/101 102/102 88/88
f 100/100 87/87 86/86
f 100/100 101/101 87/87
f 94/94 80/80 82/82
f 93/93 94/94 82/82
f 98/98 85/85 84/84
f 98/98 99/99 85/85
f 108/108 80/80 94/94
f 108/108 95/95 80/80
f 95/95 81/81 80/80
f 95/95 96/96 81/81
f 97/97 84/84 83/83
f 97/97 98/98 84/84
f 99/99 86/86 85/85
f 99/99 100/100 86/86
f 105/105 92/92 91/91
f 105/105 106/106 92/92
f 104/104 91/91 90/90
f 104/104 105/105 91/91
f 102/102 103/103 89/89
f 102/102 89/89 88/88
f 103/103 104/104 90/90
f 103/103 90/90 89/89
f 107/107 94/94 93/93
f 107/107 108/108 94/94
f 106/106 93/93 92/92
f 106/106 107/107 93/93
f 123/123 109/109 112/112
f 123/123 112/112 124/124
f 121/121 124/124 122/122
f 121/121 123/123 124/124
f 118/118 121/121 122/122
f 118/118 122/122 119/119
f 117/117 118/118 119/119
f 117/117 119/119 120/120
f 110/110 113/113 114/114
f 110/110 114/114 111/111
f 113/113 115/115 116/116
f 113/113 116/116 114/114
f 109/109 111/111 112/112
f 109/109 110/110 111/111
f 137/137 139/139 140/140
f 137/137 140/140 138/138
f 135/135 138/138 136/136
f 135/135 137/137 138/138
f 133/133 136/136 134/134
f 133/133 135/135 136/136
f 125/125 126/126 127/127
f 125/125 127/127 128/128
f 131/131 133/133 134/134
f 131/131 134/134 132/132
f 126/126 129/129 130/130
f 126/126 130/130 127/127
f 129/129 132/132 130/130
f 129/129 131/131 132/132
f 145/145 147/147 148/148
f 145/145 148/148 146/146
f 142/142 145/145 146/146
f 142/142 146/146 143/143
f 141/141 143/143 144/144
f 141/141 142/142 143/143
f 153/153 156/156 154/154
f 153/153 155/155 156/156
f 155/155 141/141 144/144
f 155/155 144/144 156/156
f 149/149 151/151 152/152
f 149/149 150/150 151/151
f 150/150 154/154 151/151
f 150/150 153/153 154/154
f 165/165 167/167 168/168
f 165/165 168/168 166/166
f 169/169 172/172 170/170
f 169/169 171/171 172/172
f 157/157 159/159 160/160
f 157/157 158/158 159/159
f 167/167 170/170 168/168
f 167/167 169/169 170/170
f 161/161 163/163 164/164
f 161/161 164/164 162/162
f 163/163 165/165 166/166
f 163/163 166/166 164/164
f 158/158 161/161 162/162
f 158/158 162/162 159/159
f 197/197 195/195 196/196
f 197/197 196/196 198/198
f 199/199 197/197 198/198
f 199/199 198/198 200/200
f 174/174 199/199 200/200
f 174/174 200/200 175/175
f 189/189 188/188 190/190
f 189/189 187/187 188/188
f 187/187 186/186 188/188
f 187/187 185/185 186/186
f 185/185 184/184 186/186
f 185/185 183/183 184/184
f 183/183 182/182 184/184
f 183/183 181/181 182/182
f 181/181 180/180 182/182
f 181/181 179/179 180/180
f 195/195 194/194 196/196
f 195/195 193/193 194/194
f 179/179 178/178 180/180
f 179/179 177/177 178/178
f 177/177 176/176 178/178
f 177/177 173/173 176/176
f 173/173 175/175 176/176
f 173/173 174/174 175/175
f 191/191 190/190 192/192
f 191/191 189/189 190/190
f 193/193 192/192 194/194
f 193/193 191/191 192/192
f 227/227 225/225 226/226
f 227/227 226/226 228/228
f 217/217 215/215 216/216
f 217/217 216/216 218/218
f 209/209 208/208 210/210
f 209/209 207/207 208/208
f 213/213 211/211 212/212
f 213/213 212/212 214/214
f 215/215 213/213 214/214
f 215/215 214/214 216/216
f 202/202 227/227 228/228
f 202/202 228/228 203/203
f 221/221 220/220 222/222
f 221/221 219/219 220/220
f 223/223 222/222 224/224
f 223/223 221/221 222/222
f 211/211 209/209 210/210
f 211/211 210/210 212/212
f 201/201 202/202 203/203
f 201/201 203/203 204/204
f 225/225 224/224 226/226
f 225/225 223/223 224/224
f 207/207 206/206 208/208
f 207/207 205/205 206/206
f 205/205 204/204 206/206
f 205/205 201/201 204/204
f 219/219 218/218 220/220
f 219/219 217/217 218/218
f 229/229 230/230 231/231
f 229/229 231/231 232/232
f 233/233 235/235 236/236
f 233/233 234/234 235/235
f 237/237 238/238 239/239
f 237/237 239/239 240/240
f 241/241 237/237 240/240
f 241/241 240/240 242/242
f 243/243 244/244 245/245
f 243/243 245/245 246/246
f 247/247 249/249 250/250
f 247/247 248/248 249/249
f 251/251 253/253 254/254
f 251/251 252/252 253/253
f 255/255 257/257 258/258
f 255/255 256/256 257/257
f 259/259 261/261 262/262
f 259/259 260/260 261/261
f 263/263 264/264 265/265
f 263/263 265/265 266/266
f 267/267 269/269 270/270
f 267/267 268/268 269/269
f 271/271 273/273 274/274
f 271/271 272/272 273/273
f 275/275 277/277 278/278
f 275/275 276/276 277/277
f 279/279 280/280 281/281
f 279/279 281/281 282/282
f 283/283 285/285 286/286
f 283/283 284/284 285/285
f 287/287 288/288 289/289
f 287/287 289/289 290/290
f 291/291 292/292 293/293
f 291/291 293/293 294/294
f 295/295 296/296 297/297
f 295/295 297/297 298/298
f 299/299 301/301 302/302
f 299/299 300/300 301/301
f 303/303 304/304 305/305
f 303/303 305/305 306/306
f 307/307 308/308 309/309
f 307/307 309/309 310/310
f 311/311 312/312 313/313
f 311/311 313/313 314/314
f 315/315 316/316 317/317
f 315/315 317/317 318/318
f 319/319 320/320 321/321
f 319/319 321/321 322/322
f 323/323 324/324 325/325
f 323/323 325/325 326/326
f 327/327 328/328 329/329
f 327/327 329/329 330/330
f 331/331 332/332 333/333
f 331/331 333/333 334/334
f 335/335 336/336 337/337
f 335/335 337/337 338/338
f 344/344 345/345 346/346
f 344/344 343/343 345/345
f 339/339 341/341 342/342
f 339/339 340/340 341/341
f 340/340 339/339 343/343
f 340/340 343/343 344/344
f 347/347 348/348 349/349
f 347/347 349/349 350/350
f 356/356 357/357 358/358
f 356/356 355/355 357/357
f 354/354 353/353 355/355
f 354/354 355/355 356/356
f 351/351 352/352 353/353
f 351/351 353/353 354/354
f 359/359 361/361 362/362
f 359/359 360/360 361/361
f 363/363 364/364 360/360
f 363/363 360/360 359/359
f 375/375 370/370 373/373
f 375/375 366/366 370/370
f 366/366 369/369 370/370
f 366/366 365/365 369/369
f 373/373 372/372 374/374
f 373/373 370/370 372/372
f 370/370 371/371 372/372
f 370/370 369/369 371/371
f 365/365 367/367 368/368
f 365/365 366/366 367/367
f 367/367 366/366 375/375
f 367/367 375/375 376/376
f 382/382 383/383 384/384
f 382/382 381/381 383/383
f 377/377 378/378 379/379
f 377/377 379/379 380/380
f 378/378 381/381 382/382
f 378/378 377/377 381/381
f 383/383 381/381 387/387
f 383/383 387/387 388/388
f 381/381 377/377 385/385
f 381/381 385/385 387/387
f 385/385 380/380 386/386
f 385/385 377/377 380/380
f 389/389 390/390 391/391
f 389/389 391/391 392/392
f 393/393 394/394 395/395
f 393/393 395/395 396/396
f 395/395 397/397 398/398
f 395/395 394/394 397/397
f 399/399 401/401 402/402
f 399/399 400/400 401/401
f 407/407 403/403 406/406
f 407/407 406/406 408/408
f 403/403 404/404 405/405
f 403/403 405/405 406/406
f 409/409 410/410 411/411
f 409/409 411/411 412/412
f 420/420 419/419 421/421
f 420/420 421/421 422/422
f 413/413 419/419 420/420
f 413/413 416/416 419/419
f 415/415 414/414 417/417
f 415/415 417/417 418/418
f 413/413 414/414 415/415
f 413/413 415/415 416/416
f 423/423 425/425 426/426
f 423/423 424/424 425/425
f 427/427 428/428 429/429
f 427/427 429/429 430/430
f 431/431 427/427 430/430
f 431/431 430/430 432/432
f 433/433 435/435 436/436
f 433/433 434/434 435/435
f 437/437 438/438 439/439
f 437/437 439/439 440/440
f 441/441 443/443 444/444
f 441/441 442/442 443/443
f 445/445 446/446 447/447
f 445/445 447/447 448/448
f 449/449 451/451 452/452
f 449/449 450/450 451/451
f 453/453 454/454 455/455
f 453/453 455/455 456/456
f 457/457 458/458 459/459
f 457/457 459/459 460/460
f 461/461 463/463 464/464
f 461/461 462/462 463/463
f 465/465 467/467 468/468
f 465/465 466/466 467/467
f 469/469 471/471 472/472
f 469/469 470/470 471/471
f 473/473 474/474 475/475
f 473/473 475/475 476/476
f 478/478 477/477 479/479
f 478/478 479/479 480/480
f 481/481 483/483 484/484
f 481/481 482/482 483/483
f 485/485 486/486 487/487
f 485/485 487/487 488/488
f 489/489 491/491 492/492
f 489/489 490/490 491/491
f 512/512 511/511 517/517
f 512/512 517/517 518/518
f 518/518 521/521 522/522
f 518/518 517/517 521/521
f 513/513 515/515 516/516
f 513/513 516/516 514/514
f 510/510 514/514 511/511
f 510/510 513/513 514/514
f 509/509 510/510 511/511
f 509/509 511/511 512/512
f 493/493 494/494 495/495
f 493/493 495/495 496/496
f 502/502 506/506 503/503
f 502/502 505/505 506/506
f 497/497 499/499 500/500
f 497/497 500/500 498/498
f 501/501 502/502 503/503
f 501/501 503/503 504/504
f 494/494 497/497 498/498
f 494/494 498/498 495/495
f 517/517 523/523 521/521
f 517/517 519/519 523/523
f 514/514 520/520 519/519
f 514/514 516/516 520/520
f 511/511 514/514 519/519
f 511/511 519/519 517/517
f 519/519 524/524 523/523
f 519/519 520/520 524/524
f 499/499 528/528 500/500
f 499/499 527/527 528/528
f 527/527 526/526 528/528
f 527/527 525/525 526/526
f 525/525 507/507 526/526
f 525/525 508/508 507/507
f 529/529 532/532 530/530
f 529/529 531/531 532/532
f 531/531 496/496 532/532
f 531/531 493/493 496/496
f 504/504 530/530 501/501
f 504/504 529/529 530/530
f 505/505 507/507 508/508
f 505/505 508/508 506/506
f 493/493 531/531 518/518
f 493/493 518/518 522/522
f 504/504 503/503 510/510
f 504/504 510/510 509/509
f 516/516 515/515 538/538
f 516/516 538/538 540/540
f 525/525 527/527 541/541
f 525/525 541/541 539/539
f 527/527 520/520 542/542
f 527/527 542/542 541/541
f 513/513 510/510 535/535
f 513/513 535/535 536/536
f 510/510 503/503 534/534
f 510/510 534/534 535/535
f 506/506 508/508 537/537
f 506/506 537/537 533/533
f 515/515 513/513 536/536
f 515/515 536/536 538/538
f 497/497 494/494 521/521
f 497/497 521/521 523/523
f 527/527 499/499 524/524
f 527/527 524/524 520/520
f 499/499 497/497 523/523
f 499/499 523/523 524/524
f 503/503 506/506 533/533
f 503/503 533/533 534/534
f 529/529 504/504 509/509
f 529/529 509/509 512/512
f 531/531 529/529 512/512
f 531/531 512/512 518/518
f 494/494 493/493 522/522
f 494/494 522/522 521/521
f 508/508 539/539 537/537
f 508/508 525/525 539/539
f 520/520 540/540 542/542
f 520/520 516/516 540/540
f 557/557 566/566 558/558
f 557/557 565/565 566/566
f 547/547 546/546 548/548
f 547/547 543/543 546/546
f 560/560 556/556 561/561
f 560/560 555/555 556/556
f 559/559 561/561 562/562
f 559/559 560/560 561/561
f 553/553 558/558 554/554
f 553/553 557/557 558/558
f 551/551 554/554 552/552
f 551/551 553/553 554/554
f 549/549 552/552 550/550
f 549/549 551/551 552/552
f 544/544 550/550 545/545
f 544/544 549/549 550/550
f 555/555 547/547 548/548
f 555/555 548/548 556/556
f 563/563 562/562 564/564
f 563/563 559/559 562/562
f 565/565 564/564 566/566
f 565/565 563/563 564/564
f 543/543 544/544 545/545
f 543/543 545/545 546/546
f 583/583 585/585 586/586
f 583/583 584/584 585/585
f 587/587 586/586 588/588
f 587/587 583/583 586/586
f 589/589 588/588 590/590
f 589/589 587/587 588/588
f 581/581 589/589 590/590
f 581/581 590/590 582/582
f 568/568 574/574 569/569
f 568/568 573/573 574/574
f 577/577 581/581 582/582
f 577/577 582/582 578/578
f 584/584 579/579 580/580
f 584/584 580/580 585/585
f 567/567 569/569 570/570
f 567/567 568/568 569/569
f 575/575 578/578 576/576
f 575/575 577/577 578/578
f 573/573 575/575 576/576
f 573/573 576/576 574/574
f 571/571 567/567 570/570
f 571/571 570/570 572/572
f 579/579 572/572 580/580
f 579/579 571/571 572/572
f 599/599 603/603 604/604
f 599/599 604/604 600/600
f 595/595 596/596 597/597
f 595/595 597/597 598/598
f 596/596 591/591 594/594
f 596/596 594/594 597/597
f 601/601 595/595 598/598
f 601/601 598/598 602/602
f 607/607 609/609 610/610
f 607/607 610/610 608/608
f 605/605 601/601 602/602
f 605/605 602/602 606/606
f 592/592 600/600 593/593
f 592/592 599/599 600/600
f 591/591 593/593 594/594
f 591/591 592/592 593/593
f 609/609 605/605 606/606
f 609/609 606/606 610/610
f 603/603 608/608 604/604
f 603/603 607/607 608/608
f 611/611 612/612 613/613
f 611/611 613/613 614/614
f 612/612 615/615 616/616
f 612/612 611/611 615/615
f 616/616 617/617 618/618
f 616/616 615/615 617/617
f 620/620 624/624 621/621
f 620/620 623/623 624/624
f 619/619 620/620 621/621
f 619/619 621/621 622/622
f 620/620 619/619 625/625
f 620/620 625/625 626/626
f 626/626 625/625 628/628
f 626/626 628/628 629/629
f 623/623 626/626 627/627
f 623/623 620/620 626/626
f 627/627 626/626 629/629
f 627/627 629/629 630/630
f 636/636 637/637 638/638
f 636/636 635/635 637/637
f 634/634 635/635 636/636
f 634/634 633/633 635/635
f 631/631 632/632 633/633
f 631/631 633/633 634/634
f 639/639 640/640 641/641
f 639/639 641/641 642/642
f 643/643 647/647 648/648
f 643/643 646/646 647/647
f 643/643 645/645 646/646
f 643/643 644/644 645/645
f 649/649 651/651 652/652
f 649/649 652/652 650/650
f 646/646 650/650 647/647
f 646/646 649/649 650/650
f 653/653 655/655 656/656
f 653/653 654/654 655/655
f 656/656 655/655 657/657
f 656/656 657/657 658/658
f 658/658 659/659 660/660
f 658/658 657/657 659/659
f 661/661 662/662 663/663
f 661/661 663/663 664/664
f 662/662 665/665 666/666
f 662/662 666/666 663/663
f 668/668 667/667 669/669
f 668/668 669/669 670/670
f 663/663 666/666 667/667
f 663/663 667/667 668/668
f 681/681 683/683 684/684
f 681/681 682/682 683/683
f 682/682 680/680 685/685
f 682/682 685/685 683/683
f 675/675 679/679 680/680
f 675/675 677/677 679/679
f 671/671 672/672 673/673
f 671/671 673/673 674/674
f 680/680 679/679 686/686
f 680/680 686/686 685/685
f 677/677 676/676 678/678
f 677/677 675/675 676/676
f 675/675 674/674 676/676
f 675/675 671/671 674/674
f 697/697 700/700 701/701
f 697/697 696/696 700/700
f 693/693 697/697 698/698
f 693/693 691/691 697/697
f 696/696 695/695 699/699
f 696/696 699/699 700/700
f 688/688 695/695 696/696
f 688/688 687/687 695/695
f 691/691 694/694 692/692
f 691/691 693/693 694/694
f 691/691 688/688 696/696
f 691/691 696/696 697/697
f 687/687 688/688 689/689
f 687/687 689/689 690/690
f 688/688 691/691 692/692
f 688/688 692/692 689/689
f 698/698 697/697 701/701
f 698/698 701/701 702/702
f 703/703 704/704 705/705
f 703/703 705/705 706/706
f 704/704 707/707 708/708
f 704/704 708/708 705/705
f 710/710 717/717 718/718
f 710/710 718/718 711/711
f 721/721 722/722 723/723
f 721/721 723/723 724/724
f 714/714 712/712 715/715
f 714/714 709/709 712/712
f 713/713 714/714 715/715
f 713/713 715/715 716/716
f 725/725 719/719 720/720
f 725/725 720/720 726/726
f 722/722 727/727 728/728
f 722/722 728/728 723/723
f 727/727 729/729 730/730
f 727/727 730/730 728/728
f 729/729 725/725 726/726
f 729/729 726/726 730/730
f 709/709 711/711 712/712
f 709/709 710/710 711/711
f 719/719 713/713 716/716
f 719/719 716/716 720/720
f 732/732 735/735 736/736
f 732/732 736/736 733/733
f 731/731 733/733 734/734
f 731/731 732/732 733/733
f 735/735 738/738 736/736
f 735/735 737/737 738/738
f 739/739 741/741 742/742
f 739/739 740/740 741/741
f 743/743 739/739 742/742
f 743/743 742/742 744/744
f 745/745 746/746 747/747
f 745/745 747/747 748/748
f 753/753 749/749 752/752
f 753/753 752/752 754/754
f 755/755 753/753 754/754
f 755/755 754/754 756/756
f 749/749 750/750 751/751
f 749/749 751/751 752/752
f 757/757 758/758 759/759
f 757/757 759/759 760/760
f 758/758 762/762 759/759
f 758/758 761/761 762/762
f 764/764 767/767 768/768
f 764/764 768/768 765/765
f 767/767 770/770 768/768
f 767/767 769/769 770/770
f 763/763 764/764 765/765
f 763/763 765/765 766/766
f 771/771 773/773 774/774
f 771/771 772/772 773/773
f 779/779 778/778 780/780
f 779/779 775/775 778/778
f 775/775 776/776 777/777
f 775/775 777/777 778/778
f 781/781 782/782 783/783
f 781/781 783/783 784/784
f 785/785 787/787 788/788
f 785/785 786/786 787/787
f 789/789 785/785 788/788
f 789/789 788/788 790/790
f 791/791 789/789 790/790
f 791/791 790/790 792/792
f 793/793 794/794 795/795
f 793/793 795/795 796/796
f 794/794 798/798 795/795
f 794/794 797/797 798/798
f 800/800 804/804 801/801
f 800/800 803/803 804/804
f 803/803 806/806 804/804
f 803/803 805/805 806/806
f 799/799 801/801 802/802
f 799/799 800/800 801/801
f 807/807 809/809 810/810
f 807/807 808/808 809/809
f 815/815 814/814 816/816
f 815/815 811/811 814/814
f 811/811 813/813 814/814
f 811/811 812/812 813/813
f 817/817 818/818 819/819
f 817/817 819/819 820/820
f 821/821 822/822 823/823
f 821/821 823/823 824/824
f 825/825 826/826 827/827
f 825/825 827/827 828/828
f 829/829 830/830 831/831
f 829/829 831/831 832/832
f 833/833 835/835 836/836
f 833/833 834/834 835/835
f 859/859 837/837 840/840
f 859/859 840/840 860/860
f 853/853 851/851 854/854
f 853/853 852/852 851/851
f 849/849 851/851 852/852
f 849/849 852/852 850/850
f 843/843 856/856 844/844
f 843/843 855/855 856/856
f 838/838 842/842 839/839
f 838/838 841/841 842/842
f 857/857 859/859 860/860
f 857/857 860/860 858/858
f 848/848 857/857 858/858
f 848/848 858/858 845/845
f 855/855 853/853 854/854
f 855/855 854/854 856/856
f 837/837 839/839 840/840
f 837/837 838/838 839/839
f 845/845 847/847 848/848
f 845/845 846/846 847/847
f 846/846 849/849 850/850
f 846/846 850/850 847/847
f 841/841 843/843 844/844
f 841/841 844/844 842/842
f 866/866 868/868 872/872
f 866/866 872/872 871/871
f 883/883 879/879 864/864
f 883/883 864/864 870/870
f 887/887 873/873 875/875
f 887/887 885/885 873/873
f 869/869 875/875 873/873
f 869/869 871/871 875/875
f 888/888 887/887 875/875
f 888/888 875/875 876/876
f 884/884 888/888 876/876
f 884/884 876/876 872/872
f 877/877 878/878 862/862
f 877/877 862/862 861/861
f 882/882 884/884 872/872
f 882/882 872/872 868/868
f 881/881 882/882 868/868
f 881/881 868/868 867/867
f 865/865 867/867 868/868
f 865/865 868/868 866/866
f 861/861 862/862 863/863
f 861/861 863/863 864/864
f 871/871 872/872 876/876
f 871/871 876/876 875/875
f 870/870 869/869 873/873
f 870/870 873/873 874/874
f 886/886 883/883 870/870
f 886/886 870/870 874/874
f 862/862 865/865 866/866
f 862/862 866/866 863/863
f 863/863 866/866 871/871
f 863/863 871/871 869/869
f 864/864 869/869 870/870
f 864/864 863/863 869/869
f 885/885 886/886 874/874
f 885/885 874/874 873/873
f 880/880 881/881 867/867
f 880/880 867/867 865/865
f 878/878 880/880 865/865
f 878/878 865/865 862/862
f 879/879 877/877 861/861
f 879/879 861/861 864/864
f 894/894 896/896 900/900
f 894/894 900/900 899/899
f 890/890 894/894 891/891
f 890/890 893/893 894/894
f 889/889 890/890 891/891
f 889/889 891/891 892/892
f 899/899 904/904 903/903
f 899/899 900/900 904/904
f 897/897 899/899 903/903
f 897/897 903/903 901/901
f 892/892 897/897 898/898
f 892/892 891/891 897/897
f 898/898 897/897 901/901
f 898/898 901/901 902/902
f 893/893 896/896 894/894
f 893/893 895/895 896/896
f 891/891 894/894 899/899
f 891/891 899/899 897/897
f 922/922 917/917 918/918
f 922/922 918/918 923/923
f 925/925 924/924 926/926
f 925/925 921/921 924/924
f 927/927 925/925 926/926
f 927/927 926/926 928/928
f 919/919 928/928 920/920
f 919/919 927/927 928/928
f 911/911 914/914 912/912
f 911/911 913/913 914/914
f 906/906 912/912 907/907
f 906/906 911/911 912/912
f 909/909 908/908 910/910
f 909/909 905/905 908/908
f 921/921 923/923 924/924
f 921/921 922/922 923/923
f 913/913 915/915 916/916
f 913/913 916/916 914/914
f 915/915 920/920 916/916
f 915/915 919/919 920/920
f 917/917 909/909 910/910
f 917/917 910/910 918/918
f 905/905 906/906 907/907
f 905/905 907/907 908/908
f 933/933 929/929 932/932
f 933/933 932/932 934/934
f 946/946 942/942 947/947
f 946/946 941/941 942/942
f 935/935 937/937 938/938
f 935/935 938/938 936/936
f 930/930 936/936 931/931
f 930/930 935/935 936/936
f 937/937 939/939 940/940
f 937/937 940/940 938/938
f 929/929 930/930 931/931
f 929/929 931/931 932/932
f 949/949 945/945 948/948
f 949/949 948/948 950/950
f 943/943 951/951 952/952
f 943/943 952/952 944/944
f 951/951 949/949 950/950
f 951/951 950/950 952/952
f 941/941 933/933 934/934
f 941/941 934/934 942/942
f 939/939 943/943 944/944
f 939/939 944/944 940/940
f 945/945 946/946 947/947
f 945/945 947/947 948/948
f 970/970 966/966 971/971
f 970/970 965/965 966/966
f 954/954 959/959 960/960
f 954/954 960/960 955/955
f 957/957 953/953 956/956
f 957/957 956/956 958/958
f 959/959 962/962 960/960
f 959/959 961/961 962/962
f 967/967 976/976 968/968
f 967/967 975/975 976/976
f 973/973 969/969 972/972
f 973/973 972/972 974/974
f 961/961 964/964 962/962
f 961/961 963/963 964/964
f 975/975 973/973 974/974
f 975/975 974/974 976/976
f 953/953 954/954 955/955
f 953/953 955/955 956/956
f 969/969 971/971 972/972
f 969/969 970/970 971/971
f 963/963 967/967 968/968
f 963/963 968/968 964/964
f 965/965 957/957 958/958
f 965/965 958/958 966/966
f 999/999 998/998 1000/1000
f 999/999 997/997 998/998
f 993/993 994/994 995/995
f 993/993 995/995 996/996
f 989/989 982/982 990/990
f 989/989 981/981 982/982
f 987/987 991/991 992/992
f 987/987 992/992 988/988
f 997/997 993/993 996/996
f 997/997 996/996 998/998
f 985/985 987/987 988/988
f 985/985 988/988 986/986
f 991/991 999/999 1000/1000
f 991/991 1000/1000 992/992
f 978/978 983/983 984/984
f 978/978 984/984 979/979
f 994/994 990/990 995/995
f 994/994 989/989 990/990
f 981/981 977/977 980/980
f 981/981 980/980 982/982
f 983/983 985/985 986/986
f 983/983 986/986 984/984
f 977/977 979/979 980/980
f 977/977 978/978 979/979
f 1001/1001 1003/1003 1004/1004
f 1001/1001 1002/1002 1003/1003
f 1021/1021 1017/1017 1020/1020
f 1021/1021 1020/1020 1022/1022
f 1011/1011 1015/1015 1016/1016
f 1011/1011 1016/1016 1012/1012
f 1013/1013 1005/1005 1006/1006
f 1013/1013 1006/1006 1014/1014
f 1017/1017 1019/1019 1020/1020
f 1017/1017 1018/1018 1019/1019
f 1015/1015 1024/1024 1016/1016
f 1015/1015 1023/1023 1024/1024
f 1023/1023 1022/1022 1024/1024
f 1023/1023 1021/1021 1022/1022
f 1018/1018 1013/1013 1014/1014
f 1018/1018 1014/1014 1019/1019
f 1002/1002 1007/1007 1008/1008
f 1002/1002 1008/1008 1003/1003
f 1005/1005 1001/1001 1004/1004
f 1005/1005 1004/1004 1006/1006
f 1007/1007 1009/1009 1010/1010
f 1007/1007 1010/1010 1008/1008
f 1009/1009 1011/1011 1012/1012
f 1009/1009 1012/1012 1010/1010
f 1029/1029 1032/1032 1030/1030
f 1029/1029 1031/1031 1032/1032
f 1063/1063 1069/1069 1073/1073
f 1037/1037 1033/1033 1036/1036
f 1037/1037 1036/1036 1038/1038
f 1039/1039 1037/1037 1038/1038
f 1039/1039 1038/1038 1040/1040
f 1115/1115 1116/1116 1130/1130
f 1115/1115 1130/1130 1129/1129
f 1025/1025 1026/1026 1027/1027
f 1025/1025 1027/1027 1028/1028
f 1026/1026 1029/1029 1030/1030
f 1026/1026 1030/1030 1027/1027
f 1033/1033 1034/1034 1035/1035
f 1026/1026 1061/1061 1062/1062
f 1062/1062 1061/1061 1078/1078
f 1062/1062 1078/1078 1077/1077
f 1065/1065 1062/1062 1077/1077
f 1065/1065 1077/1077 1081/1081
f 1077/1077 1078/1078 1079/1079
f 1077/1077 1079/1079 1080/1080
f 1083/1083 1081/1081 1082/1082
f 1083/1083 1082/1082 1084/1084
f 1066/1066 1068/1068 1070/1070
f 1066/1066 1070/1070 1069/1069
f 1106/1106 1109/1109 1110/1110
f 1106/1106 1110/1110 1107/1107
f 1064/1064 1063/1063 1073/1073
f 1064/1064 1073/1073 1075/1075
f 1095/1095 1098/1098 1122/1122
f 1095/1095 1122/1122 1119/1119
f 1081/1081 1077/1077 1080/1080
f 1081/1081 1080/1080 1082/1082
f 1098/1098 1100/1100 1124/1124
f 1098/1098 1124/1124 1122/1122
f 1118/1118 1117/1117 1034/1034
f 1118/1118 1034/1034 1033/1033
f 1059/1059 1060/1060 1068/1068
f 1033/1033 1035/1035 1036/1036
f 1046/1046 1044/1044 1050/1050
f 1046/1046 1050/1050 1051/1051
f 1107/1107 1110/1110 1127/1127
f 1107/1107 1127/1127 1125/1125
f 1045/1045 1041/1041 1044/1044
f 1045/1045 1044/1044 1046/1046
f 1129/1129 1130/1130 1111/1111
f 1129/1129 1111/1111 1109/1109
f 1044/1044 1043/1043 1049/1049
f 1044/1044 1049/1049 1050/1050
f 1047/1047 1045/1045 1046/1046
f 1047/1047 1046/1046 1048/1048
f 1050/1050 1053/1053 1054/1054
f 1131/1131 1129/1129 1109/1109
f 1131/1131 1109/1109 1106/1106
f 1073/1073 1069/1069 1072/1072
f 1073/1073 1072/1072 1074/1074
f 1075/1075 1073/1073 1074/1074
f 1075/1075 1074/1074 1076/1076
f 1096/1096 1095/1095 1119/1119
f 1096/1096 1119/1119 1120/1120
f 1099/1099 1097/1097 1121/1121
f 1099/1099 1121/1121 1123/1123
f 1057/1057 1059/1059 1066/1066
f 1057/1057 1066/1066 1063/1063
f 1031/1031 1029/1029 1065/1065
f 1031/1031 1065/1065 1067/1067
f 1103/1103 1104/1104 1116/1116
f 1103/1103 1116/1116 1115/1115
f 1069/1069 1070/1070 1071/1071
f 1069/1069 1071/1071 1072/1072
f 1108/1108 1107/1107 1125/1125
f 1108/1108 1125/1125 1126/1126
f 1110/1110 1112/1112 1128/1128
f 1110/1110 1128/1128 1127/1127
f 1029/1029 1026/1026 1062/1062
f 1029/1029 1062/1062 1065/1065
f 1123/1123 1121/1121 1037/1037
f 1123/1123 1037/1037 1039/1039
f 1122/1122 1124/1124 1040/1040
f 1122/1122 1040/1040 1038/1038
f 1026/1026 1025/1025 1061/1061
f 1052/1052 1051/1051 1055/1055
f 1052/1052 1055/1055 1056/1056
f 1097/1097 1094/1094 1118/1118
f 1097/1097 1118/1118 1121/1121
f 1048/1048 1046/1046 1051/1051
f 1048/1048 1051/1051 1052/1052
f 1051/1051 1050/1050 1054/1054
f 1051/1051 1054/1054 1055/1055
f 1114/1114 1113/1113 1131/1131
f 1114/1114 1131/1131 1132/1132
f 1113/1113 1115/1115 1129/1129
f 1113/1113 1129/1129 1131/1131
f 1102/1102 1101/1101 1113/1113
f 1102/1102 1113/1113 1114/1114
f 1119/1119 1122/1122 1038/1038
f 1119/1119 1038/1038 1036/1036
f 1059/1059 1057/1057 1041/1041
f 1059/1059 1041/1041 1045/1045
f 1060/1060 1059/1059 1045/1045
f 1060/1060 1045/1045 1047/1047
f 1120/1120 1119/1119 1036/1036
f 1120/1120 1036/1036 1035/1035
f 1058/1058 1057/1057 1063/1063
f 1058/1058 1063/1063 1064/1064
f 1132/1132 1131/1131 1106/1106
f 1132/1132 1106/1106 1105/1105
f 1041/1041 1042/1042 1043/1043
f 1041/1041 1043/1043 1044/1044
f 1057/1057 1058/1058 1042/1042
f 1057/1057 1042/1042 1041/1041
f 1050/1050 1049/1049 1053/1053
f 1105/1105 1106/1106 1107/1107
f 1105/1105 1107/1107 1108/1108
f 1084/1084 1082/1082 1089/1089
f 1084/1084 1089/1089 1091/1091
f 1109/1109 1111/1111 1112/1112
f 1109/1109 1112/1112 1110/1110
f 1030/1030 1032/1032 1104/1104
f 1030/1030 1104/1104 1103/1103
f 1067/1067 1065/1065 1081/1081
f 1067/1067 1081/1081 1083/1083
f 1089/1089 1086/1086 1094/1094
f 1089/1089 1094/1094 1097/1097
f 1087/1087 1090/1090 1098/1098
f 1087/1087 1098/1098 1095/1095
f 1091/1091 1089/1089 1097/1097
f 1091/1091 1097/1097 1099/1099
f 1090/1090 1092/1092 1100/1100
f 1090/1090 1100/1100 1098/1098
f 1027/1027 1030/1030 1103/1103
f 1027/1027 1103/1103 1101/1101
f 1059/1059 1068/1068 1066/1066
f 1121/1121 1118/1118 1033/1033
f 1121/1121 1033/1033 1037/1037
f 1086/1086 1085/1085 1093/1093
f 1086/1086 1093/1093 1094/1094
f 1088/1088 1087/1087 1095/1095
f 1088/1088 1095/1095 1096/1096
f 1080/1080 1079/1079 1085/1085
f 1080/1080 1085/1085 1086/1086
f 1082/1082 1080/1080 1086/1086
f 1082/1082 1086/1086 1089/1089
f 1074/1074 1072/1072 1090/1090
f 1074/1074 1090/1090 1087/1087
f 1028/1028 1027/1027 1101/1101
f 1028/1028 1101/1101 1102/1102
f 1072/1072 1071/1071 1092/1092
f 1072/1072 1092/1092 1090/1090
f 1094/1094 1093/1093 1117/1117
f 1094/1094 1117/1117 1118/1118
f 1076/1076 1074/1074 1087/1087
f 1076/1076 1087/1087 1088/1088
f 1101/1101 1103/1103 1115/1115
f 1101/1101 1115/1115 1113/1113
f 1063/1063 1066/1066 1069/1069
f 1134/1134 1149/1149 1150/1150
f 1137/1137 1134/1134 1150/1150
f 1137/1137 1150/1150 1153/1153
f 1140/1140 1139/1139 1155/1155
f 1140/1140 1155/1155 1156/1156
f 1134/1134 1133/1133 1149/1149
f 1157/1157 1158/1158 1151/1151
f 1157/1157 1151/1151 1152/1152
f 1161/1161 1163/1163 1164/1164
f 1169/1169 1171/1171 1172/1172
f 1150/1150 1162/1162 1161/1161
f 1161/1161 1162/1162 1163/1163
f 1167/1167 1166/1166 1168/1168
f 1167/1167 1165/1165 1166/1166
f 1169/1169 1170/1170 1171/1171
f 1154/1154 1165/1165 1167/1167
f 1141/1141 1147/1147 1145/1145
f 1165/1165 1161/1161 1164/1164
f 1165/1165 1164/1164 1166/1166
f 1150/1150 1149/1149 1162/1162
f 1156/1156 1155/1155 1170/1170
f 1156/1156 1170/1170 1169/1169
f 1154/1154 1153/1153 1165/1165
f 1136/1136 1135/1135 1141/1141
f 1143/1143 1148/1148 1147/1147
f 1143/1143 1144/1144 1148/1148
f 1136/1136 1141/1141 1142/1142
f 1133/1133 1151/1151 1152/1152
f 1133/1133 1136/1136 1151/1151
f 1153/1153 1161/1161 1165/1165
f 1153/1153 1150/1150 1161/1161
f 1141/1141 1143/1143 1147/1147
f 1139/1139 1137/1137 1153/1153
f 1138/1138 1144/1144 1143/1143
f 1134/1134 1137/1137 1138/1138
f 1142/1142 1145/1145 1146/1146
f 1142/1142 1141/1141 1145/1145
f 1157/1157 1159/1159 1160/1160
f 1157/1157 1158/1158 1159/1159
f 1139/1139 1153/1153 1154/1154
f 1135/1135 1138/1138 1143/1143
f 1133/1133 1135/1135 1136/1136
f 1133/1133 1134/1134 1135/1135
f 1135/1135 1143/1143 1141/1141
f 1137/1137 1139/1139 1140/1140
f 1137/1137 1140/1140 1138/1138
f 1138/1138 1140/1140 1144/1144
f 1134/1134 1138/1138 1135/1135
f 1195/1195 1196/1196 1200/1200
f 1195/1195 1200/1200 1199/1199
f 1185/1185 1187/1187 1188/1188
f 1182/1182 1181/1181 1186/1186
f 1182/1182 1186/1186 1185/1185
f 1204/1204 1207/1207 1208/1208
f 1204/1204 1203/1203 1207/1207
f 1179/1179 1203/1203 1204/1204
f 1174/1174 1173/1173 1201/1201
f 1174/1174 1201/1201 1202/1202
f 1179/1179 1177/1177 1203/1203
f 1203/1203 1206/1206 1207/1207
f 1176/1176 1175/1175 1181/1181
f 1176/1176 1181/1181 1182/1182
f 1177/1177 1174/1174 1202/1202
f 1177/1177 1202/1202 1203/1203
f 1177/1177 1179/1179 1180/1180
f 1202/1202 1205/1205 1206/1206
f 1202/1202 1201/1201 1205/1205
f 1183/1183 1184/1184 1191/1191
f 1181/1181 1183/1183 1189/1189
f 1186/1186 1190/1190 1187/1187
f 1189/1189 1191/1191 1192/1192
f 1178/1178 1180/1180 1184/1184
f 1173/1173 1174/1174 1175/1175
f 1173/1173 1175/1175 1176/1176
f 1208/1208 1207/1207 1211/1211
f 1208/1208 1211/1211 1212/1212
f 1206/1206 1205/1205 1209/1209
f 1174/1174 1177/1177 1178/1178
f 1174/1174 1178/1178 1175/1175
f 1185/1185 1186/1186 1187/1187
f 1194/1194 1193/1193 1197/1197
f 1193/1193 1199/1199 1197/1197
f 1193/1193 1195/1195 1199/1199
f 1175/1175 1178/1178 1183/1183
f 1175/1175 1183/1183 1181/1181
f 1194/1194 1197/1197 1198/1198
f 1190/1190 1192/1192 1196/1196
f 1206/1206 1209/1209 1210/1210
f 1190/1190 1196/1196 1195/1195
f 1178/1178 1184/1184 1183/1183
f 1189/1189 1192/1192 1190/1190
f 1187/1187 1195/1195 1193/1193
f 1181/1181 1189/1189 1186/1186
f 1188/1188 1193/1193 1194/1194
f 1187/1187 1190/1190 1195/1195
f 1188/1188 1187/1187 1193/1193
f 1207/1207 1210/1210 1211/1211
f 1207/1207 1206/1206 1210/1210
f 1183/1183 1191/1191 1189/1189
f 1177/1177 1180/1180 1178/1178
f 1203/1203 1202/1202 1206/1206
f 1186/1186 1189/1189 1190/1190
f 1216/1216 1215/1215 1221/1221
f 1216/1216 1221/1221 1222/1222
f 1217/1217 1219/1219 1220/1220
f 1214/1214 1218/1218 1215/1215
f 1214/1214 1217/1217 1218/1218
f 1213/1213 1215/1215 1216/1216
f 1213/1213 1214/1214 1215/1215
f 1218/1218 1220/1220 1223/1223
f 1217/1217 1220/1220 1218/1218
f 1221/1221 1227/1227 1225/1225
f 1224/1224 1228/1228 1227/1227
f 1218/1218 1223/1223 1224/1224
f 1221/1221 1224/1224 1227/1227
f 1222/1222 1225/1225 1226/1226
f 1224/1224 1223/1223 1228/1228
f 1222/1222 1221/1221 1225/1225
f 1221/1221 1215/1215 1218/1218
f 1218/1218 1224/1224 1221/1221
f 1229/1229 1231/1231 1232/1232
f 1229/1229 1230/1230 1231/1231
f 1284/1284 1289/1289 1290/1290
f 1284/1284 1290/1290 1285/1285
f 1281/1281 1280/1280 1284/1284
f 1281/1281 1284/1284 1283/1283
f 1282/1282 1281/1281 1283/1283
f 1282/1282 1283/1283 1287/1287
f 1299/1299 1304/1304 1309/1309
f 1299/1299 1309/1309 1310/1310
f 1305/1305 1306/1306 1307/1307
f 1305/1305 1307/1307 1308/1308
f 1236/1236 1235/1235 1303/1303
f 1236/1236 1303/1303 1304/1304
f 1240/1240 1239/1239 1301/1301
f 1240/1240 1301/1301 1302/1302
f 1249/1249 1250/1250 1251/1251
f 1249/1249 1251/1251 1252/1252
f 1238/1238 1237/1237 1247/1247
f 1238/1238 1247/1247 1248/1248
f 1234/1234 1233/1233 1245/1245
f 1234/1234 1245/1245 1246/1246
f 1341/1341 1314/1314 1324/1324
f 1341/1341 1324/1324 1342/1342
f 1312/1312 1314/1314 1341/1341
f 1312/1312 1341/1341 1343/1343
f 1313/1313 1312/1312 1343/1343
f 1313/1313 1343/1343 1344/1344
f 1256/1256 1255/1255 1265/1265
f 1256/1256 1265/1265 1266/1266
f 1261/1261 1262/1262 1263/1263
f 1261/1261 1263/1263 1264/1264
f 1257/1257 1258/1258 1259/1259
f 1257/1257 1259/1259 1260/1260
f 1344/1344 1343/1343 1306/1306
f 1344/1344 1306/1306 1305/1305
f 1307/1307 1341/1341 1342/1342
f 1307/1307 1342/1342 1322/1322
f 1343/1343 1341/1341 1307/1307
f 1343/1343 1307/1307 1306/1306
f 1253/1253 1254/1254 1255/1255
f 1253/1253 1255/1255 1256/1256
f 1283/1283 1284/1284 1285/1285
f 1283/1283 1285/1285 1286/1286
f 1287/1287 1283/1283 1286/1286
f 1287/1287 1286/1286 1288/1288
f 1242/1242 1241/1241 1279/1279
f 1242/1242 1279/1279 1280/1280
f 1278/1278 1277/1277 1281/1281
f 1278/1278 1281/1281 1282/1282
f 1277/1277 1242/1242 1280/1280
f 1277/1277 1280/1280 1281/1281
f 1299/1299 1310/1310 1314/1314
f 1299/1299 1314/1314 1312/1312
f 1300/1300 1299/1299 1312/1312
f 1300/1300 1312/1312 1313/1313
f 1304/1304 1303/1303 1311/1311
f 1304/1304 1311/1311 1309/1309
f 1277/1277 1278/1278 1262/1262
f 1277/1277 1262/1262 1261/1261
f 1333/1333 1330/1330 1248/1248
f 1333/1333 1248/1248 1257/1257
f 1325/1325 1339/1339 1301/1301
f 1325/1325 1301/1301 1239/1239
f 1339/1339 1340/1340 1302/1302
f 1339/1339 1302/1302 1301/1301
f 1340/1340 1328/1328 1240/1240
f 1340/1340 1240/1240 1302/1302
f 1260/1260 1259/1259 1267/1267
f 1260/1260 1267/1267 1268/1268
f 1248/1248 1247/1247 1258/1258
f 1248/1248 1258/1258 1257/1257
f 1246/1246 1245/1245 1254/1254
f 1246/1246 1254/1254 1253/1253
f 1296/1296 1295/1295 1315/1315
f 1296/1296 1315/1315 1316/1316
f 1298/1298 1297/1297 1317/1317
f 1298/1298 1317/1317 1318/1318
f 1297/1297 1296/1296 1316/1316
f 1297/1297 1316/1316 1317/1317
f 1270/1270 1269/1269 1275/1275
f 1270/1270 1275/1275 1276/1276
f 1337/1337 1338/1338 1274/1274
f 1337/1337 1274/1274 1273/1273
f 1338/1338 1336/1336 1268/1268
f 1338/1338 1268/1268 1274/1274
f 1329/1329 1332/1332 1258/1258
f 1329/1329 1258/1258 1247/1247
f 1332/1332 1331/1331 1259/1259
f 1332/1332 1259/1259 1258/1258
f 1334/1334 1333/1333 1257/1257
f 1334/1334 1257/1257 1260/1260
f 1331/1331 1335/1335 1267/1267
f 1331/1331 1267/1267 1259/1259
f 1336/1336 1334/1334 1260/1260
f 1336/1336 1260/1260 1268/1268
f 1326/1326 1325/1325 1239/1239
f 1326/1326 1239/1239 1238/1238
f 1328/1328 1327/1327 1237/1237
f 1328/1328 1237/1237 1240/1240
f 1327/1327 1329/1329 1247/1247
f 1327/1327 1247/1247 1237/1237
f 1330/1330 1326/1326 1238/1238
f 1330/1330 1238/1238 1248/1248
f 1268/1268 1267/1267 1273/1273
f 1268/1268 1273/1273 1274/1274
f 1266/1266 1265/1265 1271/1271
f 1266/1266 1271/1271 1272/1272
f 1264/1264 1263/1263 1269/1269
f 1264/1264 1269/1269 1270/1270
f 1309/1309 1311/1311 1321/1321
f 1309/1309 1321/1321 1319/1319
f 1310/1310 1309/1309 1319/1319
f 1310/1310 1319/1319 1320/1320
f 1316/1316 1315/1315 1250/1250
f 1316/1316 1250/1250 1249/1249
f 1318/1318 1317/1317 1252/1252
f 1318/1318 1252/1252 1251/1251
f 1254/1254 1245/1245 1330/1330
f 1254/1254 1330/1330 1333/1333
f 1236/1236 1304/1304 1339/1339
f 1236/1236 1339/1339 1325/1325
f 1304/1304 1299/1299 1340/1340
f 1304/1304 1340/1340 1339/1339
f 1299/1299 1243/1243 1328/1328
f 1299/1299 1328/1328 1340/1340
f 1335/1335 1337/1337 1273/1273
f 1335/1335 1273/1273 1267/1267
f 1317/1317 1316/1316 1249/1249
f 1317/1317 1249/1249 1252/1252
f 1270/1270 1276/1276 1337/1337
f 1270/1270 1337/1337 1335/1335
f 1276/1276 1271/1271 1338/1338
f 1276/1276 1338/1338 1337/1337
f 1271/1271 1265/1265 1336/1336
f 1271/1271 1336/1336 1338/1338
f 1277/1277 1261/1261 1332/1332
f 1277/1277 1332/1332 1329/1329
f 1261/1261 1264/1264 1331/1331
f 1261/1261 1331/1331 1332/1332
f 1255/1255 1254/1254 1333/1333
f 1255/1255 1333/1333 1334/1334
f 1264/1264 1270/1270 1335/1335
f 1264/1264 1335/1335 1331/1331
f 1265/1265 1255/1255 1334/1334
f 1265/1265 1334/1334 1336/1336
f 1233/1233 1236/1236 1325/1325
f 1233/1233 1325/1325 1326/1326
f 1243/1243 1242/1242 1327/1327
f 1243/1243 1327/1327 1328/1328
f 1242/1242 1277/1277 1329/1329
f 1242/1242 1329/1329 1327/1327
f 1245/1245 1233/1233 1326/1326
f 1245/1245 1326/1326 1330/1330
f 1308/1308 1307/1307 1322/1322
f 1308/1308 1322/1322 1323/1323
f 1314/1314 1310/1310 1320/1320
f 1314/1314 1320/1320 1324/1324
f 1241/1241 1243/1243 1244/1244
f 1241/1241 1242/1242 1243/1243
f 1280/1280 1279/1279 1289/1289
f 1280/1280 1289/1289 1284/1284
f 1244/1244 1243/1243 1299/1299
f 1244/1244 1299/1299 1300/1300
f 1292/1292 1291/1291 1295/1295
f 1292/1292 1295/1295 1296/1296
f 1294/1294 1293/1293 1297/1297
f 1294/1294 1297/1297 1298/1298
f 1293/1293 1292/1292 1296/1296
f 1293/1293 1296/1296 1297/1297
f 1285/1285 1290/1290 1291/1291
f 1285/1285 1291/1291 1292/1292
f 1288/1288 1286/1286 1293/1293
f 1288/1288 1293/1293 1294/1294
f 1286/1286 1285/1285 1292/1292
f 1286/1286 1292/1292 1293/1293
f 1233/1233 1234/1234 1235/1235
f 1233/1233 1235/1235 1236/1236
f 1237/1237 1238/1238 1239/1239
f 1237/1237 1239/1239 1240/1240
f 1353/1353 1354/1354 1355/1355
f 1353/1353 1355/1355 1356/1356
f 1346/1346 1345/1345 1357/1357
f 1346/1346 1357/1357 1358/1358
f 1393/1393 1396/1396 1395/1395
f 1393/1393 1394/1394 1396/1396
f 1392/1392 1399/1399 1401/1401
f 1392/1392 1391/1391 1399/1399
f 1391/1391 1395/1395 1399/1399
f 1345/1345 1346/1346 1347/1347
f 1378/1378 1384/1384 1449/1449
f 1378/1378 1449/1449 1447/1447
f 1347/1347 1346/1346 1439/1439
f 1347/1347 1439/1439 1440/1440
f 1346/1346 1358/1358 1441/1441
f 1346/1346 1441/1441 1439/1439
f 1390/1390 1353/1353 1438/1438
f 1390/1390 1438/1438 1442/1442
f 1375/1375 1374/1374 1445/1445
f 1375/1375 1445/1445 1446/1446
f 1368/1368 1378/1378 1447/1447
f 1368/1368 1447/1447 1443/1443
f 1381/1381 1375/1375 1446/1446
f 1381/1381 1446/1446 1448/1448
f 1353/1353 1356/1356 1437/1437
f 1353/1353 1437/1437 1438/1438
f 1384/1384 1387/1387 1450/1450
f 1384/1384 1450/1450 1449/1449
f 1387/1387 1381/1381 1448/1448
f 1387/1387 1448/1448 1450/1450
f 1358/1358 1365/1365 1444/1444
f 1358/1358 1444/1444 1441/1441
f 1365/1365 1368/1368 1443/1443
f 1365/1365 1443/1443 1444/1444
f 1422/1422 1421/1421 1431/1431
f 1422/1422 1431/1431 1432/1432
f 1421/1421 1426/1426 1434/1434
f 1421/1421 1434/1434 1431/1431
f 1420/1420 1419/1419 1435/1435
f 1420/1420 1435/1435 1436/1436
f 1423/1423 1422/1422 1432/1432
f 1423/1423 1432/1432 1433/1433
f 1380/1380 1379/1379 1385/1385
f 1380/1380 1385/1385 1386/1386
f 1378/1378 1377/1377 1383/1383
f 1378/1378 1383/1383 1384/1384
f 1382/1382 1381/1381 1387/1387
f 1382/1382 1387/1387 1388/1388
f 1374/1374 1390/1390 1442/1442
f 1374/1374 1442/1442 1445/1445
f 1356/1356 1451/1451 1437/1437
f 1356/1356 1412/1412 1451/1451
f 1412/1412 1415/1415 1452/1452
f 1412/1412 1452/1452 1451/1451
f 1415/1415 1440/1440 1452/1452
f 1415/1415 1347/1347 1440/1440
f 1408/1408 1407/1407 1427/1427
f 1408/1408 1427/1427 1428/1428
f 1447/1447 1449/1449 1385/1385
f 1447/1447 1385/1385 1379/1379
f 1409/1409 1430/1430 1429/1429
f 1409/1409 1410/1410 1430/1430
f 1407/1407 1429/1429 1427/1427
f 1407/1407 1409/1409 1429/1429
f 1354/1354 1353/1353 1391/1391
f 1354/1354 1391/1391 1392/1392
f 1353/1353 1390/1390 1393/1393
f 1353/1353 1393/1393 1391/1391
f 1429/1429 1430/1430 1364/1364
f 1429/1429 1364/1364 1363/1363
f 1428/1428 1427/1427 1362/1362
f 1428/1428 1362/1362 1361/1361
f 1427/1427 1429/1429 1363/1363
f 1427/1427 1363/1363 1362/1362
f 1389/1389 1390/1390 1374/1374
f 1389/1389 1374/1374 1373/1373
f 1358/1358 1357/1357 1366/1366
f 1358/1358 1366/1366 1365/1365
f 1440/1440 1439/1439 1349/1349
f 1440/1440 1349/1349 1352/1352
f 1448/1448 1446/1446 1372/1372
f 1448/1448 1372/1372 1380/1380
f 1439/1439 1359/1359 1349/1349
f 1439/1439 1441/1441 1359/1359
f 1442/1442 1438/1438 1350/1350
f 1442/1442 1350/1350 1360/1360
f 1446/1446 1369/1369 1372/1372
f 1446/1446 1445/1445 1369/1369
f 1438/1438 1437/1437 1351/1351
f 1438/1438 1351/1351 1350/1350
f 1443/1443 1447/1447 1379/1379
f 1443/1443 1379/1379 1371/1371
f 1450/1450 1380/1380 1386/1386
f 1450/1450 1448/1448 1380/1380
f 1449/1449 1386/1386 1385/1385
f 1449/1449 1450/1450 1386/1386
f 1451/1451 1452/1452 1414/1414
f 1451/1451 1414/1414 1413/1413
f 1452/1452 1440/1440 1352/1352
f 1452/1452 1352/1352 1414/1414
f 1441/1441 1444/1444 1370/1370
f 1441/1441 1370/1370 1359/1359
f 1444/1444 1443/1443 1371/1371
f 1444/1444 1371/1371 1370/1370
f 1421/1421 1412/1412 1425/1425
f 1421/1421 1425/1425 1426/1426
f 1360/1360 1359/1359 1370/1370
f 1360/1360 1370/1370 1369/1369
f 1390/1390 1389/1389 1394/1394
f 1390/1390 1394/1394 1393/1393
f 1412/1412 1411/1411 1424/1424
f 1412/1412 1424/1424 1425/1425
f 1453/1453 1420/1420 1436/1436
f 1453/1453 1436/1436 1454/1454
f 1445/1445 1442/1442 1360/1360
f 1445/1445 1360/1360 1369/1369
f 1395/1395 1396/1396 1397/1397
f 1395/1395 1397/1397 1398/1398
f 1437/1437 1451/1451 1413/1413
f 1437/1437 1413/1413 1351/1351
f 1372/1372 1379/1379 1380/1380
f 1372/1372 1371/1371 1379/1379
f 1376/1376 1381/1381 1382/1382
f 1376/1376 1375/1375 1381/1381
f 1373/1373 1375/1375 1376/1376
f 1373/1373 1374/1374 1375/1375
f 1368/1368 1377/1377 1378/1378
f 1368/1368 1367/1367 1377/1377
f 1403/1403 1405/1405 1409/1409
f 1403/1403 1409/1409 1407/1407
f 1405/1405 1406/1406 1410/1410
f 1405/1405 1410/1410 1409/1409
f 1352/1352 1351/1351 1413/1413
f 1352/1352 1413/1413 1414/1414
f 1356/1356 1355/1355 1411/1411
f 1356/1356 1411/1411 1412/1412
f 1455/1455 1456/1456 1418/1418
f 1455/1455 1418/1418 1417/1417
f 1453/1453 1455/1455 1417/1417
f 1453/1453 1417/1417 1420/1420
f 1426/1426 1453/1453 1454/1454
f 1426/1426 1454/1454 1434/1434
f 1426/1426 1425/1425 1455/1455
f 1426/1426 1455/1455 1453/1453
f 1361/1361 1362/1362 1363/1363
f 1361/1361 1363/1363 1364/1364
f 1350/1350 1349/1349 1359/1359
f 1350/1350 1359/1359 1360/1360
f 1425/1425 1424/1424 1456/1456
f 1425/1425 1456/1456 1455/1455
f 1369/1369 1370/1370 1371/1371
f 1369/1369 1371/1371 1372/1372
f 1365/1365 1366/1366 1367/1367
f 1365/1365 1367/1367 1368/1368
f 1349/1349 1350/1350 1351/1351
f 1349/1349 1351/1351 1352/1352
f 1402/1402 1400/1400 1403/1403
f 1402/1402 1403/1403 1404/1404
f 1404/1404 1403/1403 1407/1407
f 1404/1404 1407/1407 1408/1408
f 1348/1348 1415/1415 1416/1416
f 1416/1416 1415/1415 1422/1422
f 1416/1416 1422/1422 1423/1423
f 1415/1415 1412/1412 1421/1421
f 1415/1415 1421/1421 1422/1422
f 1399/1399 1395/1395 1398/1398
f 1399/1399 1398/1398 1400/1400
f 1401/1401 1399/1399 1400/1400
f 1400/1400 1398/1398 1405/1405
f 1400/1400 1405/1405 1403/1403
f 1398/1398 1397/1397 1406/1406
f 1398/1398 1406/1406 1405/1405
f 1345/1345 1347/1347 1348/1348
f 1417/1417 1418/1418 1419/1419
f 1417/1417 1419/1419 1420/1420
f 1348/1348 1347/1347 1415/1415
f 1401/1401 1400/1400 1402/1402
f 1391/1391 1393/1393 1395/1395
f 1457/1457 1459/1459 1460/1460
f 1457/1457 1458/1458 1459/1459
f 1461/1461 1463/1463 1464/1464
f 1461/1461 1462/1462 1463/1463
f 1465/1465 1467/1467 1468/1468
f 1465/1465 1466/1466 1467/1467
f 1469/1469 1471/1471 1472/1472
f 1469/1469 1470/1470 1471/1471

