# VeiledStatue_A_LOD2: 14996 triangles, generated by tools/statue_gen
o VeiledStatue_A_LOD2
v -0.37675 -0.06100 -0.24062
v -0.37610 -0.06214 -0.12203
v -0.37570 -0.06239 -0.07450
v -0.37604 -0.06092 -0.02316
v -0.37580 -0.06248 0.02293
v -0.37498 -0.06258 0.16114
v -0.37667 -0.06171 0.19004
v -0.37728 -0.06174 0.33218
v -0.37713 -0.06167 0.33698
v -0.37662 -0.06198 -0.00532
v -0.37797 -0.05885 0.10761
v -0.37786 -0.05937 0.29938
v -0.37707 -0.06091 0.30919
v -0.37667 -0.06171 0.16653
v -0.37755 -0.05972 -0.14099
v -0.37797 -0.05885 -0.12339
v -0.37784 -0.05920 -0.08143
v -0.37692 -0.06163 0.07728
v -0.37682 -0.06154 0.13358
v -0.37797 -0.05885 0.23328
v -0.37383 -0.04377 0.33705
v -0.37703 -0.06111 -0.15162
v -0.37723 -0.06129 -0.03537
v -0.37631 -0.06233 0.01328
v -0.37692 -0.06163 0.04648
v -0.37801 -0.05440 0.06193
v -0.37800 -0.03900 0.18720
v -0.37753 -0.06094 0.02028
v -0.37797 -0.05885 0.04188
v -0.37800 -0.03831 0.07039
v -0.37764 -0.06042 0.19480
v -0.37753 -0.06094 0.25128
v -0.37680 -0.06136 0.26537
v -0.37800 -0.03735 0.31920
v -0.37800 -0.03611 -0.20770
v -0.37797 -0.05885 -0.19352
v -0.37734 -0.06076 -0.17600
v -0.37800 -0.03351 -0.11592
v -0.37800 -0.05247 -0.01080
v -0.37797 -0.05885 0.09963
v -0.37786 -0.05937 0.21276
v -0.37800 -0.03098 -0.19919
v -0.37801 -0.05330 0.17454
v -0.37745 -0.06024 -0.06142
v -0.37800 -0.00600 -0.00860
v -0.37724 -0.06068 0.08804
v -0.37800 -0.00600 0.14870
v -0.37797 -0.05885 0.23658
v -0.37702 -0.01330 -0.24113
v -0.37797 -0.05885 -0.22432
v -0.37800 -0.01040 -0.15339
v -0.37594 0.00444 -0.04582
v -0.37800 -0.00545 0.20672
v -0.37800 -0.01040 0.21800
v -0.37800 -0.02087 0.28165
v -0.37800 -0.01040 -0.12740
v -0.37805 -0.02855 -0.24278
v -0.37700 0.00350 -0.08670
v -0.37623 0.00348 -0.15895
v -0.37682 0.00334 0.06793
v -0.37800 -0.05302 0.27561
v -0.37597 0.00406 0.13569
v -0.37710 0.00278 0.26480
v -0.37774 0.00146 -0.07303
v -0.37703 0.00264 0.11538
v -0.37664 0.00430 0.25214
v -0.37486 0.00482 0.28457
v -0.37706 -0.00081 -0.18532
v -0.37614 0.00408 0.03088
v -0.37627 0.00493 0.10581
v -0.37523 0.00434 0.22337
v -0.37392 0.00628 -0.21657
v -0.37473 0.00536 -0.19709
v -0.37604 0.00477 -0.17739
v -0.37586 0.00394 0.00882
v -0.37481 0.00491 0.04472
v -0.37356 0.00599 0.05611
v -0.37650 0.00351 0.17568
v -0.37786 0.00427 0.33136
v -0.37529 -0.06264 0.08098
v -0.37610 -0.06214 0.11158
v -0.37739 0.00226 0.00263
v -0.37598 0.00433 0.29631
v -0.37662 -0.06198 -0.16647
v -0.37662 -0.06198 -0.08727
v -0.37580 -0.06248 0.21818
v -0.37756 -0.05237 -0.26121
v -0.36055 -0.04710 -0.25687
v -0.37615 0.00519 -0.24678
v -0.37700 0.00319 -0.12936
v -0.37509 0.00511 -0.06524
v -0.37638 0.00425 -0.01781
v -0.37710 0.00248 0.15382
v -0.37710 0.00278 0.23235
v -0.37580 -0.06248 -0.13602
v -0.37610 -0.06214 0.27933
v -0.37315 -0.06293 -0.26320
v -0.37345 0.00649 -0.20439
v -0.37622 0.00433 -0.09904
v -0.37349 0.00620 -0.03708
v -0.37631 -0.06233 -0.18032
v -0.37014 -0.06248 0.09132
v -0.37692 -0.06163 0.14465
v -0.35366 -0.06300 -0.26034
v -0.36650 0.00801 0.04013
v -0.37610 0.00481 0.19823
v -0.36319 -0.01578 -0.23645
v -0.37626 -0.06196 -0.18757
v -0.37692 -0.06163 -0.04427
v -0.36375 -0.06300 0.21112
v -0.37463 -0.06296 0.33588
v -0.37220 -0.02255 0.33718
v -0.37430 0.00561 0.09154
v -0.36675 0.00801 0.11641
v -0.35126 -0.01052 -0.23846
v -0.36746 0.00767 -0.24346
v -0.36944 0.00801 -0.24100
v -0.36706 0.00801 -0.15093
v -0.36761 0.00802 -0.05153
v -0.36981 0.00709 -0.01410
v -0.35660 0.00800 0.05795
v -0.36650 0.00801 0.08654
v -0.37562 0.00506 0.16230
v -0.36770 0.00800 0.29169
v -0.37637 -0.06144 -0.10668
v -0.34343 -0.06300 0.02512
v -0.35070 -0.06300 0.06349
v -0.35088 -0.06300 0.13507
v -0.34884 -0.06300 0.19083
v -0.37580 -0.06248 0.29848
v -0.33621 -0.06185 0.33633
v -0.33790 -0.04023 -0.25563
v -0.37451 0.00588 0.33714
v -0.33886 0.00800 -0.11074
v -0.36756 0.00800 -0.07927
v -0.37326 0.00750 0.33663
v -0.35103 -0.06300 -0.17125
v -0.34838 -0.06300 -0.12910
v -0.33636 -0.06300 -0.10393
v -0.36403 -0.06300 -0.14101
v -0.34900 -0.06300 0.03188
v -0.37627 0.00493 -0.11694
v -0.37464 0.00542 0.06348
v -0.34998 -0.06300 0.21336
v -0.37529 -0.06264 0.25368
v -0.34613 -0.06218 0.33590
v -0.36130 -0.03196 -0.25189
v -0.34542 0.00800 -0.03621
v -0.36706 0.00801 0.17123
v -0.37631 -0.06233 -0.23092
v -0.37631 -0.06233 -0.21332
v -0.34657 -0.06300 -0.04302
v -0.34552 -0.06300 -0.01010
v -0.35202 -0.06300 0.08696
v -0.34808 -0.05275 0.33800
v -0.34384 0.00752 -0.23920
v -0.36430 0.00800 -0.20165
v -0.35433 0.00800 -0.09718
v -0.33653 0.00800 -0.04863
v -0.34814 0.00800 -0.00956
v -0.34848 0.00800 0.03014
v -0.34901 0.00800 0.10186
v -0.36637 0.00801 0.13515
v -0.35660 0.00800 0.24605
v -0.36706 0.00801 0.26714
v -0.35602 0.00800 0.32081
v -0.33984 -0.06300 0.08577
v -0.33277 -0.06300 0.12636
v -0.34125 -0.06300 0.14538
v -0.33465 -0.06300 0.21947
v -0.34340 -0.06300 0.22900
v -0.34453 -0.06300 0.23539
v -0.33740 -0.06300 0.27404
v -0.34340 -0.06300 0.31040
v -0.34370 -0.06235 0.33743
v -0.34534 -0.06086 -0.26819
v -0.32447 -0.02538 -0.25131
v -0.34262 -0.02243 -0.25231
v -0.36430 0.00800 -0.18900
v -0.32562 0.00806 -0.06107
v -0.34147 0.00800 0.12505
v -0.35660 0.00800 0.13375
v -0.34237 0.00800 0.24391
v -0.33521 0.00800 0.27656
v -0.34007 -0.06301 -0.26608
v -0.34120 -0.06300 -0.21320
v -0.33893 -0.06300 -0.13275
v -0.33550 -0.06300 -0.09095
v -0.32362 -0.06300 -0.05650
v -0.34483 -0.06300 -0.06505
v -0.32716 -0.06300 0.08260
v -0.34315 -0.04803 -0.26267
v -0.35660 0.00800 0.20590
v -0.33995 -0.06261 -0.26913
v -0.31016 -0.06300 0.13274
v -0.34260 0.00800 -0.23071
v -0.33893 0.00800 -0.01955
v -0.35660 0.00800 -0.01025
v -0.34518 0.00800 0.06751
v -0.32238 0.00800 0.08785
v -0.34641 0.00800 0.20319
v -0.36509 -0.01431 0.33800
v -0.34094 -0.01174 -0.25082
v -0.33828 0.00471 0.33533
v -0.33093 -0.06300 -0.19211
v -0.32545 -0.06300 -0.15102
v -0.33539 -0.06300 -0.03947
v -0.33607 -0.06300 0.19218
v -0.33883 -0.06300 0.29951
v -0.33591 0.00800 0.17379
v -0.33925 0.00800 0.18098
v -0.33629 -0.06279 -0.27495
v -0.33109 -0.04167 -0.25914
v -0.31802 0.00800 0.04998
v -0.32417 0.00800 -0.12345
v -0.32390 0.00802 -0.11314
v -0.32751 0.00802 -0.05427
v -0.33083 0.00802 -0.03680
v -0.34131 -0.06300 -0.25026
v -0.32460 -0.06300 -0.00322
v -0.34264 -0.06300 0.16638
v -0.32434 -0.06300 0.25700
v -0.33326 0.00689 -0.25538
v -0.34038 0.00799 -0.24368
v -0.32126 0.00800 0.01329
v -0.31598 -0.06300 -0.13430
v -0.33111 -0.06300 0.02168
v -0.31593 -0.06300 0.23035
v -0.32817 -0.06266 -0.28267
v -0.31797 -0.03374 -0.26524
v -0.33529 -0.00655 0.33800
v -0.32706 0.00800 -0.20105
v -0.32769 0.00800 -0.17478
v -0.32556 0.00813 -0.01406
v -0.32786 0.00800 0.23412
v -0.32387 0.00800 0.27329
v -0.31930 -0.06300 -0.27489
v -0.30107 -0.06300 -0.13914
v -0.31702 -0.06300 -0.07362
v -0.31624 -0.06300 0.03036
v -0.30767 -0.06300 0.08540
v -0.29249 -0.06300 0.20613
v -0.31838 -0.06300 0.19442
v -0.31463 -0.06300 0.21668
v -0.31796 -0.06300 0.29136
v -0.28073 -0.06157 0.33674
v -0.32414 -0.06154 0.33688
v -0.32319 -0.05441 0.33801
v -0.32057 0.00864 -0.11609
v -0.31817 0.00800 0.00987
v -0.33078 0.00805 -0.08289
v -0.31567 0.00800 0.02385
v -0.31088 0.00813 0.05321
v -0.31200 0.00801 0.07079
v -0.29973 0.00617 0.33377
v -0.32066 -0.01596 -0.26187
v -0.30270 0.00800 0.10887
v -0.31286 -0.06193 -0.30732
v -0.31600 -0.06300 -0.21418
v -0.32082 -0.06300 0.15629
v -0.31492 -0.05847 -0.30270
v -0.31830 -0.05964 -0.28960
v -0.31267 -0.05302 0.33800
v -0.30898 0.02473 -0.07803
v -0.31421 -0.06300 -0.28600
v -0.30758 -0.06300 -0.04806
v -0.31029 0.00803 -0.13090
v -0.31457 0.02013 -0.03997
v -0.30898 0.00814 0.01508
v -0.33325 -0.06300 -0.27549
v -0.29743 -0.03982 -0.27443
v -0.30878 0.00512 -0.26314
v -0.33426 0.00800 -0.23094
v -0.31789 0.00800 0.18078
v -0.30670 0.01803 -0.11579
v -0.31063 0.02239 -0.02650
v -0.30922 0.02064 -0.05955
v -0.28802 -0.06300 0.05133
v -0.29536 0.00782 -0.28143
v -0.30191 0.00772 0.32575
v -0.30986 0.00805 0.08789
v -0.29119 0.00837 -0.14238
v -0.29333 -0.06300 -0.19193
v -0.29507 -0.06300 -0.15734
v -0.30639 -0.06300 -0.07393
v -0.29309 -0.06300 0.00116
v -0.30754 -0.06300 -0.01365
v -0.27614 -0.06300 0.11435
v -0.29651 -0.06300 0.09746
v -0.29112 -0.06300 0.25616
v -0.30127 -0.06300 0.28928
v -0.30604 -0.06223 -0.31370
v -0.31224 -0.04854 -0.29541
v -0.29120 -0.00917 -0.28456
v -0.30156 0.00981 0.09773
v -0.28395 0.03507 0.06003
v -0.32425 0.00920 -0.10416
v -0.28875 0.04108 -0.06070
v -0.29696 0.03719 -0.03061
v -0.29728 0.03034 -0.01336
v -0.30330 0.02977 -0.08991
v -0.29894 -0.06288 -0.32346
v -0.29853 -0.06300 0.11864
v -0.30131 -0.06221 -0.33685
v -0.29681 -0.02699 -0.29610
v -0.30804 0.00800 0.17757
v -0.29129 0.00800 0.20071
v -0.27246 0.04401 0.01412
v -0.28902 -0.06300 0.18582
v -0.31452 -0.00573 0.33800
v -0.30036 0.00800 -0.25004
v -0.28604 0.02850 0.08285
v -0.29158 0.02591 0.00292
v -0.28780 0.04019 -0.10379
v -0.28315 -0.01207 -0.31003
v -0.28269 0.00800 -0.17234
v -0.28221 0.00800 0.14363
v -0.27960 0.00800 0.31700
v -0.26796 0.03333 -0.12432
v -0.28102 0.03388 0.02496
v -0.31500 -0.06300 -0.11277
v -0.29620 -0.06300 -0.08348
v -0.28540 -0.04427 -0.33249
v -0.28151 -0.00187 -0.33053
v -0.27918 -0.02334 -0.31516
v -0.31261 -0.00017 0.33790
v -0.28504 0.00770 -0.29302
v -0.28001 0.03817 0.07791
v -0.28338 0.05240 -0.01553
v -0.28801 0.03076 0.07016
v -0.27318 -0.06300 -0.17959
v -0.27589 -0.06300 -0.16256
v -0.27228 -0.06300 -0.09306
v -0.27263 -0.06300 0.05465
v -0.27183 -0.06300 0.14850
v -0.27443 -0.06300 0.20026
v -0.28022 0.06532 -0.06597
v -0.28567 0.05434 -0.08442
v -0.27799 -0.00491 -0.33580
v -0.27090 0.00554 0.33422
v -0.27310 0.00676 -0.33712
v -0.27951 0.00800 -0.29599
v -0.29724 0.00800 -0.26618
v -0.30393 0.00800 0.16546
v -0.27806 0.00800 0.21711
v -0.31047 0.00800 0.24277
v -0.27728 0.06584 -0.05646
v -0.27765 0.08881 -0.04245
v -0.27610 1.10029 -0.01761
v -0.30035 -0.06300 -0.30777
v -0.27054 -0.06300 -0.26104
v -0.26566 -0.06300 -0.22225
v -0.27073 -0.06300 -0.21353
v -0.26745 -0.06300 -0.18991
v -0.25085 -0.06300 -0.07308
v -0.28072 -0.06300 -0.03610
v -0.26826 -0.06300 -0.00493
v -0.25821 -0.06300 0.04875
v -0.27066 -0.06300 0.04420
v -0.28594 -0.06300 0.07972
v -0.26632 -0.06300 0.10193
v -0.26928 -0.06300 0.25422
v -0.29154 -0.06266 -0.33761
v -0.27465 -0.03200 -0.33800
v -0.27278 0.00800 -0.25163
v -0.28579 0.00801 -0.15371
v -0.26627 0.04902 0.08875
v -0.27093 0.06005 0.03182
v -0.27984 0.04203 0.04835
v -0.27548 0.05277 0.04911
v -0.27388 0.06792 -0.10099
v -0.28022 0.07036 -0.02354
v -0.27557 0.08093 -0.09480
v -0.28468 0.05575 -0.03984
v -0.27501 0.09510 -0.06065
v -0.27416 -0.06299 -0.33314
v -0.27054 -0.06300 -0.04530
v -0.26640 0.00800 0.31700
v -0.27341 0.06498 -0.00503
v -0.27258 0.09362 -0.01197
v -0.27596 0.10145 -0.02403
v -0.27144 0.11151 -0.08799
v -0.27209 0.12401 -0.02450
v -0.27496 0.10814 -0.04023
v -0.27516 1.29146 -0.01096
v -0.27251 -0.06300 0.01013
v -0.26460 -0.06300 0.07680
v -0.27535 -0.06300 0.16488
v -0.26940 -0.06300 0.18960
v -0.27403 -0.06300 0.27981
v -0.26668 -0.06093 0.33709
v -0.27088 -0.06150 0.33713
v -0.27965 0.00800 -0.30201
v -0.27159 0.00800 -0.24298
v -0.27156 0.00800 0.24477
v -0.28940 0.00836 0.11339
v -0.27335 0.02649 -0.12839
v -0.27011 0.05643 0.07587
v -0.27502 0.06624 0.05027
v -0.27009 0.11698 -0.05198
v -0.27104 0.13105 -0.07989
v -0.26889 1.08460 -0.01099
v -0.27426 1.28949 -0.00249
v -0.27021 1.32299 -0.01764
v -0.26958 1.31671 0.01379
v -0.27179 1.33110 -0.00165
v -0.26115 1.34211 -0.02881
v -0.27496 -0.06300 -0.30714
v -0.25652 -0.06300 -0.27576
v -0.24909 -0.06300 -0.18271
v -0.27047 -0.06300 -0.08432
v -0.26283 -0.06300 -0.02109
v -0.27953 -0.06295 0.33355
v -0.27963 0.00805 -0.16303
v -0.26602 0.02621 0.11217
v -0.26995 0.05412 0.00429
v -0.27099 0.07197 0.06701
v -0.27348 0.10394 -0.08893
v -0.27039 0.11415 -0.05195
v -0.27439 0.11508 -0.07109
v -0.26710 0.12762 -0.08789
v -0.26779 0.15459 -0.07119
v -0.25955 1.07238 -0.04062
v -0.28116 1.08341 -0.02260
v -0.27209 1.09334 0.00095
v -0.26719 1.23498 -0.01978
v -0.27024 1.23254 -0.00597
v -0.27304 1.28350 -0.01504
v -0.27209 1.28313 0.01051
v -0.27112 1.29513 0.03625
v -0.27573 1.31276 -0.00140
v -0.27507 0.00800 -0.27453
v -0.26963 0.00800 -0.25768
v -0.26402 0.00799 -0.18104
v -0.27453 0.00803 0.14586
v -0.26960 0.00800 0.29252
v -0.27144 0.00809 -0.17218
v -0.27315 0.02161 -0.14025
v -0.26778 0.04357 0.09121
v -0.26848 0.10860 -0.00875
v -0.26931 0.11296 0.06102
v -0.26597 0.10637 0.07384
v -0.26702 0.13914 0.05085
v -0.26660 0.13064 -0.01192
v -0.26843 0.11978 0.04319
v -0.26616 0.14452 -0.04946
v -0.26644 1.05554 0.01317
v -0.27095 1.07791 -0.03756
v -0.26876 1.06727 0.00127
v -0.25905 1.07520 -0.06296
v -0.26670 1.09112 -0.04211
v -0.26820 1.09871 0.03054
v -0.27335 1.09751 -0.03025
v -0.26766 1.09483 0.00977
v -0.26652 1.13407 -0.01788
v -0.26187 1.11692 0.01242
v -0.26637 1.20019 -0.00800
v -0.26784 1.27614 0.02594
v -0.26807 1.28725 0.02724
v -0.26669 1.26116 0.04533
v -0.26713 1.28921 0.00082
v -0.27010 1.29702 0.00793
v -0.26759 1.29886 0.05065
v -0.27052 1.31931 0.03489
v -0.26161 -0.06233 -0.33631
v -0.26365 -0.06300 -0.27253
v -0.25734 -0.06300 -0.22723
v -0.27155 -0.06300 -0.14564
v -0.24116 -0.06300 0.05160
v -0.26410 -0.06300 0.09105
v -0.26324 -0.06300 0.14148
v -0.24072 -0.06300 0.20522
v -0.24460 -0.06300 0.24748
v -0.22900 -0.06300 0.32800
v -0.24938 -0.06300 0.30205
v -0.27093 -0.00309 -0.33800
v -0.26420 0.00800 -0.32100
v -0.26040 0.03026 -0.14265
v -0.26351 0.07669 -0.10653
v -0.26676 0.09718 -0.10061
v -0.26184 0.09904 0.00384
v -0.26169 0.14915 -0.00812
v -0.26454 0.12636 0.03252
v -0.26311 0.16321 -0.04889
v -0.26371 0.16586 0.05540
v -0.26771 0.15488 -0.03042
v -0.26227 0.16398 -0.01330
v -0.26596 0.16370 -0.06297
v -0.26531 1.04584 -0.00460
v -0.26387 1.06682 -0.01941
v -0.26612 1.08764 -0.00200
v -0.26913 1.10411 -0.03314
v -0.25878 1.13801 -0.03049
v -0.26622 1.13157 -0.00613
v -0.26006 1.15277 -0.02730
v -0.26478 1.14730 -0.00904
v -0.26499 1.18866 -0.00248
v -0.26318 1.20341 -0.02069
v -0.26790 1.25719 0.01424
v -0.26552 1.25001 0.03329
v -0.26502 1.27582 0.06209
v -0.26487 1.26860 0.05217
v -0.26532 1.28372 -0.03048
v -0.26771 1.29977 0.05637
v -0.26185 1.30264 0.02029
v -0.26732 1.31583 0.05368
v -0.26414 1.32181 -0.02999
v -0.26577 1.33305 0.01935
v -0.26253 1.34132 0.05191
v -0.27041 0.00800 -0.29940
v -0.26287 0.00800 0.16193
v -0.26293 0.00828 0.15642
v -0.26617 0.01722 -0.15945
v -0.26383 0.04770 -0.11555
v -0.25177 0.06311 -0.11510
v -0.26399 0.06641 0.01168
v -0.26028 0.12415 -0.09934
v -0.26041 0.14494 0.02847
v -0.26386 0.15311 0.03952
v -0.26082 1.03029 -0.00732
v -0.26464 1.06166 0.02400
v -0.26474 1.09181 0.00946
v -0.25866 1.27367 -0.04615
v -0.26219 1.29495 -0.04004
v -0.26529 1.30791 -0.03015
v -0.26306 1.35653 0.00078
v -0.26117 0.00800 0.21786
v -0.26337 0.00800 0.29239
v -0.24677 0.09720 -0.11296
v -0.26312 0.10518 0.07776
v -0.25961 0.10091 0.01626
v -0.25741 0.14726 0.07799
v -0.26311 0.14852 0.06625
v -0.26190 0.15808 -0.08773
v -0.26126 0.16721 -0.01260
v -0.26182 0.17107 -0.04833
v -0.26016 0.18114 -0.04830
v -0.26505 0.17536 -0.03035
v -0.26142 0.18190 0.04710
v -0.26412 0.16514 -0.08262
v -0.26022 0.19926 -0.02618
v -0.26281 1.03486 0.01762
v -0.26301 1.05216 0.02654
v -0.26173 1.04181 -0.02164
v -0.24955 1.07247 -0.05314
v -0.26248 1.07111 0.02989
v -0.26206 1.08978 -0.05438
v -0.25687 1.11152 -0.05036
v -0.25628 1.14204 0.01951
v -0.26336 1.19272 0.00489
v -0.25563 1.18509 -0.03229
v -0.26274 1.22658 0.01561
v -0.26059 1.24379 0.05514
v -0.26364 1.26324 0.06273
v -0.25238 1.33318 -0.05191
v -0.26126 1.35755 0.00973
v -0.26129 -0.06300 -0.12807
v -0.26383 0.06388 0.08347
v -0.24521 0.08336 0.10089
v -0.25726 0.11039 0.01019
v -0.25887 0.11574 0.01923
v -0.26474 0.15712 -0.01579
v -0.25724 0.19218 0.03328
v -0.24764 0.98194 0.00822
v -0.25846 1.09840 0.05132
v -0.25453 1.17481 0.02118
v -0.24750 1.18817 -0.05057
v -0.26346 1.25643 -0.03030
v -0.25283 1.26018 -0.05413
v -0.26208 1.29571 0.07286
v -0.24472 0.00803 -0.19447
v -0.25679 0.04889 -0.12039
v -0.26179 0.02639 0.12316
v -0.25848 0.15547 -0.09396
v -0.25400 0.13622 0.01227
v -0.25354 0.15578 0.00006
v -0.26001 0.16097 0.03557
v -0.25912 0.17279 0.06833
v -0.25353 0.22442 -0.01747
v -0.25674 0.21872 -0.06600
v -0.25639 0.20624 -0.04945
v -0.25772 0.20067 -0.08107
v -0.25595 0.23052 -0.03303
v -0.25714 0.22470 0.04202
v -0.25426 1.02598 0.03914
v -0.25620 1.18405 0.03315
v -0.25863 1.20466 0.03686
v -0.25592 1.21657 0.05511
v -0.25560 1.23848 -0.04533
v -0.26370 -0.06300 -0.06026
v -0.24401 -0.06300 0.15761
v -0.24986 -0.06300 0.21947
v -0.28052 0.00800 0.25607
v -0.24645 0.03393 0.13668
v -0.26091 0.18907 0.05499
v -0.24862 0.27601 -0.03548
v -0.25308 0.22348 0.02514
v -0.25743 1.02305 -0.02354
v -0.25600 1.06551 0.04397
v -0.24838 1.14390 0.05160
v -0.26145 1.28187 0.07146
v -0.25599 1.33658 0.07289
v -0.24812 0.15395 0.01609
v -0.24946 0.24942 -0.05508
v -0.25403 0.22548 0.06163
v -0.24608 0.23549 0.00891
v -0.24825 0.98898 0.02757
v -0.25084 1.18531 0.05343
v -0.25858 1.36816 -0.00496
v -0.25058 0.00838 -0.18717
v -0.24893 0.02960 -0.15652
v -0.25181 0.27925 0.03610
v -0.24987 0.29704 0.02118
v -0.24410 1.17398 0.07094
v -0.24432 1.19362 -0.05436
v -0.25417 1.36330 0.04820
v -0.26177 1.35145 0.02323
v -0.21910 -0.06300 0.32800
v -0.25027 0.01988 -0.16929
v -0.24699 0.06186 0.10225
v -0.24140 0.05248 -0.13976
v -0.24326 0.11671 -0.11209
v -0.25373 0.18453 -0.09431
v -0.24821 0.17905 0.00926
v -0.25053 0.19977 -0.09546
v -0.24775 0.21582 -0.00356
v -0.24426 0.25228 -0.01220
v -0.25242 0.27393 0.04051
v -0.24618 0.30835 0.00943
v -0.24415 0.96362 -0.01657
v -0.24754 1.09562 0.05585
v -0.25707 1.35207 0.06498
v -0.25510 0.00800 0.21672
v -0.25068 0.04880 0.10573
v -0.25131 0.18178 0.07953
v -0.24683 0.22115 0.07510
v -0.24202 0.27401 -0.01665
v -0.25055 0.24577 -0.07639
v -0.24650 0.27583 0.05722
v -0.24576 0.34861 0.01494
v -0.25226 1.09795 0.03887
v -0.24296 1.12330 0.07082
v -0.24594 1.17188 0.06715
v -0.24355 1.29177 -0.06248
v -0.25261 1.29594 -0.05582
v -0.24188 1.38012 0.05665
v -0.23641 -0.06300 -0.28588
v -0.25273 -0.06300 -0.24770
v -0.23859 -0.06300 -0.20217
v -0.22319 -0.06300 -0.12794
v -0.24797 -0.06300 -0.13043
v -0.27515 -0.02732 -0.33800
v -0.23825 0.00567 -0.33467
v -0.26488 0.00802 0.15516
v -0.25495 0.00800 0.16795
v -0.23832 0.14546 -0.11207
v -0.22565 0.20491 -0.11590
v -0.25367 0.20760 -0.08922
v -0.25082 0.22797 -0.08777
v -0.24164 0.26979 0.06685
v -0.24175 0.28726 -0.05813
v -0.23988 0.30127 -0.02339
v -0.24715 0.29894 0.04575
v -0.24402 0.35332 0.01220
v -0.24310 0.95037 -0.00479
v -0.24229 0.95618 0.00744
v -0.24328 0.95864 0.02421
v -0.23791 1.07491 -0.07046
v -0.25519 1.09252 0.07061
v -0.22966 1.12630 -0.06389
v -0.24228 1.15429 0.07028
v -0.24373 1.27351 0.08400
v -0.24540 1.28718 0.08399
v -0.24742 1.37088 -0.02658
v -0.25086 1.37309 0.03656
v -0.23723 1.38795 0.01967
v -0.19490 -0.05220 0.33800
v -0.26090 0.00800 -0.32430
v -0.21823 0.00800 -0.22976
v -0.23645 0.07858 0.12326
v -0.23738 0.10114 -0.12788
v -0.24166 0.10280 0.10631
v -0.24159 0.13066 0.09744
v -0.23556 0.20144 0.09098
v -0.23240 0.25932 0.08078
v -0.24783 0.22590 0.07255
v -0.24319 0.27433 -0.08165
v -0.24177 0.28049 0.00072
v -0.23477 0.37652 -0.00562
v -0.23914 0.86307 -0.00448
v -0.23926 0.87712 0.01488
v -0.24035 0.86763 -0.00852
v -0.24207 0.93091 0.00150
v -0.24003 0.93649 -0.02263
v -0.23972 0.95392 0.04066
v -0.24042 0.94921 -0.02396
v -0.24281 0.99834 -0.04031
v -0.24092 1.03010 0.06156
v -0.24636 1.03268 -0.04898
v -0.23513 1.07687 -0.07223
v -0.23771 1.13904 0.07415
v -0.22787 1.22361 0.08629
v -0.23153 1.26697 -0.06757
v -0.25401 1.23253 0.07277
v -0.23627 1.33251 -0.06530
v -0.24364 1.32179 0.08574
v -0.23746 1.35868 -0.05408
v -0.23881 -0.06300 -0.07166
v -0.23346 -0.06300 0.01779
v -0.22855 -0.06300 0.10342
v -0.23674 -0.06300 0.12623
v -0.22261 -0.05330 -0.33800
v -0.23615 0.00800 -0.32485
v -0.23599 0.05177 0.13115
v -0.24353 0.20836 0.08184
v -0.23305 0.24656 -0.10857
v -0.23799 0.31197 -0.00815
v -0.24012 0.38415 0.01450
v -0.24028 0.38413 0.01883
v -0.23559 0.84165 0.01024
v -0.23601 0.88116 0.04247
v -0.24035 0.92702 0.02906
v -0.24172 0.99101 0.04949
v -0.23956 1.05824 0.06234
v -0.23712 1.15614 -0.05804
v -0.23961 1.31150 0.09252
v -0.23573 0.05932 0.12663
v -0.24279 0.25036 -0.09665
v -0.24517 0.29238 -0.04287
v -0.23327 0.33355 -0.06171
v -0.24015 0.96735 -0.03142
v -0.23906 1.02476 0.06200
v -0.23631 0.06727 -0.13828
v -0.23584 0.15814 -0.11188
v -0.23057 0.18484 -0.11341
v -0.23888 0.16120 0.09627
v -0.23690 0.17786 0.09430
v -0.23964 0.24745 -0.10107
v -0.23288 0.33481 -0.07196
v -0.23672 0.34772 -0.04134
v -0.23223 0.35599 -0.02224
v -0.23872 0.35755 0.04094
v -0.23305 0.42716 0.02495
v -0.22947 0.80668 0.00997
v -0.23450 0.86114 0.02766
v -0.23214 0.90148 -0.03426
v -0.23443 1.01502 -0.05520
v -0.21478 1.07481 -0.07314
v -0.23424 1.19321 0.07940
v -0.23166 1.29145 -0.07061
v -0.23068 1.38271 0.06937
v -0.23500 1.39239 0.03808
v -0.24175 1.38963 -0.00041
v -0.23469 -0.06300 -0.01874
v -0.23385 -0.06300 0.15893
v -0.24568 -0.06182 0.33688
v -0.23450 -0.06163 -0.33692
v -0.23529 0.00800 0.23859
v -0.23492 0.00800 0.26267
v -0.22404 0.09706 -0.14449
v -0.23367 0.23110 0.08643
v -0.23149 0.37554 -0.04710
v -0.23191 0.38222 -0.00927
v -0.23609 0.38740 0.03428
v -0.23093 0.43268 -0.00311
v -0.23018 0.82180 -0.00904
v -0.23048 0.84120 -0.01955
v -0.23042 0.85702 0.05261
v -0.23550 0.89465 -0.02789
v -0.23578 0.96042 0.05348
v -0.23202 0.97372 -0.04503
v -0.23126 0.98633 -0.04941
v -0.22109 1.02199 -0.06778
v -0.22960 1.07864 -0.08994
v -0.22543 1.11713 -0.06471
v -0.23817 1.28198 0.09083
v -0.23416 1.32591 0.09929
v -0.23723 1.36282 0.07654
v -0.23414 1.39676 -0.01096
v -0.22504 -0.06300 -0.25252
v -0.22378 -0.00930 -0.33800
v -0.24106 0.00788 0.33075
v -0.22881 0.04341 -0.15911
v -0.22899 0.05034 -0.15400
v -0.23316 0.05968 -0.14479
v -0.22412 0.07922 -0.14803
v -0.22892 0.11725 -0.13455
v -0.22436 0.13421 -0.13556
v -0.22508 0.11814 0.12962
v -0.23437 0.13434 0.11555
v -0.22494 0.16541 0.12238
v -0.22722 0.30501 -0.10518
v -0.22788 0.31927 -0.09901
v -0.23421 0.32560 0.05947
v -0.23058 0.35852 0.05457
v -0.22950 0.36968 -0.05718
v -0.22907 0.37253 0.05258
v -0.22877 0.40755 0.04200
v -0.22980 0.40172 -0.00986
v -0.23243 0.41852 0.03044
v -0.23108 0.43445 -0.00256
v -0.23371 0.43605 0.01671
v -0.22822 0.91604 -0.04114
v -0.22994 0.93493 0.06394
v -0.24369 1.03832 -0.05158
v -0.22041 1.29717 0.11632
v -0.22612 1.30860 -0.08285
v -0.22904 1.33346 0.10422
v -0.23486 1.37857 -0.03985
v -0.22543 -0.06254 -0.33518
v -0.21565 -0.06300 -0.26256
v -0.21910 -0.06300 -0.20165
v -0.19620 -0.06300 -0.10477
v -0.22914 -0.06300 -0.16199
v -0.21899 -0.06300 -0.10906
v -0.22950 -0.06300 -0.08116
v -0.22027 -0.06300 -0.06513
v -0.21864 -0.06300 -0.02175
v -0.21834 -0.06300 0.17569
v -0.22421 -0.06300 0.22590
v -0.22385 -0.06300 0.25127
v -0.22678 -0.06304 0.33242
v -0.21716 -0.05774 0.33799
v -0.22367 0.00519 0.33505
v -0.24232 0.02988 0.14461
v -0.22697 0.01798 -0.19383
v -0.22703 0.03075 0.15043
v -0.23821 0.04260 0.13573
v -0.21717 0.06044 0.14025
v -0.22925 0.20728 0.10632
v -0.22226 0.24854 0.10724
v -0.22692 0.27190 0.09141
v -0.22719 0.31973 0.07015
v -0.22007 0.34248 -0.10495
v -0.22832 0.36284 0.05662
v -0.22700 0.36890 -0.06352
v -0.23010 0.38340 0.04771
v -0.22280 0.39773 -0.06459
v -0.21935 0.40322 0.05731
v -0.22873 0.39239 -0.04401
v -0.22714 0.41949 -0.01340
v -0.22419 0.42731 -0.02715
v -0.23195 0.45107 0.01500
v -0.22205 0.47727 -0.01659
v -0.22909 0.47450 0.00784
v -0.22729 0.47749 0.01737
v -0.22378 0.78171 0.01167
v -0.22594 0.82165 0.03331
v -0.22970 0.84238 0.04317
v -0.22711 0.86216 -0.03254
v -0.22478 0.86744 0.06939
v -0.22078 0.88545 -0.04847
v -0.22347 0.87278 0.07257
v -0.23402 0.89811 0.05627
v -0.21362 1.00015 0.07992
v -0.21903 1.03939 -0.07130
v -0.23515 1.06463 -0.06295
v -0.23666 1.09312 0.05651
v -0.22792 1.15506 0.07858
v -0.22798 1.17564 -0.06153
v -0.22255 1.23024 0.09534
v -0.23024 1.24787 0.08969
v -0.22014 1.22596 -0.08609
v -0.22903 1.27041 0.10471
v -0.23067 1.30925 0.10658
v -0.22054 -0.06300 0.09310
v -0.22335 -0.06300 0.19577
v -0.21871 -0.06300 0.28434
v -0.21568 -0.06087 0.33761
v -0.22010 0.04525 -0.16315
v -0.21600 0.25250 -0.11939
v -0.22782 0.26501 0.09204
v -0.22983 0.29078 0.07511
v -0.22515 0.45585 0.03242
v -0.22772 0.48430 -0.00193
v -0.22393 0.78224 0.00612
v -0.21935 0.77401 -0.00475
v -0.22278 0.80551 0.03596
v -0.21893 0.90800 -0.05313
v -0.22463 0.92959 0.07219
v -0.22939 0.99185 0.06685
v -0.22021 1.11217 -0.08498
v -0.21633 1.15788 0.08174
v -0.22687 1.21412 -0.06345
v -0.22697 1.25777 0.10283
v -0.22444 1.28659 -0.08720
v -0.22107 1.29453 0.11360
v -0.22970 1.32536 -0.07043
v -0.22484 1.33501 -0.07707
v -0.23272 1.35006 0.08738
v -0.23507 0.00800 -0.28569
v -0.21794 0.00800 0.19378
v -0.23707 0.02580 -0.16916
v -0.22161 0.16828 -0.13085
v -0.22000 0.17037 -0.13213
v -0.22447 0.35478 -0.09288
v -0.22517 0.40884 -0.03280
v -0.22261 0.46518 -0.01816
v -0.22281 0.46696 0.03275
v -0.22595 0.51095 0.00306
v -0.22217 0.85643 -0.03746
v -0.22322 0.89443 -0.04500
v -0.22037 0.99084 -0.06189
v -0.22624 1.03641 0.07136
v -0.22163 1.17883 -0.06404
v -0.22437 1.20908 -0.06467
v -0.22371 1.19681 0.08349
v -0.22672 1.23564 -0.06735
v -0.21954 1.21673 -0.08365
v -0.22403 1.25908 0.10678
v -0.22293 1.31342 -0.08662
v -0.22752 1.34372 -0.06619
v -0.22536 1.38535 -0.04399
v -0.22610 1.40001 0.01346
v -0.22859 1.39952 0.03489
v -0.22377 1.40544 0.00392
v -0.22300 -0.06300 -0.19272
v -0.22281 -0.06300 -0.18261
v -0.22340 -0.06300 -0.13976
v -0.21505 -0.06300 -0.09386
v -0.20134 -0.06300 -0.02273
v -0.20985 -0.06300 -0.01968
v -0.20854 -0.06300 0.00755
v -0.20890 -0.06300 0.05880
v -0.22422 -0.06300 0.06360
v -0.22226 -0.06300 0.12725
v -0.23083 0.09585 0.12805
v -0.21737 0.29817 0.09985
v -0.22156 0.32572 -0.10632
v -0.22508 0.33641 0.06826
v -0.22392 0.34928 0.06644
v -0.22152 0.37284 0.06307
v -0.21798 0.38630 -0.09449
v -0.21898 0.41022 -0.07983
v -0.22536 0.40407 -0.05365
v -0.22104 0.43183 -0.05461
v -0.21777 0.43642 0.04986
v -0.21713 0.50871 -0.02318
v -0.22194 0.49378 -0.01331
v -0.22275 0.50008 0.02034
v -0.21996 0.50466 0.01316
v -0.22216 0.78488 0.02354
v -0.21979 0.94084 -0.05341
v -0.22581 0.95844 -0.04890
v -0.22032 1.05469 0.07267
v -0.22146 1.13485 -0.06475
v -0.23472 1.16577 -0.05818
v -0.21807 1.17879 -0.07833
v -0.22380 1.39917 0.05534
v -0.21965 0.00800 -0.31660
v -0.21781 0.00800 -0.24418
v -0.22264 0.00800 0.21374
v -0.21925 0.00800 0.23107
v -0.22432 0.00800 0.25692
v -0.24813 0.00800 0.26757
v -0.21764 0.07379 0.13782
v -0.22086 0.06620 -0.15317
v -0.21557 0.16211 -0.13820
v -0.22226 0.16730 0.12460
v -0.21881 0.20813 -0.12581
v -0.21118 0.21873 0.12320
v -0.21317 0.24079 -0.12585
v -0.21912 0.23547 -0.11819
v -0.21971 0.28256 -0.11436
v -0.22328 0.30304 0.08896
v -0.21460 0.36087 0.08547
v -0.21794 0.37623 0.07269
v -0.21807 0.36649 -0.10062
v -0.21825 0.38597 0.06798
v -0.21997 0.40888 -0.07362
v -0.21265 0.45809 -0.06580
v -0.21647 0.47101 -0.04294
v -0.21992 0.47032 -0.02685
v -0.21924 0.48424 -0.02716
v -0.21771 0.48913 -0.01544
v -0.22182 0.50708 0.01966
v -0.21830 0.53479 -0.01869
v -0.22170 0.53030 0.00940
v -0.22097 0.54874 -0.00866
v -0.21787 0.76069 0.02491
v -0.21865 0.81167 -0.02487
v -0.21703 0.78461 0.03626
v -0.21639 0.80107 -0.02293
v -0.22104 0.82250 0.06032
v -0.21547 0.83513 -0.04825
v -0.21844 0.88028 -0.05839
v -0.22518 0.88401 0.07257
v -0.21782 0.88037 -0.07007
v -0.21705 0.91962 -0.06035
v -0.21534 0.94058 -0.06271
v -0.21950 0.96781 -0.05735
v -0.23890 1.01401 0.06123
v -0.21846 1.07470 0.08687
v -0.23158 1.08128 0.08420
v -0.22525 1.08182 0.07948
v -0.22389 1.09090 0.06423
v -0.21359 1.10855 -0.09288
v -0.21204 1.15680 -0.08539
v -0.22034 1.17800 0.08248
v -0.21731 1.17434 -0.06518
v -0.21768 1.26057 -0.09240
v -0.22519 1.34777 0.10184
v -0.22612 1.35981 0.08885
v -0.21936 1.36337 -0.06288
v -0.21813 1.38227 0.07729
v -0.21906 1.39389 -0.04023
v -0.20773 1.41301 0.01714
v -0.22229 1.40249 0.02183
v -0.21400 -0.06300 -0.30523
v -0.21882 -0.06300 -0.28392
v -0.19900 -0.06300 -0.26394
v -0.21504 -0.06300 -0.25046
v -0.21772 -0.06300 -0.22726
v -0.21924 -0.06300 -0.17283
v -0.19866 -0.06300 -0.06297
v -0.20614 -0.06300 -0.05860
v -0.21552 -0.06300 0.03744
v -0.20659 -0.06300 0.07723
v -0.20685 -0.06300 0.11565
v -0.20328 -0.06300 0.18526
v -0.20965 -0.06300 0.21147
v -0.21731 -0.06300 0.22238
v -0.21580 -0.06300 0.24110
v -0.20685 -0.06300 0.27750
v -0.20488 -0.06150 0.33713
v -0.21580 -0.01480 0.33800
v -0.21724 0.00800 -0.25968
v -0.23405 0.00801 0.16720
v -0.21397 0.00800 0.25402
v -0.20202 0.00800 0.28058
v -0.21580 0.00800 0.30545
v -0.20720 0.00815 -0.24338
v -0.22401 0.00803 -0.21329
v -0.21738 0.02591 0.15644
v -0.21491 0.06035 -0.15870
v -0.20702 0.06732 0.14203
v -0.20797 0.10445 -0.15390
v -0.21637 0.09840 0.13659
v -0.21472 0.16777 0.12943
v -0.21344 0.20757 -0.13216
v -0.22197 0.21395 0.11573
v -0.21727 0.28113 0.10411
v -0.21774 0.31983 0.09337
v -0.21563 0.40702 -0.09134
v -0.21368 0.44758 0.05888
v -0.21555 0.48024 0.03976
v -0.21913 0.47679 -0.03233
v -0.21641 0.56005 0.01172
v -0.21758 0.55217 -0.01818
v -0.21781 0.57172 -0.01236
v -0.21523 0.69674 0.02673
v -0.21857 0.68306 -0.05141
v -0.21722 0.68678 -0.05822
v -0.21594 0.70439 0.02051
v -0.21641 0.72403 0.01614
v -0.21776 0.74709 0.00850
v -0.21574 0.74166 0.00249
v -0.21777 0.75048 0.02072
v -0.21346 0.75575 0.03413
v -0.21348 0.75872 -0.00928
v -0.21770 0.79099 0.04828
v -0.21353 0.81435 -0.04404
v -0.21681 0.81944 0.06776
v -0.22146 0.85029 0.07143
v -0.21836 0.87242 -0.05737
v -0.21570 0.87303 -0.08013
v -0.21611 0.89744 -0.07814
v -0.21611 0.91613 0.08280
v -0.21419 0.95593 -0.06552
v -0.21415 0.96601 -0.06738
v -0.22074 0.96568 0.07397
v -0.21616 0.98435 -0.06682
v -0.21507 0.98874 -0.06931
v -0.22250 1.01073 -0.06450
v -0.21497 1.03141 -0.07581
v -0.21662 1.02387 0.07736
v -0.21124 1.07575 -0.07422
v -0.22191 1.07796 0.06786
v -0.20596 1.08557 -0.10264
v -0.22088 1.09451 0.08377
v -0.21444 1.13162 -0.08448
v -0.21760 1.15006 -0.07101
v -0.21350 1.16430 -0.06640
v -0.21326 1.20047 -0.08894
v -0.21065 1.21542 -0.09328
v -0.21601 1.27110 -0.09449
v -0.21846 1.28162 0.11479
v -0.21517 1.29000 -0.09546
v -0.21553 1.31629 -0.09336
v -0.20983 1.30324 0.12658
v -0.21950 1.32745 0.11211
v -0.20887 1.34455 -0.09136
v -0.21308 1.35732 -0.07994
v -0.22447 1.39371 -0.03378
v -0.19604 -0.06300 -0.20065
v -0.20112 -0.06300 0.03223
v -0.18697 -0.06300 0.23239
v -0.21368 -0.06250 0.33566
v -0.21018 -0.03018 -0.33800
v -0.21578 0.02066 -0.19920
v -0.22035 0.10349 -0.14633
v -0.21116 0.12329 -0.14847
v -0.21736 0.12124 -0.14477
v -0.21374 0.19601 -0.13395
v -0.21568 0.18733 0.12584
v -0.21661 0.26513 0.10905
v -0.21443 0.42586 -0.08613
v -0.21323 0.43593 0.06391
v -0.21615 0.43462 -0.06554
v -0.21364 0.44874 -0.07232
v -0.21264 0.47421 -0.06062
v -0.21450 0.46016 0.05166
v -0.21410 0.50275 0.03502
v -0.21334 0.48872 0.04466
v -0.21463 0.53161 -0.02534
v -0.21656 0.57605 0.00514
v -0.21854 0.57360 -0.00159
v -0.21585 0.59098 -0.00211
v -0.21359 0.67443 0.00888
v -0.21401 0.67496 0.00313
v -0.21027 0.67107 -0.00097
v -0.21653 0.68055 0.02618
v -0.21399 0.76859 0.03708
v -0.21432 0.80122 -0.03454
v -0.21257 0.77353 0.05503
v -0.21546 0.83871 -0.07361
v -0.21534 0.81831 -0.06252
v -0.21096 0.88319 -0.09258
v -0.21476 0.92685 0.08321
v -0.21559 0.91447 -0.07742
v -0.21632 1.07944 0.09127
v -0.21390 1.08541 0.07063
v -0.22249 1.10324 0.08181
v -0.21462 1.11339 -0.08990
v -0.21662 1.21546 0.09690
v -0.21823 1.33074 -0.08809
v -0.21404 1.34668 0.10990
v -0.22028 1.38323 -0.05028
v -0.21349 1.37913 -0.05628
v -0.20738 1.41852 -0.00648
v -0.21021 -0.06300 -0.20314
v -0.21580 0.00802 -0.32761
v -0.21177 0.00603 0.33465
v -0.21348 0.02170 -0.20007
v -0.21139 0.02250 0.16036
v -0.21365 0.05651 -0.16115
v -0.21366 0.12681 0.13466
v -0.22318 0.19611 0.11889
v -0.21238 0.24861 -0.12491
v -0.19879 0.39881 -0.11100
v -0.21118 0.34953 0.09336
v -0.20797 0.45129 0.06934
v -0.21312 0.40805 -0.09616
v -0.21131 0.45120 -0.08426
v -0.21274 0.46098 0.05664
v -0.21149 0.50594 -0.04377
v -0.21345 0.52268 -0.03642
v -0.21237 0.54689 -0.03085
v -0.21461 0.60713 -0.00873
v -0.21145 0.67138 -0.01200
v -0.21232 0.69212 -0.02763
v -0.21112 0.73093 -0.00816
v -0.21324 0.72202 -0.04746
v -0.21091 0.75060 0.03672
v -0.21308 0.70131 -0.06514
v -0.21485 0.78722 -0.01926
v -0.20980 0.74885 0.04871
v -0.21144 0.74257 -0.06329
v -0.21199 0.77799 -0.04772
v -0.20962 0.81645 -0.08387
v -0.21151 0.80386 -0.07595
v -0.21249 0.83030 -0.08045
v -0.20968 0.84236 -0.08986
v -0.21152 0.83767 -0.08472
v -0.21513 0.91012 0.08398
v -0.21056 0.91945 -0.09029
v -0.21040 0.96382 -0.08373
v -0.20636 0.95957 0.08741
v -0.22215 0.97058 0.07267
v -0.21072 0.98783 0.08211
v -0.21165 1.04858 -0.07765
v -0.20978 1.05471 0.11136
v -0.21372 1.06894 0.09246
v -0.21341 1.12352 0.08115
v -0.21364 1.22706 -0.09217
v -0.21335 1.25168 -0.09530
v -0.21479 1.25964 0.11229
v -0.19987 1.26363 -0.10260
v -0.20889 1.32254 -0.09688
v -0.22216 1.39480 0.06581
v -0.20774 1.40771 -0.03287
v -0.21271 -0.06300 -0.15774
v -0.20314 -0.06300 0.15297
v -0.19597 -0.06300 0.26488
v -0.21922 0.01419 0.16551
v -0.21072 0.02586 -0.19626
v -0.21913 0.04545 0.14469
v -0.21461 0.22888 0.11871
v -0.21131 0.24285 0.11777
v -0.20240 0.27131 -0.13175
v -0.20359 0.29849 0.11035
v -0.20085 0.35056 -0.11588
v -0.20736 0.39327 -0.10628
v -0.21313 0.38264 0.08075
v -0.20844 0.40865 -0.10240
v -0.20668 0.50186 -0.06628
v -0.20417 0.49744 0.06228
v -0.20702 0.50617 0.05493
v -0.21097 0.54829 0.02589
v -0.21079 0.56397 -0.02870
v -0.20494 0.61503 -0.03249
v -0.20924 0.62356 0.00671
v -0.20995 0.63556 -0.01954
v -0.21268 0.63432 -0.00978
v -0.19865 0.67384 -0.03424
v -0.21359 0.69947 0.00258
v -0.20811 0.73414 -0.07178
v -0.20959 0.71887 -0.03111
v -0.20839 0.70280 -0.07333
v -0.20896 0.73976 -0.02489
v -0.20952 0.77023 -0.03655
v -0.20787 0.78118 -0.07820
v -0.20927 0.77409 0.06396
v -0.21205 0.80211 0.06957
v -0.20930 0.86494 -0.09408
v -0.21950 0.90054 0.08003
v -0.20976 0.94834 -0.08688
v -0.21370 1.06801 0.09676
v -0.19964 1.13408 0.08701
v -0.21235 1.20830 0.10038
v -0.20885 1.25733 0.12106
v -0.21762 1.37402 0.08601
v -0.21726 0.00814 0.17581
v -0.21049 0.01641 -0.21829
v -0.19584 0.04093 0.15170
v -0.20689 0.14406 0.13542
v -0.20522 0.23884 -0.13473
v -0.20602 0.17804 0.13164
v -0.21063 0.28181 -0.11933
v -0.21477 0.28378 0.10646
v -0.20363 0.32858 -0.11689
v -0.21028 0.33795 0.09712
v -0.20825 0.51315 -0.05773
v -0.21350 0.51507 0.03233
v -0.20709 0.53690 -0.04628
v -0.20696 0.59991 0.01847
v -0.21016 0.58502 -0.02771
v -0.20787 0.67055 -0.00962
v -0.21817 0.67866 -0.04439
v -0.20704 0.70476 0.04354
v -0.21228 0.78584 -0.06794
v -0.21030 0.83819 0.08219
v -0.20196 0.91317 -0.10700
v -0.22598 0.95275 0.06922
v -0.19994 0.99439 -0.10431
v -0.20584 1.00921 -0.09580
v -0.21746 1.03599 0.07613
v -0.21070 1.04873 0.07983
v -0.20338 1.07786 -0.07852
v -0.19894 1.11845 -0.09617
v -0.19954 1.12761 0.08687
v -0.20287 1.22053 0.10989
v -0.20601 1.33150 0.12468
v -0.20287 1.36657 -0.08358
v -0.20346 1.39110 0.08038
v -0.22021 -0.00380 -0.33801
v -0.19708 0.05383 -0.18040
v -0.20938 0.30610 -0.11785
v -0.20110 0.50631 -0.08635
v -0.20634 0.49349 -0.07690
v -0.20486 0.51732 -0.06462
v -0.20627 0.54271 0.04477
v -0.20690 0.55129 -0.04442
v -0.20645 0.57441 -0.04144
v -0.20425 0.63222 0.01594
v -0.19925 0.67722 0.01952
v -0.20497 0.71808 0.05998
v -0.20557 0.76474 0.06834
v -0.20121 0.76188 -0.08560
v -0.20597 0.79398 -0.08520
v -0.20118 0.83430 -0.10094
v -0.20125 0.91003 0.09733
v -0.19848 0.97401 0.09677
v -0.20605 1.16752 0.08905
v -0.20603 1.18196 -0.09165
v -0.20530 1.41257 0.05692
v -0.19518 -0.06300 0.08146
v -0.18838 0.02377 -0.23555
v -0.20945 0.11352 0.13789
v -0.20353 0.24560 -0.13502
v -0.19998 0.29278 0.11272
v -0.19812 0.29500 -0.13078
v -0.19734 0.37174 -0.11480
v -0.20262 0.38189 0.09417
v -0.20194 0.55327 -0.05947
v -0.20435 0.58282 0.03674
v -0.19372 0.78641 -0.09883
v -0.20365 0.88824 -0.10541
v -0.19704 0.88790 -0.11214
v -0.21199 0.98289 -0.08086
v -0.20531 1.02563 -0.09568
v -0.20244 1.04023 0.11912
v -0.20351 1.04290 0.11573
v -0.20952 1.27977 0.12500
v -0.15968 -0.06168 0.33664
v -0.20476 0.03582 -0.18896
v -0.20238 0.11788 -0.15810
v -0.20315 0.19577 0.12975
v -0.20598 0.31231 -0.11784
v -0.19964 0.53154 0.05920
v -0.20088 0.52945 -0.07741
v -0.19996 0.54628 -0.06618
v -0.19721 0.59693 -0.05564
v -0.20323 0.60201 -0.04305
v -0.20694 0.69148 0.04530
v -0.20448 0.74189 -0.07925
v -0.20022 0.77671 0.07878
v -0.20138 0.79837 -0.09270
v -0.20596 0.97159 -0.09381
v -0.20385 1.09648 0.09340
v -0.19791 1.10825 -0.09861
v -0.19779 1.14104 0.09249
v -0.20991 1.16059 -0.08788
v -0.20806 1.34017 0.12125
v -0.21092 1.35910 0.10702
v -0.19079 1.40250 -0.05039
v -0.20618 -0.06300 -0.32361
v -0.20068 -0.06300 -0.17303
v -0.19510 -0.06300 -0.08128
v -0.19097 -0.06300 0.14359
v -0.20837 -0.00159 0.33802
v -0.19748 0.00800 -0.25367
v -0.19885 0.03603 -0.20076
v -0.20658 0.07006 -0.16344
v -0.20230 0.16196 -0.14702
v -0.19742 0.32139 -0.12628
v -0.20260 0.45913 0.07461
v -0.19636 0.57817 0.05133
v -0.19463 0.59917 0.04889
v -0.20138 0.65062 -0.03369
v -0.18855 0.68471 -0.05803
v -0.20159 0.70320 0.06852
v -0.19850 0.73141 0.07407
v -0.20473 0.81249 0.08201
v -0.19807 0.83462 -0.10426
v -0.20386 0.88222 0.09433
v -0.19710 0.88183 0.09962
v -0.20669 0.89682 -0.10089
v -0.19725 0.95055 -0.10846
v -0.20389 0.93383 0.09312
v -0.20976 1.05151 0.10915
v -0.19383 1.08208 -0.08882
v -0.20239 1.10511 0.08914
v -0.20556 1.16942 0.09190
v -0.18744 1.17077 0.10608
v -0.20689 1.19121 0.09968
v -0.19617 1.21482 -0.09871
v -0.21024 1.38061 -0.05841
v -0.19926 1.39101 -0.05843
v -0.19724 -0.06086 -0.33602
v -0.21691 -0.03076 0.33800
v -0.19024 0.00198 -0.33745
v -0.19662 0.02281 0.17057
v -0.18457 0.03615 -0.22285
v -0.19476 0.05118 -0.18946
v -0.20400 0.10123 0.14024
v -0.19435 0.10763 -0.16826
v -0.19358 0.11294 -0.16775
v -0.20335 0.17246 -0.14509
v -0.19012 0.24638 -0.14132
v -0.20609 0.26098 0.11685
v -0.20145 0.39867 0.09138
v -0.19365 0.41538 -0.11178
v -0.20444 0.43774 0.07851
v -0.20427 0.47787 0.06779
v -0.20370 0.46952 -0.09310
v -0.19644 0.49140 0.07231
v -0.20300 0.58997 0.03813
v -0.19671 0.60389 -0.05311
v -0.19599 0.63167 -0.05073
v -0.19601 0.67575 -0.04241
v -0.19601 0.72823 -0.08872
v -0.19700 0.77967 -0.09350
v -0.18430 0.83262 0.10301
v -0.19097 0.85658 -0.11473
v -0.20283 0.85431 -0.10248
v -0.19563 0.86206 -0.11111
v -0.19488 1.00746 0.09952
v -0.19487 1.04097 0.11312
v -0.18979 1.08494 -0.09372
v -0.20398 1.22890 0.11435
v -0.19472 1.23938 -0.10554
v -0.19720 1.26242 0.12726
v -0.19744 1.31793 -0.10141
v -0.19048 1.37510 0.11210
v -0.19518 1.37738 0.10347
v -0.20572 1.41363 0.04432
v -0.20449 1.41708 0.02925
v -0.19456 -0.06300 -0.14729
v -0.18087 0.00413 -0.33492
v -0.20324 0.00551 -0.33435
v -0.20783 0.00800 -0.32210
v -0.19500 0.00800 -0.25751
v -0.18323 0.00804 0.21321
v -0.20383 0.02142 -0.21922
v -0.18594 0.04984 -0.20629
v -0.19360 0.08068 -0.17439
v -0.19176 0.12008 -0.16819
v -0.20157 0.15261 0.13566
v -0.18964 0.14542 -0.16477
v -0.19548 0.16223 -0.15551
v -0.17882 0.16828 0.13660
v -0.18620 0.17629 -0.16143
v -0.19120 0.20492 -0.15037
v -0.20359 0.24296 0.12146
v -0.18816 0.27120 -0.13891
v -0.19173 0.28335 -0.13598
v -0.19150 0.28002 0.11726
v -0.18048 0.31600 -0.13709
v -0.20494 0.32322 0.10492
v -0.20065 0.35745 0.10063
v -0.18644 0.39556 -0.12259
v -0.19014 0.41506 -0.11350
v -0.18303 0.46057 -0.11238
v -0.20199 0.45053 -0.09999
v -0.19285 0.50872 0.07151
v -0.19241 0.55408 -0.08814
v -0.19622 0.56113 0.05579
v -0.19529 0.56203 -0.07846
v -0.19110 0.58729 -0.07965
v -0.19980 0.63223 0.03286
v -0.19332 0.61921 0.04608
v -0.19459 0.66135 -0.04872
v -0.19063 0.71309 -0.08691
v -0.18836 0.71146 0.08720
v -0.19252 0.76679 0.08588
v -0.18554 0.78039 0.09463
v -0.19583 0.78594 -0.09595
v -0.19510 0.82968 0.09402
v -0.18233 0.90956 0.11806
v -0.19182 0.93916 0.10749
v -0.21609 1.02360 0.07795
v -0.19060 1.01144 -0.11662
v -0.19487 1.03610 -0.10833
v -0.20612 1.06568 0.07965
v -0.19667 1.04806 0.13007
v -0.18574 1.05118 0.09879
v -0.19289 1.06075 -0.10209
v -0.19883 1.07151 0.08392
v -0.18036 1.11122 0.10403
v -0.19398 1.13391 -0.09434
v -0.18757 1.15738 0.10290
v -0.19203 1.22136 0.12208
v -0.18610 1.25983 -0.11424
v -0.19467 1.26075 -0.10739
v -0.21135 1.31519 0.12520
v -0.19964 1.29099 -0.10284
v -0.19702 1.34936 -0.09451
v -0.19454 1.36708 0.11464
v -0.18728 1.38118 0.10798
v -0.20501 1.37310 -0.07656
v -0.19409 1.41522 -0.03470
v -0.19442 1.42152 -0.01734
v -0.18705 1.42441 0.05226
v -0.18903 -0.06216 -0.33554
v -0.20522 -0.06254 -0.33518
v -0.18158 -0.06300 -0.13347
v -0.18325 -0.06300 -0.10648
v -0.17964 -0.06300 0.02671
v -0.18545 -0.06300 0.18924
v -0.17950 -0.06300 0.32140
v -0.16960 -0.04780 -0.33800
v -0.20559 0.00800 0.19544
v -0.17394 0.00492 0.33440
v -0.19541 0.01217 0.19805
v -0.19439 0.03119 -0.21668
v -0.19362 0.06695 -0.17914
v -0.19310 0.09935 -0.17118
v -0.19217 0.18581 -0.15367
v -0.19348 0.36346 -0.12147
v -0.18635 0.37502 -0.12636
v -0.19181 0.45109 0.08661
v -0.19386 0.48409 -0.10105
v -0.19312 0.53274 -0.09186
v -0.19363 0.55984 -0.08369
v -0.19208 0.59282 -0.06849
v -0.19172 0.63777 -0.05605
v -0.19532 0.64516 0.03833
v -0.19078 0.72654 -0.09357
v -0.19277 0.83258 -0.10889
v -0.19499 0.90317 0.10435
v -0.19371 0.96817 0.10248
v -0.19053 0.98820 -0.11609
v -0.20100 1.02339 0.09190
v -0.18450 1.04554 -0.11825
v -0.19921 1.05618 -0.09634
v -0.19147 1.16215 -0.09438
v -0.19190 1.18627 0.10664
v -0.18977 1.20950 -0.10479
v -0.19123 1.31966 0.12974
v -0.19014 1.36804 0.11718
v -0.19836 1.38916 0.09072
v -0.18897 0.06410 -0.19168
v -0.18529 0.12366 -0.18578
v -0.18209 0.12141 0.14151
v -0.18071 0.14716 0.13961
v -0.19453 0.21633 -0.14346
v -0.19293 0.26102 0.12035
v -0.18284 0.30049 -0.13756
v -0.20396 0.42267 -0.10401
v -0.19164 0.53074 0.06741
v -0.18468 0.56407 0.06575
v -0.18555 0.58562 -0.09067
v -0.18739 0.58679 -0.08743
v -0.19164 0.68738 0.03691
v -0.18688 0.70845 0.08379
v -0.18713 0.79729 0.09560
v -0.18584 0.78950 -0.10562
v -0.18659 0.89106 0.11303
v -0.18440 0.89247 -0.12313
v -0.19840 1.02663 0.13287
v -0.17560 1.02880 0.11257
v -0.19145 1.07225 0.12489
v -0.18341 1.09740 0.10834
v -0.20138 1.10016 -0.10093
v -0.19071 1.33993 -0.10104
v -0.18070 1.42991 0.01225
v -0.17533 -0.06300 -0.18199
v -0.17994 -0.06300 -0.03742
v -0.17785 0.00800 -0.31880
v -0.18784 0.06302 -0.19422
v -0.17631 0.24089 0.12606
v -0.18652 0.34875 -0.12996
v -0.18886 0.32045 0.11118
v -0.19029 0.35757 0.10536
v -0.18346 0.42722 0.09650
v -0.18936 0.47407 -0.10648
v -0.18721 0.48856 0.08067
v -0.19306 0.64385 0.04183
v -0.18493 0.69225 0.04553
v -0.18899 0.64265 -0.06175
v -0.18460 0.97000 -0.12163
v -0.18737 1.14308 -0.09725
v -0.18614 1.19981 -0.10605
v -0.18601 1.36046 -0.09408
v -0.18366 1.36063 -0.09567
v -0.19407 1.39354 0.08862
v -0.18949 -0.06300 -0.22117
v -0.18697 -0.06300 -0.02283
v -0.18149 -0.06300 0.08071
v -0.18646 -0.06300 0.25480
v -0.18686 0.00806 -0.25996
v -0.18719 0.04235 0.15721
v -0.18748 0.14943 -0.17108
v -0.18217 0.39487 -0.12634
v -0.19409 0.49355 -0.09932
v -0.18129 0.51519 -0.10569
v -0.17961 0.57697 0.07068
v -0.18570 0.61401 -0.08288
v -0.17917 0.71608 0.09735
v -0.18646 0.75732 0.09134
v -0.19062 0.85275 0.10131
v -0.18946 1.04461 0.13600
v -0.17871 1.03530 0.11099
v -0.18011 1.04071 0.10592
v -0.17967 1.08932 -0.10184
v -0.18022 1.09547 0.12018
v -0.19292 1.07477 0.11748
v -0.19152 1.09125 -0.11186
v -0.18899 1.25543 0.12828
v -0.18735 1.28426 -0.11328
v -0.15593 1.27695 0.13267
v -0.18560 1.33975 0.12724
v -0.18996 1.35246 0.12319
v -0.18225 1.40877 0.07442
v -0.19522 0.00800 0.25745
v -0.18861 0.00800 0.29050
v -0.18638 0.02684 0.18250
v -0.18238 0.12608 -0.18806
v -0.17930 0.17454 -0.17948
v -0.18447 0.28572 -0.13944
v -0.18427 0.62620 -0.08174
v -0.18766 0.61035 0.05415
v -0.18531 0.63721 -0.07029
v -0.18063 0.69348 -0.06676
v -0.17780 0.70081 0.05846
v -0.18121 0.88503 0.11729
v -0.18267 0.93418 -0.12390
v -0.18516 0.98839 0.10969
v -0.17938 1.06850 -0.11372
v -0.18495 1.09304 -0.11471
v -0.18150 1.15071 -0.10285
v -0.17935 1.16871 -0.10473
v -0.17967 1.19191 -0.10819
v -0.15726 1.27383 -0.12009
v -0.18085 1.31797 -0.11198
v -0.17837 -0.06300 -0.27906
v -0.17821 -0.06300 -0.24042
v -0.18033 -0.06300 -0.05329
v -0.18271 -0.06300 0.04778
v -0.18057 -0.06300 0.12879
v -0.16655 -0.06300 0.17433
v -0.17461 -0.06300 0.28384
v -0.16988 -0.06213 0.33664
v -0.17970 0.00681 0.33366
v -0.18108 0.02445 0.19099
v -0.18464 0.12605 -0.18481
v -0.17958 0.18798 -0.17430
v -0.18259 0.20718 -0.15818
v -0.17793 0.33157 -0.13592
v -0.17889 0.64504 -0.08716
v -0.18092 0.67134 -0.07175
v -0.18639 0.82988 -0.11341
v -0.17200 0.83654 -0.12219
v -0.17636 1.03900 -0.12733
v -0.18832 1.07036 0.12969
v -0.17946 1.13605 -0.10533
v -0.18013 1.17995 -0.10590
v -0.14843 1.36758 0.12283
v -0.16985 -0.06261 0.33416
v -0.17449 0.00800 -0.28273
v -0.17672 0.01504 0.20531
v -0.18550 0.02975 -0.22931
v -0.17455 0.05436 0.15773
v -0.17714 0.05486 -0.21200
v -0.17772 0.19870 0.13260
v -0.18005 0.22583 -0.15686
v -0.17065 0.37446 0.10811
v -0.18814 0.38355 0.10227
v -0.18937 0.44052 0.09095
v -0.17897 0.48559 -0.11144
v -0.17294 0.70703 0.07230
v -0.18841 0.75064 -0.09730
v -0.18781 0.81648 0.09787
v -0.18150 0.81020 -0.11240
v -0.17776 0.82032 0.10632
v -0.17504 0.96456 0.12063
v -0.18708 0.93653 -0.12042
v -0.18179 0.96373 -0.12404
v -0.17420 1.01353 -0.13109
v -0.18013 1.02200 0.12668
v -0.18604 1.18692 0.11641
v -0.18630 1.28671 -0.11431
v -0.18681 1.32872 0.12898
v -0.17425 1.43217 0.04971
v -0.17541 -0.06300 -0.01125
v -0.17372 -0.06300 0.04839
v -0.16644 -0.06300 0.08238
v -0.17547 -0.06300 0.11547
v -0.15989 -0.06300 0.15570
v -0.17411 -0.06300 0.24241
v -0.16449 -0.02901 0.33800
v -0.19668 0.00541 0.33344
v -0.16538 0.00729 -0.33329
v -0.16223 0.03581 0.18955
v -0.17654 0.03277 0.18429
v -0.18766 0.03229 0.16613
v -0.17848 0.06639 -0.20513
v -0.18462 0.09693 0.14342
v -0.17638 0.11445 0.14662
v -0.17169 0.18398 0.13949
v -0.17793 0.18214 0.13506
v -0.17792 0.20395 -0.17233
v -0.17671 0.22366 0.12882
v -0.17573 0.23619 -0.16421
v -0.17658 0.25330 -0.15466
v -0.17512 0.28356 0.11921
v -0.16656 0.32964 -0.14764
v -0.17662 0.37325 -0.13201
v -0.18606 0.39617 0.10101
v -0.15815 0.43467 -0.13383
v -0.17393 0.44215 -0.12481
v -0.17659 0.52409 0.07965
v -0.17679 0.55210 0.07757
v -0.18506 0.53558 -0.09977
v -0.17659 0.56686 -0.10112
v -0.17035 0.57035 -0.10481
v -0.17718 0.58827 -0.09766
v -0.18156 0.61796 -0.08910
v -0.17921 0.63807 0.06528
v -0.17949 0.65933 0.06075
v -0.17228 0.70969 -0.08309
v -0.18517 0.76620 0.09331
v -0.18146 0.94496 0.11762
v -0.16278 0.93812 -0.13411
v -0.18453 0.98094 0.11075
v -0.17586 1.01005 -0.13019
v -0.18520 1.02808 -0.12127
v -0.18434 1.05574 -0.11479
v -0.18115 1.12516 0.10239
v -0.17064 1.11636 -0.11170
v -0.17888 1.21164 -0.11167
v -0.18566 1.23082 0.12539
v -0.18825 1.27169 0.12982
v -0.17648 1.37607 0.11630
v -0.17640 1.39718 -0.07590
v -0.18528 1.40633 -0.04874
v -0.20085 1.41104 0.06401
v -0.17001 -0.06300 -0.15916
v -0.17748 -0.06300 -0.14144
v -0.16565 -0.06300 -0.13807
v -0.16212 -0.06300 0.03171
v -0.18431 -0.00957 -0.33800
v -0.17964 0.06424 0.14884
v -0.17743 0.12166 -0.19453
v -0.16946 0.19043 -0.18606
v -0.16632 0.22539 -0.18124
v -0.17538 0.24517 0.12574
v -0.17291 0.28151 -0.15155
v -0.16933 0.30911 -0.14933
v -0.16291 0.35250 -0.14603
v -0.17161 0.40347 0.10368
v -0.18056 0.43025 -0.12139
v -0.17656 0.46776 0.09051
v -0.17591 0.51180 -0.10955
v -0.17719 0.54759 0.07743
v -0.16890 0.58736 -0.10344
v -0.18001 0.60459 0.06742
v -0.17559 0.69501 0.06494
v -0.17265 0.68487 -0.08024
v -0.17828 0.70340 -0.07451
v -0.16857 0.72317 0.10638
v -0.17219 0.75428 -0.10755
v -0.17208 0.77757 -0.11092
v -0.17082 0.79873 0.10731
v -0.18173 0.85438 0.11153
v -0.18065 0.85752 0.11367
v -0.17437 0.93801 0.12322
v -0.17418 0.98508 -0.12958
v -0.18509 1.01639 0.10646
v -0.16489 1.00444 0.12660
v -0.17407 1.01615 0.11651
v -0.16873 1.09562 0.12289
v -0.17921 1.14013 0.10518
v -0.17710 1.16737 0.11652
v -0.14771 1.16538 -0.10812
v -0.16493 1.17981 -0.10864
v -0.16012 1.23635 0.12618
v -0.17559 1.25280 -0.11702
v -0.17406 1.26783 0.12960
v -0.17783 1.33119 -0.10990
v -0.16899 1.37276 0.11901
v -0.18995 1.38359 -0.07988
v -0.17640 1.40905 -0.06196
v -0.17828 1.41429 -0.04441
v -0.16968 1.43281 -0.02813
v -0.17644 1.43685 -0.00247
v -0.17757 0.00800 0.22947
v -0.17414 0.00800 0.24564
v -0.17783 0.00800 0.27155
v -0.16689 0.00802 -0.26515
v -0.17075 0.04554 -0.22370
v -0.17164 0.05309 0.16874
v -0.17354 0.06050 0.15586
v -0.17425 0.14432 -0.19231
v -0.17302 0.20433 -0.17906
v -0.17576 0.26405 0.12224
v -0.16621 0.26112 0.13026
v -0.17401 0.31550 0.11465
v -0.16609 0.33514 -0.14689
v -0.17312 0.33431 0.11244
v -0.17266 0.41431 -0.12938
v -0.17331 0.62574 -0.09549
v -0.17189 0.65490 -0.09276
v -0.17487 0.66075 0.07359
v -0.16524 0.68714 -0.09371
v -0.16883 0.70897 0.07797
v -0.17363 0.70667 -0.08106
v -0.16407 0.72395 -0.09681
v -0.17269 0.73288 -0.10556
v -0.17392 0.92072 0.12428
v -0.17427 0.93715 -0.12883
v -0.16467 1.06414 -0.12708
v -0.17147 1.05300 0.13444
v -0.17090 1.07300 -0.11886
v -0.17037 1.16790 0.11903
v -0.17482 1.32575 -0.11194
v -0.16565 1.40007 0.10378
v -0.16719 1.42165 -0.04308
v -0.17279 1.43157 0.05466
v -0.14787 -0.06300 -0.25011
v -0.15851 -0.06300 -0.24093
v -0.14702 -0.06300 -0.18552
v -0.16282 -0.06300 -0.19103
v -0.16712 -0.06300 -0.03677
v -0.16409 -0.06300 0.21436
v -0.17155 -0.06300 0.22468
v -0.15840 -0.06198 -0.33662
v -0.17186 0.00812 0.22878
v -0.16870 0.03175 -0.23631
v -0.16949 0.06482 -0.21324
v -0.16977 0.09606 0.15290
v -0.17385 0.13575 0.14538
v -0.17385 0.16598 -0.18758
v -0.16281 0.17143 -0.19466
v -0.17586 0.23102 0.12801
v -0.17136 0.24532 -0.16971
v -0.17476 0.29916 0.11685
v -0.17306 0.35981 -0.13481
v -0.16618 0.37482 0.11173
v -0.17026 0.47185 -0.12308
v -0.16319 0.51470 -0.12136
v -0.17591 0.52712 0.08126
v -0.17428 0.57239 0.08420
v -0.17176 0.55643 -0.10567
v -0.17231 0.58327 0.08766
v -0.16516 0.61924 -0.10199
v -0.16587 0.62602 -0.10060
v -0.17097 0.60162 0.08862
v -0.17407 0.71083 0.09105
v -0.16753 0.71596 -0.08888
v -0.18080 0.72176 -0.09992
v -0.17222 0.76760 -0.10929
v -0.17234 0.80348 -0.11549
v -0.17409 0.82967 0.11271
v -0.16849 0.89042 -0.13070
v -0.16995 0.90056 -0.13017
v -0.16410 0.92315 -0.13471
v -0.16959 1.02656 -0.13286
v -0.15381 1.12406 -0.11071
v -0.16734 1.24111 -0.11775
v -0.16492 1.38911 0.11234
v -0.17072 1.40581 0.09185
v -0.16488 0.02251 0.21028
v -0.17350 0.05543 0.16047
v -0.16535 0.16770 0.14622
v -0.16197 0.27568 -0.17397
v -0.16476 0.20269 0.14251
v -0.16770 0.38797 -0.13427
v -0.16288 0.41184 -0.13397
v -0.16975 0.40979 0.10324
v -0.17129 0.47245 0.09148
v -0.16046 0.46313 0.11797
v -0.17314 0.49102 0.08717
v -0.16657 0.50441 0.10423
v -0.16677 0.52935 -0.11610
v -0.16335 0.64352 0.09425
v -0.15927 0.94946 0.13631
v -0.17100 1.01042 0.13919
v -0.18265 -0.06264 -0.33529
v -0.15632 -0.06300 -0.07358
v -0.16627 -0.06300 0.04894
v -0.16857 0.00661 0.33410
v -0.17247 0.04098 0.17966
v -0.16820 0.09232 -0.20844
v -0.16875 0.10956 0.15204
v -0.15995 0.13628 0.16288
v -0.16686 0.26363 -0.17103
v -0.16702 0.29279 0.12464
v -0.16824 0.35757 0.11149
v -0.16815 0.43251 0.10039
v -0.17220 0.84995 -0.12438
v -0.15660 1.22468 0.12450
v -0.15945 1.33690 0.13059
v -0.16352 1.40498 0.09840
v -0.17310 1.41149 0.08026
v -0.15773 0.00811 0.23430
v -0.16569 0.13659 -0.20064
v -0.16599 0.14750 0.14871
v -0.16310 0.30431 -0.16446
v -0.16649 0.39153 0.11051
v -0.16466 0.56592 -0.11175
v -0.16404 0.75157 0.10842
v -0.16370 0.86363 -0.13363
v -0.16616 1.01761 0.12340
v -0.15978 1.09628 -0.11620
v -0.17020 1.19812 0.12233
v -0.15548 1.26008 -0.11917
v -0.16865 1.36022 -0.10315
v -0.17119 -0.06300 0.18527
v -0.16741 0.06548 0.16797
v -0.16112 0.11691 0.16466
v -0.16483 0.20180 0.14094
v -0.15660 0.32193 0.13998
v -0.16231 0.36115 0.12536
v -0.16442 0.54852 0.10464
v -0.16133 0.56940 0.10576
v -0.16293 0.61850 0.09790
v -0.16538 0.70091 0.08371
v -0.16683 0.81724 0.11619
v -0.16230 0.88361 0.13088
v -0.16346 0.92256 0.13287
v -0.16767 0.99484 0.12470
v -0.15965 0.98023 -0.13693
v -0.15694 1.00449 0.14585
v -0.14982 1.05678 0.13468
v -0.16192 1.05902 0.13215
v -0.15027 1.20090 -0.11025
v -0.15421 1.23788 -0.11661
v -0.15632 1.31964 0.13433
v -0.15564 1.31628 -0.11636
v -0.17507 1.37096 -0.09519
v -0.16611 1.39670 -0.08061
v -0.16189 1.42312 -0.05609
v -0.15742 1.42960 -0.03982
v -0.16281 1.44192 -0.01320
v -0.16619 1.44315 -0.00218
v -0.16086 0.05891 -0.22048
v -0.15467 0.05998 0.17845
v -0.16552 0.11900 -0.20411
v -0.15664 0.09545 0.17252
v -0.15645 0.11879 0.16903
v -0.15882 0.20570 0.15302
v -0.14993 0.27637 -0.18147
v -0.15705 0.23533 -0.18555
v -0.15716 0.30224 -0.17155
v -0.15994 0.25197 0.14520
v -0.15736 0.38478 -0.14412
v -0.15352 0.40844 -0.14263
v -0.15960 0.42066 0.12275
v -0.16901 0.43871 0.09986
v -0.15599 0.41654 0.12826
v -0.15177 0.48403 -0.13073
v -0.16338 0.51992 0.10885
v -0.15971 0.58367 -0.11316
v -0.15816 0.69161 0.09328
v -0.15952 0.71181 0.09008
v -0.16883 0.85193 0.12218
v -0.15797 1.00718 -0.14098
v -0.15675 1.03872 0.13959
v -0.16611 1.10563 0.12049
v -0.16735 1.34604 -0.10849
v -0.15304 1.37890 -0.09908
v -0.17852 1.40404 -0.06785
v -0.15052 1.42464 0.08187
v -0.14593 -0.06119 0.33737
v -0.17529 0.00736 -0.32955
v -0.16486 0.00808 -0.26626
v -0.15415 0.15321 -0.20279
v -0.15099 0.30476 -0.17571
v -0.15661 0.35165 -0.15841
v -0.14804 0.51414 -0.12863
v -0.15127 0.54783 -0.12325
v -0.15157 0.65059 -0.11058
v -0.16714 0.70289 -0.08998
v -0.16661 0.78442 0.10825
v -0.15787 0.82569 -0.13282
v -0.14908 1.44572 0.05225
v -0.16052 1.44128 0.01535
v -0.15060 1.44945 0.02741
v -0.15649 -0.06300 -0.28756
v -0.15922 -0.06300 -0.20445
v -0.15076 -0.06300 -0.16294
v -0.15763 -0.06300 -0.15487
v -0.16334 -0.06300 -0.06639
v -0.15807 -0.06300 -0.04126
v -0.15565 -0.06300 -0.01317
v -0.15483 -0.06300 0.02588
v -0.15136 -0.06300 0.07204
v -0.14882 -0.06300 0.10546
v -0.15196 -0.06300 0.28070
v -0.15489 -0.00985 -0.33800
v -0.15219 0.09566 -0.21569
v -0.14597 0.16999 -0.20268
v -0.15289 0.21274 -0.19191
v -0.15351 0.24810 0.15296
v -0.15591 0.37676 0.13279
v -0.14887 0.55554 0.11683
v -0.15488 0.56763 0.11170
v -0.15557 0.60521 0.10625
v -0.14921 0.67257 -0.10909
v -0.14621 0.73632 -0.10339
v -0.16032 0.75345 -0.12001
v -0.15693 0.79071 0.11811
v -0.16390 0.89477 0.13067
v -0.15357 0.94556 -0.14246
v -0.15837 0.98420 -0.13820
v -0.15034 1.22544 0.12594
v -0.15448 1.28591 0.13407
v -0.15106 1.30577 -0.11701
v -0.16108 -0.06301 -0.32678
v -0.15068 -0.06300 0.14199
v -0.15200 -0.06300 0.30270
v -0.15883 0.00800 0.28112
v -0.15362 0.00767 0.32691
v -0.15176 0.03382 0.20753
v -0.14048 0.07634 -0.22152
v -0.14974 0.41822 0.13354
v -0.15534 0.43563 0.12690
v -0.14718 0.52209 -0.12772
v -0.14401 0.70923 0.10287
v -0.16097 0.71313 0.11129
v -0.14533 0.75359 -0.12759
v -0.15067 0.75949 -0.12644
v -0.13861 0.75574 -0.12949
v -0.14861 0.76834 0.11960
v -0.15898 0.82215 0.12369
v -0.15184 0.84887 -0.13948
v -0.15378 0.88170 -0.14229
v -0.15234 0.90329 0.14118
v -0.15217 0.96479 0.14026
v -0.15733 1.00555 0.13496
v -0.14889 1.12168 -0.12769
v -0.14950 1.26254 -0.13500
v -0.15106 1.28592 0.13609
v -0.14781 1.30303 0.13960
v -0.14586 1.32632 0.13854
v -0.14736 1.36888 -0.10322
v -0.11389 1.47449 -0.01566
v -0.13956 1.45599 0.03231
v -0.13920 -0.06300 -0.27970
v -0.14779 -0.06300 -0.21411
v -0.14691 -0.06300 -0.16418
v -0.14239 -0.06300 -0.11677
v -0.15105 -0.06300 -0.08733
v -0.14305 -0.06300 -0.01423
v -0.14457 -0.06300 0.01010
v -0.15577 -0.06300 0.13889
v -0.14868 -0.06300 0.18190
v -0.14695 -0.06300 0.24447
v -0.14831 -0.06300 0.26195
v -0.14313 -0.06295 0.33355
v -0.12010 -0.06163 -0.33692
v -0.15450 0.17293 0.16269
v -0.14897 0.22131 0.15969
v -0.13113 0.20992 -0.19920
v -0.13046 0.22908 -0.19597
v -0.14842 0.24232 -0.18828
v -0.15299 0.25672 0.15248
v -0.15731 0.28546 0.14426
v -0.15145 0.30797 0.14621
v -0.15065 0.34446 -0.16758
v -0.14755 0.45181 -0.13917
v -0.14423 0.47619 -0.13749
v -0.15462 0.47279 0.12401
v -0.15477 0.49475 0.12093
v -0.15786 0.58500 -0.11470
v -0.14439 0.58971 0.11437
v -0.15180 0.63102 0.10559
v -0.15234 0.59750 -0.11638
v -0.15512 0.60164 -0.11419
v -0.15057 0.63571 0.10565
v -0.15411 0.65363 0.10144
v -0.16337 0.73956 -0.11562
v -0.14807 0.74117 0.11582
v -0.14557 0.79511 -0.13268
v -0.14300 0.92438 -0.14837
v -0.14601 0.95499 -0.14794
v -0.14718 0.99174 -0.14941
v -0.15191 1.03420 0.14573
v -0.14727 1.03623 -0.14904
v -0.14778 1.07056 -0.13317
v -0.15665 1.04270 -0.13724
v -0.14461 1.07406 0.12914
v -0.15882 1.09714 -0.11619
v -0.14822 1.15402 -0.10569
v -0.15223 1.21667 -0.11796
v -0.15089 1.37930 0.11738
v -0.14778 1.42122 -0.06893
v -0.15052 1.42846 0.07629
v -0.14327 1.44270 -0.03411
v -0.14500 0.00800 -0.28666
v -0.14505 0.04922 -0.22847
v -0.14595 0.06327 0.18922
v -0.14553 0.29653 0.15170
v -0.15046 0.37996 -0.15846
v -0.14599 0.46426 -0.13844
v -0.14117 0.58999 -0.12267
v -0.14411 0.62924 0.10993
v -0.15285 0.72935 -0.09804
v -0.15903 0.81553 -0.13096
v -0.14677 0.85146 0.13654
v -0.14793 0.86238 -0.14227
v -0.14111 1.03292 0.15489
v -0.16602 1.13440 0.11678
v -0.14689 1.14449 0.11688
v -0.14719 1.30798 0.13961
v -0.15208 1.40154 -0.08650
v -0.14870 -0.06163 -0.33692
v -0.14270 -0.06300 -0.03485
v -0.14698 -0.06300 0.01498
v -0.14402 -0.02235 0.33800
v -0.14994 0.00520 -0.33490
v -0.14621 0.00800 0.28213
v -0.14460 0.00782 0.33003
v -0.14665 0.00810 -0.27800
v -0.14891 0.04022 -0.23353
v -0.14658 0.12199 -0.21201
v -0.14368 0.14198 -0.20904
v -0.14443 0.25173 0.15800
v -0.14575 0.44564 -0.14436
v -0.14986 0.52876 0.11974
v -0.14858 0.57740 -0.12079
v -0.15035 0.80881 -0.13335
v -0.14571 0.88185 -0.14505
v -0.14063 0.95393 0.14954
v -0.14449 0.98427 -0.15061
v -0.14696 0.99792 0.15541
v -0.12882 0.99442 -0.15958
v -0.14237 1.09539 -0.12563
v -0.13484 1.09388 -0.13126
v -0.15124 1.09687 -0.13694
v -0.13838 1.12569 0.11544
v -0.14685 1.15895 -0.11242
v -0.14548 1.15327 -0.11988
v -0.14947 1.20028 0.12132
v -0.14654 1.22765 -0.13489
v -0.14611 1.24247 -0.13723
v -0.15829 1.29562 0.13408
v -0.14444 1.37684 0.12044
v -0.14676 1.38614 0.11492
v -0.13754 1.39999 0.10973
v -0.15105 1.42835 -0.06013
v -0.15533 1.43082 0.06442
v -0.14131 1.45254 -0.02280
v -0.14242 1.45366 0.01438
v -0.13872 1.45504 0.04743
v -0.14959 -0.04168 0.33800
v -0.18338 0.00065 0.33793
v -0.14080 0.02565 0.21596
v -0.14466 0.04313 0.20382
v -0.13744 0.06275 0.19625
v -0.14580 0.09958 0.17644
v -0.12862 0.18764 -0.20371
v -0.12980 0.29838 -0.18319
v -0.14377 0.33671 0.14718
v -0.14434 0.38938 -0.16223
v -0.15216 0.45753 0.12783
v -0.14344 0.57839 0.11667
v -0.14362 0.61698 0.11182
v -0.14371 0.63271 0.10978
v -0.14180 0.63973 -0.11697
v -0.14284 0.67245 0.10599
v -0.14680 0.67795 -0.11034
v -0.13931 0.73127 -0.10926
v -0.14771 0.77995 0.12236
v -0.14390 0.80882 0.12966
v -0.13799 0.88814 0.14986
v -0.14696 0.90210 -0.14651
v -0.14969 0.91751 0.14377
v -0.14501 1.02778 -0.15178
v -0.14429 1.06070 -0.14281
v -0.13280 1.06264 -0.15340
v -0.14451 1.06131 0.13474
v -0.14945 1.08362 0.12287
v -0.13198 1.12573 -0.13731
v -0.14364 1.22888 -0.13766
v -0.14754 1.25199 0.13007
v -0.14778 1.27862 -0.13485
v -0.13859 1.32260 -0.12844
v -0.14734 1.32272 -0.11434
v -0.14075 1.34681 -0.10894
v -0.14589 1.42421 0.08631
v -0.13990 -0.06300 -0.31110
v -0.13653 -0.06300 -0.29145
v -0.13619 -0.06300 -0.25479
v -0.12433 -0.06300 -0.11087
v -0.15063 -0.06300 -0.11724
v -0.14045 -0.06300 -0.05233
v -0.11390 -0.06300 0.01876
v -0.12401 -0.06300 0.08248
v -0.13813 -0.06300 0.08338
v -0.12966 -0.06300 0.11173
v -0.13701 -0.06300 0.13144
v -0.13275 -0.06300 0.20473
v -0.13990 -0.06300 0.21030
v -0.14290 -0.06300 0.22910
v -0.13695 -0.06300 0.28617
v -0.13933 -0.06218 0.33590
v -0.14451 -0.06076 -0.33734
v -0.13779 0.00063 -0.33794
v -0.15380 0.03128 -0.24041
v -0.13359 0.03181 -0.25161
v -0.14052 0.06155 -0.22406
v -0.13908 0.09844 0.18811
v -0.15597 0.12393 0.16866
v -0.13578 0.22208 0.16545
v -0.13244 0.31304 0.15472
v -0.13768 0.32680 -0.17696
v -0.14635 0.35573 -0.16799
v -0.14779 0.35225 0.14296
v -0.14699 0.39752 0.13794
v -0.13584 0.37271 -0.17039
v -0.14558 0.40961 -0.15595
v -0.13940 0.45824 -0.15027
v -0.13979 0.46827 0.13196
v -0.14330 0.52077 0.12419
v -0.14198 0.52767 0.12426
v -0.14280 0.53073 -0.12982
v -0.14126 0.55908 0.12164
v -0.14432 0.56269 0.11781
v -0.14290 0.70138 0.10311
v -0.13843 0.69887 -0.11278
v -0.14157 0.70867 0.11891
v -0.14507 0.72478 0.11682
v -0.13856 0.75039 0.12414
v -0.14100 0.94372 0.14863
v -0.13602 1.01276 -0.15783
v -0.12930 1.03152 -0.16118
v -0.14202 1.02779 -0.15405
v -0.13071 1.15266 -0.13355
v -0.14233 1.16082 -0.12555
v -0.14890 1.18506 0.12034
v -0.13896 1.17896 -0.13020
v -0.14312 1.21866 -0.13619
v -0.13597 1.24986 0.13590
v -0.13292 1.25513 -0.14538
v -0.12984 1.29531 -0.14148
v -0.14674 1.35561 0.12795
v -0.14044 1.40315 -0.08937
v -0.14716 1.41479 -0.07720
v -0.14228 1.43312 0.07795
v -0.14064 1.43873 0.06590
v -0.14870 0.00800 -0.31880
v -0.14098 0.01958 0.22124
v -0.14052 0.01950 -0.26338
v -0.13640 0.04878 0.20109
v -0.14002 0.10114 -0.21756
v -0.13971 0.11288 -0.21549
v -0.12906 0.16286 -0.20816
v -0.13449 0.25017 0.16206
v -0.13031 0.25512 -0.19074
v -0.13047 0.27061 -0.18770
v -0.14279 0.31859 -0.17666
v -0.14245 0.35111 0.14608
v -0.14126 0.49910 -0.13593
v -0.13809 0.53110 -0.13310
v -0.12941 0.66617 -0.11964
v -0.14316 0.66021 0.10725
v -0.12677 0.75024 -0.11196
v -0.13247 0.77518 0.13027
v -0.14259 0.78354 0.12623
v -0.15136 0.84895 0.13243
v -0.14370 0.86165 0.14144
v -0.13835 0.92376 0.15078
v -0.12209 0.91336 -0.15178
v -0.14518 1.00001 0.14094
v -0.13799 1.01821 -0.15702
v -0.14263 1.20032 -0.13144
v -0.14263 1.21134 -0.13446
v -0.13346 1.33219 -0.12751
v -0.12652 1.39439 -0.09420
v -0.14556 1.40805 0.10492
v -0.14195 1.43632 -0.05694
v -0.13840 1.46072 0.00159
v -0.12269 -0.06300 -0.22447
v -0.13634 -0.06300 -0.21149
v -0.13801 -0.06300 -0.17880
v -0.13677 -0.06300 -0.13481
v -0.13691 -0.06300 0.04364
v -0.13550 -0.06300 0.14516
v -0.13669 -0.06300 0.25836
v -0.14891 0.00800 0.24525
v -0.14193 0.12565 0.17485
v -0.14079 0.13216 0.17403
v -0.13868 0.15381 0.17193
v -0.13705 0.18255 0.16952
v -0.13023 0.23748 -0.19377
v -0.13540 0.22626 0.16427
v -0.14098 0.24450 -0.19028
v -0.13703 0.39534 -0.16599
v -0.13995 0.43693 -0.15490
v -0.13505 0.52954 0.13156
v -0.13710 0.62425 -0.12054
v -0.13400 0.61364 0.12170
v -0.12635 0.74382 0.13019
v -0.12822 0.96795 -0.15621
v -0.14091 0.99779 0.16387
v -0.12733 1.19589 -0.13754
v -0.13786 1.30832 -0.13481
v -0.13274 1.37646 -0.10097
v -0.13252 1.46121 0.02233
v -0.13587 0.00810 -0.28063
v -0.14035 0.00800 0.24206
v -0.13240 0.04784 -0.23874
v -0.13409 0.09399 0.19267
v -0.14266 0.08495 0.18748
v -0.13155 0.44082 -0.16066
v -0.13291 0.50427 -0.14726
v -0.13772 0.64592 0.11462
v -0.14016 0.81032 -0.13573
v -0.13484 0.81406 0.13431
v -0.13105 1.02611 -0.16024
v -0.13974 1.04876 -0.15282
v -0.13812 1.23435 0.13046
v -0.13850 1.42649 0.09318
v -0.13576 1.44126 0.06965
v -0.12665 -0.06300 -0.28775
v -0.13348 -0.06300 -0.07657
v -0.12628 -0.06300 0.13291
v -0.13058 0.00562 0.33470
v -0.13125 0.12270 -0.21538
v -0.13319 0.12579 0.18657
v -0.13322 0.39831 0.14428
v -0.13593 0.41090 -0.16369
v -0.13039 0.54334 -0.14148
v -0.13314 0.57858 -0.12993
v -0.13053 0.70146 0.12506
v -0.12689 0.67935 -0.11927
v -0.13814 1.09484 -0.14427
v -0.13596 1.44564 -0.04982
v -0.13350 0.28108 0.15821
v -0.12755 0.33584 -0.17805
v -0.13395 0.42147 0.14227
v -0.13169 0.53680 -0.14112
v -0.13465 0.60050 -0.12476
v -0.13313 0.84133 0.14383
v -0.13314 0.97333 0.15593
v -0.13686 1.04350 0.16348
v -0.13487 1.06580 0.14203
v -0.12960 1.09165 0.12319
v -0.13015 1.26886 0.14047
v -0.11509 1.46782 -0.02465
v -0.13694 -0.06300 0.31103
v -0.08407 -0.05220 0.33800
v -0.11388 0.00805 -0.27776
v -0.11434 0.04485 0.19951
v -0.13776 0.06508 -0.22508
v -0.12287 0.08086 -0.23102
v -0.13025 0.13952 -0.21227
v -0.12118 0.33077 0.16445
v -0.13145 0.35332 0.15017
v -0.12963 0.36972 0.15070
v -0.13731 0.43963 0.13744
v -0.13143 0.45039 0.14284
v -0.13414 0.46386 -0.15439
v -0.12296 0.51330 -0.15308
v -0.12815 0.54817 0.13315
v -0.12687 0.57975 -0.13803
v -0.12982 0.62651 -0.12479
v -0.13206 0.70288 0.11315
v -0.12653 0.70031 0.11763
v -0.12789 0.83575 0.14557
v -0.13724 0.84253 -0.14124
v -0.13183 0.85375 0.14751
v -0.13102 0.88783 0.15309
v -0.12311 0.94187 0.16633
v -0.13032 0.93812 -0.15277
v -0.13262 0.99541 0.15401
v -0.13380 1.00449 0.17219
v -0.12884 1.02816 0.17101
v -0.12601 1.06038 0.16246
v -0.12796 1.07254 0.14802
v -0.12545 1.09053 -0.14440
v -0.12719 1.16101 -0.13358
v -0.12959 1.19001 0.12327
v -0.13053 1.24827 -0.14498
v -0.11617 1.33122 -0.13399
v -0.13321 1.32199 0.14123
v -0.14111 1.35261 0.13303
v -0.13026 1.37869 -0.10143
v -0.13248 1.42218 0.09911
v -0.12778 1.43481 -0.07182
v -0.13537 1.43571 -0.06224
v -0.12882 1.46638 -0.00426
v -0.12579 -0.06240 -0.33588
v -0.11443 -0.06300 -0.25180
v -0.12395 -0.06300 0.09920
v -0.10120 -0.06300 0.15681
v -0.13576 -0.06300 0.17126
v -0.09001 -0.06233 -0.33631
v -0.14650 -0.00600 -0.33800
v -0.12340 0.00800 0.32360
v -0.13159 0.01649 -0.26918
v -0.13005 0.01577 0.22222
v -0.11623 0.19224 -0.21031
v -0.12593 0.28518 0.16625
v -0.13175 0.33171 0.15292
v -0.12604 0.34622 -0.17664
v -0.12438 0.35403 0.15847
v -0.12042 0.38037 -0.17421
v -0.12015 0.38733 -0.17349
v -0.13235 0.36806 0.14840
v -0.12702 0.50557 -0.15151
v -0.13339 0.57518 0.12738
v -0.13422 0.58800 0.12504
v -0.12489 0.60184 0.12793
v -0.12067 0.61254 0.12849
v -0.11868 0.75552 -0.11562
v -0.11138 0.76653 -0.13240
v -0.12502 0.90033 0.16165
v -0.13325 0.89963 0.15301
v -0.12081 0.95786 0.16628
v -0.10673 1.02164 -0.16622
v -0.12381 1.15372 -0.13743
v -0.11621 1.18509 -0.14350
v -0.12075 1.19993 0.13191
v -0.12728 1.29581 0.14772
v -0.12150 1.32686 0.14840
v -0.12411 1.34789 -0.12467
v -0.12511 1.39713 -0.09315
v -0.13331 -0.06066 0.33696
v -0.13828 0.00065 0.33793
v -0.12233 0.03029 0.20868
v -0.12452 0.13173 0.18939
v -0.11823 0.17524 -0.21267
v -0.10379 0.31274 -0.19384
v -0.13102 0.47630 0.14099
v -0.12894 0.53369 0.13482
v -0.12604 0.59171 0.12865
v -0.12381 0.67008 0.12109
v -0.12514 0.69707 0.12719
v -0.11812 0.72466 0.13250
v -0.11366 0.80704 -0.13622
v -0.11332 0.82980 -0.13961
v -0.10784 1.06320 0.15983
v -0.12525 1.07025 0.15739
v -0.12439 1.07980 0.13826
v -0.12883 1.09133 -0.15992
v -0.13103 1.09559 0.11967
v -0.12663 1.13267 0.11687
v -0.12878 1.16098 0.11938
v -0.13048 1.22290 -0.14178
v -0.12354 1.25973 0.14561
v -0.13311 1.29115 0.14256
v -0.13673 1.37504 0.12437
v -0.12359 1.39698 0.11863
v -0.11616 1.42038 -0.08370
v -0.14139 1.41249 -0.08314
v -0.12454 1.44886 -0.05523
v -0.13462 1.44953 -0.03185
v -0.11250 -0.06300 -0.20629
v -0.11971 -0.06300 -0.19351
v -0.11519 -0.06300 0.00084
v -0.13571 -0.06300 0.01463
v -0.11013 -0.06300 0.07425
v -0.10137 -0.06300 0.20095
v -0.11732 -0.06300 0.19760
v -0.11786 -0.06300 0.22670
v -0.09760 -0.06300 0.27642
v -0.11380 -0.06300 0.27546
v -0.10910 -0.06300 0.32827
v -0.12257 -0.00545 -0.33800
v -0.12437 0.06982 -0.23243
v -0.13297 0.11178 -0.21696
v -0.12385 0.21942 -0.20100
v -0.13080 0.27885 -0.18633
v -0.12497 0.35985 -0.17562
v -0.11989 0.41092 -0.16867
v -0.12220 0.46652 -0.16008
v -0.11409 0.45844 -0.16379
v -0.11655 0.58914 0.13222
v -0.11735 0.63604 -0.13780
v -0.11748 0.65297 -0.13503
v -0.12278 0.68435 -0.12220
v -0.11397 0.75852 -0.11905
v -0.13020 0.82638 0.14179
v -0.11106 0.87066 -0.14726
v -0.12219 0.92932 -0.15278
v -0.12214 1.06271 -0.15888
v -0.12216 1.08873 -0.14653
v -0.11683 1.22957 -0.15249
v -0.12461 1.23877 0.13631
v -0.12964 1.34766 0.13752
v -0.11893 1.38104 -0.11195
v -0.12300 1.43811 0.09075
v -0.10829 1.43547 -0.07682
v -0.11989 1.47452 0.00538
v -0.12028 1.46888 0.04405
v -0.11185 -0.05441 0.33801
v -0.12516 0.16712 0.18524
v -0.11234 0.28802 -0.19495
v -0.11726 0.46186 0.15064
v -0.11982 0.53569 -0.15119
v -0.11896 0.55619 0.13573
v -0.11711 0.59758 -0.14354
v -0.10121 0.76528 -0.12903
v -0.13073 0.80351 0.13413
v -0.11540 0.79934 0.14305
v -0.12333 0.86037 0.15337
v -0.11892 0.99141 0.16630
v -0.11183 1.03511 0.16871
v -0.12582 1.11170 0.11905
v -0.12368 1.20272 0.12845
v -0.11957 1.23286 0.14411
v -0.11777 1.26537 -0.15371
v -0.12262 1.30871 0.14980
v -0.12107 1.32765 0.14946
v -0.13418 1.43466 0.08415
v -0.12792 1.45167 0.05808
v -0.10595 1.48198 0.02488
v -0.12649 -0.06300 -0.15262
v -0.11391 -0.06300 -0.06936
v -0.11342 -0.06300 0.16856
v -0.12215 0.00805 0.23456
v -0.11622 0.33224 -0.18557
v -0.12110 0.56279 -0.14660
v -0.11449 0.69981 -0.12948
v -0.10994 0.81792 0.15081
v -0.11433 0.88613 0.16909
v -0.12054 1.07955 -0.15252
v -0.11691 1.08946 -0.16603
v -0.11976 1.14847 0.12479
v -0.11328 1.15667 -0.14406
v -0.11721 1.38612 0.12831
v -0.10820 0.06216 0.19322
v -0.12085 0.70566 -0.12075
v -0.11888 0.77747 0.13428
v -0.11612 1.15610 -0.14334
v -0.11618 1.20861 0.14107
v -0.12046 1.31568 -0.13853
v -0.10196 1.40531 0.12740
v -0.12790 1.46263 0.01630
v -0.12192 -0.06300 -0.04836
v -0.12295 -0.06300 -0.01730
v -0.10849 -0.06300 0.12421
v -0.12258 -0.06213 0.33664
v -0.11780 0.04575 -0.24254
v -0.10179 0.20068 -0.21283
v -0.12174 0.23130 0.17681
v -0.11643 0.39315 0.16025
v -0.11421 0.46538 0.15117
v -0.11792 0.69475 0.12135
v -0.11618 0.83746 0.15222
v -0.10535 0.89899 -0.15035
v -0.11564 1.08728 -0.15058
v -0.11636 1.10149 0.13066
v -0.11389 1.31204 -0.14478
v -0.11930 1.42668 0.09853
v -0.10985 1.46298 0.06526
v -0.10895 -0.06264 -0.33529
v -0.14148 0.00655 -0.33447
v -0.13508 0.00802 0.23176
v -0.11529 0.00664 0.33324
v -0.12024 0.02591 -0.25809
v -0.11126 0.05221 0.19595
v -0.11890 0.11071 0.19283
v -0.11566 0.16877 -0.21534
v -0.11015 0.17725 -0.21540
v -0.09509 0.18386 -0.21640
v -0.11408 0.22096 0.18053
v -0.11451 0.22670 -0.20479
v -0.11045 0.25160 -0.20139
v -0.11568 0.27729 0.17333
v -0.10991 0.32534 -0.18905
v -0.11598 0.31570 0.16937
v -0.10093 0.35303 -0.18766
v -0.11414 0.38416 0.16304
v -0.11873 0.40904 0.15748
v -0.11980 0.47813 0.14736
v -0.11760 0.51907 0.14152
v -0.12052 0.63500 0.12624
v -0.11792 0.66761 0.12380
v -0.11609 0.66948 -0.13305
v -0.11898 0.74005 0.13218
v -0.11405 0.93295 -0.15325
v -0.10262 0.98790 -0.16130
v -0.11679 1.09202 0.14925
v -0.11172 1.12411 0.13035
v -0.10291 1.20897 -0.14942
v -0.11889 1.24412 0.14647
v -0.11504 1.29115 -0.15088
v -0.11009 1.34014 -0.13371
v -0.10603 1.37561 -0.11802
v -0.11166 1.38575 0.13354
v -0.11000 1.41498 -0.09784
v -0.11998 1.41338 0.10768
v -0.11036 1.42236 -0.09081
v -0.10192 1.49236 0.00442
v -0.10525 -0.06300 -0.32870
v -0.09605 -0.06300 -0.28288
v -0.09844 -0.06300 -0.23781
v -0.09085 -0.06300 -0.19920
v -0.10508 -0.06300 -0.16000
v -0.10642 -0.06300 -0.10927
v -0.08912 -0.06300 -0.01176
v -0.09513 -0.06300 0.06416
v -0.10276 -0.06300 0.08085
v -0.10721 -0.06300 0.20219
v -0.10800 -0.06300 0.29280
v -0.07763 -0.06187 0.33615
v -0.13770 0.00800 -0.32430
v -0.11270 0.00800 0.29320
v -0.11096 0.04566 -0.24266
v -0.10644 0.11706 0.18946
v -0.11386 0.12092 -0.22620
v -0.12062 0.18279 0.18354
v -0.11381 0.25579 -0.19980
v -0.10636 0.33262 -0.18900
v -0.10130 0.41355 -0.17862
v -0.10480 0.53457 -0.15559
v -0.10773 0.56279 0.13655
v -0.10859 0.57726 -0.14943
v -0.10730 0.58597 0.13379
v -0.11701 0.61806 -0.14071
v -0.09893 0.62483 -0.14589
v -0.10589 0.64693 0.12788
v -0.09394 0.67896 0.12599
v -0.10299 0.69786 -0.13658
v -0.11382 0.68528 -0.13255
v -0.10707 0.72978 -0.13042
v -0.11150 0.72126 -0.12873
v -0.11277 0.76319 0.13427
v -0.09833 0.77115 -0.14760
v -0.11156 0.85049 -0.14314
v -0.10819 0.85487 0.16698
v -0.11737 0.91479 0.16989
v -0.09756 0.91239 0.17926
v -0.09845 0.95266 -0.15752
v -0.10704 1.05175 -0.16534
v -0.11926 1.11604 -0.15236
v -0.11018 1.15178 0.13870
v -0.08887 1.15451 -0.14096
v -0.11270 1.17725 0.13851
v -0.10703 1.16994 -0.14403
v -0.08737 1.20321 -0.14370
v -0.09243 1.31027 -0.14660
v -0.09308 1.37381 -0.12563
v -0.11036 1.35733 -0.12438
v -0.11481 1.36101 0.14267
v -0.10810 1.39779 0.12908
v -0.10943 1.45936 0.07475
v -0.07013 -0.06111 -0.33703
v -0.10580 0.00800 0.25540
v -0.09408 0.03787 0.20778
v -0.11694 0.20219 0.18190
v -0.10088 0.23136 -0.20700
v -0.10750 0.27247 0.17469
v -0.10067 0.26350 -0.20134
v -0.11248 0.35614 0.16604
v -0.11665 0.43199 -0.16689
v -0.11695 0.43269 0.15528
v -0.10088 0.46683 -0.16983
v -0.10226 0.49644 0.14676
v -0.10762 0.53524 0.14052
v -0.11572 0.69047 0.13410
v -0.09273 0.70766 0.13693
v -0.11384 0.79577 -0.13497
v -0.10481 0.82964 0.16182
v -0.11133 0.86072 0.16588
v -0.10219 0.88447 0.17641
v -0.11402 0.96596 0.16838
v -0.09742 1.08438 -0.16230
v -0.10860 1.10337 0.14493
v -0.10823 1.20562 0.14381
v -0.09021 1.27507 -0.15262
v -0.10317 1.32559 0.14729
v -0.11466 1.40380 -0.10265
v -0.10731 1.42134 -0.09525
v -0.10957 1.45525 0.08194
v -0.10445 1.47934 -0.03061
v -0.09721 1.49254 0.01540
v -0.10489 -0.06300 -0.12915
v -0.09314 -0.06300 0.19312
v -0.11007 0.05876 -0.23764
v -0.10713 0.11137 -0.23078
v -0.11197 0.47494 -0.16199
v -0.10674 0.66621 -0.13900
v -0.10094 0.87418 -0.15480
v -0.10684 0.88688 -0.14901
v -0.09407 0.98808 0.17082
v -0.08629 1.05387 0.16429
v -0.09524 1.11645 -0.15260
v -0.11712 1.28264 0.15033
v -0.09194 1.39109 -0.11999
v -0.10137 1.44447 -0.07640
v -0.10692 1.46476 -0.05460
v -0.09656 0.00355 0.33658
v -0.10631 0.00738 0.33217
v -0.10218 0.00935 -0.26948
v -0.09437 0.03394 -0.24427
v -0.09510 0.33251 -0.19089
v -0.10144 0.37158 0.16630
v -0.10157 0.42861 0.15849
v -0.10460 0.44633 -0.17153
v -0.09176 0.49337 0.14625
v -0.11653 0.47736 -0.16013
v -0.10432 0.79956 0.14858
v -0.09069 0.79060 0.16120
v -0.09628 1.02245 -0.18376
v -0.10667 1.04748 -0.17318
v -0.10513 1.05893 -0.16547
v -0.10504 1.11834 0.14210
v -0.10434 1.23108 0.14495
v -0.09990 1.34034 -0.13840
v -0.10184 1.43199 -0.09164
v -0.10265 1.42498 0.11170
v -0.08458 1.48719 0.05744
v -0.09787 1.49083 -0.02971
v -0.10128 -0.06300 -0.00727
v -0.10651 0.00208 -0.33650
v -0.09990 0.14496 -0.22373
v -0.09447 0.44218 -0.17633
v -0.09332 0.51792 -0.16446
v -0.10067 0.57329 -0.15156
v -0.10034 0.82554 -0.15222
v -0.09386 1.08152 -0.17680
v -0.09191 1.20242 0.14005
v -0.08311 1.24991 0.14215
v -0.11057 1.46450 0.05859
v -0.10223 -0.06213 0.33664
v -0.10998 0.00898 0.23596
v -0.10606 0.14671 0.18674
v -0.10585 0.39767 -0.17950
v -0.10225 0.48875 -0.16521
v -0.09834 0.60261 -0.14856
v -0.09915 1.10390 -0.16351
v -0.08996 1.21445 -0.14659
v -0.08954 1.37876 -0.12418
v -0.09685 1.47793 -0.05134
v -0.09789 0.45355 0.15386
v -0.09490 0.86224 0.17819
v -0.10082 0.93580 -0.15381
v -0.10447 1.18266 0.14274
v -0.09286 1.43013 0.11687
v -0.09247 1.46259 -0.06290
v -0.10278 1.48408 0.04006
v -0.09336 1.54468 -0.01640
v -0.09656 -0.06300 -0.26581
v -0.09564 -0.06300 -0.19830
v -0.09039 -0.06300 -0.16543
v -0.08900 -0.06300 -0.05788
v -0.08976 -0.06300 -0.04108
v -0.09208 -0.06300 0.03322
v -0.09749 -0.06300 0.25333
v -0.09517 0.00721 0.33344
v -0.10216 0.00800 0.24382
v -0.09437 0.00802 -0.28210
v -0.08610 0.06634 0.19634
v -0.10123 0.10740 0.18891
v -0.08959 0.17053 0.18104
v -0.09289 0.20328 0.17780
v -0.09258 0.24366 0.17488
v -0.09518 0.55973 0.13713
v -0.08926 0.56037 -0.15917
v -0.09352 0.67559 0.13866
v -0.09355 0.76696 0.14584
v -0.09550 0.85404 -0.15844
v -0.09188 1.07092 0.15548
v -0.10326 1.08526 -0.17323
v -0.11209 1.12777 -0.14985
v -0.08874 1.14608 0.13886
v -0.08573 1.27821 0.14484
v -0.09475 1.50216 -0.03009
v -0.09283 1.50521 -0.03498
v -0.09778 1.49073 -0.01747
v -0.09012 1.51439 -0.01734
v -0.09207 1.52561 -0.00233
v -0.09486 1.58515 0.00275
v -0.09405 1.55503 -0.02004
v -0.09723 1.58552 -0.00848
v -0.09292 1.61110 0.00429
v -0.09470 1.60850 -0.01166
v -0.07787 -0.06300 0.12013
v -0.09376 -0.06300 0.12687
v -0.08729 -0.06300 0.16884
v -0.09792 -0.06300 0.23525
v -0.08940 0.00672 -0.33384
v -0.07458 0.21471 -0.20631
v -0.09072 0.38757 -0.18483
v -0.08608 0.41439 -0.18202
v -0.07928 0.48214 -0.17340
v -0.08529 0.84650 -0.16312
v -0.08758 0.84677 0.17814
v -0.08222 0.90691 -0.16812
v -0.09774 1.03345 -0.18428
v -0.09146 1.03969 0.16905
v -0.09586 1.08476 0.14787
v -0.09251 1.16432 -0.13997
v -0.08685 1.17209 -0.13988
v -0.08525 1.26147 -0.15219
v -0.08735 1.44317 0.10852
v -0.09837 1.46817 0.07453
v -0.09245 1.51372 0.00752
v -0.09220 1.57084 -0.02304
v -0.09120 1.59333 -0.02628
v -0.08957 1.58928 0.01381
v -0.09133 1.61149 -0.02983
v -0.09179 1.65407 -0.02567
v -0.08676 1.67122 -0.04258
v -0.09624 0.00800 0.28468
v -0.08288 0.00816 -0.29434
v -0.08797 0.04588 -0.23624
v -0.08999 0.26491 -0.20067
v -0.09350 0.51820 0.14271
v -0.09528 0.58417 0.13430
v -0.10187 0.73494 0.13503
v -0.08610 0.73871 -0.13576
v -0.09929 0.72470 -0.13443
v -0.08719 0.77768 -0.15560
v -0.08458 0.85982 -0.16440
v -0.08894 0.94132 -0.16640
v -0.10248 1.04220 0.16683
v -0.08587 1.03536 -0.19287
v -0.08853 1.10436 0.14147
v -0.10476 1.13930 0.13987
v -0.08468 1.14436 -0.14966
v -0.08676 1.27906 -0.14998
v -0.08355 1.40111 -0.11697
v -0.08962 1.41140 -0.11135
v -0.08321 1.50231 0.03948
v -0.08877 1.51554 -0.04781
v -0.08704 1.52730 0.01280
v -0.08862 1.55584 -0.03855
v -0.08738 1.62417 -0.04616
v -0.09053 1.65542 0.00536
v -0.08725 1.67448 -0.00351
v -0.08600 -0.06300 -0.32760
v -0.08373 -0.06300 -0.20605
v -0.07445 0.00800 -0.30422
v -0.08419 0.00764 0.33170
v -0.09080 0.03868 -0.24227
v -0.08013 0.07381 -0.22731
v -0.07630 0.11262 -0.22207
v -0.07423 0.18299 -0.21135
v -0.07867 0.19913 -0.20956
v -0.08477 0.22487 0.17728
v -0.09068 0.24331 0.17391
v -0.07988 0.23083 -0.20515
v -0.07651 0.28306 -0.19550
v -0.08774 0.31862 0.16914
v -0.08864 0.42007 0.15779
v -0.08588 0.42569 0.15646
v -0.08525 0.58989 -0.15572
v -0.09612 0.62209 0.13090
v -0.08411 0.62672 0.13435
v -0.08164 0.77025 -0.13509
v -0.08409 0.77359 0.16167
v -0.08757 0.80579 -0.15794
v -0.09552 0.93035 0.17783
v -0.09693 0.94642 0.17616
v -0.10461 0.99841 0.17350
v -0.08790 1.02615 0.17536
v -0.08611 1.08530 0.14960
v -0.07994 1.15486 -0.15225
v -0.08614 1.16228 -0.14131
v -0.08236 1.21667 0.14253
v -0.08580 1.22093 0.14271
v -0.08598 1.29188 -0.14846
v -0.08174 1.32666 -0.13812
v -0.09706 1.35085 0.14293
v -0.09271 1.37927 0.13723
v -0.08500 1.45695 -0.08168
v -0.08536 1.47730 -0.05758
v -0.08469 1.54301 0.02819
v -0.08204 1.58430 -0.05694
v -0.08483 1.58273 0.03020
v -0.08457 1.64234 0.01603
v -0.08232 1.66548 0.03072
v -0.07745 -0.06300 -0.06021
v -0.07029 -0.06300 0.21772
v -0.08715 0.00802 -0.29077
v -0.08817 0.27912 0.17121
v -0.07553 0.31996 -0.19040
v -0.07202 0.50144 -0.17070
v -0.08497 0.63416 -0.14947
v -0.07712 0.66441 0.14346
v -0.09084 0.67815 -0.14134
v -0.07899 0.66577 0.14300
v -0.08457 0.71147 -0.13959
v -0.08595 0.73884 0.14340
v -0.08489 0.78184 0.16360
v -0.08355 0.78526 0.16610
v -0.08065 0.95575 -0.17349
v -0.08906 0.98815 0.17984
v -0.05395 1.07011 -0.20590
v -0.08347 1.08970 -0.18253
v -0.08311 1.11131 -0.18072
v -0.06625 1.11751 0.14371
v -0.08979 1.33862 0.14435
v -0.08111 1.49139 -0.06030
v -0.08673 1.51398 0.02548
v -0.08287 1.57569 -0.05321
v -0.08312 1.60968 -0.06027
v -0.08768 1.63453 0.01166
v -0.07982 1.63655 0.03092
v -0.08651 1.64614 -0.04780
v -0.07970 1.67855 0.02280
v -0.09171 1.66182 -0.02770
v -0.08637 0.02253 -0.26995
v -0.08034 0.04207 -0.25306
v -0.08777 0.05081 0.20175
v -0.08049 0.11249 0.19194
v -0.08722 0.43697 0.15497
v -0.08502 0.46178 -0.17560
v -0.08154 0.66779 0.13263
v -0.07720 0.75048 0.15837
v -0.08352 0.77466 -0.15686
v -0.07434 0.88920 -0.16997
v -0.08276 1.12980 -0.16370
v -0.08920 1.16363 0.14007
v -0.08188 1.42151 -0.10835
v -0.07204 1.45584 0.10353
v -0.06720 1.47340 0.09085
v -0.08201 1.59880 -0.08271
v -0.08060 1.69089 -0.02290
v -0.07681 -0.06233 -0.33631
v -0.07621 -0.06300 -0.27821
v -0.07978 -0.06300 -0.25897
v -0.05274 -0.06300 -0.22090
v -0.07995 -0.06300 -0.21994
v -0.07885 -0.06300 -0.16246
v -0.07758 -0.06300 -0.13201
v -0.09857 -0.06300 -0.08842
v -0.07705 -0.06300 -0.02439
v -0.07858 -0.06300 0.03224
v -0.07693 -0.06300 0.04654
v -0.07613 -0.06300 0.06187
v -0.08091 -0.06300 0.07204
v -0.07417 -0.06300 0.25155
v -0.07830 0.00720 -0.33267
v -0.09619 0.00802 0.24552
v -0.08082 0.02882 -0.26753
v -0.08491 0.05571 -0.23167
v -0.08200 0.06189 -0.23011
v -0.07847 0.09079 0.19627
v -0.08159 0.12546 0.18877
v -0.07887 0.19213 0.18119
v -0.07505 0.25218 -0.20002
v -0.08727 0.29909 0.17016
v -0.08490 0.35164 0.16505
v -0.07820 0.44187 -0.17880
v -0.07631 0.44524 -0.17802
v -0.09380 0.52986 0.14129
v -0.07751 0.54043 -0.16446
v -0.08259 0.60059 0.13737
v -0.08328 0.63622 0.13419
v -0.07858 0.70087 0.14263
v -0.08284 0.72575 0.14317
v -0.08180 0.76129 0.15999
v -0.08220 0.86446 0.17995
v -0.08078 0.86959 0.18023
v -0.08419 0.99278 0.18226
v -0.08096 0.99725 -0.18477
v -0.08021 1.01362 -0.18984
v -0.07689 1.02170 0.18853
v -0.08284 1.03081 0.17719
v -0.08729 1.07053 -0.18975
v -0.08138 1.07517 0.15333
v -0.08210 1.09316 -0.19481
v -0.09423 1.22726 0.14228
v -0.08448 1.29718 -0.14683
v -0.08461 1.31922 0.14729
v -0.08445 1.42697 -0.10473
v -0.08140 1.45265 0.10398
v -0.09112 1.45793 0.08558
v -0.07664 1.49451 0.06193
v -0.07881 1.50787 -0.06729
v -0.07993 1.51776 -0.05506
v -0.08276 1.54627 -0.04898
v -0.07972 1.55154 -0.05430
v -0.08041 1.57716 -0.07564
v -0.07740 1.56028 -0.07725
v -0.07551 1.57214 -0.09174
v -0.08081 1.61405 0.03352
v -0.07930 1.63088 -0.06626
v -0.08022 1.62019 -0.08437
v -0.08103 1.62470 -0.06163
v -0.07693 1.66086 -0.06374
v -0.07662 1.68958 0.00189
v -0.07807 1.69476 -0.03755
v -0.07885 -0.06300 -0.12053
v -0.07981 -0.06300 -0.10203
v -0.07720 -0.06300 0.23890
v -0.07720 -0.06300 0.25430
v -0.08594 0.00202 0.33756
v -0.08498 0.01621 0.23662
v -0.07677 0.01298 0.24196
v -0.08587 0.13540 -0.22261
v -0.07467 0.15644 -0.21559
v -0.07756 0.24500 -0.20161
v -0.08060 0.31175 0.16995
v -0.07856 0.34547 0.16728
v -0.08507 0.37202 0.16299
v -0.06563 0.39449 -0.18141
v -0.07829 0.40827 0.16077
v -0.07911 0.45531 0.15485
v -0.08200 0.46635 0.15272
v -0.08300 0.52320 -0.16638
v -0.07760 0.53193 0.14559
v -0.07902 0.57456 -0.15897
v -0.07721 0.63639 -0.15060
v -0.07131 0.74709 -0.13984
v -0.07765 0.75132 -0.13743
v -0.06465 0.78124 -0.15995
v -0.08914 0.82499 0.17345
v -0.08268 0.84179 -0.16377
v -0.07865 0.92237 -0.17038
v -0.08000 0.92811 -0.16993
v -0.08317 0.99020 -0.18153
v -0.06863 0.97128 -0.17948
v -0.06825 1.00179 0.19111
v -0.06919 1.07871 -0.19446
v -0.07579 1.08227 0.15213
v -0.07070 1.17896 -0.15362
v -0.07643 1.18490 0.14085
v -0.07615 1.21256 -0.15412
v -0.08016 1.23023 -0.15473
v -0.06913 1.24337 -0.15959
v -0.07497 1.28233 -0.15566
v -0.07712 1.33694 -0.13688
v -0.06733 1.40978 -0.11170
v -0.06922 1.41454 0.12941
v -0.07698 1.43249 0.11705
v -0.09148 1.45174 0.09295
v -0.08366 1.46706 -0.07529
v -0.05992 1.47445 -0.08598
v -0.07742 1.49564 -0.06976
v -0.07751 1.54782 -0.06716
v -0.07508 1.56832 0.04062
v -0.08026 1.56503 0.03604
v -0.07847 1.60117 -0.09415
v -0.07475 1.60279 0.04203
v -0.07341 1.62616 0.03978
v -0.07860 1.64021 -0.06207
v -0.07518 1.68193 -0.06018
v -0.08052 1.67439 -0.05529
v -0.06481 -0.06300 -0.29759
v -0.07252 -0.06300 -0.22328
v -0.07545 -0.06300 -0.19681
v -0.06515 -0.06300 -0.10880
v -0.07139 -0.06300 -0.09654
v -0.07418 -0.06300 0.08713
v -0.07634 -0.06300 0.14549
v -0.04860 -0.06300 0.32140
v -0.07517 -0.06252 0.33440
v -0.06724 0.00007 -0.33785
v -0.08676 0.02999 0.22042
v -0.07330 0.05835 -0.24790
v -0.07739 0.09894 -0.22388
v -0.08959 0.15763 0.18238
v -0.07483 0.14168 -0.21751
v -0.07359 0.23480 0.17745
v -0.07283 0.28714 -0.19733
v -0.08201 0.36878 -0.18625
v -0.06711 0.38213 0.16479
v -0.07500 0.47140 -0.17471
v -0.07839 0.54656 0.14390
v -0.08149 0.57939 0.13967
v -0.05883 0.58256 -0.15808
v -0.06049 0.60626 -0.15515
v -0.07682 0.68644 0.14430
v -0.06930 0.77124 -0.13788
v -0.07635 0.75282 0.16235
v -0.07422 0.83311 0.17777
v -0.08256 0.88426 0.18086
v -0.07284 0.91386 0.17955
v -0.08220 0.97712 0.17304
v -0.06859 0.97425 0.17748
v -0.08291 0.98345 0.17392
v -0.07753 1.05656 0.16787
v -0.07623 1.07898 0.15435
v -0.07725 1.09964 -0.19433
v -0.07583 1.11032 -0.18641
v -0.07952 1.13587 -0.16255
v -0.06725 1.13173 0.14243
v -0.07673 1.22927 -0.15614
v -0.07120 1.30377 -0.15296
v -0.07669 1.32836 -0.14021
v -0.07690 1.35335 0.14594
v -0.08054 1.37707 0.13987
v -0.06524 1.39052 -0.12291
v -0.07554 1.38818 0.13851
v -0.08664 1.39341 0.13336
v -0.07667 1.39959 0.13339
v -0.07541 1.45082 -0.09386
v -0.06307 1.45865 -0.09114
v -0.06877 1.48097 -0.08328
v -0.07591 1.50119 0.05190
v -0.06668 1.49824 -0.08339
v -0.07442 1.51875 0.04163
v -0.07599 1.63181 0.04000
v -0.07574 1.63741 -0.07879
v -0.08103 1.65331 0.04269
v -0.07561 1.68522 0.02104
v -0.07680 1.69751 -0.02184
v -0.07470 0.00644 -0.33425
v -0.07482 0.04000 -0.26074
v -0.06828 0.09895 -0.23923
v -0.07344 0.19926 -0.21109
v -0.07412 0.30761 -0.19216
v -0.07234 0.34079 -0.18788
v -0.06917 0.42675 0.15952
v -0.06937 0.45449 0.15595
v -0.06781 0.67711 0.16191
v -0.07557 0.71747 0.15456
v -0.05788 0.84903 -0.16873
v -0.08072 1.02644 -0.19322
v -0.07648 1.04898 0.18031
v -0.07694 1.06028 0.16971
v -0.06398 1.09962 -0.18493
v -0.07227 1.09206 0.14613
v -0.07233 1.14514 -0.16212
v -0.07505 1.16580 0.14049
v -0.08120 1.41336 -0.11243
v -0.05699 1.50420 0.06816
v -0.07796 1.53228 0.03713
v -0.06633 1.52101 -0.07768
v -0.07537 1.58759 0.04076
v -0.07673 1.61506 -0.09885
v -0.07300 1.63386 0.04909
v -0.07661 1.69188 -0.04927
v -0.07539 0.12662 -0.21992
v -0.06873 0.21843 0.18070
v -0.08933 0.27130 0.17233
v -0.06002 0.30830 0.17271
v -0.07505 0.51355 0.14834
v -0.07044 0.81273 0.17515
v -0.07603 0.93392 0.17836
v -0.08528 0.97276 -0.17589
v -0.06646 1.03105 -0.20004
v -0.07308 1.12732 0.13942
v -0.06047 1.21766 -0.15764
v -0.08156 1.47254 0.07671
v -0.07159 1.66796 0.04842
v -0.07106 1.67274 -0.07212
v -0.06170 1.68868 0.05166
v -0.07088 1.70120 -0.05361
v -0.07226 -0.06300 -0.05748
v -0.05998 -0.06300 0.02319
v -0.06897 -0.06300 0.02250
v -0.07445 -0.06300 0.18905
v -0.02385 -0.04780 -0.33800
v -0.07071 0.51438 -0.16858
v -0.05892 0.56951 -0.15975
v -0.06763 0.57918 0.14746
v -0.05712 0.65590 -0.14955
v -0.07670 0.65668 -0.14835
v -0.06892 0.70621 0.16053
v -0.06782 0.94414 -0.17409
v -0.06791 0.99527 -0.18683
v -0.05540 1.09135 -0.19372
v -0.07499 1.15161 -0.15769
v -0.06895 1.18473 -0.15313
v -0.07140 1.29364 0.15061
v -0.07016 1.53769 0.04534
v -0.06987 1.57830 0.05109
v -0.07251 1.69864 0.00785
v -0.06931 1.70985 -0.02272
v -0.07338 0.12999 -0.22313
v -0.06335 0.23812 -0.21499
v -0.06527 0.77525 -0.13847
v -0.06519 1.13121 -0.17232
v -0.06969 1.23209 0.14675
v -0.06970 1.31804 -0.14880
v -0.07357 1.37473 -0.12245
v -0.07672 1.42633 0.12051
v -0.06852 1.48444 0.07418
v -0.06817 1.54321 -0.09086
v -0.06677 1.69166 0.03688
v -0.06448 1.68854 -0.07225
v -0.06385 1.70279 0.03324
v -0.06600 1.70777 0.00089
v -0.05669 -0.06300 -0.10996
v -0.06274 -0.06300 0.05026
v -0.06744 -0.06300 0.12913
v -0.06746 -0.06300 0.17186
v -0.07477 -0.06300 0.22905
v -0.06106 0.04573 0.21293
v -0.07825 0.15772 0.18647
v -0.07656 0.67198 -0.14663
v -0.06692 0.76811 0.16885
v -0.07571 0.93588 0.17878
v -0.07202 0.97354 0.19352
v -0.06231 1.07376 -0.20011
v -0.06744 1.07300 0.17479
v -0.06737 1.18936 0.14652
v -0.06704 1.16270 -0.15605
v -0.06717 1.27455 -0.15898
v -0.06453 1.29576 -0.15529
v -0.06359 1.34287 0.15619
v -0.06923 1.40219 -0.11569
v -0.06363 1.43122 -0.10306
v -0.05570 1.51913 0.06254
v -0.06871 1.59578 -0.10551
v -0.06653 1.63170 -0.10205
v -0.06848 1.64573 -0.09532
v -0.06342 1.67120 0.05919
v -0.06488 0.00705 0.33200
v -0.05048 0.00803 -0.30572
v -0.06847 0.00810 -0.30412
v -0.06732 0.00800 0.28857
v -0.06697 0.02284 -0.28482
v -0.06099 0.05862 0.20593
v -0.06251 0.26318 -0.21164
v -0.06330 0.27142 -0.20980
v -0.06368 0.37892 0.16483
v -0.06691 0.37793 -0.18544
v -0.06394 0.41262 0.16192
v -0.05796 0.61661 -0.15391
v -0.05652 0.65111 0.16459
v -0.05391 0.71634 -0.14425
v -0.05504 0.96509 0.18698
v -0.06395 1.05279 0.18278
v -0.06057 1.09551 0.16386
v -0.06805 1.10149 -0.19573
v -0.05482 1.15556 -0.16267
v -0.05932 1.18069 0.15591
v -0.06898 1.29551 0.15421
v -0.06186 1.37101 -0.13192
v -0.06209 1.48210 0.08560
v -0.06550 1.56022 0.05459
v -0.05700 1.58679 0.06180
v -0.06958 1.65314 0.06198
v -0.07005 1.65889 -0.08796
v -0.05688 -0.06300 -0.15962
v -0.07017 -0.06300 -0.15142
v -0.05277 -0.06300 -0.01577
v -0.05391 -0.06300 0.08540
v -0.05738 -0.06300 0.11619
v -0.03605 -0.06300 0.16996
v -0.05530 -0.06300 0.16645
v -0.05636 -0.06300 0.21051
v -0.06485 -0.06300 0.27012
v -0.05303 -0.06234 0.33578
v -0.04460 -0.06142 -0.33601
v -0.06733 0.00801 0.24965
v -0.06590 0.02319 0.23051
v -0.04301 0.02367 0.23913
v -0.06214 0.12399 0.19586
v -0.07099 0.18245 -0.21747
v -0.05233 0.24285 -0.22229
v -0.07032 0.35833 -0.18540
v -0.05415 0.36776 -0.19933
v -0.05829 0.49313 -0.16985
v -0.04642 0.75566 -0.14084
v -0.05345 1.04863 0.18005
v -0.07070 1.03741 0.18872
v -0.05834 1.15153 0.15508
v -0.06003 1.17330 0.15538
v -0.04269 1.26561 -0.15979
v -0.05133 1.52214 -0.08633
v -0.06416 -0.06233 -0.33631
v -0.05695 0.02220 -0.28757
v -0.06108 0.03724 -0.27172
v -0.05928 0.04871 -0.26371
v -0.05305 0.08286 -0.25307
v -0.06598 0.27586 0.17432
v -0.05837 0.30937 -0.20797
v -0.06266 0.41699 -0.17902
v -0.05880 0.46034 -0.17398
v -0.05950 0.59209 0.14796
v -0.06332 0.75925 0.16774
v -0.05525 1.30663 -0.15276
v -0.05156 1.45854 0.10767
v -0.06772 1.55958 -0.09943
v -0.06746 1.60825 -0.10770
v -0.05527 1.61707 -0.11534
v -0.05311 1.70218 -0.07505
v -0.05504 1.72210 -0.04622
v -0.05058 -0.06300 -0.18787
v -0.04478 -0.06300 -0.02929
v -0.05463 -0.06300 -0.02896
v -0.05404 -0.06300 0.00577
v -0.04927 -0.06300 0.17082
v -0.06868 -0.06213 0.33664
v -0.07336 -0.00047 0.33798
v -0.05975 0.03055 0.22588
v -0.04940 0.04023 -0.26570
v -0.05628 0.11926 -0.24364
v -0.05913 0.16210 0.19077
v -0.05764 0.32811 0.17086
v -0.05272 0.29941 -0.21310
v -0.05547 0.42102 -0.18578
v -0.05615 0.50853 -0.16917
v -0.05818 0.51955 -0.16617
v -0.06552 0.52762 0.15218
v -0.06479 0.60056 0.14647
v -0.06903 0.64862 0.14147
v -0.03617 0.64731 0.16372
v -0.05530 0.67768 -0.14727
v -0.04824 0.79568 -0.16756
v -0.06191 0.79230 -0.16321
v -0.06802 0.88036 0.17968
v -0.05871 0.91541 -0.17227
v -0.04955 0.97981 -0.18760
v -0.03789 1.00155 -0.19573
v -0.06073 1.04446 -0.20413
v -0.05915 1.10916 -0.19650
v -0.05979 1.13182 0.15380
v -0.06129 1.24037 0.15745
v -0.05095 1.23437 -0.16041
v -0.06177 1.36021 0.15393
v -0.05772 1.40144 0.14270
v -0.05561 1.45846 0.10562
v -0.05210 1.47133 0.09599
v -0.04914 1.53559 -0.10091
v -0.04892 1.64363 -0.10637
v -0.05873 1.65862 0.07278
v -0.05569 1.66298 -0.09390
v -0.05867 1.70491 -0.06668
v -0.03540 -0.06300 -0.04899
v -0.04759 -0.06300 0.28927
v -0.05270 0.00732 0.33314
v -0.04613 0.10574 -0.24996
v -0.06275 0.13610 0.19405
v -0.05998 0.14551 -0.23507
v -0.05137 0.18773 -0.23212
v -0.05673 0.19782 0.18651
v -0.05365 0.22535 0.18375
v -0.05128 0.33961 -0.20643
v -0.04929 0.34939 0.17200
v -0.06760 0.45836 0.15689
v -0.04934 0.55910 -0.16828
v -0.06442 0.65352 0.16650
v -0.05586 0.68730 0.16427
v -0.05466 0.87568 -0.17152
v -0.04599 0.88049 -0.17467
v -0.06137 0.96033 -0.17815
v -0.05464 0.99463 -0.19187
v -0.04562 1.01982 -0.20123
v -0.04959 1.03940 -0.20545
v -0.03623 1.04752 -0.20615
v -0.05453 1.11454 -0.19353
v -0.05248 1.11480 0.15636
v -0.05382 1.31248 0.15700
v -0.05086 1.37626 -0.13170
v -0.05759 1.41934 -0.11415
v -0.04698 1.44593 0.12107
v -0.05223 1.47462 -0.08820
v -0.03869 1.49157 -0.09825
v -0.05269 1.49546 -0.08548
v -0.04445 1.50301 -0.09034
v -0.05940 1.50795 0.06318
v -0.05596 1.54812 -0.10318
v -0.04804 1.55972 0.06920
v -0.04547 1.58318 -0.12290
v -0.05564 1.67085 0.06887
v -0.05689 1.68325 0.06362
v -0.05447 1.72040 0.01770
v -0.05744 0.00801 0.25439
v -0.04980 0.05234 -0.26215
v -0.06327 0.07495 -0.25077
v -0.05592 0.27056 -0.21578
v -0.06179 0.33731 0.16975
v -0.04924 0.38683 -0.19841
v -0.04980 0.45521 -0.18376
v -0.04614 0.44356 0.16361
v -0.04809 0.57943 -0.16587
v -0.04767 0.63256 -0.15727
v -0.06632 0.65833 0.16598
v -0.05198 0.70921 -0.14449
v -0.04791 0.84683 -0.17195
v -0.03943 0.93192 -0.17870
v -0.05058 1.01414 -0.19908
v -0.04419 1.11901 -0.19011
v -0.04358 1.25110 -0.16130
v -0.05089 1.43736 0.12603
v -0.05096 1.43943 -0.10721
v -0.06226 1.44277 0.11441
v -0.04300 1.49384 0.08117
v -0.04831 1.57935 -0.11666
v -0.05208 1.71045 0.04732
v -0.04931 1.71393 -0.06830
v -0.03732 1.73584 -0.01824
v -0.04824 -0.06300 -0.27108
v -0.05861 -0.06300 -0.25702
v -0.04644 -0.06300 -0.23855
v -0.06107 -0.06300 -0.17985
v -0.04695 -0.06300 -0.12640
v -0.06294 -0.06300 -0.07446
v -0.04384 -0.06300 -0.05434
v -0.05175 -0.06300 -0.00625
v -0.04636 -0.06300 0.12246
v -0.04901 -0.06300 0.19744
v -0.04533 -0.06300 0.23184
v -0.04633 -0.06300 0.25543
v -0.04602 0.00800 0.30269
v -0.05346 0.02678 0.23254
v -0.06013 0.08079 0.20253
v -0.04533 0.11204 -0.24839
v -0.05358 0.16966 -0.23444
v -0.04753 0.17549 0.19396
v -0.05050 0.25530 0.18079
v -0.04908 0.27913 -0.21759
v -0.04597 0.44146 -0.18975
v -0.04676 0.49083 0.15884
v -0.04421 0.67706 -0.15224
v -0.04189 0.75076 0.16322
v -0.04802 0.79343 -0.16572
v -0.04993 0.82483 -0.16948
v -0.05419 0.90967 -0.17367
v -0.03851 0.97884 -0.18808
v -0.04846 1.09097 -0.19598
v -0.05065 1.12852 -0.18238
v -0.05162 1.14429 -0.17036
v -0.05203 1.16636 0.15486
v -0.04579 1.18834 -0.15742
v -0.04876 1.36873 0.15067
v -0.05247 1.40830 -0.12143
v -0.04907 1.42597 0.13243
v -0.05470 1.42468 0.13214
v -0.04994 1.47949 0.08986
v -0.04824 1.60090 -0.11900
v -0.05839 1.62944 0.07080
v -0.05259 1.65642 0.07926
v -0.05209 1.68902 0.06562
v -0.04506 1.70855 0.05793
v -0.05420 1.72485 -0.03272
v -0.05041 -0.06233 -0.33631
v -0.04541 -0.06266 -0.33472
v -0.04444 -0.06300 0.26637
v -0.03788 -0.06213 0.33664
v -0.06995 0.00544 0.33452
v -0.06176 0.00800 0.30344
v -0.05191 0.02689 -0.28220
v -0.04708 0.10044 0.20556
v -0.03227 0.13501 -0.24345
v -0.05307 0.13983 -0.23887
v -0.05171 0.22032 -0.22637
v -0.04827 0.28333 0.17814
v -0.04791 0.32589 -0.21034
v -0.04552 0.40271 0.16736
v -0.04688 0.41428 0.16640
v -0.06123 0.43709 -0.17697
v -0.04648 0.51420 0.15663
v -0.04665 0.56040 0.15213
v -0.05417 0.69604 0.16408
v -0.05993 0.84114 0.17630
v -0.03740 0.84521 0.18040
v -0.05451 0.88267 0.18250
v -0.05486 0.88854 0.18264
v -0.04915 0.90749 0.18309
v -0.05895 0.89063 -0.17138
v -0.05067 0.93371 0.18220
v -0.03910 0.96038 -0.18352
v -0.05103 1.07578 -0.20253
v -0.05271 1.13203 0.15485
v -0.04343 1.22710 -0.16003
v -0.04930 1.31907 0.15508
v -0.03589 1.32722 -0.14819
v -0.04904 1.33590 0.15445
v -0.05257 1.34596 -0.14074
v -0.05454 1.32815 -0.14655
v -0.04771 1.44853 0.11895
v -0.03559 1.52245 -0.10051
v -0.04582 1.58294 0.07109
v -0.05048 1.60691 0.06744
v -0.02589 1.59236 -0.14129
v -0.04488 1.61503 -0.13050
v -0.06051 1.61658 0.05839
v -0.04446 1.63247 -0.11800
v -0.05580 1.63953 0.07709
v -0.04555 1.65233 -0.10200
v -0.04861 1.70888 -0.07302
v -0.03200 1.70734 -0.08500
v -0.05387 1.71745 0.02804
v -0.04860 -0.06300 -0.32320
v -0.03860 -0.06300 -0.26708
v -0.04647 -0.06300 -0.14827
v -0.03080 -0.06300 -0.09576
v -0.03629 -0.06300 0.07121
v -0.03054 -0.06300 0.12837
v -0.03691 -0.06300 0.18287
v -0.03224 -0.06300 0.20984
v -0.03881 -0.06300 0.27421
v -0.03873 0.00809 -0.30443
v -0.04359 0.03004 0.23178
v -0.04373 0.04093 0.22266
v -0.05967 0.06731 0.20453
v -0.04306 0.07789 -0.25470
v -0.05510 0.09662 0.20273
v -0.03286 0.09290 -0.25125
v -0.04918 0.12766 -0.24440
v -0.04802 0.18518 0.19245
v -0.04850 0.27731 0.17923
v -0.03803 0.35613 -0.20780
v -0.04889 0.35343 -0.20534
v -0.04581 0.44353 -0.18925
v -0.04611 0.45708 0.16221
v -0.04376 0.50306 -0.18114
v -0.04660 0.53985 0.15409
v -0.04382 0.55168 0.15411
v -0.03714 0.58397 -0.17104
v -0.04398 0.60473 -0.16372
v -0.03683 0.60744 -0.16653
v -0.04733 0.63283 0.14572
v -0.06333 0.65515 0.14263
v -0.04589 0.68861 0.16294
v -0.05290 0.70327 -0.14509
v -0.06603 0.72271 0.16458
v -0.04442 0.76901 0.16535
v -0.04816 0.78809 0.16818
v -0.03697 0.82299 -0.17136
v -0.04563 0.85105 -0.17308
v -0.03368 0.90050 -0.17595
v -0.04942 0.98504 0.19029
v -0.03613 1.02522 -0.20280
v -0.05483 1.02843 0.18545
v -0.05080 1.07106 0.17051
v -0.03500 1.06716 -0.20435
v -0.04717 1.08102 0.16386
v -0.03296 1.07755 -0.20138
v -0.05099 1.09230 0.16123
v -0.03384 1.08925 -0.19723
v -0.04395 1.14048 0.15037
v -0.04575 1.18976 0.15149
v -0.04624 1.22284 0.15181
v -0.04652 1.25642 0.15179
v -0.03988 1.28436 -0.15831
v -0.03882 1.25805 0.15200
v -0.02058 1.31029 -0.14673
v -0.03539 1.33344 -0.14649
v -0.05914 1.38784 0.14705
v -0.04058 1.45155 -0.10407
v -0.04685 1.45214 -0.10242
v -0.04651 1.52812 0.07017
v -0.03406 1.56642 -0.13142
v -0.04628 1.64643 0.08500
v -0.05495 1.67653 -0.08564
v -0.04500 1.72804 -0.05036
v -0.05099 1.72158 0.00781
v -0.02844 0.00802 -0.30883
v -0.03506 0.03705 -0.27049
v -0.04730 0.03319 -0.27529
v -0.04504 0.13682 0.20027
v -0.02344 0.31363 -0.21438
v -0.03402 0.32002 0.18165
v -0.04499 0.38058 0.16959
v -0.03580 0.41732 -0.19894
v -0.03704 0.50154 0.16252
v -0.04515 0.51679 -0.17800
v -0.05880 0.54784 -0.16244
v -0.03838 0.55300 -0.17660
v -0.04705 0.58566 0.14984
v -0.03252 0.59084 -0.17144
v -0.04724 0.60955 0.14765
v -0.03515 0.68126 -0.15451
v -0.04722 0.83134 0.17714
v -0.04269 0.90111 -0.17578
v -0.02349 1.13454 -0.16469
v -0.04870 1.28461 -0.15849
v -0.03752 1.39944 -0.12910
v -0.04383 1.42249 -0.11710
v -0.04845 1.46033 -0.09778
v -0.03808 1.63834 -0.12983
v -0.04404 1.61912 -0.14096
v -0.04551 1.65973 0.08487
v -0.04504 1.69608 -0.08348
v -0.04485 1.72053 -0.06314
v -0.04605 1.72619 0.02775
v -0.02761 1.73413 0.03855
v -0.03576 1.73186 0.00707
v -0.02721 -0.06300 -0.19432
v -0.03037 -0.06300 0.02067
v -0.03832 -0.06300 0.04642
v -0.03775 -0.06300 0.24263
v -0.03210 -0.06300 0.32855
v -0.04985 -0.02445 -0.33800
v -0.04352 0.22747 0.18800
v -0.02885 0.24580 -0.22473
v -0.04087 0.26549 0.18432
v -0.04441 0.36567 0.17129
v -0.03521 0.44759 -0.19479
v -0.04534 0.47639 0.16149
v -0.04669 0.52551 0.15578
v -0.04667 0.64796 0.14472
v -0.04243 0.73442 -0.14518
v -0.04991 0.79080 -0.16345
v -0.05651 0.93595 0.18274
v -0.04795 0.96105 0.19094
v -0.03789 1.00473 0.18537
v -0.03643 1.34768 0.15381
v -0.03698 1.35733 -0.14060
v -0.03324 1.41719 0.13666
v -0.04800 1.53570 0.06763
v -0.03218 1.72104 -0.07329
v -0.03170 0.24905 -0.22417
v -0.03172 0.39354 0.17586
v -0.04352 0.41825 -0.19536
v -0.04117 0.46062 -0.19018
v -0.03159 0.78486 -0.14281
v -0.03813 1.04672 0.17792
v -0.04641 1.11350 -0.17992
v -0.03286 1.42087 -0.12226
v -0.03018 1.54293 -0.12900
v -0.04485 1.62022 0.07999
v -0.03628 1.71587 0.06088
v -0.03289 1.72139 0.05876
v -0.02860 -0.06300 -0.22117
v -0.04073 -0.06300 -0.16145
v -0.02842 -0.06300 0.11359
v -0.03942 0.00091 -0.33787
v -0.01608 0.00449 -0.33664
v -0.04080 0.13884 0.20093
v -0.03114 0.19774 -0.23217
v -0.03658 0.20663 0.19259
v -0.03721 0.32371 0.17980
v -0.03583 0.39618 -0.20181
v -0.03440 0.50904 -0.18633
v -0.03762 0.59117 0.15265
v -0.04125 1.68357 -0.09053
v -0.04079 1.69445 0.07462
v -0.04518 0.00801 0.25772
v -0.03050 0.21260 -0.23019
v -0.03566 0.65109 0.16299
v -0.03014 0.77015 -0.14503
v -0.03720 0.79474 -0.13928
v -0.03816 0.95517 0.18161
v -0.02892 1.07243 0.16333
v -0.03912 1.12021 0.15095
v -0.03152 1.32222 0.15413
v -0.03935 1.68676 0.08014
v -0.03479 -0.06300 0.15983
v -0.02895 0.00373 0.33671
v -0.03234 0.03557 0.22758
v -0.03665 0.24562 0.18815
v -0.02704 0.27130 -0.22075
v -0.03679 0.43514 0.16976
v -0.03485 0.48123 -0.19021
v -0.03058 0.55149 -0.18005
v -0.03499 0.54386 0.15830
v -0.01919 0.63218 -0.16505
v -0.02873 0.68216 0.16245
v -0.03294 0.70902 -0.15151
v -0.03628 0.70451 0.16013
v -0.02755 0.75424 0.16622
v -0.03767 0.77756 0.16858
v -0.04689 0.80678 0.17287
v -0.02544 0.88095 0.18036
v -0.03385 0.99310 0.18713
v -0.00585 1.01146 -0.19144
v -0.03319 1.02473 0.18279
v -0.03766 1.08827 0.15981
v -0.03132 1.12554 -0.16774
v -0.03012 1.17939 0.14851
v -0.02641 1.18842 -0.15044
v -0.01971 1.28210 -0.15140
v -0.03407 1.38837 -0.13278
v -0.02122 1.36385 -0.13416
v -0.02998 1.44795 -0.10997
v -0.03525 1.48662 0.09306
v -0.03600 1.50642 0.07855
v -0.03772 1.61955 -0.14972
v -0.03676 1.65263 -0.11507
v -0.04098 1.67237 -0.09546
v -0.03552 1.67758 0.08557
v -0.02794 1.70081 -0.08976
v -0.02863 0.18301 -0.23643
v -0.02998 0.58789 0.15462
v -0.02619 0.87894 -0.17290
v -0.03073 0.89629 0.18083
v -0.02673 1.12043 0.14616
v -0.02593 1.12985 -0.16089
v -0.02073 1.14034 -0.16421
v -0.01639 1.23882 -0.15357
v -0.02023 1.38900 -0.12895
v -0.02631 1.48682 -0.10486
v -0.02930 1.55321 -0.13398
v -0.03458 1.73741 0.02345
v -0.02220 -0.06300 -0.24554
v -0.03182 -0.06300 0.04411
v -0.02316 -0.06300 0.15881
v -0.02354 -0.06300 0.28252
v -0.01423 -0.06222 0.33534
v -0.03870 -0.06163 -0.33692
v -0.01820 0.10185 -0.25634
v -0.03757 0.16436 0.19819
v -0.02477 0.31897 0.18268
v -0.02079 0.52013 0.16329
v -0.03350 0.65538 -0.15847
v -0.02481 0.81059 -0.14307
v -0.02537 1.16403 -0.15379
v -0.03134 1.21177 0.14890
v -0.02492 1.22919 -0.15349
v -0.02490 1.39247 0.14858
v -0.02299 1.53874 -0.12802
v -0.04224 1.73065 -0.05052
v -0.02378 1.73726 -0.00038
v -0.02206 0.00751 -0.33260
v -0.01670 0.00800 0.32250
v -0.03011 0.14775 -0.24234
v -0.02062 0.51086 -0.18910
v -0.01828 0.59242 0.15488
v -0.02370 0.69587 -0.15421
v -0.03516 0.80604 -0.16889
v -0.02181 0.94290 -0.17733
v -0.02781 1.06333 0.16902
v -0.02992 1.17382 0.14926
v -0.02660 1.34594 0.15513
v -0.02037 1.33807 -0.13939
v -0.03171 1.37078 0.15065
v -0.03529 1.45728 0.11469
v -0.02626 1.45656 0.11551
v -0.03554 1.73643 -0.03161
v -0.02934 -0.06300 -0.27650
v -0.03270 -0.06300 -0.08206
v -0.02049 -0.06300 0.01628
v -0.02548 -0.06119 0.33737
v -0.03292 0.00762 0.33122
v -0.02172 0.00936 -0.30868
v -0.03339 0.05161 0.21714
v -0.01611 0.21568 -0.23513
v -0.03011 0.22593 -0.22816
v -0.03340 0.29027 0.18440
v -0.01879 0.24021 -0.22995
v -0.03243 0.35495 0.17909
v -0.01995 0.43468 -0.19775
v -0.02071 0.46991 -0.19381
v -0.02045 0.46508 0.16958
v -0.02360 0.49739 0.16587
v -0.01945 0.57248 -0.17844
v -0.03526 0.64627 0.14815
v -0.01691 0.62495 -0.16694
v -0.03571 0.72813 0.16270
v -0.02196 0.74044 -0.14941
v -0.01573 0.82872 -0.16360
v -0.01632 0.86304 -0.16796
v -0.01172 0.90727 -0.17042
v -0.01920 1.05756 0.18316
v -0.01791 1.06801 0.17820
v -0.01814 1.14000 -0.16194
v -0.02412 1.24135 0.15072
v -0.02043 1.25976 -0.15335
v -0.02545 1.29495 0.15418
v -0.01502 1.48220 0.10048
v -0.01829 1.56821 -0.13478
v -0.03020 1.60020 0.08041
v -0.01686 1.61354 0.09602
v -0.02361 1.67685 -0.09961
v -0.02112 1.72200 0.06467
v -0.00426 -0.06300 -0.12430
v -0.01343 -0.06300 0.18392
v -0.05581 -0.00048 -0.33798
v -0.02116 -0.00048 -0.33798
v -0.01536 0.05957 -0.26481
v -0.02686 0.08930 0.20844
v -0.01711 0.40348 0.17458
v -0.01403 0.67347 -0.15732
v -0.01065 0.72313 -0.15155
v -0.01722 0.75092 -0.14871
v -0.01766 0.82037 -0.14393
v -0.01801 0.84213 -0.16622
v -0.00843 0.90988 0.18581
v -0.02183 0.97051 -0.18338
v -0.00660 1.02597 -0.19483
v -0.01834 1.03337 0.19235
v -0.01003 1.05553 -0.19752
v -0.02479 1.09700 0.15079
v -0.02351 1.19226 0.15003
v -0.03015 1.29373 0.15219
v -0.01965 1.32483 -0.14240
v -0.03034 1.40124 0.14336
v -0.01935 1.45027 0.12388
v -0.02292 1.49477 0.08841
v -0.03278 1.53050 0.07473
v -0.02553 1.54666 0.07850
v -0.02995 1.56117 0.07856
v 0.00239 1.59045 0.09009
v -0.02300 1.62224 -0.14368
v -0.02165 1.64213 -0.12630
v -0.02940 1.66035 -0.11335
v -0.01209 1.74392 0.02367
v -0.01665 -0.06300 -0.27222
v -0.01488 -0.06300 -0.22531
v -0.00175 0.00831 0.25438
v -0.01856 0.13256 -0.24998
v -0.01792 0.23564 0.18934
v -0.01886 0.37302 -0.20547
v -0.01813 0.49908 -0.19263
v -0.01637 0.78432 -0.14560
v -0.01682 0.99107 -0.18815
v -0.00590 1.03804 -0.19651
v -0.01240 1.08393 -0.18956
v -0.01611 1.11421 -0.16892
v -0.01867 1.73179 -0.06429
v -0.02336 -0.06300 -0.17312
v -0.02183 -0.06300 -0.14080
v -0.01450 -0.06300 -0.12300
v -0.01402 -0.06300 -0.09815
v -0.01954 -0.06300 -0.04542
v -0.01748 -0.06300 -0.00786
v -0.01182 -0.06300 0.05640
v -0.01654 -0.06300 0.07614
v -0.01312 -0.06300 0.10759
v -0.00632 -0.06300 0.15175
v -0.01416 -0.06300 0.21583
v -0.02061 -0.06300 0.25775
v -0.00928 -0.06300 0.32649
v -0.01922 0.00801 -0.32757
v -0.00874 0.04787 -0.27192
v -0.03391 0.06618 0.21195
v -0.01757 0.07285 -0.26103
v -0.01395 0.07348 -0.26147
v -0.01703 0.09611 -0.25718
v -0.03182 0.16461 -0.23878
v -0.02123 0.20036 0.19371
v -0.01337 0.32245 0.18034
v -0.01091 0.35562 0.17692
v -0.02464 0.42778 0.17366
v -0.01939 0.40856 -0.20078
v -0.02031 0.53692 -0.18530
v -0.01840 0.59994 -0.17240
v -0.01695 0.81306 0.17368
v -0.01537 1.09078 0.16552
v -0.00801 1.19369 -0.15288
v -0.01297 1.15553 0.15749
v -0.01730 1.22763 0.15652
v -0.01861 1.31609 0.16004
v -0.01386 1.46815 0.11388
v -0.01409 1.47826 0.10567
v -0.01188 1.57166 0.08524
v -0.02465 1.70065 0.08227
v -0.00936 -0.06300 -0.30168
v -0.00952 -0.06300 -0.25908
v -0.01094 -0.06300 -0.17531
v -0.02923 -0.06300 -0.11516
v -0.00737 -0.06300 0.09643
v 0.00121 -0.06300 0.14706
v 0.01454 0.00312 -0.33789
v -0.02805 0.00806 0.25875
v -0.01907 0.03134 -0.28301
v -0.00291 0.04593 0.21646
v -0.03551 0.05074 -0.26083
v -0.00426 0.09517 -0.25807
v -0.03095 0.13665 0.20232
v -0.01689 0.16212 -0.24494
v -0.00656 0.18114 -0.24080
v -0.00898 0.20576 -0.23764
v -0.00396 0.24011 -0.23160
v -0.02150 0.25943 0.18749
v -0.01899 0.26936 0.18630
v -0.02358 0.28609 -0.21945
v -0.01440 0.31084 -0.21818
v -0.01091 0.33042 -0.21604
v -0.01975 0.34238 -0.20989
v -0.00510 0.43975 -0.20554
v -0.01468 0.50172 0.16440
v -0.01390 0.55334 0.15907
v -0.02004 0.55541 -0.18163
v -0.01067 0.58354 -0.18075
v -0.01545 0.65541 -0.16050
v -0.01589 0.64699 0.16049
v -0.00362 0.76802 0.16415
v -0.00822 0.88273 -0.17015
v -0.01588 0.89992 -0.17089
v -0.00398 0.93095 -0.17273
v -0.02459 0.93007 0.18293
v -0.01118 0.96020 0.19857
v -0.01391 1.11672 -0.16607
v -0.01856 1.14678 0.15226
v -0.00269 1.15548 -0.16140
v -0.01795 1.21345 -0.15191
v -0.03046 1.26414 0.14950
v -0.01392 1.26330 0.15825
v -0.01504 1.44100 0.13240
v -0.00383 1.44640 0.12674
v -0.01521 1.47142 -0.10171
v -0.01345 1.48346 -0.10272
v -0.02328 1.51371 -0.09897
v -0.02157 1.60749 -0.13669
v -0.03151 1.63934 0.09602
v -0.02792 1.66204 0.09686
v -0.02314 1.68332 0.09109
v -0.01001 1.69052 -0.09653
v -0.01341 1.70878 -0.08835
v -0.01350 1.71556 -0.08276
v -0.01472 1.73586 -0.05716
v -0.01226 1.74016 0.00282
v -0.01563 1.74173 -0.03129
v -0.00159 -0.06300 -0.06327
v -0.00949 -0.06300 0.20122
v -0.00601 -0.06300 0.21956
v -0.00798 -0.06150 0.33713
v 0.00805 -0.05330 -0.33800
v 0.00126 0.00807 -0.31274
v -0.00694 0.00824 -0.31269
v -0.01241 0.14631 0.19904
v -0.00561 0.15794 -0.24505
v -0.01328 0.17285 0.19596
v -0.01016 0.18246 -0.24095
v -0.01023 0.21058 -0.23614
v -0.01042 0.23070 -0.23291
v -0.00016 0.27195 -0.22740
v -0.00252 0.29843 -0.22363
v -0.02222 0.37055 0.17863
v -0.01254 0.41925 0.17193
v -0.00714 0.44618 0.16756
v -0.01154 0.45661 -0.20115
v -0.00080 0.64784 0.14836
v -0.00814 0.64760 0.16060
v -0.01013 0.64909 0.16327
v -0.00219 0.65518 -0.16441
v 0.00632 0.73060 -0.15266
v 0.01380 0.80059 -0.14606
v -0.01419 0.79190 -0.14512
v -0.02249 0.77191 0.16909
v -0.00012 0.81406 0.16918
v -0.01541 0.82462 -0.14437
v -0.00360 0.84449 -0.16834
v -0.00280 0.92840 0.19003
v -0.00260 0.95334 -0.17517
v -0.00327 0.97052 -0.17896
v -0.01789 1.00099 -0.19158
v -0.01288 1.09549 -0.18215
v -0.01361 1.13173 0.15599
v 0.00107 1.23581 -0.15633
v -0.01437 1.28607 0.15933
v -0.00362 1.37443 0.15457
v -0.01442 1.45565 -0.10509
v -0.00019 1.46812 -0.10442
v -0.01545 1.49339 -0.10095
v -0.01142 1.52197 -0.10414
v -0.01318 1.52486 0.08164
v -0.01807 1.63414 0.10154
v -0.00270 1.64391 0.10745
v -0.01440 1.65871 -0.11140
v -0.01431 1.67471 -0.10340
v -0.01081 1.68052 0.09760
v -0.01226 1.69805 -0.09481
v -0.01050 1.71470 0.07594
v -0.01229 1.74297 0.01312
v -0.01215 -0.06264 -0.33529
v -0.02784 -0.00559 0.33800
v -0.00370 0.06116 0.20924
v -0.01756 0.15924 0.19830
v -0.00849 0.37605 0.17412
v -0.00387 0.45213 -0.20464
v -0.00953 0.47265 -0.20065
v -0.01133 0.55711 -0.18668
v -0.00112 0.62838 -0.17231
v -0.00970 0.69233 0.16105
v -0.01976 0.71725 0.16303
v -0.01068 0.74043 0.16296
v -0.00992 0.74771 0.16353
v -0.00999 0.77262 0.16668
v -0.00533 0.83958 -0.14428
v -0.01479 0.97789 0.19862
v -0.01866 1.01801 0.19491
v -0.01603 1.04874 0.18886
v -0.01208 1.14381 -0.14812
v -0.01083 1.22397 0.15772
v -0.01361 1.30481 0.16085
v -0.00613 1.31566 -0.14681
v -0.00475 1.29694 -0.15119
v -0.01522 1.32148 0.16151
v -0.00606 1.34635 -0.13934
v -0.01608 1.36594 0.15871
v -0.00802 1.36920 -0.13471
v -0.01534 1.41661 0.14456
v -0.01619 1.41824 -0.11921
v -0.01034 1.49892 0.09281
v -0.01040 1.54932 -0.13447
v -0.00131 1.57030 0.08623
v -0.00122 1.60152 -0.13143
v -0.01373 1.62757 0.10050
v -0.01267 1.64047 0.10405
v -0.01488 1.70859 0.08041
v -0.01478 1.73150 0.05490
v -0.00482 1.74625 0.01957
v 0.00263 -0.06300 -0.17436
v -0.00538 -0.06300 0.03429
v 0.00118 -0.06300 0.13810
v -0.00011 0.04539 0.22180
v -0.00449 0.11803 -0.25313
v -0.00127 0.21161 -0.23482
v -0.00915 0.29883 0.18107
v -0.00212 0.42154 -0.20802
v -0.00508 0.50812 0.16128
v -0.01383 0.64603 0.14943
v 0.00368 0.76803 -0.14838
v -0.02704 0.86534 0.18050
v 0.00475 0.95361 -0.17628
v 0.00205 0.98281 -0.18185
v 0.00189 1.04121 -0.19620
v 0.00341 1.16262 -0.16031
v -0.00942 1.25354 0.15648
v -0.00597 1.26185 -0.15553
v -0.01138 1.38456 -0.13121
v -0.01087 1.42422 -0.11807
v -0.01157 1.46051 0.11938
v -0.00164 1.54138 -0.12667
v -0.00444 1.60229 0.09350
v -0.00600 1.61885 -0.13056
v 0.01661 1.67259 -0.11072
v -0.01363 0.00800 0.28758
v -0.00354 0.03295 -0.28307
v -0.00069 0.07453 0.20962
v -0.00676 0.18149 0.19372
v -0.00149 0.23182 0.18752
v -0.00925 0.30563 0.18042
v 0.00406 0.33387 -0.21914
v -0.00365 0.48999 -0.20163
v -0.00110 0.53467 0.15912
v -0.00739 0.52608 -0.19477
v -0.00140 0.60288 -0.17958
v -0.00873 0.65348 0.16339
v -0.00770 0.83870 -0.16565
v 0.00024 0.99096 0.19135
v -0.00800 1.04753 0.18772
v -0.00928 1.11774 0.15823
v -0.00750 1.48360 0.10140
v -0.01346 1.55270 -0.13697
v -0.00789 1.60590 -0.13122
v 0.00121 1.68184 0.10091
v -0.00107 1.70584 0.08804
v -0.01007 1.73671 0.04718
v 0.00173 -0.06300 -0.21410
v 0.01604 -0.06300 -0.18043
v -0.00320 -0.06300 -0.04517
v -0.00549 -0.06300 -0.01402
v -0.00942 -0.06300 0.16523
v 0.00282 -0.06213 0.33664
v -0.00036 0.00852 0.25927
v 0.00369 0.02201 -0.29444
v -0.00371 0.37621 -0.21227
v -0.00125 0.39265 -0.21103
v -0.00264 0.53361 -0.19564
v 0.00526 0.56196 -0.19216
v 0.00506 0.71868 -0.15387
v -0.00107 0.87920 0.18187
v -0.00498 0.88241 -0.17143
v -0.00056 0.97067 0.19375
v -0.00117 0.99810 0.19197
v -0.00256 1.08620 0.16499
v -0.00159 1.12908 0.15283
v 0.00385 1.15924 -0.14506
v -0.00314 1.15322 -0.14561
v -0.00088 1.23179 0.15321
v -0.00574 1.39344 0.15055
v -0.00070 1.49330 -0.10367
v 0.00442 1.54654 0.08348
v -0.01043 1.63135 -0.12670
v -0.00275 1.73990 -0.03987
v 0.00255 1.74184 -0.02014
v 0.00099 0.00800 0.27014
v 0.00421 0.00597 0.33494
v 0.00114 0.38683 0.17711
v 0.00723 0.45700 0.17260
v 0.00872 0.69857 -0.15604
v -0.00368 0.88690 0.18312
v -0.00499 0.96019 0.19079
v -0.00005 1.05517 0.17820
v -0.00127 1.18764 0.15342
v 0.01083 1.45352 -0.10964
v -0.00523 1.59021 -0.13427
v 0.01323 1.62351 -0.13140
v 0.00300 1.64498 -0.12319
v -0.00255 1.71822 -0.08112
v -0.00411 1.74044 0.00002
v -0.01120 -0.06300 -0.32320
v -0.00114 -0.06300 0.06180
v -0.00387 -0.06300 0.29599
v -0.00458 -0.03027 0.33800
v -0.00090 0.02288 0.23760
v -0.00032 0.08362 0.21074
v -0.00067 0.10030 0.20464
v -0.00587 0.14238 -0.24839
v -0.00062 0.12398 0.20101
v 0.00210 0.15614 0.21057
v -0.00025 0.15999 0.19899
v -0.00075 0.16870 0.19522
v -0.00061 0.19456 0.19432
v 0.00514 0.20204 -0.23361
v -0.00081 0.22086 0.18880
v -0.00090 0.21866 0.19132
v -0.00101 0.27377 0.18348
v 0.00234 0.29759 0.19205
v 0.00573 0.41207 0.17932
v -0.00097 0.42336 0.16971
v -0.00017 0.58366 0.15570
v -0.00019 0.62084 0.15228
v -0.00392 0.73359 0.16066
v -0.00126 0.79433 0.16684
v 0.00025 1.04782 0.18087
v -0.00272 1.06616 0.17611
v -0.00118 1.07179 -0.19289
v 0.00203 1.22175 0.15258
v -0.00155 1.26862 0.15408
v 0.01321 1.39590 -0.13120
v 0.00787 1.41346 -0.12467
v 0.01681 1.43766 -0.11616
v -0.00250 1.44233 -0.11176
v -0.00902 1.50020 0.09132
v 0.02132 1.50134 -0.10411
v -0.00189 1.51614 -0.10173
v -0.00401 1.52490 0.08372
v -0.00662 1.58690 0.08747
v -0.00232 1.61740 0.10237
v -0.00345 1.63653 0.10601
v 0.00018 1.66485 -0.11099
v -0.00619 1.66777 0.10376
v -0.00023 1.71507 0.07950
v -0.00665 1.73312 -0.06264
v 0.00932 -0.06300 -0.25644
v 0.00410 -0.06300 -0.08562
v -0.00608 -0.06300 0.25053
v 0.00178 -0.06038 -0.33687
v 0.00353 0.06694 0.22288
v -0.00255 0.16696 -0.24235
v 0.00667 0.18739 0.20655
v 0.00622 0.32114 0.18850
v -0.00024 0.33333 0.17958
v -0.00364 0.34527 -0.21649
v 0.00684 0.43716 -0.20673
v -0.00013 0.51554 0.16263
v 0.01223 0.65390 -0.16634
v -0.00452 0.67946 0.16046
v 0.00171 0.68922 -0.15780
v 0.01343 0.70774 0.15285
v 0.00161 0.80448 -0.14497
v -0.00634 0.83361 0.17339
v 0.00446 0.86201 0.17939
v 0.00273 0.93509 0.19044
v -0.00123 0.96513 0.19090
v 0.00363 0.96341 -0.17802
v -0.00714 1.10387 -0.17472
v 0.01200 1.18906 -0.15539
v 0.00124 1.31351 0.15669
v -0.01397 1.34798 0.16061
v 0.01469 1.37986 -0.13549
v 0.00341 1.38869 0.14989
v 0.00390 1.42156 -0.12055
v 0.00667 1.45510 0.11833
v 0.01379 1.49444 0.09459
v 0.01580 1.53264 -0.11340
v 0.03300 1.56175 -0.12295
v 0.00286 1.56341 -0.13195
v -0.00420 1.61451 -0.13167
v 0.02493 -0.06300 -0.20883
v 0.01254 -0.06300 -0.13461
v 0.00742 -0.06300 -0.12111
v 0.01135 -0.06300 -0.07790
v 0.02422 -0.06300 -0.04937
v 0.01422 -0.06300 -0.02761
v 0.01233 -0.06300 -0.00857
v 0.00823 -0.06300 0.02404
v 0.02142 -0.06300 0.13152
v 0.01911 -0.06300 0.18132
v 0.00988 -0.06300 0.27178
v 0.00695 -0.06300 0.29637
v 0.00825 -0.06198 -0.33662
v 0.00429 0.01902 0.25507
v -0.00399 0.06445 -0.26372
v 0.00751 0.08586 0.22014
v 0.01476 0.14536 -0.23993
v 0.01711 0.21409 -0.22721
v 0.00963 0.29073 -0.22324
v 0.00784 0.30308 -0.22217
v 0.00894 0.41733 0.17685
v 0.00127 0.48744 0.16676
v 0.01501 0.50093 -0.20150
v 0.00907 0.52513 -0.19906
v 0.00229 0.67184 -0.16130
v 0.01985 0.66406 0.15230
v 0.02406 0.87674 -0.14927
v 0.00118 1.09932 0.15518
v 0.00292 1.09666 -0.18121
v 0.00713 1.13459 0.15050
v 0.01632 1.23080 -0.15902
v 0.00623 1.27044 0.15260
v 0.01259 1.29963 0.15247
v 0.01211 1.37797 0.15020
v -0.01173 1.42665 0.13941
v 0.00098 1.45379 0.12080
v 0.00616 1.71152 -0.08510
v 0.00619 1.73189 -0.06366
v 0.00611 1.73724 -0.04656
v 0.01499 0.05660 -0.26093
v 0.00192 0.25024 0.19682
v 0.00720 0.34045 -0.21755
v 0.00640 0.50492 0.16783
v -0.00066 0.54811 0.15788
v 0.01227 0.61154 -0.17961
v 0.01748 0.72259 0.15123
v 0.01215 1.06796 0.16859
v 0.01308 1.10298 0.15093
v 0.00882 1.17668 -0.15575
v 0.01035 1.35175 0.15341
v 0.01531 1.36567 -0.13857
v 0.01043 1.41080 0.14170
v 0.01064 1.48019 -0.10591
v 0.00541 1.47029 0.10805
v 0.00552 1.51484 0.08553
v 0.01154 1.56382 0.08738
v 0.01809 1.63064 0.10706
v 0.01840 -0.06300 -0.20394
v 0.01126 -0.06300 0.20743
v 0.03503 -0.05633 -0.33800
v 0.03515 -0.03268 -0.33797
v 0.01251 0.11929 -0.24674
v 0.01671 0.18028 -0.23187
v 0.03502 0.34693 -0.20339
v 0.01288 0.36092 -0.21411
v 0.01093 0.43916 -0.20630
v 0.02839 0.55735 -0.19424
v 0.02354 0.69865 0.14889
v 0.01541 0.73105 -0.15147
v 0.01108 0.83110 0.17342
v 0.01539 0.83486 -0.14644
v 0.00921 0.97585 0.18961
v 0.00278 1.01670 0.18915
v 0.00736 1.19663 0.15183
v 0.02365 1.20405 -0.15544
v 0.01470 1.42027 -0.12309
v 0.01515 1.48040 0.10402
v 0.00209 1.54013 0.08388
v 0.03500 1.57037 -0.12514
v -0.00040 1.58004 -0.13084
v 0.00451 0.35188 0.18542
v 0.00942 0.38570 0.18030
v 0.01214 0.64994 0.15495
v 0.01333 0.80678 0.16738
v -0.00573 1.12524 -0.16058
v 0.01755 1.12352 0.14527
v 0.00484 1.28237 -0.15453
v 0.00932 1.31834 -0.14801
v 0.00683 1.74356 0.03322
v 0.01600 -0.06300 -0.28870
v 0.01258 -0.06300 -0.09490
v 0.01390 -0.06300 0.08850
v 0.00900 -0.06300 0.13511
v 0.03610 -0.06300 0.32360
v 0.01090 0.03656 -0.27610
v 0.01192 0.06778 -0.25825
v 0.01447 0.07294 0.22095
v 0.01439 0.16617 0.20866
v 0.01906 0.18009 -0.23098
v 0.01318 0.24867 -0.22573
v 0.01423 0.28607 0.19154
v 0.01456 0.34577 -0.21546
v 0.01384 0.38349 -0.21106
v 0.01422 0.42084 0.17492
v 0.01286 0.39949 -0.20957
v 0.01365 0.51361 0.16607
v 0.03052 0.60774 -0.18190
v 0.01194 0.63151 -0.17327
v 0.01485 0.70579 -0.15427
v 0.00940 0.86058 -0.17308
v 0.03567 0.88074 -0.17516
v 0.01623 1.46246 0.11689
v 0.00855 0.00716 0.33321
v 0.01070 0.09161 -0.25394
v 0.01631 0.38027 0.17863
v 0.01168 0.78226 -0.14737
v 0.01636 0.77850 0.16052
v 0.00203 1.04783 -0.19591
v 0.00739 1.07270 -0.19456
v 0.02077 1.21618 -0.15844
v 0.01737 1.25583 -0.15961
v 0.02336 1.41169 0.14414
v 0.01091 1.54557 -0.12392
v 0.01602 1.70060 0.08990
v 0.01876 0.00803 -0.30769
v 0.02085 0.03361 -0.27480
v 0.04084 0.05461 -0.24760
v 0.00460 0.12558 0.21721
v 0.01317 0.22233 0.20122
v 0.01806 0.27962 -0.22089
v 0.01537 0.47501 0.16867
v 0.01587 0.60841 0.15808
v 0.01777 0.74581 0.15359
v 0.01635 0.79531 0.16511
v 0.00754 0.85839 -0.14704
v 0.03409 0.92513 -0.17695
v 0.01458 0.92469 0.19159
v 0.03218 0.98535 -0.18880
v 0.01814 0.99364 0.18672
v 0.01450 1.03523 0.18210
v 0.01832 1.08715 0.15364
v 0.01502 1.10530 -0.17845
v 0.01834 1.15115 0.14662
v 0.01309 1.16325 -0.14465
v 0.01428 1.25509 0.14842
v 0.01366 1.24143 -0.15401
v 0.02163 1.24712 -0.15662
v 0.01783 1.43826 0.13152
v 0.03857 1.43764 -0.10621
v 0.02309 1.48069 -0.10174
v 0.01833 1.52300 -0.10689
v 0.03356 1.59114 0.08560
v 0.02163 1.61236 0.09984
v 0.01345 1.65242 -0.11993
v -0.00464 1.65626 0.10611
v 0.04085 1.66299 0.10170
v 0.01292 1.68646 -0.09965
v 0.01662 1.70742 -0.08634
v 0.01522 1.72328 -0.07034
v 0.03077 1.72638 0.05819
v 0.02830 1.73581 -0.01930
v 0.02923 1.73579 0.03989
v 0.00523 1.74691 0.01364
v 0.04124 -0.02294 -0.33793
v 0.00917 0.00800 0.27127
v 0.02638 0.00943 0.26443
v 0.01990 0.02025 0.25319
v 0.03000 0.18664 -0.22481
v 0.02314 0.19167 0.19945
v 0.01624 0.31217 -0.21872
v 0.01906 0.30925 0.18517
v 0.02250 0.39848 0.17190
v 0.02908 0.43854 -0.19930
v 0.02714 0.48186 -0.19982
v 0.02603 0.48895 0.15935
v 0.02260 0.52959 -0.19779
v 0.00145 0.57966 -0.18709
v 0.02209 0.59774 0.15599
v 0.02277 0.62101 -0.17706
v 0.03077 0.63113 -0.17371
v 0.01430 0.76262 -0.14884
v 0.02383 0.76550 -0.14697
v 0.00316 0.90122 0.18752
v 0.04167 0.94328 -0.17900
v 0.02502 1.01001 -0.19548
v 0.04203 1.04132 -0.20515
v 0.03422 1.05613 -0.20531
v 0.01706 1.08890 -0.19047
v 0.02211 1.10751 -0.17833
v 0.02918 1.12222 -0.16661
v 0.00891 1.13442 -0.15745
v 0.02035 1.15567 0.14740
v 0.02107 1.20520 0.15001
v 0.01552 1.20343 0.14775
v 0.01337 1.26227 0.14919
v 0.01370 1.32249 0.15376
v 0.01442 1.35930 -0.13849
v 0.02913 1.32765 0.15868
v 0.02508 1.36624 0.15543
v 0.02413 1.38558 0.15176
v 0.03343 1.42775 0.13402
v 0.02043 1.48301 0.09924
v 0.01845 1.51973 -0.10561
v 0.01735 1.51239 -0.10408
v 0.01337 1.51928 0.08599
v 0.02389 1.57848 -0.12881
v 0.03314 1.61342 -0.12559
v 0.03363 1.62909 -0.12254
v 0.02703 1.68119 0.09977
v 0.01612 1.71882 0.07686
v 0.02294 1.71482 -0.07587
v 0.02514 1.73380 0.04678
v 0.02455 -0.06300 -0.26683
v 0.02998 -0.06300 -0.23901
v 0.02441 -0.06300 -0.12307
v 0.03767 -0.06300 -0.04780
v 0.02687 -0.06300 -0.01862
v 0.03023 -0.06300 0.01095
v 0.02455 -0.06300 0.02357
v 0.02126 -0.06300 0.04711
v 0.03560 -0.06300 0.12612
v 0.03916 -0.06300 0.20241
v 0.03508 -0.06300 0.23797
v 0.02271 -0.06300 0.25625
v 0.03252 -0.06213 0.33664
v -0.00468 -0.06150 0.33713
v 0.03681 -0.06094 -0.33753
v 0.01242 0.03026 0.24392
v 0.01556 0.06065 -0.25887
v 0.02133 0.11420 0.21152
v 0.03285 0.15482 -0.22931
v 0.01737 0.13859 0.21107
v 0.01607 0.20772 0.20258
v 0.03018 0.18949 -0.22423
v 0.01828 0.22386 0.19886
v 0.02203 0.22218 0.19577
v 0.01468 0.23912 0.19846
v 0.01714 0.25700 0.19447
v 0.02212 0.24243 -0.22199
v 0.02505 0.29806 -0.21481
v 0.02408 0.31940 -0.21300
v 0.01468 0.32984 0.18553
v 0.02169 0.53288 0.16034
v 0.01467 0.55632 0.16248
v 0.01590 0.57898 0.16071
v 0.02911 0.58383 -0.18836
v 0.01540 0.76401 0.15629
v 0.03745 0.79083 -0.14179
v 0.00876 1.00523 -0.18943
v 0.00855 1.02336 -0.19450
v 0.02293 1.25528 0.15215
v 0.02263 1.28670 0.15443
v 0.02437 1.42664 0.13732
v 0.02107 1.45866 0.11859
v 0.02407 1.51362 0.08143
v 0.01525 1.60422 0.09796
v 0.03804 1.63755 -0.11083
v 0.03414 1.65210 0.10530
v 0.01598 1.73010 0.06305
v 0.03321 1.74109 0.00780
v 0.01272 -0.05441 0.33801
v 0.02269 0.12298 0.20962
v 0.03033 0.25931 -0.21520
v 0.02331 0.26224 0.18829
v 0.02327 0.37204 -0.20748
v 0.02852 0.39356 0.16792
v 0.02875 0.41386 -0.19995
v 0.03122 0.53173 0.15281
v 0.03449 0.72299 -0.14796
v 0.02525 0.80996 0.17502
v -0.00040 0.87726 0.18158
v 0.02488 0.88378 -0.17550
v 0.04026 0.90728 -0.17525
v 0.03716 1.02412 -0.20097
v 0.02139 1.09172 0.15162
v 0.02205 1.10047 0.14967
v 0.03009 1.12644 0.15086
v 0.03367 1.16709 -0.15333
v 0.02363 1.23188 0.15187
v 0.02670 1.27402 -0.15817
v 0.02256 1.44671 0.12628
v 0.02270 1.46192 -0.10386
v 0.02784 1.46753 0.10933
v 0.03188 1.48401 0.09381
v 0.03789 1.52138 -0.09695
v 0.02759 1.55350 0.08201
v 0.02935 1.67874 -0.09506
v 0.03570 -0.06300 -0.24981
v 0.03316 -0.06300 -0.09073
v 0.02964 0.02174 -0.28254
v 0.02661 0.71348 0.15056
v 0.02249 0.83957 0.18168
v 0.02794 1.00374 0.18870
v 0.03337 1.07416 -0.20152
v 0.02088 1.04970 0.17372
v 0.03598 1.10052 0.15570
v 0.01560 1.17561 0.14848
v 0.02866 1.35552 0.15725
v 0.03072 1.34678 -0.13906
v 0.03635 1.35984 -0.13403
v 0.03183 0.08604 0.20436
v 0.03044 0.19838 0.19037
v 0.03073 0.32142 -0.20735
v 0.03572 0.35756 -0.20129
v 0.04344 0.46959 -0.20270
v 0.03200 0.64651 0.14439
v 0.03547 0.83094 -0.14325
v 0.03257 0.84632 0.18605
v 0.03126 1.10726 0.15394
v 0.03407 1.24901 -0.15737
v 0.04101 1.70342 -0.07561
v 0.03417 1.71968 -0.06114
v 0.02953 0.20498 -0.22240
v 0.02968 0.39572 -0.20036
v 0.03411 1.05126 0.18101
v 0.03583 1.08460 0.16462
v 0.03717 1.11977 0.15091
v 0.03009 1.25388 0.15395
v 0.03700 -0.06300 -0.20270
v 0.02884 -0.06300 -0.13593
v 0.03037 -0.06300 0.06421
v -0.00996 0.00751 -0.33260
v 0.04245 0.00680 0.33301
v 0.04306 0.00803 -0.29247
v 0.02579 0.03751 0.22993
v 0.03500 0.12208 0.19732
v 0.03988 0.21252 0.18785
v 0.03477 0.73556 -0.14685
v 0.03507 0.80618 0.17826
v 0.02826 0.86257 -0.14766
v 0.01176 0.98249 0.18950
v 0.03585 1.16205 -0.14395
v 0.02845 1.58627 0.08551
v 0.02922 1.69200 -0.09089
v -0.01193 0.00593 0.33354
v 0.01957 0.00806 0.26982
v 0.03323 0.05655 0.20993
v 0.04011 0.07088 -0.24330
v 0.03343 0.16516 0.19386
v 0.03003 0.22294 -0.21968
v 0.02769 0.28102 0.18106
v 0.04255 0.39225 -0.20005
v 0.04339 0.42357 -0.20022
v 0.03116 0.56582 0.15048
v 0.03149 0.65213 0.15189
v 0.03372 0.67251 -0.15908
v 0.03802 0.83914 0.18480
v 0.02770 0.94033 0.19039
v 0.03222 0.95506 0.18812
v 0.03335 1.09022 -0.19456
v 0.03199 1.17692 0.15260
v 0.04945 1.30339 -0.15060
v 0.04290 1.38180 -0.12812
v 0.03593 1.38913 -0.12724
v 0.03326 1.40956 -0.12093
v 0.01936 1.52686 0.08310
v 0.04038 1.55173 -0.11303
v 0.03987 1.60648 0.09445
v 0.03002 1.62219 0.10327
v 0.04701 1.71647 0.06200
v 0.03346 1.72738 -0.04297
v 0.02606 1.74059 0.03110
v 0.05005 -0.06300 -0.20308
v 0.04119 -0.06300 -0.16310
v 0.03989 -0.06300 -0.12842
v 0.04186 -0.06300 0.10120
v 0.04670 -0.06300 0.18000
v 0.03427 -0.06300 0.27470
v 0.05802 -0.06150 0.33713
v 0.03436 0.00835 0.25777
v 0.04214 0.04158 -0.25609
v 0.03629 0.12007 -0.23529
v 0.05106 0.15729 -0.22736
v 0.03611 0.31114 -0.20785
v 0.03088 0.43357 0.16211
v 0.03148 0.46020 0.16052
v 0.03309 0.49419 0.15739
v 0.03450 0.61070 0.14545
v 0.04711 1.06219 -0.20357
v 0.02970 1.27674 0.15533
v 0.03678 1.31329 0.15596
v 0.03686 1.32675 -0.14331
v 0.05044 1.39747 0.14151
v 0.03584 1.45194 0.11759
v 0.03229 1.50412 0.08467
v 0.03549 1.58706 -0.12599
v 0.04685 1.67546 0.09313
v 0.03495 1.70960 0.07732
v 0.04522 1.71488 -0.05174
v 0.04634 1.72976 -0.01195
v 0.04796 1.73128 0.00766
v 0.03388 0.00654 -0.33323
v 0.03861 0.00800 -0.30534
v 0.04958 0.24781 -0.21535
v 0.03515 0.65999 -0.16348
v 0.03591 0.73938 0.15986
v 0.02976 0.96887 -0.18403
v 0.04356 1.05683 0.17973
v 0.03802 1.35103 0.15441
v 0.04557 1.37575 0.14989
v 0.04419 -0.06233 -0.33631
v 0.02180 0.00800 0.28400
v 0.03456 0.09685 0.20064
v 0.05035 0.20595 -0.22057
v 0.04969 0.23805 -0.21664
v 0.02850 0.56880 -0.19171
v 0.03372 0.58490 0.14807
v 0.05158 0.64594 0.15425
v 0.04446 0.75104 0.16537
v 0.05908 0.80713 -0.13712
v 0.04373 0.81891 -0.14018
v 0.04980 1.17200 -0.15423
v 0.03990 1.22041 0.14992
v 0.04753 1.27587 -0.15511
v 0.04384 1.43640 0.12351
v 0.04757 1.42485 0.12928
v 0.03632 1.46490 -0.09659
v 0.04396 1.53837 -0.10170
v 0.05065 1.59685 -0.10773
v 0.04163 1.65149 -0.09562
v 0.04011 1.68848 -0.08559
v 0.05517 -0.06300 0.27455
v 0.04282 0.02404 -0.27199
v 0.03966 0.23711 0.18488
v 0.03885 0.33108 0.17380
v 0.05196 0.33942 -0.20827
v 0.05156 0.35205 0.17669
v 0.03300 0.55705 0.15068
v 0.04834 0.54574 0.15740
v 0.04953 0.60109 0.15105
v 0.05053 0.72651 -0.14529
v 0.05314 0.73509 -0.14391
v 0.03462 0.77599 0.16973
v 0.05829 0.78570 -0.13835
v 0.04296 0.80620 0.17863
v 0.04937 0.84431 -0.14065
v 0.04926 0.85389 -0.14135
v 0.05002 0.97105 -0.18538
v 0.04490 1.02142 0.19120
v 0.04278 1.36123 0.15373
v 0.03552 1.39762 0.14646
v 0.04609 1.41353 0.13515
v 0.04840 1.45181 -0.09658
v 0.05179 1.47645 -0.09200
v 0.04918 1.50806 -0.09456
v 0.05148 1.51085 -0.09465
v 0.04511 1.52818 0.07203
v 0.04217 1.52792 0.07684
v 0.05080 1.54497 -0.10007
v 0.04644 1.58976 0.07943
v 0.04991 1.58286 -0.10978
v 0.04774 1.63497 -0.09840
v 0.06598 1.65342 0.08563
v 0.05522 1.71010 -0.03765
v 0.05216 -0.06300 -0.29875
v 0.04978 -0.06300 -0.27514
v 0.04088 -0.06300 -0.26555
v 0.05232 -0.06300 -0.22782
v 0.04961 -0.06300 -0.17102
v 0.06320 -0.06300 -0.08445
v 0.05181 -0.06300 -0.03969
v 0.04914 -0.06300 -0.02362
v 0.05768 -0.06300 0.02007
v 0.05534 -0.06300 0.04759
v 0.04019 -0.06300 0.04872
v 0.05362 -0.06300 0.08674
v 0.05944 -0.06300 0.12549
v 0.05564 -0.06300 0.15988
v 0.05483 -0.06300 0.19327
v 0.05510 -0.06300 0.25440
v 0.05408 -0.06300 0.28741
v 0.04914 0.00800 0.25729
v 0.04232 0.00964 0.24664
v 0.05723 0.06104 0.21426
v 0.05376 0.09291 -0.23752
v 0.05223 0.08650 0.20862
v 0.04201 0.11266 0.19999
v 0.03665 0.14577 0.19434
v 0.03171 0.22878 0.18549
v 0.04011 0.26833 0.18199
v 0.03268 0.29878 0.17626
v 0.03265 0.35189 0.17080
v 0.05082 0.39968 -0.20352
v 0.06110 0.40976 0.17353
v 0.05404 0.48091 0.16623
v 0.06307 0.49577 -0.20982
v 0.05023 0.52352 -0.20439
v 0.03226 0.69693 -0.15239
v 0.05113 0.71838 -0.14638
v 0.03673 0.85307 0.18787
v 0.05037 0.86207 -0.14181
v 0.05121 0.88162 -0.15348
v 0.04320 0.88272 -0.14659
v 0.03947 0.89631 0.18970
v 0.05457 0.89045 -0.17652
v 0.05514 0.98104 -0.18861
v 0.04394 1.01713 0.18972
v 0.05765 1.07100 -0.20189
v 0.03659 1.13187 -0.15814
v 0.04560 1.14371 -0.15232
v 0.05464 1.24488 -0.15806
v 0.04911 1.26632 0.15032
v 0.03203 1.30468 -0.15107
v 0.05285 1.32520 -0.14492
v 0.05968 1.38164 -0.12684
v 0.06229 1.42962 -0.10859
v 0.05445 1.48728 -0.08949
v 0.04099 1.55026 0.07800
v 0.05731 1.61490 -0.09349
v 0.04991 1.68619 -0.08023
v 0.04005 1.69976 0.08506
v 0.04783 0.00721 0.33344
v 0.05265 0.02508 -0.26978
v 0.05565 0.20844 -0.21939
v 0.05257 0.27050 0.18701
v 0.04329 0.30259 -0.20899
v 0.04387 0.64518 0.14561
v 0.05006 0.64736 -0.17058
v 0.03669 0.68495 -0.15534
v 0.05026 0.69124 -0.15313
v 0.05514 0.74415 -0.14261
v 0.05134 0.76023 0.16823
v 0.05179 0.77045 -0.14095
v 0.05017 1.09818 -0.18896
v 0.05697 1.10438 0.14866
v 0.05376 1.15382 -0.15282
v 0.04653 1.14995 0.14860
v 0.04390 1.39964 -0.12284
v 0.04699 1.49951 0.08121
v 0.04850 1.57138 0.07505
v 0.04743 1.63520 0.09972
v 0.04351 1.71179 -0.06136
v 0.03689 1.72899 -0.02501
v 0.05156 1.71694 -0.02819
v 0.05021 -0.06300 -0.14099
v 0.05280 -0.06300 -0.08783
v 0.04959 -0.06300 -0.07120
v 0.05147 -0.06300 0.01620
v 0.05652 -0.06300 0.20835
v 0.07407 -0.06218 0.33590
v 0.02729 -0.00047 0.33798
v 0.05800 0.00798 -0.33094
v 0.05172 0.00800 0.29000
v 0.04812 0.02869 0.22584
v 0.04952 0.13067 -0.23189
v 0.05006 0.20197 0.19455
v 0.05516 0.22136 0.19436
v 0.05502 0.28691 -0.21401
v 0.04743 0.46403 0.16624
v 0.05494 0.48653 -0.20729
v 0.02861 0.51360 -0.19958
v 0.05164 0.58832 -0.19326
v 0.03395 0.64377 -0.16964
v 0.04795 0.71047 0.15787
v 0.05050 0.81525 0.17888
v 0.04799 0.86616 0.18580
v 0.04509 0.88053 0.18764
v 0.05143 0.93126 -0.17868
v 0.04814 0.95485 0.18373
v 0.02834 0.99738 0.18202
v 0.04620 1.00130 -0.19325
v 0.05127 1.05320 0.17688
v 0.04799 1.07955 0.16318
v 0.04986 1.08346 -0.19721
v 0.06317 1.08129 -0.19775
v 0.05753 1.08926 0.15678
v 0.05486 1.13759 0.14519
v 0.04987 1.22219 0.14897
v 0.03789 1.19262 -0.15088
v 0.04445 1.22453 -0.15502
v 0.06350 1.22724 -0.15687
v 0.05054 1.24532 0.14852
v 0.05572 1.27214 -0.15648
v 0.05590 1.34589 -0.13744
v 0.05118 1.39345 0.14113
v 0.04532 1.44926 0.11696
v 0.04944 1.46496 0.10814
v 0.04619 1.47231 0.10335
v 0.04685 1.48156 0.09416
v 0.05553 1.46934 -0.09154
v 0.05143 1.64762 -0.09077
v 0.05718 1.66914 0.08913
v 0.05606 1.67927 0.08537
v 0.05121 1.68982 0.08140
v 0.06292 1.69482 -0.05449
v 0.04660 1.72528 0.04626
v 0.04748 1.72913 -0.00070
v 0.05370 -0.05220 0.33800
v 0.05638 0.00981 0.24670
v 0.05362 0.00626 0.33311
v 0.04267 0.05902 0.20734
v 0.05308 0.13686 -0.23002
v 0.05914 0.18087 -0.22203
v 0.04134 0.18461 0.19174
v 0.05755 0.24042 -0.21756
v 0.05681 0.26695 -0.21584
v 0.05286 0.29202 -0.21324
v 0.06485 0.29482 -0.21478
v 0.05227 0.33372 0.17896
v 0.06188 0.37592 -0.20659
v 0.05831 0.39768 -0.20548
v 0.05208 0.42798 -0.20405
v 0.05120 0.49187 0.16467
v 0.05318 0.52525 0.16089
v 0.05001 0.61752 -0.18299
v 0.05438 0.63565 0.14836
v 0.04592 0.67926 0.15480
v 0.05380 0.87824 -0.14265
v 0.04468 0.97002 0.18288
v 0.04383 1.01897 0.17783
v 0.06306 1.02320 -0.20028
v 0.05601 1.10630 0.14931
v 0.05375 1.11999 0.14734
v 0.06068 1.18541 -0.15203
v 0.05124 1.17338 0.14843
v 0.06340 1.31727 -0.14709
v 0.05795 1.32296 0.14955
v 0.05644 1.34415 0.14887
v 0.05661 1.38697 -0.12499
v 0.04944 1.41510 0.13358
v 0.05498 1.43441 -0.10645
v 0.06241 1.43463 0.12548
v 0.06155 1.44691 -0.09546
v 0.05158 1.59471 0.07914
v 0.05030 1.60021 0.08257
v 0.06547 1.60817 -0.08499
v 0.05430 1.61176 0.08855
v 0.06393 1.63239 0.08478
v 0.06203 1.68049 -0.07109
v 0.04990 1.70406 -0.06333
v 0.05278 1.71659 0.05133
v 0.05444 1.72372 0.02808
v 0.06215 -0.06300 -0.28253
v 0.06676 -0.06300 -0.24363
v 0.05924 -0.06300 -0.24341
v 0.06009 -0.06300 -0.17226
v 0.06214 -0.06300 -0.13854
v 0.06452 -0.06300 -0.11270
v 0.05239 -0.06300 -0.02871
v 0.06285 -0.06300 -0.01023
v 0.06927 -0.06300 0.27070
v 0.05733 -0.01650 -0.33800
v 0.06700 -0.00154 -0.33770
v 0.05329 0.00639 -0.33495
v 0.06718 0.03446 -0.25670
v 0.05515 0.05006 -0.24848
v 0.06383 0.12671 -0.22904
v 0.05887 0.14659 0.20402
v 0.06383 0.25661 0.19190
v 0.05287 0.29579 0.18410
v 0.06316 0.36201 -0.20759
v 0.04240 0.38171 0.17075
v 0.05411 0.41954 0.17158
v 0.06411 0.42167 0.17208
v 0.05686 0.53725 -0.20498
v 0.05715 0.56548 -0.20012
v 0.05869 0.56363 0.15638
v 0.05903 0.58253 0.15450
v 0.04831 0.70073 -0.15058
v 0.06547 0.72878 -0.14126
v 0.06631 0.78639 -0.13609
v 0.05548 0.90832 0.18406
v 0.06383 0.96635 0.18158
v 0.07210 0.96668 -0.18403
v 0.05589 1.10533 -0.18291
v 0.06016 1.13035 0.13803
v 0.05940 1.17567 0.14036
v 0.05693 1.22305 0.14261
v 0.05858 1.22561 0.14224
v 0.05493 1.25493 0.14484
v 0.05507 1.40766 -0.11835
v 0.04938 1.50684 0.07306
v 0.06368 1.49590 0.07537
v 0.05669 1.53231 0.06919
v 0.06362 1.62611 0.08453
v 0.06005 1.63993 -0.08537
v 0.06303 1.66695 -0.07674
v 0.05614 1.70893 0.05721
v 0.04331 1.72610 -0.02242
v 0.05736 0.00238 -0.33793
v 0.06097 0.00809 -0.28904
v 0.05868 0.08547 -0.23735
v 0.06397 0.08995 0.21228
v 0.06818 0.19077 0.20129
v 0.05730 0.30919 -0.21247
v 0.06262 0.34034 -0.20970
v 0.06280 0.33802 0.18075
v 0.03237 0.38493 0.16776
v 0.06313 0.55866 -0.20325
v 0.05157 0.61325 -0.18502
v 0.04676 0.79012 0.17523
v 0.05756 0.78434 0.17202
v 0.06261 0.81454 0.17416
v 0.06770 0.81274 -0.13519
v 0.06889 0.84358 -0.13679
v 0.06207 0.85603 0.17954
v 0.05437 0.87706 -0.14219
v 0.05644 0.96965 -0.18583
v 0.05751 1.30830 0.14878
v 0.05001 1.31145 0.15353
v 0.05677 1.46303 -0.09264
v 0.05555 1.53221 0.07058
v 0.06580 1.64335 0.08653
v 0.05769 1.65868 0.09015
v 0.05357 1.72066 0.03804
v 0.06483 1.71378 0.01283
v 0.05717 -0.06300 -0.04921
v 0.05944 -0.06300 0.10783
v 0.05662 0.01978 0.23664
v 0.04755 0.03655 0.22013
v 0.06012 0.06236 -0.24134
v 0.06235 0.46630 0.16791
v 0.06203 0.50995 -0.20901
v 0.07578 0.63793 0.15967
v 0.06089 0.88242 -0.17620
v 0.05930 0.87534 0.18200
v 0.05680 0.89757 0.18356
v 0.05031 0.94137 0.18416
v 0.06765 1.03491 0.18302
v 0.06120 1.11847 -0.17002
v 0.06133 1.12978 -0.15974
v 0.06314 1.43638 -0.10388
v 0.06480 1.45987 0.10526
v 0.05603 1.48453 0.08205
v 0.06032 1.49468 -0.08225
v 0.05961 1.52301 -0.09126
v 0.05620 1.57556 -0.10218
v 0.06354 1.61666 0.08192
v 0.05532 1.66442 -0.08449
v 0.05333 1.70834 0.06380
v 0.06383 0.10117 -0.23281
v 0.06066 0.15951 -0.22468
v 0.06569 0.36035 0.17838
v 0.05917 0.42525 0.17165
v 0.09810 0.46611 -0.20784
v 0.06628 0.43501 -0.20714
v 0.06641 0.44983 -0.20870
v 0.06911 0.59518 -0.19319
v 0.06707 0.70925 -0.14464
v 0.07376 0.91508 -0.17705
v 0.07242 0.92513 -0.17819
v 0.07417 1.03480 0.16702
v 0.05424 1.05989 0.17458
v 0.06075 1.24983 0.14469
v 0.06486 1.41618 0.13598
v 0.07398 1.46218 -0.07895
v 0.06021 1.58998 -0.09625
v 0.06353 1.70531 -0.03410
v 0.08092 -0.06213 0.33664
v 0.06540 -0.06166 0.33701
v 0.05881 0.18236 0.20040
v 0.07344 0.19103 0.20173
v 0.06948 0.64962 0.15924
v 0.06369 0.67472 0.15782
v 0.06455 1.00736 -0.19591
v 0.05917 1.03075 0.17198
v 0.06249 1.09848 0.14050
v 0.06212 1.36824 -0.13078
v 0.05940 1.45581 -0.09302
v 0.06655 1.55325 -0.08849
v 0.06021 1.59502 0.07294
v 0.06634 1.68560 0.07140
v 0.06337 1.71262 0.03715
v 0.06029 1.71503 -0.01550
v 0.07472 0.02414 0.23635
v 0.07700 0.22530 -0.21964
v 0.06173 0.31971 0.18298
v 0.06201 0.37213 -0.20772
v 0.06284 0.52064 -0.20849
v 0.06472 0.57535 0.15462
v 0.05960 0.60308 0.15218
v 0.06093 0.64843 -0.17084
v 0.07207 0.94716 -0.18011
v 0.07160 1.01087 0.17424
v 0.08856 1.05462 -0.19822
v 0.06574 1.24256 -0.15780
v 0.06625 1.28192 -0.15664
v 0.06383 1.46988 0.09014
v 0.06573 1.53446 0.05979
v 0.06111 1.71815 0.02787
v 0.05471 -0.06294 -0.33426
v 0.06647 -0.06300 0.15491
v 0.08632 -0.06300 0.20710
v 0.06886 -0.06300 0.21410
v 0.04855 -0.06129 -0.33723
v 0.02868 -0.01012 0.33800
v 0.07062 0.00800 -0.29745
v 0.07174 0.04026 0.22412
v 0.06426 0.07615 0.21369
v 0.06788 0.13047 0.20755
v 0.07432 0.19688 -0.22269
v 0.06466 0.26730 0.19042
v 0.06255 0.31219 0.18418
v 0.06839 0.31618 -0.21229
v 0.06472 0.37839 0.17640
v 0.07185 0.39502 0.17352
v 0.06308 0.51751 0.16189
v 0.06508 0.54220 0.15874
v 0.08307 0.55200 0.14849
v 0.07517 0.66263 -0.16336
v 0.06882 0.67079 -0.15941
v 0.06063 0.73922 0.16404
v 0.06508 0.76745 0.16692
v 0.08676 0.81494 -0.12673
v 0.06736 0.82330 0.17320
v 0.05862 0.87617 -0.14213
v 0.07024 0.88597 0.18194
v 0.07318 0.88110 -0.17553
v 0.08015 0.97865 -0.18445
v 0.06877 1.06228 0.16431
v 0.07109 1.07033 0.15377
v 0.06407 1.08672 0.15221
v 0.07211 1.10425 -0.18030
v 0.06008 1.16354 0.13994
v 0.05765 1.27394 0.14562
v 0.07958 1.29237 -0.15559
v 0.05566 1.35982 0.14762
v 0.06370 1.51995 0.06231
v 0.07264 1.53736 -0.07991
v 0.07237 1.56954 -0.08146
v 0.07407 1.61780 -0.07364
v 0.08042 1.69190 -0.02327
v 0.07474 -0.06300 -0.17962
v 0.08849 -0.06300 -0.06336
v 0.09240 -0.06300 0.25485
v 0.05731 -0.06300 0.22908
v 0.06742 0.04860 -0.24475
v 0.08513 0.09439 -0.23396
v 0.07720 0.11642 -0.23141
v 0.08555 0.17892 -0.22145
v 0.07527 0.17251 -0.22438
v 0.08884 0.31585 -0.20794
v 0.06900 0.41462 -0.20643
v 0.06241 0.50668 0.16350
v 0.08280 0.52760 0.15148
v 0.07286 0.53831 -0.20883
v 0.07101 0.59758 0.14991
v 0.08955 0.61228 -0.18918
v 0.06302 0.63956 0.14836
v 0.06597 0.65240 -0.16889
v 0.05669 0.69925 0.15809
v 0.07285 0.74469 0.16071
v 0.07102 0.76402 -0.13609
v 0.07677 0.77873 -0.13238
v 0.06430 1.01222 0.17601
v 0.07485 1.04113 0.17002
v 0.07833 1.12903 -0.15358
v 0.07265 1.18104 0.14591
v 0.06337 1.20931 -0.15470
v 0.07416 1.36132 0.15102
v 0.06504 1.39708 0.14237
v 0.06954 1.57150 0.05880
v 0.07129 1.62691 0.07643
v 0.07192 1.66709 -0.06364
v 0.07090 1.68032 -0.05365
v 0.06767 1.70441 0.04677
v 0.07125 1.69672 -0.03455
v 0.07167 1.69444 0.05122
v 0.07113 -0.06300 0.05451
v 0.05813 0.00500 0.33564
v 0.07462 0.00800 -0.32540
v 0.07460 0.00800 -0.32320
v 0.09259 0.00697 0.33362
v 0.06812 0.00810 -0.28689
v 0.06836 0.33137 0.18165
v 0.08095 0.36109 0.17489
v 0.07343 0.49312 0.16120
v 0.07685 0.49886 -0.21199
v 0.08245 0.76611 0.15801
v 0.07700 0.86527 -0.15059
v 0.07810 0.87092 -0.16621
v 0.05257 0.92389 0.18491
v 0.07469 1.13596 -0.15056
v 0.07333 1.14472 -0.15636
v 0.07298 1.14993 0.14464
v 0.06158 1.43930 -0.10199
v 0.07378 1.43698 0.11939
v 0.06215 1.47264 0.09209
v 0.07472 1.50199 -0.06781
v 0.06561 1.52586 -0.08465
v 0.07045 1.59787 0.05958
v 0.07271 1.69723 0.03724
v 0.07406 1.70160 0.01350
v 0.07703 1.69926 0.00864
v 0.05278 -0.06268 -0.33416
v 0.08219 -0.06300 -0.26202
v 0.09122 -0.06300 -0.18244
v 0.08843 -0.06300 -0.11760
v 0.09270 -0.06300 0.16288
v 0.07018 0.00577 0.33387
v 0.06774 0.02353 -0.26772
v 0.08189 0.04392 -0.24932
v 0.06776 0.28695 0.18796
v 0.08991 0.38960 -0.20240
v 0.07233 0.44836 0.16720
v 0.08367 0.50048 0.15390
v 0.07239 0.57933 -0.19837
v 0.06664 0.70366 0.15872
v 0.07429 0.85946 -0.13676
v 0.08045 0.87250 -0.17298
v 0.06625 0.94663 0.18261
v 0.07974 1.03181 -0.19831
v 0.07248 1.05984 0.15924
v 0.08072 1.08814 -0.18796
v 0.08174 1.13856 0.14629
v 0.08318 1.19836 0.14897
v 0.08282 1.26737 -0.15961
v 0.08861 1.27474 -0.15748
v 0.07908 1.31291 -0.15052
v 0.07675 1.35487 -0.13478
v 0.08070 1.35651 -0.13212
v 0.08115 1.43799 -0.09201
v 0.07294 1.48460 0.07616
v 0.07326 1.60963 0.06303
v 0.08185 1.63633 0.06315
v 0.10850 -0.05987 0.33779
v 0.07217 0.10451 0.21127
v 0.07563 0.23274 -0.21963
v 0.07317 0.86265 -0.13942
v 0.08018 0.99917 -0.19020
v 0.08185 1.08335 -0.19209
v 0.08443 1.11502 -0.16089
v 0.07470 1.16227 -0.15691
v 0.07652 1.18540 -0.15447
v 0.07862 1.20976 -0.15675
v 0.07120 1.39932 -0.11964
v 0.07697 1.47386 -0.07183
v 0.08054 1.50001 0.05386
v 0.09013 1.57757 -0.06343
v 0.07856 1.62237 0.06271
v 0.09055 -0.06300 -0.29086
v 0.08572 -0.06300 0.27214
v 0.06541 0.23491 0.19552
v 0.08163 0.34843 -0.20572
v 0.08092 0.39077 0.17096
v 0.07788 0.44791 0.16475
v 0.09204 0.56313 -0.20487
v 0.07999 0.66358 0.15631
v 0.09032 0.73518 -0.13274
v 0.08350 0.79384 -0.12859
v 0.09993 1.43987 0.10817
v 0.08234 1.51294 0.04355
v 0.07938 1.55027 -0.07406
v 0.09176 0.05913 0.21177
v 0.08055 0.17857 -0.22343
v 0.07981 0.23895 0.19235
v 0.07905 0.30506 0.18300
v 0.08162 0.60924 0.14304
v 0.07961 0.77687 0.16077
v 0.08118 1.00780 0.17082
v 0.07739 1.04793 0.16587
v 0.08292 1.41424 0.13034
v 0.08013 1.42856 0.12262
v 0.08992 1.46508 -0.06945
v 0.07915 1.48584 0.06213
v 0.07388 1.48656 -0.07000
v 0.08181 1.51091 -0.06145
v 0.08076 0.00805 -0.28867
v 0.08009 0.14559 0.20564
v 0.08347 0.25695 0.18804
v 0.10263 0.25897 -0.21291
v 0.09748 0.59733 -0.19414
v 0.07839 0.63016 0.14237
v 0.08008 0.69205 0.15485
v 0.09634 0.78740 0.16056
v 0.07947 0.84081 0.17474
v 0.09970 0.85031 -0.15846
v 0.07112 0.97443 0.17949
v 0.08291 1.08661 0.15529
v 0.07938 1.12603 0.14607
v 0.08325 1.15340 0.14691
v 0.08023 1.15067 -0.15642
v 0.09007 1.15406 -0.14356
v 0.08429 1.17633 -0.14723
v 0.07923 1.25737 0.15127
v 0.08326 1.27824 0.15330
v 0.08971 1.37579 -0.11901
v 0.08185 1.38702 0.14221
v 0.08248 1.43636 0.11090
v 0.08476 1.50083 -0.05382
v 0.08767 1.60476 -0.06112
v 0.07954 1.60119 0.05254
v 0.08515 1.61566 -0.06208
v 0.07651 1.67928 -0.04615
v 0.06868 1.67631 0.07431
v 0.08177 1.68203 0.04462
v 0.08900 1.68067 0.01012
v 0.08160 -0.06300 -0.00426
v 0.08008 -0.06300 0.08805
v 0.10182 -0.06163 -0.33692
v 0.09220 0.04670 0.21817
v 0.07755 0.06474 -0.23954
v 0.08709 0.11145 0.20712
v 0.08089 0.17973 0.20085
v 0.09468 0.18386 -0.21870
v 0.08220 0.31231 0.18084
v 0.09217 0.41527 0.16092
v 0.11472 0.44062 -0.20372
v 0.08490 0.47053 0.15709
v 0.09084 0.52473 -0.21100
v 0.08262 0.57336 -0.20216
v 0.08632 0.61612 0.14100
v 0.09598 0.63512 -0.17677
v 0.09204 0.71150 0.14886
v 0.08585 0.74712 0.15361
v 0.08358 0.84496 -0.13059
v 0.11106 0.81090 -0.12247
v 0.10458 0.89624 -0.16141
v 0.09205 0.92118 0.17592
v 0.09857 1.06852 0.16621
v 0.08695 1.16056 -0.14352
v 0.09774 1.17080 -0.13126
v 0.09210 1.15073 0.14174
v 0.09749 1.40334 -0.10482
v 0.07392 1.47807 0.08421
v 0.08045 1.48301 0.07127
v 0.06999 1.50188 0.05812
v 0.08960 1.49614 0.04413
v 0.09980 1.56958 -0.02834
v 0.08691 1.53715 0.02840
v 0.08908 1.55811 0.03078
v 0.09211 1.59733 0.02633
v 0.08553 1.59148 0.03869
v 0.09189 1.61690 -0.04875
v 0.08805 1.64783 0.05163
v 0.08738 1.64595 -0.03872
v 0.08691 1.65767 -0.02302
v 0.08591 1.67441 0.04281
v 0.09371 1.65928 0.02824
v 0.08724 1.68007 -0.02005
v 0.07489 1.70067 0.02306
v 0.08843 0.00489 -0.33479
v 0.09591 0.01227 -0.27912
v 0.09683 0.61714 0.13965
v 0.08505 0.66768 0.15358
v 0.09207 0.69514 -0.14384
v 0.08091 0.93458 0.17962
v 0.08300 1.10500 0.14958
v 0.08310 1.31579 0.15467
v 0.08928 1.32399 0.15219
v 0.08317 1.53611 0.03506
v 0.08865 1.56027 -0.06566
v 0.08770 1.62408 0.03782
v 0.08708 1.62831 -0.05601
v 0.09124 1.67295 -0.01362
v 0.09402 1.66722 0.02196
v 0.10994 -0.06300 -0.12221
v 0.07743 0.06367 0.21585
v 0.10010 0.08395 -0.23055
v 0.09398 0.22015 -0.21591
v 0.12260 0.32540 -0.20299
v 0.09023 0.42209 0.16017
v 0.08262 0.57898 0.14563
v 0.08829 0.59069 -0.19764
v 0.09808 0.78096 -0.12638
v 0.07629 0.79239 0.16519
v 0.09605 0.97176 0.16875
v 0.09413 1.00879 0.16333
v 0.10962 1.00302 -0.17431
v 0.08425 1.03504 0.17326
v 0.08420 1.11965 0.14772
v 0.09516 1.20830 -0.14699
v 0.08500 1.23496 -0.15897
v 0.08990 1.51578 -0.03554
v 0.10321 0.80981 -0.12386
v 0.09900 0.98928 -0.17789
v 0.10736 1.18062 -0.13038
v 0.09522 1.29869 -0.14873
v 0.09079 1.50485 0.02786
v 0.09508 1.50865 0.01040
v 0.09636 1.61266 -0.00524
v 0.09360 1.67541 0.00398
v 0.08474 -0.06300 -0.23103
v 0.08311 -0.06300 0.04178
v 0.10965 -0.06300 0.25074
v 0.10127 -0.06213 0.33664
v 0.10100 0.00800 0.31700
v 0.09581 0.22702 -0.21551
v 0.10947 0.99842 -0.17263
v 0.09492 1.61952 0.00668
v 0.09688 1.57534 0.00817
v 0.09685 1.57641 -0.03742
v 0.07361 0.00801 0.25379
v 0.09703 0.02903 0.22919
v 0.11008 0.55090 -0.20425
v 0.10103 1.08455 -0.17573
v 0.08444 1.46417 -0.07325
v 0.08934 1.48158 0.06130
v 0.09080 1.64929 -0.01462
v 0.09666 -0.06300 -0.20303
v 0.10778 -0.06300 -0.03032
v 0.09652 -0.06300 0.03118
v 0.10349 -0.06300 0.14798
v 0.11818 -0.06300 0.18538
v 0.10605 0.03138 -0.25284
v 0.09743 0.12907 -0.22422
v 0.09069 0.21198 0.18976
v 0.09867 0.26096 0.17705
v 0.09779 0.36269 0.16429
v 0.09635 0.43003 0.15865
v 0.09715 0.71996 -0.13470
v 0.09357 0.87759 0.17488
v 0.09830 0.88896 -0.16548
v 0.10515 1.09525 -0.15264
v 0.09781 1.14256 -0.14403
v 0.09300 1.21818 0.14576
v 0.11032 1.45200 0.08242
v 0.10727 1.45742 -0.05935
v 0.09528 1.48689 -0.03718
v 0.09721 1.50585 -0.02250
v 0.09170 1.49674 0.03368
v 0.09814 1.53902 -0.02285
v 0.09861 1.57196 -0.00603
v 0.10182 -0.06300 -0.32389
v 0.08651 -0.06300 -0.04046
v 0.10172 0.10187 0.19800
v 0.09479 0.19791 0.18857
v 0.11025 0.20982 0.18254
v 0.10090 0.30801 0.16983
v 0.11459 0.74361 -0.12718
v 0.11204 1.07452 -0.15933
v 0.10144 1.15659 -0.13442
v 0.10583 0.02251 0.23275
v 0.10703 0.14241 -0.22268
v 0.09283 0.25948 -0.21281
v 0.09692 0.67977 0.14758
v 0.10128 0.75323 0.15129
v 0.11670 0.96301 -0.15747
v 0.10714 1.03056 0.17653
v 0.10567 1.15016 0.13975
v 0.10907 1.28273 -0.14616
v 0.08077 1.33947 -0.13955
v 0.09534 -0.06300 -0.27020
v 0.10820 -0.06300 -0.07236
v 0.09810 -0.00077 0.33795
v 0.09595 0.00801 -0.28688
v 0.09462 0.38700 0.16258
v 0.09515 0.39037 -0.20242
v 0.11174 0.44472 0.15073
v 0.09903 0.51794 0.14841
v 0.09762 0.49365 -0.21022
v 0.10383 0.72848 0.14697
v 0.10192 0.85161 -0.15886
v 0.10366 0.97509 -0.16934
v 0.10747 1.11336 -0.13656
v 0.08522 1.13393 -0.14450
v 0.09818 1.18960 -0.13982
v 0.10616 1.27595 0.14932
v 0.12419 1.46579 -0.02476
v 0.10707 1.47558 0.03474
v 0.10792 -0.06300 0.01911
v 0.09333 -0.01981 -0.33783
v 0.09914 0.61047 0.13763
v 0.10420 0.66107 0.14685
v 0.11135 0.94088 -0.15881
v 0.11100 1.09331 0.14670
v 0.11065 1.09259 -0.14500
v 0.10778 1.13025 0.13574
v 0.10813 1.17396 0.12354
v 0.11021 1.21206 0.13416
v 0.10952 1.24498 0.14697
v 0.12384 1.23716 -0.13857
v 0.11809 1.28154 -0.14128
v 0.11166 1.33321 0.14685
v 0.09937 1.35518 -0.12315
v 0.10680 1.48278 -0.02661
v 0.11409 -0.06300 -0.27402
v 0.11413 -0.06300 -0.23881
v 0.11496 -0.06300 -0.21026
v 0.12641 -0.06300 -0.19772
v 0.11325 -0.06300 -0.19099
v 0.15100 -0.06300 -0.11725
v 0.11724 -0.06300 -0.09176
v 0.12094 -0.06300 -0.04053
v 0.11735 -0.06300 -0.00746
v 0.11745 -0.06300 0.01040
v 0.11441 -0.06300 0.05272
v 0.14030 -0.06300 0.16233
v 0.11789 -0.06300 0.21545
v 0.12520 -0.06300 0.32800
v 0.11629 0.38581 -0.20038
v 0.12445 0.43924 -0.20346
v 0.13570 0.50768 -0.20449
v 0.11279 0.50072 0.14218
v 0.11463 0.51677 0.13830
v 0.12299 0.73292 -0.12539
v 0.11449 0.77373 0.14642
v 0.09050 0.90142 0.17813
v 0.09454 1.02934 0.15699
v 0.11299 1.04509 0.16738
v 0.11015 1.10769 0.13897
v 0.10810 1.36559 -0.11552
v 0.10129 0.10960 0.19778
v 0.10598 0.29736 0.17020
v 0.11575 0.30970 0.16528
v 0.11611 0.37955 0.15651
v 0.11648 0.46319 -0.20660
v 0.09501 0.68061 -0.15082
v 0.11972 0.90484 0.15928
v 0.11451 1.02577 -0.17397
v 0.10198 1.10553 0.14089
v 0.11318 1.12937 -0.13738
v 0.11635 1.21614 0.12983
v 0.11448 1.27620 0.13554
v 0.11227 1.34212 0.13725
v 0.09679 1.47159 -0.05183
v 0.11271 1.46292 -0.04321
v 0.10212 -0.06253 -0.33500
v 0.11499 -0.06300 -0.14295
v 0.11622 -0.06300 0.08866
v 0.11612 -0.06300 0.11254
v 0.12995 -0.06300 0.28604
v 0.11582 -0.06227 0.33477
v 0.09060 0.00774 -0.33332
v 0.11653 0.00800 -0.28125
v 0.11703 0.02598 0.22491
v 0.10010 0.05082 -0.23892
v 0.09756 0.16223 0.19288
v 0.12042 0.23824 -0.21112
v 0.13781 0.35412 -0.19331
v 0.11604 0.41353 0.15198
v 0.12689 0.47023 -0.20578
v 0.10512 0.57386 0.13836
v 0.12568 0.59488 0.11577
v 0.12472 0.60288 -0.18714
v 0.11543 0.63998 0.14109
v 0.11905 0.79718 0.14780
v 0.11643 0.80510 0.15167
v 0.09902 0.86070 0.17159
v 0.11625 1.16317 -0.13009
v 0.09639 1.40640 0.12285
v 0.10708 1.48717 0.01512
v 0.11977 -0.06283 -0.33255
v 0.10073 0.00802 0.24979
v 0.12751 0.01861 0.22875
v 0.10267 0.04974 0.20920
v 0.12166 0.15951 -0.21778
v 0.11373 0.16768 0.18707
v 0.11852 0.25371 0.17186
v 0.11266 0.26287 0.17330
v 0.11389 0.25524 -0.21155
v 0.11969 0.28864 -0.20672
v 0.11643 0.30278 0.16592
v 0.12385 0.30144 -0.20442
v 0.11322 0.32604 0.16421
v 0.12008 0.32055 0.16182
v 0.12072 0.34954 0.15797
v 0.13034 0.40964 -0.19832
v 0.12460 0.48192 -0.20706
v 0.12201 0.52497 -0.20602
v 0.13420 0.57385 -0.19489
v 0.11356 0.56624 0.13243
v 0.12163 0.59889 0.12279
v 0.11607 0.61024 0.14264
v 0.12378 0.62184 -0.17896
v 0.11930 0.61033 0.14178
v 0.12140 0.65040 -0.16433
v 0.11422 0.71215 0.13684
v 0.11471 0.81601 0.15512
v 0.09823 0.83652 0.16885
v 0.11439 0.83217 -0.15045
v 0.12025 0.86896 -0.15290
v 0.11513 0.89295 0.16255
v 0.12219 1.07743 -0.14353
v 0.10765 1.10302 0.12030
v 0.12895 1.05778 0.13810
v 0.12859 1.17596 -0.12820
v 0.11497 1.26446 0.13767
v 0.11387 1.33056 -0.12736
v 0.12645 1.34385 -0.11999
v 0.11326 1.39512 -0.10420
v 0.09615 1.41875 -0.09753
v 0.11500 1.43652 -0.07589
v 0.11696 1.44335 0.08097
v 0.13152 1.45741 0.05171
v 0.13678 -0.06300 -0.25690
v 0.12592 -0.06300 -0.12061
v 0.13562 -0.06300 0.03079
v 0.12305 -0.06300 0.05892
v 0.12547 -0.06300 0.08172
v 0.11283 -0.06300 0.10087
v 0.12561 -0.06300 0.17104
v 0.12149 -0.06300 0.20569
v 0.11723 -0.06300 0.24432
v 0.12092 -0.01040 -0.33800
v 0.11464 0.00762 -0.33611
v 0.13018 0.00708 0.33150
v 0.11291 0.01446 -0.27052
v 0.13908 0.00906 -0.27193
v 0.12432 0.21290 0.17334
v 0.11723 0.32808 0.16237
v 0.11681 0.67495 0.13416
v 0.11062 0.68833 0.14059
v 0.11926 0.85440 -0.15143
v 0.12349 0.94651 -0.15347
v 0.12032 0.96741 0.15946
v 0.11269 0.98156 0.15979
v 0.11105 1.07618 0.15552
v 0.12426 1.06340 -0.15173
v 0.12248 1.16996 -0.12863
v 0.12916 1.22565 0.13558
v 0.10263 1.37809 0.13561
v 0.12613 1.40992 0.11450
v 0.12635 1.41984 -0.08203
v 0.14404 1.41279 0.09694
v 0.11009 1.46542 0.06529
v 0.10211 1.48760 0.00095
v 0.12274 0.00103 0.33771
v 0.11844 0.00800 0.25525
v 0.13461 0.02698 -0.25205
v 0.13422 0.03320 0.20971
v 0.11079 0.05327 0.20292
v 0.12212 0.06529 -0.23073
v 0.12087 0.16540 0.18257
v 0.12588 0.18731 -0.21409
v 0.11970 0.23464 0.17408
v 0.12251 0.36323 -0.19925
v 0.12115 0.41661 0.14727
v 0.12886 0.68908 0.11462
v 0.11412 0.72649 0.13866
v 0.12405 0.79399 -0.11629
v 0.12517 0.81438 -0.14059
v 0.13641 0.86776 -0.14363
v 0.12393 0.95804 -0.15439
v 0.12376 1.00338 0.15654
v 0.10830 1.05749 -0.18092
v 0.12005 1.05619 0.16294
v 0.12813 1.09847 -0.13055
v 0.13532 1.13721 -0.13016
v 0.14020 1.19150 -0.12584
v 0.12538 1.20078 -0.13144
v 0.12728 1.20624 0.13280
v 0.12464 1.22622 -0.13700
v 0.11676 1.28288 0.13686
v 0.09777 1.32292 -0.13898
v 0.10973 1.36729 0.13457
v 0.14375 1.35902 0.13840
v 0.13106 1.40524 -0.09052
v 0.12839 1.43349 -0.06835
v 0.12447 1.44680 -0.05238
v 0.12200 1.45384 0.07123
v 0.12033 1.46797 0.03261
v 0.13289 1.46512 0.00747
v 0.17910 -0.06300 0.32360
v 0.13301 0.09183 -0.22067
v 0.11801 0.46694 0.14272
v 0.12511 0.54267 0.12257
v 0.12359 0.56648 0.12101
v 0.13156 0.58735 -0.19085
v 0.13052 0.66298 -0.15440
v 0.13155 0.86206 0.14876
v 0.11388 0.92870 0.16199
v 0.11810 0.98056 -0.15259
v 0.12294 1.02268 0.15435
v 0.13033 1.06108 0.13759
v 0.12424 1.28847 0.14008
v 0.12325 -0.06300 -0.17215
v 0.12776 -0.06300 -0.07133
v 0.12627 -0.00160 -0.33803
v 0.12860 0.05714 0.19692
v 0.12608 0.20413 -0.21167
v 0.12996 0.32760 0.15416
v 0.12213 0.45296 0.14060
v 0.12611 0.52658 0.12377
v 0.13059 0.67970 -0.14504
v 0.13349 0.75698 0.11891
v 0.12973 0.89573 -0.15003
v 0.12753 0.99229 -0.15591
v 0.12551 1.00189 -0.15776
v 0.12582 1.06401 0.15512
v 0.12472 1.12095 0.12498
v 0.13917 1.13759 0.12759
v 0.10954 1.21181 0.12702
v 0.14432 1.31527 -0.12597
v 0.13937 1.36707 -0.10743
v 0.12546 1.46035 -0.03796
v 0.12839 1.46627 0.02044
v 0.12774 0.27193 0.16364
v 0.12865 0.48932 0.12622
v 0.13014 0.65482 0.11714
v 0.12747 0.74296 -0.12050
v 0.13598 0.95892 -0.14666
v 0.14055 1.10255 -0.11880
v 0.13733 -0.06279 -0.33478
v 0.13646 0.06485 0.19068
v 0.13292 0.06836 -0.22481
v 0.12732 0.09153 0.19078
v 0.13113 0.45013 0.12911
v 0.13204 0.69907 -0.13200
v 0.12621 0.78223 0.13712
v 0.13706 0.83993 0.14056
v 0.12938 0.87868 0.15219
v 0.12828 0.90642 0.15663
v 0.12540 1.25983 -0.13987
v 0.12773 1.31081 -0.13016
v 0.11637 1.43377 0.10180
v 0.13165 1.42605 0.08854
v 0.11879 -0.02700 0.33800
v 0.12187 0.00804 0.24481
v 0.14465 0.04025 -0.23209
v 0.13005 0.17132 -0.21133
v 0.14479 0.17877 -0.19636
v 0.14489 0.17959 0.15353
v 0.12903 0.24697 -0.20601
v 0.13824 0.28621 0.15001
v 0.12602 0.39953 0.14564
v 0.13058 0.50598 0.12209
v 0.12541 0.63893 -0.17001
v 0.13792 0.68354 -0.13636
v 0.14673 0.72655 -0.10729
v 0.13665 0.78754 0.12534
v 0.13589 0.78080 -0.10782
v 0.14095 0.80333 -0.13434
v 0.12380 1.02354 -0.16226
v 0.14458 1.12565 -0.12621
v 0.12724 1.12475 -0.12154
v 0.13020 1.17645 0.13045
v 0.13821 1.39763 -0.09124
v 0.15289 -0.06300 -0.02395
v 0.14995 -0.06300 0.11627
v 0.12860 -0.06300 0.12693
v 0.13922 -0.06213 0.33664
v 0.20770 -0.05110 -0.33800
v 0.15634 0.00008 -0.33796
v 0.13714 0.00800 -0.28138
v 0.13623 0.00796 0.33026
v 0.12606 0.06749 -0.22882
v 0.12340 0.12065 0.18919
v 0.13144 0.10828 0.18418
v 0.13155 0.14972 -0.21400
v 0.12816 0.19896 0.17140
v 0.14543 0.17031 0.15407
v 0.14839 0.23879 -0.19025
v 0.14087 0.26475 -0.19652
v 0.13890 0.27337 -0.19885
v 0.12838 0.29464 0.16030
v 0.14264 0.30950 -0.19328
v 0.13230 0.30635 0.15471
v 0.13498 0.32060 0.14869
v 0.14387 0.33383 -0.18968
v 0.13818 0.36498 0.13452
v 0.14391 0.40279 -0.18968
v 0.13647 0.52974 0.11677
v 0.14306 0.59708 -0.18327
v 0.13545 0.61495 0.11706
v 0.12969 0.64639 -0.16456
v 0.12663 0.69362 -0.13821
v 0.14614 0.66280 -0.14379
v 0.12930 0.68423 0.11494
v 0.11740 0.72914 -0.12939
v 0.13664 0.76955 -0.10847
v 0.14303 0.78712 -0.12110
v 0.13351 0.84504 0.14511
v 0.16212 0.87894 0.14526
v 0.14341 0.91250 -0.14238
v 0.12412 0.92756 0.15877
v 0.13435 0.97550 0.15640
v 0.13444 0.99065 0.15445
v 0.14219 0.98393 -0.14392
v 0.13326 1.02693 0.16824
v 0.16573 1.06295 -0.11468
v 0.14059 1.07827 -0.13166
v 0.12920 1.39363 -0.09974
v 0.12292 -0.06150 0.33713
v 0.12798 0.12685 0.18376
v 0.14732 0.12635 0.15895
v 0.13678 0.17036 0.16545
v 0.13545 0.39781 0.13226
v 0.15490 0.62638 -0.16139
v 0.13856 0.81775 0.13324
v 0.13544 0.94281 -0.14489
v 0.13823 1.17007 -0.12418
v 0.14583 1.22736 -0.13145
v 0.12637 1.39500 0.12696
v 0.14192 1.44488 -0.04551
v 0.13466 1.45389 0.03900
v 0.15227 -0.06300 0.06503
v 0.13054 0.04203 -0.23968
v 0.14618 0.04732 -0.22537
v 0.12948 0.13367 0.18071
v 0.14324 0.17045 -0.19840
v 0.14694 0.36584 0.12810
v 0.13730 0.37054 -0.19253
v 0.14050 0.46579 0.12129
v 0.14617 0.54426 -0.19674
v 0.14664 0.58890 0.10765
v 0.15984 0.60486 -0.16868
v 0.13213 0.64316 0.11655
v 0.13740 0.92832 -0.14574
v 0.14671 1.27251 0.14443
v 0.15285 0.06613 0.16689
v 0.13101 0.26270 -0.20307
v 0.14261 0.33499 0.13442
v 0.14492 0.47117 -0.19867
v 0.14395 0.73494 0.11391
v 0.12742 1.01293 0.15422
v 0.14685 1.32627 -0.12113
v 0.14678 1.43554 0.07430
v 0.14526 -0.06300 0.25030
v 0.14924 0.10425 -0.20212
v 0.14736 0.54471 0.11158
v 0.13826 0.79889 0.12766
v 0.13830 0.82658 0.13606
v 0.14512 1.34226 -0.11571
v 0.14510 0.01294 0.22583
v 0.13665 0.00800 0.24865
v 0.14994 0.07462 -0.20758
v 0.14746 0.22480 0.14486
v 0.14622 0.36206 -0.18451
v 0.15452 0.59092 0.11326
v 0.15059 0.69558 0.10969
v 0.14276 0.70154 -0.11867
v 0.12923 0.71666 0.11502
v 0.12338 1.02954 -0.16452
v 0.16414 1.07914 0.13034
v 0.14300 1.22361 0.13850
v 0.14773 1.41580 -0.06911
v 0.15688 1.44193 -0.01573
v 0.14493 -0.06300 -0.21561
v 0.14280 0.00801 -0.32595
v 0.13284 0.63773 0.11713
v 0.15780 0.78292 -0.12455
v 0.16623 0.86753 -0.12867
v 0.16696 0.81645 0.12722
v 0.16381 0.86451 0.14171
v 0.14138 0.87878 -0.14236
v 0.14420 0.88586 0.15073
v 0.14307 1.04066 -0.14427
v 0.13768 1.09450 0.13079
v 0.16214 1.08697 -0.10709
v 0.14540 1.16119 -0.11590
v 0.15380 1.19749 -0.11396
v 0.16123 1.25953 -0.12263
v 0.15604 1.43331 -0.04815
v 0.14898 1.44506 -0.03141
v 0.17482 -0.06087 0.33761
v 0.14521 0.00800 -0.28349
v 0.15949 0.06079 -0.20411
v 0.16312 0.07269 0.15682
v 0.15350 0.10955 -0.19876
v 0.14539 0.16676 0.15431
v 0.14528 0.26263 0.14231
v 0.15471 0.26837 0.13519
v 0.14320 0.30090 0.13928
v 0.15331 0.33756 -0.17860
v 0.17342 0.35219 -0.16192
v 0.14392 0.40699 0.12539
v 0.14712 0.39714 -0.18611
v 0.14404 0.41756 -0.19130
v 0.16178 0.44249 -0.17910
v 0.14903 0.48352 0.11695
v 0.14710 0.48937 -0.19892
v 0.15639 0.50319 0.11075
v 0.16709 0.54640 -0.18115
v 0.16136 0.58426 -0.17560
v 0.15218 0.58640 0.10370
v 0.16143 0.65384 -0.13041
v 0.16531 0.66823 -0.11774
v 0.14647 0.74157 0.11407
v 0.14655 0.73395 -0.10709
v 0.15709 0.93142 -0.13549
v 0.13963 0.94728 0.15598
v 0.15689 1.02612 -0.13336
v 0.14718 1.03869 -0.14030
v 0.16617 1.03622 -0.12479
v 0.15147 1.15719 0.12122
v 0.15922 1.17406 0.12393
v 0.14328 1.18650 0.13356
v 0.15103 1.34957 0.13895
v 0.16579 1.43549 -0.01321
v 0.16190 -0.06300 -0.23598
v 0.16594 -0.06300 -0.06348
v 0.14701 -0.06300 -0.06047
v 0.16532 -0.06300 0.01444
v 0.16121 -0.06300 0.09652
v 0.16680 -0.06300 0.14459
v 0.15638 -0.06300 0.25288
v 0.16232 -0.06213 0.33664
v 0.16519 -0.06233 -0.33631
v 0.16116 0.00800 -0.26603
v 0.17516 0.01092 0.22031
v 0.15388 0.05352 0.17529
v 0.14362 0.06087 -0.21883
v 0.14817 0.25509 -0.18992
v 0.15310 0.31517 0.13044
v 0.16417 0.38132 0.12023
v 0.14332 0.42904 0.12342
v 0.15705 0.51285 -0.19362
v 0.15834 0.63169 0.11034
v 0.13995 1.02512 0.14776
v 0.13563 1.04212 0.14421
v 0.16978 1.03469 0.14893
v 0.14554 1.09935 0.12972
v 0.15246 1.11812 -0.10312
v 0.16347 1.11988 -0.10955
v 0.15941 1.16943 -0.10293
v 0.15993 1.22646 -0.11718
v 0.15355 1.27802 -0.12913
v 0.14156 1.31827 0.14499
v 0.15516 1.35934 0.13208
v 0.15794 0.00629 0.33367
v 0.13654 0.00622 -0.33443
v 0.15817 0.05793 0.16095
v 0.16482 0.17976 -0.18386
v 0.15487 0.58932 0.10145
v 0.15464 0.84800 0.13989
v 0.16723 1.02964 0.14752
v 0.16816 1.25355 0.13678
v 0.16952 1.28959 -0.11414
v 0.15554 1.40651 -0.07274
v 0.16515 1.38597 0.11028
v 0.16584 1.42159 -0.05676
v 0.16094 1.44651 0.00510
v 0.15778 1.44530 0.03093
v 0.15544 -0.06300 0.01789
v 0.16425 0.00618 -0.33462
v 0.15645 0.13099 0.15272
v 0.15981 0.23925 -0.18298
v 0.16311 0.41179 0.11709
v 0.14630 0.76430 0.11852
v 0.16294 0.96048 0.14451
v 0.16102 1.00575 -0.13227
v 0.14728 0.00802 0.23350
v 0.16679 0.16438 0.14598
v 0.15775 0.17855 -0.18866
v 0.15427 0.30183 0.13147
v 0.16108 0.45991 0.11280
v 0.15737 0.76438 -0.09482
v 0.16428 0.01755 -0.24583
v 0.15435 0.21209 0.14279
v 0.15251 0.64058 -0.15423
v 0.16472 0.68767 0.10268
v 0.16216 1.41912 0.08559
v 0.16185 0.12645 -0.19128
v 0.16060 0.14698 -0.18976
v 0.15396 0.27335 -0.18474
v 0.15528 0.36752 -0.17517
v 0.15011 1.09845 0.12485
v 0.16849 1.13981 -0.09813
v 0.16262 1.29128 0.14479
v 0.16476 1.37055 -0.09444
v 0.16629 0.03430 -0.21792
v 0.17612 0.22850 0.13305
v 0.16783 0.25689 0.13297
v 0.16274 0.31609 0.12733
v 0.16088 0.47374 0.11120
v 0.16778 0.50909 0.09917
v 0.17603 0.52488 0.09243
v 0.17031 0.74929 -0.06964
v 0.16282 0.73953 0.10737
v 0.16304 0.72176 -0.09475
v 0.17029 0.97260 0.13819
v 0.17084 1.38622 -0.08049
v 0.15942 1.43731 0.05818
v 0.17115 -0.06300 -0.17687
v 0.16173 -0.06300 -0.13738
v 0.17466 -0.06300 0.22059
v 0.17050 0.27517 -0.17160
v 0.16703 0.32094 0.12480
v 0.16360 0.48056 -0.18591
v 0.17667 0.49572 -0.16902
v 0.16500 0.54306 0.09763
v 0.17205 0.67428 -0.10536
v 0.16804 0.69679 -0.09726
v 0.17082 0.72189 -0.07421
v 0.13937 0.77828 -0.10950
v 0.17697 0.98394 -0.12033
v 0.16830 1.01503 0.13287
v 0.17516 1.03903 0.11899
v 0.17018 1.09847 -0.09688
v 0.16065 1.32621 -0.11253
v 0.16983 1.42212 0.07244
v 0.17074 0.30294 -0.16893
v 0.16578 0.36479 0.12091
v 0.16507 0.44030 -0.17318
v 0.17024 0.61630 -0.14463
v 0.17097 0.67030 0.09912
v 0.16832 0.72364 0.10076
v 0.17607 0.75904 -0.09137
v 0.17041 0.77849 0.11198
v 0.16766 0.79863 -0.12330
v 0.16090 0.90059 0.14829
v 0.16896 0.93528 0.14323
v 0.17351 0.94240 -0.12418
v 0.17628 1.07895 0.12590
v 0.16155 1.21495 0.13054
v 0.15565 -0.06300 0.22580
v 0.16962 0.00800 -0.25924
v 0.15586 0.00822 -0.26833
v 0.17140 0.03799 -0.21230
v 0.16141 0.05197 0.16311
v 0.19233 0.04408 -0.19045
v 0.17139 0.07893 -0.19242
v 0.17527 0.16655 0.14259
v 0.17583 0.14643 -0.17608
v 0.17550 0.34297 -0.15877
v 0.16426 0.34028 -0.17110
v 0.17623 0.41106 -0.16025
v 0.15855 0.41350 -0.17550
v 0.16650 0.48692 0.10402
v 0.17358 0.61365 -0.14329
v 0.17530 0.58765 0.08567
v 0.17245 0.70950 -0.07212
v 0.17464 0.70238 -0.07027
v 0.17645 0.84486 -0.12295
v 0.17553 0.86473 -0.12466
v 0.17636 0.86875 0.13439
v 0.17387 1.03471 0.12769
v 0.16406 1.06966 -0.10869
v 0.18141 1.08365 -0.09619
v 0.19002 1.07428 0.12301
v 0.16064 1.14541 0.11670
v 0.17283 1.13615 0.09866
v 0.16510 1.15674 -0.09775
v 0.18573 1.24654 -0.09857
v 0.19674 1.38438 -0.07330
v 0.15422 1.44091 0.04067
v 0.13400 -0.01040 -0.33800
v 0.16341 0.03829 0.18149
v 0.15663 0.03323 0.20161
v 0.18580 0.20230 0.12876
v 0.17831 0.29252 -0.16100
v 0.17840 0.49871 0.09376
v 0.17860 0.52615 -0.16550
v 0.17725 0.55268 -0.16272
v 0.17197 0.53365 -0.17649
v 0.17579 0.60457 0.10304
v 0.17805 0.64529 -0.11699
v 0.17632 0.65846 -0.10977
v 0.18550 0.76482 -0.10407
v 0.17756 0.82430 0.12224
v 0.17957 0.88869 -0.12354
v 0.18096 0.90827 -0.12236
v 0.17583 0.96662 -0.12128
v 0.17828 1.09422 0.11835
v 0.17431 1.11468 0.10192
v 0.17410 1.20657 -0.09925
v 0.17761 1.26165 -0.10865
v 0.17416 1.35303 -0.09596
v 0.18110 1.40221 0.09185
v 0.18295 -0.06300 -0.32210
v 0.17962 -0.06300 -0.29329
v 0.15588 -0.06300 -0.27033
v 0.18503 -0.06300 -0.26136
v 0.17986 -0.06300 -0.22907
v 0.17855 -0.06300 -0.20523
v 0.18989 -0.06300 -0.17358
v 0.18988 -0.06300 -0.13942
v 0.17869 -0.06300 -0.12438
v 0.17855 -0.06300 -0.10733
v 0.19039 -0.06300 -0.02182
v 0.17855 -0.06300 -0.01713
v 0.17800 -0.06300 -0.00365
v 0.18089 -0.06300 0.07672
v 0.17844 -0.06300 0.09245
v 0.18608 -0.06300 0.11720
v 0.18020 -0.06300 0.16008
v 0.19140 -0.06300 0.18822
v 0.17855 -0.06300 0.19297
v 0.18057 -0.06300 0.30207
v 0.17710 0.28066 -0.16378
v 0.18376 0.34578 -0.14241
v 0.16506 0.43121 0.11246
v 0.17676 0.60229 0.08229
v 0.17684 0.66744 0.09261
v 0.17915 0.69351 0.08425
v 0.17927 0.85952 0.13028
v 0.17749 0.88362 0.13564
v 0.17972 0.92674 -0.12210
v 0.17368 1.04886 -0.11631
v 0.18717 1.10925 -0.09547
v 0.17797 1.16516 0.09830
v 0.18237 1.18560 0.11677
v 0.17580 1.21738 -0.10033
v 0.17950 1.23320 0.13104
v 0.15144 1.38970 0.11937
v 0.17690 0.00800 -0.32320
v 0.17468 0.00802 0.22484
v 0.17738 0.04023 0.16322
v 0.17535 0.19751 0.13853
v 0.17708 0.22193 -0.16811
v 0.18671 0.25083 -0.15256
v 0.17346 0.30410 0.12339
v 0.17617 0.38478 -0.15759
v 0.17944 0.45993 0.09784
v 0.18001 0.47517 0.09558
v 0.17812 0.64391 0.09482
v 0.17795 0.68968 -0.06975
v 0.17849 0.72059 0.08651
v 0.17716 0.76999 0.10273
v 0.18460 0.81867 -0.11522
v 0.17876 1.10279 -0.09240
v 0.17726 1.21041 0.12693
v 0.16816 1.27469 0.14031
v 0.18373 1.33028 -0.09850
v 0.17810 1.34015 -0.09850
v 0.18469 1.35808 -0.09109
v 0.18005 1.38310 -0.07985
v 0.19210 1.40272 -0.05577
v 0.17878 1.42305 -0.03665
v 0.17929 1.43548 0.00651
v 0.18974 -0.06300 -0.19133
v 0.19667 -0.06300 -0.06151
v 0.18606 -0.06300 -0.00556
v 0.19831 -0.06300 0.05866
v 0.18240 -0.06300 0.05712
v 0.19513 -0.06300 0.09101
v 0.21540 -0.06300 0.32360
v 0.18473 -0.06300 0.28526
v 0.17666 0.00800 -0.28815
v 0.18081 0.01150 -0.24020
v 0.17913 0.01801 0.20344
v 0.18041 0.03588 -0.20863
v 0.19624 0.03579 0.16035
v 0.18416 0.07553 0.15010
v 0.18542 0.10187 0.14641
v 0.17688 0.12122 -0.17884
v 0.18256 0.15997 -0.16680
v 0.17975 0.22404 0.13077
v 0.18334 0.31978 0.11148
v 0.19197 0.37274 0.09992
v 0.18642 0.49212 -0.15821
v 0.17810 0.53408 -0.16492
v 0.17969 0.59460 -0.14584
v 0.18047 0.60592 0.07727
v 0.18664 0.60598 -0.12866
v 0.19143 0.60817 0.08223
v 0.18288 0.64659 -0.10459
v 0.17601 0.67528 -0.09482
v 0.18359 0.74931 -0.07335
v 0.18485 0.83507 -0.11704
v 0.18207 0.95434 0.13018
v 0.17887 1.04786 0.13407
v 0.18107 1.13849 0.09342
v 0.19050 1.18405 -0.08787
v 0.17515 1.15446 0.11274
v 0.17145 1.30681 0.14065
v 0.18003 1.34565 0.13169
v 0.18112 1.36177 0.12162
v 0.17084 1.38477 0.10447
v 0.17258 1.42740 0.06229
v 0.18982 1.41929 -0.01817
v 0.18894 1.42624 0.03403
v 0.21106 -0.02555 -0.33800
v 0.17594 0.00751 -0.33260
v 0.18261 0.00800 -0.29381
v 0.19889 0.00829 0.19097
v 0.19560 0.02076 -0.21680
v 0.18042 0.09627 0.14942
v 0.18353 0.07958 -0.18108
v 0.18356 0.10529 -0.17496
v 0.18813 0.12483 -0.16551
v 0.18679 0.22068 -0.15539
v 0.18564 0.28155 0.11604
v 0.18451 0.29856 0.11389
v 0.18180 0.33621 0.11033
v 0.17908 0.36762 0.10815
v 0.18888 0.39329 -0.12987
v 0.18383 0.36846 -0.13929
v 0.17560 0.40775 0.10572
v 0.18441 0.47106 -0.15927
v 0.18434 0.50316 -0.16056
v 0.18332 0.53136 0.08505
v 0.18012 0.56873 0.08328
v 0.18302 0.60117 0.09025
v 0.18397 0.61403 0.06856
v 0.18664 0.62762 -0.11284
v 0.18284 0.66164 -0.07353
v 0.18274 0.65509 -0.07734
v 0.18304 0.65254 0.08486
v 0.18602 0.70742 -0.05880
v 0.18003 0.79872 0.11038
v 0.18762 0.97645 0.12118
v 0.18133 1.02005 0.12020
v 0.18429 1.05624 -0.10544
v 0.18294 1.09035 0.09957
v 0.17297 1.11235 0.09484
v 0.18340 1.18862 0.10051
v 0.18735 1.19960 -0.09086
v 0.18684 1.27988 -0.10092
v 0.18141 1.31692 0.13702
v 0.18986 1.39832 0.09115
v 0.18372 -0.06274 -0.33472
v 0.20092 -0.06300 0.24876
v 0.19332 -0.06150 0.33713
v 0.20000 -0.06163 -0.33692
v 0.18866 0.12768 0.13999
v 0.18590 0.28040 -0.15049
v 0.18379 0.36245 -0.13995
v 0.18637 0.45696 -0.15142
v 0.18820 0.52791 -0.15464
v 0.19195 0.51673 0.07705
v 0.19012 0.56302 -0.14308
v 0.18379 0.57750 0.07711
v 0.19064 0.61844 -0.08519
v 0.19349 0.70837 0.06855
v 0.19102 0.88941 0.12391
v 0.18451 0.92867 0.13067
v 0.18836 0.95178 0.12404
v 0.18923 1.00662 -0.11208
v 0.20130 1.04613 0.10252
v 0.18363 1.04253 0.11318
v 0.19254 1.41484 0.06511
v 0.18313 1.42725 0.03740
v 0.19091 -0.06300 -0.27460
v 0.16283 0.00800 0.22859
v 0.19015 0.00640 0.33239
v 0.19276 0.34809 -0.12992
v 0.19415 0.50188 -0.12572
v 0.19037 0.54977 0.07236
v 0.18244 0.75263 0.08826
v 0.19208 0.77034 0.08418
v 0.19449 0.83777 -0.10999
v 0.18515 1.06891 -0.09920
v 0.20131 -0.06300 -0.02674
v 0.19740 -0.06300 0.21788
v 0.18984 0.00800 0.26182
v 0.19196 0.05908 -0.17884
v 0.18585 0.19215 -0.15947
v 0.19375 0.19574 -0.15065
v 0.19357 0.45599 -0.12501
v 0.19122 0.57917 -0.13229
v 0.19264 1.07704 0.10071
v 0.19582 1.23424 0.11637
v 0.19837 0.27800 -0.13423
v 0.19370 0.32467 0.10542
v 0.18701 0.41401 -0.13225
v 0.19047 0.49367 -0.15076
v 0.18900 0.62964 0.05272
v 0.19040 0.67744 0.07414
v 0.17948 0.77544 -0.11150
v 0.19602 1.26734 0.13123
v 0.19599 1.30463 0.13451
v 0.19383 1.35112 0.11343
v 0.19801 -0.06300 -0.10495
v 0.18915 -0.06300 0.24474
v 0.19772 -0.06250 0.33566
v 0.18572 0.00801 -0.24303
v 0.18624 0.02433 0.17331
v 0.18946 0.10437 -0.16828
v 0.20246 0.09023 -0.15678
v 0.19161 0.16293 -0.15714
v 0.19958 0.32746 0.10045
v 0.19532 0.55884 -0.11483
v 0.19543 0.54140 -0.11447
v 0.18929 0.59703 0.05947
v 0.19921 0.64417 0.04265
v 0.19342 0.68922 -0.05220
v 0.19095 0.80709 0.10005
v 0.19261 0.85527 0.11517
v 0.20114 1.04382 0.12617
v 0.20053 1.25217 0.11639
v 0.18201 1.42805 -0.00887
v 0.19238 0.14365 0.13250
v 0.20703 0.15578 -0.13983
v 0.20242 0.22069 -0.13624
v 0.19812 0.39237 0.09055
v 0.19126 0.41676 0.09411
v 0.19927 0.55445 -0.10455
v 0.20197 0.56971 0.03365
v 0.20025 0.63222 -0.06518
v 0.20060 0.62155 0.06844
v 0.19137 0.69591 0.07113
v 0.19457 0.72375 -0.03590
v 0.19958 0.74453 -0.06591
v 0.20347 0.80669 -0.08917
v 0.19087 0.78847 -0.10262
v 0.18951 0.91112 0.12655
v 0.20215 0.93963 0.11439
v 0.19491 0.95232 -0.10919
v 0.20085 1.37039 0.10484
v 0.19270 1.41527 0.04744
v 0.21177 1.41560 0.00945
v 0.20629 0.06564 -0.15799
v 0.19200 0.22147 0.12237
v 0.20492 0.31762 -0.12394
v 0.20612 0.35939 -0.11730
v 0.19517 0.46792 0.08184
v 0.19523 0.49037 0.07771
v 0.20263 0.58396 0.02536
v 0.20349 0.63332 0.05740
v 0.19688 0.65215 -0.06067
v 0.19252 0.72278 0.07093
v 0.20339 0.84086 0.10135
v 0.19606 0.87333 -0.11241
v 0.20318 1.04837 0.10295
v 0.21265 1.06220 -0.08775
v 0.19503 1.13852 0.09302
v 0.19275 1.34889 -0.09096
v 0.20137 -0.06300 -0.21847
v 0.20505 -0.06300 -0.11114
v 0.20378 -0.06300 0.12890
v 0.19569 -0.06300 0.15657
v 0.21682 -0.06300 0.20014
v 0.20004 0.00804 0.19072
v 0.18672 0.00800 0.22642
v 0.20529 0.13607 0.12661
v 0.20473 0.18540 -0.13802
v 0.20534 0.29053 -0.12683
v 0.20368 0.46481 -0.11513
v 0.19963 0.52030 0.05466
v 0.20207 0.57449 0.02852
v 0.19454 0.59019 -0.09430
v 0.20193 0.60779 -0.07597
v 0.20300 0.63182 0.05909
v 0.20173 0.63432 0.05425
v 0.19292 0.65454 0.07471
v 0.19803 0.67457 -0.04246
v 0.20259 0.65662 0.00477
v 0.19850 0.67360 0.01477
v 0.20751 0.68604 0.00795
v 0.20572 0.78349 -0.07045
v 0.20322 0.78187 0.07437
v 0.20404 0.81849 0.09127
v 0.20785 0.83493 -0.09262
v 0.20610 0.88685 0.10992
v 0.20784 0.89751 0.10987
v 0.19226 0.92162 0.12373
v 0.19634 0.99929 0.11303
v 0.19270 1.03573 -0.10546
v 0.20143 1.05819 -0.09472
v 0.22322 1.07326 -0.07973
v 0.20566 1.20755 -0.08376
v 0.20347 1.25910 -0.09211
v 0.19835 1.26661 0.12761
v 0.18863 1.25657 -0.09850
v 0.18591 1.31312 -0.10005
v 0.20599 1.30857 -0.09298
v 0.21503 1.32616 -0.08818
v 0.20863 1.33361 -0.08927
v 0.19282 1.41551 -0.03403
v 0.20137 0.00801 -0.23302
v 0.20569 0.01758 0.17351
v 0.20694 0.04169 -0.17761
v 0.20149 0.09860 0.13265
v 0.20629 0.11867 0.12808
v 0.20700 0.14202 0.12473
v 0.20380 0.20239 -0.13695
v 0.20044 0.24377 0.11384
v 0.20776 0.26571 -0.12732
v 0.19967 0.35848 0.09481
v 0.19935 0.42118 0.08364
v 0.20387 0.39889 -0.11669
v 0.20309 0.48094 -0.11546
v 0.20262 0.48289 0.05603
v 0.20063 0.51543 -0.11543
v 0.21079 0.51971 -0.09958
v 0.20549 0.51802 0.04143
v 0.20121 0.55246 0.04361
v 0.20664 0.54224 0.02457
v 0.20411 0.61297 0.00876
v 0.20417 0.63756 -0.04765
v 0.20198 0.63977 0.00881
v 0.20571 0.66056 -0.02730
v 0.20840 0.66388 0.03214
v 0.20175 0.68920 0.04650
v 0.20152 0.68905 0.00200
v 0.20233 0.69825 0.04333
v 0.20202 0.71223 -0.02119
v 0.20529 0.72599 0.03511
v 0.20771 0.75797 0.04598
v 0.20534 0.74475 -0.05530
v 0.19669 0.75399 0.07296
v 0.19506 0.77807 -0.09382
v 0.20455 0.85827 0.10521
v 0.20481 0.91486 0.11306
v 0.19421 0.91343 -0.11372
v 0.20459 1.08252 0.09704
v 0.20957 1.08181 0.09646
v 0.18897 1.10168 -0.09450
v 0.21005 1.10480 -0.08911
v 0.20627 1.22192 -0.08526
v 0.21246 1.22591 0.10366
v 0.20624 1.30263 0.11532
v 0.20525 1.31726 0.11502
v 0.20173 1.39502 -0.05523
v 0.20399 1.40258 -0.04352
v 0.18761 -0.06300 0.02816
v 0.20211 0.00773 -0.33190
v 0.20550 0.00800 0.32470
v 0.20557 0.04198 0.15088
v 0.20098 0.06221 -0.16631
v 0.20844 0.05522 -0.16125
v 0.20760 0.12160 -0.14474
v 0.20691 0.17715 -0.13714
v 0.20480 0.30112 0.10038
v 0.20536 0.31327 0.09659
v 0.20749 0.39214 0.07157
v 0.20443 0.42645 0.07039
v 0.20565 0.56700 -0.09083
v 0.20600 0.64926 -0.00230
v 0.20763 0.65431 0.03707
v 0.20725 0.65844 -0.02083
v 0.20436 0.70086 -0.00852
v 0.20559 0.70730 0.03031
v 0.19005 0.73354 -0.04821
v 0.20927 0.73295 -0.04358
v 0.20444 0.77607 0.06836
v 0.20354 0.91309 -0.10519
v 0.19339 0.94570 -0.11134
v 0.20038 1.13397 0.09176
v 0.21339 1.17051 0.09365
v 0.19133 1.21337 0.10397
v 0.20230 1.21149 0.10242
v 0.20272 1.26987 0.11240
v 0.20708 1.26966 -0.09125
v 0.20508 1.37840 0.09862
v 0.20781 1.38686 -0.05873
v 0.19974 1.40340 0.07511
v 0.20425 1.40642 -0.03593
v 0.21751 1.40365 -0.01156
v 0.21472 -0.06300 0.06674
v 0.20923 -0.06300 0.08449
v 0.20990 -0.06300 0.11295
v 0.20880 -0.06300 0.21360
v 0.22970 -0.06300 0.32800
v 0.20315 0.00399 -0.33679
v 0.18891 0.00773 -0.33190
v 0.21190 0.00800 -0.22548
v 0.20887 0.00800 0.19831
v 0.21053 0.00800 0.20069
v 0.20687 0.00800 0.28264
v 0.21001 0.01038 -0.22250
v 0.20783 0.02877 0.16161
v 0.19323 0.05061 0.15198
v 0.22542 0.02133 -0.18590
v 0.23852 0.02308 -0.16359
v 0.21990 0.03714 -0.16498
v 0.20701 0.06833 0.13229
v 0.21159 0.11599 -0.14109
v 0.20794 0.14365 -0.14039
v 0.20563 0.24349 0.10955
v 0.20779 0.24249 -0.12958
v 0.20570 0.34268 0.08984
v 0.20578 0.36847 0.08327
v 0.20635 0.37772 0.07933
v 0.20750 0.37804 -0.11430
v 0.20668 0.53379 0.02749
v 0.21231 0.50929 -0.09845
v 0.20608 0.58205 0.01423
v 0.20713 0.61226 -0.06078
v 0.20717 0.63889 -0.03278
v 0.20760 0.65239 -0.01076
v 0.20653 0.66616 -0.00945
v 0.20826 0.66264 0.02947
v 0.20913 0.67682 0.01884
v 0.20679 0.71019 0.01330
v 0.20861 0.73954 -0.00327
v 0.20742 0.73498 0.01395
v 0.20737 0.77470 0.06028
v 0.20346 0.75771 0.05972
v 0.20662 0.77850 -0.06319
v 0.21518 0.86101 -0.08883
v 0.21489 0.87151 -0.09137
v 0.21903 0.96924 -0.08442
v 0.20177 0.98285 0.10869
v 0.20712 0.97903 0.10312
v 0.20952 0.98893 0.09935
v 0.20513 0.99919 -0.09861
v 0.21549 1.01884 0.09165
v 0.22411 1.03390 -0.08352
v 0.21790 1.08355 -0.08635
v 0.20022 1.13534 -0.08475
v 0.21057 1.15479 -0.07712
v 0.20554 1.25260 -0.09025
v 0.20966 1.26135 -0.08883
v 0.21206 1.28950 -0.09018
v 0.20021 1.34040 0.11501
v 0.21420 1.38725 0.08265
v 0.21621 -0.06300 -0.23196
v 0.21867 -0.06300 -0.15404
v 0.22475 -0.06300 -0.07863
v 0.20791 -0.06300 -0.07343
v 0.22630 -0.06120 -0.33531
v 0.22094 -0.00017 -0.33770
v 0.21230 0.07935 -0.14793
v 0.21503 0.09103 -0.14187
v 0.21210 0.14344 0.12062
v 0.20336 0.16115 -0.14393
v 0.21119 0.17565 -0.13391
v 0.21001 0.18969 0.11473
v 0.20422 0.23586 0.11227
v 0.20620 0.26316 0.10547
v 0.21289 0.25706 -0.12336
v 0.21638 0.27937 -0.11732
v 0.21220 0.26896 0.09613
v 0.21085 0.29627 -0.12084
v 0.21102 0.33095 0.08128
v 0.20760 0.35305 0.08312
v 0.21346 0.35207 0.06454
v 0.21301 0.39438 -0.10654
v 0.20696 0.41011 0.06711
v 0.21031 0.41401 -0.10907
v 0.20584 0.44512 0.05786
v 0.20678 0.45947 -0.11163
v 0.20884 0.46271 0.04764
v 0.21076 0.46693 0.04213
v 0.20786 0.48942 0.04336
v 0.21099 0.50303 -0.10177
v 0.21023 0.53461 -0.09582
v 0.20671 0.54973 -0.09662
v 0.20865 0.55425 0.01412
v 0.21199 0.55311 -0.08497
v 0.20599 0.59653 0.00828
v 0.21083 0.59492 -0.00291
v 0.21015 0.62690 -0.00991
v 0.20992 0.62396 -0.03201
v 0.20873 0.74881 0.01157
v 0.21089 0.76718 -0.05054
v 0.20791 0.86814 0.10432
v 0.20736 0.88800 -0.10177
v 0.20964 0.90605 -0.09931
v 0.21517 0.94211 -0.09020
v 0.21053 0.97579 0.09897
v 0.21010 0.99767 0.09834
v 0.20737 1.12219 -0.08439
v 0.21847 1.14513 -0.07020
v 0.21077 1.37964 0.09430
v 0.20944 1.40260 0.06097
v 0.20866 1.41553 0.02755
v 0.20899 -0.06300 -0.27183
v 0.22392 -0.06300 -0.18734
v 0.21087 -0.06300 -0.19328
v 0.22256 -0.06300 -0.02936
v 0.20494 0.05538 0.13996
v 0.21203 0.06518 0.13031
v 0.21158 0.17314 0.11624
v 0.21419 0.20191 0.10811
v 0.21743 0.22949 -0.12219
v 0.21081 0.32206 0.08491
v 0.21001 0.39249 0.06119
v 0.21577 0.43635 -0.09929
v 0.21177 0.48929 -0.10226
v 0.21087 0.49382 0.02564
v 0.21232 0.49280 0.02034
v 0.21064 0.54905 0.00645
v 0.20883 0.57210 -0.08275
v 0.21096 0.58783 -0.06731
v 0.20909 0.71277 -0.01868
v 0.21584 0.77891 0.00455
v 0.20932 0.75183 0.02889
v 0.20854 0.74158 -0.04705
v 0.21395 0.77693 0.02356
v 0.21352 0.80120 0.06424
v 0.21321 0.77993 0.04320
v 0.21481 0.78892 -0.05177
v 0.21825 0.82193 -0.06066
v 0.20983 0.82131 -0.08358
v 0.21021 0.83004 0.08825
v 0.22233 0.89265 -0.08359
v 0.21135 0.89886 0.10511
v 0.21204 0.93003 0.10430
v 0.20899 0.96698 0.10248
v 0.21642 1.02416 -0.08953
v 0.20995 1.10069 0.09241
v 0.21538 1.12234 -0.07858
v 0.20827 1.18172 -0.08006
v 0.21973 1.18762 0.09382
v 0.22147 1.20680 0.09709
v 0.21485 1.22923 -0.08024
v 0.22339 1.31620 0.11080
v 0.21161 1.36075 -0.07775
v 0.21680 1.37584 -0.06094
v 0.22201 1.38754 -0.04435
v 0.20852 1.40636 -0.02016
v 0.22732 1.39803 0.04194
v 0.22079 -0.06300 -0.11624
v 0.22139 0.05471 -0.14553
v 0.21708 0.08940 0.12485
v 0.21385 0.29374 -0.11811
v 0.21950 0.31180 -0.10909
v 0.21345 0.31615 0.07952
v 0.21207 0.36843 0.06302
v 0.21519 0.45950 0.02131
v 0.21222 0.57994 -0.00308
v 0.21074 0.60323 -0.04260
v 0.21490 0.57263 -0.04636
v 0.21046 0.63315 -0.02019
v 0.21288 0.74465 -0.01703
v 0.21799 0.76877 -0.01818
v 0.21554 0.79300 -0.05209
v 0.21471 0.84776 0.08861
v 0.21610 0.93125 -0.09057
v 0.22342 1.01744 -0.08368
v 0.21357 1.06388 0.09894
v 0.21080 1.16289 -0.07750
v 0.21994 1.30264 -0.08572
v 0.22429 -0.06300 -0.12653
v 0.22353 -0.06300 0.09772
v 0.22034 -0.06300 0.24149
v 0.21988 0.15517 -0.12956
v 0.21310 0.22621 0.10430
v 0.21261 0.35039 -0.11166
v 0.21790 0.36699 0.05178
v 0.21822 0.35466 -0.10374
v 0.21383 0.41730 0.04771
v 0.21666 0.42366 0.03273
v 0.21139 0.45412 0.04336
v 0.22023 0.47237 -0.08554
v 0.21311 0.50364 0.01425
v 0.21778 0.48358 -0.09024
v 0.21687 0.53931 -0.07894
v 0.21680 0.52060 -0.00451
v 0.21694 0.57320 -0.03766
v 0.21587 0.78696 0.03993
v 0.21759 0.83481 -0.07304
v 0.21534 0.86128 0.09210
v 0.22254 0.94418 -0.08054
v 0.21431 1.35199 -0.08078
v 0.20345 0.00800 0.21264
v 0.22024 0.14088 0.11337
v 0.22155 0.35961 0.04293
v 0.21828 0.41325 0.02726
v 0.21860 0.44832 -0.09255
v 0.21582 0.49736 0.00225
v 0.21976 0.52743 -0.05106
v 0.21676 0.54652 -0.00910
v 0.21672 0.57013 -0.01535
v 0.21833 0.57179 -0.03110
v 0.21306 0.83736 -0.08487
v 0.21449 0.87955 0.09847
v 0.21712 0.93868 0.09573
v 0.22350 1.10346 0.08658
v 0.22949 -0.06300 -0.14746
v 0.22485 -0.06300 -0.05160
v 0.22234 -0.06300 0.04467
v 0.22439 -0.06300 0.15182
v 0.22241 -0.06300 0.27389
v 0.21771 0.01425 -0.20884
v 0.22947 0.00819 0.17390
v 0.22834 0.00824 -0.20777
v 0.21980 0.06169 -0.14328
v 0.22712 0.13034 -0.12689
v 0.23101 0.09091 0.11004
v 0.22088 0.18903 -0.12409
v 0.21834 0.24788 0.08820
v 0.22162 0.25553 0.07222
v 0.21923 0.28225 0.07050
v 0.22460 0.36871 -0.08965
v 0.21946 0.40891 -0.09516
v 0.22306 0.43855 -0.08090
v 0.21562 0.45022 0.02372
v 0.22009 0.45304 -0.08807
v 0.21846 0.46501 0.00185
v 0.22063 0.46122 -0.00369
v 0.22158 0.49861 -0.05341
v 0.22252 0.51539 -0.04384
v 0.21949 0.53513 -0.06601
v 0.22157 0.50392 -0.06198
v 0.22359 0.50993 -0.02783
v 0.22161 0.52562 -0.04290
v 0.22047 0.54983 -0.02798
v 0.22068 0.78867 -0.03300
v 0.21616 0.76885 -0.03498
v 0.22327 0.80796 0.00946
v 0.22245 0.81984 0.05025
v 0.22618 0.85637 -0.05998
v 0.22435 0.84530 0.06481
v 0.21372 0.89232 -0.09529
v 0.22197 0.92329 -0.08431
v 0.21776 0.96595 0.08828
v 0.21871 0.98662 0.08536
v 0.22571 1.11034 -0.07342
v 0.23469 1.11419 -0.06466
v 0.21909 1.11833 0.08520
v 0.21649 1.16879 0.09115
v 0.23140 1.19658 -0.05977
v 0.22176 1.20482 -0.06965
v 0.21535 1.23170 -0.08032
v 0.22635 1.33530 -0.07635
v 0.21702 1.34557 0.10826
v 0.22060 1.36696 0.09643
v 0.22577 -0.06300 -0.26125
v 0.23172 -0.06300 -0.01733
v 0.23125 0.09578 -0.12900
v 0.22325 0.08968 0.11993
v 0.22384 0.24000 0.07259
v 0.22634 0.28384 0.05682
v 0.22345 0.28739 -0.10699
v 0.21678 0.31714 0.06660
v 0.22663 0.28555 -0.10231
v 0.22545 0.32209 0.04517
v 0.22707 0.32405 0.03337
v 0.22679 0.38980 -0.07717
v 0.22469 0.47627 -0.02251
v 0.22293 0.52167 -0.03267
v 0.22267 0.79748 -0.03399
v 0.22225 0.78816 -0.02167
v 0.22351 0.81492 -0.04542
v 0.22289 0.82935 0.05754
v 0.21778 0.82196 0.06796
v 0.23271 0.85439 -0.04481
v 0.22368 0.87292 -0.07569
v 0.22330 0.87095 0.07957
v 0.22476 0.86745 -0.07117
v 0.22137 0.90456 0.09019
v 0.22406 1.15332 -0.06519
v 0.22398 1.21292 0.09723
v 0.22738 1.26872 -0.07546
v 0.22386 1.39076 -0.03363
v 0.22737 1.39149 -0.01749
v 0.21292 0.00803 0.18128
v 0.22221 0.06141 0.12488
v 0.23173 0.06644 0.11389
v 0.22575 0.24919 -0.10954
v 0.22636 0.24973 0.06579
v 0.22528 0.31030 0.05061
v 0.22588 0.34291 -0.09197
v 0.22550 0.34829 0.02864
v 0.22573 0.35785 -0.08900
v 0.22328 0.35911 0.03177
v 0.22448 0.37860 0.01990
v 0.22797 0.38131 -0.07054
v 0.22428 0.43017 -0.07647
v 0.22147 0.43258 0.00311
v 0.22418 0.45777 -0.06357
v 0.22521 0.43330 -0.05822
v 0.22376 0.46063 -0.05602
v 0.22499 0.48776 -0.03013
v 0.22433 0.81502 0.02112
v 0.22611 0.82635 0.03787
v 0.22930 0.84731 0.04871
v 0.22513 0.85879 0.07047
v 0.22454 0.92578 0.08217
v 0.22777 1.01369 -0.07890
v 0.22884 1.04283 -0.07937
v 0.22599 1.05682 -0.08058
v 0.22837 1.07029 -0.07656
v 0.21516 1.13110 0.08602
v 0.23296 1.22554 -0.06192
v 0.23432 1.26972 -0.06878
v 0.22010 1.25976 0.10787
v 0.22455 1.35651 -0.06775
v 0.23235 1.35228 0.09364
v 0.22320 1.39020 0.05578
v 0.21766 1.39710 0.05273
v 0.21612 -0.06300 -0.30137
v 0.22997 -0.06300 -0.20454
v 0.24892 -0.06300 -0.14500
v 0.22774 -0.06300 -0.09871
v 0.22760 -0.06300 0.02087
v 0.22920 -0.06300 0.18320
v 0.21693 -0.06300 0.17907
v 0.22730 -0.06300 0.22697
v 0.23379 -0.06300 0.27772
v 0.22490 -0.06216 0.33627
v 0.26918 -0.06155 -0.33682
v 0.20648 0.00220 0.33578
v 0.23754 0.00811 -0.19821
v 0.21725 0.04302 0.13700
v 0.22554 0.03187 0.14219
v 0.23442 0.03868 -0.14789
v 0.22553 0.17464 0.09601
v 0.22796 0.20718 -0.11332
v 0.22883 0.36294 0.00652
v 0.22745 0.37124 0.00811
v 0.22649 0.40255 -0.00214
v 0.22802 0.38845 -0.06179
v 0.22417 0.44914 -0.01173
v 0.22833 0.42992 -0.02252
v 0.22583 0.48264 -0.03710
v 0.22731 0.44320 -0.02350
v 0.22700 0.46221 -0.03372
v 0.23047 0.82337 -0.02598
v 0.23050 0.83215 0.00734
v 0.23504 0.84055 -0.02480
v 0.23002 0.83818 0.02631
v 0.23193 0.84784 0.03228
v 0.22966 0.87713 -0.05928
v 0.22973 0.87023 0.06162
v 0.22495 0.88530 0.07974
v 0.23181 0.88667 -0.05756
v 0.23216 0.90380 -0.05974
v 0.22535 0.91165 0.08139
v 0.22753 0.92812 -0.07219
v 0.22457 0.95870 0.07509
v 0.22242 0.98230 -0.08164
v 0.22211 0.99527 0.07867
v 0.23503 1.02956 -0.07097
v 0.22923 1.04066 0.06909
v 0.22524 1.07491 0.09367
v 0.22751 1.08288 -0.08829
v 0.23690 1.13978 0.06881
v 0.23013 1.18749 0.08140
v 0.24113 1.27224 -0.06185
v 0.22194 1.27559 -0.08205
v 0.23224 1.36243 -0.05562
v 0.22373 1.37381 -0.05585
v 0.22118 1.40653 -0.00183
v 0.22504 -0.06300 0.11665
v 0.23074 -0.02163 -0.33800
v 0.22221 0.02466 0.15697
v 0.23510 0.02718 -0.16168
v 0.23737 0.08365 -0.12528
v 0.22768 0.16532 0.09460
v 0.22569 0.16934 -0.12221
v 0.22411 0.21038 0.08555
v 0.21668 0.24686 0.09270
v 0.22895 0.19538 -0.11416
v 0.23223 0.19664 0.06812
v 0.22573 0.21952 0.07389
v 0.23329 0.24899 -0.09639
v 0.23119 0.26224 0.05200
v 0.23165 0.28733 -0.09140
v 0.23037 0.29965 0.03248
v 0.22941 0.33990 -0.08232
v 0.22997 0.40944 -0.04921
v 0.22595 0.80272 -0.01294
v 0.23091 0.83664 -0.03846
v 0.23132 0.96022 -0.05739
v 0.23248 0.92174 -0.05788
v 0.23298 0.98451 -0.05673
v 0.23245 1.15188 -0.05710
v 0.23042 1.24255 0.10058
v 0.23039 1.30572 0.10779
v 0.22263 1.34339 0.10750
v 0.23367 1.37888 -0.03255
v 0.23119 -0.06233 -0.33631
v 0.21656 0.00247 0.33716
v 0.21353 0.00626 -0.33460
v 0.21097 0.00793 -0.32814
v 0.22037 0.00800 -0.27081
v 0.23030 0.00800 -0.23560
v 0.23023 0.01853 -0.18471
v 0.22657 0.04318 -0.14972
v 0.23450 0.08748 0.10368
v 0.23500 0.11675 -0.12158
v 0.23341 0.14966 -0.11703
v 0.23806 0.21104 0.05392
v 0.23211 0.30650 -0.08467
v 0.23212 0.33951 -0.06491
v 0.23011 0.42188 -0.04079
v 0.22983 0.41191 -0.02051
v 0.23153 0.87730 0.05882
v 0.22864 0.89773 0.07306
v 0.23127 0.91799 0.06616
v 0.23064 0.98767 0.05790
v 0.22869 0.99348 -0.07305
v 0.22265 1.04824 0.09812
v 0.23843 1.06350 -0.07234
v 0.23327 1.08204 0.08627
v 0.23110 1.10646 0.07714
v 0.23642 1.10445 -0.06787
v 0.22498 1.14109 0.07736
v 0.23644 1.15548 0.07087
v 0.22634 1.15952 0.07917
v 0.23522 1.16580 0.07380
v 0.23334 1.19954 -0.05758
v 0.23329 1.20968 -0.05903
v 0.22771 1.25566 0.10441
v 0.23320 1.33777 0.10115
v 0.23093 1.37623 -0.04363
v 0.22134 1.40583 0.03186
v 0.23203 1.39360 -0.00721
v 0.24049 -0.06300 -0.27599
v 0.23651 -0.06300 -0.25008
v 0.24430 -0.06300 -0.22851
v 0.23520 -0.06300 -0.22200
v 0.24911 -0.06300 -0.20221
v 0.23692 -0.06300 -0.21007
v 0.23658 -0.06300 -0.17869
v 0.24287 -0.06300 -0.10578
v 0.24408 -0.06300 -0.07164
v 0.23658 -0.06300 -0.05769
v 0.23728 -0.06300 -0.04578
v 0.24969 -0.06300 0.05589
v 0.23575 -0.06300 0.04337
v 0.23548 -0.06300 0.05946
v 0.23436 -0.06300 0.10076
v 0.24909 -0.06300 0.14034
v 0.23825 -0.06300 0.18131
v 0.23878 -0.06300 0.24105
v 0.23182 -0.06150 0.33713
v 0.12396 -0.00545 0.33800
v 0.14242 0.00312 0.33659
v 0.23520 0.00800 -0.31660
v 0.23683 0.00800 -0.20667
v 0.22882 0.00705 0.33312
v 0.24931 0.01298 -0.17008
v 0.23559 0.01790 -0.17726
v 0.23529 0.05126 0.11800
v 0.23899 0.05402 -0.13225
v 0.23200 0.06398 0.11457
v 0.23341 0.10640 -0.12506
v 0.23765 0.13092 0.07576
v 0.23212 0.17643 -0.11359
v 0.23529 0.19108 -0.10542
v 0.22847 0.21880 -0.11091
v 0.23558 0.21344 -0.09957
v 0.23343 0.21343 0.03562
v 0.23517 0.21727 0.04668
v 0.23544 0.22044 0.04751
v 0.23384 0.22172 -0.10119
v 0.23819 0.24345 -0.08532
v 0.23080 0.24420 0.05957
v 0.23733 0.28882 -0.06807
v 0.23844 0.33944 -0.01550
v 0.23261 0.36685 -0.05507
v 0.23524 0.36879 -0.04258
v 0.22939 0.39807 -0.00976
v 0.23047 0.41783 -0.03042
v 0.23388 0.84311 0.00594
v 0.23607 0.85447 0.00717
v 0.23736 0.86630 0.02171
v 0.23582 0.88182 0.04460
v 0.23490 0.86759 -0.04533
v 0.23020 0.93641 0.06609
v 0.22744 0.96506 0.06690
v 0.23919 0.98792 -0.04526
v 0.22700 1.00356 0.06962
v 0.23362 1.03668 0.06101
v 0.21722 1.04557 0.08968
v 0.23462 1.07657 0.08718
v 0.24497 1.06636 -0.07452
v 0.23455 1.13298 -0.05774
v 0.23656 1.15320 -0.05120
v 0.23162 1.18597 -0.05862
v 0.23870 1.17602 0.07227
v 0.23276 1.20795 0.08530
v 0.23383 1.29633 0.10582
v 0.24091 1.31179 -0.06414
v 0.24446 1.34160 -0.05269
v 0.22652 1.38386 0.07489
v 0.23421 1.37567 0.06449
v 0.23377 1.37796 0.05651
v 0.23670 1.39116 0.03401
v 0.25995 -0.00875 -0.33800
v 0.22410 0.00531 0.33448
v 0.23779 0.00800 -0.23690
v 0.23537 0.01428 0.16072
v 0.23340 0.02317 0.14588
v 0.23106 0.04876 0.12440
v 0.24130 0.06505 -0.12541
v 0.23518 0.09143 0.10116
v 0.23445 0.15746 0.07409
v 0.23931 0.14185 0.06941
v 0.24341 0.15577 -0.09992
v 0.23731 0.16807 -0.10740
v 0.23181 0.17716 0.07387
v 0.23844 0.19282 0.05627
v 0.23697 0.21087 0.02136
v 0.23379 0.27066 0.03323
v 0.23592 0.26665 0.02714
v 0.23533 0.28364 0.02224
v 0.23700 0.27570 -0.07802
v 0.23270 0.31775 0.01475
v 0.23752 0.29041 -0.06502
v 0.23077 0.34532 0.00792
v 0.23435 0.38010 -0.02877
v 0.23610 0.85366 -0.03266
v 0.24351 0.90144 -0.02289
v 0.23731 0.89468 -0.04651
v 0.23705 0.91946 -0.04848
v 0.23664 0.90932 0.04844
v 0.23717 1.00571 0.04616
v 0.23520 1.00872 0.05159
v 0.23774 1.01428 -0.05781
v 0.23496 1.03666 0.05933
v 0.24043 1.05540 -0.06378
v 0.23782 1.14498 -0.04928
v 0.23536 1.20257 0.08093
v 0.23954 1.20298 -0.04818
v 0.23804 1.23762 0.08965
v 0.23514 1.33272 0.10163
v 0.24081 1.35838 -0.04695
v 0.23849 -0.06300 0.00457
v 0.24745 -0.06264 -0.33529
v 0.22652 0.00800 0.28409
v 0.23598 0.03045 -0.15555
v 0.23662 0.05254 0.11475
v 0.23502 0.11244 0.09515
v 0.24200 0.10430 -0.11584
v 0.23622 0.12127 -0.11924
v 0.23775 0.20381 -0.09755
v 0.24058 0.21353 -0.08799
v 0.24418 0.20967 0.01244
v 0.23542 0.22452 0.05428
v 0.23949 0.22041 0.03482
v 0.23753 0.28797 0.00637
v 0.24149 0.25761 0.00593
v 0.23689 0.31325 0.00087
v 0.24229 0.30167 -0.04900
v 0.23893 0.33828 -0.04261
v 0.23750 0.35000 -0.02070
v 0.23769 0.85306 -0.02023
v 0.23732 0.85161 -0.00384
v 0.23687 0.88543 0.04194
v 0.23770 0.91438 0.04618
v 0.24098 0.91048 -0.03649
v 0.23879 0.95073 -0.04032
v 0.23682 0.95185 0.03955
v 0.23956 0.97855 0.02907
v 0.23702 0.98501 0.03971
v 0.23839 0.98760 0.03693
v 0.23471 0.99570 -0.05672
v 0.24008 1.08193 -0.07468
v 0.24260 1.19002 0.07075
v 0.23671 1.26137 0.09965
v 0.24499 1.29153 -0.05963
v 0.23855 1.30481 0.10290
v 0.24370 1.37663 -0.01399
v 0.23989 1.39119 0.00962
v 0.23922 1.38989 0.02109
v 0.24437 -0.06300 -0.16708
v 0.23302 0.00800 0.25398
v 0.24528 0.01274 0.15131
v 0.24499 0.18941 0.02784
v 0.24317 0.19122 0.03406
v 0.24028 0.28823 -0.05890
v 0.23976 0.30896 -0.00531
v 0.24359 0.88998 -0.01535
v 0.24185 0.89546 0.02127
v 0.23936 0.89892 -0.01391
v 0.24454 0.91554 -0.01246
v 0.24138 0.92331 0.02868
v 0.24059 0.94504 -0.03392
v 0.24038 0.96696 0.02401
v 0.24193 0.96899 0.00836
v 0.24164 1.07855 0.07850
v 0.24056 1.13224 -0.04787
v 0.24444 1.21678 0.07658
v 0.24116 1.22588 -0.05155
v 0.23664 1.30022 -0.06883
v 0.24683 -0.06300 0.17910
v 0.23714 -0.06300 0.26021
v 0.24885 0.00800 0.28301
v 0.25256 0.00803 0.15368
v 0.25039 0.03826 -0.13508
v 0.23857 0.06006 0.10410
v 0.24319 0.05938 -0.12506
v 0.23852 0.10300 0.08815
v 0.24355 0.09054 0.07419
v 0.24689 0.11676 0.06152
v 0.24280 0.15822 0.05876
v 0.24147 0.17220 -0.09859
v 0.24218 0.18869 0.04856
v 0.24331 0.21355 -0.07953
v 0.24000 0.20830 0.03235
v 0.24243 0.24570 -0.06661
v 0.24456 0.21890 0.01386
v 0.24586 0.27684 -0.04652
v 0.24586 0.28907 -0.03760
v 0.24427 0.29851 -0.01955
v 0.23969 0.33830 -0.02979
v 0.24139 0.87081 -0.01202
v 0.24294 0.89230 0.00263
v 0.24414 0.91365 -0.02370
v 0.24301 0.91462 0.01903
v 0.24310 0.90669 -0.00047
v 0.24326 0.91934 0.01432
v 0.24255 0.93954 -0.02494
v 0.24130 0.97420 -0.03470
v 0.24293 0.96125 -0.00758
v 0.24424 0.98051 -0.01004
v 0.24117 0.99620 0.03223
v 0.24175 1.12578 0.06574
v 0.24335 1.16621 -0.03898
v 0.24371 1.18968 -0.03857
v 0.24690 0.06411 0.07490
v 0.24684 0.11813 -0.10462
v 0.24683 0.13900 -0.09754
v 0.24798 0.14614 -0.09250
v 0.24641 0.22001 -0.06221
v 0.24375 0.22215 -0.00057
v 0.24857 0.24172 -0.00723
v 0.24555 0.99200 -0.02567
v 0.25368 1.03158 -0.03272
v 0.24535 1.02835 0.03771
v 0.24297 1.13716 0.05769
v 0.24552 1.16481 0.04463
v 0.24335 1.35652 0.07999
v 0.24180 -0.06300 -0.32430
v 0.24704 -0.06300 -0.18722
v 0.23768 -0.06300 -0.13456
v 0.23291 -0.06300 0.13322
v 0.24400 -0.06300 0.21579
v 0.23277 0.00746 -0.33215
v 0.25434 0.05904 -0.10904
v 0.23972 0.11799 0.07469
v 0.24487 0.16242 0.05270
v 0.24654 0.17102 0.03093
v 0.24433 0.23199 -0.06481
v 0.24940 0.24046 -0.04903
v 0.24836 0.26673 -0.01844
v 0.24690 1.01130 0.02418
v 0.24708 1.00013 -0.02606
v 0.25190 1.02611 -0.03228
v 0.24650 1.04312 -0.05024
v 0.24252 1.04581 0.08353
v 0.25169 1.14785 -0.02924
v 0.24678 1.13803 -0.03729
v 0.24671 1.19073 0.04645
v 0.24750 1.20848 0.06552
v 0.24860 1.20477 -0.03177
v 0.24235 1.25334 0.08863
v 0.24844 1.25671 -0.04678
v 0.24289 1.25495 -0.05649
v 0.23812 1.28848 0.10208
v 0.25212 1.31777 -0.04700
v 0.24260 1.32844 0.09253
v 0.24140 1.37275 -0.02235
v 0.24150 1.38091 0.04555
v 0.24888 1.37635 0.03692
v 0.23930 -0.06218 0.33546
v 0.23771 -0.03044 0.33800
v 0.24185 0.00558 -0.33535
v 0.24799 0.00800 0.25064
v 0.26711 0.00806 -0.16429
v 0.24573 0.04029 0.11351
v 0.25150 0.05723 -0.11597
v 0.25128 0.09370 -0.10348
v 0.24925 0.09504 0.06243
v 0.24943 0.10113 -0.10473
v 0.24943 0.14672 0.03336
v 0.24880 0.16658 -0.08185
v 0.24700 0.20995 0.00692
v 0.25233 0.23644 -0.03991
v 0.24361 0.23883 0.00698
v 0.25307 0.23970 -0.02414
v 0.24709 0.99636 -0.00969
v 0.25136 1.02198 0.01156
v 0.25217 1.02144 -0.00024
v 0.25298 1.05620 -0.06035
v 0.25949 1.06051 0.06595
v 0.24591 1.09051 -0.06453
v 0.24737 1.10208 0.06760
v 0.24430 1.11986 -0.04767
v 0.24703 1.12244 0.05302
v 0.25549 1.13454 -0.02740
v 0.24834 1.21102 0.04967
v 0.25064 1.22088 -0.03079
v 0.24615 1.22369 0.07729
v 0.26085 1.30155 -0.02843
v 0.25332 1.31717 0.08291
v 0.24410 1.32885 -0.05829
v 0.25081 1.33355 -0.04406
v 0.24487 1.36032 -0.03438
v 0.25269 1.33985 0.07550
v 0.24565 1.35884 0.05940
v 0.24074 1.38854 0.00023
v 0.25997 -0.06300 -0.30476
v 0.26671 -0.06300 -0.25138
v 0.23520 -0.06300 -0.32760
v 0.25620 -0.06300 -0.11482
v 0.25280 -0.06300 -0.03940
v 0.26468 -0.06300 0.09501
v 0.25882 -0.06300 0.17898
v 0.25335 -0.06300 0.22487
v 0.25509 -0.06300 0.29740
v 0.27267 -0.06153 0.33676
v 0.25985 -0.06100 0.33721
v 0.25289 -0.03579 -0.33800
v 0.24598 0.00800 -0.24301
v 0.23522 0.00800 0.18959
v 0.24155 0.00800 0.23632
v 0.24792 0.04483 0.10074
v 0.25092 0.05391 0.07444
v 0.26037 0.05576 0.04275
v 0.25354 0.14018 -0.07924
v 0.25013 0.18868 0.00735
v 0.25186 0.25054 -0.03121
v 0.25039 1.05184 -0.06043
v 0.25110 1.10225 -0.04824
v 0.24965 1.12575 -0.03811
v 0.24846 1.12942 0.03979
v 0.24556 1.14869 -0.03719
v 0.25265 1.24031 0.05276
v 0.25304 1.27011 -0.04020
v 0.25158 1.34119 -0.03641
v 0.24192 -0.04010 0.33800
v 0.24926 0.00800 -0.26936
v 0.24479 0.00802 -0.18649
v 0.25335 0.00800 0.29280
v 0.25154 0.06505 0.06580
v 0.25234 0.10899 0.04928
v 0.25139 0.12571 0.03359
v 0.25076 0.12243 0.05019
v 0.25238 0.10984 -0.09564
v 0.25024 0.17697 -0.07086
v 0.25908 0.12379 -0.06300
v 0.25288 0.16420 0.00879
v 0.25007 0.22742 -0.00434
v 0.25690 0.19981 -0.04162
v 0.25316 0.22348 -0.04375
v 0.25443 1.02486 -0.01706
v 0.25475 1.04690 0.07076
v 0.25086 1.08869 -0.05485
v 0.24583 1.14590 0.04296
v 0.25801 1.15264 -0.01553
v 0.24905 1.21647 0.04942
v 0.25341 1.25211 0.07417
v 0.25267 1.27116 0.08185
v 0.25159 1.28292 0.08477
v 0.25218 1.30905 0.08536
v 0.24953 1.33245 0.08474
v 0.25057 1.34647 0.06029
v 0.25250 1.37174 -0.00107
v 0.25616 1.36405 -0.00620
v 0.26023 1.36185 0.00601
v 0.26400 -0.06300 0.00324
v 0.25523 -0.06300 0.02362
v 0.25661 0.08089 0.03553
v 0.26070 0.10125 0.01428
v 0.25460 1.13539 0.02972
v 0.25762 1.18247 -0.01359
v 0.25185 1.24392 -0.03450
v 0.25687 1.28531 0.07788
v 0.26338 1.28568 -0.02089
v 0.26107 0.05967 -0.09381
v 0.26306 0.09219 -0.06632
v 0.25761 0.09809 -0.08668
v 0.26263 0.06545 0.02039
v 0.25254 0.17587 -0.06136
v 0.26067 0.16876 -0.00964
v 0.25918 0.18917 -0.01672
v 0.25663 0.20875 -0.01691
v 0.24902 1.02469 0.02672
v 0.26138 1.03353 0.05034
v 0.26078 1.13686 -0.00936
v 0.25695 1.17365 0.02671
v 0.26004 1.21037 0.01890
v 0.25811 1.28495 0.05749
v 0.26029 1.33537 0.05483
v 0.27953 -0.06300 -0.05708
v 0.26068 -0.06300 -0.06594
v 0.27049 -0.06300 0.12687
v 0.25758 -0.06300 0.21047
v 0.25255 -0.06300 0.24472
v 0.25939 0.02922 0.10549
v 0.26254 0.04458 0.06218
v 0.26132 0.06839 0.02784
v 0.26998 1.02217 0.00182
v 0.25812 1.04413 -0.05085
v 0.26779 1.03725 -0.03969
v 0.25808 1.08708 0.05761
v 0.25859 1.12309 -0.02844
v 0.25820 1.14422 0.01901
v 0.25889 1.14775 0.00501
v 0.25527 1.19559 -0.02020
v 0.26008 1.19931 -0.00132
v 0.26403 1.26023 -0.01586
v 0.26420 1.29902 0.04994
v 0.26073 1.33676 -0.01949
v 0.26648 0.04111 -0.10846
v 0.25668 0.06125 0.05561
v 0.26170 0.11741 0.00735
v 0.26119 0.16226 -0.04481
v 0.26064 1.07955 0.05594
v 0.26345 1.10297 -0.03295
v 0.25878 1.20995 0.02925
v 0.25829 1.22395 -0.01843
v 0.26584 -0.06300 -0.04147
v 0.26589 -0.06300 0.06135
v 0.26074 -0.06300 0.07045
v 0.25387 0.00798 -0.32985
v 0.26128 0.00800 -0.20997
v 0.23998 0.00800 0.17517
v 0.26713 0.04423 0.03812
v 0.26640 0.09419 -0.05723
v 0.26446 0.12029 -0.05217
v 0.25544 0.14902 0.00936
v 0.25996 0.19173 -0.02848
v 0.26860 1.03093 -0.03165
v 0.26632 1.05625 0.03150
v 0.26052 1.08912 0.03812
v 0.26568 1.07449 -0.04048
v 0.26090 1.12730 0.01926
v 0.26803 1.10737 -0.02044
v 0.25915 1.21849 -0.01557
v 0.26646 1.24984 0.00783
v 0.25872 1.21944 0.03602
v 0.26894 1.28798 -0.00743
v 0.26603 1.34058 -0.00216
v 0.26290 1.35049 0.03366
v 0.25636 -0.02482 0.33800
v 0.25469 0.00689 0.33359
v 0.26019 0.00800 -0.29110
v 0.26083 0.00800 -0.23520
v 0.25839 0.00800 0.22442
v 0.25799 0.00800 0.28529
v 0.25885 0.00800 0.32415
v 0.25329 0.02777 0.12269
v 0.26230 0.03371 0.08036
v 0.26620 0.06302 -0.06893
v 0.26674 0.13285 -0.01347
v 0.26841 1.26666 -0.00136
v 0.26967 1.29691 0.03751
v 0.26710 1.30374 -0.01381
v 0.26790 1.32828 0.03572
v 0.26893 1.33500 0.00430
v 0.26629 1.33960 0.03012
v 0.27956 -0.06300 -0.15219
v 0.29163 -0.06300 -0.10681
v 0.27466 -0.06300 -0.10843
v 0.27122 -0.06300 -0.09083
v 0.27206 -0.06300 0.14736
v 0.27308 -0.06300 0.20615
v 0.27136 -0.06300 0.23859
v 0.31770 -0.06300 0.32140
v 0.24600 0.01911 0.14309
v 0.27771 0.00808 -0.15435
v 0.25765 0.04188 -0.12215
v 0.27036 0.03702 0.05684
v 0.26562 0.15059 -0.02622
v 0.26877 0.12123 -0.03470
v 0.27583 1.03465 -0.02603
v 0.27125 1.02455 0.01059
v 0.26834 1.03306 -0.03651
v 0.27051 1.08443 -0.03197
v 0.26459 1.09959 0.02777
v 0.27968 1.07099 -0.02087
v 0.26983 1.10606 -0.01108
v 0.26572 1.11763 -0.00260
v 0.27218 1.31213 0.01112
v 0.26985 1.28304 0.02850
v 0.27183 1.30838 0.00292
v 0.27078 1.31311 0.03035
v 0.26995 0.01292 0.12890
v 0.25233 0.02407 0.13083
v 0.27205 0.01958 0.10199
v 0.27102 0.04556 0.02588
v 0.27181 0.04747 0.01541
v 0.26941 0.05263 -0.07192
v 0.27408 0.06026 -0.05000
v 0.28336 0.03048 -0.07996
v 0.27308 0.05515 0.00582
v 0.27151 0.10269 -0.03248
v 0.27565 0.07145 -0.02489
v 0.27007 1.02860 0.01983
v 0.27255 1.09493 -0.00189
v 0.27557 -0.06300 -0.28716
v 0.28789 -0.06300 0.07837
v 0.27869 -0.06300 0.26933
v 0.27931 0.00297 -0.33558
v 0.27168 0.00800 0.23689
v 0.28228 0.00800 0.28348
v 0.27381 0.02420 -0.12923
v 0.27382 0.04085 -0.08808
v 0.27539 0.06616 -0.00969
v 0.27557 1.07708 0.01589
v 0.27417 0.00658 -0.33364
v 0.27746 0.03891 0.01697
v 0.28337 0.00529 0.33442
v 0.27284 0.00800 -0.27947
v 0.28976 0.00803 -0.13940
v 0.27413 0.00800 0.21517
v 0.28984 0.03250 -0.06046
v 0.28589 -0.06300 -0.23092
v 0.27694 -0.06300 -0.20218
v 0.26601 -0.06300 -0.01193
v 0.29417 -0.06300 0.21993
v 0.27367 0.00800 -0.25384
v 0.29416 0.01286 0.05874
v 0.27852 0.02984 0.04074
v 0.27929 0.04825 -0.05355
v 0.27370 0.00803 0.13528
v 0.28106 0.04909 -0.02627
v 0.28007 0.04972 -0.00937
v 0.29654 -0.06300 -0.07921
v 0.29413 -0.06300 0.19272
v 0.30073 0.00800 0.23148
v 0.28250 0.00801 0.11972
v 0.30763 0.00797 -0.10284
v 0.28941 0.00832 0.09497
v 0.23791 0.00801 0.16939
v 0.28770 0.02346 -0.09514
v 0.29079 -0.06170 -0.33631
v 0.30120 -0.06300 -0.32100
v 0.28500 -0.06300 -0.28460
v 0.30398 -0.06300 -0.28154
v 0.30647 -0.06300 -0.25351
v 0.32278 -0.06300 -0.21548
v 0.30726 -0.06300 -0.16517
v 0.30175 -0.06300 -0.15511
v 0.32461 -0.06300 -0.00362
v 0.30251 -0.06300 -0.04631
v 0.30340 -0.06300 -0.01661
v 0.30659 -0.06300 0.04473
v 0.30708 -0.06300 0.17015
v 0.30328 -0.06300 0.18710
v 0.30444 -0.06300 0.19417
v 0.30443 -0.06300 0.24268
v 0.28681 0.00063 -0.33794
v 0.30298 0.00800 0.26920
v 0.30060 0.02335 -0.00489
v 0.28038 -0.06192 0.33645
v 0.27156 0.00800 0.14626
v 0.30193 0.01221 0.03411
v 0.30237 0.01462 0.01582
v 0.28936 0.02398 0.02543
v 0.29253 0.02470 0.01151
v 0.31520 0.00813 -0.07080
v 0.30850 -0.06300 -0.20397
v 0.30196 -0.06300 0.01539
v 0.30383 -0.06300 0.07062
v 0.30707 -0.06300 0.13700
v 0.30202 -0.06300 0.26595
v 0.32112 -0.06087 0.33761
v 0.30662 -0.06250 0.33566
v 0.30523 0.00721 0.33344
v 0.29900 0.00800 -0.31880
v 0.30209 0.00801 0.05867
v 0.29681 0.00815 0.07490
v 0.29069 0.03559 -0.03904
v 0.30550 -0.06300 0.00532
v 0.31516 0.00800 0.11733
v 0.31191 0.00800 0.18098
v 0.30844 -0.06300 0.10054
v 0.30844 0.00800 -0.23801
v 0.31854 -0.05774 0.33799
v 0.26649 0.00395 0.33641
v 0.30551 -0.06294 -0.33426
v 0.30629 -0.06300 -0.13607
v 0.31750 -0.06214 -0.33610
v 0.31003 0.00800 -0.27504
v 0.29773 0.00800 -0.20007
v 0.32708 0.00800 -0.10949
v 0.31997 0.00800 0.12075
v 0.30473 0.00800 -0.23129
v 0.30546 0.00800 0.07723
v 0.31640 0.00800 0.25473
v 0.31860 0.00815 -0.00375
v 0.32011 -0.06300 -0.28509
v 0.32265 -0.06300 0.08050
v 0.32745 -0.06300 0.17657
v 0.32767 -0.06300 0.21291
v 0.32994 -0.06300 0.22121
v 0.36940 -0.06300 0.25870
v 0.32236 -0.06300 0.24371
v 0.35672 -0.06300 0.32363
v 0.32183 -0.06300 0.28125
v 0.37172 -0.04068 -0.33732
v 0.31903 0.00924 -0.03773
v 0.31254 0.00800 -0.25519
v 0.31010 0.00806 -0.08720
v 0.32082 0.00832 -0.01851
v 0.32696 -0.06300 -0.15839
v 0.32430 -0.06300 0.04090
v 0.34239 -0.05295 -0.33800
v 0.30951 0.00600 -0.33487
v 0.31992 0.00800 -0.21463
v 0.32165 0.00800 -0.17745
v 0.32258 0.00800 0.20057
v 0.32662 0.00800 0.25488
v 0.32152 0.00800 -0.29184
v 0.34647 0.00781 -0.09198
v 0.33023 0.00800 0.05667
v 0.32255 0.00800 0.14934
v 0.32996 0.00800 0.28444
v 0.33696 -0.06300 -0.25215
v 0.34105 -0.06300 -0.23389
v 0.33303 -0.06300 -0.22783
v 0.33267 -0.06300 -0.18548
v 0.33506 -0.06300 -0.10315
v 0.32622 -0.06300 -0.03871
v 0.34068 -0.06300 0.07453
v 0.32354 -0.06300 0.11274
v 0.33186 -0.06300 0.15925
v 0.33799 -0.06300 0.28296
v 0.32444 0.00751 -0.33260
v 0.36280 0.00800 -0.23410
v 0.32922 0.00800 -0.23983
v 0.31419 0.00800 -0.16002
v 0.32760 0.00800 -0.12740
v 0.32171 0.00807 -0.04484
v 0.32131 0.00800 0.18221
v 0.33171 -0.06300 -0.12253
v 0.33826 -0.06300 -0.01011
v 0.33645 -0.06300 0.19334
v 0.32725 0.00800 -0.00514
v 0.33392 -0.06213 0.33664
v 0.32511 0.00775 -0.10455
v 0.32535 0.00800 0.08982
v 0.32203 0.00657 0.33405
v 0.33019 0.00800 -0.18390
v 0.33895 0.00800 -0.13284
v 0.32977 -0.06231 -0.33503
v 0.36060 -0.06300 -0.26133
v 0.33182 -0.06300 -0.13478
v 0.33468 -0.06300 -0.03800
v 0.33817 -0.06300 0.04861
v 0.33189 -0.06300 0.07532
v 0.33445 -0.06300 0.10599
v 0.33528 -0.06300 0.13786
v 0.34163 -0.06300 0.26188
v 0.34711 0.00493 -0.33627
v 0.33162 0.00800 -0.26854
v 0.34304 0.00768 -0.08631
v 0.33469 0.00800 0.13411
v 0.33425 0.00800 0.17400
v 0.34129 0.00800 0.22104
v 0.33532 0.00800 0.23341
v 0.34233 0.00800 0.27474
v 0.33929 -0.06300 -0.06457
v 0.33350 -0.06300 -0.05639
v 0.36500 -0.06300 0.04970
v 0.33787 -0.06037 0.33770
v 0.35088 -0.06146 -0.33707
v 0.35219 -0.05683 0.33800
v 0.35067 0.00065 0.33793
v 0.33701 0.00800 -0.28394
v 0.33300 0.00800 -0.21794
v 0.33956 0.00755 -0.05356
v 0.31110 0.00805 0.01730
v 0.33514 0.00800 0.07877
v 0.33939 0.00800 0.11701
v 0.34040 0.00800 0.18810
v 0.34822 -0.06300 -0.26559
v 0.35036 -0.06300 -0.19120
v 0.34848 -0.06300 0.01261
v 0.37599 -0.06248 0.16052
v 0.36413 -0.00157 -0.33801
v 0.34338 0.00778 -0.12116
v 0.34539 0.00797 -0.08985
v 0.28113 -0.00710 0.33800
v 0.33785 0.00646 -0.33286
v 0.37420 0.00675 -0.27698
v 0.34391 0.00800 0.14965
v 0.34424 0.00800 0.20686
v 0.34960 -0.06300 -0.31220
v 0.37599 -0.06248 -0.26490
v 0.36060 -0.06300 -0.24620
v 0.35321 -0.06300 -0.24909
v 0.37545 -0.06261 -0.19560
v 0.35111 -0.06300 -0.18037
v 0.35070 -0.06300 -0.17525
v 0.35104 -0.06300 -0.16642
v 0.34099 -0.06300 -0.08976
v 0.35070 -0.06300 -0.08010
v 0.36390 -0.06300 -0.01108
v 0.35123 -0.06300 -0.00322
v 0.35202 -0.06300 0.10946
v 0.37581 -0.06185 0.17476
v 0.37545 -0.06261 0.19820
v 0.35056 -0.06300 0.17635
v 0.36280 -0.06300 0.24220
v 0.36280 -0.06300 0.29610
v 0.34537 0.00800 -0.22200
v 0.32844 0.00800 -0.03199
v 0.35015 0.00800 0.07445
v 0.37599 -0.06248 -0.09275
v 0.36280 -0.06300 0.10030
v 0.37492 -0.06274 0.20796
v 0.35221 0.00751 -0.33260
v 0.34151 0.00612 0.33423
v 0.37426 0.00702 -0.33652
v 0.36280 0.00800 0.06290
v 0.37233 0.00734 0.14312
v 0.35840 0.00800 0.30573
v 0.35831 -0.06294 -0.33426
v 0.37577 -0.06294 0.31280
v 0.34806 0.00721 -0.07248
v 0.35840 0.00800 -0.00695
v 0.37352 -0.06175 0.33746
v 0.35840 -0.02484 0.33800
v 0.35812 0.00270 0.33749
v 0.37336 0.00322 0.33767
v 0.35845 0.00408 0.33688
v 0.35889 0.00640 0.33470
v 0.36291 0.00800 -0.32481
v 0.34457 0.00772 -0.12033
v 0.35263 0.00703 -0.09513
v 0.34641 0.00795 -0.05341
v 0.36005 0.00800 0.03086
v 0.35840 0.00800 0.09604
v 0.36500 0.00800 0.15915
v 0.35840 0.00800 0.18249
v 0.36500 0.00800 0.24990
v 0.35891 -0.06303 -0.33208
v 0.37691 -0.06291 -0.31804
v 0.36060 -0.06300 -0.22530
v 0.37492 -0.06274 -0.12713
v 0.37599 -0.06248 -0.04710
v 0.37599 -0.06248 0.13220
v 0.37364 -0.02145 -0.33789
v 0.36033 0.00800 -0.12425
v 0.36136 0.00643 -0.06129
v 0.37397 0.00647 0.08206
v 0.36398 0.00801 0.32981
v 0.37607 0.00730 0.33232
v 0.37658 -0.06178 -0.22475
v 0.36476 -0.00944 0.33800
v 0.36280 0.00800 -0.26490
v 0.36280 0.00800 -0.21681
v 0.36308 0.00800 -0.17236
v 0.37545 -0.06261 0.23395
v 0.36471 0.00800 0.32107
v 0.37599 -0.06248 0.08655
v 0.37602 -0.06294 0.33560
v 0.37286 0.00796 -0.09573
v 0.36899 0.00801 -0.04597
v 0.37154 0.00744 0.04036
v 0.37232 0.00643 0.28472
v 0.37518 -0.06267 -0.05961
v 0.37582 -0.06224 -0.00599
v 0.37309 -0.02497 0.33669
v 0.37640 0.00354 -0.01091
v 0.37341 0.00515 -0.06014
v 0.37522 -0.06245 -0.33745
v 0.37793 -0.06022 -0.32363
v 0.37599 -0.06248 -0.28745
v 0.37748 -0.06099 -0.28360
v 0.37774 -0.05992 -0.23630
v 0.37545 -0.06261 -0.24125
v 0.37707 -0.06099 -0.16968
v 0.37690 -0.06116 -0.15930
v 0.37752 -0.06024 -0.10636
v 0.37620 -0.06186 -0.08643
v 0.37774 -0.05992 -0.07515
v 0.37774 -0.05992 -0.06456
v 0.37599 -0.06248 -0.03445
v 0.37771 -0.06005 -0.02125
v 0.37774 -0.05992 -0.00255
v 0.37599 -0.06248 0.00955
v 0.37599 -0.06248 0.02137
v 0.37774 -0.05992 0.02110
v 0.37545 -0.06261 0.03251
v 0.37800 -0.05885 0.04200
v 0.37599 -0.06248 0.07280
v 0.37800 -0.05885 0.07280
v 0.37620 -0.06186 0.10250
v 0.37795 -0.05905 0.11783
v 0.37774 -0.05992 0.13275
v 0.37791 -0.02938 0.18115
v 0.37800 -0.05885 0.17840
v 0.37787 -0.05938 0.25155
v 0.37599 -0.06248 0.24990
v 0.37545 -0.06261 0.28923
v 0.37608 0.00346 0.31329
v 0.37799 -0.06016 0.32103
v 0.37800 -0.05885 -0.12300
v 0.37578 0.00384 0.18115
v 0.37774 -0.05992 -0.30560
v 0.37802 -0.05550 -0.26023
v 0.37617 0.00356 -0.18760
v 0.37730 -0.06056 -0.20014
v 0.37787 -0.05938 -0.02978
v 0.37800 -0.05885 0.14760
v 0.37572 -0.06254 0.26736
v 0.37800 -0.05344 -0.32661
v 0.37781 0.00119 -0.12850
v 0.37774 -0.05992 0.06895
v 0.37599 -0.06248 0.15090
v 0.37747 -0.05988 0.33705
v 0.37300 0.00559 0.22898
v 0.37436 0.00641 -0.26091
v 0.37800 -0.00985 0.20342
v 0.37800 -0.05885 0.19545
v 0.37787 -0.05938 0.23615
v 0.37774 -0.05769 -0.17360
v 0.37600 -0.03347 -0.33411
v 0.37802 -0.05550 -0.28525
v 0.37800 0.00027 -0.08547
v 0.37800 -0.00820 -0.02565
v 0.37774 -0.05992 0.06235
v 0.37744 0.00221 0.09538
v 0.37800 -0.00820 0.11020
v 0.37792 -0.00082 0.33196
v 0.37800 -0.00903 -0.06749
v 0.37774 -0.05992 0.01670
v 0.37552 0.00413 -0.17092
v 0.37795 0.00062 0.22350
v 0.37762 0.00170 -0.30668
v 0.37800 -0.00600 -0.24675
v 0.37767 0.00175 -0.11639
v 0.37459 0.00516 0.24866
v 0.37800 -0.05885 0.26420
v 0.37779 0.00108 0.28222
v 0.37781 0.00119 0.25705
v 0.37527 0.00415 -0.24338
v 0.37800 -0.01040 -0.23740
v 0.37674 0.00280 -0.02834
v 0.37594 0.00367 0.09890
v 0.37795 0.00062 0.15310
v 0.37792 0.00223 -0.32996
v 0.37795 0.00062 0.03457
v 0.37796 -0.01022 -0.33175
v 0.37573 0.00435 0.30888
v 0.37781 0.00119 -0.28800
v 0.37569 0.00396 -0.21198
v 0.37302 0.00722 -0.19645
v 0.37799 -0.00049 -0.15160
v 0.37647 0.00271 0.00002
v 0.37268 0.00609 0.11679
v 0.37481 0.00433 0.15590
v 0.37465 0.00549 0.19972
v 0.37764 0.00153 0.21115
v 0.37467 0.00630 -0.14937
v 0.37800 0.00036 -0.10224
v 0.37795 0.00231 -0.05688
v 0.37555 0.00417 -0.13399
v 0.37453 0.00409 0.02117
v 0.37481 0.00549 0.05521
v 0.37795 0.00062 0.08930
v 0.37781 0.00119 0.18445
v 0.37801 0.00027 0.32035
v 0.37317 0.00735 -0.22268
v 0.37025 0.00742 -0.08221
v 0.37692 0.00496 -0.07311
v 0.37694 0.00379 0.14437
v 0.37321 0.00717 -0.23210
vn -0.7605 -0.6460 -0.0661
vn -0.5052 -0.8627 0.0251
vn -0.4506 -0.8926 -0.0155
vn -0.5959 -0.8013 0.0524
vn -0.3497 -0.9369 -0.0029
vn -0.2016 -0.9795 -0.0064
vn -0.6939 -0.7196 -0.0259
vn -0.9652 -0.2613 -0.0073
vn -0.6608 -0.4189 0.6228
vn -0.6704 -0.7419 -0.0064
vn -0.9377 -0.3422 -0.0603
vn -0.9623 -0.2721 0.0060
vn -0.9184 -0.3951 0.0223
vn -0.7464 -0.6649 0.0261
vn -0.9682 -0.2498 -0.0117
vn -0.9687 -0.2481 0.0078
vn -0.9847 -0.1409 -0.1025
vn -0.8255 -0.5644 -0.0009
vn -0.7218 -0.6920 0.0145
vn -0.9664 -0.2571 0.0000
vn -0.5879 0.0527 0.8072
vn -0.7661 -0.6427 0.0076
vn -0.7462 -0.6657 0.0033
vn -0.7030 -0.7100 -0.0417
vn -0.7108 -0.7016 0.0511
vn -0.9986 -0.0426 -0.0321
vn -0.9988 -0.0264 0.0413
vn -0.9424 -0.3280 -0.0658
vn -0.9918 -0.1078 0.0683
vn -0.9925 0.0986 -0.0724
vn -0.9516 -0.2980 -0.0747
vn -0.8902 -0.4149 0.1880
vn -0.7721 -0.6340 -0.0444
vn -0.9968 0.0419 -0.0686
vn -0.9950 0.0597 -0.0795
vn -0.9737 -0.2094 0.0903
vn -0.9655 -0.2582 -0.0347
vn -0.9999 0.0148 -0.0023
vn -0.9983 -0.0547 0.0180
vn -0.8591 -0.5118 -0.0037
vn -0.9623 -0.2721 0.0004
vn -0.9997 0.0208 0.0090
vn -0.9969 -0.0433 -0.0661
vn -0.9611 -0.2762 0.0090
vn -0.9998 0.0209 -0.0060
vn -0.8605 -0.5065 0.0547
vn -0.9989 0.0213 0.0422
vn -0.9818 -0.1897 -0.0044
vn -0.7839 0.1218 -0.6088
vn -0.9796 -0.1999 -0.0187
vn -0.9982 0.0434 -0.0424
vn -0.8661 0.4904 0.0971
vn -0.9949 0.0993 0.0147
vn -0.9983 0.0260 0.0524
vn -0.9881 0.0688 -0.1376
vn -0.9986 -0.0107 0.0513
vn -0.9651 0.1868 -0.1838
vn -0.8354 0.5496 0.0026
vn -0.8429 0.5380 0.0012
vn -0.9353 0.3526 -0.0280
vn -0.9974 -0.0558 -0.0456
vn -0.8121 0.5834 -0.0121
vn -0.9639 0.2610 0.0519
vn -0.9686 0.2463 0.0344
vn -0.9822 0.1880 0.0073
vn -0.7826 0.6213 -0.0384
vn -0.7960 0.6048 -0.0250
vn -0.9921 0.1197 -0.0369
vn -0.8464 0.5309 0.0418
vn -0.8009 0.5966 -0.0511
vn -0.6869 0.7262 -0.0283
vn -0.7437 0.6674 0.0384
vn -0.9218 0.3752 -0.0976
vn -0.7834 0.6214 0.0080
vn -0.8460 0.5328 0.0177
vn -0.8315 0.5544 0.0345
vn -0.7029 0.7108 -0.0273
vn -0.9706 0.2404 -0.0103
vn -0.8997 0.4024 0.1692
vn -0.2724 -0.9619 0.0240
vn -0.5164 -0.8556 -0.0348
vn -0.9329 0.3440 0.1062
vn -0.8321 0.5531 -0.0414
vn -0.5365 -0.8438 0.0151
vn -0.7057 -0.7063 -0.0558
vn -0.4973 -0.8676 -0.0022
vn -0.7286 0.1479 -0.6688
vn -0.0090 0.4675 -0.8839
vn -0.4983 0.3466 -0.7947
vn -0.8787 0.4763 -0.0317
vn -0.5673 0.8232 -0.0232
vn -0.8271 0.5606 -0.0407
vn -0.8752 0.4835 0.0151
vn -0.8779 0.4788 -0.0039
vn -0.4926 -0.8702 -0.0056
vn -0.6114 -0.7904 -0.0387
vn -0.4650 -0.6541 -0.5966
vn -0.7061 0.7070 -0.0396
vn -0.8290 0.5593 -0.0011
vn -0.7501 0.6612 0.0131
vn -0.5058 -0.8621 -0.0309
vn -0.1465 -0.9886 0.0360
vn -0.7173 -0.6967 -0.0068
vn 0.0263 -0.9937 -0.1091
vn -0.1790 0.9839 -0.0013
vn -0.6969 0.7169 0.0175
vn 0.0000 0.0000 0.0000
vn -0.6850 -0.7275 0.0383
vn -0.7396 -0.6728 0.0179
vn -0.0171 -0.9994 -0.0309
vn -0.1579 -0.9276 0.3386
vn -0.0449 -0.0158 0.9989
vn -0.7708 0.6366 -0.0221
vn -0.1720 0.9850 0.0101
vn -0.2645 0.2502 -0.9314
vn 0.1181 0.6286 -0.7687
vn -0.1741 0.9810 -0.0853
vn -0.2221 0.9749 0.0114
vn -0.1330 0.9890 -0.0646
vn -0.2576 0.9659 0.0267
vn -0.0621 0.9964 0.0575
vn -0.0744 0.9948 -0.0696
vn -0.5051 0.8546 -0.1203
vn -0.2029 0.9792 -0.0077
vn -0.7063 -0.7065 0.0436
vn -0.0115 -0.9998 -0.0179
vn -0.0137 -0.9999 -0.0087
vn -0.0207 -0.9997 0.0141
vn -0.0161 -0.9998 -0.0114
vn -0.4720 -0.8816 -0.0053
vn 0.0217 -0.7902 0.6125
vn -0.1656 0.5484 -0.8197
vn -0.5386 0.3256 0.7771
vn -0.0370 0.9993 -0.0115
vn -0.3009 0.9480 0.1034
vn -0.2505 0.7928 0.5556
vn -0.0166 -0.9999 0.0005
vn -0.0006 -1.0000 -0.0051
vn -0.0000 -1.0000 0.0000
vn -0.0157 -0.9994 -0.0321
vn -0.0189 -0.9998 -0.0009
vn -0.7275 0.6856 0.0239
vn -0.4716 0.8817 -0.0140
vn -0.0056 -1.0000 -0.0062
vn -0.5459 -0.8252 0.1448
vn 0.0307 -0.9958 -0.0863
vn -0.1406 0.4187 -0.8972
vn -0.0044 1.0000 -0.0046
vn -0.3825 0.9010 0.2045
vn -0.5512 -0.8341 -0.0215
vn -0.5402 -0.8415 0.0007
vn -0.0113 -0.9999 -0.0008
vn -0.0425 -0.9989 0.0182
vn -0.0186 -0.9998 0.0005
vn 0.0051 0.0239 0.9997
vn -0.3137 0.8401 -0.4426
vn -0.0814 0.9967 -0.0005
vn -0.1574 0.9854 0.0645
vn 0.0008 1.0000 -0.0016
vn -0.0014 1.0000 0.0001
vn -0.0051 1.0000 -0.0038
vn -0.0035 1.0000 -0.0078
vn -0.1911 0.9816 0.0002
vn -0.0520 0.9980 -0.0361
vn -0.1870 0.9823 -0.0075
vn 0.0165 0.9981 0.0586
vn 0.0000 -1.0000 0.0000
vn -0.0045 -1.0000 -0.0006
vn -0.0168 -0.9999 0.0021
vn -0.0000 -1.0000 0.0000
vn -0.0000 -1.0000 -0.0000
vn -0.0000 -1.0000 0.0000
vn -0.0031 -1.0000 0.0026
vn -0.0073 -0.9991 0.0422
vn 0.0942 -0.7541 0.6499
vn -0.4086 -0.4446 -0.7971
vn -0.4619 0.0986 -0.8815
vn -0.1621 0.1671 -0.9725
vn -0.0724 0.9974 -0.0044
vn -0.3686 0.9296 -0.0003
vn 0.0000 1.0000 0.0000
vn 0.0005 1.0000 -0.0001
vn -0.0101 0.9999 -0.0077
vn -0.0003 1.0000 0.0036
vn -0.1601 -0.9863 -0.0408
vn -0.0132 -0.9999 0.0058
vn -0.0026 -1.0000 -0.0016
vn -0.0000 -1.0000 0.0000
vn -0.0000 -1.0000 -0.0000
vn -0.0155 -0.9999 -0.0010
vn -0.0004 -1.0000 -0.0005
vn -0.3134 0.6072 -0.7302
vn -0.0940 0.9955 0.0098
vn -0.3020 -0.9412 -0.1516
vn 0.0000 -1.0000 0.0000
vn -0.0323 0.9993 -0.0194
vn -0.0039 1.0000 -0.0019
vn -0.0362 0.9993 0.0082
vn -0.0313 0.9995 0.0088
vn -0.0012 1.0000 0.0003
vn -0.0117 0.9999 -0.0059
vn -0.0442 -0.0147 0.9989
vn -0.5025 0.1056 -0.8581
vn 0.0181 0.7119 0.7021
vn -0.0043 -1.0000 -0.0011
vn 0.0000 -1.0000 0.0000
vn 0.0000 -1.0000 0.0000
vn -0.0031 -1.0000 -0.0029
vn 0.0059 -1.0000 0.0047
vn 0.0001 1.0000 0.0000
vn 0.0003 1.0000 -0.0001
vn -0.5466 -0.5817 -0.6024
vn -0.3563 0.6760 -0.6451
vn -0.0092 1.0000 0.0012
vn -0.0009 1.0000 -0.0012
vn -0.1334 0.9866 -0.0937
vn -0.3106 0.9477 -0.0732
vn -0.2860 0.9582 0.0018
vn -0.0011 -0.9998 -0.0193
vn 0.0000 -1.0000 0.0000
vn -0.0247 -0.9997 0.0039
vn 0.0000 -1.0000 0.0000
vn -0.4051 0.6464 -0.6466
vn -0.3506 0.8963 -0.2716
vn -0.0034 1.0000 0.0005
vn 0.0000 -1.0000 0.0000
vn -0.0066 -1.0000 -0.0039
vn 0.0000 -1.0000 0.0000
vn -0.5735 -0.4673 -0.6728
vn -0.2602 0.7438 -0.6157
vn 0.0068 0.1025 0.9947
vn -0.0002 1.0000 0.0000
vn -0.0002 1.0000 -0.0001
vn -0.2965 0.9486 0.1109
vn 0.0000 1.0000 0.0000
vn -0.0002 1.0000 0.0019
vn -0.0053 -1.0000 -0.0076
vn 0.0000 -1.0000 0.0000
vn 0.0000 -1.0000 0.0000
vn 0.0000 -1.0000 0.0000
vn 0.0000 -1.0000 0.0000
vn 0.0000 -1.0000 0.0000
vn 0.0000 -1.0000 0.0000
vn 0.0000 -1.0000 0.0000
vn -0.0485 -0.9970 0.0597
vn -0.0871 -0.7198 0.6887
vn -0.0026 -0.7450 0.6670
vn -0.0040 -0.0516 0.9987
vn -0.4854 0.8203 -0.3024
vn -0.0100 0.9999 0.0033
vn -0.2768 0.9609 -0.0002
vn -0.0053 1.0000 -0.0019
vn -0.3882 0.9214 -0.0196
vn -0.3416 0.9396 0.0200
vn 0.0550 0.7600 0.6476
vn -0.6019 -0.1264 -0.7885
vn -0.0152 0.9999 0.0071
vn -0.0000 -0.0000 -0.0000
vn -0.0001 -1.0000 -0.0002
vn 0.0000 -1.0000 0.0000
vn -0.8779 -0.1409 -0.4576
vn -0.7981 -0.1872 -0.5727
vn 0.0243 0.0079 0.9997
vn -0.6531 0.7554 0.0528
vn -0.1374 -0.9804 -0.1409
vn 0.0000 -1.0000 0.0000
vn -0.2186 0.9485 -0.2290
vn -0.6297 0.7746 -0.0594
vn -0.3975 0.9136 0.0855
vn -0.0508 -0.9977 -0.0438
vn -0.7452 0.5132 -0.4258
vn -0.4276 0.7314 -0.5313
vn 0.0242 0.9995 -0.0194
vn 0.0000 1.0000 0.0000
vn -0.5932 0.7308 -0.3378
vn -0.6507 0.7469 0.1369
vn -0.6535 0.7569 0.0031
vn 0.0000 -1.0000 0.0000
vn -0.5845 0.6700 -0.4577
vn -0.0033 0.9940 0.1092
vn -0.2871 0.9528 0.0985
vn -0.2857 0.9085 -0.3049
vn -0.0000 -1.0000 0.0000
vn 0.0000 -1.0000 0.0000
vn 0.0000 -1.0000 0.0000
vn 0.0000 -1.0000 0.0000
vn 0.0000 -1.0000 0.0000
vn 0.0000 -1.0000 0.0000
vn 0.0000 -1.0000 0.0000
vn 0.0000 -1.0000 0.0000
vn -0.0027 -0.9999 0.0105
vn -0.7115 -0.5081 -0.4854
vn -0.8308 0.5517 -0.0735
vn -0.8894 0.1161 -0.4422
vn -0.6756 0.5154 0.5271
vn -0.7819 0.6182 0.0798
vn -0.3687 0.9212 -0.1242
vn -0.8382 0.5453 0.0066
vn -0.7518 0.6541 0.0831
vn -0.6926 0.6497 0.3132
vn -0.7587 0.5998 0.2540
vn -0.7014 -0.6508 -0.2906
vn 0.0000 -1.0000 0.0000
vn -0.8061 -0.2776 -0.5226
vn -0.8842 0.4315 -0.1792
vn 0.0000 1.0000 0.0000
vn 0.0000 1.0000 0.0000
vn -0.8571 0.5124 0.0533
vn 0.0000 -1.0000 0.0000
vn -0.0205 0.0255 0.9995
vn -0.2423 0.9693 0.0414
vn -0.6602 0.6744 0.3306
vn -0.6829 0.6770 0.2745
vn -0.5719 0.6294 -0.5262
vn -0.9409 0.1345 -0.3108
vn -0.0054 1.0000 -0.0025
vn -0.0055 1.0000 0.0044
vn 0.0078 0.9982 0.0594
vn -0.6785 0.6734 -0.2937
vn -0.7841 0.6161 -0.0743
vn 0.0000 -1.0000 0.0000
vn 0.0000 -1.0000 0.0000
vn -0.5875 0.2648 -0.7647
vn -0.9102 0.2581 -0.3239
vn -0.6271 0.4402 -0.6427
vn 0.0076 0.2726 0.9621
vn -0.5729 0.7810 -0.2487
vn -0.7830 0.5758 0.2352
vn -0.8539 0.4235 0.3024
vn -0.7075 0.6995 0.1005
vn 0.0000 -1.0000 0.0000
vn 0.0000 -1.0000 0.0000
vn 0.0000 -1.0000 0.0000
vn 0.0000 -1.0000 0.0000
vn 0.0000 -1.0000 0.0000
vn 0.0000 -1.0000 0.0000
vn -0.9514 0.2633 0.1596
vn -0.8808 0.4654 -0.0870
vn -0.6315 0.0567 -0.7733
vn -0.0207 0.6661 0.7455
vn -0.3358 0.6680 -0.6641
vn -0.0275 0.9996 0.0026
vn -0.1212 0.9923 -0.0261
vn -0.0001 1.0000 0.0000
vn -0.0000 1.0000 0.0000
vn 0.0000 1.0000 0.0000
vn -0.9348 0.3546 -0.0184
vn -0.9814 0.1826 -0.0598
vn -0.9561 0.2929 0.0127
vn -0.0391 -0.9991 -0.0191
vn 0.0000 -1.0000 0.0000
vn -0.0000 -1.0000 0.0000
vn 0.0000 -1.0000 -0.0000
vn 0.0000 -1.0000 0.0000
vn 0.0000 -1.0000 0.0000
vn 0.0000 -1.0000 0.0000
vn 0.0000 -1.0000 0.0000
vn 0.0000 -1.0000 0.0000
vn 0.0000 -1.0000 0.0000
vn 0.0000 -1.0000 0.0000
vn 0.0000 -1.0000 0.0000
vn 0.0000 -1.0000 -0.0000
vn -0.0492 -0.6220 -0.7815
vn -0.2787 -0.0162 -0.9602
vn -0.0050 1.0000 0.0001
vn -0.2515 0.9564 -0.1485
vn -0.7217 0.4353 0.5382
vn -0.9420 0.2783 -0.1873
vn -0.8682 0.4897 -0.0808
vn -0.9589 0.2823 -0.0275
vn -0.7473 0.2759 -0.6045
vn -0.9526 0.2673 0.1456
vn -0.9611 0.0449 -0.2724
vn -0.9320 0.3613 -0.0268
vn -0.9882 0.1483 -0.0376
vn 0.0193 -0.9980 -0.0600
vn 0.0000 -1.0000 0.0000
vn -0.0117 0.9984 0.0560
vn -0.8713 0.1777 0.4574
vn -0.9005 0.1332 0.4139
vn -0.9711 0.1452 0.1895
vn -0.8910 0.2721 -0.3635
vn -0.9721 0.1556 0.1755
vn -0.9786 0.1830 -0.0939
vn -0.9890 -0.0513 -0.1389
vn 0.0000 -1.0000 0.0000
vn 0.0000 -1.0000 0.0000
vn 0.0000 -1.0000 0.0000
vn 0.0000 -1.0000 0.0000
vn 0.0010 -1.0000 0.0028
vn -0.0125 -0.4762 0.8793
vn 0.0832 -0.6786 0.7298
vn -0.2529 0.9601 -0.1193
vn 0.0002 1.0000 -0.0010
vn 0.0000 1.0000 0.0000
vn -0.3259 0.9179 0.2264
vn 0.0360 0.5019 -0.8641
vn -0.8845 0.3147 0.3446
vn -0.9956 0.0630 -0.0690
vn -0.9902 0.1364 -0.0291
vn -0.9460 0.1064 -0.3063
vn -0.7328 -0.6390 0.2339
vn -0.9585 0.0926 0.2698
vn -0.9500 0.1296 -0.2842
vn -0.9714 -0.0798 0.2236
vn -0.9730 0.2305 -0.0133
vn -0.8763 0.3065 -0.3717
vn 0.0102 -0.9999 -0.0052
vn 0.0047 -1.0000 -0.0052
vn 0.0000 -1.0000 0.0000
vn 0.0000 -1.0000 0.0000
vn 0.0000 -1.0000 0.0000
vn -0.1566 -0.9668 0.2020
vn -0.2320 0.9568 -0.1754
vn -0.6265 0.6845 0.3728
vn -0.8485 0.3707 0.3778
vn -0.9507 0.0913 0.2964
vn -0.9288 0.1816 -0.3232
vn -0.9869 0.1581 -0.0327
vn -0.9926 0.1207 -0.0102
vn -0.8683 0.1526 -0.4719
vn -0.9794 0.1948 -0.0525
vn -0.7357 -0.6194 -0.2740
vn -0.9043 -0.4255 0.0352
vn -0.8862 -0.1524 0.4374
vn -0.9338 -0.1294 -0.3336
vn -0.9915 -0.1292 0.0151
vn -0.9567 -0.0714 -0.2821
vn -0.9791 0.1129 0.1691
vn -0.9961 0.0078 -0.0882
vn -0.9954 0.0546 0.0790
vn -0.0374 0.9992 0.0119
vn -0.0025 1.0000 -0.0009
vn -0.0234 0.9993 -0.0285
vn -0.2453 0.9559 0.1615
vn 0.0004 1.0000 0.0004
vn -0.1991 0.9589 -0.2023
vn -0.5131 0.7811 -0.3560
vn -0.7311 0.4603 0.5036
vn -0.8821 0.1289 0.4530
vn -0.9737 0.1156 0.1963
vn -0.7416 0.4362 0.5096
vn -0.9923 0.1227 0.0133
vn -0.9052 0.1348 0.4030
vn -0.9819 0.0931 -0.1650
vn -0.9866 0.1625 -0.0143
vn -0.9853 -0.1096 0.1311
vn -0.5976 -0.7900 -0.1368
vn -0.9993 -0.0365 0.0092
vn -0.5638 -0.4851 -0.6684
vn -0.8254 0.3610 -0.4340
vn -0.8560 -0.4713 0.2125
vn -0.8596 0.2860 -0.4234
vn -0.8737 -0.3200 0.3665
vn -0.9676 0.1746 -0.1824
vn -0.9718 0.2033 0.1193
vn -0.9980 -0.0591 -0.0211
vn -0.9920 -0.1022 0.0743
vn -0.9790 0.1349 -0.1532
vn -0.9850 -0.1165 0.1276
vn -0.8543 0.1388 0.5009
vn -0.9293 -0.0092 0.3692
vn -0.9929 -0.0226 0.1171
vn -0.9955 0.0567 0.0765
vn -0.0245 -0.7118 -0.7019
vn 0.0000 -1.0000 -0.0000
vn 0.0000 -1.0000 0.0000
vn 0.0000 -1.0000 0.0000
vn 0.0000 -1.0000 0.0000
vn 0.0000 -1.0000 0.0000
vn 0.0000 -1.0000 0.0000
vn 0.0000 -1.0000 0.0000
vn -0.0000 -1.0000 0.0000
vn -0.0060 -0.9997 0.0254
vn -0.0174 -0.9997 0.0179
vn -0.1201 0.0500 -0.9915
vn -0.0289 0.9993 -0.0255
vn -0.6864 0.4630 -0.5608
vn -0.4969 0.1463 -0.8554
vn -0.6645 0.1836 -0.7244
vn -0.9182 0.1967 0.3437
vn -0.8185 0.1856 0.5437
vn -0.9279 0.0904 -0.3617
vn -0.9875 0.1576 -0.0045
vn -0.9879 0.1187 0.0996
vn -0.9872 0.1583 0.0188
vn -0.8888 0.1543 0.4316
vn -0.9823 0.1699 0.0791
vn -0.9159 -0.2532 0.3115
vn -0.9684 -0.1134 -0.2220
vn -0.8158 -0.4761 0.3283
vn -0.8569 0.3293 -0.3966
vn -0.9627 0.0542 -0.2651
vn -0.9914 -0.0943 0.0913
vn -0.9055 0.0883 -0.4150
vn -0.9943 0.1038 0.0241
vn -0.9773 -0.0311 0.2098
vn -0.9211 -0.0322 -0.3880
vn -0.9714 -0.1189 0.2055
vn -0.9809 -0.1482 -0.1263
vn -0.9733 -0.0821 0.2142
vn -0.9724 -0.0575 0.2262
vn -0.9130 -0.0394 -0.4061
vn -0.9852 0.0083 0.1709
vn -0.9991 -0.0171 0.0387
vn -0.9717 0.1343 0.1946
vn -0.9035 0.0961 -0.4177
vn -0.9767 0.2144 0.0110
vn -0.9524 0.2643 0.1519
vn 0.0003 1.0000 -0.0001
vn -0.0009 1.0000 0.0017
vn -0.3120 0.8712 0.3789
vn -0.4533 0.7777 -0.4357
vn -0.5198 0.4855 -0.7029
vn -0.6923 0.2700 -0.6692
vn -0.9762 0.1839 0.1145
vn -0.6961 0.1708 -0.6973
vn -0.8592 0.2365 -0.4537
vn -0.9373 0.1634 -0.3077
vn -0.9694 -0.2383 -0.0594
vn -0.9185 -0.0766 0.3880
vn -0.8726 -0.3244 0.3653
vn -0.8869 -0.0554 -0.4587
vn -0.9081 0.0206 -0.4184
vn -0.9170 0.0749 -0.3917
vn -0.9352 0.3498 0.0560
vn 0.0000 1.0000 0.0000
vn 0.0135 0.9999 -0.0054
vn -0.7043 0.1524 -0.6933
vn -0.8100 0.0686 0.5824
vn -0.9775 0.1664 -0.1296
vn -0.8196 0.1046 0.5633
vn -0.9390 0.1075 0.3266
vn -0.8449 0.1179 -0.5218
vn -0.8755 0.1681 0.4531
vn -0.9863 0.1647 -0.0129
vn -0.9870 0.1588 -0.0234
vn -0.9857 0.1619 0.0477
vn -0.9802 0.1344 -0.1452
vn -0.9308 0.1662 -0.3255
vn -0.9552 0.1507 0.2549
vn -0.9688 -0.1970 0.1505
vn -0.9646 -0.1110 0.2392
vn -0.9558 -0.1587 -0.2476
vn -0.4727 -0.7089 -0.5235
vn -0.9314 0.0949 0.3513
vn -0.7894 0.2499 -0.5606
vn -0.7089 0.3028 -0.6370
vn -0.9270 0.0882 0.3645
vn -0.9506 -0.0674 0.3031
vn -0.9093 -0.0309 -0.4150
vn -0.9750 -0.1456 0.1676
vn -0.9698 -0.1751 0.1700
vn -0.9475 -0.1221 0.2955
vn -0.7717 0.2184 -0.5973
vn -0.9042 0.3992 0.1516
vn 0.0000 -1.0000 0.0000
vn -0.8029 0.2055 0.5596
vn -0.8456 0.0948 0.5253
vn -0.9779 0.1579 0.1368
vn -0.9187 0.1190 -0.3767
vn -0.9186 0.1989 0.3416
vn -0.9495 0.0881 -0.3010
vn -0.9707 -0.2368 0.0403
vn -0.8085 -0.5511 0.2065
vn -0.9937 -0.0221 0.1099
vn -0.7389 -0.0779 -0.6693
vn -0.9022 -0.0753 -0.4246
vn -0.7365 -0.0759 -0.6722
vn -0.8198 -0.0129 0.5726
vn -0.2139 0.9554 -0.2034
vn -0.6361 0.5244 -0.5660
vn -0.5818 0.7827 0.2213
vn -0.7527 0.1306 -0.6453
vn -0.9771 0.1762 -0.1189
vn -0.8739 0.1550 0.4606
vn -0.8816 0.0991 -0.4616
vn -0.9074 0.1572 0.3898
vn -0.9069 0.1888 0.3768
vn -0.9638 0.2482 -0.0976
vn -0.9876 0.1537 -0.0318
vn -0.9394 0.1846 -0.2888
vn -0.9871 0.1590 0.0205
vn -0.9939 0.0882 -0.0668
vn -0.9035 -0.1574 0.3986
vn -0.9910 -0.0930 0.0965
vn -0.9771 -0.1578 0.1430
vn -0.9514 -0.1739 0.2543
vn -0.9057 -0.1291 -0.4037
vn 0.0000 -1.0000 0.0000
vn 0.0000 -1.0000 0.0000
vn 0.0000 -1.0000 0.0000
vn 0.0001 1.0000 0.0001
vn -0.5848 0.6100 0.5347
vn -0.9812 0.1363 0.1363
vn -0.9808 0.1800 0.0747
vn -0.9555 0.0352 -0.2929
vn -0.9343 -0.2165 -0.2833
vn -0.8300 0.0521 0.5553
vn -0.9622 0.0999 0.2535
vn -0.8613 -0.0790 0.5018
vn -0.7840 0.1963 0.5889
vn -0.9755 0.1559 -0.1552
vn -0.9825 0.1677 -0.0816
vn -0.9294 0.1449 0.3395
vn -0.9816 0.0669 -0.1787
vn -0.9550 -0.2310 0.1859
vn -0.9564 -0.1226 0.2651
vn -0.8610 0.5029 -0.0752
vn -0.2621 0.9155 -0.3052
vn -0.4960 0.6891 -0.5282
vn -0.9946 0.0971 -0.0356
vn -0.9901 0.0466 -0.1326
vn -0.7507 -0.0872 0.6549
vn -0.4108 -0.3201 -0.8537
vn -0.8831 0.4470 0.1428
vn -0.9231 0.3727 0.0951
vn -0.0080 -0.9956 0.0932
vn -0.3604 0.7463 -0.5596
vn -0.8411 0.2495 0.4799
vn -0.6969 0.4336 -0.5712
vn -0.7260 0.1471 -0.6718
vn -0.7678 0.1213 -0.6292
vn -0.9975 0.0575 -0.0408
vn -0.8248 0.1144 -0.5537
vn -0.9626 0.1044 0.2501
vn -0.9760 0.1344 0.1711
vn -0.9877 0.1132 0.1074
vn -0.9370 0.0213 -0.3486
vn -0.9768 -0.1589 -0.1438
vn -0.1918 -0.9627 -0.1910
vn -0.8265 0.3620 0.4312
vn -0.0000 1.0000 0.0000
vn -0.7446 0.4442 0.4982
vn -0.7999 0.1469 0.5819
vn -0.7810 0.1541 0.6052
vn -0.9786 0.1265 0.1621
vn -0.9800 0.1595 -0.1193
vn -0.8863 0.1685 0.4313
vn -0.9838 0.1137 -0.1386
vn -0.6488 -0.6684 0.3638
vn -0.7115 0.1453 0.6875
vn -0.9220 -0.0393 0.3852
vn -0.5019 -0.0064 -0.8649
vn -0.7330 0.0260 -0.6797
vn -0.7458 0.5878 0.3136
vn -0.0402 -0.9991 0.0103
vn 0.0000 -1.0000 0.0000
vn 0.0000 -1.0000 0.0000
vn 0.0000 -1.0000 0.0000
vn 0.0000 -1.0000 0.0000
vn -0.5268 -0.0505 -0.8485
vn 0.0226 0.7641 -0.6447
vn -0.1875 0.9633 0.1920
vn -0.0024 0.9999 0.0104
vn -0.7310 0.1504 -0.6656
vn -0.7378 0.0922 -0.6687
vn -0.9010 0.1388 -0.4109
vn -0.9092 0.1532 -0.3871
vn -0.7930 0.1805 0.5818
vn -0.9757 0.1704 -0.1377
vn -0.9827 0.1377 0.1242
vn -0.9428 0.1639 0.2903
vn -0.9300 0.1244 -0.3458
vn -0.9987 -0.0501 0.0097
vn -0.9936 -0.1107 0.0229
vn -0.9904 -0.1161 0.0752
vn -0.1817 -0.7731 -0.6078
vn -0.7761 -0.4948 0.3909
vn -0.6817 0.1402 -0.7181
vn -0.7552 -0.0271 0.6549
vn -0.7001 -0.0301 0.7134
vn -0.6430 -0.0902 0.7605
vn -0.7760 0.4955 -0.3902
vn -0.8427 0.5383 0.0087
vn -0.7638 0.6423 0.0641
vn 0.0282 -0.0116 0.9995
vn 0.0172 0.9977 -0.0649
vn -0.0137 0.9999 -0.0056
vn -0.8091 0.0936 0.5801
vn -0.8124 0.1493 -0.5636
vn -0.9327 0.0894 0.3494
vn -0.8600 0.1014 0.5000
vn -0.8326 0.1309 0.5382
vn -0.8494 0.1474 0.5067
vn -0.8184 0.1518 0.5543
vn -0.9508 0.2130 -0.2249
vn -0.9778 0.0479 -0.2039
vn -0.9308 0.1226 -0.3442
vn -0.9609 0.0037 0.2770
vn -0.9875 -0.1099 0.1126
vn -0.9754 -0.1271 -0.1800
vn -0.9884 -0.0485 0.1437
vn -0.9432 -0.0612 -0.3267
vn -0.9672 -0.0616 0.2463
vn -0.9671 -0.0613 -0.2470
vn -0.8108 -0.2291 -0.5386
vn -0.7213 -0.0968 0.6858
vn -0.7539 -0.1532 -0.6389
vn -0.4727 -0.3362 -0.8146
vn -0.5350 0.0003 0.8449
vn -0.6236 -0.1707 0.7629
vn -0.7475 -0.0753 -0.6600
vn -0.7760 -0.1619 0.6096
vn -0.5526 0.2163 -0.8049
vn -0.7915 0.1155 0.6001
vn -0.6342 0.4060 -0.6580
vn 0.0000 -1.0000 0.0000
vn 0.0000 -1.0000 0.0000
vn 0.0000 -1.0000 0.0000
vn 0.0000 -1.0000 0.0000
vn 0.0634 0.0431 -0.9971
vn -0.3647 0.9264 -0.0940
vn -0.7167 0.3694 0.5915
vn -0.6911 0.1798 0.7001
vn -0.6420 0.2473 -0.7258
vn -0.9817 0.0802 -0.1727
vn -0.9780 -0.1766 -0.1110
vn -0.9924 0.1082 0.0579
vn -0.9790 -0.1581 0.1290
vn -0.9727 -0.1019 0.2086
vn -0.9950 -0.0878 0.0474
vn -0.8842 -0.1626 0.4379
vn -0.6110 0.1000 0.7853
vn -0.6492 0.0705 -0.7574
vn -0.7055 -0.1010 0.7015
vn -0.9725 0.0732 0.2212
vn -0.8387 0.1563 -0.5217
vn -0.9828 0.1675 -0.0777
vn -0.9762 0.1630 -0.1432
vn -0.8812 -0.1629 -0.4437
vn -0.7419 -0.1438 0.6549
vn -0.7040 0.2512 -0.6643
vn -0.7255 0.1373 -0.6743
vn -0.7377 0.1001 -0.6676
vn -0.8263 0.1205 0.5503
vn -0.8501 0.1502 0.5047
vn -0.7528 0.1004 -0.6506
vn -0.9769 0.1776 -0.1184
vn -0.9858 0.1617 -0.0457
vn -0.9902 0.1337 -0.0394
vn -0.9092 0.1632 0.3831
vn -0.9818 0.0575 0.1811
vn -0.9786 -0.1992 0.0516
vn -0.8687 -0.3293 0.3700
vn -0.8437 -0.0697 -0.5323
vn -0.6730 -0.1970 -0.7130
vn -0.2953 -0.5591 -0.7748
vn -0.4255 -0.1111 0.8981
vn -0.9157 -0.0398 -0.3998
vn -0.5908 0.5396 0.5999
vn -0.7276 0.6821 0.0726
vn -0.7527 0.6546 0.0699
vn 0.0000 -1.0000 0.0000
vn 0.0000 -1.0000 0.0000
vn -0.0112 -0.7751 0.6317
vn -0.0049 -0.5314 -0.8471
vn 0.0000 1.0000 0.0000
vn 0.0004 1.0000 0.0058
vn -0.7007 0.1484 -0.6978
vn -0.8426 0.1389 0.5203
vn -0.9816 0.1552 -0.1112
vn -0.9264 0.1108 -0.3598
vn -0.9296 0.1492 0.3370
vn -0.9703 0.0241 -0.2408
vn -0.9343 -0.2266 -0.2750
vn -0.8672 -0.1930 -0.4590
vn -0.9472 -0.1562 0.2800
vn -0.8843 -0.1056 -0.4549
vn -0.9034 -0.0754 0.4222
vn -0.8341 -0.0201 -0.5513
vn -0.6925 -0.2620 -0.6721
vn -0.6849 -0.1058 -0.7209
vn -0.6358 -0.4820 -0.6029
vn -0.7280 -0.0547 -0.6834
vn -0.7647 -0.0824 0.6391
vn -0.7540 0.1506 0.6394
vn -0.6154 0.4087 0.6740
vn -0.6778 0.7084 -0.1969
vn -0.0004 -1.0000 -0.0006
vn -0.0329 0.0354 -0.9988
vn -0.0007 0.9598 0.2807
vn -0.4592 0.6290 -0.6273
vn -0.6645 0.1843 -0.7242
vn -0.6374 0.3458 -0.6886
vn -0.6494 0.1564 -0.7441
vn -0.7491 0.1662 -0.6413
vn -0.7134 0.1512 -0.6843
vn -0.6014 0.1054 0.7919
vn -0.8596 0.1165 0.4975
vn -0.7612 0.1085 0.6394
vn -0.7349 0.1383 -0.6639
vn -0.8401 0.1708 -0.5148
vn -0.8193 0.1699 0.5477
vn -0.8380 0.1844 0.5136
vn -0.9100 0.2364 -0.3405
vn -0.8203 0.1291 0.5571
vn -0.8563 0.1620 0.4904
vn -0.9359 0.0901 -0.3404
vn -0.9242 0.1480 0.3522
vn -0.9782 0.0586 -0.1995
vn -0.9871 0.1473 0.0632
vn -0.8232 -0.0550 -0.5651
vn -0.8518 0.0108 0.5237
vn -0.6344 -0.0890 -0.7679
vn -0.7475 -0.1106 0.6550
vn -0.8262 0.0536 -0.5608
vn -0.7427 0.1819 0.6445
vn -0.6912 0.5378 -0.4827
vn -0.0039 -0.9698 -0.2440
vn 0.0000 -1.0000 0.0000
vn 0.0000 -1.0000 0.0000
vn 0.0000 -1.0000 0.0000
vn 0.0000 -1.0000 0.0000
vn 0.0000 -1.0000 0.0000
vn 0.0000 -1.0000 0.0000
vn 0.0000 -1.0000 0.0000
vn 0.0000 -1.0000 0.0000
vn 0.0000 -1.0000 0.0000
vn 0.0000 -1.0000 0.0000
vn 0.0000 -1.0000 0.0000
vn 0.0973 -0.9912 0.0898
vn 0.0246 -0.0938 0.9953
vn -0.0475 0.4846 0.8734
vn -0.3584 0.7142 0.6012
vn -0.4279 0.7541 -0.4982
vn -0.3512 0.4652 0.8125
vn -0.5795 0.5122 0.6339
vn -0.3800 0.2334 0.8951
vn -0.8887 0.1178 0.4430
vn -0.7746 0.1555 0.6131
vn -0.9035 0.1456 0.4031
vn -0.8551 0.1702 0.4897
vn -0.7148 0.1420 -0.6848
vn -0.8257 0.2170 0.5207
vn -0.9781 0.1568 -0.1366
vn -0.8452 0.1665 0.5079
vn -0.9700 0.0983 -0.2222
vn -0.8926 0.1444 0.4271
vn -0.9835 0.1804 -0.0141
vn -0.9621 0.0410 -0.2697
vn -0.9818 0.0923 -0.1660
vn -0.9919 0.1169 0.0493
vn -0.9618 0.0582 -0.2674
vn -0.9938 0.0968 -0.0554
vn -0.9597 0.1578 0.2324
vn -0.9755 -0.1955 0.1006
vn -0.9738 -0.1802 0.1391
vn -0.9638 -0.2027 0.1729
vn -0.8513 -0.2450 -0.4640
vn -0.8620 -0.0816 0.5002
vn -0.9242 -0.0443 -0.3793
vn -0.7967 -0.1584 0.5833
vn -0.9368 -0.0537 0.3458
vn -0.5856 0.0013 0.8106
vn -0.6518 -0.0236 -0.7580
vn -0.5418 -0.0016 -0.8405
vn -0.5882 -0.6666 0.4579
vn -0.3748 -0.0395 0.9263
vn -0.3975 -0.0493 -0.9163
vn -0.7448 -0.2235 0.6288
vn -0.7128 -0.1998 0.6723
vn -0.8404 -0.1312 -0.5259
vn -0.7911 -0.1235 0.5991
vn -0.7267 -0.0059 0.6870
vn 0.0000 -1.0000 0.0000
vn 0.0000 -1.0000 0.0000
vn 0.0008 -1.0000 0.0014
vn 0.4041 -0.4025 0.8214
vn -0.5606 0.5301 -0.6362
vn -0.6974 0.1158 -0.7073
vn -0.9101 0.1109 0.3993
vn -0.8693 0.1569 0.4687
vn -0.8877 0.1566 0.4329
vn -0.9816 0.0422 -0.1864
vn -0.9721 -0.1880 -0.1406
vn -0.9158 -0.2088 -0.3433
vn -0.9617 -0.1850 0.2021
vn -0.9296 -0.0147 -0.3682
vn -0.7985 0.0250 0.6014
vn -0.7267 -0.1023 0.6793
vn -0.7736 0.2326 -0.5895
vn -0.3579 -0.0737 0.9309
vn -0.4929 -0.0903 -0.8654
vn -0.7412 -0.3948 0.5429
vn -0.8134 -0.0095 -0.5816
vn -0.6812 -0.3413 0.6477
vn -0.4986 0.4224 -0.7570
vn -0.8296 0.2504 -0.4991
vn -0.6882 0.3759 0.6206
vn -0.0009 1.0000 -0.0042
vn -0.0002 1.0000 0.0002
vn -0.4560 0.7089 -0.5380
vn -0.7689 0.1358 -0.6248
vn -0.6814 0.1348 -0.7194
vn -0.9219 0.1677 -0.3493
vn -0.9918 0.1092 -0.0658
vn -0.9530 0.0914 -0.2887
vn -0.8508 0.1715 0.4967
vn -0.9967 0.0814 -0.0062
vn -0.8952 -0.1668 -0.4133
vn -0.8281 -0.0419 -0.5590
vn -0.7663 -0.1432 -0.6263
vn -0.5036 -0.0846 0.8598
vn -0.6476 -0.2116 -0.7320
vn -0.7919 -0.0826 -0.6051
vn -0.4728 -0.1529 0.8678
vn -0.8997 -0.1325 -0.4159
vn -0.8677 -0.1254 -0.4811
vn -0.6715 -0.1846 0.7176
vn -0.7328 0.0339 -0.6796
vn -0.6590 0.3501 -0.6657
vn -0.5453 0.6143 -0.5703
vn -0.5997 0.7914 0.1183
vn -0.6595 0.7443 0.1057
vn -0.6230 0.7691 0.1427
vn 0.0000 -1.0000 0.0000
vn 0.0000 -1.0000 0.0000
vn 0.0000 -1.0000 0.0000
vn 0.0000 -1.0000 0.0000
vn 0.0000 -1.0000 0.0000
vn 0.0000 -1.0000 0.0000
vn 0.0000 -1.0000 0.0000
vn 0.0000 -1.0000 0.0000
vn 0.0000 -1.0000 0.0000
vn 0.0000 -1.0000 0.0000
vn -0.6708 0.0870 0.7365
vn -0.7481 0.1615 0.6436
vn -0.6742 0.1375 -0.7257
vn -0.8584 0.1517 0.4900
vn -0.8603 0.1540 0.4859
vn -0.8827 0.1417 0.4481
vn -0.8942 0.1625 -0.4172
vn -0.9612 0.1594 -0.2252
vn -0.9730 0.1537 -0.1722
vn -0.9604 0.1453 -0.2379
vn -0.8967 0.1401 0.4199
vn -0.9695 0.0779 -0.2325
vn -0.9313 0.0922 -0.3524
vn -0.9273 0.1587 0.3389
vn 0.0000 0.0000 -0.0000
vn -0.9463 -0.1845 0.2655
vn -0.8088 -0.0700 -0.5839
vn -0.8036 -0.1008 -0.5865
vn -0.4511 0.2594 0.8539
vn -0.7067 0.4790 -0.5208
vn -0.5506 0.0152 -0.8346
vn -0.9056 -0.1851 -0.3816
vn -0.6187 0.7461 0.2459
vn -0.0059 0.9992 -0.0397
vn -0.0043 1.0000 -0.0020
vn -0.0000 1.0000 0.0000
vn -0.0000 1.0000 0.0000
vn -0.0000 1.0000 0.0000
vn 0.0019 1.0000 0.0019
vn -0.2987 0.2186 0.9290
vn -0.6119 0.2258 -0.7580
vn -0.6451 0.1446 -0.7503
vn -0.5870 -0.0333 0.8089
vn -0.7941 0.1368 -0.5922
vn -0.4227 0.1666 0.8908
vn -0.7784 0.1382 -0.6123
vn -0.6977 0.0927 -0.7104
vn -0.6076 0.0954 -0.7885
vn -0.8941 0.1517 0.4215
vn -0.8556 0.1589 0.4926
vn -0.9250 0.1193 0.3608
vn -0.7845 0.1644 -0.5980
vn -0.9279 0.1380 0.3463
vn -0.7259 0.6878 0.0028
vn -0.9794 0.1112 -0.1686
vn -0.9703 0.1111 -0.2147
vn -0.9735 0.0586 -0.2213
vn -0.9761 0.1140 -0.1851
vn 0.0000 -0.0000 -0.0000
vn -0.9248 0.1320 0.3568
vn -0.9198 0.0297 -0.3912
vn -0.9625 0.1528 0.2241
vn -0.9900 0.0909 -0.1081
vn -0.9165 -0.1559 0.3683
vn -0.8978 -0.2113 -0.3863
vn -0.9547 -0.2064 0.2143
vn -0.8437 -0.2384 -0.4810
vn -0.9529 -0.1379 0.2703
vn -0.9870 -0.1085 -0.1182
vn -0.9906 -0.0214 -0.1348
vn -0.8331 -0.0857 0.5464
vn -0.9921 -0.0141 -0.1248
vn -0.9791 0.0379 -0.1998
vn -0.9566 0.0044 -0.2915
vn -0.8047 -0.0974 -0.5856
vn -0.7520 -0.1031 0.6511
vn -0.2399 -0.7457 -0.6216
vn -0.6675 -0.6021 0.4381
vn -0.2536 -0.8278 -0.5005
vn -0.5796 -0.7172 0.3870
vn -0.7101 -0.2216 -0.6683
vn -0.8055 -0.0021 -0.5925
vn -0.4356 -0.1255 0.8913
vn -0.7360 -0.3436 -0.5834
vn -0.6300 -0.0152 -0.7764
vn -0.6831 0.4150 0.6009
vn -0.6544 0.4290 0.6227
vn -0.6694 0.3991 -0.6265
vn -0.4700 0.5859 0.6601
vn -0.5187 0.6451 -0.5611
vn -0.5661 0.8233 0.0408
vn -0.6236 0.7807 -0.0413
vn -0.0126 -0.9999 -0.0033
vn -0.0012 -1.0000 -0.0023
vn 0.0000 -1.0000 -0.0000
vn 0.0000 -1.0000 0.0000
vn 0.0000 -1.0000 0.0000
vn 0.0000 -1.0000 0.0000
vn 0.0000 -1.0000 0.0000
vn 0.0000 -1.0000 0.0000
vn 0.0000 -1.0000 0.0000
vn 0.0000 -1.0000 0.0000
vn 0.0000 -1.0000 0.0000
vn 0.0000 -1.0000 0.0000
vn 0.0000 -1.0000 0.0000
vn 0.0000 -1.0000 0.0000
vn 0.0000 -1.0000 0.0000
vn 0.0000 -1.0000 0.0000
vn -0.0009 -0.7077 0.7065
vn -0.1547 0.0215 0.9877
vn -0.0001 1.0000 0.0000
vn -0.1330 0.9140 0.3833
vn 0.0000 1.0000 0.0000
vn -0.0083 0.9999 0.0142
vn 0.0527 0.9984 -0.0188
vn -0.2408 0.9482 -0.2071
vn -0.3012 0.9272 -0.2227
vn -0.2228 0.5574 0.7998
vn -0.5428 0.2744 -0.7938
vn -0.2619 0.1019 0.9597
vn -0.6667 0.1421 -0.7316
vn -0.4369 0.0827 0.8957
vn -0.4299 0.1063 0.8966
vn -0.7295 0.1299 -0.6715
vn -0.7261 0.1612 0.6684
vn -0.7795 0.1781 0.6006
vn -0.8110 0.1630 0.5619
vn -0.8937 0.2601 -0.3656
vn -0.9232 0.1297 0.3617
vn -0.9119 0.1449 0.3841
vn -0.9742 0.0135 -0.2252
vn -0.9259 0.1503 0.3465
vn -0.9246 0.0716 -0.3741
vn -0.9550 0.2075 -0.2121
vn -0.9510 0.0522 0.3048
vn -0.7995 -0.5038 -0.3273
vn -0.6984 -0.4627 -0.5461
vn -0.9968 0.0782 -0.0192
vn -0.8707 -0.2936 0.3947
vn -0.9859 -0.1067 -0.1286
vn -0.9171 -0.3977 0.0262
vn -0.9742 -0.1127 0.1957
vn -0.9421 -0.1549 0.2973
vn -0.9496 -0.1487 -0.2760
vn -0.9643 -0.2087 0.1631
vn -0.9928 -0.1052 -0.0577
vn -0.8445 -0.1844 0.5029
vn -0.8434 -0.1417 0.5183
vn -0.9854 -0.0460 -0.1641
vn -0.9571 -0.0331 -0.2877
vn -0.9667 0.0340 -0.2538
vn -0.7170 0.0479 0.6954
vn -0.9654 -0.0068 -0.2608
vn -0.9407 -0.0499 -0.3356
vn -0.6793 0.0012 0.7338
vn -0.8293 -0.0821 -0.5528
vn -0.9117 -0.0706 -0.4046
vn -0.6498 -0.1577 -0.7435
vn -0.8260 0.0216 -0.5633
vn -0.4602 0.5130 0.7246
vn -0.4232 0.0551 -0.9044
vn -0.4862 0.1736 0.8564
vn -0.2932 -0.5088 -0.8094
vn -0.3554 0.2831 0.8908
vn -0.6930 0.1081 -0.7128
vn -0.9633 0.2224 -0.1504
vn -0.8476 -0.0301 -0.5298
vn -0.7080 -0.1203 -0.6959
vn -0.5833 -0.0990 -0.8062
vn -0.6003 -0.0431 -0.7986
vn -0.7038 -0.0840 0.7054
vn -0.5572 0.0209 -0.8301
vn -0.6303 0.1074 -0.7689
vn -0.4153 0.0327 0.9091
vn -0.6702 0.1655 0.7235
vn -0.5509 0.3196 -0.7710
vn -0.7239 0.4054 -0.5583
vn -0.6149 0.6741 -0.4093
vn 0.0000 -1.0000 0.0000
vn 0.0000 -1.0000 0.0000
vn 0.0000 -1.0000 0.0000
vn -0.0555 -0.8862 0.4600
vn -0.0066 -0.0412 -0.9991
vn -0.4894 0.7600 -0.4277
vn -0.6022 0.1651 -0.7811
vn -0.6136 0.1580 -0.7736
vn -0.6068 0.1658 -0.7774
vn -0.6744 0.1179 -0.7289
vn -0.0823 0.5478 0.8326
vn -0.6371 0.1553 0.7550
vn -0.9268 0.1383 -0.3493
vn -0.9043 0.1224 0.4089
vn -0.9644 0.1495 -0.2183
vn -0.9788 0.1710 -0.1132
vn -0.9734 0.1165 -0.1973
vn -0.9467 0.1099 0.3029
vn -0.9276 0.1264 0.3516
vn -0.9392 0.1212 0.3213
vn -0.9451 0.0665 -0.3200
vn -0.9447 0.1719 0.2793
vn -0.9889 0.1215 0.0859
vn -0.9539 0.1456 0.2623
vn -0.4838 -0.8509 0.2047
vn -0.9033 -0.3030 -0.3037
vn -0.9684 -0.2361 0.0808
vn -0.7061 -0.6175 0.3465
vn -0.9582 -0.1520 0.2425
vn -0.9616 -0.1493 -0.2303
vn -0.9471 -0.1886 0.2598
vn -0.9762 -0.0590 -0.2088
vn -0.9962 -0.0869 0.0021
vn -0.9005 0.0121 -0.4346
vn -0.6784 0.0992 0.7280
vn -0.9696 0.0493 -0.2398
vn -0.4274 0.2629 0.8650
vn -0.7044 -0.6406 0.3057
vn -0.3344 0.1577 0.9291
vn -0.5301 0.6516 -0.5425
vn -0.7918 -0.2033 0.5759
vn -0.7379 0.1845 -0.6493
vn -0.6457 0.3610 0.6729
vn -0.4931 0.5824 -0.6463
vn -0.1493 0.8032 -0.5767
vn -0.5468 0.8329 -0.0854
vn 0.0000 -1.0000 0.0000
vn -0.0635 0.9975 -0.0324
vn 0.0826 0.5094 0.8566
vn -0.5516 0.7636 -0.3358
vn -0.3024 0.6524 0.6949
vn -0.5903 0.3741 -0.7153
vn -0.4399 0.1198 0.8900
vn -0.7101 0.1312 0.6918
vn -0.7839 0.1412 -0.6046
vn -0.5994 0.1274 -0.7903
vn -0.7246 0.1771 0.6660
vn -0.8518 0.1519 0.5014
vn -0.8464 0.1678 -0.5055
vn -0.9355 0.1573 -0.3165
vn -0.9130 0.1308 0.3863
vn -0.9507 0.1052 -0.2916
vn -0.9334 0.0988 -0.3449
vn -0.9290 0.0867 -0.3597
vn -0.9939 0.0937 -0.0589
vn -0.9488 -0.2913 0.1221
vn -0.9857 0.0848 0.1454
vn -0.9772 -0.0276 -0.2104
vn -0.9976 0.0649 0.0241
vn -0.9445 -0.2421 0.2222
vn -0.9052 0.1762 -0.3868
vn -0.8874 -0.2018 -0.4145
vn -0.9763 -0.1292 0.1738
vn -0.9785 0.0092 -0.2061
vn -0.9881 -0.0651 0.1394
vn -0.8880 -0.1052 -0.4476
vn -0.9080 -0.1347 -0.3968
vn -0.9307 -0.0907 -0.3544
vn -0.8839 -0.0894 -0.4591
vn -0.9198 -0.0742 -0.3853
vn -0.6957 0.0244 0.7179
vn -0.9109 0.0568 -0.4086
vn -0.9520 0.0015 -0.3062
vn -0.7310 0.0453 0.6809
vn -0.7042 0.0058 0.7100
vn -0.6891 -0.0023 0.7246
vn -0.7629 0.1029 -0.6382
vn -0.8128 0.0421 0.5810
vn -0.4196 -0.7802 -0.4638
vn -0.3245 0.0458 0.9448
vn -0.6552 -0.0922 -0.7498
vn -0.5502 -0.0715 -0.8320
vn -0.7633 0.1094 0.6368
vn -0.5598 -0.0213 -0.8283
vn -0.4612 0.1390 -0.8764
vn -0.5415 0.6387 0.5466
vn -0.5107 0.7308 -0.4529
vn 0.0000 -1.0000 0.0000
vn 0.0000 -1.0000 0.0000
vn 0.0000 -1.0000 0.0000
vn -0.2946 0.7228 0.6251
vn -0.5191 0.7043 -0.4842
vn -0.3176 0.4012 0.8592
vn -0.7667 0.0267 0.6414
vn -0.4651 0.3856 0.7969
vn -0.6218 0.1368 -0.7711
vn -0.4624 0.1753 0.8692
vn -0.6191 0.1225 -0.7757
vn -0.6182 0.0944 -0.7803
vn -0.8889 0.1564 0.4307
vn -0.7116 0.1421 -0.6880
vn -0.9612 0.1298 -0.2435
vn -0.8131 0.1427 0.5644
vn -0.8944 0.1302 0.4278
vn -0.9205 0.1349 0.3668
vn -0.9165 0.0723 -0.3934
vn -0.9390 0.0862 -0.3329
vn -0.9381 0.1281 0.3218
vn -0.9403 0.0368 -0.3383
vn -0.9969 0.0786 -0.0087
vn -0.7132 -0.5216 -0.4683
vn -0.9675 -0.0250 -0.2517
vn -0.9157 0.0317 -0.4005
vn -0.9945 0.0644 0.0827
vn -0.6015 -0.3535 -0.7165
vn -0.9996 -0.0148 -0.0226
vn -0.9974 -0.0688 -0.0226
vn -0.9142 -0.1390 -0.3806
vn -0.8896 -0.1645 0.4260
vn -0.8416 -0.1765 0.5105
vn -0.8784 -0.0622 -0.4739
vn -0.7461 -0.0057 0.6658
vn -0.9353 0.0509 -0.3502
vn -0.9364 -0.1023 0.3358
vn -0.5168 -0.1017 0.8500
vn -0.6639 -0.2171 0.7156
vn -0.5709 -0.1953 0.7974
vn -0.5803 0.5375 0.6118
vn -0.2549 0.9262 0.2778
vn -0.5882 0.7241 -0.3602
vn -0.3528 0.4939 0.7947
vn -0.2946 0.1001 0.9504
vn -0.6253 0.1195 -0.7712
vn -0.2803 0.1259 0.9516
vn -0.6368 0.1258 -0.7607
vn -0.6459 0.1905 0.7393
vn -0.6537 0.1351 -0.7446
vn -0.6789 0.1642 0.7156
vn -0.9521 0.1495 -0.2666
vn -0.9105 0.1373 0.3900
vn -0.9421 0.1057 -0.3181
vn -0.9443 0.1124 0.3094
vn -0.9429 0.0894 -0.3208
vn -0.8388 -0.5077 0.1967
vn -0.7651 -0.6219 -0.1666
vn -0.9582 0.0012 0.2862
vn -0.9694 -0.0726 -0.2346
vn -0.7195 -0.1393 0.6804
vn -0.7820 0.0287 -0.6226
vn -0.7754 0.0217 0.6311
vn -0.8125 -0.0256 -0.5823
vn -0.8671 0.0046 -0.4980
vn -0.5656 0.0358 0.8239
vn -0.5715 0.1324 0.8099
vn -0.4666 -0.4819 -0.7416
vn -0.4298 0.2095 -0.8783
vn -0.5100 0.0407 0.8592
vn -0.7357 -0.2884 0.6128
vn -0.2819 0.2564 0.9245
vn -0.4342 0.5330 -0.7262
vn -0.5368 0.6421 0.5473
vn -0.0330 0.1700 -0.9849
vn -0.7639 0.3981 -0.5079
vn -0.5792 0.1642 -0.7985
vn -0.8940 0.1460 -0.4237
vn -0.9939 -0.0022 -0.1099
vn -0.9513 0.1504 -0.2690
vn -0.9106 0.1296 0.3926
vn -0.9415 0.0815 -0.3269
vn -0.9252 0.0682 -0.3734
vn -0.9486 0.1050 0.2987
vn -0.8885 -0.1005 0.4478
vn -0.9570 -0.0422 0.2868
vn -0.8676 -0.1241 0.4816
vn -0.8044 -0.0873 -0.5877
vn -0.8546 -0.1246 -0.5041
vn -0.7618 -0.1364 -0.6333
vn -0.7212 0.0009 0.6927
vn -0.7466 0.0419 0.6640
vn -0.7404 -0.2971 0.6029
vn -0.5708 -0.1295 -0.8108
vn -0.2570 0.9378 0.2334
vn 0.0000 -1.0000 0.0000
vn -0.4118 0.7608 -0.5016
vn -0.3081 0.0902 0.9471
vn -0.5770 0.1280 -0.8067
vn -0.3473 0.1576 0.9244
vn -0.5943 0.1368 -0.7925
vn -0.6468 0.0865 -0.7578
vn -0.6296 0.1717 0.7577
vn -0.9315 0.1199 -0.3435
vn -0.9591 0.1404 0.2460
vn -0.6799 -0.1178 -0.7238
vn -0.7861 0.0252 -0.6176
vn -0.6912 0.0721 -0.7191
vn -0.9464 -0.0313 -0.3215
vn -0.8492 0.0843 -0.5212
vn -0.9199 -0.3770 -0.1078
vn -0.8640 -0.4996 -0.0619
vn -0.5281 -0.1064 0.8425
vn -0.0328 -0.6998 0.7136
vn -0.6357 0.6138 -0.4680
vn -0.7081 0.1362 -0.6928
vn -0.2880 0.1507 0.9457
vn -0.4807 0.1485 -0.8642
vn -0.7748 0.1640 0.6105
vn -0.9538 0.1435 -0.2639
vn -0.9471 0.1468 -0.2855
vn -0.9016 0.1308 -0.4123
vn -0.9101 0.1068 -0.4005
vn -0.5720 -0.6146 0.5432
vn -0.8419 -0.0049 -0.5396
vn -0.7715 -0.1427 0.6200
vn -0.7634 -0.1420 -0.6301
vn -0.8777 0.0081 -0.4791
vn -0.5562 0.3703 0.7440
vn -0.7465 0.4295 -0.5082
vn -0.3191 -0.4907 0.8108
vn -0.5788 -0.0753 -0.8120
vn -0.5066 0.2983 0.8089
vn -0.6029 0.4760 0.6403
vn -0.4873 0.7214 -0.4920
vn 0.0172 -0.9996 -0.0232
vn 0.0000 -1.0000 0.0000
vn 0.0000 -1.0000 0.0000
vn 0.0000 -1.0000 0.0000
vn -0.0249 0.2421 0.9699
vn -0.0158 0.9996 -0.0220
vn -0.7064 0.5943 -0.3844
vn -0.6800 0.2017 -0.7050
vn -0.6565 0.1417 -0.7409
vn -0.6560 0.1362 -0.7424
vn -0.7285 0.1765 0.6619
vn -0.7704 0.1420 0.6216
vn -0.8226 0.2430 0.5140
vn -0.9045 0.0807 -0.4188
vn -0.5678 -0.4109 -0.7133
vn -0.6196 -0.5825 0.5261
vn -0.8189 -0.0495 0.5718
vn -0.7297 -0.1511 0.6669
vn -0.7011 -0.1760 -0.6910
vn -0.6644 -0.0132 0.7472
vn -0.6834 -0.0204 0.7298
vn -0.8948 -0.0918 -0.4369
vn -0.7714 0.0524 -0.6342
vn -0.7429 0.0510 0.6675
vn -0.8045 -0.5640 -0.1864
vn -0.7148 -0.0266 -0.6989
vn -0.5613 0.3028 0.7702
vn -0.6887 -0.2918 0.6637
vn -0.7290 -0.2199 0.6482
vn -0.6030 -0.2536 0.7564
vn -0.5102 -0.0358 -0.8593
vn -0.5573 0.6277 -0.5436
vn -0.6322 0.6763 -0.3780
vn 0.0126 -0.2826 -0.9592
vn -0.1143 -0.0947 0.9889
vn 0.0586 0.3980 -0.9155
vn -0.5143 0.7389 0.4354
vn -0.4904 0.6657 -0.5625
vn -0.8256 0.4151 -0.3821
vn -0.2119 0.0981 0.9724
vn -0.6961 0.1479 -0.7026
vn -0.7461 0.1614 -0.6459
vn -0.6267 0.1086 -0.7717
vn -0.5934 0.1401 -0.7926
vn -0.4028 0.1596 0.9013
vn -0.6279 0.1675 0.7601
vn -0.5253 0.1586 -0.8360
vn -0.7603 0.1615 0.6292
vn -0.7955 0.1675 0.5823
vn -0.8328 0.1643 -0.5286
vn -0.5898 0.3540 0.7258
vn -0.9076 0.1197 0.4024
vn -0.9171 0.1468 -0.3707
vn -0.8574 0.0738 -0.5093
vn -0.9341 0.2201 -0.2812
vn -0.7008 0.0086 -0.7133
vn -0.7761 -0.1392 -0.6151
vn -0.6635 -0.1519 0.7326
vn -0.5981 -0.1116 -0.7936
vn -0.7768 -0.0965 -0.6223
vn -0.6815 -0.0701 -0.7284
vn -0.6708 0.0649 0.7388
vn -0.3402 -0.7018 -0.6259
vn 0.0258 -0.8961 -0.4431
vn -0.7108 -0.3234 0.6247
vn -0.5775 -0.0876 -0.8117
vn -0.2238 -0.0820 0.9712
vn -0.2538 0.0812 -0.9639
vn -0.3765 0.6144 0.6933
vn -0.5690 0.5690 0.5937
vn -0.5416 0.8272 0.1493
vn -0.5535 0.8328 0.0070
vn 0.0000 -1.0000 0.0000
vn 0.0139 0.6666 -0.7452
vn -0.0034 0.8057 -0.5923
vn 0.0162 0.9970 -0.0760
vn -0.0049 1.0000 -0.0033
vn -0.2584 0.9350 0.2430
vn -0.5860 0.7228 -0.3663
vn -0.7029 0.4515 -0.5496
vn -0.8354 0.1389 -0.5317
vn -0.8326 0.1299 -0.5384
vn -0.1747 0.1917 0.9658
vn -0.8548 0.1410 -0.4995
vn -0.7352 0.1873 -0.6514
vn -0.4071 0.1543 0.9002
vn -0.8583 0.1472 -0.4916
vn -0.7091 0.1825 -0.6811
vn -0.3061 0.1989 0.9310
vn -0.5216 0.1170 -0.8451
vn -0.5386 0.0630 -0.8402
vn -0.2008 0.1536 0.9675
vn -0.5833 0.1287 -0.8020
vn -0.5240 0.1541 0.8377
vn -0.5237 0.1539 0.8379
vn -0.6316 0.1642 -0.7577
vn -0.5714 0.1945 -0.7973
vn -0.6366 0.1234 -0.7613
vn -0.7071 0.1476 -0.6916
vn -0.6524 0.1643 0.7399
vn -0.8397 0.1309 -0.5271
vn -0.7527 0.1625 0.6380
vn -0.9479 0.1538 -0.2789
vn -0.9399 0.1389 -0.3119
vn -0.9160 0.1039 0.3874
vn -0.7916 0.1140 0.6003
vn -0.9042 0.0644 -0.4221
vn -0.2382 -0.6441 -0.7269
vn -0.6470 -0.3713 0.6660
vn -0.7489 -0.1050 0.6543
vn -0.6449 -0.0960 0.7582
vn -0.7807 -0.1283 -0.6116
vn -0.6397 -0.1017 0.7619
vn -0.6591 -0.0170 0.7519
vn -0.7394 0.0488 0.6715
vn -0.6493 0.0578 0.7583
vn -0.7468 0.0212 -0.6647
vn -0.7864 0.1250 -0.6050
vn -0.5620 0.1391 0.8153
vn -0.7955 0.2490 0.5525
vn -0.8800 -0.4648 0.0975
vn -0.7432 0.3180 -0.5887
vn -0.8093 -0.5676 0.1511
vn -0.9956 0.0525 0.0782
vn -0.4963 0.2069 -0.8431
vn -0.5878 -0.1724 0.7904
vn -0.4491 -0.2326 0.8627
vn -0.4413 -0.0274 -0.8969
vn -0.6400 0.0635 -0.7657
vn -0.5149 0.0725 0.8542
vn -0.5232 0.0511 -0.8506
vn -0.3690 0.3838 -0.8465
vn -0.5357 0.4182 0.7336
vn -0.4467 0.6211 0.6440
vn -0.5897 0.5553 -0.5864
vn -0.4388 0.7423 -0.5064
vn -0.4784 0.8150 -0.3270
vn -0.5053 0.8375 0.2079
vn 0.0070 -0.7696 -0.6385
vn 0.0259 -0.8778 -0.4783
vn 0.0000 -1.0000 0.0000
vn 0.0000 -1.0000 0.0000
vn 0.0000 -1.0000 0.0000
vn 0.0000 -1.0000 0.0000
vn -0.0615 -0.9955 0.0728
vn -0.0111 -0.0503 -0.9987
vn -0.2334 0.9547 0.1846
vn -0.0899 0.9566 0.2772
vn -0.4161 0.7521 0.5111
vn -0.5965 0.6831 -0.4213
vn -0.8364 0.2132 -0.5049
vn -0.8342 0.1209 -0.5381
vn -0.6987 0.1420 -0.7012
vn -0.7165 0.1125 -0.6884
vn -0.5826 0.1201 -0.8038
vn -0.6197 0.1876 0.7621
vn -0.6803 0.1080 -0.7249
vn -0.7679 0.1361 -0.6259
vn -0.9197 0.1172 -0.3746
vn -0.9491 0.1382 -0.2831
vn -0.8809 0.0882 -0.4651
vn -0.8625 0.0965 0.4967
vn -0.6277 -0.1554 -0.7628
vn -0.6541 -0.3537 -0.6686
vn -0.7716 -0.0659 0.6326
vn -0.7328 0.0540 0.6783
vn -0.7453 -0.0139 -0.6666
vn -0.6562 0.1008 0.7479
vn -0.6906 0.2151 -0.6905
vn -0.8025 0.2339 -0.5489
vn -0.4763 -0.0556 -0.8776
vn -0.6843 -0.2692 0.6777
vn -0.6848 -0.1551 -0.7120
vn -0.1858 0.0560 0.9810
vn -0.3294 0.4316 0.8398
vn -0.5280 0.6588 0.5359
vn -0.8563 0.2314 -0.4616
vn -0.8806 0.2533 -0.4006
vn -0.3698 0.1031 0.9234
vn -0.3566 0.1172 0.9269
vn -0.6003 0.1471 -0.7862
vn -0.2191 0.3753 0.9006
vn -0.5732 0.1389 -0.8076
vn -0.5860 0.0990 -0.8042
vn -0.6770 0.1736 0.7152
vn -0.7639 0.1080 0.6362
vn -0.7635 0.1102 -0.6364
vn -0.8897 -0.0512 -0.4537
vn -0.5396 -0.5286 0.6553
vn -0.1231 -0.9138 0.3871
vn -0.6318 -0.1194 0.7659
vn -0.5663 -0.1676 -0.8069
vn -0.6978 -0.0650 0.7133
vn -0.5590 -0.0381 -0.8283
vn -0.7656 -0.5552 0.3250
vn -0.7894 -0.0715 0.6097
vn -0.8162 0.3381 0.4685
vn -0.6650 0.4186 0.6185
vn -0.5343 0.2627 -0.8035
vn -0.4038 0.2735 -0.8730
vn -0.4972 0.8592 0.1206
vn 0.0000 -1.0000 0.0000
vn 0.0000 -1.0000 0.0000
vn 0.0611 0.9960 -0.0645
vn -0.7702 0.3810 -0.5115
vn -0.3646 0.1725 0.9151
vn -0.5880 0.1225 -0.7996
vn -0.2585 0.1491 0.9544
vn -0.3374 0.1363 0.9314
vn -0.3876 0.1583 0.9081
vn -0.6048 0.1220 -0.7870
vn -0.5504 0.1814 0.8150
vn -0.8161 0.0863 0.5715
vn -0.6772 -0.3454 0.6497
vn -0.9170 0.1248 -0.3788
vn -0.6425 -0.0101 -0.7662
vn -0.5671 0.0623 -0.8213
vn -0.4971 -0.1164 -0.8598
vn -0.5111 0.1736 -0.8418
vn -0.4556 0.3721 -0.8087
vn -0.4774 0.7051 0.5243
vn 0.0000 -1.0000 0.0000
vn 0.0000 -1.0000 0.0000
vn 0.0000 -1.0000 0.0000
vn 0.0000 -1.0000 0.0000
vn -0.1115 0.9623 -0.2483
vn -0.5158 0.5697 0.6399
vn -0.9310 0.1339 -0.3396
vn -0.5515 0.1975 -0.8105
vn -0.6988 0.1386 -0.7018
vn -0.5915 0.1004 -0.8000
vn -0.8668 0.0996 0.4885
vn -0.9111 0.1403 -0.3877
vn -0.7537 0.1324 0.6438
vn -0.7046 -0.0693 0.7062
vn -0.6905 -0.1495 0.7077
vn -0.3116 0.1568 0.9372
vn -0.6255 -0.6281 -0.4628
vn -0.9158 -0.3638 0.1702
vn -0.4251 -0.4855 -0.7640
vn -0.4228 0.7384 0.5254
vn -0.8107 0.4202 0.4077
vn -0.2965 -0.3890 -0.8722
vn -0.1857 -0.1363 0.9731
vn -0.5052 -0.0648 -0.8605
vn -0.2365 -0.1210 0.9641
vn -0.1625 0.2240 0.9609
vn -0.0805 0.3292 0.9408
vn -0.5037 0.3966 0.7675
vn 0.0006 1.0000 0.0026
vn 0.2255 0.9737 -0.0336
vn -0.5554 0.7311 0.3962
vn -0.7131 0.3767 -0.5913
vn -0.8073 0.1701 -0.5652
vn -0.5883 0.1424 -0.7960
vn -0.9307 0.1419 -0.3371
vn -0.8074 0.1003 0.5815
vn -0.9231 0.1304 -0.3619
vn -0.5551 -0.3187 -0.7683
vn -0.5616 -0.6024 0.5672
vn -0.6233 -0.0459 0.7806
vn -0.5680 0.0685 -0.8202
vn -0.6905 0.0476 0.7218
vn -0.6576 0.3297 -0.6774
vn -0.1961 -0.4236 -0.8844
vn -0.4774 0.0248 -0.8783
vn -0.3706 -0.0981 -0.9236
vn -0.3150 -0.1551 -0.9363
vn -0.5604 0.0501 -0.8267
vn -0.3610 0.1558 -0.9195
vn 0.0089 -0.9999 -0.0087
vn -0.0000 -1.0000 -0.0000
vn 0.0000 -1.0000 0.0000
vn 0.0000 -1.0000 0.0000
vn 0.0000 -1.0000 0.0000
vn 0.0000 -1.0000 0.0000
vn 0.0000 -1.0000 0.0000
vn -0.0092 -0.7040 0.7102
vn 0.1149 0.8919 0.4373
vn -0.5503 0.6378 0.5389
vn -0.8628 0.2406 -0.4446
vn -0.9067 0.1497 -0.3943
vn -0.8311 0.1611 -0.5323
vn -0.5512 0.1213 -0.8255
vn -0.8307 0.1294 -0.5415
vn -0.8648 0.1292 -0.4851
vn -0.5515 -0.1602 -0.8187
vn -0.5739 -0.1369 -0.8074
vn -0.5750 0.1665 -0.8010
vn -0.4378 0.3082 0.8446
vn -0.5033 0.0282 -0.8636
vn -0.3726 -0.1659 -0.9131
vn -0.2287 0.3416 0.9116
vn -0.0317 -0.9949 0.0959
vn 0.0104 0.9999 -0.0063
vn -0.4831 0.7541 0.4450
vn -0.4571 0.7047 -0.5427
vn -0.7649 0.4451 0.4656
vn -0.6099 0.4126 -0.6766
vn -0.3558 0.1519 0.9221
vn -0.8426 0.1497 -0.5174
vn -0.4540 0.1026 0.8851
vn -0.3749 0.1557 0.9139
vn -0.5143 0.1868 0.8370
vn -0.6404 0.1342 -0.7562
vn -0.0562 -0.9223 0.3824
vn -0.6363 -0.0800 -0.7673
vn -0.6187 -0.1251 0.7756
vn -0.4589 -0.1671 -0.8726
vn -0.6993 -0.1882 0.6896
vn -0.6735 0.0626 0.7365
vn -0.6422 0.0327 -0.7658
vn -0.5905 0.0087 -0.8070
vn -0.6041 0.0944 -0.7913
vn -0.3663 -0.7505 -0.5500
vn -0.5538 -0.1806 0.8128
vn -0.4185 -0.0141 -0.9081
vn -0.1648 0.1634 0.9727
vn -0.4555 0.8628 0.2195
vn 0.0000 -1.0000 0.0000
vn 0.0000 -1.0000 0.0000
vn 0.0000 -1.0000 0.0000
vn 0.0000 -1.0000 0.0000
vn 0.0000 -1.0000 0.0000
vn 0.0000 -1.0000 0.0000
vn -0.0088 -0.0147 0.9999
vn -0.0395 0.8572 0.5134
vn 0.0747 0.9550 -0.2871
vn -0.5280 0.6197 0.5807
vn -0.4358 0.6429 0.6299
vn -0.5431 0.6613 0.5173
vn -0.6953 0.2444 -0.6759
vn -0.3301 0.1084 0.9377
vn -0.5033 0.1864 0.8438
vn -0.5661 0.1360 0.8130
vn -0.3830 0.1323 0.9142
vn -0.8685 0.1524 -0.4717
vn -0.3988 0.1572 0.9035
vn -0.9090 0.1607 -0.3846
vn -0.8215 0.1620 -0.5467
vn -0.4116 0.1452 0.8997
vn -0.7951 0.1617 -0.5846
vn -0.4083 0.1002 -0.9073
vn -0.3777 0.1562 0.9127
vn -0.5874 0.1225 -0.8000
vn -0.5631 0.1036 -0.8199
vn -0.7763 0.0887 0.6241
vn -0.9285 0.0480 0.3682
vn -0.6459 0.1337 -0.7516
vn -0.5830 0.1380 -0.8007
vn -0.6575 0.1260 -0.7429
vn -0.5998 -0.0369 -0.7993
vn -0.7640 0.1170 -0.6345
vn -0.9525 0.0432 0.3015
vn -0.9077 0.0726 0.4133
vn -0.4120 -0.4457 -0.7947
vn -0.6556 -0.0682 0.7520
vn -0.6664 0.0800 0.7413
vn -0.5839 0.0557 -0.8099
vn -0.6947 0.0508 0.7175
vn -0.5916 0.0003 -0.8062
vn -0.6984 0.0825 -0.7110
vn -0.6801 0.2748 -0.6797
vn -0.8558 0.0606 0.5138
vn -0.1615 0.2420 -0.9567
vn -0.4673 -0.0118 -0.8840
vn -0.1605 -0.1329 0.9780
vn -0.1403 -0.0487 0.9889
vn -0.1790 0.4147 0.8922
vn -0.3455 0.6271 -0.6981
vn -0.4606 0.7584 -0.4612
vn -0.4351 0.7454 0.5050
vn 0.0000 -1.0000 0.0000
vn 0.0000 -1.0000 0.0000
vn 0.0000 -1.0000 0.0000
vn 0.0000 -1.0000 0.0000
vn 0.0624 0.0711 -0.9955
vn -0.5232 0.1990 0.8287
vn -0.6700 0.1782 -0.7206
vn -0.6670 0.1626 -0.7271
vn -0.6580 0.1596 -0.7359
vn -0.5471 0.1455 0.8243
vn -0.8028 0.1584 -0.5748
vn -0.8101 0.1551 -0.5654
vn -0.7676 0.1753 -0.6164
vn -0.4077 0.1682 0.8975
vn -0.6382 0.1192 -0.7606
vn -0.3640 0.1957 0.9106
vn -0.6143 0.0911 -0.7838
vn -0.8816 0.0276 0.4712
vn -0.6494 0.1139 -0.7518
vn -0.8888 0.0474 0.4558
vn -0.9175 0.0616 0.3929
vn -0.8612 0.1282 -0.4919
vn -0.4183 -0.5870 -0.6931
vn -0.5773 0.0044 0.8165
vn -0.6129 -0.0225 -0.7898
vn -0.6148 -0.1325 -0.7775
vn -0.6265 -0.1513 0.7646
vn -0.6989 -0.1935 0.6885
vn -0.6694 -0.1700 0.7232
vn -0.5522 0.1204 0.8250
vn -0.5035 -0.0776 -0.8605
vn -0.6506 0.1097 0.7515
vn -0.7191 0.0826 0.6900
vn -0.6664 0.1259 0.7349
vn -0.1727 0.3691 0.9132
vn -0.6015 -0.0839 0.7945
vn -0.4377 -0.2589 0.8610
vn -0.6281 -0.0289 -0.7776
vn -0.1039 -0.1661 -0.9806
vn -0.0895 -0.1547 0.9839
vn -0.2594 -0.0887 -0.9617
vn -0.0152 -0.0654 0.9977
vn -0.2874 0.2413 -0.9269
vn -0.1222 0.3149 0.9412
vn -0.4857 0.5610 -0.6704
vn -0.6052 0.7165 -0.3468
vn -0.3658 0.6699 -0.6461
vn -0.4360 0.7913 -0.4286
vn -0.5076 0.8614 0.0190
vn 0.0001 1.0000 0.0036
vn -0.0013 1.0000 0.0010
vn -0.0036 1.0000 0.0048
vn -0.1754 0.9245 -0.3383
vn -0.5475 0.5106 -0.6629
vn -0.7975 0.3874 0.4624
vn -0.8218 0.0720 0.5652
vn -0.6711 0.1440 -0.7273
vn -0.7730 0.1465 -0.6173
vn -0.3954 0.1596 0.9045
vn -0.7825 0.1015 0.6143
vn -0.4159 0.1415 0.8984
vn -0.7805 0.1582 -0.6048
vn -0.2845 0.1045 0.9530
vn -0.7168 0.3309 -0.6137
vn -0.6138 0.1061 -0.7823
vn -0.6594 0.1044 -0.7445
vn -0.9014 0.0697 0.4274
vn -0.7502 0.1060 -0.6527
vn -0.5089 -0.6904 0.5142
vn -0.5564 -0.3844 -0.7366
vn 0.1018 -0.6089 -0.7867
vn -0.7036 0.0557 -0.7084
vn -0.6172 -0.0025 0.7868
vn -0.4136 0.6115 -0.6745
vn -0.4996 0.2921 -0.8155
vn -0.1578 0.5044 0.8489
vn -0.5850 0.3376 -0.7375
vn -0.2014 -0.1545 0.9672
vn -0.2422 0.2223 -0.9444
vn -0.5461 0.5591 0.6239
vn -0.5014 0.7700 -0.3946
vn -0.2598 0.8977 0.3557
vn -0.0004 -1.0000 -0.0007
vn 0.0000 -1.0000 0.0000
vn 0.0000 -1.0000 0.0000
vn 0.0000 -1.0000 0.0000
vn 0.0000 -1.0000 0.0000
vn 0.0000 -1.0000 0.0000
vn 0.0000 -1.0000 0.0000
vn -0.0094 -0.7195 -0.6944
vn -0.1638 0.9584 0.2336
vn -0.2985 0.6703 -0.6794
vn -0.5575 0.2478 -0.7923
vn -0.7806 0.1016 0.6167
vn -0.5367 0.1051 0.8372
vn -0.6694 0.1695 -0.7233
vn -0.5044 0.1738 -0.8458
vn -0.5759 0.1360 0.8061
vn -0.8488 0.1738 -0.4993
vn -0.4210 0.1447 0.8954
vn -0.5493 0.1955 -0.8124
vn -0.8349 0.0428 0.5487
vn -0.5829 0.1253 -0.8028
vn -0.5572 0.1203 -0.8216
vn -0.9194 0.0152 0.3930
vn -0.9015 0.0321 0.4317
vn -0.6625 0.1393 -0.7360
vn -0.9005 0.0399 0.4331
vn -0.6482 0.0962 -0.7554
vn -0.6222 0.1041 -0.7759
vn -0.8713 0.0579 0.4874
vn 0.1260 -0.9890 0.0770
vn -0.4838 -0.4697 -0.7384
vn -0.2604 -0.5227 -0.8118
vn -0.6239 -0.1155 -0.7729
vn -0.5698 -0.1593 -0.8062
vn -0.6724 -0.1874 0.7160
vn -0.5430 -0.0397 -0.8388
vn -0.4639 -0.0466 -0.8847
vn -0.5312 0.0096 -0.8472
vn -0.5093 0.0939 -0.8554
vn -0.5639 0.2636 -0.7827
vn -0.1365 -0.0924 -0.9863
vn -0.2343 0.5147 0.8247
vn -0.4099 0.7508 0.5179
vn -0.4946 0.7294 0.4726
vn -0.8798 0.3806 0.2847
vn -0.7046 0.1183 0.6997
vn -0.8033 0.2693 -0.5312
vn -0.7470 -0.4183 0.5168
vn -0.5539 0.1285 -0.8226
vn -0.5414 0.1093 -0.8336
vn -0.5174 0.1554 0.8415
vn -0.7101 0.1144 0.6947
vn -0.8464 0.0401 0.5310
vn -0.7336 0.0790 0.6749
vn -0.9039 0.0186 0.4272
vn -0.6142 0.1242 -0.7793
vn -0.7676 0.0833 0.6355
vn -0.6231 0.0269 0.7817
vn -0.5779 -0.6887 0.4379
vn -0.0573 -0.7661 -0.6402
vn 0.0000 -1.0000 0.0000
vn 0.0000 -1.0000 0.0000
vn -0.1794 0.9515 0.2499
vn -0.5698 0.5765 0.5856
vn -0.5351 0.1738 -0.8267
vn -0.7740 0.1074 0.6240
vn -0.4404 0.3127 0.8416
vn -0.8145 0.1554 -0.5590
vn -0.7804 0.1020 0.6169
vn -0.6581 0.1114 0.7446
vn -0.6918 0.0176 0.7218
vn -0.5572 -0.1202 -0.8216
vn -0.0962 -0.1465 0.9845
vn -0.2242 0.2367 0.9454
vn -0.3920 0.7399 0.5467
vn -0.4368 0.7411 0.5099
vn -0.0552 0.9541 0.2944
vn -0.5261 0.1705 -0.8331
vn -0.7380 0.1048 0.6666
vn -0.8220 0.1670 -0.5445
vn -0.8183 0.0720 0.5702
vn -0.6461 0.1204 -0.7537
vn -0.5115 -0.0131 0.8592
vn -0.6230 -0.0881 -0.7772
vn -0.8494 -0.4976 0.1757
vn -0.4013 -0.0021 -0.9159
vn -0.0439 -0.1068 0.9933
vn -0.5887 -0.1140 -0.8003
vn -0.2688 0.3876 -0.8818
vn 0.0000 -1.0000 0.0000
vn -0.7491 0.1757 0.6387
vn -0.7705 0.1622 0.6165
vn -0.7908 -0.0817 0.6066
vn -0.7357 0.0936 0.6708
vn -0.8884 0.0688 0.4539
vn -0.7902 0.0454 0.6112
vn -0.7099 0.0797 0.6998
vn -0.7449 0.0919 0.6608
vn -0.7452 0.1427 0.6515
vn -0.6536 -0.1789 0.7354
vn -0.5912 -0.0991 0.8004
vn -0.6264 -0.0044 0.7795
vn -0.6572 0.0507 0.7521
vn -0.5905 -0.0371 -0.8062
vn -0.6910 -0.5289 0.4928
vn -0.3769 0.3670 0.8505
vn -0.0612 0.3710 0.9266
vn -0.7067 -0.1718 -0.6863
vn -0.4996 -0.0469 -0.8650
vn -0.2827 0.0728 0.9564
vn -0.0160 0.1464 -0.9891
vn -0.3644 0.4482 -0.8163
vn -0.4256 0.5388 -0.7270
vn -0.5746 0.7591 -0.3057
vn -0.5257 0.7612 -0.3798
vn -0.4992 0.8126 -0.3007
vn -0.5384 0.8427 0.0059
vn -0.3587 0.3758 -0.8545
vn -0.6787 0.3119 0.6649
vn -0.5255 0.1716 -0.8333
vn -0.5823 0.1668 0.7957
vn -0.5908 0.1408 0.7944
vn -0.8256 0.1879 0.5321
vn -0.3961 0.1703 -0.9023
vn -0.4640 0.1523 -0.8726
vn -0.6617 0.1615 -0.7321
vn -0.8329 0.0641 0.5496
vn -0.7691 0.1685 -0.6165
vn -0.7610 0.1517 -0.6307
vn -0.6222 0.4392 0.6480
vn -0.6946 0.0778 0.7151
vn -0.7670 0.0602 0.6389
vn -0.5479 0.1092 -0.8294
vn -0.7951 0.0684 0.6026
vn -0.6919 0.1383 -0.7086
vn -0.6656 0.0853 0.7414
vn -0.4573 -0.7250 0.5150
vn -0.5874 -0.1393 0.7972
vn -0.5730 -0.0138 -0.8194
vn -0.3573 0.2559 0.8983
vn -0.2973 0.1986 0.9339
vn -0.1909 0.2817 -0.9403
vn -0.1979 0.3847 -0.9016
vn -0.5186 0.6779 -0.5211
vn -0.5156 0.7081 0.4824
vn 0.0075 -0.5316 0.8470
vn -0.1692 0.9676 -0.1873
vn -0.1626 0.9352 -0.3146
vn -0.3949 0.1789 -0.9011
vn -0.4560 0.1626 -0.8750
vn -0.8073 0.1881 -0.5594
vn -0.4916 0.1402 -0.8595
vn -0.5151 0.1154 -0.8493
vn -0.5641 0.1022 -0.8194
vn -0.7490 0.0096 -0.6625
vn -0.5990 -0.1168 0.7921
vn -0.6029 -0.0809 -0.7937
vn -0.3840 0.7130 0.5866
vn -0.5333 0.8440 0.0571
vn -0.5341 0.8454 -0.0047
vn -0.0195 -0.9998 0.0047
vn 0.0000 -1.0000 0.0000
vn 0.0000 -1.0000 0.0000
vn 0.0000 -1.0000 0.0000
vn 0.0000 -1.0000 0.0000
vn 0.0000 -1.0000 0.0000
vn 0.0000 -1.0000 0.0000
vn 0.0000 -1.0000 0.0000
vn 0.0000 -1.0000 0.0000
vn 0.0000 -1.0000 0.0000
vn 0.0000 -1.0000 0.0001
vn -0.1842 -0.1779 -0.9667
vn -0.3620 0.1925 -0.9121
vn -0.3194 0.1835 -0.9297
vn -0.3946 0.1859 -0.8998
vn -0.6549 0.0764 0.7518
vn -0.7689 0.0945 0.6324
vn -0.5863 0.1186 0.8013
vn -0.5766 0.0847 0.8126
vn -0.6268 0.1026 0.7724
vn -0.6422 0.1169 -0.7576
vn -0.1729 -0.4214 -0.8902
vn -0.5860 -0.1175 -0.8018
vn -0.6058 -0.1898 0.7727
vn -0.6128 -0.0695 0.7872
vn -0.6107 -0.0149 -0.7917
vn -0.6133 -0.0657 -0.7871
vn -0.3010 -0.2636 0.9165
vn -0.4090 -0.1192 0.9047
vn -0.4287 0.1946 -0.8822
vn 0.0023 -0.9990 -0.0452
vn 0.0000 -1.0000 0.0000
vn 0.0028 -1.0000 0.0003
vn -0.0019 1.0000 0.0038
vn -0.0329 0.9947 0.0978
vn -0.4131 0.6719 0.6148
vn -0.3700 0.1223 -0.9209
vn -0.5590 0.0930 0.8240
vn -0.7135 0.0704 0.6971
vn -0.5018 0.1148 -0.8573
vn -0.5811 -0.6674 0.4657
vn -0.4223 -0.5789 0.6975
vn -0.0892 -0.5174 -0.8511
vn -0.4190 -0.1337 -0.8981
vn 0.0215 -0.5681 -0.8227
vn -0.5798 -0.1372 0.8031
vn -0.5449 -0.1554 0.8239
vn -0.3731 -0.1257 -0.9192
vn -0.4530 -0.0787 -0.8880
vn -0.5985 -0.0694 0.7981
vn -0.5903 0.0763 0.8036
vn -0.6590 -0.6707 0.3405
vn -0.7773 0.3267 -0.5376
vn -0.7614 -0.0120 -0.6482
vn -0.2874 -0.0195 0.9576
vn -0.3497 -0.0307 0.9364
vn -0.2977 0.1389 0.9445
vn -0.0764 0.3080 -0.9483
vn -0.6467 0.7043 -0.2927
vn -0.5617 0.8266 0.0354
vn 0.0000 -1.0000 0.0000
vn 0.0000 -1.0000 0.0000
vn 0.0000 -1.0000 0.0000
vn 0.0000 -1.0000 0.0000
vn 0.0000 -1.0000 0.0000
vn 0.0000 -1.0000 0.0000
vn 0.0000 -1.0000 0.0000
vn 0.0000 -1.0000 0.0000
vn 0.0000 -1.0000 0.0000
vn 0.0000 -1.0000 0.0000
vn 0.0000 -1.0000 0.0000
vn -0.0012 -0.9810 0.1941
vn 0.0404 -0.5900 -0.8064
vn -0.6620 0.1038 0.7423
vn -0.5751 0.1099 0.8106
vn -0.3754 0.1712 -0.9109
vn -0.3716 0.1875 -0.9093
vn -0.3545 0.1338 -0.9254
vn -0.6124 0.1039 0.7837
vn -0.7651 0.0981 0.6363
vn -0.4385 0.2189 0.8717
vn -0.5891 0.1892 -0.7856
vn -0.7315 0.1706 -0.6602
vn -0.7311 0.1195 -0.6717
vn -0.6670 0.0707 0.7417
vn -0.8084 0.1341 0.5731
vn -0.5838 0.1071 -0.8048
vn -0.6014 0.0774 0.7952
vn -0.5511 0.1040 0.8279
vn -0.4240 0.1642 -0.8906
vn -0.5639 0.1214 -0.8169
vn -0.4739 0.1122 0.8734
vn -0.6276 0.1184 0.7695
vn -0.2413 -0.4971 -0.8335
vn -0.5044 -0.0661 0.8609
vn -0.2156 -0.1315 -0.9676
vn -0.3784 -0.0391 -0.9248
vn -0.4562 -0.0510 -0.8884
vn -0.5758 -0.0079 -0.8176
vn -0.6419 0.2447 0.7267
vn -0.6639 0.1287 -0.7367
vn -0.5673 0.3455 -0.7475
vn -0.5907 0.2018 -0.7813
vn -0.3322 0.4726 0.8163
vn -0.0190 -0.8985 -0.4385
vn -0.1082 -0.0084 -0.9941
vn -0.7907 -0.2344 -0.5656
vn -0.1423 0.4070 0.9023
vn -0.2408 0.7358 -0.6330
vn -0.5998 0.6883 0.4081
vn -0.5474 0.7667 -0.3353
vn -0.0097 0.9999 -0.0056
vn -0.3437 0.4949 -0.7981
vn -0.6927 0.2728 0.6677
vn -0.4743 0.1144 0.8729
vn -0.7547 0.1656 -0.6349
vn -0.7379 0.1560 -0.6566
vn -0.4859 0.1384 -0.8630
vn -0.5747 0.1061 0.8114
vn -0.2796 -0.3534 -0.8927
vn -0.5209 -0.1347 -0.8429
vn -0.5804 -0.2059 0.7879
vn -0.1976 -0.1101 -0.9741
vn -0.8279 0.1269 0.5463
vn -0.3244 0.0260 0.9455
vn -0.0503 -0.1366 0.9893
vn -0.3446 0.0630 0.9366
vn -0.3418 0.5321 -0.7746
vn -0.0148 -0.7760 -0.6306
vn 0.0000 -1.0000 0.0000
vn 0.0000 -1.0000 0.0000
vn 0.0018 0.0021 1.0000
vn -0.0173 0.7908 -0.6118
vn -0.0006 1.0000 0.0013
vn -0.2300 0.6826 0.6936
vn -0.0039 1.0000 -0.0058
vn -0.2232 0.6137 -0.7573
vn -0.3030 0.1932 -0.9332
vn -0.2892 0.1805 -0.9401
vn -0.4324 0.1245 0.8930
vn -0.7847 0.1921 -0.5894
vn -0.5703 0.1153 0.8133
vn -0.5064 0.1186 -0.8541
vn -0.2924 -0.0830 -0.9527
vn -0.2377 -0.3391 -0.9102
vn -0.6609 0.0043 0.7504
vn -0.5360 -0.0684 -0.8414
vn -0.6528 -0.6654 0.3621
vn -0.3103 -0.0912 -0.9462
vn -0.5584 -0.5091 -0.6550
vn -0.6552 -0.0187 -0.7552
vn -0.6704 -0.4574 -0.5843
vn 0.0200 0.1506 0.9884
vn -0.9835 -0.0053 -0.1808
vn -0.8722 0.0301 -0.4881
vn 0.0088 -0.1253 0.9921
vn -0.7914 -0.1466 -0.5934
vn -0.7195 -0.0786 -0.6900
vn -0.2767 -0.0743 0.9581
vn -0.4157 0.0959 0.9044
vn -0.1649 0.4329 0.8862
vn -0.1851 0.4595 0.8687
vn -0.4736 0.6943 -0.5419
vn -0.4295 0.7501 0.5029
vn -0.5024 0.7355 -0.4546
vn -0.5430 0.8320 0.1133
vn -0.5050 0.7820 0.3652
vn -0.0826 -0.1010 0.9915
vn -0.0165 0.3210 0.9469
vn 0.0212 0.6321 0.7746
vn -0.3224 0.5408 0.7769
vn -0.2763 0.2684 0.9228
vn -0.6180 0.2450 0.7470
vn -0.3808 0.1599 -0.9107
vn -0.3646 0.1616 -0.9170
vn -0.4704 0.0496 0.8810
vn -0.6187 0.1514 -0.7709
vn -0.5879 0.1047 0.8021
vn -0.6139 0.1023 0.7827
vn -0.3604 0.2729 0.8920
vn -0.6053 0.0758 0.7924
vn -0.4300 0.0984 -0.8975
vn -0.6084 0.0882 0.7888
vn -0.5309 0.0908 -0.8426
vn -0.4875 0.1266 -0.8639
vn -0.5508 -0.1597 0.8192
vn -0.4237 -0.1235 0.8974
vn -0.5166 -0.0940 0.8510
vn -0.3703 -0.0305 -0.9284
vn -0.5743 -0.0044 0.8187
vn -0.6320 0.0331 -0.7742
vn -0.6904 0.3222 -0.6477
vn -0.5518 0.3088 -0.7747
vn -0.5045 0.5142 0.6936
vn -0.0411 0.2487 0.9677
vn -0.5404 0.2382 -0.8070
vn -0.4856 -0.2411 -0.8403
vn -0.2875 -0.1835 0.9400
vn -0.6864 0.1532 -0.7109
vn -0.6286 0.3259 -0.7062
vn -0.4129 0.2778 -0.8674
vn -0.4195 0.3325 -0.8447
vn -0.6423 0.4572 0.6152
vn 0.0105 -0.9999 -0.0082
vn 0.0000 -1.0000 0.0002
vn 0.0000 -1.0000 0.0000
vn 0.0000 -1.0000 0.0000
vn 0.0000 -1.0000 0.0000
vn 0.0000 -1.0000 0.0000
vn 0.0000 -1.0000 0.0000
vn 0.0000 -1.0000 0.0000
vn 0.0000 -1.0000 0.0000
vn 0.0000 -1.0000 0.0000
vn 0.0000 -1.0000 0.0000
vn 0.0000 -1.0000 0.0000
vn 0.0000 -1.0000 0.0000
vn 0.0000 -1.0000 0.0000
vn 0.0004 -1.0000 0.0015
vn 0.1446 -0.9320 0.3325
vn 0.0131 -0.2759 -0.9611
vn 0.0522 0.2382 -0.9698
vn -0.2317 0.6941 -0.6815
vn -0.2456 0.6702 -0.7003
vn -0.4665 0.2257 -0.8553
vn -0.7208 0.1716 0.6716
vn -0.5611 0.1134 0.8199
vn -0.4475 0.2197 0.8669
vn -0.5257 0.0938 0.8455
vn -0.2709 0.1545 -0.9501
vn -0.5432 0.1596 -0.8243
vn -0.5524 0.1138 0.8258
vn -0.5271 0.1046 0.8434
vn -0.4209 0.1514 -0.8944
vn -0.7508 0.1718 -0.6378
vn -0.6946 0.0677 -0.7162
vn -0.5797 -0.0523 0.8131
vn -0.4986 0.1642 0.8511
vn -0.6532 0.0816 0.7528
vn -0.5586 0.0630 -0.8270
vn -0.6626 0.1421 0.7354
vn -0.5890 0.1553 0.7931
vn -0.6411 0.0191 0.7672
vn -0.4323 0.0763 -0.8985
vn -0.5783 -0.5272 0.6226
vn -0.4671 -0.0023 0.8842
vn -0.5324 -0.1364 0.8354
vn -0.6402 -0.0093 0.7681
vn -0.4392 -0.0569 -0.8966
vn -0.4305 0.0074 -0.9026
vn -0.5122 -0.0305 -0.8583
vn -0.5705 0.1401 -0.8093
vn -0.7776 -0.0320 -0.6279
vn -0.0006 -0.0750 0.9972
vn -0.6928 -0.1145 -0.7120
vn -0.6156 -0.1811 -0.7670
vn -0.4559 -0.2177 0.8630
vn -0.4518 -0.0472 -0.8909
vn -0.4441 0.2090 -0.8713
vn -0.3979 0.3793 0.8354
vn -0.2135 0.3474 -0.9131
vn -0.4727 0.6255 -0.6207
vn -0.4963 0.7664 0.4078
vn -0.4992 0.8237 0.2689
vn -0.0136 0.9999 -0.0091
vn -0.0163 0.6486 0.7610
vn -0.1436 0.8367 -0.5285
vn 0.0913 0.3673 0.9256
vn -0.2922 0.2755 -0.9158
vn -0.2095 0.1734 -0.9623
vn -0.3808 0.1783 -0.9073
vn -0.5298 0.1129 0.8406
vn -0.3581 0.1691 -0.9183
vn -0.3753 0.1622 -0.9126
vn -0.2334 0.0792 -0.9691
vn -0.4335 0.1256 0.8924
vn -0.7460 0.2566 -0.6145
vn -0.7017 0.1133 -0.7034
vn -0.5831 0.1242 -0.8029
vn -0.6105 0.1246 0.7822
vn -0.1517 -0.4400 -0.8851
vn -0.3815 -0.1078 0.9181
vn -0.4822 -0.1510 0.8630
vn -0.5489 -0.1625 0.8200
vn -0.6209 -0.1344 0.7723
vn -0.6115 -0.0244 0.7909
vn -0.0751 -0.0827 -0.9937
vn -0.6568 -0.5894 0.4703
vn -0.5422 0.0630 -0.8379
vn -0.7070 -0.1866 -0.6821
vn -0.6566 -0.1923 -0.7293
vn -0.4985 0.3704 -0.7838
vn -0.4287 0.4578 -0.7788
vn -0.2173 0.5455 0.8094
vn -0.4110 0.7039 -0.5793
vn -0.5566 0.8233 0.1109
vn 0.0000 -1.0000 0.0000
vn 0.0000 -1.0000 0.0000
vn 0.0000 -1.0000 0.0000
vn 0.0000 -1.0000 0.0000
vn 0.0000 -1.0000 0.0000
vn 0.0000 -1.0000 0.0000
vn 0.0000 -1.0000 0.0000
vn 0.0042 1.0000 0.0033
vn -0.6254 0.1857 0.7579
vn -0.5401 0.0304 0.8410
vn -0.6482 0.2520 0.7186
vn -0.5490 0.1241 0.8266
vn -0.3230 0.2066 -0.9236
vn -0.4949 0.1414 0.8574
vn -0.2589 0.1723 -0.9504
vn -0.4475 0.1717 -0.8776
vn -0.7046 0.1695 -0.6891
vn -0.5971 0.0653 0.7995
vn -0.4739 0.1013 -0.8747
vn -0.5783 0.1019 0.8094
vn -0.3749 -0.0546 0.9255
vn -0.2535 -0.1071 -0.9614
vn -0.6269 -0.5746 0.5262
vn -0.5000 -0.1444 -0.8539
vn -0.5570 0.2723 -0.7846
vn -0.3221 0.3942 -0.8607
vn -0.8153 0.4035 -0.4153
vn -0.0396 0.9639 -0.2633
vn 0.0010 1.0000 0.0023
vn -0.3615 0.5042 -0.7843
vn -0.3267 0.1164 0.9379
vn -0.6765 0.1714 0.7163
vn -0.4598 0.1559 -0.8742
vn -0.6992 0.1355 -0.7020
vn -0.5854 0.0846 0.8063
vn -0.1389 -0.1334 -0.9813
vn -0.5066 -0.1940 0.8401
vn -0.3165 -0.0878 -0.9445
vn -0.5935 0.2146 -0.7757
vn -0.2807 -0.1865 0.9415
vn -0.4243 0.6650 0.6147
vn -0.5561 0.7661 0.3222
vn 0.0050 -1.0000 -0.0053
vn 0.0000 -1.0000 0.0000
vn 0.0000 -1.0000 0.0000
vn 0.0482 0.6540 0.7550
vn -0.3579 0.1823 -0.9158
vn -0.5742 0.1841 0.7977
vn -0.5743 0.0894 0.8137
vn -0.4753 0.1597 -0.8652
vn -0.7304 0.1298 -0.6705
vn -0.6549 0.1387 -0.7429
vn -0.6512 -0.5699 0.5011
vn -0.5682 0.1171 -0.8145
vn -0.6520 -0.5304 -0.5418
vn -0.5578 0.7460 -0.3637
vn -0.5683 0.1101 0.8154
vn -0.3997 0.1566 -0.9032
vn -0.7171 0.0483 0.6953
vn -0.8231 0.1331 -0.5520
vn -0.5500 0.1087 -0.8280
vn -0.5330 -0.2034 0.8213
vn -0.6545 0.0570 0.7539
vn -0.6192 0.2638 0.7396
vn -0.6810 0.5216 0.5139
vn -0.4506 0.4963 0.7420
vn -0.5465 -0.1347 0.8266
vn -0.6733 0.7096 -0.2077
vn 0.0289 -0.9996 0.0021
vn 0.0087 -0.0682 0.9976
vn 0.0802 0.9522 -0.2946
vn -0.0073 0.4776 0.8786
vn -0.4616 0.2560 -0.8493
vn -0.3646 0.1682 -0.9159
vn -0.3624 0.1828 -0.9139
vn -0.5826 0.0983 0.8068
vn -0.5815 0.0803 0.8096
vn -0.6848 0.1215 0.7185
vn -0.5704 0.0771 0.8177
vn -0.6696 0.0453 0.7414
vn -0.6052 0.1716 -0.7773
vn -0.4691 0.1327 -0.8731
vn -0.3773 0.0729 0.9232
vn -0.7541 0.1480 -0.6399
vn -0.6474 0.1102 -0.7541
vn -0.6734 -0.5722 0.4682
vn -0.5332 -0.8395 0.1044
vn -0.4751 -0.2046 0.8558
vn -0.1080 -0.1357 -0.9848
vn -0.5057 -0.1793 0.8439
vn -0.5652 -0.1283 0.8149
vn -0.5528 0.0330 0.8326
vn -0.1999 -0.0772 -0.9768
vn -0.6164 -0.6222 0.4826
vn -0.4239 -0.1868 0.8863
vn -0.2082 0.2141 0.9544
vn -0.2446 0.3593 0.9006
vn -0.8037 0.4404 0.4001
vn -0.6784 -0.4900 -0.5475
vn -0.5235 0.0343 -0.8514
vn -0.3946 -0.1584 0.9051
vn -0.4443 -0.0813 -0.8922
vn -0.3323 0.3186 -0.8877
vn -0.3717 0.1131 0.9215
vn -0.3775 0.3278 0.8661
vn -0.6098 0.4919 -0.6215
vn -0.2325 0.5863 0.7760
vn -0.3968 0.6273 -0.6701
vn -0.4548 0.7369 -0.5002
vn -0.5694 0.8124 -0.1254
vn -0.0021 -0.9356 -0.3530
vn 0.0000 -1.0000 0.0000
vn 0.0000 -1.0000 0.0000
vn 0.0000 -1.0000 0.0000
vn 0.0000 -1.0000 0.0000
vn -0.0104 -0.6976 -0.7164
vn -0.0061 0.1265 -0.9920
vn 0.0463 0.9976 0.0516
vn -0.0346 0.7874 -0.6155
vn -0.0322 0.7274 0.6854
vn -0.3661 0.1523 -0.9180
vn -0.6615 0.1243 0.7396
vn -0.5920 0.0954 0.8003
vn 0.0585 0.0838 -0.9948
vn -0.7051 0.0856 0.7039
vn -0.3371 0.1322 -0.9321
vn -0.3732 0.1372 -0.9176
vn -0.5644 0.0986 0.8196
vn -0.5610 0.0926 -0.8226
vn -0.5398 0.1180 0.8335
vn -0.5573 0.1005 0.8242
vn -0.6272 -0.1300 0.7680
vn -0.2964 0.1125 0.9484
vn -0.4907 -0.0677 -0.8687
vn -0.1237 -0.6422 -0.7565
vn -0.6953 -0.0803 0.7142
vn -0.6137 -0.0657 0.7868
vn -0.5003 0.0531 0.8642
vn -0.5730 -0.1667 -0.8024
vn -0.5671 0.1476 -0.8103
vn -0.2522 -0.0922 -0.9633
vn -0.7829 -0.0944 0.6150
vn -0.5468 -0.0203 0.8370
vn -0.4632 -0.1261 0.8772
vn -0.3411 0.3971 -0.8520
vn -0.4515 0.5010 -0.7384
vn -0.0308 -0.4205 0.9068
vn 0.0350 0.2852 0.9578
vn -0.0136 0.6258 0.7799
vn -0.4169 0.5096 0.7527
vn -0.4349 0.1954 -0.8790
vn -0.1916 0.1582 -0.9686
vn -0.5683 0.0880 0.8181
vn -0.4881 0.1379 0.8618
vn -0.4437 0.1107 0.8893
vn -0.4519 0.0572 0.8902
vn -0.5982 -0.8000 -0.0460
vn -0.2933 -0.0119 0.9560
vn -0.4081 -0.1074 -0.9066
vn -0.3832 -0.1249 -0.9152
vn 0.0364 0.3721 0.9275
vn -0.5153 0.4903 0.7029
vn -0.8020 0.4965 0.3320
vn -0.6726 -0.3743 -0.6384
vn -0.1894 0.4146 0.8900
vn -0.3962 -0.0358 0.9175
vn -0.3747 -0.1180 0.9196
vn -0.3270 -0.0714 -0.9423
vn -0.5986 -0.1295 0.7905
vn -0.4371 -0.0897 0.8949
vn -0.3917 0.4186 0.8194
vn -0.5356 0.5027 0.6785
vn -0.4442 0.5214 -0.7286
vn -0.3165 0.5709 -0.7575
vn -0.5264 0.6958 -0.4888
vn -0.5682 0.7554 -0.3264
vn 0.0000 -1.0000 0.0000
vn 0.0000 -1.0000 0.0000
vn 0.0000 -1.0000 0.0000
vn 0.0000 -1.0000 0.0000
vn 0.0000 -1.0000 0.0000
vn 0.0000 -1.0000 0.0000
vn 0.0000 -1.0000 0.0000
vn 0.0000 -1.0000 0.0000
vn 0.0117 -0.9999 0.0065
vn 0.0023 -1.0000 0.0022
vn 0.0002 -0.9990 0.0452
vn -0.0002 0.1079 -0.9942
vn -0.3574 0.2472 -0.9007
vn -0.3312 0.2078 -0.9204
vn -0.4381 0.1713 -0.8825
vn -0.3657 0.1541 -0.9179
vn -0.3597 0.1438 -0.9219
vn -0.4025 0.1560 -0.9020
vn -0.4211 0.1920 -0.8865
vn -0.4206 0.1477 -0.8952
vn -0.2102 0.1205 0.9702
vn -0.5547 0.1243 -0.8227
vn -0.5975 0.1089 -0.7944
vn -0.7103 0.1302 -0.6917
vn -0.2644 -0.4920 -0.8295
vn -0.5349 -0.2310 0.8127
vn -0.3269 -0.1132 -0.9383
vn -0.0405 -0.0613 -0.9973
vn -0.4095 0.2889 -0.8654
vn -0.4129 0.2993 -0.8602
vn -0.2670 -0.2224 -0.9377
vn -0.6128 -0.2984 0.7318
vn -0.3906 0.2426 0.8880
vn -0.5363 0.3110 -0.7847
vn -0.2601 0.5773 0.7740
vn -0.4736 0.4686 -0.7457
vn -0.6776 0.7205 0.1475
vn -0.5563 0.7682 0.3167
vn -0.0007 -0.0873 0.9962
vn -0.3631 0.1489 0.9198
vn -0.3839 0.1656 -0.9084
vn -0.3308 0.1320 0.9344
vn -0.4402 0.1410 -0.8868
vn -0.2523 0.1215 0.9600
vn -0.5139 0.1346 -0.8472
vn -0.2057 -0.5902 -0.7806
vn -0.4573 -0.1933 0.8680
vn -0.4850 -0.2376 0.8416
vn -0.5889 -0.1875 0.7862
vn -0.3805 -0.3450 0.8580
vn 0.0125 0.2501 0.9681
vn -0.3964 0.1433 0.9068
vn -0.5854 -0.1338 0.7996
vn -0.6825 -0.1585 0.7134
vn -0.2542 0.0510 -0.9658
vn -0.2728 0.0493 0.9608
vn -0.3782 -0.2759 0.8837
vn -0.5332 0.7424 0.4056
vn -0.5107 0.7077 0.4882
vn -0.6660 0.7384 0.1063
vn 0.0000 -1.0000 0.0000
vn 0.0000 -1.0000 0.0000
vn 0.0000 -1.0000 0.0000
vn -0.0857 0.9386 0.3342
vn -0.4597 0.1052 -0.8818
vn -0.5398 0.1295 -0.8318
vn -0.6567 0.1164 -0.7451
vn -0.6078 -0.2538 0.7525
vn -0.6126 -0.1292 0.7798
vn -0.3711 0.3753 -0.8494
vn -0.3839 0.3167 -0.8673
vn -0.6995 -0.1174 0.7049
vn -0.1522 -0.3612 -0.9200
vn -0.5033 0.5318 0.6811
vn -0.0054 0.1999 0.9798
vn -0.7130 0.1126 -0.6921
vn -0.3843 -0.1791 0.9057
vn -0.3476 0.3266 -0.8790
vn -0.5633 -0.0943 0.8209
vn -0.4434 0.3973 -0.8035
vn -0.2887 0.4576 0.8410
vn -0.6204 0.7823 0.0555
vn 0.0000 -1.0000 0.0000
vn 0.0000 -1.0000 0.0000
vn 0.0000 -1.0000 0.0000
vn -0.0040 -0.7528 0.6582
vn -0.0319 0.4791 -0.8772
vn -0.0879 0.1824 -0.9793
vn -0.4384 0.0500 0.8974
vn -0.4286 0.1072 0.8971
vn -0.2199 0.1247 0.9675
vn -0.6316 -0.5967 0.4950
vn -0.6027 -0.2376 0.7618
vn -0.3266 -0.0625 -0.9431
vn -0.5567 -0.4341 -0.7083
vn -0.8340 0.3593 0.4188
vn -0.2311 0.5753 -0.7846
vn -0.3305 0.5486 0.7680
vn -0.5772 0.7678 0.2780
vn -0.0354 -0.9708 -0.2374
vn -0.0192 0.8454 -0.5338
vn 0.0098 0.9237 0.3830
vn 0.0056 0.9224 0.3862
vn 0.0412 0.6846 -0.7278
vn -0.0332 0.3523 0.9353
vn 0.0053 0.1015 0.9948
vn -0.3654 0.1822 -0.9129
vn -0.2787 0.4405 -0.8534
vn -0.0210 0.1895 -0.9817
vn -0.1836 0.1213 0.9755
vn -0.3512 0.1728 -0.9202
vn -0.2176 0.1711 -0.9609
vn -0.2422 0.1100 0.9640
vn -0.3107 0.1977 -0.9297
vn -0.3519 0.0881 0.9319
vn -0.2230 0.1544 -0.9625
vn -0.3134 0.1935 0.9297
vn -0.4249 0.0996 0.8998
vn -0.3664 0.1504 0.9182
vn -0.3553 -0.0151 0.9346
vn -0.3333 0.0995 0.9375
vn -0.2878 0.0792 0.9544
vn -0.6283 0.1327 -0.7665
vn -0.1307 0.2146 0.9679
vn -0.0298 -0.0569 -0.9979
vn -0.4581 -0.1882 -0.8687
vn -0.4519 0.4749 0.7552
vn -0.7689 0.0799 0.6344
vn 0.0409 -0.2777 -0.9598
vn -0.3271 -0.1674 0.9301
vn -0.2316 0.1861 -0.9549
vn -0.5385 0.4107 -0.7357
vn -0.3603 0.3135 -0.8786
vn -0.3324 0.4073 0.8506
vn -0.4078 0.7229 -0.5577
vn -0.3894 0.5253 0.7566
vn -0.7420 0.4125 -0.5285
vn -0.8397 0.5375 0.0774
vn -0.0127 -0.9995 -0.0293
vn -0.0096 -1.0000 0.0001
vn 0.0000 -1.0000 0.0000
vn 0.0000 -1.0000 0.0000
vn 0.0000 -1.0000 0.0000
vn 0.0000 -1.0000 0.0000
vn 0.0000 -1.0000 0.0000
vn 0.0000 -1.0000 0.0000
vn 0.0000 -1.0000 0.0000
vn 0.0000 -1.0000 0.0000
vn 0.0361 -0.9993 -0.0108
vn -0.0698 -0.7442 0.6643
vn 0.0375 0.9932 -0.1101
vn 0.0024 1.0000 0.0062
vn 0.0426 0.2573 -0.9654
vn 0.2379 0.0810 0.9679
vn -0.3447 0.1712 -0.9230
vn -0.2736 0.1389 0.9518
vn -0.3584 0.1646 -0.9189
vn -0.2601 0.1614 -0.9520
vn -0.3339 0.1562 -0.9296
vn -0.3666 0.1436 -0.9192
vn -0.0721 0.1280 0.9892
vn -0.2789 0.1222 -0.9525
vn -0.0388 0.3073 0.9508
vn -0.5270 0.1311 -0.8397
vn -0.3295 0.1093 -0.9378
vn -0.1327 0.0855 0.9875
vn -0.5599 -0.5509 0.6189
vn -0.3535 0.1183 -0.9279
vn -0.6195 0.1253 -0.7749
vn -0.5081 0.1136 -0.8538
vn -0.6068 0.1205 -0.7857
vn -0.3897 -0.1202 0.9130
vn -0.3748 -0.6540 -0.6571
vn -0.3677 -0.1392 -0.9195
vn -0.6410 -0.2342 0.7310
vn -0.5602 -0.0301 0.8278
vn -0.2280 0.0314 0.9731
vn -0.4357 -0.1297 -0.8907
vn -0.3925 0.6414 -0.6592
vn -0.3944 0.4098 -0.8225
vn -0.6254 -0.0706 0.7771
vn -0.3681 0.3651 -0.8551
vn -0.5973 -0.0890 0.7970
vn 0.1831 0.1099 -0.9769
vn -0.2670 -0.1726 -0.9481
vn -0.0626 0.2757 -0.9592
vn -0.2149 0.3306 -0.9190
vn -0.3991 0.4028 -0.8237
vn -0.2564 0.2887 0.9225
vn -0.6354 0.6031 0.4823
vn -0.7827 0.5563 0.2792
vn 0.0119 -0.2514 -0.9678
vn 0.0005 1.0000 0.0002
vn -0.3084 0.5970 0.7406
vn -0.2349 0.1217 0.9644
vn -0.0541 0.1726 -0.9835
vn -0.0120 0.1807 0.9835
vn -0.0787 0.1569 -0.9845
vn -0.1342 -0.0045 0.9909
vn -0.3946 0.1418 -0.9079
vn -0.3883 0.1261 0.9129
vn -0.3985 0.1551 -0.9040
vn -0.0638 0.1850 0.9807
vn -0.0409 0.1721 0.9842
vn -0.5677 -0.5656 0.5982
vn -0.2754 -0.0003 0.9613
vn -0.3896 -0.1005 -0.9155
vn -0.6713 -0.2241 0.7065
vn -0.6532 -0.1942 0.7319
vn -0.4409 -0.0638 0.8953
vn -0.2930 0.0642 0.9539
vn -0.6821 -0.4214 -0.5976
vn -0.1424 0.3469 0.9270
vn -0.1398 0.0172 0.9900
vn 0.0932 0.3457 -0.9337
vn 0.0886 0.0573 0.9944
vn -0.5831 0.4624 -0.6680
vn -0.6957 0.1323 -0.7061
vn -0.4514 0.7009 0.5523
vn -0.7729 0.6014 -0.2025
vn -0.8046 0.5201 0.2865
vn 0.0000 -1.0000 0.0000
vn 0.0000 -1.0000 0.0000
vn 0.0726 0.2856 -0.9556
vn -0.0861 0.2028 -0.9754
vn -0.4125 0.1348 -0.9009
vn -0.3662 0.1122 -0.9238
vn -0.6090 -0.0024 -0.7931
vn -0.3461 -0.0318 -0.9376
vn -0.2786 -0.6238 0.7303
vn -0.3149 0.3205 0.8934
vn -0.4406 0.4755 -0.7614
vn -0.1293 -0.0557 0.9900
vn -0.1879 0.3313 -0.9246
vn -0.5031 0.5688 -0.6507
vn -0.5236 0.6464 -0.5550
vn -0.0466 0.3316 0.9423
vn -0.0163 0.9423 0.3344
vn -0.1184 0.8567 -0.5020
vn -0.1783 0.6293 -0.7564
vn -0.0197 0.1297 -0.9914
vn 0.0162 0.1152 0.9932
vn -0.0119 0.0994 0.9950
vn -0.4378 0.1188 -0.8912
vn -0.0510 0.1826 0.9819
vn -0.3791 0.1043 -0.9195
vn -0.6017 -0.2661 0.7531
vn -0.7193 -0.4835 0.4988
vn -0.6779 -0.1937 -0.7092
vn -0.6394 0.1718 -0.7494
vn -0.7062 0.2510 -0.6621
vn -0.3642 0.2020 0.9091
vn 0.1913 0.0118 0.9815
vn -0.1098 0.3142 -0.9430
vn -0.4844 0.6286 -0.6084
vn -0.5467 0.5360 0.6433
vn -0.5762 0.6259 0.5257
vn -0.9206 0.3753 -0.1079
vn 0.0000 -1.0000 0.0000
vn 0.0103 0.6703 -0.7420
vn 0.0170 0.1634 -0.9864
vn -0.2783 0.1277 -0.9520
vn -0.3342 0.1487 -0.9307
vn -0.3099 0.1343 -0.9413
vn -0.6272 -0.0778 -0.7750
vn -0.7798 0.4404 -0.4450
vn 0.0339 -0.0395 0.9986
vn -0.1649 -0.0677 0.9840
vn -0.5542 0.7233 0.4120
vn 0.0130 -0.7301 0.6832
vn -0.1576 0.8755 0.4567
vn 0.0528 0.1500 0.9873
vn -0.3435 0.0906 -0.9348
vn -0.4912 0.1693 -0.8544
vn -0.3303 0.1299 -0.9349
vn -0.5003 0.5182 -0.6937
vn 0.1003 -0.4399 -0.8925
vn 0.0710 0.3265 -0.9425
vn -0.6508 0.4348 -0.6224
vn 0.0465 0.1659 0.9850
vn -0.3652 -0.1131 0.9240
vn -0.4078 -0.0803 -0.9095
vn -0.1059 -0.0531 0.9930
vn -0.3594 0.5501 0.7538
vn -0.6886 0.5759 -0.4407
vn -0.6263 0.7415 0.2404
vn -0.9961 -0.0720 -0.0505
vn -0.0005 -1.0000 -0.0011
vn 0.0000 -1.0000 0.0000
vn 0.0000 -1.0000 0.0000
vn 0.0000 -1.0000 0.0000
vn 0.0000 -1.0000 0.0000
vn 0.0000 -1.0000 0.0000
vn 0.0004 -1.0000 0.0010
vn -0.0187 0.8938 0.4481
vn -0.0284 0.9958 0.0866
vn -0.1605 0.9743 -0.1579
vn -0.2337 0.2327 0.9440
vn 0.0321 0.0925 0.9952
vn -0.0738 0.1130 0.9909
vn 0.0296 0.0958 0.9950
vn 0.1693 0.1606 0.9724
vn -0.1640 0.1203 0.9791
vn -0.2773 0.1500 -0.9490
vn -0.5570 -0.6002 0.5740
vn -0.6429 -0.1449 0.7521
vn -0.5694 -0.0549 -0.8202
vn -0.0453 0.4966 0.8668
vn -0.4446 -0.5996 -0.6654
vn -0.2545 0.2566 -0.9324
vn -0.0085 -0.0304 0.9995
vn -0.0859 -0.0587 0.9946
vn -0.9436 0.3209 -0.0814
vn -0.9464 0.3038 -0.1094
vn -0.8819 0.4528 -0.1309
vn -0.7529 0.1051 -0.6497
vn -0.9741 0.1012 0.2023
vn -0.9376 0.2087 0.2782
vn -0.9829 -0.0255 -0.1826
vn -0.9985 0.0235 -0.0503
vn -0.9807 0.1725 0.0921
vn -0.9522 0.1543 -0.2638
vn 0.0000 -1.0000 0.0000
vn 0.0000 -1.0000 0.0000
vn 0.0000 -1.0000 0.0000
vn 0.0000 -1.0000 0.0000
vn -0.1251 0.8887 -0.4411
vn -0.3540 0.1741 -0.9189
vn 0.0272 0.4392 -0.8980
vn -0.0728 0.1091 -0.9914
vn -0.0615 0.1447 -0.9876
vn -0.3778 -0.0954 -0.9209
vn -0.1650 -0.1244 0.9784
vn -0.4280 -0.0215 -0.9035
vn -0.7091 0.0000 -0.7051
vn -0.2165 0.3756 0.9012
vn 0.0864 0.4041 0.9106
vn 0.1342 0.0901 -0.9868
vn -0.2792 -0.0181 -0.9601
vn 0.0611 0.1115 -0.9919
vn -0.3460 0.5917 0.7281
vn -0.4638 0.7200 0.5162
vn -0.8967 0.3131 0.3130
vn -0.9565 0.0318 -0.2901
vn -0.9707 0.0030 -0.2404
vn -0.9429 0.0239 0.3322
vn -0.9919 -0.0224 -0.1248
vn -0.9996 0.0231 0.0167
vn -0.9377 0.2278 -0.2625
vn 0.0030 1.0000 0.0071
vn -0.2901 0.8976 -0.3319
vn -0.5582 0.5814 -0.5920
vn 0.0736 0.1450 -0.9867
vn -0.1417 0.1302 0.9813
vn -0.1904 0.1055 0.9760
vn -0.3416 -0.1114 0.9332
vn -0.2422 0.0902 -0.9660
vn -0.3263 0.1104 -0.9388
vn -0.4473 -0.1099 -0.8876
vn -0.3513 -0.0563 -0.9346
vn -0.5661 -0.0579 -0.8223
vn -0.0936 0.2613 0.9607
vn -0.3281 0.3863 -0.8621
vn 0.0151 0.1677 0.9857
vn -0.3279 -0.0472 0.9435
vn -0.3037 0.0401 -0.9519
vn -0.1246 0.1830 -0.9752
vn -0.0105 0.3730 -0.9278
vn -0.2838 0.4227 -0.8607
vn -0.7653 0.4861 0.4220
vn -0.8690 0.1533 -0.4704
vn -0.9676 0.0875 0.2370
vn -0.9358 -0.1025 -0.3373
vn -0.9519 0.0290 -0.3051
vn -0.9797 0.0957 0.1763
vn -0.9065 0.4218 0.0181
vn 0.0128 -0.9992 -0.0371
vn 0.0000 -1.0000 0.0000
vn -0.0478 0.9978 -0.0458
vn 0.0662 0.9749 0.2126
vn -0.3205 0.5757 -0.7522
vn -0.3821 0.2072 -0.9006
vn -0.3715 0.1586 -0.9148
vn -0.3013 0.5908 -0.7485
vn -0.0312 0.3481 -0.9369
vn -0.1367 0.0935 0.9862
vn 0.2437 0.4632 0.8521
vn 0.1788 0.1486 -0.9726
vn -0.4789 0.3648 -0.7985
vn -0.0301 0.0730 0.9969
vn -0.0319 0.1382 0.9899
vn -0.0506 0.1974 0.9790
vn -0.2232 0.1416 -0.9644
vn -0.2175 0.0920 0.9717
vn -0.4104 0.0794 0.9084
vn 0.0065 -0.7693 -0.6389
vn -0.7102 -0.2234 0.6677
vn -0.4809 -0.0922 -0.8719
vn -0.1888 0.0941 0.9775
vn -0.2269 0.0867 0.9701
vn -0.2869 -0.0272 0.9576
vn -0.4588 0.2451 0.8541
vn -0.1154 0.4845 0.8672
vn -0.5890 0.3280 -0.7386
vn -0.6780 0.1017 -0.7280
vn -0.1587 -0.1025 0.9820
vn -0.1721 -0.1714 0.9700
vn 0.3643 0.0991 -0.9260
vn -0.1168 0.3516 -0.9289
vn -0.0070 0.1612 0.9869
vn -0.1107 0.2729 0.9557
vn -0.5614 0.4952 -0.6630
vn -0.8267 0.3162 -0.4654
vn -0.9095 -0.0202 0.4152
vn -0.9804 -0.0633 -0.1867
vn -0.8769 0.0121 0.4806
vn -0.9315 -0.0737 0.3561
vn -0.9051 0.2847 0.3157
vn 0.0000 -1.0000 0.0000
vn 0.0000 -1.0000 0.0000
vn -0.0584 0.9953 -0.0772
vn 0.2793 0.0656 0.9580
vn 0.0104 0.1281 -0.9917
vn 0.0065 0.1484 -0.9889
vn -0.2302 0.1200 -0.9657
vn -0.5736 -0.8174 -0.0536
vn -0.2680 0.1022 -0.9580
vn -0.6884 -0.3707 0.6235
vn -0.1992 0.1296 -0.9714
vn -0.4854 -0.4277 0.7625
vn -0.7059 -0.2222 0.6726
vn -0.5451 -0.2339 0.8051
vn -0.3964 -0.2114 -0.8934
vn -0.5706 -0.4941 0.6559
vn -0.1753 0.2641 -0.9484
vn -0.2502 -0.4768 -0.8427
vn -0.6562 0.3255 -0.6808
vn -0.5037 0.1356 0.8532
vn -0.1365 0.1176 0.9836
vn -0.7916 0.1657 -0.5881
vn -0.8946 0.2076 0.3958
vn -0.9250 -0.0529 -0.3763
vn -0.9813 0.0156 -0.1919
vn -0.9068 0.0606 0.4172
vn -0.8920 -0.4313 0.1357
vn -0.9521 -0.0449 -0.3025
vn -0.8678 0.4315 0.2464
vn -0.9856 0.1585 -0.0585
vn -0.5643 0.6722 -0.4792
vn -0.5852 0.6179 -0.5251
vn -0.0269 0.4184 0.9079
vn -0.2563 0.1734 0.9509
vn -0.0291 0.1263 0.9916
vn -0.1256 0.1343 -0.9829
vn -0.6804 -0.4163 0.6031
vn -0.6344 -0.3112 0.7076
vn -0.0967 -0.6641 -0.7414
vn -0.2193 -0.0333 -0.9751
vn -0.6450 0.4784 -0.5959
vn 0.0195 -0.0330 0.9993
vn -0.1135 0.4700 -0.8753
vn -0.2365 0.6290 0.7405
vn -0.3587 0.6331 0.6859
vn -0.9791 0.0734 -0.1895
vn -0.9065 0.4175 0.0631
vn 0.0088 -0.8594 -0.5112
vn 0.0000 -1.0000 0.0000
vn 0.0000 -1.0000 0.0000
vn 0.0000 -1.0000 0.0000
vn 0.0000 -1.0000 0.0000
vn 0.0000 -1.0000 0.0000
vn 0.0000 -1.0000 0.0000
vn 0.0000 -1.0000 0.0000
vn 0.0000 -1.0000 0.0000
vn 0.0000 -1.0000 0.0000
vn 0.0000 -1.0000 0.0000
vn 0.0000 -1.0000 0.0000
vn 0.0000 -1.0000 0.0000
vn 0.0000 -1.0000 0.0000
vn 0.0466 0.9779 -0.2039
vn -0.0939 0.9664 0.2392
vn -0.5073 0.6751 -0.5356
vn -0.2618 0.4180 -0.8699
vn -0.4730 0.3307 -0.8166
vn -0.3414 0.1292 0.9310
vn -0.1986 0.1444 0.9694
vn -0.2449 0.1113 0.9631
vn -0.3145 0.1353 -0.9396
vn -0.0215 0.0629 0.9978
vn 0.0194 0.1168 0.9930
vn 0.0075 0.1275 -0.9918
vn 0.1433 0.1983 -0.9696
vn -0.1461 0.1238 0.9815
vn -0.0821 0.1609 -0.9836
vn -0.3980 0.0765 0.9142
vn -0.4732 0.0645 0.8786
vn -0.6714 -0.0591 0.7387
vn -0.6508 -0.1220 0.7494
vn -0.7381 -0.3079 0.6003
vn 0.0279 -0.0917 0.9954
vn 0.0050 -0.0595 0.9982
vn -0.4962 0.0769 0.8648
vn -0.3312 -0.2718 -0.9036
vn -0.3615 -0.2750 -0.8909
vn -0.5598 0.1037 0.8221
vn -0.6515 0.2396 0.7198
vn -0.5634 0.1044 -0.8195
vn -0.3062 0.5619 0.7684
vn -0.2661 -0.4163 -0.8694
vn 0.0191 -0.0633 0.9978
vn -0.1318 0.1039 -0.9858
vn -0.1966 0.0203 0.9803
vn -0.2765 0.5127 -0.8128
vn -0.3344 0.7433 0.5793
vn -0.3963 0.6372 0.6610
vn -0.4577 0.1467 0.8769
vn -0.7370 0.4145 -0.5338
vn -0.7780 0.1328 -0.6140
vn -0.8805 0.0399 -0.4723
vn -0.9319 -0.0773 -0.3544
vn -0.9834 -0.1192 -0.1372
vn -0.9447 -0.1974 -0.2619
vn -0.8886 -0.1616 -0.4293
vn -0.8490 0.0729 0.5233
vn -0.9740 0.1756 -0.1434
vn -0.9699 0.1211 -0.2113
vn -0.9487 0.1026 -0.2991
vn -0.9128 0.1034 -0.3950
vn -0.7942 0.5710 -0.2080
vn -0.8768 0.4668 -0.1154
vn 0.0000 -1.0000 0.0000
vn 0.0000 -1.0000 0.0000
vn 0.0000 -1.0000 0.0000
vn 0.0000 -1.0000 0.0000
vn -0.0428 0.2666 0.9629
vn -0.1405 0.7759 0.6150
vn -0.0964 0.7786 0.6200
vn -0.0313 -0.1979 -0.9797
vn -0.3184 0.0960 -0.9431
vn 0.0499 0.2260 -0.9728
vn -0.1106 0.0277 0.9935
vn -0.0656 0.2430 0.9678
vn 0.0170 0.1050 0.9943
vn -0.2453 0.2014 -0.9483
vn -0.1838 0.0560 0.9814
vn -0.1281 0.1055 0.9861
vn -0.0287 0.2011 0.9792
vn -0.1863 0.1454 -0.9717
vn -0.3612 0.0889 0.9283
vn -0.0618 0.1330 -0.9892
vn -0.1556 0.1497 -0.9764
vn -0.2017 0.0645 -0.9773
vn -0.3431 0.1179 -0.9319
vn 0.2146 -0.7023 -0.6788
vn -0.4263 -0.2015 0.8818
vn -0.3035 -0.0583 -0.9510
vn -0.3581 -0.0567 -0.9320
vn -0.4219 -0.0417 -0.9057
vn -0.3593 -0.2716 -0.8928
vn -0.2899 -0.2947 -0.9106
vn -0.1359 0.0661 0.9885
vn -0.3755 0.4231 -0.8246
vn -0.6481 0.5381 0.5389
vn -0.4611 0.1389 -0.8764
vn -0.2506 -0.0515 0.9667
vn -0.4014 -0.1196 -0.9081
vn -0.2933 -0.1064 -0.9501
vn -0.2209 -0.0184 -0.9751
vn -0.4019 0.1961 -0.8945
vn -0.2609 0.3002 -0.9175
vn -0.2922 0.4436 -0.8473
vn -0.2904 0.4401 0.8497
vn -0.1975 0.4780 0.8559
vn -0.3345 0.7705 0.5426
vn -0.5553 0.4464 -0.7017
vn -0.3553 0.1806 -0.9171
vn -0.7550 -0.3567 -0.5503
vn -0.9535 -0.2505 -0.1675
vn -0.8640 0.1049 0.4924
vn -0.7159 -0.0585 0.6958
vn -0.9101 -0.0360 -0.4128
vn -0.8122 0.0144 0.5832
vn -0.8415 -0.1242 0.5258
vn -0.9312 0.0958 -0.3518
vn -0.8139 0.3241 -0.4823
vn -0.8770 0.2031 -0.4355
vn 0.0098 -0.9999 -0.0089
vn 0.0000 -1.0000 0.0000
vn 0.0000 -1.0000 0.0000
vn 0.0000 -1.0000 0.0000
vn 0.0000 -1.0000 0.0000
vn 0.0000 -1.0000 0.0000
vn 0.0000 -1.0000 0.0000
vn -0.0174 -0.9995 0.0257
vn -0.0499 -0.9913 0.1222
vn -0.0103 0.2524 -0.9676
vn -0.2109 0.7066 0.6755
vn -0.7765 0.0852 -0.6243
vn -0.3668 0.1586 -0.9167
vn -0.0935 0.1346 0.9865
vn -0.2679 0.2661 -0.9260
vn -0.1732 0.1192 0.9776
vn -0.4750 0.1183 -0.8720
vn 0.1236 0.1329 -0.9834
vn 0.0778 0.2259 0.9710
vn 0.0809 0.1184 -0.9897
vn -0.3788 0.0888 0.9212
vn -0.4070 0.0811 0.9098
vn -0.3175 0.1223 -0.9403
vn -0.0429 0.1277 -0.9909
vn -0.8064 -0.0156 0.5911
vn -0.2265 0.0678 -0.9717
vn -0.3291 -0.6325 0.7012
vn -0.0049 -0.0894 0.9960
vn -0.0114 0.0207 0.9997
vn -0.0976 0.0093 0.9952
vn -0.2372 0.0331 0.9709
vn -0.5230 -0.5810 0.6236
vn -0.5451 -0.6249 0.5589
vn -0.7732 0.0145 0.6340
vn -0.6501 0.5375 0.5371
vn -0.3510 0.6299 -0.6928
vn -0.4700 0.4911 -0.7334
vn -0.4100 0.6125 -0.6759
vn -0.6225 -0.0493 0.7811
vn -0.3718 -0.2828 -0.8842
vn -0.2048 0.2122 -0.9555
vn -0.4969 0.3127 -0.8095
vn -0.3744 0.1911 0.9074
vn -0.2885 0.2237 0.9310
vn -0.2979 0.4155 -0.8594
vn -0.3516 0.2581 0.8999
vn -0.1985 0.3537 0.9141
vn -0.3363 0.4860 0.8067
vn -0.3032 0.5302 -0.7918
vn -0.3551 0.4434 -0.8230
vn -0.5353 0.0775 -0.8411
vn -0.6658 0.5385 0.5165
vn -0.5871 0.1265 -0.7996
vn -0.8845 0.1787 0.4310
vn -0.8799 -0.2141 0.4242
vn -0.9507 0.2022 -0.2350
vn -0.8497 0.0268 0.5266
vn -0.8349 0.5014 0.2271
vn -0.8646 0.5006 0.0433
vn 0.0297 0.8290 -0.5585
vn -0.5236 0.6146 -0.5900
vn -0.7507 0.2009 -0.6294
vn -0.4631 0.2188 -0.8589
vn -0.3173 0.1770 -0.9317
vn -0.2978 0.1479 -0.9431
vn -0.1355 0.1295 0.9823
vn -0.3480 0.0707 0.9348
vn -0.6277 0.0887 0.7734
vn -0.8099 -0.0251 0.5860
vn -0.2498 -0.0759 -0.9653
vn -0.4029 -0.2266 -0.8867
vn -0.6834 0.3298 0.6513
vn -0.7556 0.2987 0.5830
vn 0.2314 -0.2055 -0.9509
vn -0.4826 0.3753 0.7914
vn -0.5271 0.2968 -0.7963
vn -0.2280 -0.0162 0.9735
vn -0.0513 0.0902 -0.9946
vn -0.5196 0.4705 0.7132
vn -0.7674 0.0318 0.6404
vn -0.7444 -0.0883 -0.6619
vn -0.8247 -0.0008 0.5656
vn -0.8464 0.1172 -0.5195
vn -0.8742 -0.1713 0.4544
vn -0.8767 0.3729 -0.3038
vn -0.3800 -0.0737 -0.9220
vn -0.2240 0.1160 0.9677
vn 0.0070 0.1064 0.9943
vn -0.2314 0.0847 0.9692
vn -0.3653 0.0926 0.9263
vn -0.0394 -0.1367 0.9898
vn -0.1465 -0.0366 0.9885
vn -0.4931 -0.2382 -0.8367
vn -0.3334 -0.1252 -0.9344
vn -0.1262 0.1972 0.9722
vn -0.1637 -0.0966 -0.9818
vn -0.3727 0.8173 0.4394
vn -0.8276 0.2756 0.4890
vn -0.8687 0.2826 -0.4068
vn -0.7926 0.3927 0.4665
vn -0.7840 0.5154 -0.3460
vn 0.0000 -1.0000 0.0000
vn 0.0000 -1.0000 0.0000
vn 0.0000 -1.0000 0.0000
vn 0.0000 -1.0000 0.0000
vn 0.0026 -0.0656 -0.9978
vn 0.0361 0.1534 -0.9875
vn -0.3157 0.1341 -0.9393
vn -0.3259 0.0737 0.9425
vn -0.2173 0.1190 -0.9688
vn -0.1521 0.1107 -0.9822
vn -0.6238 -0.1008 0.7751
vn -0.2353 -0.1398 -0.9618
vn -0.2633 -0.3004 -0.9167
vn -0.2605 0.4863 -0.8341
vn -0.5320 0.3503 -0.7709
vn -0.3608 0.0010 -0.9326
vn -0.6037 -0.1252 0.7873
vn -0.7769 0.0062 0.6296
vn -0.7765 0.0020 0.6301
vn -0.8557 0.5137 0.0621
vn -0.7715 0.6352 0.0349
vn -0.5838 0.0480 -0.8105
vn -0.6634 0.1103 -0.7401
vn 0.1635 -0.5343 -0.8293
vn -0.3797 0.5525 -0.7420
vn -0.5332 -0.0429 0.8449
vn -0.2835 0.3179 -0.9048
vn -0.2005 0.3243 -0.9244
vn -0.1273 0.5353 0.8350
vn -0.5821 0.6087 0.5391
vn -0.7537 -0.3699 -0.5432
vn -0.8569 0.3938 0.3326
vn -0.6998 0.3853 -0.6016
vn -0.8315 0.4747 0.2887
vn -0.7812 0.6175 0.0917
vn 0.0000 -1.0000 0.0000
vn 0.0000 -1.0000 0.0000
vn 0.0000 -1.0000 0.0000
vn 0.0000 -1.0000 0.0000
vn 0.0000 -1.0000 0.0000
vn -0.2422 0.5360 0.8087
vn -0.2994 0.1159 0.9470
vn -0.1830 0.1080 -0.9772
vn -0.1696 -0.1948 0.9661
vn -0.1819 -0.0748 0.9805
vn -0.4142 -0.5611 0.7167
vn -0.3522 0.4335 -0.8295
vn -0.3116 0.4708 0.8254
vn -0.6625 -0.0403 0.7480
vn -0.3949 0.2667 -0.8792
vn -0.1992 0.0866 -0.9761
vn -0.1352 0.2018 -0.9700
vn -0.1688 0.1080 0.9797
vn -0.1978 0.3726 -0.9067
vn -0.3439 0.3924 -0.8531
vn -0.6020 0.1579 0.7827
vn -0.6745 -0.1031 -0.7310
vn -0.5911 0.2701 -0.7600
vn -0.7047 0.3135 -0.6365
vn -0.8390 0.3305 0.4322
vn -0.1398 0.9707 0.1956
vn 0.0046 0.9441 -0.3296
vn -0.0942 0.9504 -0.2965
vn 0.0004 1.0000 -0.0001
vn -0.2433 0.7606 -0.6019
vn -0.6085 0.2838 0.7410
vn -0.5957 0.1244 -0.7935
vn -0.6706 0.1246 -0.7313
vn 0.0446 0.2393 0.9699
vn -0.3592 0.1480 -0.9215
vn -0.2412 0.0840 0.9668
vn -0.2789 0.1279 -0.9518
vn -0.2026 -0.9599 0.1939
vn -0.2051 0.0780 -0.9756
vn -0.4930 -0.7217 0.4859
vn 0.0510 0.3342 0.9411
vn -0.2830 0.4288 0.8580
vn 0.1018 -0.2957 -0.9498
vn -0.1182 0.3986 -0.9095
vn -0.3104 0.0064 0.9506
vn -0.4948 -0.0767 0.8656
vn -0.2820 0.2846 -0.9162
vn -0.3823 0.6358 0.6705
vn -0.7145 -0.0455 0.6982
vn -0.6437 0.0013 0.7653
vn -0.8718 0.0774 0.4837
vn -0.7555 0.3181 -0.5728
vn 0.0000 -1.0000 0.0000
vn 0.0000 -1.0000 0.0000
vn 0.0000 -1.0000 0.0000
vn 0.0000 -1.0000 0.0000
vn 0.0000 -1.0000 0.0000
vn 0.0000 -1.0000 0.0000
vn 0.0000 -1.0000 0.0000
vn 0.0000 -1.0000 0.0000
vn 0.0000 -1.0000 0.0000
vn -0.0056 -0.9914 0.1306
vn -0.0809 -0.4612 -0.8836
vn -0.1116 0.9318 0.3454
vn -0.1817 0.7184 0.6715
vn -0.1224 0.7424 0.6586
vn -0.3577 0.1323 0.9244
vn -0.5405 0.2711 -0.7965
vn -0.3644 0.1545 -0.9183
vn -0.2822 0.1264 -0.9510
vn -0.5498 0.1500 -0.8217
vn -0.2783 0.1286 -0.9518
vn -0.2164 0.1082 -0.9703
vn 0.1782 -0.0677 0.9817
vn -0.2158 0.2394 0.9466
vn -0.0522 -0.0564 0.9970
vn -0.4452 -0.0392 0.8946
vn 0.1460 0.0716 -0.9867
vn -0.5526 -0.2986 -0.7781
vn 0.0141 -0.8269 -0.5622
vn -0.0633 0.7852 -0.6160
vn -0.0555 0.6469 -0.7606
vn -0.2151 0.4799 -0.8505
vn -0.2125 0.1747 -0.9614
vn -0.1870 0.0980 0.9775
vn -0.6183 0.0969 -0.7800
vn -0.3238 0.1316 -0.9369
vn -0.3332 0.1339 -0.9333
vn -0.1247 0.0822 0.9888
vn -0.0962 -0.1345 0.9862
vn 0.0120 0.2555 -0.9667
vn -0.3284 0.5637 0.7579
vn -0.7209 -0.2336 -0.6525
vn -0.5979 0.0037 -0.8016
vn -0.6544 0.1226 -0.7461
vn -0.5696 0.4558 -0.6839
vn -0.6671 0.7052 -0.2400
vn 0.0000 -1.0000 0.0000
vn 0.0000 -1.0000 0.0000
vn 0.0000 -1.0000 0.0000
vn 0.0000 -1.0000 0.0000
vn 0.0000 -1.0000 0.0000
vn -0.0100 -0.7509 0.6603
vn 0.0436 0.2201 0.9745
vn -0.3005 0.6207 0.7242
vn -0.0320 0.6053 -0.7954
vn -0.4636 0.2880 -0.8379
vn -0.3008 0.1370 0.9438
vn -0.2379 0.1035 0.9658
vn -0.4098 0.1475 -0.9002
vn -0.6659 0.1746 -0.7253
vn -0.6284 0.1120 -0.7698
vn -0.2877 0.1210 -0.9500
vn -0.3175 0.0834 0.9446
vn -0.2837 0.0800 0.9556
vn -0.5066 0.2967 0.8095
vn -0.0833 -0.6765 0.7318
vn -0.2196 0.1186 -0.9683
vn 0.1872 -0.4654 -0.8651
vn -0.1877 -0.1728 -0.9669
vn -0.0549 -0.0444 0.9975
vn -0.1448 0.0521 -0.9881
vn -0.1792 -0.2989 -0.9373
vn 0.0446 -0.2902 -0.9559
vn -0.4927 0.0089 -0.8702
vn 0.2070 -0.0846 -0.9747
vn -0.5475 -0.0316 0.8362
vn -0.2487 -0.0363 0.9679
vn 0.0211 -0.0482 -0.9986
vn -0.2134 0.1782 0.9606
vn -0.2226 0.4222 0.8788
vn -0.3580 0.5539 0.7517
vn -0.2376 0.6455 0.7258
vn -0.4388 -0.4487 -0.7785
vn -0.5064 0.5312 -0.6793
vn -0.7151 0.2315 0.6595
vn -0.4367 0.3931 -0.8092
vn -0.6698 0.5235 -0.5266
vn 0.0000 -1.0000 0.0000
vn -0.0000 -1.0000 -0.0000
vn -0.0149 0.9065 0.4219
vn 0.2031 0.4773 -0.8550
vn -0.3238 0.1373 0.9361
vn -0.5444 0.0764 -0.8353
vn -0.4323 0.3273 -0.8402
vn -0.3004 0.1356 0.9441
vn -0.2790 0.0452 0.9592
vn -0.4923 0.1761 -0.8524
vn -0.3387 0.0963 0.9360
vn -0.3431 0.0458 0.9382
vn -0.5761 0.1028 -0.8109
vn -0.3962 -0.5696 0.7201
vn -0.0588 0.0460 0.9972
vn -0.4169 -0.1089 -0.9024
vn -0.1562 -0.0277 -0.9873
vn -0.2195 -0.2185 -0.9508
vn -0.2301 -0.3262 -0.9169
vn -0.0339 -0.2712 -0.9619
vn -0.1591 -0.2108 -0.9645
vn 0.1477 0.0088 -0.9890
vn -0.0791 0.5864 -0.8061
vn -0.0803 0.2216 0.9718
vn 0.0229 0.0179 0.9996
vn -0.2234 0.2986 -0.9279
vn -0.4293 0.4053 -0.8071
vn -0.2112 0.5475 0.8097
vn -0.4817 0.2113 -0.8505
vn -0.4111 0.1903 -0.8915
vn -0.1580 0.5352 -0.8298
vn -0.5017 0.0714 -0.8621
vn -0.6702 0.3304 0.6645
vn -0.5537 -0.4152 -0.7218
vn -0.5536 -0.0374 0.8320
vn -0.7156 -0.1393 -0.6845
vn -0.6750 0.2910 0.6780
vn -0.7442 0.3205 0.5861
vn -0.7094 0.7030 0.0504
vn -0.0963 0.9530 0.2872
vn 0.0879 0.3431 -0.9352
vn -0.4600 0.2356 -0.8561
vn -0.4443 0.1213 -0.8876
vn -0.0766 0.0946 0.9926
vn -0.4997 0.1612 -0.8511
vn -0.6584 0.1603 -0.7354
vn -0.3661 0.0962 0.9256
vn -0.5223 0.1410 -0.8410
vn -0.4110 0.1434 -0.9003
vn -0.5357 -0.0678 0.8417
vn -0.1940 0.0449 -0.9800
vn -0.2778 -0.0987 -0.9556
vn -0.0241 -0.1301 -0.9912
vn -0.1134 -0.3035 -0.9460
vn 0.5506 -0.0045 -0.8348
vn 0.1176 -0.0033 -0.9931
vn -0.2560 0.5270 0.8104
vn -0.2848 0.3998 -0.8713
vn -0.3080 0.5539 0.7735
vn -0.3267 0.5514 0.7676
vn -0.7017 -0.2041 -0.6826
vn -0.6995 0.5783 0.4199
vn -0.5482 0.6326 -0.5471
vn -0.4192 0.9053 0.0685
vn 0.0000 -1.0000 0.0000
vn 0.0000 -1.0000 0.0000
vn 0.0000 -1.0000 0.0000
vn 0.0000 -1.0000 0.0000
vn 0.0000 -1.0000 0.0000
vn 0.0000 -1.0000 0.0000
vn 0.0000 -1.0000 0.0000
vn 0.0000 -1.0000 0.0000
vn 0.0000 -1.0000 0.0000
vn 0.0000 -1.0000 0.0000
vn 0.0000 -1.0000 0.0000
vn 0.0000 -1.0000 0.0000
vn 0.0119 0.9999 0.0045
vn -0.2520 0.6571 0.7105
vn -0.2897 0.1114 0.9506
vn -0.2588 0.0504 -0.9646
vn -0.3927 0.1486 -0.9076
vn -0.3252 0.1122 0.9390
vn -0.3312 0.1237 0.9354
vn -0.2326 0.0815 -0.9692
vn -0.5787 0.1708 -0.7975
vn -0.2346 0.1437 0.9614
vn -0.3565 0.2087 -0.9107
vn 0.0641 -0.0024 0.9979
vn 0.5448 -0.5622 -0.6222
vn -0.2338 -0.0791 -0.9691
vn -0.1921 -0.0372 -0.9807
vn 0.0276 -0.2858 -0.9579
vn -0.1420 0.4769 -0.8674
vn -0.3059 0.4922 -0.8149
vn -0.0451 0.5444 -0.8376
vn 0.2761 -0.0082 0.9611
vn 0.0946 0.0031 -0.9955
vn -0.0109 0.2842 0.9587
vn -0.3306 0.3122 -0.8906
vn -0.0715 0.3986 0.9143
vn -0.3008 0.3135 0.9007
vn -0.2892 0.6099 0.7379
vn -0.6485 -0.0381 -0.7603
vn -0.7496 -0.2979 0.5910
vn -0.6648 0.1509 0.7316
vn -0.6853 0.4892 0.5395
vn -0.5111 0.2443 0.8241
vn -0.6471 0.7623 -0.0095
vn -0.0019 -0.5591 -0.8291
vn 0.0340 -0.9455 -0.3238
vn 0.0000 -1.0000 0.0000
vn 0.0058 -0.8798 0.4753
vn 0.0248 0.7974 0.6029
vn -0.0214 0.9994 0.0266
vn -0.0404 0.7606 -0.6480
vn -0.2384 0.0154 0.9710
vn -0.2583 0.1811 -0.9489
vn -0.3926 0.1961 -0.8986
vn -0.3669 0.0679 -0.9278
vn -0.3569 0.1151 0.9270
vn -0.2721 0.1409 -0.9519
vn -0.1717 0.0914 0.9809
vn -0.3192 0.0649 0.9455
vn -0.2880 0.1419 -0.9471
vn -0.3216 0.0766 0.9438
vn -0.2548 0.0886 0.9629
vn -0.0053 0.0334 0.9994
vn -0.0320 -0.0914 0.9953
vn 0.0142 -0.1066 0.9942
vn -0.0746 -0.0581 0.9955
vn -0.1007 -0.0001 0.9949
vn 0.0062 0.0031 1.0000
vn -0.1707 -0.0426 -0.9844
vn 0.0583 0.0089 0.9983
vn -0.0266 -0.2224 -0.9746
vn -0.0674 0.4715 -0.8793
vn 0.1335 0.0536 0.9896
vn 0.1998 0.0463 -0.9787
vn 0.1045 0.1512 0.9830
vn 0.1408 0.2063 -0.9683
vn 0.0793 0.0387 0.9961
vn -0.2294 0.3217 -0.9186
vn -0.0777 0.2905 -0.9537
vn -0.3582 0.6833 0.6363
vn -0.4864 -0.4888 -0.7242
vn -0.5579 -0.0129 0.8298
vn -0.5440 0.1624 0.8232
vn -0.1094 -0.1661 -0.9800
vn -0.9151 -0.1449 -0.3762
vn -0.7344 -0.1821 0.6539
vn -0.7522 0.3649 -0.5486
vn -0.6991 -0.1162 0.7055
vn -0.5712 0.3630 -0.7362
vn -0.4751 0.5528 -0.6846
vn -0.3309 0.5191 -0.7880
vn -0.7184 0.6385 0.2761
vn -0.0110 -0.9999 -0.0128
vn -0.0003 -1.0000 -0.0007
vn 0.0000 -1.0000 0.0000
vn 0.0000 -1.0000 0.0000
vn 0.0000 -1.0000 0.0000
vn 0.0000 -1.0000 0.0000
vn 0.0000 -1.0000 0.0000
vn 0.0000 -1.0000 0.0000
vn -0.0000 -1.0000 -0.0000
vn -0.0718 0.9196 -0.3862
vn -0.1955 0.7977 0.5705
vn -0.4208 0.0965 0.9020
vn -0.2869 0.2143 0.9337
vn -0.0293 0.2219 -0.9746
vn -0.3450 0.0915 0.9341
vn -0.1817 0.1819 -0.9664
vn -0.1889 0.1052 -0.9763
vn -0.3418 0.1431 0.9288
vn -0.3567 0.1352 0.9244
vn -0.1561 0.1652 -0.9738
vn -0.4343 0.1759 -0.8834
vn -0.5529 0.7145 -0.4288
vn -0.3911 0.0674 0.9179
vn -0.6011 0.1042 -0.7924
vn -0.2690 0.1011 0.9578
vn -0.3661 0.0896 0.9262
vn -0.3871 0.1728 -0.9057
vn -0.5167 0.0777 -0.8526
vn -0.3250 0.1872 -0.9270
vn -0.2941 0.1697 0.9406
vn -0.5168 -0.6057 0.6050
vn 0.0413 -0.0062 0.9991
vn -0.2103 0.1203 -0.9702
vn -0.3682 -0.0769 0.9266
vn 0.1285 -0.3493 0.9282
vn -0.0473 -0.1487 0.9877
vn 0.1099 -0.0981 -0.9891
vn -0.1644 -0.0725 -0.9837
vn 0.0894 -0.0536 -0.9946
vn 0.1264 0.0280 0.9916
vn 0.0953 -0.2194 -0.9710
vn 0.2115 0.1605 0.9641
vn 0.2700 0.4099 0.8712
vn 0.1167 -0.1140 -0.9866
vn 0.2875 0.3730 0.8822
vn 0.1645 0.2950 -0.9412
vn 0.2880 0.2854 0.9141
vn 0.1491 0.4906 -0.8586
vn 0.2452 0.0250 0.9691
vn 0.3101 -0.0059 0.9507
vn 0.2130 -0.0131 0.9770
vn 0.1768 -0.0347 0.9836
vn 0.1705 0.1614 -0.9721
vn 0.1064 -0.0145 0.9942
vn 0.0737 0.2156 -0.9737
vn 0.1616 0.2514 -0.9543
vn -0.2325 0.2782 0.9319
vn -0.3447 0.3076 -0.8869
vn -0.2816 0.4279 -0.8588
vn -0.4224 -0.1300 0.8971
vn -0.5176 -0.1304 -0.8456
vn -0.5996 0.0369 0.7994
vn -0.5017 0.4601 -0.7325
vn -0.5861 0.5990 -0.5457
vn -0.6131 0.7899 -0.0074
vn -0.1009 0.9416 -0.3212
vn -0.0913 0.6521 -0.7526
vn -0.0532 0.7414 -0.6689
vn -0.2942 0.2567 0.9206
vn -0.2097 0.1616 -0.9643
vn -0.1866 0.2181 0.9579
vn -0.3695 0.0858 0.9253
vn -0.2500 0.1541 -0.9559
vn -0.3234 0.0934 0.9417
vn -0.5837 0.1446 -0.7990
vn -0.2835 0.1273 -0.9505
vn -0.4615 0.1607 -0.8725
vn -0.2283 0.0808 0.9702
vn -0.2996 0.1976 -0.9334
vn -0.1759 0.0588 0.9827
vn -0.2210 0.1333 -0.9661
vn -0.1670 -0.1813 0.9691
vn -0.0619 -0.0491 -0.9969
vn 0.4649 -0.0345 -0.8847
vn -0.0047 0.1653 -0.9862
vn -0.0974 0.3076 -0.9465
vn -0.3012 0.4081 -0.8618
vn -0.4719 0.3025 -0.8281
vn -0.5542 0.5954 -0.5816
vn -0.9272 -0.0008 -0.3746
vn -0.6346 0.1911 0.7489
vn -0.4673 0.3757 -0.8003
vn -0.3923 0.8442 -0.3652
vn -0.6440 0.6637 0.3804
vn -0.4127 0.8353 0.3633
vn -0.4757 0.8787 -0.0405
vn 0.0000 -1.0000 0.0000
vn 0.0000 -1.0000 0.0000
vn 0.0000 -1.0000 0.0000
vn 0.0000 -1.0000 0.0000
vn 0.0018 -0.9970 0.0767
vn -0.0000 0.0035 -1.0000
vn -0.3583 0.1242 0.9253
vn -0.1838 0.1753 -0.9672
vn -0.4195 0.0902 0.9033
vn -0.3534 0.1080 0.9292
vn -0.3189 0.1388 -0.9376
vn -0.2795 0.0813 0.9567
vn -0.2822 0.0978 0.9543
vn -0.3471 -0.5123 0.7855
vn -0.2550 0.0963 -0.9621
vn 0.5098 -0.7743 -0.3748
vn -0.0734 0.0333 0.9967
vn -0.1319 -0.6010 0.7883
vn 0.0792 0.1477 0.9859
vn -0.0290 0.0712 0.9970
vn 0.0497 0.2550 -0.9657
vn -0.2005 0.4123 0.8887
vn -0.5330 0.0331 0.8455
vn -0.3161 0.7094 -0.6300
vn -0.0887 0.1373 -0.9866
vn -0.2486 0.0899 0.9644
vn -0.3274 0.6337 -0.7009
vn -0.4863 0.1305 -0.8640
vn -0.2802 0.1055 -0.9541
vn 0.2469 0.2920 0.9240
vn 0.6072 -0.1295 -0.7839
vn -0.0682 0.3768 -0.9238
vn -0.5889 -0.4617 -0.6634
vn -0.6193 -0.3624 0.6965
vn -0.5561 0.5519 0.6214
vn -0.4883 0.6874 0.5376
vn 0.0000 -1.0000 0.0000
vn 0.0000 -1.0000 0.0000
vn 0.0000 -1.0000 0.0000
vn -0.0088 0.2322 -0.9726
vn -0.0080 0.5741 -0.8187
vn -0.1981 0.1508 0.9685
vn -0.3323 0.1644 -0.9287
vn -0.1716 0.1207 0.9777
vn -0.3083 0.1268 0.9428
vn -0.1798 0.1370 -0.9741
vn -0.3864 0.1434 -0.9111
vn -0.2499 0.1226 0.9605
vn -0.3812 0.3616 -0.8508
vn -0.6183 0.4515 0.6433
vn -0.0585 0.9490 0.3099
vn -0.2665 0.1298 -0.9551
vn -0.4440 0.1784 0.8781
vn -0.2370 0.1115 -0.9651
vn 0.1928 -0.4235 -0.8852
vn -0.1647 -0.1919 0.9675
vn -0.1750 0.4675 0.8665
vn 0.3324 0.0442 0.9421
vn -0.1679 -0.0030 0.9858
vn -0.5918 0.3040 0.7466
vn 0.0000 -1.0000 0.0000
vn 0.0376 0.4924 0.8695
vn -0.0696 0.6244 0.7780
vn -0.2321 0.1112 0.9663
vn -0.2539 0.1592 -0.9540
vn -0.3550 0.1129 0.9280
vn -0.3971 0.1124 -0.9109
vn -0.2947 0.1941 -0.9357
vn -0.2692 0.1015 0.9577
vn -0.2282 0.1951 -0.9539
vn 0.0609 0.0412 0.9973
vn -0.2077 0.1160 -0.9713
vn -0.1559 -0.0099 0.9877
vn -0.0285 -0.1305 0.9910
vn -0.2104 -0.2037 0.9562
vn 0.0128 -0.1421 0.9898
vn 0.0073 -0.0628 0.9980
vn -0.1966 0.0548 0.9790
vn 0.1344 -0.2523 -0.9583
vn -0.2494 0.2032 0.9468
vn 0.2570 0.3201 0.9118
vn 0.7331 -0.0560 -0.6779
vn 0.4380 0.0689 0.8963
vn 0.0990 0.0355 -0.9944
vn 0.1021 0.1236 -0.9871
vn 0.0359 0.2746 -0.9609
vn 0.0924 0.2028 -0.9749
vn -0.1053 0.3486 -0.9313
vn -0.2812 0.6417 0.7135
vn -0.4485 0.2877 0.8462
vn -0.2902 0.0968 -0.9521
vn -0.6494 0.5795 -0.4924
vn -0.3620 0.4899 -0.7931
vn -0.5507 0.2943 0.7811
vn -0.2803 0.3782 -0.8822
vn -0.2097 0.1902 -0.9591
vn -0.1275 0.1050 0.9863
vn 0.2753 -0.0702 -0.9588
vn 0.0170 -0.0183 0.9997
vn -0.1067 0.0714 0.9917
vn 0.4890 -0.1738 -0.8548
vn 0.0747 0.0347 -0.9966
vn 0.0338 0.0378 -0.9987
vn 0.0047 0.1993 -0.9799
vn -0.3099 0.0412 -0.9499
vn -0.4688 -0.1916 -0.8623
vn -0.4770 0.8755 0.0768
vn 0.0000 -1.0000 0.0000
vn 0.0000 -1.0000 0.0000
vn 0.0000 -1.0000 0.0000
vn 0.0009 -1.0000 0.0012
vn 0.0103 -0.9685 0.2488
vn 0.0112 -0.6718 -0.7407
vn -0.2270 0.1572 -0.9611
vn -0.1447 0.1317 0.9807
vn 0.0217 0.1011 0.9946
vn 0.0039 0.1108 0.9938
vn -0.2293 0.1555 -0.9609
vn 0.4380 -0.3981 -0.8060
vn 0.0246 0.2552 -0.9666
vn -0.0299 -0.0668 0.9973
vn 0.1367 -0.0891 -0.9866
vn -0.1531 0.2701 0.9506
vn -0.1723 -0.7172 -0.6752
vn -0.4676 0.8189 -0.3327
vn -0.2924 0.9413 0.1688
vn -0.0155 0.9412 -0.3374
vn 0.0603 0.9975 0.0361
vn -0.2339 0.1897 -0.9536
vn -0.3501 0.1479 -0.9250
vn -0.0311 0.0749 0.9967
vn -0.0965 0.1159 -0.9886
vn 0.4857 -0.4859 -0.7266
vn 0.1599 -0.1652 -0.9732
vn -0.2663 0.4774 0.8374
vn 0.0940 0.0509 0.9943
vn -0.2881 0.0627 0.9556
vn 0.1068 0.2189 -0.9699
vn -0.1778 0.1436 0.9735
vn -0.1697 0.5914 0.7883
vn -0.1675 0.6720 0.7214
vn -0.3622 0.9293 -0.0726
vn 0.0000 -1.0000 0.0000
vn 0.0000 -1.0000 0.0000
vn 0.0000 -1.0000 0.0000
vn 0.0028 -0.5888 0.8083
vn 0.0161 0.9552 0.2954
vn -0.1239 0.7585 -0.6398
vn -0.0727 0.4665 0.8815
vn -0.0544 0.4115 -0.9098
vn -0.1929 0.1656 -0.9671
vn -0.1928 0.0879 0.9773
vn -0.1668 0.2883 -0.9429
vn -0.2296 0.0830 0.9697
vn -0.2883 0.1062 -0.9516
vn -0.3598 0.0963 -0.9281
vn -0.1165 0.0866 0.9894
vn -0.0547 0.1128 0.9921
vn -0.3534 0.1873 -0.9165
vn -0.1916 -0.6492 0.7361
vn -0.2902 0.1955 -0.9368
vn -0.1248 -0.2310 0.9649
vn -0.0668 0.0912 -0.9936
vn 0.6498 -0.4671 -0.5997
vn 0.0913 -0.0922 -0.9916
vn 0.0437 -0.0577 -0.9974
vn -0.5011 0.3164 0.8055
vn -0.3528 0.6066 0.7125
vn 0.6898 -0.5902 -0.4194
vn -0.4609 -0.1067 0.8810
vn 0.1166 0.0399 -0.9924
vn -0.4102 -0.0590 0.9101
vn -0.2548 0.5986 0.7594
vn -0.1265 0.3414 -0.9314
vn -0.4868 -0.2253 0.8439
vn -0.3860 -0.3696 0.8452
vn -0.2478 0.5139 -0.8213
vn -0.2709 0.7055 0.6549
vn 0.0000 -1.0000 0.0000
vn 0.0000 -1.0000 0.0000
vn -0.0138 0.2080 -0.9780
vn -0.0014 0.1170 -0.9931
vn -0.2031 0.3289 -0.9223
vn -0.0385 0.1468 0.9884
vn 0.1205 0.0877 0.9888
vn -0.1407 0.1670 -0.9759
vn -0.0866 0.1136 -0.9897
vn -0.0830 0.0984 -0.9917
vn 0.4452 -0.3401 -0.8283
vn 0.2050 -0.1186 -0.9715
vn -0.3225 -0.1603 0.9329
vn 0.1792 -0.2482 -0.9520
vn 0.1969 -0.1701 -0.9656
vn -0.2228 0.2054 0.9530
vn 0.2486 0.0854 -0.9648
vn -0.1748 0.3373 0.9250
vn -0.4276 -0.0234 0.9037
vn -0.1195 -0.0568 0.9912
vn 0.1071 0.2528 -0.9616
vn -0.2016 0.3649 0.9090
vn -0.1443 0.5989 0.7878
vn -0.3123 0.4821 0.8186
vn -0.3967 0.0570 0.9162
vn -0.2727 -0.0806 0.9587
vn -0.3805 -0.0653 0.9225
vn -0.1107 -0.2839 0.9524
vn 0.4573 0.1875 -0.8693
vn 0.1831 0.5930 -0.7841
vn -0.2232 0.6116 -0.7590
vn -0.1118 0.9251 0.3628
vn 0.0330 -0.9993 -0.0179
vn 0.0000 -1.0000 0.0000
vn -0.4448 0.8141 0.3734
vn -0.2077 0.2274 -0.9514
vn 0.1075 0.1080 0.9883
vn -0.2247 0.1350 -0.9650
vn -0.3949 0.1528 -0.9059
vn -0.1200 0.1028 -0.9874
vn 0.2054 -0.2735 -0.9397
vn 0.1624 -0.0808 -0.9834
vn 0.2733 0.5322 -0.8013
vn 0.2822 0.5952 -0.7524
vn -0.1593 0.8293 -0.5356
vn 0.0000 -1.0000 0.0000
vn 0.0000 -1.0000 0.0000
vn 0.0000 -1.0000 0.0000
vn 0.0000 -1.0000 0.0000
vn 0.0000 -1.0000 0.0000
vn 0.0000 -1.0000 0.0000
vn 0.0000 -1.0000 0.0000
vn 0.0000 -1.0000 0.0000
vn 0.0000 -1.0000 0.0000
vn 0.0000 -1.0000 0.0000
vn 0.0000 -1.0000 0.0000
vn 0.0000 -1.0000 0.0000
vn 0.0444 -0.9985 0.0333
vn -0.0292 0.9982 -0.0518
vn -0.0900 0.5188 -0.8502
vn -0.0956 0.2346 0.9674
vn -0.2155 0.1978 -0.9562
vn -0.1095 0.1456 -0.9833
vn -0.2073 0.1349 -0.9689
vn -0.2402 0.1356 -0.9612
vn 0.0041 0.1096 0.9940
vn 0.1042 0.0738 0.9918
vn 0.0556 0.0797 0.9953
vn -0.0219 0.1106 0.9936
vn -0.2551 0.1136 -0.9602
vn -0.3902 0.1740 -0.9042
vn -0.3182 0.2263 -0.9206
vn 0.2088 -0.1009 0.9727
vn -0.2996 0.2959 0.9070
vn -0.1196 0.0487 -0.9916
vn -0.1728 -0.0296 0.9845
vn -0.4263 0.0083 0.9046
vn -0.3986 -0.0746 0.9141
vn -0.1662 0.6105 0.7744
vn -0.5150 0.5608 0.6483
vn -0.2212 -0.0833 0.9717
vn -0.4261 0.5024 0.7524
vn -0.0061 -1.0000 -0.0024
vn -0.0001 -1.0000 -0.0003
vn 0.0000 -1.0000 0.0000
vn 0.0000 -1.0000 0.0000
vn 0.0000 -1.0000 0.0000
vn 0.0000 -1.0000 0.0000
vn 0.0051 0.4410 -0.8975
vn 0.0210 0.9541 0.2989
vn -0.1933 0.6904 -0.6971
vn -0.4063 0.4814 0.7767
vn -0.1442 0.4090 -0.9011
vn 0.1313 0.1915 -0.9727
vn -0.0025 0.1325 0.9912
vn -0.2477 -0.3377 -0.9081
vn 0.0360 0.1273 -0.9912
vn 0.0350 0.1771 -0.9836
vn 0.0402 0.1567 -0.9868
vn 0.0164 0.0809 0.9966
vn 0.0877 0.1018 0.9909
vn -0.3195 0.1561 -0.9346
vn -0.3007 0.1820 -0.9362
vn -0.2974 0.1224 -0.9469
vn -0.2061 0.1596 -0.9654
vn -0.2848 0.0961 -0.9538
vn -0.0559 0.4298 0.9012
vn 0.0524 0.1035 0.9933
vn -0.3561 0.1857 -0.9158
vn -0.4317 0.2027 -0.8790
vn -0.1895 0.1959 -0.9621
vn 0.0556 -0.9614 0.2694
vn 0.2627 -0.1641 0.9508
vn -0.2431 -0.0337 -0.9694
vn 0.1953 -0.0476 -0.9796
vn -0.0269 -0.1181 -0.9926
vn -0.1916 -0.0790 0.9783
vn 0.0739 -0.1889 0.9792
vn 0.1672 0.5563 -0.8140
vn -0.5468 -0.0418 0.8362
vn 0.4085 -0.3116 -0.8579
vn -0.0653 -0.0682 -0.9955
vn -0.0453 -0.0518 0.9976
vn -0.1185 -0.1531 0.9811
vn -0.1479 0.4793 0.8651
vn 0.0789 0.5297 0.8445
vn -0.0680 0.0695 -0.9953
vn -0.0928 -0.5473 -0.8318
vn -0.1699 -0.3015 -0.9382
vn 0.4812 -0.0344 -0.8759
vn -0.5016 -0.1253 0.8560
vn -0.4608 0.1864 0.8677
vn -0.4278 0.2793 0.8596
vn -0.2307 0.2195 -0.9480
vn -0.0633 0.5601 -0.8260
vn -0.1142 0.6864 -0.7182
vn -0.0891 0.9380 -0.3350
vn -0.1007 0.9916 0.0808
vn -0.1251 0.9887 -0.0823
vn 0.0000 -1.0000 0.0000
vn 0.0000 -1.0000 0.0000
vn 0.0000 -1.0000 0.0000
vn 0.0041 -0.6645 0.7473
vn 0.0070 -0.0410 -0.9991
vn 0.0455 0.9516 -0.3038
vn -0.0148 0.9463 -0.3229
vn 0.0319 0.0869 0.9957
vn 0.0695 0.1853 -0.9802
vn 0.1178 0.1213 0.9856
vn -0.1321 -0.2245 -0.9655
vn 0.1104 0.3171 -0.9419
vn -0.1700 0.1616 -0.9721
vn 0.0167 0.1201 -0.9926
vn -0.0908 0.1428 -0.9856
vn 0.0920 0.0802 0.9925
vn 0.1742 0.0897 0.9806
vn -0.0424 -0.0100 0.9990
vn -0.4798 0.0720 -0.8744
vn -0.0911 -0.5722 0.8150
vn 0.1545 -0.9482 0.2775
vn 0.1495 -0.4793 0.8648
vn -0.1975 0.2367 -0.9513
vn 0.0249 0.1158 -0.9930
vn 0.0474 0.0667 -0.9966
vn -0.0947 0.0721 -0.9929
vn 0.0897 -0.1584 0.9833
vn 0.1258 -0.1510 0.9805
vn 0.5224 -0.3839 -0.7614
vn 0.3419 -0.5431 -0.7669
vn -0.1774 -0.1122 0.9777
vn -0.0282 0.0811 -0.9963
vn 0.0675 -0.2436 -0.9675
vn 0.2150 -0.2632 -0.9405
vn 0.3251 0.4955 -0.8055
vn -0.2359 0.0135 0.9717
vn -0.0905 0.2159 -0.9722
vn -0.0934 -0.0680 0.9933
vn 0.1588 0.2061 0.9656
vn -0.0080 0.2959 -0.9552
vn -0.1909 0.1319 -0.9727
vn -0.0922 0.2350 -0.9676
vn 0.0263 -0.6349 -0.7721
vn -0.2042 0.1677 0.9645
vn -0.3671 -0.1968 0.9091
vn -0.1372 0.0023 0.9905
vn 0.0379 0.5866 -0.8090
vn -0.1020 0.6254 -0.7736
vn -0.3262 0.4339 0.8398
vn -0.0992 0.4180 -0.9030
vn -0.2134 0.7329 0.6460
vn -0.3024 0.9088 -0.2876
vn -0.0231 -0.7873 -0.6161
vn -0.0045 0.0483 0.9988
vn -0.3781 0.2322 0.8962
vn 0.0364 0.1355 0.9901
vn -0.0868 0.1236 0.9885
vn -0.2290 0.0704 -0.9709
vn -0.4668 0.0982 -0.8789
vn -0.4739 0.2095 -0.8553
vn -0.2378 0.2600 -0.9359
vn -0.1007 0.5039 0.8578
vn 0.1322 -0.0661 0.9890
vn 0.2297 -0.0754 0.9703
vn 0.2122 -0.0991 0.9722
vn 0.2168 -0.1534 0.9641
vn 0.4954 -0.4109 -0.7653
vn -0.1376 -0.0025 0.9905
vn -0.1830 0.1314 0.9743
vn -0.2181 0.3981 0.8911
vn 0.5603 -0.0694 -0.8254
vn 0.1194 0.0122 0.9928
vn -0.0604 -0.0714 0.9956
vn -0.1143 0.2369 -0.9648
vn -0.1300 0.1535 -0.9796
vn -0.0605 0.0063 0.9982
vn -0.1138 0.2057 -0.9720
vn -0.1191 0.1703 0.9782
vn -0.1283 0.1928 -0.9728
vn -0.1154 0.3863 0.9151
vn 0.0317 0.3328 -0.9425
vn 0.0997 0.5952 0.7974
vn 0.1602 -0.4925 -0.8554
vn -0.1225 -0.1121 0.9861
vn 0.1445 0.0629 -0.9875
vn -0.2520 -0.2492 0.9351
vn -0.3468 0.0547 0.9363
vn -0.3082 0.6331 0.7101
vn -0.2370 0.8237 0.5152
vn -0.1416 0.9894 0.0324
vn 0.0000 -1.0000 0.0000
vn 0.0000 -1.0000 0.0000
vn 0.0000 -1.0000 0.0000
vn -0.6484 0.3150 0.6931
vn 0.1649 0.2093 -0.9638
vn 0.2533 0.0831 -0.9638
vn 0.0934 0.0815 0.9923
vn -0.1496 0.1135 -0.9822
vn -0.0873 0.1398 0.9863
vn 0.0474 -0.6185 0.7843
vn -0.0234 0.0756 -0.9969
vn 0.0763 -0.0250 0.9968
vn -0.1173 -0.1563 -0.9807
vn -0.0114 -0.2514 -0.9678
vn 0.1713 0.0114 -0.9852
vn 0.2750 -0.2065 -0.9390
vn 0.0569 -0.0290 0.9980
vn -0.1543 -0.0203 -0.9878
vn -0.1232 0.2275 -0.9660
vn -0.0939 0.3260 -0.9407
vn -0.0006 0.5440 0.8391
vn 0.2299 -0.6029 -0.7639
vn -0.1442 -0.3594 0.9220
vn 0.1738 0.2530 -0.9517
vn 0.2723 0.4811 -0.8333
vn -0.0148 0.9991 0.0386
vn 0.0403 0.6782 -0.7338
vn -0.3208 0.0582 0.9453
vn 0.0996 0.1393 0.9852
vn -0.5004 0.0696 0.8630
vn 0.0917 0.0891 0.9918
vn 0.0056 0.1316 -0.9913
vn -0.2718 0.1049 -0.9566
vn -0.0849 0.1000 0.9914
vn -0.4590 0.1384 -0.8776
vn -0.2721 0.2570 -0.9273
vn 0.2088 -0.0141 0.9779
vn 0.4940 -0.5455 -0.6771
vn 0.3939 0.0223 0.9189
vn 0.3598 0.3149 0.8783
vn -0.0560 0.1767 0.9827
vn -0.0054 0.5709 0.8210
vn 0.0133 -0.2735 -0.9618
vn 0.2745 0.1979 -0.9410
vn -0.0915 0.3540 0.9307
vn -0.1326 0.5658 0.8138
vn -0.1756 0.9024 0.3935
vn 0.0000 -1.0000 0.0000
vn 0.0000 -1.0000 0.0000
vn 0.0000 -1.0000 0.0000
vn 0.0000 -1.0000 0.0000
vn 0.0000 -1.0000 0.0000
vn -0.0073 -0.8902 0.4554
vn -0.5269 0.7928 0.3063
vn 0.1378 0.7645 -0.6297
vn -0.2410 0.1145 -0.9638
vn -0.1647 0.1031 -0.9809
vn -0.3148 0.1618 -0.9353
vn -0.1727 0.2076 -0.9629
vn 0.0089 0.1157 -0.9932
vn -0.1807 -0.1894 0.9651
vn -0.2278 -0.0236 -0.9734
vn 0.4778 -0.1716 0.8615
vn 0.2917 0.0807 0.9531
vn 0.2636 0.4000 0.8778
vn 0.3280 0.0649 0.9425
vn 0.3663 -0.4833 -0.7951
vn 0.5737 -0.5000 -0.6488
vn 0.3366 0.0104 0.9416
vn 0.0567 0.2399 0.9691
vn -0.1235 0.0774 -0.9893
vn 0.0482 -0.0819 0.9955
vn 0.0158 0.1057 -0.9943
vn 0.0973 0.9770 -0.1897
vn 0.1309 0.9914 -0.0025
vn -0.0038 0.9996 0.0292
vn -0.0838 0.7188 0.6901
vn -0.3838 0.0722 0.9206
vn 0.1147 0.0588 0.9917
vn 0.1275 0.1022 -0.9866
vn -0.1507 -0.1661 0.9745
vn 0.4748 -0.1843 0.8606
vn 0.4592 0.3168 0.8299
vn 0.3038 -0.0183 0.9526
vn 0.0217 0.2631 -0.9645
vn 0.4078 -0.0146 -0.9130
vn 0.1409 0.2088 -0.9678
vn -0.0338 0.3868 -0.9215
vn 0.0670 0.6821 -0.7281
vn -0.0687 0.9888 -0.1324
vn -0.0062 -0.9998 -0.0165
vn 0.0000 -1.0000 0.0000
vn -0.0083 -0.9999 0.0120
vn -0.0027 0.0017 1.0000
vn -0.3124 0.6978 0.6446
vn -0.4744 -0.0091 0.8803
vn -0.5627 0.1892 0.8047
vn 0.0917 0.2213 -0.9709
vn -0.5514 0.1060 0.8275
vn -0.6162 0.3017 0.7276
vn -0.5098 0.2717 0.8162
vn -0.5971 0.1579 0.7865
vn -0.3881 0.1118 0.9148
vn 0.3228 0.1276 -0.9378
vn -0.6308 0.2512 0.7342
vn -0.6252 0.2519 0.7387
vn -0.5550 0.0947 0.8264
vn -0.5293 0.1075 0.8416
vn -0.2068 0.1921 0.9593
vn -0.2327 0.1235 0.9647
vn -0.0993 0.1210 0.9877
vn -0.1667 0.0661 0.9838
vn 0.3743 0.0035 0.9273
vn 0.1953 -0.1415 0.9705
vn 0.4405 0.3107 0.8422
vn 0.3157 0.4094 0.8560
vn 0.0021 0.1552 -0.9879
vn 0.2841 -0.0017 0.9588
vn 0.2896 -0.0562 0.9555
vn 0.0653 0.3053 -0.9500
vn -0.0363 0.3208 -0.9464
vn 0.1535 0.3991 -0.9040
vn -0.1209 0.3587 -0.9256
vn -0.0991 0.4670 0.8787
vn 0.1728 0.0207 -0.9847
vn -0.1220 -0.2828 -0.9514
vn -0.1951 0.0262 0.9804
vn -0.2494 -0.0590 0.9666
vn -0.1903 -0.3500 0.9172
vn -0.1939 -0.1885 0.9627
vn -0.1725 0.4504 -0.8760
vn -0.2021 0.2294 0.9521
vn -0.2035 0.7058 0.6786
vn 0.0260 0.8610 -0.5079
vn 0.0000 -1.0000 0.0000
vn 0.0000 -1.0000 0.0000
vn 0.0000 -1.0000 0.0000
vn -0.0362 -0.2423 -0.9695
vn -0.2712 0.5918 0.7591
vn 0.2569 0.1862 -0.9483
vn -0.5433 0.0409 0.8385
vn -0.2252 0.2569 0.9398
vn -0.2942 0.0824 0.9522
vn -0.2002 0.1511 -0.9680
vn -0.0222 0.1537 -0.9879
vn -0.3534 0.1692 0.9201
vn -0.0252 0.2942 -0.9554
vn 0.2400 0.0557 0.9692
vn -0.0527 0.1682 -0.9843
vn 0.2696 -0.0163 0.9628
vn -0.0296 0.1047 -0.9941
vn 0.0593 -0.1972 0.9786
vn -0.2754 -0.2356 0.9320
vn -0.0970 -0.0311 0.9948
vn 0.3866 -0.2352 0.8917
vn -0.1515 -0.2161 -0.9645
vn 0.0492 0.5756 -0.8163
vn -0.0315 0.0284 -0.9991
vn 0.3496 -0.1699 0.9214
vn -0.0589 0.0661 0.9961
vn 0.0955 0.2460 -0.9645
vn 0.2084 0.2149 0.9541
vn -0.1124 0.3810 -0.9177
vn -0.0057 0.5804 0.8143
vn 0.1353 0.4713 0.8715
vn 0.2469 -0.5388 -0.8054
vn 0.4206 -0.3569 -0.8341
vn 0.2428 0.0511 -0.9687
vn 0.0846 0.0729 -0.9937
vn 0.0000 -1.0000 0.0000
vn 0.0000 -1.0000 0.0000
vn 0.0000 -1.0000 0.0000
vn 0.0000 -1.0000 0.0000
vn 0.0000 -1.0000 0.0000
vn 0.0000 -1.0000 0.0000
vn 0.0000 -1.0000 0.0000
vn 0.0000 -1.0000 0.0000
vn 0.0000 -1.0000 0.0000
vn 0.0000 -1.0000 0.0000
vn -0.0000 -1.0000 -0.0000
vn -0.0000 -1.0000 -0.0000
vn -0.0021 -0.7526 -0.6584
vn -0.4597 0.6727 0.5797
vn 0.1141 0.3202 -0.9404
vn -0.4381 -0.0706 0.8961
vn 0.3993 0.1950 -0.8959
vn 0.4045 0.1061 -0.9084
vn 0.2472 0.1072 -0.9630
vn 0.0954 0.2391 -0.9663
vn -0.0843 0.3522 0.9321
vn -0.0959 0.1140 0.9888
vn 0.0343 0.0703 -0.9969
vn -0.1102 0.0991 -0.9890
vn -0.0830 0.2258 -0.9706
vn 0.2194 0.0634 0.9736
vn 0.4907 -0.6793 -0.5457
vn 0.4767 0.2549 0.8413
vn -0.2311 0.4814 -0.8455
vn 0.3346 -0.0538 0.9408
vn -0.1128 0.0563 -0.9920
vn 0.2639 -0.1045 0.9589
vn 0.0202 -0.0632 0.9978
vn 0.0419 0.1974 0.9794
vn -0.0202 0.4611 0.8871
vn 0.1678 0.5873 0.7918
vn 0.1062 0.6044 -0.7896
vn 0.2074 0.8584 -0.4691
vn 0.2276 0.9425 -0.2448
vn 0.2105 0.1032 -0.9721
vn -0.5797 0.0943 0.8094
vn 0.0859 0.2270 -0.9701
vn -0.1913 0.1329 0.9725
vn -0.1019 0.0826 0.9914
vn -0.1150 0.2405 -0.9638
vn 0.1625 -0.0544 0.9852
vn 0.4036 0.4237 0.8109
vn 0.1675 0.1320 0.9770
vn 0.0900 0.1578 -0.9834
vn 0.0271 0.0734 0.9969
vn 0.0561 0.1703 -0.9838
vn 0.0446 0.3305 0.9428
vn 0.0678 0.0631 -0.9957
vn -0.0311 0.5606 0.8275
vn -0.0177 0.2165 0.9761
vn 0.0201 -0.1043 0.9943
vn 0.0673 -0.1458 0.9870
vn 0.0000 -1.0000 0.0000
vn 0.0000 -1.0000 0.0000
vn -0.0488 -0.0823 -0.9954
vn 0.0066 -0.0033 -1.0000
vn 0.3778 0.2028 -0.9034
vn 0.3807 0.1580 -0.9111
vn 0.1449 0.1201 -0.9821
vn 0.2500 0.1152 -0.9614
vn 0.1753 0.0941 -0.9800
vn -0.1439 0.1752 -0.9740
vn 0.0423 -0.0262 0.9988
vn 0.1326 0.2951 -0.9462
vn -0.2540 -0.2414 0.9366
vn 0.0230 -0.0691 -0.9973
vn 0.2532 -0.0757 0.9644
vn 0.2243 0.1491 0.9630
vn 0.2848 0.0123 0.9585
vn 0.0339 -0.0842 -0.9959
vn 0.0695 0.2806 -0.9573
vn 0.0567 0.5858 0.8085
vn -0.0418 0.0147 0.9990
vn 0.4988 -0.1684 -0.8502
vn 0.1906 -0.0204 -0.9815
vn -0.2872 0.0786 0.9546
vn -0.1165 -0.2629 0.9578
vn 0.1810 -0.1225 0.9758
vn -0.2003 -0.2370 0.9506
vn 0.0190 0.5096 -0.8602
vn -0.0454 0.1315 0.9903
vn -0.1133 0.1515 -0.9820
vn -0.0590 0.2231 -0.9730
vn 0.0636 0.9640 0.2582
vn 0.0119 -0.9999 -0.0121
vn 0.0000 -1.0000 0.0000
vn 0.0000 -1.0000 0.0000
vn 0.0000 -1.0000 0.0000
vn 0.0262 -0.9993 0.0276
vn 0.2663 0.6378 -0.7227
vn 0.3447 0.2080 -0.9154
vn -0.0223 -0.3354 0.9418
vn 0.0995 0.2052 0.9737
vn 0.3750 0.1866 -0.9081
vn 0.3580 0.0872 -0.9297
vn 0.3936 0.1123 0.9124
vn 0.3112 0.1353 -0.9407
vn 0.2995 0.1081 -0.9479
vn 0.4314 0.1020 0.8964
vn 0.2406 0.0967 -0.9658
vn 0.2078 0.1382 0.9683
vn -0.1448 0.2910 -0.9457
vn -0.0811 0.2941 -0.9523
vn 0.1663 0.1430 -0.9756
vn 0.3737 -0.5160 -0.7708
vn 0.1502 -0.7069 -0.6911
vn -0.0295 0.5644 0.8250
vn -0.0471 0.9312 0.3614
vn 0.3694 0.1940 -0.9088
vn 0.3519 0.0876 0.9319
vn 0.0852 0.0748 -0.9935
vn -0.1305 -0.2347 0.9633
vn -0.0521 0.0163 -0.9985
vn -0.2240 0.2569 -0.9401
vn -0.3794 -0.2743 -0.8836
vn 0.0361 -0.1253 -0.9915
vn -0.0466 0.3380 0.9400
vn 0.3560 -0.4662 -0.8099
vn 0.1250 0.5385 0.8333
vn 0.1492 0.9426 -0.2987
vn 0.3012 0.6846 -0.6638
vn 0.3042 0.4119 -0.8590
vn -0.4055 0.0930 0.9093
vn 0.0478 0.1359 0.9896
vn 0.4608 0.0839 -0.8835
vn 0.4900 -0.0437 0.8706
vn -0.0800 -0.1863 0.9792
vn -0.0379 -0.1499 0.9880
vn -0.4075 -0.2478 0.8789
vn 0.5343 -0.5186 -0.6675
vn -0.0585 -0.0760 -0.9954
vn -0.0254 -0.0336 0.9991
vn -0.1113 -0.2680 -0.9570
vn 0.3009 -0.0797 0.9503
vn 0.2579 0.3201 0.9116
vn 0.0174 0.4483 0.8937
vn -0.1730 0.5874 -0.7906
vn -0.0843 -0.0396 0.9956
vn 0.0906 -0.6305 -0.7708
vn -0.0413 -0.0650 0.9970
vn -0.1420 0.1027 -0.9845
vn 0.0193 -0.3066 -0.9516
vn 0.0234 0.4603 0.8875
vn 0.2489 0.4181 -0.8736
vn 0.2995 -0.0693 -0.9516
vn 0.5778 -0.3241 -0.7491
vn 0.2930 -0.4499 0.8436
vn 0.1372 -0.3592 0.9231
vn 0.1771 0.3896 -0.9038
vn -0.1558 0.1174 0.9808
vn 0.3706 0.1784 0.9115
vn 0.2478 0.5603 -0.7903
vn 0.2543 0.5920 -0.7648
vn 0.2948 0.7427 -0.6013
vn 0.3559 0.8032 0.4776
vn 0.3408 0.9179 -0.2034
vn 0.3458 0.8787 0.3291
vn 0.0037 0.9968 -0.0797
vn -0.0035 0.0049 -1.0000
vn -0.0067 0.9995 0.0323
vn 0.5629 0.4063 0.7198
vn 0.2902 0.7835 0.5494
vn 0.2537 0.1506 -0.9555
vn 0.7054 0.0519 0.7069
vn 0.3854 0.1060 -0.9166
vn 0.5867 0.1070 0.8027
vn 0.6924 0.5251 0.4949
vn 0.1301 0.0117 -0.9914
vn -0.0162 -0.0002 -0.9999
vn 0.4296 0.0686 0.9004
vn 0.0425 0.1213 -0.9917
vn -0.2556 0.2412 -0.9362
vn 0.3169 0.0839 0.9448
vn -0.0075 0.3364 -0.9417
vn -0.1027 0.3315 -0.9378
vn 0.0160 -0.0266 -0.9995
vn 0.1864 0.0877 -0.9785
vn -0.2082 -0.1389 0.9682
vn 0.0117 -0.1497 -0.9887
vn -0.2174 -0.2826 -0.9343
vn -0.0231 -0.0943 -0.9953
vn -0.1156 0.0504 -0.9920
vn -0.2682 0.4601 -0.8464
vn -0.1531 0.6448 -0.7489
vn -0.0304 0.6372 -0.7701
vn -0.0812 0.4837 -0.8715
vn -0.5689 -0.1614 0.8064
vn -0.3468 -0.0362 0.9373
vn 0.0503 -0.0109 0.9987
vn -0.0093 -0.0954 0.9954
vn 0.0026 -0.0411 0.9992
vn -0.0592 0.0607 -0.9964
vn 0.0470 -0.0585 0.9972
vn -0.0183 0.3325 0.9429
vn -0.2276 0.4238 0.8767
vn 0.2834 0.4457 0.8491
vn 0.3198 0.6071 0.7274
vn 0.5667 -0.2677 -0.7792
vn 0.1003 -0.1390 -0.9852
vn 0.1335 0.0679 0.9887
vn 0.1180 -0.0807 -0.9897
vn 0.5420 0.0939 -0.8351
vn 0.5715 0.3186 -0.7562
vn 0.1785 0.3450 0.9215
vn 0.1425 0.7029 0.6969
vn 0.3753 0.6841 -0.6254
vn 0.2620 0.8854 0.3840
vn 0.0000 -1.0000 0.0000
vn 0.0000 -1.0000 0.0000
vn 0.0000 -1.0000 0.0000
vn 0.0000 -1.0000 0.0000
vn 0.0000 -1.0000 0.0000
vn 0.0000 -1.0000 0.0000
vn 0.0000 -1.0000 0.0000
vn 0.0000 -1.0000 0.0000
vn 0.0000 -1.0000 0.0000
vn 0.0000 -1.0000 0.0000
vn 0.0000 -1.0000 0.0000
vn 0.0000 -1.0000 0.0000
vn -0.0005 -0.7574 0.6529
vn -0.0260 -0.6854 0.7277
vn -0.0036 -0.3861 -0.9225
vn 0.1227 0.8726 0.4727
vn 0.3714 0.3481 -0.8607
vn 0.3003 -0.2632 0.9168
vn 0.2569 0.1710 -0.9512
vn 0.4466 0.1334 0.8848
vn 0.1313 0.1496 0.9800
vn 0.3274 0.1550 -0.9321
vn 0.5172 0.1626 0.8403
vn 0.6701 0.1010 0.7354
vn 0.2596 0.0890 0.9616
vn 0.4124 0.1293 0.9018
vn 0.4623 0.0807 -0.8830
vn 0.4893 0.0927 -0.8672
vn 0.6138 -0.0273 -0.7890
vn 0.2449 0.1688 0.9548
vn 0.5562 0.0315 0.8305
vn 0.1166 0.0747 0.9904
vn 0.1443 0.1296 0.9810
vn -0.1639 0.2478 -0.9548
vn -0.0272 -0.2155 0.9761
vn 0.1854 0.0452 -0.9816
vn -0.1116 -0.2739 -0.9553
vn -0.1712 -0.2089 -0.9628
vn -0.2968 -0.2672 0.9168
vn -0.2223 -0.0499 0.9737
vn 0.1676 0.2708 0.9479
vn 0.1818 0.5325 0.8267
vn -0.0024 0.2060 0.9785
vn 0.0424 -0.4480 0.8930
vn 0.7112 0.3872 -0.5868
vn 0.2414 0.0922 0.9660
vn 0.1391 0.8403 0.5239
vn 0.3847 0.9219 -0.0468
vn -0.0002 -0.0738 0.9973
vn 0.5892 0.1076 0.8008
vn 0.3095 0.1096 -0.9446
vn 0.6634 0.1232 0.7380
vn 0.4692 0.1259 -0.8741
vn 0.2856 0.1085 0.9522
vn 0.2922 0.0298 -0.9559
vn 0.1526 0.0719 0.9857
vn 0.1745 0.1220 -0.9771
vn -0.4272 -0.2583 0.8665
vn -0.2208 -0.2123 0.9520
vn -0.0859 -0.2244 -0.9707
vn -0.1117 -0.1013 -0.9886
vn -0.0977 -0.2332 -0.9675
vn -0.1496 0.4135 0.8981
vn -0.0938 -0.0675 0.9933
vn -0.1452 0.1026 0.9841
vn 0.0185 -0.4015 -0.9157
vn -0.3191 -0.0212 0.9475
vn -0.0037 0.1077 -0.9942
vn 0.3345 0.5629 0.7558
vn 0.7107 0.4509 -0.5400
vn 0.3238 0.5843 0.7442
vn 0.2113 0.5487 0.8089
vn 0.3425 -0.1702 -0.9240
vn 0.3643 -0.0839 0.9275
vn 0.5228 0.3339 -0.7844
vn 0.0000 -1.0000 0.0000
vn 0.0000 -1.0000 0.0000
vn 0.3981 0.7344 -0.5497
vn -0.1281 -0.1048 0.9862
vn -0.3115 -0.1920 0.9306
vn 0.3643 -0.2892 0.8853
vn -0.1207 0.3013 -0.9459
vn -0.0783 0.3827 0.9206
vn -0.0606 0.3158 0.9469
vn 0.0304 -0.0197 0.9993
vn 0.0245 0.0888 0.9957
vn 0.2197 0.2801 -0.9345
vn 0.1494 0.2678 -0.9518
vn 0.5352 0.1726 0.8269
vn 0.4056 0.1273 0.9052
vn 0.3841 0.0943 -0.9185
vn 0.1112 0.1493 -0.9825
vn -0.2450 -0.0361 -0.9689
vn 0.1072 -0.4112 0.9052
vn 0.2000 -0.0659 -0.9776
vn -0.3729 -0.3839 0.8448
vn -0.2215 0.0553 0.9736
vn -0.0126 -0.0195 -0.9997
vn 0.5428 0.5782 -0.6091
vn 0.4995 0.7583 -0.4190
vn 0.2679 0.1295 -0.9547
vn 0.2952 0.0503 -0.9541
vn -0.3006 0.3277 0.8957
vn -0.0923 0.4836 0.8704
vn 0.1887 0.1342 0.9728
vn -0.0415 -0.0518 0.9978
vn 0.0000 -1.0000 0.0000
vn 0.0000 -1.0000 0.0000
vn 0.0000 -1.0000 0.0000
vn 0.0148 0.9383 -0.3455
vn -0.0034 0.9067 0.4217
vn 0.1379 0.9271 -0.3484
vn 0.2157 0.6039 0.7673
vn 0.2222 0.1061 0.9692
vn -0.2280 0.0940 0.9691
vn 0.1738 0.0930 -0.9804
vn -0.2080 -0.2211 0.9528
vn 0.1336 -0.0767 -0.9881
vn 0.2449 0.0663 0.9673
vn -0.1669 -0.4088 -0.8972
vn 0.2375 -0.1469 0.9602
vn 0.4138 0.4106 -0.8125
vn 0.0466 0.7147 0.6979
vn 0.0196 0.9677 0.2514
vn 0.3304 0.3969 0.8563
vn 0.3251 0.2158 -0.9207
vn 0.3918 0.0999 0.9146
vn 0.2536 0.1232 -0.9594
vn 0.4258 0.1371 0.8944
vn -0.2363 0.0631 -0.9696
vn -0.2350 -0.0071 -0.9720
vn 0.4786 0.0999 0.8723
vn -0.0620 -0.4012 0.9139
vn 0.0160 0.3062 -0.9518
vn -0.0661 -0.2076 0.9760
vn 0.1549 0.0535 0.9865
vn 0.2205 0.0972 0.9705
vn -0.1080 0.5021 -0.8581
vn -0.0236 -0.0175 0.9996
vn -0.0124 0.2695 -0.9629
vn 0.0896 0.2165 -0.9722
vn 0.1752 0.2665 -0.9478
vn 0.1993 0.3425 -0.9181
vn 0.2074 0.0569 0.9766
vn 0.5670 -0.3534 -0.7440
vn 0.3589 -0.4310 0.8279
vn 0.2405 -0.2662 0.9334
vn 0.5138 0.6851 0.5164
vn 0.5043 0.8240 -0.2584
vn 0.3566 0.9014 0.2455
vn 0.0000 -1.0000 0.0000
vn 0.0000 -1.0000 0.0000
vn 0.0000 -1.0000 0.0000
vn 0.0000 -1.0000 0.0000
vn 0.0000 -1.0000 0.0000
vn 0.0013 -1.0000 0.0027
vn 0.0034 -0.7172 0.6969
vn 0.2508 0.9272 0.2782
vn 0.2726 0.5874 -0.7620
vn 0.2765 0.1813 -0.9437
vn 0.1622 0.1474 -0.9757
vn 0.0286 0.0541 -0.9981
vn 0.1006 0.0978 0.9901
vn 0.0389 0.0883 0.9953
vn -0.0954 0.1077 0.9896
vn 0.1674 0.0940 0.9814
vn 0.1180 0.0379 -0.9923
vn -0.0066 -0.0531 0.9986
vn 0.0886 -0.0525 0.9947
vn 0.0876 0.2810 -0.9557
vn 0.1321 0.1679 0.9769
vn 0.2359 0.5128 0.8254
vn 0.3119 0.3395 0.8874
vn 0.5070 0.0057 -0.8619
vn 0.4736 0.3635 0.8022
vn 0.3395 0.6750 0.6551
vn 0.5401 0.8297 -0.1412
vn 0.5142 0.8176 -0.2589
vn 0.6241 0.7793 -0.0566
vn 0.0036 0.9326 -0.3608
vn 0.0033 0.9997 -0.0252
vn -0.0736 0.0964 -0.9926
vn -0.0805 0.3278 -0.9413
vn -0.2994 -0.2165 0.9292
vn -0.1150 -0.2196 -0.9688
vn 0.1475 0.3941 0.9072
vn 0.1879 0.0114 0.9821
vn 0.1284 0.1589 0.9789
vn -0.0017 -0.9075 -0.4200
vn -0.0129 0.9995 0.0276
vn 0.1457 0.1193 0.9821
vn 0.0566 0.2251 -0.9727
vn 0.0184 0.1238 -0.9921
vn -0.1484 0.2182 -0.9645
vn 0.1788 0.0710 0.9813
vn -0.2951 -0.9516 0.0857
vn -0.1501 -0.2506 0.9564
vn 0.2548 0.0145 -0.9669
vn 0.2512 -0.0286 -0.9675
vn 0.0210 0.0799 -0.9966
vn 0.2127 -0.0056 0.9771
vn 0.1183 -0.1192 -0.9858
vn 0.1678 0.4861 0.8577
vn 0.1017 0.4448 0.8898
vn 0.3380 0.1652 -0.9265
vn 0.5863 -0.4109 -0.6981
vn 0.7786 0.0831 -0.6220
vn 0.6229 0.3168 -0.7153
vn 0.5023 0.3600 -0.7862
vn 0.0029 -1.0000 0.0031
vn 0.2624 0.7061 -0.6577
vn -0.2270 0.1946 0.9542
vn -0.2740 0.0939 0.9571
vn -0.1911 0.0689 -0.9792
vn -0.1701 0.1619 0.9720
vn 0.1144 0.0964 0.9887
vn -0.1870 0.1408 0.9722
vn -0.1922 0.1637 0.9676
vn 0.1994 0.1728 -0.9646
vn 0.1842 0.0061 -0.9829
vn -0.3091 -0.2462 0.9186
vn 0.2721 0.0469 -0.9611
vn 0.0295 -0.1175 0.9926
vn 0.2122 -0.0738 -0.9744
vn 0.1879 -0.0804 -0.9789
vn -0.1003 -0.2053 -0.9735
vn 0.3611 -0.1931 0.9123
vn 0.2789 0.1296 0.9515
vn 0.1550 0.3159 0.9361
vn 0.3180 0.3942 0.8623
vn 0.2504 0.3576 -0.8997
vn 0.3754 0.1575 -0.9134
vn 0.3559 -0.1501 -0.9224
vn 0.3760 -0.1502 -0.9143
vn 0.5842 -0.0877 0.8069
vn 0.6529 -0.0318 0.7567
vn 0.5933 -0.2863 -0.7523
vn 0.4191 -0.2499 0.8729
vn 0.7574 0.0308 -0.6522
vn 0.7291 0.2750 -0.6267
vn 0.7027 0.1338 0.6988
vn 0.6143 0.7313 -0.2965
vn -0.0060 -0.9999 -0.0147
vn -0.0057 -1.0000 -0.0038
vn -0.0005 -1.0000 -0.0034
vn 0.0000 -1.0000 0.0000
vn 0.0000 -1.0000 0.0000
vn 0.0000 -1.0000 0.0000
vn 0.0000 -1.0000 0.0000
vn 0.0000 -1.0000 0.0000
vn 0.0000 -1.0000 0.0000
vn 0.0000 -1.0000 0.0000
vn 0.0000 -1.0000 0.0000
vn 0.0000 -1.0000 0.0000
vn 0.0000 -1.0000 0.0000
vn 0.0000 -1.0000 0.0000
vn 0.0000 -1.0000 0.0000
vn 0.0000 -1.0000 0.0000
vn 0.0056 -0.9999 0.0105
vn 0.0170 0.9976 0.0664
vn 0.2380 0.8514 0.4675
vn -0.2428 0.2500 0.9373
vn 0.1970 0.1603 -0.9672
vn -0.3363 0.1195 0.9341
vn -0.1475 0.2179 0.9648
vn 0.1173 0.1225 0.9855
vn 0.2439 0.1433 0.9592
vn -0.1684 0.1097 0.9796
vn 0.1502 0.1223 0.9811
vn 0.1044 0.0971 0.9898
vn -0.3055 0.0305 -0.9517
vn -0.0456 0.0805 0.9957
vn -0.1124 0.1231 0.9860
vn -0.2145 -0.0009 -0.9767
vn -0.2662 0.1127 -0.9573
vn 0.1015 0.2031 -0.9739
vn 0.1385 0.0600 -0.9885
vn 0.0604 -0.1314 0.9895
vn 0.1664 -0.0751 -0.9832
vn -0.2137 -0.9718 -0.0998
vn 0.1015 -0.8464 -0.5227
vn 0.1853 -0.0165 0.9825
vn -0.0215 -0.0364 -0.9991
vn 0.0420 -0.2102 -0.9768
vn 0.7305 -0.5386 0.4199
vn 0.1121 0.2226 -0.9684
vn 0.0097 0.5492 -0.8357
vn -0.0486 0.4037 -0.9136
vn -0.0124 -0.0132 -0.9998
vn 0.3494 -0.0445 0.9359
vn 0.0416 0.2507 -0.9672
vn -0.0312 0.2651 -0.9637
vn 0.1559 0.2934 -0.9432
vn 0.3124 0.4596 -0.8314
vn 0.5875 0.0056 -0.8092
vn 0.3723 -0.0590 0.9262
vn 0.7694 0.1680 -0.6163
vn 0.5951 0.3933 -0.7008
vn 0.4046 0.5612 0.7221
vn 0.0000 0.0000 0.0000
vn 0.1247 0.6034 -0.7876
vn -0.0068 0.1844 -0.9828
vn -0.3507 0.0443 0.9354
vn -0.0585 0.1635 -0.9848
vn -0.2044 -0.5926 0.7792
vn -0.1093 0.3621 -0.9257
vn 0.0297 0.2652 -0.9637
vn 0.0894 0.3219 -0.9426
vn 0.2196 0.0915 -0.9713
vn -0.1381 -0.2513 0.9580
vn 0.2023 0.0786 -0.9762
vn 0.0505 0.5800 -0.8130
vn 0.6590 0.3443 0.6687
vn -0.3540 -0.3287 -0.8756
vn 0.2800 -0.0203 0.9598
vn 0.1215 0.3194 -0.9398
vn 0.4809 0.5159 0.7090
vn 0.4795 -0.0967 0.8722
vn 0.4796 -0.1452 0.8654
vn 0.5706 0.6375 -0.5177
vn 0.5388 0.8059 -0.2452
vn 0.4988 0.7411 -0.4494
vn 0.0000 -1.0000 0.0000
vn 0.0000 -1.0000 0.0000
vn 0.0000 -1.0000 0.0000
vn 0.0000 -1.0000 0.0000
vn 0.0000 -1.0000 0.0000
vn -0.0449 -0.8325 0.5522
vn -0.0336 0.2646 0.9638
vn -0.0027 0.9809 -0.1943
vn -0.0050 0.9995 0.0310
vn 0.0623 0.6449 0.7617
vn 0.1756 0.1617 -0.9711
vn -0.3730 0.0836 0.9241
vn -0.3068 0.0968 0.9468
vn -0.2328 0.0659 -0.9703
vn -0.2520 0.0843 0.9641
vn -0.2865 -0.0354 -0.9574
vn -0.1038 0.0745 -0.9918
vn -0.1817 0.2929 -0.9387
vn -0.2088 0.3618 -0.9086
vn -0.2408 -0.1890 0.9520
vn 0.2403 -0.1488 0.9592
vn 0.3151 -0.0817 0.9455
vn 0.2950 -0.0311 0.9550
vn -0.0173 -0.0457 -0.9988
vn 0.1773 0.0789 0.9810
vn 0.4160 -0.1680 0.8937
vn -0.0733 -0.3255 -0.9427
vn 0.2459 0.2813 0.9276
vn 0.3001 0.4696 0.8303
vn 0.1088 0.4282 -0.8971
vn 0.1200 0.4083 -0.9049
vn 0.4537 0.2818 0.8455
vn 0.6452 0.0188 0.7638
vn 0.4062 -0.0194 0.9136
vn 0.1132 -0.0732 -0.9909
vn -0.0442 -0.0013 -0.9990
vn -0.0444 -0.0854 -0.9954
vn 0.5683 -0.0107 0.8227
vn -0.0454 0.0888 -0.9950
vn 0.0133 0.3021 -0.9532
vn 0.1754 0.2153 0.9607
vn 0.0835 0.4613 0.8833
vn 0.2257 0.5885 0.7764
vn 0.1982 0.6305 0.7504
vn 0.3200 0.6384 0.7001
vn 0.4542 0.2159 -0.8644
vn 0.4817 -0.0133 -0.8762
vn 0.6353 0.2693 0.7238
vn 0.6353 0.2597 0.7273
vn 0.6354 0.5033 0.5856
vn 0.7402 0.5477 -0.3901
vn 0.5418 0.7891 0.2894
vn 0.6706 0.7342 -0.1060
vn 0.0159 -0.0004 0.9999
vn -0.0815 0.8500 0.5204
vn 0.0320 0.9767 0.2123
vn -0.1396 0.3018 0.9431
vn 0.2355 0.1479 -0.9606
vn 0.0707 0.0978 -0.9927
vn -0.2087 0.1109 0.9717
vn -0.1735 0.0455 -0.9838
vn -0.1621 0.0660 -0.9846
vn -0.3016 0.0693 -0.9509
vn 0.0023 0.1016 -0.9948
vn -0.2816 0.1012 0.9542
vn 0.1609 0.2144 -0.9634
vn -0.1999 0.0407 -0.9790
vn -0.3392 0.0312 -0.9402
vn -0.2143 0.0892 0.9727
vn -0.1213 0.1424 0.9824
vn -0.1104 0.3992 -0.9102
vn -0.1113 0.1251 0.9859
vn -0.2155 -0.0122 0.9764
vn -0.1315 -0.7696 -0.6248
vn 0.1620 0.1057 0.9811
vn 0.5981 -0.4500 0.6632
vn 0.1264 -0.1964 -0.9723
vn 0.4025 -0.0736 0.9124
vn 0.5300 0.1065 0.8413
vn -0.0426 -0.0184 -0.9989
vn 0.4704 -0.0083 0.8824
vn -0.0754 0.2801 -0.9570
vn 0.1029 0.0117 0.9946
vn 0.1727 0.0745 0.9821
vn 0.1100 0.3324 -0.9367
vn 0.0496 0.3931 0.9182
vn 0.1017 0.5565 -0.8246
vn 0.1547 0.5078 0.8475
vn 0.3137 0.4647 -0.8280
vn 0.4792 -0.4309 0.7647
vn 0.4805 -0.4350 0.7615
vn 0.7748 0.1007 -0.6241
vn 0.5830 -0.7271 0.3625
vn 0.7180 -0.1446 0.6809
vn 0.7354 0.3966 -0.5495
vn 0.6733 0.5879 -0.4484
vn 0.6531 0.6685 0.3559
vn 0.5639 0.8074 0.1735
vn 0.0038 -1.0000 -0.0040
vn 0.0000 -1.0000 0.0000
vn 0.0000 -1.0000 0.0000
vn 0.0000 -1.0000 0.0000
vn 0.0000 -1.0000 0.0000
vn 0.0000 -1.0000 0.0000
vn 0.0000 -1.0000 0.0000
vn 0.0000 -1.0000 0.0000
vn 0.0006 -1.0000 0.0058
vn 0.0024 -0.0041 -1.0000
vn 0.0778 0.1281 -0.9887
vn -0.0269 0.7818 -0.6229
vn 0.0552 0.6588 -0.7503
vn 0.1798 0.5054 -0.8440
vn 0.0879 0.1506 -0.9847
vn -0.2437 0.1125 0.9633
vn -0.0351 0.1391 0.9897
vn -0.2767 0.1124 0.9544
vn 0.3723 0.0443 -0.9271
vn -0.2488 0.0540 0.9670
vn -0.2146 0.0829 0.9732
vn 0.1190 0.1093 0.9869
vn -0.2716 0.1221 -0.9546
vn -0.2066 0.2430 -0.9478
vn -0.1739 0.0652 0.9826
vn 0.1413 0.2486 0.9582
vn 0.1213 0.2494 -0.9608
vn 0.2540 0.1441 -0.9564
vn 0.3237 0.0683 -0.9437
vn 0.2059 -0.0173 0.9784
vn 0.1986 0.0727 0.9774
vn 0.2547 -0.2278 -0.9398
vn 0.1045 0.6860 -0.7201
vn 0.2627 0.0103 0.9648
vn 0.2145 -0.0176 0.9766
vn 0.5222 -0.1290 0.8430
vn 0.1322 -0.0788 0.9881
vn 0.4469 -0.0936 0.8897
vn 0.1253 0.3608 -0.9242
vn 0.4218 0.3642 0.8303
vn 0.3963 0.5048 0.7669
vn 0.5961 -0.1669 0.7854
vn 0.8236 -0.1480 0.5475
vn 0.6996 0.1559 -0.6973
vn 0.7162 0.2478 -0.6524
vn 0.6535 0.6239 0.4286
vn 0.5131 0.7726 -0.3738
vn 0.0128 0.3282 -0.9445
vn 0.0722 0.9447 -0.3198
vn 0.2268 0.1965 -0.9539
vn -0.1508 0.0958 0.9839
vn -0.1340 0.1602 0.9780
vn -0.3414 0.4421 -0.8295
vn 0.0085 0.0828 -0.9965
vn -0.1205 0.1198 0.9855
vn -0.0681 -0.0012 0.9977
vn -0.1810 0.2152 -0.9597
vn -0.1465 0.3222 -0.9352
vn 0.0587 -0.2037 0.9773
vn 0.2558 -0.1577 0.9538
vn 0.3660 -0.1224 0.9225
vn 0.3444 -0.1752 -0.9223
vn 0.3060 -0.0615 -0.9501
vn 0.2733 -0.1119 0.9554
vn 0.0712 -0.2122 -0.9746
vn 0.0020 -0.2314 -0.9729
vn 0.1538 -0.0656 0.9859
vn 0.3233 -0.0676 0.9439
vn 0.3837 0.2046 -0.9005
vn 0.6130 -0.3744 0.6957
vn 0.7044 -0.0507 0.7080
vn 0.6150 0.2255 0.7556
vn 0.6268 0.7490 0.2148
vn 0.7447 0.6637 -0.0709
vn 0.0000 -1.0000 0.0000
vn 0.0000 -1.0000 0.0000
vn -0.2121 0.6743 0.7074
vn 0.0229 0.5344 0.8450
vn 0.1431 0.2701 -0.9522
vn 0.1028 0.0949 0.9902
vn -0.0661 0.2343 -0.9699
vn -0.0093 -0.4970 0.8677
vn -0.1166 -0.5895 -0.7993
vn 0.2623 -0.0797 0.9617
vn 0.2109 -0.0290 0.9771
vn 0.1711 0.0620 0.9833
vn 0.6286 -0.2553 0.7346
vn 0.1433 0.6458 -0.7500
vn 0.1925 0.6056 -0.7722
vn 0.3169 0.5788 -0.7513
vn 0.4684 0.5789 0.6674
vn 0.3637 0.5148 0.7763
vn 0.7222 -0.0118 -0.6916
vn 0.5987 -0.1087 -0.7936
vn 0.7655 -0.0452 -0.6419
vn 0.6670 -0.2850 0.6884
vn 0.5802 0.2316 -0.7808
vn 0.6276 0.5884 0.5097
vn 0.1350 0.1656 -0.9769
vn 0.1263 0.1288 -0.9836
vn 0.0030 0.1226 0.9925
vn -0.0504 0.1012 0.9936
vn 0.0722 -0.0844 -0.9938
vn -0.0730 -0.0638 -0.9953
vn -0.1055 -0.0747 -0.9916
vn -0.1010 0.4276 -0.8983
vn 0.2030 0.2296 -0.9519
vn 0.2398 -0.0518 -0.9694
vn 0.1977 -0.0847 -0.9766
vn 0.2971 -0.4382 0.8483
vn 0.2921 0.4622 0.8373
vn -0.1880 -0.0768 0.9792
vn 0.2075 0.4459 0.8707
vn 0.3773 0.6111 -0.6959
vn 0.8241 0.0662 -0.5625
vn 0.6514 0.6840 -0.3285
vn -0.0191 -0.7697 0.6382
vn 0.0581 -0.5539 0.8305
vn -0.2705 0.1724 0.9472
vn 0.1361 0.1038 0.9852
vn -0.0396 0.0247 0.9989
vn -0.0247 0.0137 0.9996
vn 0.1141 -0.2609 -0.9586
vn 0.5623 -0.5364 0.6294
vn 0.2527 0.4576 0.8525
vn 0.1190 0.3348 -0.9348
vn 0.3586 0.3115 -0.8800
vn 0.7156 -0.0720 -0.6947
vn 0.6655 -0.2512 0.7028
vn 0.5144 0.4030 0.7569
vn 0.6962 0.6724 0.2514
vn 0.6856 0.7068 -0.1742
vn 0.3740 0.6441 0.6672
vn 0.2749 0.0651 -0.9593
vn -0.1741 0.1248 0.9768
vn -0.0403 0.1102 -0.9931
vn -0.2368 0.0431 -0.9706
vn 0.2820 0.1185 0.9521
vn 0.0598 0.1208 0.9909
vn -0.0260 0.4179 -0.9081
vn 0.2125 -0.1415 -0.9669
vn 0.2544 -0.1548 0.9546
vn 0.4397 0.0720 -0.8953
vn -0.0269 -0.0072 -0.9996
vn -0.0107 0.1189 -0.9929
vn 0.5574 0.7414 0.3736
vn 0.7029 -0.0349 0.7104
vn 0.7071 0.6947 0.1317
vn -0.0574 -0.9772 -0.2046
vn 0.0000 -1.0000 0.0000
vn 0.0000 -1.0000 0.0000
vn 0.0000 -1.0000 0.0000
vn 0.0441 -0.4989 -0.8655
vn -0.1462 -0.2085 0.9670
vn 0.0164 0.9996 -0.0221
vn -0.0297 0.5313 0.8467
vn -0.4223 -0.3491 0.8365
vn -0.2768 -0.0073 0.9609
vn 0.0427 0.0769 -0.9961
vn -0.1000 0.1170 0.9881
vn -0.0990 0.1322 0.9863
vn 0.0509 0.1211 -0.9913
vn -0.0068 0.1000 0.9950
vn 0.2136 0.1047 0.9713
vn 0.2055 0.1173 0.9716
vn 0.2018 0.1225 0.9717
vn 0.3451 0.1108 0.9320
vn 0.0645 0.4728 -0.8788
vn 0.1131 0.4597 -0.8808
vn 0.1212 -0.1714 0.9777
vn 0.3572 -0.1284 0.9252
vn 0.2796 -0.0506 -0.9588
vn 0.2985 -0.1296 0.9456
vn -0.2647 -0.6303 -0.7298
vn 0.1649 -0.0863 0.9825
vn 0.1304 -0.1315 -0.9827
vn 0.3857 -0.2803 -0.8790
vn 0.7191 0.3926 0.5734
vn 0.1423 0.3866 0.9112
vn 0.2629 0.3938 0.8808
vn 0.3321 0.6279 -0.7039
vn 0.1699 -0.0283 0.9851
vn 0.0830 -0.0610 0.9947
vn 0.2984 -0.1555 -0.9417
vn 0.1051 -0.0285 0.9940
vn 0.6264 0.1500 0.7650
vn 0.7986 -0.2406 -0.5517
vn 0.7543 0.0569 -0.6541
vn 0.7373 0.1392 -0.6611
vn 0.8111 0.5440 -0.2148
vn 0.0000 -1.0000 0.0000
vn 0.0000 -1.0000 0.0000
vn 0.0001 -1.0000 0.0013
vn 0.0000 -1.0000 0.0000
vn 0.0921 0.4911 -0.8662
vn 0.1686 0.1408 -0.9756
vn 0.0108 0.1425 -0.9897
vn 0.2791 -0.0411 -0.9594
vn 0.1008 -0.0748 -0.9921
vn 0.1572 0.1029 -0.9822
vn -0.0077 -0.0408 -0.9991
vn 0.1614 0.1399 0.9769
vn 0.3448 0.1011 0.9332
vn -0.1080 0.1345 -0.9850
vn 0.3854 0.1313 0.9134
vn 0.0306 0.3999 -0.9160
vn -0.1970 -0.5785 0.7915
vn 0.0147 0.4463 -0.8948
vn -0.1126 -0.0629 0.9917
vn 0.4533 -0.3687 0.8115
vn 0.3900 0.0739 -0.9178
vn 0.3289 0.0882 -0.9403
vn 0.2556 0.4100 0.8755
vn 0.4264 0.2349 0.8735
vn 0.4492 0.5264 -0.7218
vn -0.3292 -0.0043 0.9442
vn -0.0312 -0.1356 -0.9903
vn 0.0599 0.1135 0.9917
vn 0.0388 0.2651 0.9635
vn 0.7038 -0.0513 0.7085
vn 0.8591 0.2495 0.4468
vn 0.8294 0.2832 -0.4816
vn 0.7801 0.4092 -0.4732
vn 0.7644 0.5716 0.2983
vn 0.6824 0.5840 -0.4396
vn 0.7713 0.4758 0.4226
vn 0.0000 -1.0000 0.0000
vn 0.0056 0.6857 0.7278
vn 0.1026 0.9918 -0.0762
vn 0.1272 0.9918 0.0156
vn -0.0203 0.8527 0.5220
vn 0.0573 0.9309 -0.3608
vn 0.0891 0.1220 0.9885
vn 0.3742 0.1183 0.9198
vn 0.4287 0.1405 0.8925
vn -0.0441 -0.0006 -0.9990
vn 0.3292 -0.1565 0.9312
vn -0.6082 -0.7050 -0.3647
vn -0.5312 -0.7691 -0.3555
vn 0.2091 0.0287 0.9775
vn 0.4576 0.1223 -0.8807
vn -0.0406 -0.3755 -0.9259
vn -0.2983 -0.0160 0.9543
vn 0.2827 0.5936 -0.7535
vn 0.4370 0.6135 0.6577
vn 0.6585 0.6653 0.3517
vn 0.6795 0.0004 -0.7337
vn 0.7367 -0.1323 -0.6632
vn 0.7235 -0.1915 0.6632
vn 0.8543 0.4860 0.1843
vn 0.7917 0.5877 0.1671
vn 0.7941 0.6078 -0.0035
vn -0.0844 -0.9895 -0.1177
vn -0.0000 -1.0000 -0.0012
vn 0.0000 -1.0000 0.0000
vn 0.0000 -1.0000 0.0000
vn 0.0000 -1.0000 0.0000
vn 0.0227 0.9109 0.4121
vn 0.0802 0.7402 -0.6676
vn 0.0694 0.6153 -0.7852
vn 0.0059 0.1272 0.9919
vn 0.0862 -0.0379 -0.9956
vn 0.3513 0.1145 0.9292
vn 0.3490 0.1215 0.9292
vn -0.1415 0.2692 -0.9526
vn 0.1396 -0.0729 0.9875
vn -0.4752 -0.5906 -0.6522
vn -0.0314 -0.5352 -0.8441
vn 0.2027 0.0679 0.9769
vn 0.3237 -0.1549 -0.9334
vn 0.2864 0.4300 0.8562
vn 0.5596 0.5968 -0.5750
vn 0.0902 0.0045 0.9959
vn 0.0639 -0.0452 0.9969
vn 0.0809 0.1001 -0.9917
vn 0.2639 0.1687 -0.9497
vn 0.1162 0.2940 -0.9487
vn 0.2142 0.3725 -0.9030
vn 0.4174 0.3563 -0.8359
vn 0.3785 0.4986 -0.7798
vn 0.5892 0.6006 0.5405
vn 0.7450 -0.3185 0.5860
vn 0.8757 -0.1124 0.4695
vn 0.0428 -0.3448 0.9377
vn 0.3792 0.2472 0.8917
vn 0.0841 0.0800 -0.9932
vn -0.5890 -0.6607 -0.4653
vn 0.3511 -0.2310 -0.9074
vn 0.4047 0.4452 -0.7988
vn 0.5490 0.5358 -0.6415
vn 0.1578 0.1595 -0.9745
vn 0.4551 -0.0862 -0.8862
vn 0.1129 -0.1812 -0.9769
vn 0.2776 0.3329 -0.9012
vn 0.4851 0.2759 -0.8298
vn 0.6182 0.4055 0.6734
vn 0.9349 -0.0154 -0.3546
vn 0.8556 -0.2123 0.4721
vn -0.0011 -1.0000 0.0002
vn 0.0083 -0.9999 0.0075
vn 0.0252 0.1654 0.9859
vn 0.0992 0.0264 -0.9947
vn 0.4294 0.1205 0.8951
vn 0.4142 0.1194 0.9023
vn 0.0497 0.1991 -0.9787
vn 0.2802 0.1090 0.9537
vn 0.2268 0.1552 -0.9615
vn 0.2841 0.0700 -0.9562
vn 0.2841 0.5761 0.7664
vn 0.8481 0.2080 0.4874
vn 0.7095 -0.0146 -0.7046
vn 0.3315 0.1442 0.9324
vn 0.1977 -0.0265 -0.9799
vn -0.1468 -0.1393 0.9793
vn 0.3221 0.1259 0.9383
vn 0.2890 0.1052 0.9515
vn 0.3073 -0.1761 0.9352
vn 0.4320 0.2191 0.8748
vn -0.1413 0.4324 0.8905
vn 0.1670 0.4509 0.8768
vn 0.4993 0.5220 0.6915
vn 0.5364 0.5504 -0.6398
vn 0.6171 0.6112 0.4957
vn 0.6835 0.1862 -0.7058
vn 0.8647 -0.1017 -0.4919
vn 0.0036 1.0000 -0.0066
vn 0.2357 0.1234 0.9640
vn 0.4451 0.1229 0.8870
vn 0.0374 -0.1420 -0.9892
vn 0.1799 0.3619 -0.9147
vn -0.0834 -0.5126 0.8546
vn 0.3413 0.0347 0.9393
vn 0.3469 -0.1958 0.9173
vn 0.2009 -0.1050 0.9740
vn -0.1974 -0.6231 -0.7568
vn 0.3009 0.0465 0.9525
vn -0.0815 0.3388 0.9373
vn -0.1174 0.0254 0.9928
vn 0.1476 -0.0403 0.9882
vn 0.4297 -0.0549 -0.9013
vn 0.3066 0.2000 -0.9306
vn 0.5447 -0.0612 -0.8364
vn -0.0895 -0.0822 0.9926
vn -0.0128 -0.0568 0.9983
vn 0.3380 0.3355 -0.8793
vn 0.3219 0.3323 0.8865
vn 0.3371 0.5551 0.7604
vn 0.8865 0.1128 -0.4489
vn 0.8413 0.1277 -0.5252
vn 0.8315 -0.1191 0.5426
vn 0.7956 0.1499 -0.5870
vn 0.8438 0.3602 -0.3979
vn 0.7567 0.3238 0.5680
vn 0.8556 0.4136 0.3112
vn 0.8405 0.5148 0.1690
vn 0.0000 -1.0000 0.0000
vn 0.0000 -1.0000 0.0000
vn -0.0444 -0.6148 -0.7874
vn 0.2987 0.5122 0.8052
vn 0.1192 0.2686 -0.9559
vn 0.4851 0.1319 0.8644
vn 0.3080 0.1291 0.9426
vn 0.2035 0.1019 -0.9738
vn 0.4232 0.1058 0.8998
vn 0.3917 0.1062 0.9140
vn 0.0862 -0.1431 -0.9859
vn 0.4206 0.1126 0.9002
vn 0.0494 0.0953 -0.9942
vn -0.2361 0.0848 -0.9680
vn 0.1762 0.0969 0.9796
vn 0.0960 0.4629 -0.8812
vn 0.4013 -0.0352 0.9152
vn 0.3317 -0.1286 0.9346
vn -0.1456 -0.4140 -0.8986
vn -0.2225 -0.4593 -0.8600
vn 0.4408 -0.0342 -0.8969
vn 0.4345 0.0652 0.8983
vn 0.0546 0.3984 0.9156
vn 0.7342 0.1744 -0.6561
vn 0.4873 -0.0691 -0.8705
vn 0.3079 -0.0281 0.9510
vn 0.3244 0.4053 -0.8547
vn 0.3216 0.6231 0.7129
vn 0.6008 0.6712 0.4342
vn 0.8368 0.3267 0.4393
vn 0.8798 0.3519 0.3194
vn 0.9964 -0.0073 -0.0850
vn 0.8522 -0.0570 0.5201
vn 0.8703 -0.0845 0.4851
vn 0.9346 0.0804 0.3466
vn 0.9024 -0.0290 0.4299
vn 0.9650 0.1313 -0.2270
vn 0.9267 0.0232 0.3750
vn 0.9546 0.2267 -0.1933
vn 0.9474 0.1051 -0.3021
vn 0.8829 0.3619 0.2992
vn 0.9835 0.0733 0.1655
vn 0.9062 0.3679 -0.2086
vn 0.8171 0.5661 0.1092
vn -0.1252 0.6164 -0.7774
vn 0.1495 0.8201 -0.5524
vn 0.1317 -0.2244 0.9655
vn 0.3559 0.1127 0.9277
vn 0.1595 0.3800 -0.9111
vn 0.1740 -0.0928 0.9804
vn -0.0002 0.2549 0.9670
vn 0.0991 0.0354 0.9944
vn 0.1547 0.0903 0.9838
vn 0.9333 0.0357 0.3574
vn 0.8513 -0.0474 -0.5226
vn 0.9472 -0.1675 0.2733
vn 0.8738 0.1894 -0.4478
vn 0.9518 0.2073 -0.2259
vn 0.9749 0.1891 0.1174
vn 0.0000 -1.0000 0.0000
vn 0.1578 0.3182 0.9348
vn 0.2211 0.1669 -0.9609
vn 0.5716 -0.0904 -0.8155
vn 0.2980 0.0690 -0.9521
vn 0.4867 0.1880 0.8531
vn 0.3485 0.0965 0.9323
vn 0.0003 0.3089 -0.9511
vn 0.2693 0.1119 -0.9565
vn 0.2291 -0.2066 0.9512
vn 0.3841 0.1063 0.9172
vn 0.4672 0.2114 0.8585
vn 0.5587 -0.2252 -0.7982
vn -0.2689 -0.4412 0.8562
vn 0.2570 0.3658 0.8945
vn 0.4898 -0.2132 -0.8454
vn 0.2183 -0.0805 -0.9726
vn 0.9252 0.0032 -0.3794
vn 0.1192 -0.1987 -0.9728
vn 0.5192 -0.2220 -0.8253
vn 0.3248 -0.5640 -0.7593
vn 0.3881 0.2376 -0.8905
vn 0.8956 0.3305 0.2976
vn 0.9610 0.2098 0.1804
vn 0.9958 0.0901 0.0162
vn 0.9486 0.3148 -0.0335
vn 0.0000 -1.0000 0.0000
vn 0.0000 -1.0000 0.0000
vn 0.0000 -1.0000 0.0000
vn -0.0001 -0.8455 0.5340
vn -0.0523 0.9984 0.0202
vn 0.1802 0.0657 -0.9814
vn 0.5728 -0.2870 -0.7678
vn 0.9924 0.0491 0.1131
vn 0.9806 -0.0021 0.1960
vn 0.9662 0.0740 -0.2469
vn -0.0133 0.9394 0.3426
vn 0.1894 0.6524 0.7338
vn 0.1640 0.1660 -0.9724
vn 0.6925 0.4828 -0.5361
vn 0.0931 0.9192 -0.3827
vn 0.5749 0.6927 0.4355
vn 0.9780 0.0802 -0.1924
vn 0.0000 -1.0000 0.0000
vn 0.0000 -1.0000 0.0000
vn 0.0000 -1.0000 0.0000
vn 0.0000 -1.0000 0.0000
vn 0.0000 -1.0000 0.0000
vn 0.2005 0.6385 -0.7431
vn 0.2320 0.1214 -0.9651
vn 0.2984 0.0551 0.9529
vn 0.4050 0.1293 0.9051
vn 0.4033 0.1124 0.9081
vn 0.3322 0.0750 0.9402
vn 0.1995 0.2545 -0.9463
vn 0.2691 -0.0984 0.9581
vn 0.1669 0.3347 -0.9274
vn 0.7341 0.4647 -0.4952
vn 0.4866 0.0521 -0.8720
vn 0.1971 -0.0541 0.9789
vn 0.5505 0.6500 0.5239
vn 0.5785 0.6601 -0.4792
vn 0.8006 0.3940 -0.4515
vn 0.9630 0.1801 -0.2005
vn 0.8413 0.4414 0.3121
vn 0.9821 -0.0599 -0.1788
vn 0.9924 0.0684 -0.1022
vn 0.0650 -0.9971 -0.0404
vn 0.0000 -1.0000 0.0000
vn 0.4164 0.1067 0.9029
vn 0.3745 0.1244 0.9188
vn 0.4307 0.1137 0.8953
vn 0.3950 0.1223 0.9105
vn 0.4434 0.1880 -0.8764
vn 0.7853 0.4083 -0.4654
vn 0.5789 0.3200 -0.7500
vn 0.2502 0.6999 0.6690
vn 0.1718 0.0918 -0.9808
vn 0.1290 0.0814 -0.9883
vn 0.2186 0.0111 0.9757
vn 0.3973 -0.1501 0.9053
vn 0.2389 -0.4973 -0.8340
vn 0.0340 -0.4496 0.8926
vn 0.7182 -0.0235 0.6954
vn 0.0078 -0.1807 -0.9835
vn 0.2290 0.3656 -0.9022
vn -0.0011 -1.0000 -0.0005
vn 0.0000 -1.0000 0.0000
vn 0.0360 0.2841 0.9581
vn 0.0471 0.9647 -0.2590
vn 0.4209 0.1023 0.9013
vn 0.0627 -0.0789 -0.9949
vn 0.5026 0.1128 0.8571
vn 0.3775 0.1014 0.9205
vn 0.0975 -0.0347 -0.9946
vn 0.4725 -0.1141 0.8739
vn 0.3566 -0.4832 -0.7996
vn 0.5957 -0.1675 -0.7855
vn 0.4058 0.0762 -0.9108
vn 0.4927 -0.0441 -0.8691
vn 0.4362 -0.0397 -0.8990
vn 0.5240 -0.0235 0.8514
vn 0.5987 0.7637 -0.2414
vn 0.6142 0.7246 0.3125
vn 0.0000 -1.0000 0.0000
vn 0.0015 0.0266 -0.9996
vn 0.5211 -0.0249 0.8532
vn 0.5272 0.0188 0.8495
vn 0.5492 -0.0700 -0.8327
vn 0.4777 0.4523 0.7531
vn 0.7222 0.4330 -0.5394
vn 0.9771 0.0775 0.1983
vn 0.5677 -0.0980 0.8174
vn 0.9577 -0.1365 0.2534
vn 0.5954 -0.0882 0.7986
vn 0.3668 -0.0791 -0.9269
vn 0.4096 0.1640 -0.8974
vn 0.3595 0.2458 0.9002
vn 0.3583 0.3668 -0.8586
vn 0.7602 0.5860 -0.2804
vn 0.0038 -1.0000 -0.0038
vn 0.0000 -1.0000 0.0000
vn 0.0000 -1.0000 0.0000
vn 0.0000 -1.0000 0.0000
vn 0.0000 -1.0000 0.0000
vn 0.0000 -1.0000 0.0000
vn 0.0000 -1.0000 0.0000
vn 0.0000 -1.0000 0.0000
vn 0.0000 -1.0000 0.0000
vn 0.0000 -1.0000 0.0000
vn 0.0000 -1.0000 0.0000
vn 0.0000 -1.0000 0.0000
vn -0.0000 -1.0000 -0.0000
vn 0.0100 -0.9981 0.0610
vn 0.1184 -0.0027 -0.9930
vn 0.1493 -0.2899 -0.9454
vn 0.3219 0.0772 -0.9436
vn 0.6184 0.1001 0.7794
vn 0.6974 0.0972 0.7100
vn 0.5291 0.1793 -0.8294
vn 0.6434 -0.2270 0.7311
vn 0.3724 -0.0033 0.9281
vn 0.1525 -0.5226 0.8388
vn 0.2376 0.2273 0.9444
vn 0.7783 0.3444 0.5251
vn 0.2633 0.3413 -0.9023
vn 0.3710 0.0759 0.9255
vn 0.2834 0.1297 0.9502
vn 0.3927 0.1223 0.9115
vn 0.4395 0.1046 0.8921
vn 0.0821 -0.0570 -0.9950
vn 0.1187 0.4550 -0.8825
vn 0.4252 -0.0198 0.9049
vn 0.6985 -0.0707 -0.7121
vn 0.2518 0.2955 0.9216
vn 0.1513 -0.5964 -0.7883
vn -0.3382 -0.1376 0.9309
vn 0.3696 -0.0303 0.9287
vn 0.5407 0.2733 0.7956
vn 0.6861 0.5425 -0.4847
vn 0.5424 0.6913 -0.4774
vn -0.4885 -0.8528 -0.1847
vn 0.0000 -1.0000 0.0000
vn 0.0000 -1.0000 0.0000
vn 0.0000 -1.0000 0.0000
vn 0.0013 -1.0000 0.0032
vn -0.0128 -0.9491 0.3148
vn -0.4070 0.8409 -0.3567
vn 0.0678 0.9721 -0.2244
vn 0.2650 0.6950 0.6684
vn 0.2136 0.4712 -0.8558
vn 0.4484 0.1101 0.8870
vn 0.3187 0.0778 -0.9447
vn 0.5567 0.0663 -0.8281
vn 0.5294 0.1161 0.8404
vn 0.2475 -0.0685 -0.9665
vn 0.5751 0.1079 0.8109
vn 0.4281 -0.4718 0.7708
vn 0.2126 0.3575 -0.9094
vn 0.7181 0.1555 0.6784
vn 0.7158 -0.0950 0.6918
vn 0.6006 -0.1769 0.7797
vn 0.4143 -0.0949 0.9052
vn 0.0748 0.1769 -0.9814
vn 0.3081 0.4159 0.8556
vn 0.7755 0.6284 0.0604
vn -0.0146 -0.9962 -0.0861
vn 0.0760 0.9297 0.3603
vn 0.2883 0.7317 0.6176
vn 0.4037 0.4988 0.7670
vn 0.3468 0.0729 -0.9351
vn 0.4404 -0.0609 0.8957
vn 0.4894 0.1239 0.8632
vn 0.3545 0.1475 0.9233
vn 0.2452 0.0825 -0.9660
vn 0.2538 0.0930 -0.9628
vn 0.3988 0.0722 0.9142
vn 0.3782 0.0868 -0.9217
vn 0.3542 0.1102 0.9286
vn 0.4617 0.1377 0.8763
vn 0.5019 0.1265 0.8556
vn 0.3507 -0.0331 -0.9359
vn 0.2088 -0.0402 -0.9771
vn 0.2249 0.1020 -0.9690
vn 0.3292 0.2435 -0.9123
vn 0.6885 0.0904 0.7196
vn 0.3603 -0.5674 0.7404
vn -0.0250 -0.1971 0.9801
vn 0.2270 0.4144 -0.8813
vn 0.4198 -0.3171 0.8504
vn 0.1952 0.5250 -0.8284
vn 0.6984 -0.0535 0.7137
vn 0.5674 -0.1412 0.8113
vn 0.4091 -0.1265 0.9037
vn -0.0047 -0.4747 -0.8802
vn 0.4392 -0.1239 -0.8898
vn 0.5373 -0.0487 0.8420
vn 0.6260 0.4033 -0.6675
vn 0.6052 0.3031 0.7361
vn 0.4869 0.4943 0.7201
vn 0.2246 -0.1191 -0.9672
vn 0.7078 0.0871 0.7010
vn 0.3129 0.3501 -0.8829
vn 0.2300 0.3359 -0.9134
vn 0.2683 0.4039 -0.8745
vn 0.3592 0.4787 -0.8012
vn 0.4775 0.5931 -0.6483
vn 0.6566 0.6251 0.4221
vn 0.5626 0.8089 0.1705
vn -0.0002 -1.0000 -0.0017
vn 0.0000 -1.0000 0.0000
vn 0.0000 -1.0000 0.0000
vn 0.0000 -1.0000 0.0000
vn 0.0000 -1.0000 0.0000
vn 0.0000 -1.0000 0.0000
vn 0.0000 -1.0000 0.0000
vn 0.0000 -1.0000 0.0000
vn -0.0000 -1.0000 0.0000
vn -0.0069 0.0997 -0.9950
vn -0.0274 0.7472 -0.6641
vn -0.0226 0.9102 0.4135
vn 0.1588 0.7888 -0.5937
vn 0.1136 0.9059 -0.4080
vn 0.7046 0.1109 0.7009
vn 0.4716 -0.0525 0.8802
vn 0.7726 0.0348 0.6339
vn 0.6566 0.0471 0.7528
vn 0.4292 -0.0713 -0.9004
vn 0.4934 -0.0466 -0.8685
vn 0.2865 -0.0673 0.9557
vn 0.2777 0.2395 0.9303
vn 0.3647 0.4627 0.8080
vn 0.7016 0.3610 -0.6144
vn 0.2320 0.0140 -0.9726
vn -0.2010 -0.1120 0.9732
vn 0.2954 0.3399 0.8929
vn 0.3797 0.5630 0.7341
vn 0.4738 0.5611 -0.6787
vn 0.4434 0.6727 0.5923
vn 0.4874 0.7409 0.4621
vn 0.8338 0.5451 -0.0876
vn -0.0341 0.2688 0.9626
vn -0.0018 1.0000 0.0017
vn 0.2521 0.7326 -0.6322
vn 0.3066 0.6866 0.6593
vn 0.3510 0.2184 0.9106
vn 0.2145 0.2544 -0.9430
vn 0.5384 0.0816 0.8387
vn 0.4517 0.0940 -0.8872
vn 0.4830 0.1356 0.8651
vn 0.2797 0.0462 -0.9590
vn 0.6461 0.1178 0.7541
vn 0.5540 0.0367 0.8317
vn 0.7065 -0.0346 0.7069
vn -0.0250 -0.3780 -0.9255
vn -0.1286 -0.4857 -0.8646
vn 0.4607 -0.1162 -0.8799
vn 0.4565 -0.0310 -0.8892
vn 0.1720 0.0805 0.9818
vn 0.7390 0.1685 -0.6523
vn 0.4096 0.3813 0.8287
vn 0.5360 0.3596 -0.7638
vn 0.4293 0.1176 -0.8955
vn 0.4966 -0.1559 -0.8539
vn 0.3064 -0.1456 -0.9407
vn -0.2988 -0.1828 0.9366
vn 0.3468 -0.1642 -0.9234
vn -0.1849 -0.1465 0.9718
vn 0.3935 0.3407 -0.8539
vn 0.2105 0.0846 0.9739
vn 0.1545 0.2184 0.9636
vn 0.4440 0.5369 -0.7174
vn 0.5474 0.6387 -0.5408
vn 0.4818 0.6788 -0.5542
vn 0.4737 0.6853 0.5531
vn 0.4964 0.7503 0.4367
vn 0.5808 0.8139 -0.0148
vn 0.0022 -0.9984 0.0573
vn 0.5640 0.1480 -0.8124
vn 0.6811 0.1123 0.7235
vn 0.6538 0.0985 0.7503
vn 0.7045 0.0842 0.7047
vn 0.2696 0.3277 -0.9055
vn 0.3459 0.4781 -0.8073
vn 0.4193 -0.1649 0.8928
vn 0.4025 0.0124 0.9154
vn 0.5616 -0.1446 -0.8147
vn 0.1374 -0.5703 0.8098
vn -0.1931 0.2417 0.9509
vn -0.2248 -0.1221 0.9667
vn 0.0000 -1.0000 0.0000
vn 0.0000 -1.0000 0.0000
vn -0.0478 0.0490 -0.9977
vn 0.4095 0.3209 0.8540
vn 0.4607 0.0858 -0.8834
vn 0.6916 0.1171 0.7127
vn 0.7371 0.1168 0.6656
vn 0.6900 0.1007 0.7168
vn 0.3979 0.4740 -0.7855
vn 0.4741 -0.2520 0.8436
vn 0.4617 -0.0324 -0.8864
vn 0.5566 -0.2778 -0.7830
vn 0.6482 -0.0652 -0.7587
vn 0.7602 0.4653 0.4534
vn -0.1625 0.0236 0.9864
vn 0.1386 -0.0322 0.9898
vn 0.6190 -0.1555 0.7698
vn 0.3578 0.2242 -0.9065
vn 0.3393 0.3701 -0.8648
vn 0.4400 0.7845 -0.4370
vn 0.6316 0.7727 0.0642
vn 0.6348 0.0948 0.7668
vn 0.7062 0.0917 0.7021
vn 0.7616 0.0923 0.6415
vn 0.5585 0.1290 -0.8194
vn 0.4931 -0.0551 -0.8682
vn 0.6003 0.1556 -0.7845
vn -0.0031 -0.9795 -0.2014
vn 0.6058 0.2559 0.7533
vn 0.5523 0.1185 -0.8252
vn 0.2994 0.0975 0.9491
vn 0.6793 0.1039 0.7264
vn 0.6514 0.2086 -0.7295
vn 0.6995 -0.1733 0.6933
vn 0.4408 -0.2370 0.8657
vn 0.3820 -0.1182 0.9166
vn 0.2685 0.0390 0.9625
vn 0.3718 -0.0077 -0.9283
vn 0.2865 0.2534 -0.9240
vn 0.5134 0.6447 0.5663
vn 0.5186 0.7400 0.4284
vn -0.0113 -0.0099 0.9999
vn 0.1073 0.9431 0.3146
vn 0.4591 0.6160 -0.6402
vn 0.6412 0.0724 -0.7639
vn 0.5990 0.0738 -0.7973
vn 0.6965 0.0825 0.7128
vn 0.5256 0.0866 -0.8463
vn 0.8052 0.0831 0.5872
vn 0.7324 0.1238 0.6696
vn 0.5694 0.0947 0.8166
vn 0.2649 0.4436 -0.8562
vn 0.5654 0.4749 -0.6744
vn 0.6223 0.1521 -0.7678
vn 0.5332 -0.1451 0.8334
vn -0.0281 -0.2966 -0.9546
vn 0.2777 -0.2098 -0.9375
vn 0.6467 -0.1835 -0.7404
vn 0.4674 -0.2430 -0.8500
vn 0.1885 -0.5002 -0.8451
vn -0.1149 -0.1263 0.9853
vn 0.4783 0.5090 -0.7157
vn 0.0000 -1.0000 0.0000
vn 0.0000 -1.0000 0.0000
vn 0.0000 -1.0000 0.0000
vn 0.0050 -0.8911 0.4537
vn 0.1499 0.0790 -0.9855
vn 0.0300 0.2525 -0.9671
vn 0.0084 0.9986 -0.0513
vn 0.0111 0.9525 0.3044
vn 0.3649 0.2547 -0.8955
vn 0.5026 0.1501 0.8514
vn 0.4355 -0.1322 0.8904
vn 0.5572 0.0942 -0.8250
vn 0.6836 0.0940 0.7238
vn 0.6356 0.0799 0.7679
vn 0.5897 0.0395 -0.8067
vn 0.5870 -0.0960 -0.8039
vn 0.5332 0.0344 -0.8453
vn 0.6083 0.0941 0.7881
vn 0.5873 0.0569 -0.8074
vn 0.7705 0.0939 0.6305
vn 0.8266 0.0911 0.5553
vn 0.6855 0.1007 -0.7211
vn 0.7050 0.0564 0.7070
vn 0.6119 -0.0731 -0.7876
vn 0.3907 0.1131 0.9135
vn 0.4265 0.3325 -0.8411
vn 0.5789 0.1946 0.7918
vn 0.3398 0.4608 -0.8199
vn 0.4438 0.4798 -0.7568
vn 0.6220 0.4532 -0.6385
vn 0.1772 0.0736 0.9814
vn 0.3451 0.1885 -0.9194
vn 0.5546 0.0204 -0.8319
vn -0.3787 -0.6882 -0.6188
vn 0.6738 -0.0989 0.7323
vn 0.4063 -0.1311 0.9043
vn 0.4819 -0.0161 -0.8761
vn 0.2734 -0.0614 0.9599
vn 0.3175 0.0810 0.9448
vn 0.3576 0.1183 0.9264
vn 0.5060 -0.0605 -0.8604
vn 0.6067 -0.4081 0.6822
vn 0.6005 0.3784 -0.7045
vn 0.5790 0.2039 -0.7894
vn 0.3895 0.4416 -0.8082
vn 0.0042 -0.6487 0.7610
vn 0.7026 0.1643 0.6924
vn 0.6668 0.1288 0.7340
vn 0.7929 0.1053 0.6001
vn 0.7140 0.1390 0.6862
vn 0.6225 0.4065 -0.6688
vn 0.4633 -0.2446 0.8518
vn 0.5467 0.2719 -0.7920
vn 0.2650 -0.4648 -0.8448
vn 0.4904 -0.1481 -0.8588
vn 0.1900 0.4458 0.8747
vn 0.4637 0.7245 -0.5100
vn 0.4890 0.7550 0.4368
vn 0.0000 -1.0000 0.0000
vn 0.2847 0.7950 -0.5357
vn 0.5636 0.4556 -0.6891
vn 0.6911 0.1413 0.7089
vn 0.6289 0.0863 -0.7727
vn 0.4881 0.0783 0.8693
vn 0.5660 0.0072 -0.8244
vn 0.4645 0.0746 0.8824
vn 0.4414 0.1528 -0.8842
vn 0.3282 -0.5358 0.7779
vn 0.6775 0.3242 -0.6602
vn 0.0502 0.0816 0.9954
vn 0.4720 -0.0115 -0.8815
vn -0.0259 -0.1089 0.9937
vn 0.7632 0.1104 0.6366
vn 0.4968 0.0411 -0.8669
vn 0.6469 0.1119 0.7543
vn 0.4940 -0.1013 -0.8635
vn 0.3027 -0.1805 0.9359
vn 0.2996 0.1069 0.9480
vn 0.3930 0.3101 -0.8657
vn 0.4179 0.7202 0.5538
vn 0.0000 -1.0000 -0.0000
vn 0.6187 0.1240 -0.7758
vn 0.4631 0.0845 0.8823
vn 0.4787 -0.2374 0.8453
vn 0.3900 -0.2705 0.8802
vn 0.3954 0.3596 -0.8452
vn 0.2659 0.7699 0.5801
vn 0.0068 1.0000 0.0057
vn 0.6228 0.1942 -0.7579
vn 0.6173 0.0873 0.7819
vn 0.6992 0.0108 -0.7148
vn 0.3771 -0.6370 0.6723
vn 0.3207 -0.0001 0.9472
vn 0.5902 0.3372 -0.7334
vn 0.5701 -0.0706 0.8186
vn 0.7167 -0.0030 -0.6974
vn 0.3180 0.3922 0.8632
vn 0.0533 -0.1294 0.9902
vn 0.4094 0.5948 -0.6918
vn 0.5961 0.7781 -0.1982
vn 0.0000 -1.0000 0.0000
vn 0.0224 0.9957 -0.0896
vn 0.5476 0.1008 0.8306
vn 0.0867 -0.5998 -0.7955
vn 0.4169 -0.0562 -0.9072
vn 0.4021 -0.2720 0.8742
vn 0.3971 -0.1986 0.8961
vn 0.4728 -0.0669 -0.8786
vn 0.1381 -0.0503 0.9891
vn 0.6584 0.2021 -0.7250
vn 0.0139 0.2114 0.9773
vn 0.5904 0.2907 -0.7529
vn 0.6393 0.0424 -0.7678
vn 0.6351 -0.1961 -0.7471
vn 0.6308 -0.0672 -0.7731
vn 0.5968 0.7385 -0.3138
vn 0.5806 0.7821 -0.2263
vn 0.0373 -0.6206 0.7833
vn 0.0105 0.9998 -0.0158
vn 0.5855 0.3510 -0.7308
vn 0.4657 0.1192 0.8769
vn 0.5166 0.1207 -0.8476
vn 0.5925 0.0806 0.8015
vn 0.7193 0.0957 0.6881
vn 0.4162 0.1090 0.9027
vn 0.7155 0.1063 0.6905
vn 0.4288 0.6005 -0.6749
vn 0.7788 0.0289 -0.6266
vn 0.4621 0.0942 0.8818
vn 0.7092 -0.0480 -0.7034
vn 0.5814 -0.0954 -0.8080
vn 0.7436 -0.1976 -0.6388
vn 0.4431 0.0819 0.8927
vn 0.4811 -0.0551 -0.8749
vn 0.5984 0.1003 0.7949
vn 0.6986 0.1113 -0.7068
vn 0.6880 0.2313 -0.6879
vn 0.5985 0.0648 0.7985
vn 0.6888 0.4123 -0.5963
vn 0.6852 0.3789 -0.6220
vn 0.3750 -0.1701 0.9113
vn 0.6065 0.0747 -0.7916
vn 0.4927 0.0132 -0.8701
vn 0.3159 0.0211 0.9486
vn 0.6420 0.0952 -0.7607
vn 0.6706 -0.0589 -0.7395
vn 0.6099 0.1793 -0.7719
vn 0.6041 -0.3073 0.7353
vn 0.3505 -0.2194 0.9105
vn 0.1068 -0.2305 0.9672
vn 0.1849 0.2598 0.9478
vn 0.5482 0.8078 -0.2167
vn 0.0000 -1.0000 0.0000
vn 0.0000 -1.0000 0.0000
vn 0.0000 -1.0000 0.0000
vn 0.0000 -1.0000 0.0000
vn 0.0000 -1.0000 0.0000
vn 0.0000 -1.0000 0.0000
vn 0.0000 -1.0000 -0.0000
vn 0.0046 -0.8903 0.4553
vn -0.0061 -0.7096 -0.7046
vn 0.0577 0.9961 -0.0669
vn 0.4428 0.7279 0.5236
vn 0.7132 0.5979 0.3659
vn 0.5986 0.3839 -0.7030
vn 0.6050 0.0196 -0.7960
vn 0.4167 0.0697 0.9064
vn 0.5234 0.0936 0.8469
vn 0.4823 0.1004 0.8702
vn 0.6028 0.0410 -0.7968
vn 0.4904 0.0198 0.8713
vn 0.5246 -0.0341 0.8506
vn 0.5461 0.3630 0.7550
vn 0.5322 -0.1511 0.8330
vn 0.3632 0.4464 0.8178
vn 0.4370 -0.4987 -0.7485
vn 0.3759 -0.4062 -0.8329
vn 0.6132 -0.0955 -0.7841
vn 0.6729 -0.1782 -0.7179
vn 0.4956 0.0893 -0.8640
vn 0.0491 0.0723 0.9962
vn 0.3313 0.4154 0.8472
vn 0.0273 0.8838 0.4670
vn 0.0753 0.8648 -0.4965
vn 0.6016 0.3098 0.7362
vn 0.6328 0.0968 -0.7682
vn 0.5955 -0.5183 0.6138
vn 0.1922 -0.2373 0.9522
vn 0.3431 -0.7568 0.5564
vn 0.1891 -0.1725 0.9667
vn 0.6011 0.1032 -0.7925
vn 0.3207 0.5603 -0.7637
vn 0.5688 0.6031 0.5593
vn 0.4364 0.6723 -0.5980
vn 0.5401 0.8345 -0.1090
vn 0.4705 0.8227 0.3190
vn 0.0000 -1.0000 0.0000
vn 0.0341 0.7892 -0.6132
vn 0.4152 0.1149 0.9025
vn 0.5951 0.0491 -0.8021
vn 0.5435 0.1170 0.8312
vn 0.3328 -0.2438 0.9109
vn 0.4809 0.0863 0.8725
vn 0.5961 0.0138 -0.8028
vn 0.1290 0.9526 0.2756
vn 0.2977 0.1151 0.9477
vn 0.5413 0.0845 -0.8365
vn 0.4593 0.1053 0.8820
vn 0.5567 0.0708 0.8277
vn 0.3203 -0.5234 -0.7896
vn 0.4674 0.7416 -0.4813
vn 0.4058 0.1306 0.9046
vn 0.6308 0.4396 -0.6394
vn 0.6234 0.0374 0.7810
vn 0.3479 0.6910 0.6337
vn 0.5986 0.1119 -0.7932
vn 0.6020 0.0823 -0.7942
vn 0.6448 0.0438 -0.7631
vn 0.6802 0.0282 -0.7325
vn 0.5122 0.4412 0.7369
vn 0.5319 0.1502 -0.8334
vn 0.2577 -0.0302 0.9657
vn 0.4021 0.4263 -0.8103
vn 0.4585 0.6345 -0.6223
vn 0.4822 0.1233 0.8674
vn 0.3550 0.1256 0.9264
vn 0.3813 0.0689 0.9219
vn 0.5999 0.1242 0.7904
vn 0.6054 0.1293 0.7854
vn 0.6167 0.0877 0.7823
vn 0.5525 -0.5218 -0.6500
vn 0.5358 -0.1320 0.8339
vn 0.7646 0.1758 -0.6201
vn 0.5998 0.1193 0.7912
vn 0.3051 0.5176 -0.7994
vn 0.5439 0.8091 0.2224
vn 0.0000 -1.0000 0.0000
vn 0.0000 -1.0000 0.0000
vn 0.0000 -1.0000 0.0000
vn 0.6852 0.0588 -0.7260
vn 0.4314 0.0912 0.8975
vn 0.7280 -0.0975 -0.6786
vn 0.7751 -0.0285 -0.6312
vn 0.6186 0.0990 0.7794
vn 0.8147 0.3340 -0.4739
vn 0.8401 0.2833 -0.4625
vn 0.9679 0.0642 -0.2429
vn -0.2859 -0.4803 -0.8292
vn 0.5729 0.0021 -0.8196
vn 0.5716 0.1012 0.8143
vn 0.8185 -0.4832 0.3109
vn 0.4709 0.2281 -0.8522
vn 0.4957 0.2437 -0.8336
vn 0.4902 0.7328 0.4719
vn 0.7187 0.0792 -0.6908
vn 0.5294 0.0975 0.8427
vn 0.7455 -0.1840 -0.6406
vn 0.6846 0.4348 -0.5850
vn 0.6890 0.0807 0.7203
vn 0.7574 -0.0584 0.6504
vn -0.1215 -0.8783 -0.4625
vn 0.5483 -0.2550 0.7964
vn 0.4006 -0.1184 -0.9086
vn 0.4344 -0.0615 0.8986
vn 0.5463 0.0376 0.8367
vn 0.5373 0.0669 -0.8407
vn 0.3260 0.4536 0.8294
vn 0.3148 -0.1651 0.9347
vn -0.0000 -1.0000 -0.0000
vn 0.0231 0.9993 -0.0292
vn 0.1796 0.9391 -0.2931
vn 0.4035 0.5597 -0.7238
vn 0.5238 0.5731 0.6302
vn 0.5393 0.6026 -0.5883
vn 0.6182 0.1466 -0.7723
vn 0.4522 0.1296 0.8825
vn 0.7080 0.0888 -0.7007
vn 0.8250 0.0295 -0.5644
vn 0.6312 0.1473 -0.7615
vn 0.8100 -0.0744 -0.5816
vn 0.6875 -0.0772 -0.7220
vn 0.6022 0.1055 0.7913
vn 0.7347 0.3732 -0.5665
vn 0.7319 -0.1961 0.6526
vn 0.8967 0.1201 -0.4261
vn 0.8399 0.1580 -0.5193
vn 0.4746 -0.0563 -0.8784
vn 0.4689 -0.0491 -0.8819
vn 0.5772 -0.0482 0.8152
vn 0.7993 -0.4165 0.4332
vn 0.8086 0.3429 -0.4781
vn 0.3445 0.2251 -0.9114
vn 0.6829 0.4031 0.6093
vn 0.6382 -0.0425 0.7687
vn 0.7521 -0.0807 0.6541
vn 0.5474 0.0506 -0.8353
vn 0.5397 -0.1464 -0.8290
vn 0.4429 0.5518 -0.7066
vn 0.5160 0.8195 0.2493
vn -0.0077 0.0030 -1.0000
vn 0.5726 0.6757 0.4643
vn 0.2957 0.8479 0.4401
vn 0.5879 0.1096 0.8015
vn 0.8283 0.1056 -0.5503
vn 0.6540 0.1014 0.7496
vn 0.8068 0.0476 -0.5889
vn 0.8690 -0.1643 -0.4667
vn 0.7914 0.0604 -0.6083
vn 0.6854 -0.1763 0.7064
vn 0.8303 0.3025 -0.4680
vn 0.8388 0.3381 -0.4267
vn 0.4243 -0.5794 -0.6958
vn 0.6464 -0.2322 0.7268
vn 0.4895 -0.0232 -0.8717
vn 0.5207 0.0259 -0.8533
vn 0.5674 0.0206 -0.8232
vn 0.5627 0.5114 0.6495
vn 0.9336 0.2534 0.2533
vn 0.5595 -0.1461 -0.8159
vn 0.6517 -0.0625 -0.7559
vn 0.3565 0.2754 -0.8928
vn 0.2734 0.5533 0.7869
vn 0.0112 -0.9998 -0.0151
vn -0.0062 -1.0000 0.0033
vn -0.0013 -1.0000 -0.0019
vn 0.0000 -1.0000 0.0000
vn 0.0000 -1.0000 0.0000
vn 0.0000 -1.0000 0.0000
vn 0.0000 -1.0000 0.0000
vn 0.0000 -1.0000 0.0000
vn 0.0000 -1.0000 0.0000
vn 0.0000 -1.0000 0.0000
vn 0.0000 -1.0000 0.0000
vn 0.0000 -1.0000 0.0000
vn 0.0000 -1.0000 0.0000
vn 0.0000 -1.0000 0.0000
vn 0.0000 -1.0000 0.0000
vn 0.0000 -1.0000 0.0000
vn 0.0000 -1.0000 0.0000
vn 0.0000 -1.0000 0.0000
vn 0.0000 -1.0000 0.0000
vn 0.0099 -0.9999 0.0020
vn 0.7826 0.0622 -0.6194
vn 0.8468 0.0826 -0.5255
vn 0.5405 0.1003 0.8353
vn 0.9618 0.0728 -0.2638
vn 0.7894 0.0458 0.6122
vn 0.7613 0.0308 0.6477
vn 0.6506 -0.1533 0.7438
vn 0.4725 0.4071 0.7816
vn 0.5461 0.0863 -0.8333
vn 0.5664 0.3259 -0.7569
vn 0.2581 -0.0573 -0.9644
vn 0.7525 -0.2020 0.6268
vn 0.7862 -0.2665 0.5576
vn 0.6561 -0.1808 -0.7327
vn 0.4477 -0.3494 0.8231
vn 0.4376 0.5564 0.7063
vn -0.0587 0.9982 -0.0136
vn 0.1316 0.9630 0.2351
vn 0.3737 0.5270 0.7633
vn 0.4780 0.1219 0.8699
vn 0.7447 0.0475 -0.6657
vn 0.7980 0.0619 -0.5995
vn 0.5493 0.1124 0.8280
vn 0.8300 -0.0359 -0.5567
vn 0.6361 0.1038 0.7646
vn 0.6438 0.0963 0.7591
vn 0.6270 0.0351 0.7782
vn 0.8160 0.2023 -0.5416
vn 0.7665 -0.0863 0.6365
vn 0.7245 -0.2436 0.6448
vn 0.5955 -0.1225 -0.7940
vn 0.1126 -0.1429 -0.9833
vn 0.3619 -0.1203 0.9244
vn 0.2659 -0.1238 0.9560
vn 0.4000 0.1882 -0.8970
vn 0.3961 0.2639 -0.8794
vn 0.3386 0.3405 -0.8771
vn 0.2521 0.5041 -0.8261
vn 0.4826 0.6818 -0.5498
vn 0.4932 0.7734 -0.3982
vn 0.5144 0.8507 -0.1081
vn 0.0000 -1.0000 0.0000
vn 0.0000 -1.0000 0.0000
vn 0.0000 -1.0000 0.0000
vn 0.0000 -1.0000 0.0000
vn 0.0000 -1.0000 0.0000
vn 0.0000 -1.0000 0.0000
vn -0.0042 -0.9996 0.0271
vn 0.0003 -1.0000 0.0014
vn -0.0382 0.9992 -0.0086
vn 0.3666 0.7911 -0.4896
vn 0.5471 0.7631 0.3440
vn 0.4459 0.6530 -0.6122
vn 0.2522 0.5650 0.7856
vn 0.3998 0.0164 0.9165
vn 0.4741 0.1251 0.8715
vn 0.6924 0.1229 -0.7109
vn 0.7334 0.0832 -0.6746
vn 0.5996 0.0836 0.7959
vn 0.5753 0.1178 0.8094
vn 0.6329 0.1105 0.7663
vn 0.8089 0.1715 -0.5624
vn 0.8162 0.1003 -0.5690
vn 0.7720 0.2722 -0.5744
vn 0.8070 -0.5904 0.0154
vn 0.8705 0.2686 -0.4123
vn 0.8197 -0.5546 0.1429
vn 0.9346 0.2790 -0.2208
vn 0.9320 0.2655 -0.2467
vn -0.0876 -0.9035 -0.4196
vn 0.5632 -0.0562 -0.8244
vn 0.6961 0.0939 0.7117
vn 0.5752 0.0089 0.8180
vn 0.2909 -0.1026 0.9512
vn 0.4209 -0.0609 -0.9050
vn 0.5337 -0.4900 0.6893
vn 0.2483 0.0683 0.9663
vn 0.4512 0.3270 0.8304
vn 0.6023 0.5158 0.6093
vn 0.4887 0.5416 0.6840
vn 0.4944 0.8178 0.2946
vn 0.5210 0.8277 -0.2086
vn 0.4783 0.8199 0.3147
vn -0.0363 -0.0473 -0.9982
vn -0.0299 0.9462 -0.3221
vn 0.0031 1.0000 -0.0053
vn 0.3259 0.9044 0.2754
vn 0.3960 0.7557 -0.5217
vn 0.3674 0.1051 0.9241
vn 0.6891 0.1417 -0.7107
vn 0.7386 0.1243 -0.6625
vn 0.7410 0.1207 -0.6606
vn 0.7572 0.0639 -0.6501
vn 0.5845 0.1259 0.8016
vn 0.5624 0.1359 0.8156
vn 0.5780 0.1093 0.8087
vn 0.5650 0.0991 0.8191
vn 0.7795 0.0196 -0.6261
vn 0.8703 0.0179 -0.4922
vn 0.6166 0.0884 0.7823
vn 0.8232 -0.0700 -0.5634
vn 0.7823 -0.0159 -0.6228
vn 0.7139 0.0751 0.6962
vn 0.7150 0.0899 0.6933
vn 0.8388 -0.3783 0.3916
vn 0.8998 -0.4250 -0.0991
vn 0.9131 0.2807 -0.2956
vn 0.6975 0.3401 -0.6307
vn 0.8925 0.2548 -0.3722
vn 0.7767 0.1006 0.6218
vn 0.7253 0.1202 -0.6779
vn 0.6981 -0.2408 0.6742
vn 0.6510 0.0909 0.7536
vn 0.6396 0.1568 0.7526
vn 0.5821 0.2735 -0.7657
vn 0.8214 0.5695 -0.0300
vn 0.8077 0.2149 0.5490
vn 0.4886 -0.2346 0.8404
vn 0.4419 -0.1071 -0.8906
vn 0.5222 -0.0048 -0.8528
vn 0.3442 0.2460 0.9061
vn 0.3861 0.6054 0.6960
vn 0.0078 -0.9806 -0.1958
vn 0.0002 -1.0000 0.0004
vn -0.0563 -0.6138 0.7875
vn 0.0231 -0.6431 -0.7654
vn 0.6413 0.1419 0.7540
vn 0.8178 0.0761 -0.5705
vn 0.8476 0.0617 -0.5271
vn 0.8562 -0.1980 -0.4772
vn 0.8876 0.0557 -0.4572
vn 0.8453 0.1034 0.5241
vn 0.9136 0.1189 -0.3888
vn 0.8329 0.1519 0.5321
vn 0.9003 0.2564 -0.3517
vn 0.8694 -0.0524 0.4913
vn 0.6469 -0.0874 0.7576
vn 0.6431 -0.0140 0.7656
vn 0.6612 0.0926 0.7445
vn 0.6043 0.0443 -0.7955
vn 0.7046 -0.4412 0.5558
vn 0.5556 -0.6298 0.5429
vn 0.5289 0.8029 0.2750
vn 0.4170 0.7599 0.4987
vn -0.0004 -1.0000 -0.0003
vn 0.0839 0.9571 0.2775
vn 0.0136 0.7789 0.6270
vn 0.7318 0.0870 -0.6759
vn 0.9198 0.0223 -0.3917
vn 0.8901 0.1121 0.4419
vn 0.7468 -0.1965 0.6354
vn 0.7716 -0.2476 0.5859
vn 0.6886 -0.0987 -0.7184
vn 0.4327 0.2698 -0.8602
vn 0.0000 -1.0000 0.0000
vn 0.0000 -1.0000 0.0000
vn -0.0269 0.9996 0.0125
vn 0.6627 0.4071 -0.6286
vn 0.7397 0.0648 -0.6698
vn 0.7564 0.0817 -0.6489
vn 0.7503 -0.0089 -0.6610
vn 0.9447 0.1587 -0.2870
vn 0.6341 0.3782 0.6744
vn 0.5885 -0.2319 0.7745
vn 0.7267 0.0828 -0.6820
vn 0.5527 0.1129 0.8257
vn 0.8412 -0.0333 -0.5397
vn 0.9460 -0.0311 -0.3225
vn 0.8683 -0.4955 -0.0234
vn 0.6929 0.0911 0.7153
vn 0.3957 -0.4167 -0.8184
vn 0.6472 -0.1337 0.7505
vn 0.6075 0.0555 0.7924
vn 0.4838 0.4090 0.7738
vn 0.0000 -1.0000 0.0000
vn 0.0000 -1.0000 -0.0000
vn -0.0202 -0.9530 0.3025
vn 0.1790 0.9519 -0.2487
vn 0.4148 0.7198 0.5567
vn 0.7381 0.1431 -0.6593
vn 0.7521 0.1486 -0.6421
vn 0.7362 0.0122 -0.6766
vn 0.6801 0.1129 0.7243
vn 0.9963 0.0324 -0.0799
vn 0.9261 0.1027 -0.3631
vn 0.9203 0.0915 0.3804
vn 0.9903 -0.0976 0.0984
vn 0.8631 0.1379 -0.4859
vn 0.7189 -0.2484 0.6492
vn 0.6842 -0.1831 0.7059
vn 0.7587 -0.4338 0.4860
vn 0.6529 -0.1639 0.7395
vn 0.4848 0.8109 -0.3276
vn 0.6254 0.1239 0.7704
vn 0.6987 -0.0099 -0.7153
vn 0.7260 0.0767 -0.6834
vn 0.8085 0.1140 0.5774
vn 0.6761 0.1000 0.7300
vn 0.7473 0.2558 -0.6133
vn 0.9672 0.1110 0.2285
vn 0.9048 0.2114 -0.3697
vn 0.8702 -0.4908 -0.0435
vn 0.8407 -0.0098 0.5415
vn 0.6725 -0.4137 -0.6137
vn 0.5190 -0.6365 -0.5706
vn 0.8544 -0.1862 -0.4850
vn 0.7613 -0.1734 -0.6248
vn 0.6302 0.0063 0.7764
vn 0.6894 0.0610 0.7218
vn 0.6448 0.0697 -0.7612
vn 0.2853 0.4110 0.8658
vn 0.5161 0.8127 0.2704
vn 0.5654 0.8224 -0.0631
vn 0.7639 0.2145 -0.6087
vn 0.5728 0.1114 0.8121
vn 0.6763 0.0981 -0.7301
vn 0.6766 0.0556 -0.7342
vn 0.8303 0.0935 0.5494
vn 0.8582 0.1058 0.5022
vn 0.9583 0.0828 0.2733
vn 0.9442 -0.2727 -0.1845
vn 0.8518 0.2353 -0.4681
vn 0.6646 -0.0859 0.7423
vn 0.7062 -0.2316 0.6691
vn 0.6326 -0.0565 -0.7724
vn 0.7550 -0.2742 0.5956
vn 0.4710 0.2016 -0.8588
vn 0.1245 -0.1644 0.9785
vn 0.3426 0.2701 -0.8998
vn 0.0000 -1.0000 0.0000
vn 0.0000 -1.0000 0.0000
vn 0.0000 -1.0000 0.0000
vn 0.0000 -1.0000 0.0000
vn 0.0000 -1.0000 0.0000
vn 0.1992 0.9557 0.2166
vn 0.0014 1.0000 0.0033
vn 0.5416 0.1110 0.8333
vn 0.7202 0.0932 -0.6875
vn 0.6706 0.0854 -0.7369
vn 0.7341 -0.0104 -0.6789
vn 0.9271 0.0977 0.3619
vn 0.9845 0.0218 0.1743
vn 0.9084 0.2128 -0.3600
vn 0.8309 0.2692 -0.4870
vn 0.9124 -0.3867 -0.1343
vn 0.5167 -0.6496 -0.5577
vn 0.8674 0.1154 0.4840
vn 0.9269 0.0642 -0.3699
vn 0.9066 -0.0192 0.4216
vn 0.9061 -0.3491 -0.2391
vn 0.8111 -0.3545 -0.4653
vn 0.9076 -0.2307 -0.3509
vn 0.8252 -0.2837 0.4884
vn 0.7430 -0.2740 0.6106
vn 0.8191 -0.0310 -0.5729
vn 0.7154 -0.1210 0.6881
vn 0.7496 -0.0616 0.6590
vn 0.6561 0.0286 0.7541
vn 0.6535 0.0753 0.7532
vn 0.5500 0.1618 -0.8193
vn 0.4319 0.2622 -0.8630
vn 0.4261 -0.1512 -0.8920
vn 0.3362 -0.1127 -0.9350
vn 0.4463 -0.0876 -0.8906
vn 0.8763 0.1493 0.4581
vn 0.5174 -0.1021 -0.8497
vn 0.4416 0.0981 -0.8918
vn 0.4010 0.0160 -0.9159
vn 0.5264 0.1504 -0.8368
vn 0.4097 0.2262 -0.8838
vn 0.5453 0.7909 -0.2778
vn 0.1822 0.9465 -0.2664
vn -0.0331 0.6044 0.7960
vn 0.6280 0.5665 -0.5336
vn 0.6271 0.1262 0.7686
vn 0.4899 0.0968 0.8664
vn 0.5688 0.0943 0.8171
vn 0.7175 0.0846 -0.6914
vn 0.5848 0.1329 0.8002
vn 0.6738 0.0792 -0.7347
vn 0.7465 0.1230 0.6540
vn 0.8599 0.0954 0.5016
vn 0.7069 0.0224 -0.7070
vn 0.7971 0.0339 -0.6029
vn 0.9293 0.0931 0.3573
vn 0.7820 0.1292 -0.6097
vn 0.8704 0.1164 -0.4784
vn 0.9524 0.0974 0.2888
vn 0.9419 0.1013 0.3202
vn 0.9565 0.0989 0.2743
vn 0.9382 0.0849 0.3355
vn 0.9784 0.1766 -0.1071
vn 0.9535 0.0672 0.2938
vn 0.9618 0.1322 -0.2397
vn 0.9886 -0.0069 0.1505
vn 0.9347 0.0345 0.3539
vn 0.8739 -0.4158 -0.2517
vn 0.9501 0.0704 0.3038
vn 0.7235 -0.3718 -0.5817
vn 0.9793 -0.0924 0.1803
vn 0.9583 -0.1826 0.2198
vn 0.8765 -0.2052 -0.4355
vn 0.8330 -0.1631 0.5287
vn 0.8511 -0.2637 -0.4540
vn 0.6931 -0.1842 0.6970
vn 0.6954 0.0230 0.7183
vn 0.6182 0.0444 -0.7847
vn 0.1534 0.2604 0.9532
vn 0.2694 0.2909 0.9180
vn 0.0655 -0.0317 -0.9973
vn 0.3641 0.3131 -0.8772
vn 0.5463 -0.1078 -0.8306
vn 0.5253 -0.0009 0.8509
vn 0.6384 -0.0313 0.7691
vn 0.5767 0.1000 0.8108
vn 0.5391 0.6451 -0.5414
vn 0.5173 0.7299 -0.4468
vn 0.0000 -1.0000 0.0000
vn 0.0619 0.9358 -0.3470
vn 0.0192 0.9854 0.1691
vn 0.5254 0.6295 0.5724
vn 0.7388 0.2698 -0.6176
vn 0.6261 0.2114 -0.7506
vn 0.7564 0.0925 -0.6475
vn 0.6801 0.1166 -0.7238
vn 0.7663 0.1283 0.6296
vn 0.7948 0.1318 0.5923
vn 0.9497 0.1028 0.2958
vn 0.9253 0.1393 0.3527
vn 0.8115 0.2506 -0.5279
vn 0.9533 0.0671 0.2945
vn 0.8495 -0.3511 0.3938
vn 0.9770 0.1799 -0.1143
vn 0.9948 -0.0685 -0.0753
vn 0.9832 0.0214 0.1813
vn 0.5253 -0.5018 -0.6873
vn 0.7200 -0.5143 -0.4660
vn 0.8171 -0.4122 0.4031
vn 0.6828 0.1194 -0.7208
vn 0.6200 0.0774 -0.7808
vn 0.2007 -0.1026 0.9743
vn 0.3456 -0.1419 0.9276
vn 0.6189 -0.4038 0.6737
vn 0.0071 -0.7105 0.7037
vn 0.6630 -0.0432 0.7473
vn 0.4808 -0.0847 -0.8727
vn 0.3664 0.5835 0.7247
vn 0.5602 0.6151 -0.5549
vn 0.4970 0.7169 0.4888
vn 0.5889 0.7778 -0.2196
vn 0.5935 0.7284 -0.3424
vn 0.0000 -1.0000 0.0000
vn 0.0000 -1.0000 0.0000
vn 0.0000 -1.0000 0.0000
vn 0.0000 -1.0000 0.0000
vn 0.0466 -0.9982 0.0372
vn 0.0027 0.4785 -0.8781
vn 0.0088 0.9519 -0.3061
vn 0.1939 0.9570 -0.2159
vn 0.0057 1.0000 -0.0031
vn -0.0001 1.0000 0.0008
vn -0.0071 0.9998 0.0178
vn 0.4275 0.8159 -0.3894
vn 0.3567 0.6479 0.6730
vn 0.4076 0.5213 0.7498
vn 0.5429 0.7535 -0.3709
vn 0.5011 0.7402 -0.4484
vn 0.6201 0.6497 -0.4397
vn 0.6702 0.1908 0.7173
vn 0.6934 0.1058 -0.7128
vn 0.7331 0.1115 -0.6709
vn 0.6743 0.1287 0.7272
vn 0.6573 0.0715 -0.7502
vn 0.8610 0.1174 0.4949
vn 0.8963 0.1012 0.4317
vn 0.9165 0.1155 0.3830
vn 0.7152 0.0558 -0.6967
vn 0.9667 0.0939 0.2380
vn 0.8925 0.0846 -0.4431
vn 0.9509 0.1000 0.2929
vn 0.9459 0.2112 -0.2464
vn 0.9547 0.1471 -0.2586
vn 0.9800 0.0552 0.1912
vn 0.9886 0.0869 0.1228
vn 0.8400 -0.1977 -0.5054
vn 0.8898 -0.3360 -0.3089
vn 0.9997 0.0120 -0.0227
vn 0.9747 -0.1551 0.1611
vn 0.9958 -0.0907 0.0121
vn 0.8952 -0.2566 0.3645
vn 0.8665 -0.4000 0.2985
vn 0.9066 -0.2086 -0.3669
vn 0.8376 -0.1418 -0.5275
vn 0.7905 -0.0760 -0.6077
vn 0.7096 -0.0159 -0.7044
vn 0.7043 0.0605 0.7073
vn 0.7759 0.0757 0.6262
vn 0.8024 0.0201 0.5965
vn 0.6206 -0.1141 -0.7757
vn 0.7951 0.0121 0.6064
vn 0.6602 0.0049 -0.7511
vn 0.0857 -0.4262 -0.9006
vn 0.4722 0.1293 -0.8720
vn 0.6377 -0.0495 -0.7687
vn 0.4948 -0.1239 -0.8602
vn 0.5386 -0.0752 -0.8392
vn 0.4619 -0.0030 -0.8869
vn 0.4869 0.2845 0.8258
vn 0.5250 0.6478 0.5520
vn 0.0000 -1.0000 0.0000
vn 0.0000 -1.0000 0.0000
vn 0.0000 -1.0000 0.0000
vn 0.0000 -1.0000 0.0000
vn -0.0495 -0.7046 -0.7079
vn -0.0150 0.2048 -0.9787
vn 0.7509 0.1520 -0.6426
vn 0.6787 0.1320 -0.7225
vn 0.6452 0.0228 0.7636
vn 0.7323 0.0835 -0.6759
vn 0.6257 0.1062 -0.7728
vn 0.6430 0.1394 0.7531
vn 0.5934 0.1557 0.7897
vn 0.7417 0.1192 0.6600
vn 0.6945 0.0844 -0.7145
vn 0.7498 0.0831 -0.6565
vn 0.8959 0.1418 0.4210
vn 0.7071 0.0906 -0.7013
vn 0.9441 0.2967 0.1439
vn 0.9113 0.1129 0.3960
vn 0.9241 0.1075 0.3668
vn 0.7944 0.0528 -0.6051
vn 0.9244 0.0932 0.3699
vn 0.7876 0.0321 -0.6153
vn 0.9236 0.1044 0.3688
vn 0.7831 0.0159 -0.6216
vn 0.9091 0.0930 0.4060
vn 0.9544 0.1052 0.2795
vn 0.9468 0.0958 0.3072
vn 0.8497 0.0765 -0.5216
vn 0.8664 0.1539 -0.4751
vn 0.8263 0.2024 -0.5256
vn 0.9673 0.0883 0.2379
vn 0.9026 0.1868 -0.3878
vn 0.9410 0.1042 0.3220
vn 0.9350 0.0886 0.3433
vn 0.9728 0.0997 0.2093
vn 0.9715 0.1413 -0.1902
vn 0.9883 -0.1519 -0.0115
vn 0.9212 -0.1760 -0.3469
vn 0.7341 -0.1610 0.6597
vn 0.7382 -0.0704 -0.6709
vn 0.7213 0.0247 -0.6921
vn 0.7417 0.0647 -0.6676
vn 0.8148 0.0937 0.5721
vn 0.8004 -0.0046 0.5994
vn 0.5366 0.0440 -0.8427
vn 0.6571 0.0784 -0.7497
vn 0.4822 0.5614 0.6725
vn 0.5205 0.7948 -0.3122
vn 0.5382 0.8254 0.1706
vn -0.0001 -1.0000 -0.0004
vn 0.0000 -1.0000 0.0000
vn 0.0000 -1.0000 0.0000
vn 0.0000 -1.0000 0.0000
vn 0.5672 0.3855 0.7277
vn 0.5394 0.3812 0.7509
vn 0.6497 0.1311 0.7488
vn 0.7563 0.1364 0.6399
vn 0.7104 0.0842 -0.6988
vn 0.9152 0.0965 0.3914
vn 0.7106 -0.0978 0.6967
vn 0.8629 0.0425 -0.5036
vn 0.8640 0.0510 -0.5009
vn 0.9716 0.0929 0.2174
vn 0.9599 0.0895 0.2655
vn 0.9580 0.0740 0.2771
vn 0.8745 0.2334 -0.4252
vn 0.9543 0.1938 -0.2275
vn 0.8207 -0.5032 -0.2706
vn 0.9596 -0.2435 0.1412
vn 0.9841 -0.1478 0.0982
vn 0.9282 -0.0914 -0.3606
vn 0.9706 -0.2305 0.0689
vn 0.9150 -0.2453 0.3204
vn 0.9568 -0.2473 0.1528
vn 0.9167 -0.1946 -0.3490
vn 0.9138 -0.2121 -0.3463
vn 0.8936 -0.2403 -0.3791
vn 0.8233 -0.2412 0.5139
vn 0.8719 -0.0545 -0.4866
vn 0.7664 0.1861 0.6149
vn 0.7943 0.0405 0.6061
vn 0.7622 0.0538 0.6451
vn 0.6464 -0.0309 -0.7623
vn 0.2252 0.1712 0.9591
vn 0.5682 0.2508 -0.7838
vn 0.5345 -0.0592 -0.8431
vn 0.5048 -0.1716 0.8460
vn 0.4599 -0.2638 0.8479
vn 0.3162 -0.2942 -0.9019
vn 0.3791 0.0545 0.9238
vn 0.5225 0.4468 -0.7262
vn 0.5959 0.5195 -0.6124
vn 0.6497 0.6207 -0.4389
vn 0.6927 0.5324 -0.4866
vn 0.6468 0.6922 0.3202
vn 0.0000 -1.0000 0.0000
vn 0.6384 0.4404 -0.6312
vn 0.5521 0.1019 0.8275
vn 0.7233 0.0942 -0.6841
vn 0.7996 0.0970 -0.5926
vn 0.9397 0.1220 0.3195
vn 0.9336 0.1092 0.3413
vn 0.9760 0.0924 0.1974
vn 0.9458 0.0809 0.3146
vn 0.9751 0.1613 -0.1521
vn 0.9730 0.1796 -0.1452
vn 0.9912 0.1290 -0.0295
vn 0.9799 -0.1788 0.0883
vn 0.9752 -0.2185 0.0346
vn 0.9134 -0.2038 -0.3523
vn 0.8490 -0.1956 0.4909
vn 0.7403 0.0582 -0.6697
vn 0.6905 -0.0418 -0.7221
vn 0.1868 0.1000 0.9773
vn 0.5871 -0.0106 -0.8095
vn 0.6028 0.0060 -0.7979
vn 0.0000 -1.0000 0.0000
vn 0.0000 -1.0000 0.0000
vn 0.0000 -1.0000 0.0000
vn 0.6683 0.1014 -0.7369
vn 0.8052 0.1306 0.5784
vn 0.7398 0.0857 -0.6673
vn 0.9217 0.1015 0.3745
vn 0.8339 0.0824 -0.5457
vn 0.9500 0.1035 0.2947
vn 0.9852 0.0928 0.1440
vn 0.9404 0.0814 0.3301
vn 0.9591 0.0536 -0.2781
vn 0.9707 0.0831 0.2256
vn 0.9238 0.0495 -0.3796
vn 0.9547 0.1327 -0.2663
vn 0.9490 0.0585 0.3097
vn 0.9686 0.1565 -0.1933
vn 0.9531 -0.2684 0.1398
vn 0.9200 -0.2055 -0.3339
vn 0.8518 -0.1513 0.5016
vn 0.8624 0.0461 -0.5041
vn 0.5338 0.3358 -0.7760
vn 0.0051 1.0000 0.0037
vn 0.7581 0.1258 0.6399
vn 0.9649 0.0897 0.2469
vn 0.9749 0.0981 0.2000
vn 0.8934 0.0683 -0.4440
vn 0.9675 0.0694 0.2433
vn 0.9934 0.0848 -0.0777
vn 0.9568 0.0642 0.2836
vn 0.9754 0.0884 0.2018
vn 0.9920 0.1195 -0.0416
vn 0.8647 -0.1713 -0.4722
vn 0.8297 -0.1113 0.5471
vn 0.8650 0.0657 0.4974
vn 0.5349 0.2621 0.8032
vn 0.0000 -1.0000 0.0000
vn 0.0000 -1.0000 0.0000
vn 0.0000 -1.0000 0.0000
vn 0.0000 -1.0000 0.0000
vn -0.0106 -0.9999 0.0107
vn 0.4785 0.7801 -0.4032
vn 0.1770 0.9239 0.3391
vn 0.2589 0.9364 -0.2368
vn 0.6697 0.2579 -0.6964
vn 0.6681 0.1081 -0.7361
vn 0.8397 0.1148 0.5308
vn 0.6913 0.1001 -0.7156
vn 0.9427 0.0685 0.3267
vn 0.9142 0.1177 0.3879
vn 0.9308 0.1040 0.3503
vn 0.9229 0.0704 -0.3786
vn 0.8977 0.0498 -0.4377
vn 0.9718 0.0536 -0.2297
vn 0.9779 0.0939 0.1870
vn 0.9408 0.0380 -0.3367
vn 0.9643 0.0816 0.2519
vn 0.9458 0.0674 0.3177
vn 0.9821 0.1008 -0.1593
vn 0.9805 0.0919 -0.1737
vn 0.9911 0.0974 -0.0908
vn 0.9974 0.0566 -0.0437
vn 0.9913 0.0691 0.1116
vn 0.9816 0.1132 -0.1535
vn 0.9953 0.0841 0.0470
vn 0.9719 -0.2214 -0.0802
vn 0.9584 -0.2031 -0.2003
vn 0.9570 -0.2642 0.1202
vn 0.9436 -0.2484 0.2191
vn 0.9186 -0.1773 -0.3531
vn 0.9269 -0.1971 0.3193
vn 0.7680 -0.1221 -0.6287
vn 0.8392 0.0287 -0.5431
vn 0.8823 0.0677 0.4657
vn 0.8774 0.0062 0.4798
vn 0.6566 0.3157 -0.6850
vn 0.7031 0.2871 -0.6506
vn 0.4742 0.1435 0.8686
vn 0.5925 -0.2197 0.7750
vn 0.7575 -0.0310 -0.6521
vn 0.6817 -0.0852 -0.7267
vn 0.6218 -0.1315 -0.7721
vn 0.6798 0.1984 -0.7060
vn 0.2527 0.3108 0.9163
vn 0.5631 0.4629 0.6846
vn 0.0000 -1.0000 0.0000
vn 0.0000 -1.0000 0.0000
vn 0.6579 0.1288 -0.7420
vn 0.7042 0.1110 0.7013
vn 0.9131 0.1166 0.3907
vn 0.9246 0.1161 0.3629
vn 0.8218 0.0520 -0.5673
vn 0.9309 0.1207 0.3447
vn 0.8638 0.0835 -0.4969
vn 0.9526 0.1287 0.2756
vn 0.9591 0.1995 0.2006
vn 0.9792 0.0703 -0.1901
vn 0.9791 0.0706 0.1908
vn 0.9969 0.0754 -0.0228
vn 0.9519 -0.2254 -0.2077
vn 0.9727 -0.2133 -0.0913
vn 0.9184 -0.2158 -0.3315
vn 0.9364 -0.2279 0.2670
vn 0.9052 -0.2405 0.3504
vn 0.9278 -0.1693 -0.3325
vn 0.9220 -0.1030 -0.3733
vn 0.8868 -0.1685 0.4304
vn 0.9269 -0.1458 -0.3458
vn 0.8764 -0.0189 0.4812
vn 0.6841 -0.0231 -0.7290
vn 0.5928 -0.2073 0.7782
vn 0.7016 -0.1180 -0.7027
vn 0.6872 0.6727 -0.2744
vn 0.6750 0.6812 -0.2833
vn 0.1668 0.9220 0.3494
vn 0.5940 0.2723 0.7570
vn 0.7891 0.1729 0.5894
vn 0.7871 0.0913 -0.6100
vn 0.9131 0.0525 0.4044
vn 0.9360 0.1256 0.3290
vn 0.8997 0.0982 -0.4254
vn 0.9604 0.1147 0.2540
vn 0.9404 0.0727 -0.3323
vn 0.9696 0.1143 0.2165
vn 0.9685 0.1210 0.2175
vn 0.9938 0.0876 -0.0686
vn 0.9881 0.0648 -0.1396
vn 0.9670 0.0988 0.2348
vn 0.9973 0.0522 -0.0523
vn 0.9889 0.0682 -0.1322
vn 0.9969 0.0449 -0.0646
vn 0.9941 0.0485 0.0967
vn 0.9632 -0.2581 0.0752
vn 0.9644 -0.2387 0.1135
vn 0.9586 -0.1938 0.2088
vn 0.9216 -0.1650 0.3514
vn 0.9203 0.1340 0.3674
vn 0.7720 -0.0748 -0.6312
vn 0.7165 -0.0162 -0.6974
vn 0.5326 0.0934 -0.8412
vn 0.4515 0.0551 -0.8906
vn 0.4987 0.0100 0.8667
vn 0.7363 -0.1212 -0.6658
vn 0.7024 0.0129 -0.7116
vn 0.3724 -0.0813 0.9245
vn 0.6699 0.3933 -0.6297
vn 0.6600 0.3921 0.6408
vn 0.7312 0.6700 0.1284
vn 0.5815 0.7061 0.4041
vn 0.0178 -0.9996 -0.0211
vn 0.0000 -1.0000 0.0000
vn 0.0000 -1.0000 0.0000
vn 0.0000 -1.0000 0.0000
vn 0.0000 -1.0000 0.0000
vn 0.0000 -1.0000 0.0000
vn 0.0000 -1.0000 0.0000
vn 0.0000 -1.0000 0.0000
vn -0.0024 -1.0000 0.0081
vn 0.0091 -0.9286 0.3709
vn 0.0072 -0.5019 -0.8649
vn -0.1317 0.4082 0.9033
vn 0.2595 0.9463 -0.1926
vn 0.6009 0.5717 0.5587
vn 0.4758 0.6505 0.5920
vn 0.5134 0.5910 -0.6222
vn 0.8768 0.1310 0.4626
vn 0.7330 0.1072 -0.6717
vn 0.9619 0.1153 0.2479
vn 0.9689 0.1214 0.2158
vn 0.9532 0.1135 0.2802
vn 0.9770 0.0882 -0.1940
vn 0.9631 0.0855 0.2554
vn 0.9819 0.0944 0.1641
vn 0.9969 0.0645 -0.0453
vn 0.9772 0.0785 0.1971
vn 0.9932 0.0618 0.0987
vn 0.9626 -0.2510 -0.1019
vn 0.9527 -0.2768 0.1259
vn 0.9700 -0.2175 -0.1083
vn 0.9603 -0.2539 0.1157
vn 0.9675 -0.2242 0.1166
vn 0.9289 -0.1478 -0.3397
vn 0.9474 -0.1363 0.2896
vn 0.9114 -0.0929 0.4009
vn 0.9293 -0.0915 -0.3577
vn 0.9271 -0.0257 -0.3740
vn 0.9178 0.0115 0.3969
vn 0.9266 0.0239 -0.3753
vn 0.9121 0.0910 0.3998
vn 0.8108 -0.0582 -0.5824
vn 0.8701 0.0324 0.4919
vn 0.8520 -0.0610 -0.5199
vn 0.5487 -0.6475 0.5288
vn 0.4191 0.1671 0.8924
vn 0.3193 -0.2179 -0.9223
vn 0.7392 0.0113 0.6734
vn 0.7012 -0.1701 0.6924
vn 0.7622 -0.0944 -0.6404
vn 0.6418 -0.0886 -0.7617
vn 0.7092 0.4118 -0.5722
vn 0.6394 0.5015 -0.5827
vn 0.6386 0.7145 -0.2858
vn 0.0000 -1.0000 0.0000
vn -0.0058 0.0081 -1.0000
vn 0.4589 0.7242 0.5146
vn 0.5597 0.6881 -0.4618
vn 0.6809 0.1356 -0.7197
vn 0.9119 0.1329 0.3884
vn 0.7566 0.0448 -0.6523
vn 0.9376 0.1240 0.3248
vn 0.8978 0.1171 0.4245
vn 0.7431 0.1064 -0.6607
vn 0.9073 0.1057 0.4070
vn 0.9371 0.1769 0.3009
vn 0.9036 0.0904 -0.4186
vn 0.9517 0.1072 0.2878
vn 0.9324 0.0953 -0.3486
vn 0.9651 0.1084 0.2385
vn 0.9678 0.1119 -0.2256
vn 0.9779 0.0887 -0.1895
vn 0.9680 -0.2460 0.0500
vn 0.9375 -0.2243 -0.2659
vn 0.9254 -0.0091 -0.3789
vn 0.8956 0.0371 -0.4434
vn 0.8977 -0.1578 -0.4114
vn 0.7532 -0.0799 -0.6529
vn 0.5698 -0.2044 0.7960
vn 0.4167 -0.3436 0.8416
vn 0.4527 0.2755 0.8480
vn 0.7117 0.5266 -0.4650
vn -0.1385 -0.3370 -0.9313
vn -0.1242 0.4180 0.8999
vn 0.0044 0.8183 -0.5747
vn 0.0118 0.9879 -0.1548
vn -0.0012 1.0000 -0.0015
vn -0.0011 1.0000 -0.0040
vn 0.5322 0.7673 -0.3579
vn 0.5629 0.5455 -0.6210
vn 0.8863 0.1221 0.4468
vn 0.7060 0.1271 -0.6967
vn 0.7722 0.1208 -0.6238
vn 0.9616 0.1555 0.2261
vn 0.9591 0.0883 -0.2689
vn 0.9628 0.1053 -0.2489
vn 0.9963 0.0627 -0.0581
vn 0.9857 0.0787 0.1488
vn 0.9536 -0.1067 0.2816
vn 0.9374 -0.0480 0.3449
vn 0.9425 0.0273 0.3331
vn 0.9372 -0.0289 0.3475
vn 0.8976 -0.1530 -0.4134
vn 0.3295 -0.5166 0.7903
vn 0.3714 -0.4489 -0.8127
vn 0.6347 0.2790 0.7206
vn 0.5958 0.1150 0.7948
vn 0.6394 0.3301 -0.6944
vn 0.6420 -0.0422 0.7656
vn 0.7586 -0.0788 0.6468
vn 0.6604 -0.1366 0.7383
vn 0.6507 -0.1155 0.7505
vn 0.8073 -0.1114 -0.5796
vn 0.7624 -0.1090 -0.6379
vn 0.4211 -0.0961 0.9019
vn 0.6708 0.3280 0.6652
vn 0.7761 0.5095 -0.3716
vn 0.6087 0.7723 0.1820
vn 0.6308 0.7149 -0.3017
vn -0.0011 -1.0000 -0.0029
vn 0.0000 -1.0000 0.0000
vn 0.0000 -1.0000 0.0000
vn 0.0000 -1.0000 0.0000
vn 0.0000 -1.0000 0.0000
vn 0.0000 -1.0000 0.0000
vn 0.0000 -1.0000 0.0000
vn 0.0000 -1.0000 0.0000
vn 0.0000 -1.0000 0.0000
vn 0.0000 -1.0000 0.0000
vn 0.0000 -1.0000 0.0000
vn 0.0000 -1.0000 0.0000
vn 0.0000 -1.0000 0.0000
vn 0.0000 -1.0000 0.0000
vn 0.0000 -1.0000 0.0000
vn 0.0000 -1.0000 0.0000
vn 0.0000 -1.0000 0.0000
vn 0.0000 -1.0000 0.0000
vn 0.0016 -0.6401 0.7683
vn -0.0051 0.0312 0.9995
vn 0.0113 0.4641 0.8857
vn 0.0290 0.9991 -0.0315
vn 0.0161 0.9999 -0.0050
vn -0.1203 0.9092 0.3987
vn 0.4115 0.8033 -0.4305
vn 0.4733 0.8463 -0.2445
vn 0.3413 0.8090 0.4786
vn 0.5947 0.4259 -0.6818
vn 0.7764 0.2710 0.5690
vn 0.6870 0.1297 -0.7150
vn 0.9568 0.1329 0.2586
vn 0.7993 0.1109 -0.5906
vn 0.8688 0.1163 -0.4813
vn 0.8112 0.0986 -0.5763
vn 0.8883 0.1031 -0.4476
vn 0.0000 0.0000 0.0000
vn 0.0000 -0.0000 0.0000
vn -0.0000 0.0000 -0.0000
vn 0.8823 0.0969 -0.4605
vn 0.9504 0.0972 -0.2954
vn 0.9027 0.1423 0.4059
vn 0.9849 0.0543 -0.1644
vn 0.9756 0.1302 0.1768
vn 0.9555 0.1034 -0.2763
vn 0.9861 0.1104 -0.1245
vn 0.9677 0.1187 0.2223
vn 0.9951 0.0871 0.0468
vn 0.9625 -0.2395 0.1275
vn 0.9769 -0.1841 0.1086
vn 0.9771 -0.1787 0.1153
vn 0.9663 -0.1202 0.2278
vn 0.9501 -0.1352 -0.2812
vn 0.9393 0.0708 0.3356
vn 0.9333 0.0465 0.3561
vn 0.9224 -0.1340 -0.3623
vn 0.9024 -0.0602 0.4266
vn 0.8152 -0.2379 0.5280
vn 0.4905 -0.6601 0.5690
vn 0.6417 0.1761 0.7465
vn 0.5575 -0.3235 -0.7645
vn 0.7248 0.2477 -0.6429
vn 0.8374 -0.0002 -0.5466
vn 0.9568 0.0054 -0.2908
vn 0.7023 -0.1365 0.6987
vn 0.7149 -0.2230 0.6628
vn 0.3989 -0.0956 0.9120
vn 0.6049 0.1448 -0.7830
vn 0.8100 0.2899 -0.5098
vn 0.6895 0.6285 0.3600
vn 0.8244 0.5602 0.0816
vn 0.4965 0.4637 0.7338
vn 0.6888 0.6944 0.2082
vn 0.0147 0.0951 -0.9954
vn -0.0827 0.8829 0.4621
vn 0.0010 1.0000 -0.0015
vn 0.4721 0.7662 0.4360
vn 0.4039 0.7822 0.4744
vn 0.5433 0.5179 0.6608
vn 0.7234 0.2010 -0.6605
vn 0.8857 0.1325 0.4448
vn 0.9181 0.1282 0.3751
vn 0.8696 0.1218 0.4785
vn 0.8846 0.1315 -0.4474
vn 0.8494 0.1336 -0.5105
vn 0.9248 0.1262 0.3589
vn 0.9018 0.1008 0.4203
vn -0.0000 0.0000 -0.0000
vn 0.9639 0.1235 0.2357
vn 0.9597 0.1049 0.2606
vn 0.9653 0.1166 0.2337
vn 0.9656 0.1176 -0.2318
vn 0.9628 0.1209 0.2415
vn 0.9342 -0.3566 0.0132
vn 0.9573 0.1254 0.2605
vn 0.9916 0.1134 0.0616
vn 0.9649 -0.1501 -0.2154
vn 0.9936 -0.0996 -0.0531
vn 0.9405 -0.2374 -0.2431
vn 0.9335 0.0177 -0.3582
vn 0.9532 -0.0599 0.2963
vn 0.9122 -0.1321 0.3878
vn 0.9190 -0.0859 0.3847
vn 0.8947 -0.1665 -0.4145
vn 0.3522 -0.8023 0.4820
vn 0.5836 -0.4549 -0.6726
vn 0.8117 0.0728 -0.5795
vn 0.6788 -0.2143 0.7023
vn 0.8598 -0.0796 -0.5043
vn 0.7404 -0.2003 0.6416
vn 0.6836 0.2157 0.6973
vn 0.8011 0.4098 -0.4362
vn 0.0000 -1.0000 0.0000
vn -0.0104 -0.8664 -0.4992
vn -0.0090 0.9998 0.0161
vn 0.5224 0.6781 -0.5170
vn 0.5471 0.6392 0.5404
vn 0.9279 0.1346 0.3477
vn 0.7941 0.1281 -0.5942
vn 0.7641 0.1458 -0.6284
vn 0.8941 0.1174 -0.4322
vn 0.9331 0.1124 -0.3416
vn 0.9428 0.0372 0.3313
vn 0.9437 0.1338 0.3026
vn 0.9667 -0.1095 0.2314
vn 0.9621 0.1134 0.2479
vn 0.9548 0.1174 0.2732
vn 0.9377 0.2422 0.2490
vn 0.9637 0.1210 -0.2379
vn 0.9846 0.1187 -0.1285
vn 0.9867 0.1462 0.0706
vn 0.9817 -0.1841 -0.0490
vn 0.9753 -0.2028 0.0874
vn 0.9705 -0.1024 0.2184
vn 0.9657 -0.0049 0.2596
vn 0.9625 -0.0054 -0.2712
vn 0.9400 0.0043 -0.3410
vn 0.9518 0.0444 0.3035
vn 0.9657 -0.0825 0.2461
vn 0.9230 -0.1650 0.3478
vn 0.9347 -0.1263 0.3322
vn 0.9189 -0.0885 -0.3846
vn 0.7138 0.2730 -0.6449
vn 0.8618 -0.1357 0.4889
vn 0.6904 -0.1147 0.7143
vn 0.8178 -0.0411 -0.5741
vn 0.7637 0.0028 0.6456
vn 0.7452 0.5528 -0.3730
vn 0.7413 0.6709 -0.0203
vn 0.7541 0.6512 0.0856
vn 0.0000 -1.0000 0.0000
vn 0.0000 1.0000 0.0000
vn 0.4312 0.7927 0.4309
vn 0.9627 0.1626 0.2163
vn 0.9727 0.1653 0.1628
vn 0.9286 0.1147 -0.3528
vn 0.9557 0.1132 0.2719
vn 0.9987 0.0125 -0.0484
vn 0.9871 -0.0895 0.1330
vn 0.9998 -0.0011 0.0217
vn 0.9993 -0.0191 0.0325
vn 0.9825 0.0218 0.1850
vn 0.9706 0.0037 -0.2408
vn 0.9963 0.0408 0.0753
vn 0.9902 -0.0725 0.1193
vn 0.7081 0.1993 0.6774
vn 0.8316 0.1728 -0.5278
vn 0.7889 -0.2393 0.5660
vn 0.8466 -0.1294 -0.5163
vn 0.7166 0.0030 -0.6975
vn 0.0000 -1.0000 0.0000
vn 0.0000 -1.0000 0.0000
vn 0.0000 1.0000 -0.0000
vn 0.2005 0.9249 0.3232
vn 0.5556 0.5912 -0.5846
vn 0.8660 0.3112 0.3914
vn 0.7364 0.3214 -0.5954
vn 0.9535 0.1296 0.2721
vn 0.9285 0.1214 0.3508
vn 0.8879 0.0669 0.4551
vn 0.8923 0.1315 0.4320
vn 0.8901 0.1340 -0.4355
vn 0.9666 0.1395 0.2150
vn 0.9541 0.1266 -0.2713
vn 0.9787 0.1090 0.1738
vn 0.9637 0.0996 -0.2476
vn 0.9860 0.0613 0.1552
vn 0.9615 0.1124 -0.2509
vn 0.9870 0.1362 -0.0850
vn 0.9841 0.1162 0.1343
vn 0.9920 0.1264 0.0043
vn 0.9887 -0.1497 -0.0096
vn 0.9949 -0.0819 0.0589
vn 0.9900 -0.0075 -0.1408
vn 0.9935 -0.0096 0.1136
vn 0.9996 -0.0269 0.0080
vn 0.9990 0.0204 0.0398
vn 0.9902 0.0394 -0.1341
vn 0.9695 -0.0775 -0.2327
vn 0.9999 -0.0163 -0.0052
vn 0.9921 -0.1213 -0.0331
vn 0.9238 -0.1401 0.3565
vn 0.7994 0.1792 0.5734
vn 0.8517 0.0155 -0.5237
vn 0.8811 -0.0218 -0.4725
vn 0.8995 0.2543 0.3554
vn 0.8718 0.1461 -0.4675
vn 0.9104 0.1329 -0.3917
vn 0.9237 0.1310 -0.3601
vn 0.9525 0.1211 -0.2795
vn 0.7424 0.2487 0.6221
vn 0.9496 0.1399 0.2805
vn 0.9701 -0.1873 -0.1540
vn 0.5290 -0.6910 -0.4926
vn 0.5550 -0.6895 0.4654
vn 0.9389 0.0839 0.3338
vn 0.9461 -0.0346 0.3221
vn 0.7799 0.4548 0.4300
vn 0.0102 -0.9999 -0.0131
vn 0.0000 -1.0000 0.0000
vn 0.0000 -1.0000 0.0000
vn 0.0000 -1.0000 0.0000
vn 0.0000 -1.0000 0.0000
vn -0.0128 0.9665 -0.2562
vn 0.8154 0.3525 -0.4593
vn 0.9297 0.1275 0.3455
vn 0.9500 0.1396 0.2794
vn 0.9652 0.1314 0.2260
vn 0.9620 0.1066 -0.2513
vn 0.9461 0.1040 -0.3067
vn 0.9800 0.1459 0.1354
vn 0.9512 -0.1935 0.2403
vn 0.9474 -0.2078 -0.2434
vn 0.8869 -0.3078 -0.3446
vn 0.5462 -0.5315 -0.6474
vn 0.4860 -0.5344 0.6916
vn 0.7894 0.2988 -0.5362
vn 0.7950 0.1565 -0.5860
vn 0.9520 -0.0951 0.2910
vn 0.9525 -0.1837 0.2427
vn 0.8665 -0.0765 -0.4933
vn 0.7860 -0.1671 0.5952
vn 0.8846 -0.1304 -0.4478
vn 0.8194 -0.1250 -0.5594
vn 0.6193 -0.0803 0.7810
vn 0.8873 0.0688 -0.4559
vn 0.7524 0.1085 0.6497
vn 0.7691 0.5198 -0.3718
vn 0.6944 0.5667 0.4435
vn 0.8129 0.5316 0.2379
vn 0.0135 -0.9731 0.2301
vn 0.2395 0.2677 0.9333
vn 0.0282 0.6226 -0.7820
vn 0.0000 1.0000 0.0000
vn 0.2107 0.9494 -0.2328
vn 0.7583 0.5533 0.3447
vn 0.6950 0.5534 -0.4590
vn 0.8785 0.1334 -0.4587
vn 0.9087 0.1209 0.3996
vn 0.8658 0.1348 -0.4819
vn 0.9761 0.1220 0.1800
vn 0.9420 0.1366 -0.3066
vn 0.8957 0.1559 0.4164
vn 0.9724 0.1302 -0.1935
vn 0.9565 0.0865 0.2787
vn 0.9807 0.1588 0.1140
vn 0.9769 -0.2111 0.0326
vn 0.6620 -0.7263 0.1852
vn 0.6714 -0.7410 0.0097
vn 0.6851 -0.1671 -0.7090
vn 0.8799 0.0620 0.4710
vn 0.7976 0.2427 -0.5522
vn 0.7396 0.2291 0.6329
vn 0.7762 0.2801 -0.5649
vn 0.9314 0.2379 0.2754
vn 0.8566 0.2031 -0.4743
vn 0.9502 -0.1217 0.2868
vn 0.8674 -0.0794 -0.4912
vn 0.8148 -0.2084 0.5410
vn 0.9176 0.0171 -0.3972
vn 0.8874 0.0925 0.4516
vn 0.7959 0.1441 -0.5881
vn 0.8867 0.2026 -0.4156
vn 0.8212 0.4416 -0.3614
vn 0.9032 0.2892 0.3172
vn 0.8293 0.4643 0.3110
vn 0.7182 0.6613 -0.2163
vn 0.0124 -0.9999 -0.0111
vn -0.0000 -1.0000 -0.0000
vn -0.0990 -0.9950 -0.0102
vn 0.0000 -1.0000 0.0000
vn 0.0000 -1.0000 0.0000
vn 0.0000 -1.0000 0.0000
vn 0.0000 -1.0000 0.0000
vn 0.0000 -1.0000 0.0000
vn -0.0282 -0.9991 0.0328
vn -0.0232 -0.7000 0.7138
vn 0.0072 -0.4300 0.9028
vn -0.0046 -0.0283 -0.9996
vn -0.0000 1.0000 -0.0001
vn 0.0007 1.0000 0.0001
vn -0.0000 1.0000 -0.0000
vn 0.8113 0.5048 0.2949
vn 0.9092 0.4156 0.0233
vn 0.9129 0.3890 0.1239
vn 0.9537 0.1333 -0.2696
vn 0.8833 0.1271 0.4512
vn 0.9918 0.1259 -0.0238
vn 0.2566 -0.4963 -0.8294
vn 0.7365 0.3855 -0.5559
vn 0.8023 0.1835 -0.5681
vn 0.9108 0.1529 0.3835
vn 0.8312 0.0840 -0.5496
vn 0.9465 -0.1558 0.2826
vn 0.9002 -0.0957 -0.4248
vn 0.8577 0.3558 -0.3711
vn 0.0025 -0.0246 0.9997
vn -0.0008 1.0000 -0.0000
vn 0.2779 0.9397 -0.1993
vn 0.0000 1.0000 -0.0000
vn 0.8907 0.1930 0.4116
vn 0.9541 0.1010 0.2819
vn 0.9783 0.1246 0.1656
vn 0.9603 0.1248 0.2496
vn 0.9112 0.1481 -0.3844
vn 0.9634 0.1315 -0.2336
vn 0.9421 0.1400 -0.3048
vn 0.9374 0.1597 0.3095
vn 0.8684 0.0992 0.4858
vn 0.9606 0.1251 -0.2480
vn 0.9413 0.1401 -0.3070
vn 0.6843 -0.7016 -0.1987
vn 0.7662 -0.2684 0.5838
vn 0.8555 0.0745 -0.5124
vn 0.9401 0.0151 0.3407
vn 0.9217 0.0755 -0.3805
vn 0.9370 -0.1431 0.3187
vn 0.9360 -0.1505 0.3182
vn 0.8147 -0.1462 0.5611
vn 0.7894 -0.0409 0.6125
vn 0.7870 0.0533 0.6147
vn 0.7909 0.1993 0.5786
vn 0.8429 0.4320 0.3209
vn 0.8015 0.5650 -0.1961
vn 0.8499 0.4343 -0.2985
vn 0.8983 0.4325 -0.0777
vn 0.0000 -1.0000 0.0000
vn 0.0000 -1.0000 0.0000
vn 0.9697 0.0646 0.2356
vn 0.9267 0.1150 0.3578
vn 0.8722 0.0871 0.4813
vn 0.9472 0.0106 -0.3204
vn 0.8855 -0.1205 -0.4487
vn 0.9456 -0.0333 0.3237
vn 0.9157 -0.0538 -0.3983
vn 0.8880 0.3342 -0.3157
vn 0.9478 0.1348 -0.2889
vn 0.9456 0.1367 -0.2951
vn 0.9295 0.2410 0.2792
vn 0.9466 0.1297 -0.2952
vn 0.9516 0.1362 0.2757
vn 0.9849 0.1206 0.1244
vn 0.9758 0.2040 0.0787
vn 0.6694 -0.6729 0.3148
vn 0.6542 -0.6434 0.3975
vn 0.9800 0.1641 -0.1130
vn 0.9480 -0.0566 0.3132
vn 0.9899 -0.1062 0.0939
vn 0.9557 -0.0782 0.2837
vn 0.9061 0.2223 0.3600
vn 0.0000 -1.0000 0.0000
vn 0.0000 -1.0000 0.0000
vn 0.0000 -1.0000 0.0000
vn 0.0000 -1.0000 0.0000
vn 0.0000 -1.0000 0.0000
vn 0.5106 0.8275 0.2334
vn 0.7812 0.5296 0.3307
vn 0.9671 0.2217 0.1250
vn 0.5918 -0.8056 -0.0266
vn 0.4784 -0.5168 -0.7100
vn 0.6359 -0.3062 -0.7084
vn 0.8950 0.2348 0.3792
vn 0.8393 0.2909 -0.4594
vn 0.9674 0.0744 0.2421
vn 0.9918 -0.0095 0.1276
vn 0.9133 -0.0304 -0.4062
vn 0.9947 -0.0647 -0.0797
vn 0.9264 -0.0973 -0.3637
vn 0.8671 -0.0385 0.4967
vn 0.9123 0.2120 -0.3505
vn 0.7423 0.5818 -0.3323
vn 0.9102 0.2987 0.2870
vn 0.9072 0.1421 0.3960
vn 0.9544 0.1324 -0.2677
vn 0.9031 0.1810 0.3894
vn 0.8074 0.2926 -0.5123
vn 0.9923 -0.0639 0.1057
vn 0.8925 -0.0921 -0.4416
vn 0.0000 -1.0000 0.0000
vn 0.0000 -1.0000 0.0000
vn 0.0000 -1.0000 0.0000
vn 0.0054 0.9826 -0.1858
vn 0.0002 1.0000 -0.0004
vn 0.0021 1.0000 0.0036
vn 0.8363 0.5471 0.0353
vn 0.9165 0.1401 -0.3747
vn 0.9148 0.1412 -0.3785
vn 0.9378 0.1373 0.3190
vn 0.9908 0.1325 -0.0258
vn 0.3422 -0.9000 -0.2700
vn 0.9388 -0.0571 0.3397
vn 0.8791 0.3436 0.3304
vn 0.8075 0.1039 -0.5807
vn 0.9357 0.2076 0.2852
vn 0.8901 0.3214 -0.3233
vn 0.9311 -0.1017 -0.3502
vn 0.9919 -0.1239 0.0270
vn 0.9221 -0.1467 0.3579
vn 0.9870 -0.0936 -0.1304
vn 0.9239 0.2655 -0.2756
vn 0.9146 0.3475 0.2069
vn -0.0405 -0.0306 0.9987
vn 0.0591 0.8027 0.5934
vn -0.0213 0.9997 0.0072
vn 0.0000 1.0000 0.0000
vn 0.0000 1.0000 -0.0000
vn -0.0000 1.0000 -0.0000
vn 0.0425 0.9944 0.0964
vn 0.5768 0.7237 0.3789
vn 0.7172 0.6380 0.2803
vn 0.9300 0.2503 -0.2692
vn 0.9649 0.1407 0.2217
vn 0.9887 -0.0883 -0.1210
vn 0.9605 -0.0466 0.2745
vn 0.8761 0.3192 -0.3614
vn 0.9744 0.1627 0.1552
vn 0.9755 0.1910 -0.1092
vn 0.9618 0.2634 0.0749
vn 0.0000 -1.0000 0.0000
vn 0.0000 -1.0000 0.0000
vn 0.0000 -1.0000 0.0000
vn 0.0000 -1.0000 0.0000
vn 0.0000 -1.0000 0.0000
vn 0.0000 -1.0000 0.0000
vn 0.0000 -1.0000 0.0000
vn 0.0758 -0.9971 0.0098
vn 0.4209 0.7273 0.5421
vn 0.2283 0.9480 -0.2219
vn 0.6482 0.5950 -0.4753
vn 0.7104 0.7023 0.0462
vn 0.9896 0.1435 -0.0069
vn 0.9805 0.1339 -0.1439
vn 0.8666 -0.4455 -0.2250
vn 0.4678 -0.8288 0.3068
vn 0.4278 -0.6945 -0.5785
vn 0.8245 0.2179 -0.5222
vn 0.8381 0.2376 0.4910
vn 0.9679 0.0617 -0.2436
vn 0.9602 0.2793 -0.0003
vn 0.9524 0.2865 0.1045
vn 0.9990 0.0424 0.0165
vn 0.9949 -0.0840 0.0559
vn 0.9839 0.0266 -0.1765
vn 0.9848 0.0617 0.1622
vn 0.5323 0.7916 0.3000
vn 0.3304 0.8335 0.4429
vn 0.6040 0.7618 0.2342
vn 0.8572 0.4427 0.2631
vn 0.8089 0.4834 0.3347
vn 0.8821 0.4380 -0.1732
vn 0.9179 0.3094 -0.2484
vn 0.7021 0.6799 -0.2117
vn 0.8329 0.4897 0.2577
vn 0.9872 0.1295 -0.0926
vn 0.9646 0.1840 0.1891
vn 0.8448 -0.4508 0.2884
vn 0.9621 0.2631 0.0720
vn 0.0017 -1.0000 -0.0041
vn 0.0000 -1.0000 0.0000
vn 0.0000 -1.0000 0.0000
vn 0.0866 0.4833 -0.8711
vn -0.0000 1.0000 -0.0000
vn 0.0066 0.9999 0.0123
vn 0.5609 0.7371 -0.3768
vn 0.7961 0.5658 -0.2149
vn 0.9520 0.1992 0.2323
vn 0.9651 0.0891 0.2464
vn 0.0799 0.8493 -0.5218
vn 0.7568 0.5945 0.2716
vn 0.0035 0.7772 0.6293
vn 0.0003 1.0000 -0.0040
vn 0.2746 0.9458 -0.1735
vn -0.0002 1.0000 0.0002
vn 0.6932 0.6900 -0.2082
vn 0.0000 -1.0000 0.0000
vn 0.0000 -1.0000 0.0000
vn 0.0000 -1.0000 0.0000
vn -0.0000 -1.0000 0.0000
vn -0.0001 1.0000 -0.0002
vn 0.5934 0.7885 0.1617
vn 0.7216 0.6782 0.1392
vn 0.8487 0.4872 -0.2058
vn 0.2769 0.9490 0.1506
vn 0.8877 0.4604 -0.0047
vn 0.8689 0.4617 0.1786
vn 0.0000 -1.0000 0.0000
vn -0.0000 -1.0000 -0.0000
vn 0.0000 1.0000 0.0000
vn 0.2732 0.9555 0.1112
vn 0.2409 0.9688 -0.0575
vn 0.3396 0.9335 0.1150
vn 0.2009 0.9504 0.2373
vn 0.6499 0.7302 -0.2108
vn -0.0225 -0.7213 -0.6923
vn -0.2443 -0.9625 0.1177
vn 0.0027 -1.0000 -0.0095
vn 0.0000 -1.0000 0.0000
vn 0.0000 -1.0000 0.0000
vn 0.0019 -1.0000 0.0001
vn 0.0000 -1.0000 0.0000
vn 0.0000 -1.0000 0.0000
vn 0.0002 -1.0000 0.0003
vn 0.0000 -1.0000 0.0000
vn 0.0000 -1.0000 0.0000
vn 0.0000 -1.0000 0.0000
vn 0.0000 -1.0000 0.0000
vn 0.0000 -1.0000 0.0000
vn 0.0000 -1.0000 0.0000
vn -0.0000 -1.0000 -0.0000
vn -0.2912 -0.1442 -0.9457
vn 0.0007 1.0000 0.0069
vn 0.6483 0.7080 0.2800
vn -0.0088 -0.8407 0.5414
vn 0.1281 0.9882 0.0846
vn 0.6453 0.7432 0.1769
vn 0.5339 0.7627 0.3649
vn 0.6612 0.7279 0.1817
vn 0.6794 0.6890 0.2526
vn 0.3444 0.9351 -0.0837
vn 0.0000 -1.0000 0.0000
vn 0.0000 -1.0000 0.0000
vn 0.0000 -1.0000 0.0000
vn 0.0000 -1.0000 0.0000
vn 0.0012 -1.0000 0.0022
vn -0.0102 -0.6810 0.7322
vn 0.0099 -0.9409 0.3384
vn -0.0089 0.8780 0.4786
vn 0.0297 0.9962 -0.0819
vn 0.2627 0.9625 0.0674
vn 0.2597 0.9619 0.0855
vn 0.7555 0.6495 -0.0858
vn 0.0000 -1.0000 0.0000
vn 0.0002 1.0000 -0.0002
vn 0.0000 1.0000 0.0000
vn 0.0000 -1.0000 0.0000
vn 0.0000 1.0000 0.0000
vn -0.0086 -0.0697 0.9975
vn -0.1346 0.4596 0.8779
vn -0.0185 -0.9731 -0.2298
vn 0.0000 -1.0000 0.0000
vn 0.0149 -0.6660 -0.7458
vn 0.0005 1.0000 -0.0045
vn 0.0001 1.0000 -0.0002
vn 0.0008 0.9999 0.0159
vn 0.0001 1.0000 -0.0000
vn 0.0000 1.0000 0.0000
vn 0.0081 1.0000 0.0005
vn 0.0000 1.0000 0.0000
vn 0.3323 0.9389 0.0903
vn -0.0026 -1.0000 -0.0032
vn 0.0000 -1.0000 0.0000
vn 0.0000 -1.0000 0.0000
vn 0.0000 -1.0000 0.0000
vn 0.0002 -1.0000 -0.0003
vn 0.0793 -0.9965 -0.0264
vn -0.0001 -1.0000 0.0001
vn -0.0366 -0.9981 0.0498
vn -0.0000 -1.0000 -0.0000
vn 0.2637 0.0241 -0.9643
vn 0.4148 0.9089 -0.0428
vn 0.0000 1.0000 0.0000
vn 0.3282 0.9383 -0.1088
vn 0.3465 0.9374 0.0346
vn 0.0041 -1.0000 0.0004
vn 0.0000 -1.0000 0.0000
vn -0.0172 -0.0735 -0.9971
vn 0.0100 0.7711 -0.6366
vn 0.0000 1.0000 0.0000
vn 0.0000 1.0000 0.0000
vn 0.0000 1.0000 0.0000
vn 0.0043 1.0000 0.0021
vn -0.0148 0.9997 -0.0215
vn 0.0620 0.9980 -0.0099
vn 0.0024 1.0000 0.0018
vn 0.0000 1.0000 0.0000
vn -0.0079 0.9999 0.0125
vn 0.0023 -1.0000 0.0014
vn 0.0007 -1.0000 0.0028
vn 0.0024 -1.0000 0.0025
vn 0.0003 -1.0000 0.0008
vn 0.0000 -1.0000 0.0000
vn 0.0000 -1.0000 0.0000
vn 0.0152 -0.9999 -0.0003
vn 0.0000 -1.0000 0.0000
vn 0.0002 -1.0000 0.0004
vn 0.0034 -1.0000 -0.0009
vn 0.0145 0.9279 -0.3724
vn 0.0799 0.9939 -0.0766
vn 0.0000 1.0000 -0.0000
vn 0.0002 1.0000 0.0003
vn 0.0219 0.9997 -0.0086
vn 0.0868 0.9914 -0.0976
vn 0.0000 1.0000 0.0000
vn 0.0123 -0.9999 -0.0008
vn 0.0005 -1.0000 0.0005
vn 0.0038 -1.0000 -0.0003
vn 0.0103 0.9999 0.0043
vn 0.2554 -0.9323 0.2560
vn 0.0027 0.9998 0.0207
vn 0.0000 1.0000 0.0001
vn -0.0059 0.8590 0.5120
vn 0.0000 1.0000 0.0000
vn -0.0162 0.9997 0.0173
vn 0.0381 -0.8297 -0.5568
vn 0.0115 -0.9999 0.0029
vn 0.0081 -1.0000 -0.0001
vn 0.0003 -1.0000 0.0004
vn 0.0090 -1.0000 -0.0009
vn 0.0011 -1.0000 0.0008
vn 0.0012 -1.0000 0.0014
vn 0.0070 -1.0000 -0.0000
vn 0.0018 -1.0000 0.0019
vn -0.3014 0.0954 -0.9487
vn 0.0296 0.9996 -0.0011
vn 0.0059 0.9996 0.0268
vn 0.0066 1.0000 -0.0004
vn -0.0000 1.0000 0.0000
vn 0.0224 0.9997 -0.0071
vn -0.0000 1.0000 -0.0000
vn 0.0366 0.9990 -0.0268
vn 0.0070 -1.0000 0.0020
vn 0.0044 -1.0000 0.0010
vn -0.0197 -0.9994 0.0278
vn 0.0342 -0.6905 0.7225
vn -0.0401 -0.7222 -0.6906
vn 0.0086 -0.0255 0.9996
vn -0.0307 0.2370 0.9710
vn 0.0231 0.9997 -0.0051
vn 0.0000 1.0000 -0.0000
vn 0.0020 0.9994 -0.0352
vn 0.3341 0.9367 0.1048
vn 0.0078 1.0000 0.0034
vn 0.0113 0.9999 -0.0001
vn 0.0166 0.9998 0.0086
vn -0.0245 -0.9990 0.0361
vn 0.0185 -0.9998 0.0020
vn 0.0109 -0.9999 -0.0049
vn 0.6974 -0.7165 0.0126
vn -0.0662 0.0246 -0.9975
vn 0.0303 0.9995 -0.0005
vn -0.3294 0.9240 -0.1940
vn 0.0036 0.1218 0.9926
vn 0.0066 0.7845 -0.6201
vn 0.6719 0.7391 0.0476
vn 0.0077 0.9999 -0.0072
vn 0.0469 0.9989 0.0018
vn -0.0295 -0.9995 0.0111
vn 0.6775 -0.7343 -0.0427
vn 0.0055 -0.9998 0.0195
vn -0.0068 -0.9995 0.0299
vn 0.6285 -0.7759 0.0552
vn 0.0366 -0.9993 -0.0050
vn 0.0046 -1.0000 0.0003
vn -0.0000 -1.0000 0.0048
vn 0.0151 -0.9999 -0.0054
vn 0.0090 -0.9999 -0.0085
vn 0.0208 -0.9998 -0.0012
vn 0.0092 -1.0000 0.0017
vn 0.0225 -0.9997 -0.0081
vn 0.6558 -0.7500 -0.0858
vn 0.4924 -0.8704 0.0054
vn -0.0010 -1.0000 0.0088
vn 0.0301 -0.9994 -0.0142
vn 0.0091 -0.9999 -0.0105
vn 0.0000 1.0000 0.0000
vn 0.0556 0.9983 0.0163
vn 0.0555 0.9984 -0.0053
vn 0.4675 -0.8823 0.0541
vn 0.0359 -0.9991 -0.0218
vn 0.6708 -0.7379 0.0746
vn -0.0620 0.9683 -0.2419
vn 0.0030 0.7504 0.6610
vn 0.4708 0.6383 -0.6091
vn 0.0756 0.9969 0.0224
vn 0.3584 0.9333 0.0226
vn 0.0275 0.9996 -0.0066
vn -0.0858 -0.9832 -0.1612
vn 0.4551 -0.8904 -0.0095
vn 0.0386 0.9990 0.0225
vn 0.1582 0.9869 -0.0328
vn 0.0712 -0.4518 0.8893
vn 0.0504 -0.0475 0.9976
vn -0.0353 0.3538 0.9346
vn 0.3882 0.3480 0.8534
vn -0.0140 0.6600 0.7512
vn -0.0224 0.8407 0.5410
vn 0.0042 1.0000 -0.0022
vn 0.0190 0.9998 0.0093
vn 0.0303 0.9994 -0.0163
vn -0.0042 0.9921 -0.1255
vn 0.0874 0.9959 -0.0249
vn 0.0156 0.9971 0.0746
vn 0.1652 0.9861 0.0198
vn 0.0902 0.9951 0.0392
vn 0.1341 0.9910 0.0022
vn -0.3014 -0.8863 0.3516
vn 0.7123 -0.7004 -0.0464
vn 0.0472 -0.9987 -0.0164
vn 0.6175 -0.7819 -0.0859
vn 0.6122 -0.7900 -0.0318
vn 0.4824 -0.8759 -0.0015
vn 0.4537 -0.0055 -0.8911
vn 0.0865 0.9961 -0.0157
vn 0.0815 0.9965 0.0200
vn 0.6359 0.7695 -0.0589
vn 0.0000 0.9881 0.1539
vn 0.6302 0.7119 0.3099
vn 0.7124 -0.7004 0.0442
vn 0.0430 -0.0114 0.9990
vn -0.0479 0.9903 0.1302
vn 0.0898 0.9956 0.0264
vn 0.1445 0.9894 -0.0123
vn 0.6153 -0.7770 -0.1328
vn 0.0394 0.9991 -0.0157
vn 0.5045 -0.8631 0.0206
vn 0.4812 -0.8186 0.3136
vn 0.6406 0.7578 0.1244
vn 0.1942 0.9775 0.0822
vn 0.2904 0.9567 0.0188
vn 0.4007 0.9160 -0.0178
vn 0.4031 -0.9152 0.0039
vn 0.6554 -0.7516 -0.0742
vn 0.2959 0.0167 0.9551
vn 0.7045 0.7078 0.0525
vn 0.3066 0.9518 0.0104
vn 0.5162 -0.5780 -0.6320
vn 0.8910 -0.4531 -0.0282
vn 0.5735 -0.8185 -0.0333
vn 0.9296 -0.3659 -0.0430
vn 0.9508 -0.3094 0.0147
vn 0.4100 -0.9119 0.0191
vn 0.6749 -0.7379 0.0028
vn 0.7311 -0.6822 0.0103
vn 0.9391 -0.3435 0.0064
vn 0.6927 -0.7213 0.0011
vn 0.9473 -0.3172 -0.0453
vn 0.9307 -0.3659 0.0007
vn 0.4925 -0.8703 0.0021
vn 0.9506 -0.3081 0.0370
vn 0.9594 -0.2312 -0.1615
vn 0.6767 -0.7362 -0.0144
vn 0.4859 -0.8740 0.0058
vn 0.9551 -0.2959 0.0121
vn 0.4588 -0.8885 0.0053
vn 0.9690 -0.2471 -0.0072
vn 0.5049 -0.8631 0.0134
vn 0.9743 -0.2248 0.0163
vn 0.7129 -0.7012 -0.0103
vn 0.9738 -0.2221 -0.0484
vn 0.9099 -0.4149 0.0029
vn 0.9946 0.0348 -0.0978
vn 0.9479 -0.2272 -0.2233
vn 0.9648 -0.2627 -0.0100
vn 0.5143 -0.8575 -0.0095
vn 0.7036 -0.7103 -0.0213
vn 0.9877 0.1434 -0.0624
vn 0.9373 -0.3486 -0.0026
vn 0.9372 -0.2120 -0.2769
vn 0.7320 0.6722 -0.1113
vn 0.9790 -0.2034 0.0163
vn 0.9797 -0.0476 -0.1947
vn 0.8171 0.5760 0.0247
vn 0.8724 -0.4888 0.0100
vn 0.9684 -0.2494 -0.0016
vn 0.9614 -0.1924 0.1965
vn 0.6249 -0.7750 0.0940
vn 0.9923 -0.0192 -0.1221
vn 0.9553 0.2880 -0.0673
vn 0.9125 -0.4090 0.0115
vn 0.6503 -0.7541 0.0919
vn 0.7204 -0.2163 0.6590
vn 0.7434 0.6638 0.0820
vn 0.7031 0.7108 0.0202
vn 0.9958 0.0755 -0.0520
vn 0.9590 -0.2758 0.0658
vn 0.9233 -0.2298 -0.3078
vn 0.9945 -0.0948 -0.0439
vn 0.8335 -0.0430 -0.5508
vn 0.9944 -0.0765 0.0725
vn 0.9959 0.0815 0.0381
vn 0.9989 0.0471 0.0030
vn 0.9549 -0.2968 -0.0112
vn 0.8818 0.4583 0.1115
vn 0.9936 0.1129 0.0012
vn 0.9800 0.1364 -0.1452
vn 1.0000 -0.0022 -0.0027
vn 0.9660 -0.2400 -0.0960
vn 0.7891 0.6116 -0.0570
vn 0.8894 0.1301 0.4382
vn 0.9543 0.2988 0.0053
vn 0.9952 0.0637 0.0747
vn 0.9432 0.3322 -0.0027
vn 0.7549 0.6489 -0.0949
vn 0.9593 -0.2606 0.1088
vn 0.9280 0.3724 0.0130
vn 0.9436 0.3140 -0.1047
vn 0.7291 0.6845 0.0014
vn 0.9843 0.0543 -0.1678
vn 0.7587 0.6514 0.0090
vn 0.7593 0.6467 0.0726
vn 0.9121 0.2130 0.3504
vn 0.9457 0.2907 -0.1454
vn 0.9588 0.2832 -0.0203
vn 0.9521 0.0075 -0.3056
vn 0.8795 0.4747 -0.0320
vn 0.9650 0.2424 0.0999
vn 0.8292 0.5589 -0.0002
vn -0.0899 0.9370 0.3376
vn 0.9840 0.1760 0.0270
vn 0.8071 0.5903 0.0121
vn 0.5767 0.8160 -0.0401
vn 0.7598 0.6351 0.1393
vn 0.6531 0.7566 -0.0321
vn 0.9351 0.3528 -0.0339
vn 0.4702 0.8798 0.0695
vn 0.9360 0.3521 0.0074
vn 0.8825 0.4696 0.0251
vn 0.7071 0.7042 -0.0645
vn 0.7464 0.6612 -0.0750
vn 0.7549 0.6551 0.0314
vn 0.9655 0.2463 -0.0851
vn 0.9654 0.2350 -0.1133
vn 0.9890 0.1351 -0.0595
vn 0.4723 0.8798 0.0530
vn 0.2494 0.9684 0.0027
vn 0.7494 0.6618 0.0234
vn 0.8621 0.5045 0.0477
vn 0.5980 0.7974 -0.0806
f 5808//5808 5560//5560 5629//5629
f 5743//5743 5725//5725 5642//5642
f 5743//5743 5642//5642 5729//5729
f 5761//5761 5585//5585 5799//5799
f 596//596 579//579 626//626
f 613//613 606//606 612//612
f 5509//5509 5763//5763 5657//5657
f 5656//5656 5568//5568 5730//5730
f 5719//5719 5749//5749 5779//5779
f 5750//5750 5763//5763 5509//5509
f 5748//5748 5763//5763 5750//5750
f 5750//5750 5727//5727 5748//5748
f 5797//5797 5736//5736 5798//5798
f 5798//5798 5774//5774 5960//5960
f 5799//5799 5746//5746 5761//5761
f 5694//5694 5813//5813 5738//5738
f 5872//5872 5785//5785 5666//5666
f 5769//5769 5629//5629 5693//5693
f 5632//5632 5837//5837 5696//5696
f 5936//5936 5739//5739 5893//5893
f 5837//5837 5632//5632 5697//5697
f 5629//5629 6013//6013 5808//5808
f 5742//5742 5743//5743 5729//5729
f 5882//5882 5744//5744 5725//5725
f 5747//5747 5761//5761 5746//5746
f 5687//5687 5760//5760 5759//5759
f 5760//5760 5687//5687 5825//5825
f 5726//5726 5862//5862 5799//5799
f 5760//5760 5649//5649 5759//5759
f 5799//5799 5745//5745 5726//5726
f 5688//5688 5776//5776 5731//5731
f 5775//5775 5586//5586 5568//5568
f 5656//5656 5775//5775 5568//5568
f 5584//5584 5825//5825 5687//5687
f 5825//5825 5584//5584 5653//5653
f 5735//5735 5757//5757 5717//5717
f 5717//5717 5757//5757 5724//5724
f 5796//5796 5757//5757 5735//5735
f 5796//5796 5772//5772 5757//5757
f 5882//5882 5725//5725 5743//5743
f 5724//5724 5757//5757 5880//5880
f 5742//5742 5729//5729 5879//5879
f 5862//5862 5718//5718 5959//5959
f 5758//5758 5744//5744 5882//5882
f 5736//5736 5883//5883 5645//5645
f 5758//5758 5773//5773 5744//5744
f 5758//5758 5882//5882 5773//5773
f 5645//5645 5796//5796 5644//5644
f 5554//5554 5660//5660 5622//5622
f 5622//5622 5831//5831 5805//5805
f 5629//5629 5809//5809 6013//6013
f 5560//5560 5869//5869 5664//5664
f 5777//5777 5731//5731 5888//5888
f 5764//5764 5763//5763 5748//5748
f 5656//5656 5657//5657 5800//5800
f 5763//5763 5762//5762 5657//5657
f 5719//5719 5779//5779 5623//5623
f 5748//5748 5727//5727 5778//5778
f 5753//5753 5732//5732 5940//5940
f 5771//5771 5940//5940 5732//5732
f 5699//5699 5937//5937 5875//5875
f 5938//5938 5710//5710 5875//5875
f 5752//5752 5740//5740 5709//5709
f 5752//5752 5896//5896 5740//5740
f 5637//5637 5789//5789 5741//5741
f 5499//5499 5741//5741 5728//5728
f 5909//5909 5876//5876 5715//5715
f 6006//6006 6005//6005 5605//5605
f 5680//5680 6005//6005 5877//5877
f 5787//5787 5679//5679 5788//5788
f 5793//5793 5879//5879 5729//5729
f 5729//5729 5723//5723 5793//5793
f 5734//5734 5794//5794 5733//5733
f 5794//5794 5734//5734 5703//5703
f 5878//5878 5790//5790 5818//5818
f 608//608 600//600 643//643
f 5608//5608 5736//5736 5319//5319
f 5512//5512 5422//5422 5622//5622
f 5727//5727 5550//5550 5765//5765
f 606//606 624//624 597//597
f 606//606 626//626 624//624
f 603//603 624//624 576//576
f 5680//5680 5819//5819 5604//5604
f 5682//5682 5637//5637 5741//5741
f 5526//5526 5741//5741 5578//5578
f 5578//5578 5741//5741 5499//5499
f 5790//5790 5681//5681 5818//5818
f 5788//5788 5499//5499 5728//5728
f 5718//5718 5862//5862 5686//5686
f 5694//5694 5693//5693 5514//5514
f 5720//5720 5556//5556 5782//5782
f 5634//5634 5711//5711 5633//5633
f 5732//5732 5753//5753 5597//5597
f 5732//5732 5710//5710 5939//5939
f 5616//5616 5711//5711 5709//5709
f 5632//5632 5696//5696 5572//5572
f 5694//5694 5630//5630 5813//5813
f 5696//5696 5695//5695 5631//5631
f 5695//5695 5813//5813 5630//5630
f 5770//5770 5708//5708 5473//5473
f 5739//5739 5589//5589 5893//5893
f 5572//5572 5697//5697 5632//5632
f 5893//5893 5589//5589 5707//5707
f 5936//5936 5698//5698 5739//5739
f 5739//5739 5698//5698 5589//5589
f 5473//5473 5596//5596 5770//5770
f 5269//5269 5754//5754 5755//5755
f 5701//5701 5715//5715 5523//5523
f 5745//5745 5650//5650 5726//5726
f 5774//5774 5648//5648 5649//5649
f 5648//5648 5774//5774 5798//5798
f 5726//5726 5583//5583 5862//5862
f 5773//5773 5581//5581 5744//5744
f 5773//5773 5685//5685 5581//5581
f 5541//5541 5798//5798 5647//5647
f 5608//5608 5798//5798 5736//5736
f 5761//5761 5704//5704 5655//5655
f 5799//5799 5652//5652 5650//5650
f 5650//5650 5745//5745 5799//5799
f 5799//5799 5585//5585 5600//5600
f 5565//5565 5638//5638 5716//5716
f 5703//5703 5734//5734 5724//5724
f 5723//5723 5729//5729 5716//5716
f 5790//5790 5484//5484 5681//5681
f 5790//5790 5702//5702 5484//5484
f 5638//5638 5590//5590 5702//5702
f 5639//5639 5733//5733 5792//5792
f 5592//5592 5684//5684 5744//5744
f 5744//5744 5684//5684 5725//5725
f 5683//5683 5717//5717 5532//5532
f 5717//5717 5724//5724 5501//5501
f 5641//5641 5729//5729 5642//5642
f 5641//5641 5607//5607 5729//5729
f 5683//5683 5735//5735 5717//5717
f 5660//5660 5570//5570 5481//5481
f 5721//5721 5660//5660 5558//5558
f 5623//5623 5624//5624 5705//5705
f 5720//5720 5751//5751 5689//5689
f 5691//5691 5690//5690 5706//5706
f 5547//5547 5656//5656 5730//5730
f 5780//5780 5621//5621 5622//5622
f 5731//5731 5777//5777 5749//5749
f 5659//5659 5750//5750 5509//5509
f 5659//5659 5727//5727 5750//5750
f 598//598 630//630 520//520
f 564//564 630//630 666//666
f 520//520 630//630 564//564
f 697//697 630//630 598//598
f 640//640 613//613 663//663
f 5816//5816 5713//5713 5476//5476
f 671//671 600//600 565//565
f 495//495 725//725 670//670
f 5599//5599 5580//5580 5733//5733
f 5734//5734 5733//5733 5580//5580
f 5501//5501 5724//5724 5580//5580
f 5580//5580 5724//5724 5734//5734
f 5565//5565 5590//5590 5638//5638
f 5536//5536 5735//5735 5534//5534
f 5725//5725 5684//5684 5643//5643
f 5642//5642 5725//5725 5643//5643
f 5539//5539 5796//5796 5536//5536
f 5683//5683 5534//5534 5735//5735
f 5641//5641 5642//5642 5643//5643
f 5502//5502 5531//5531 5729//5729
f 5717//5717 5501//5501 5532//5532
f 5729//5729 5607//5607 5502//5502
f 5606//5606 5637//5637 5682//5682
f 5526//5526 5682//5682 5741//5741
f 5484//5484 5702//5702 5590//5590
f 5499//5499 5788//5788 5409//5409
f 5604//5604 6005//6005 5680//5680
f 5601//5601 5623//5623 5569//5569
f 5623//5623 5601//5601 5510//5510
f 5610//5610 5749//5749 5612//5612
f 5661//5661 5782//5782 5556//5556
f 5650//5650 5600//5600 5506//5506
f 5688//5688 5610//5610 5620//5620
f 5654//5654 5543//5543 5586//5586
f 5473//5473 5708//5708 5697//5697
f 5404//5404 5732//5732 5597//5597
f 5816//5816 5374//5374 5753//5753
f 5710//5710 5404//5404 5495//5495
f 5614//5614 5692//5692 5628//5628
f 5689//5689 5767//5767 5807//5807
f 5613//5613 5721//5721 5513//5513
f 5513//5513 5721//5721 5558//5558
f 5695//5695 5429//5429 5631//5631
f 5429//5429 5572//5572 5696//5696
f 5737//5737 5811//5811 5471//5471
f 596//596 627//627 637//637
f 606//606 613//613 688//688
f 658//658 638//638 659//659
f 605//605 636//636 686//686
f 627//627 596//596 626//626
f 596//596 661//661 604//604
f 5633//5633 5711//5711 5574//5574
f 5711//5711 5616//5616 5574//5574
f 5669//5669 5634//5634 5617//5617
f 5574//5574 5634//5634 5633//5633
f 5374//5374 5597//5597 5753//5753
f 5616//5616 5709//5709 5740//5740
f 5436//5436 5699//5699 5875//5875
f 5404//5404 5710//5710 5732//5732
f 628//628 663//663 612//612
f 662//662 729//729 596//596
f 596//596 729//729 661//661
f 629//629 688//688 613//613
f 605//605 639//639 628//628
f 5712//5712 5617//5617 5442//5442
f 5476//5476 5712//5712 5442//5442
f 5713//5713 5712//5712 5476//5476
f 640//640 629//629 613//613
f 5712//5712 5669//5669 5617//5617
f 639//639 663//663 628//628
f 612//612 663//663 613//613
f 5410//5410 5819//5819 5818//5818
f 5818//5818 5681//5681 5484//5484
f 5679//5679 5636//5636 5788//5788
f 5722//5722 6005//6005 5604//5604
f 5787//5787 5715//5715 5679//5679
f 5715//5715 5619//5619 5679//5679
f 6005//6005 5722//5722 5605//5605
f 5715//5715 5701//5701 5619//5619
f 5525//5525 6674//6674 5700//5700
f 5700//5700 5605//5605 5525//5525
f 5716//5716 5640//5640 5565//5565
f 5639//5639 5599//5599 5733//5733
f 5729//5729 5531//5531 5716//5716
f 5716//5716 5531//5531 5640//5640
f 5599//5599 5639//5639 5792//5792
f 5606//5606 5792//5792 5637//5637
f 5599//5599 5792//5792 5606//5606
f 5618//5618 5754//5754 5269//5269
f 5375//5375 5670//5670 5618//5618
f 5671//5671 5672//5672 5376//5376
f 5271//5271 5671//5671 5376//5376
f 5483//5483 5842//5842 5332//5332
f 5842//5842 5670//5670 5375//5375
f 5311//5311 5677//5677 5521//5521
f 5443//5443 5677//5677 5311//5311
f 5676//5676 5443//5443 5598//5598
f 5677//5677 5635//5635 5521//5521
f 5576//5576 5674//5674 5519//5519
f 5518//5518 5673//5673 5714//5714
f 5714//5714 5576//5576 5377//5377
f 5277//5277 5756//5756 5381//5381
f 5756//5756 5786//5786 5381//5381
f 5674//5674 5675//5675 5519//5519
f 5675//5675 5277//5277 5520//5520
f 5519//5519 5675//5675 5520//5520
f 5657//5657 5656//5656 5611//5611
f 5611//5611 5656//5656 5547//5547
f 5657//5657 5611//5611 5509//5509
f 5731//5731 5610//5610 5688//5688
f 5688//5688 5620//5620 5609//5609
f 5551//5551 5621//5621 5765//5765
f 5490//5490 5623//5623 5705//5705
f 5510//5510 5719//5719 5623//5623
f 5621//5621 5512//5512 5622//5622
f 5623//5623 5602//5602 5569//5569
f 5731//5731 5749//5749 5610//5610
f 5749//5749 5594//5594 5612//5612
f 5658//5658 5749//5749 5719//5719
f 5594//5594 5749//5749 5658//5658
f 5646//5646 5581//5581 5685//5685
f 5798//5798 5608//5608 5647//5647
f 5718//5718 5686//5686 5685//5685
f 5648//5648 5798//5798 5541//5541
f 5686//5686 5646//5646 5685//5685
f 5539//5539 5644//5644 5796//5796
f 5592//5592 5643//5643 5684//5684
f 5735//5735 5536//5536 5796//5796
f 5581//5581 5592//5592 5744//5744
f 5319//5319 5645//5645 5644//5644
f 5319//5319 5644//5644 5539//5539
f 5319//5319 5736//5736 5645//5645
f 5799//5799 5600//5600 5652//5652
f 5282//5282 5687//5687 5651//5651
f 5350//5350 5543//5543 5654//5654
f 5585//5585 5761//5761 5655//5655
f 5655//5655 5704//5704 5585//5585
f 5350//5350 5653//5653 5584//5584
f 5654//5654 5653//5653 5350//5350
f 5649//5649 5648//5648 5593//5593
f 5686//5686 5862//5862 5583//5583
f 5652//5652 5600//5600 5650//5650
f 5649//5649 5593//5593 5759//5759
f 5651//5651 5759//5759 5593//5593
f 5650//5650 5583//5583 5726//5726
f 5490//5490 5602//5602 5623//5623
f 5651//5651 5687//5687 5759//5759
f 5666//5666 5785//5785 5667//5667
f 5429//5429 5695//5695 5630//5630
f 5696//5696 5631//5631 5429//5429
f 5693//5693 5629//5629 5482//5482
f 5665//5665 5666//5666 5471//5471
f 5694//5694 5514//5514 5630//5630
f 5665//5665 5471//5471 5811//5811
f 5811//5811 5666//5666 5665//5665
f 5936//5936 5668//5668 5698//5698
f 5668//5668 5435//5435 5698//5698
f 5603//5603 5770//5770 5596//5596
f 5474//5474 5517//5517 5740//5740
f 5770//5770 5474//5474 5740//5740
f 5474//5474 5770//5770 5603//5603
f 5436//5436 5668//5668 5699//5699
f 5707//5707 5589//5589 5785//5785
f 5785//5785 5589//5589 5615//5615
f 5667//5667 5785//5785 5615//5615
f 5481//5481 5558//5558 5660//5660
f 5556//5556 5720//5720 5689//5689
f 5781//5781 5782//5782 5661//5661
f 5622//5622 5625//5625 5554//5554
f 5490//5490 5705//5705 5624//5624
f 5422//5422 5625//5625 5622//5622
f 5781//5781 5626//5626 5553//5553
f 5614//5614 5628//5628 5691//5691
f 5629//5629 5560//5560 5561//5561
f 5614//5614 5737//5737 5692//5692
f 5689//5689 5751//5751 5767//5767
f 5663//5663 5662//5662 5627//5627
f 5664//5664 5662//5662 5663//5663
f 5691//5691 5454//5454 5690//5690
f 5706//5706 5690//5690 5689//5689
f 5613//5613 5662//5662 5721//5721
f 5664//5664 5627//5627 5560//5560
f 5807//5807 5706//5706 5689//5689
f 5627//5627 5662//5662 5613//5613
f 5664//5664 5663//5663 5627//5627
f 6008//6008 5992//5992 6043//6043
f 6202//6202 6023//6023 5872//5872
f 5921//5921 6027//6027 5989//5989
f 5989//5989 6027//6027 6008//6008
f 6027//6027 5990//5990 6008//6008
f 5990//5990 5992//5992 6008//6008
f 6019//6019 5952//5952 5881//5881
f 6021//6021 5966//5966 6102//6102
f 6021//6021 5925//5925 5966//5966
f 5952//5952 6019//6019 6018//6018
f 549//549 452//452 600//600
f 452//452 549//549 456//456
f 6409//6409 5946//5946 6095//6095
f 6221//6221 6016//6016 6006//6006
f 6179//6179 6221//6221 6006//6006
f 6034//6034 6272//6272 5902//5902
f 6409//6409 6094//6094 5946//5946
f 6092//6092 6093//6093 5857//5857
f 5908//5908 6036//6036 5859//5859
f 5998//5998 6068//6068 5972//5972
f 5974//5974 6013//6013 6119//6119
f 6000//6000 6050//6050 6001//6001
f 6063//6063 6047//6047 6195//6195
f 6011//6011 6010//6010 6162//6162
f 5939//5939 6033//6033 6070//6070
f 5978//5978 6356//6356 5934//5934
f 6050//6050 6022//6022 5810//5810
f 6031//6031 6051//6051 6124//6124
f 5708//5708 6126//6126 5979//5979
f 6125//6125 6123//6123 5814//5814
f 6264//6264 5814//5814 6123//6123
f 6140//6140 6025//6025 6042//6042
f 5920//5920 6025//6025 6056//6056
f 5987//5987 6007//6007 6024//6024
f 5920//5920 6056//6056 6057//6057
f 6077//6077 6057//6057 6141//6141
f 6141//6141 6057//6057 6056//6056
f 6028//6028 5926//5926 5965//5965
f 6021//6021 6102//6102 6043//6043
f 6103//6103 6102//6102 5994//5994
f 6106//6106 6062//6062 6029//6029
f 6081//6081 5968//5968 6047//6047
f 6106//6106 5926//5926 6061//6061
f 6044//6044 6043//6043 6102//6102
f 6100//6100 6045//6045 6009//6009
f 6021//6021 6043//6043 5992//5992
f 6079//6079 6046//6046 6028//6028
f 6059//6059 6079//6079 6028//6028
f 6059//6059 6028//6028 6045//6045
f 6028//6028 6061//6061 5926//5926
f 6104//6104 6028//6028 6080//6080
f 6079//6079 6109//6109 6046//6046
f 6060//6060 5994//5994 6081//6081
f 6081//6081 5994//5994 5968//5968
f 6104//6104 6061//6061 6028//6028
f 6026//6026 6142//6142 5957//5957
f 6142//6142 6026//6026 6020//6020
f 6100//6100 6009//6009 5991//5991
f 6058//6058 6044//6044 6102//6102
f 6145//6145 6008//6008 6044//6044
f 6043//6043 6044//6044 6008//6008
f 5991//5991 6078//6078 6100//6100
f 6116//6116 6067//6067 5996//5996
f 6083//6083 6049//6049 6048//6048
f 6012//6012 6066//6066 6030//6030
f 5972//5972 6068//6068 6255//6255
f 6068//6068 5998//5998 6117//6117
f 6047//6047 6107//6107 6081//6081
f 5829//5829 6111//6111 6064//6064
f 6035//6035 5983//5983 5907//5907
f 6074//6074 6138//6138 5953//5953
f 5881//5881 6024//6024 6019//6019
f 6055//6055 6019//6019 6024//6024
f 6053//6053 6074//6074 5820//5820
f 6278//6278 6041//6041 6019//6019
f 6075//6075 6007//6007 6392//6392
f 6007//6007 5957//5957 6236//6236
f 6056//6056 6025//6025 6140//6140
f 6075//6075 6024//6024 6007//6007
f 6016//6016 6221//6221 6095//6095
f 6053//6053 5986//5986 6134//6134
f 6278//6278 6040//6040 5951//5951
f 5951//5951 6040//6040 6039//6039
f 6134//6134 5986//5986 6324//6324
f 6039//6039 6040//6040 6181//6181
f 645//645 569//569 523//523
f 614//614 588//588 608//608
f 588//588 587//587 608//608
f 569//569 615//615 589//589
f 568//568 615//615 567//567
f 5762//5762 5928//5928 5828//5828
f 5910//5910 5788//5788 5728//5728
f 6005//6005 6006//6006 5877//5877
f 5945//5945 6217//6217 5909//5909
f 6217//6217 5876//5876 5909//5909
f 495//495 548//548 493//493
f 608//608 587//587 586//586
f 495//495 551//551 567//567
f 586//586 566//566 549//549
f 586//586 549//549 600//600
f 586//586 600//600 608//608
f 6004//6004 5842//5842 5483//5483
f 450//450 547//547 548//548
f 565//565 669//669 642//642
f 631//631 669//669 565//565
f 631//631 565//565 641//641
f 5733//5733 5916//5916 5792//5792
f 5941//5941 5634//5634 5669//5669
f 5712//5712 5713//5713 5942//5942
f 624//624 626//626 576//576
f 683//683 532//532 559//559
f 517//517 574//574 656//656
f 5638//5638 5948//5948 5716//5716
f 5716//5716 5793//5793 5723//5723
f 5794//5794 5916//5916 5733//5733
f 6038//6038 5878//5878 5818//5818
f 5819//5819 6038//6038 5818//5818
f 5791//5791 5912//5912 5637//5637
f 5789//5789 5637//5637 5912//5912
f 5724//5724 5880//5880 5703//5703
f 5918//5918 5742//5742 5879//5879
f 5757//5757 5860//5860 5880//5880
f 5917//5917 5794//5794 5703//5703
f 5820//5820 5879//5879 5793//5793
f 5700//5700 6006//6006 5605//5605
f 5680//5680 5911//5911 5819//5819
f 5741//5741 5910//5910 5728//5728
f 5384//5384 5817//5817 5522//5522
f 5909//5909 5715//5715 5787//5787
f 5876//5876 5944//5944 5715//5715
f 5624//5624 5623//5623 5866//5866
f 5622//5622 5804//5804 5780//5780
f 6030//6030 5765//5765 5621//5621
f 5660//5660 5833//5833 5783//5783
f 5721//5721 5766//5766 5660//5660
f 5781//5781 5553//5553 6067//6067
f 5622//5622 5805//5805 5804//5804
f 5553//5553 5624//5624 5867//5867
f 5783//5783 5868//5868 5660//5660
f 5800//5800 5775//5775 5656//5656
f 5657//5657 5827//5827 5800//5800
f 5828//5828 5657//5657 5762//5762
f 5586//5586 5800//5800 5654//5654
f 5653//5653 5654//5654 5800//5800
f 5776//5776 5688//5688 5609//5609
f 5775//5775 5800//5800 5586//5586
f 5928//5928 5763//5763 5802//5802
f 5802//5802 5763//5763 5764//5764
f 5928//5928 5762//5762 5763//5763
f 5696//5696 5837//5837 5814//5814
f 5696//5696 5873//5873 5695//5695
f 5785//5785 5872//5872 5892//5892
f 5874//5874 5785//5785 6023//6023
f 5696//5696 5814//5814 5873//5873
f 5874//5874 5707//5707 5785//5785
f 5634//5634 5899//5899 5711//5711
f 5740//5740 5895//5895 5770//5770
f 5740//5740 5896//5896 5838//5838
f 5784//5784 5737//5737 5614//5614
f 5693//5693 5891//5891 5769//5769
f 5812//5812 5666//5666 5811//5811
f 5935//5935 5666//5666 5812//5812
f 5811//5811 5737//5737 5835//5835
f 5835//5835 5812//5812 5811//5811
f 5694//5694 5738//5738 5870//5870
f 5835//5835 5976//5976 5812//5812
f 5939//5939 5839//5839 5732//5732
f 5815//5815 5897//5897 5752//5752
f 5699//5699 5668//5668 5937//5937
f 5740//5740 5838//5838 5895//5895
f 5980//5980 5668//5668 5936//5936
f 5713//5713 5816//5816 5942//5942
f 5753//5753 5940//5940 5816//5816
f 5933//5933 5812//5812 5976//5976
f 5812//5812 5933//5933 5871//5871
f 5891//5891 5809//5809 5769//5769
f 5737//5737 5834//5834 5835//5835
f 5694//5694 5891//5891 5693//5693
f 5694//5694 5870//5870 5891//5891
f 5770//5770 5894//5894 5708//5708
f 5708//5708 5837//5837 5697//5697
f 5872//5872 6023//6023 5892//5892
f 5872//5872 5666//5666 5935//5935
f 5695//5695 5934//5934 5813//5813
f 5695//5695 5873//5873 5836//5836
f 6023//6023 5785//5785 5892//5892
f 5841//5841 6004//6004 5483//5483
f 5840//5840 5841//5841 5483//5483
f 5678//5678 5840//5840 5483//5483
f 5847//5847 5848//5848 5755//5755
f 5754//5754 5847//5847 5755//5755
f 5842//5842 5844//5844 5670//5670
f 5846//5846 5754//5754 5618//5618
f 5845//5845 5618//5618 5670//5670
f 6015//6015 5756//5756 5277//5277
f 5858//5858 6015//6015 5277//5277
f 5675//5675 5858//5858 5277//5277
f 5676//5676 5859//5859 5443//5443
f 5443//5443 5635//5635 5677//5677
f 5786//5786 5908//5908 5676//5676
f 5518//5518 5903//5903 5852//5852
f 5851//5851 5903//5903 5518//5518
f 5672//5672 5851//5851 5518//5518
f 5850//5850 5851//5851 5672//5672
f 5671//5671 5850//5850 5672//5672
f 5902//5902 5271//5271 5755//5755
f 5849//5849 5902//5902 5755//5755
f 5853//5853 5854//5854 5576//5576
f 5714//5714 5853//5853 5576//5576
f 5674//5674 5854//5854 5855//5855
f 5576//5576 5854//5854 5674//5674
f 5518//5518 6177//6177 5673//5673
f 5852//5852 6177//6177 5518//5518
f 609//609 556//556 617//617
f 5825//5825 5653//5653 5824//5824
f 5761//5761 5747//5747 5963//5963
f 5824//5824 5922//5922 5825//5825
f 5963//5963 5704//5704 5761//5761
f 5800//5800 5923//5923 5653//5653
f 5704//5704 5963//5963 5801//5801
f 5799//5799 5747//5747 5746//5746
f 5799//5799 5822//5822 5747//5747
f 5825//5825 5823//5823 5760//5760
f 5823//5823 5825//5825 5922//5922
f 5969//5969 5864//5864 5776//5776
f 5657//5657 5828//5828 5827//5827
f 5776//5776 5886//5886 5969//5969
f 5801//5801 5964//5964 5704//5704
f 5826//5826 5964//5964 5776//5776
f 5776//5776 5964//5964 5886//5886
f 5609//5609 5964//5964 5826//5826
f 5826//5826 5776//5776 5609//5609
f 5773//5773 5882//5882 5955//5955
f 5795//5795 5796//5796 5645//5645
f 5773//5773 5955//5955 5956//5956
f 5743//5743 5742//5742 5882//5882
f 5882//5882 5742//5742 5953//5953
f 5860//5860 5757//5757 5821//5821
f 5796//5796 5795//5795 5987//5987
f 5987//5987 5821//5821 5796//5796
f 5796//5796 5821//5821 5772//5772
f 5772//5772 5821//5821 5757//5757
f 5884//5884 5885//5885 5799//5799
f 5799//5799 5885//5885 5822//5822
f 5774//5774 5649//5649 5960//5960
f 5884//5884 5799//5799 5862//5862
f 5685//5685 5773//5773 5956//5956
f 5718//5718 5685//5685 5956//5956
f 5718//5718 5956//5956 5959//5959
f 5797//5797 5798//5798 5960//5960
f 5797//5797 5883//5883 5736//5736
f 5782//5782 5751//5751 5720//5720
f 5766//5766 5833//5833 5660//5660
f 5624//5624 5866//5866 5806//5806
f 5832//5832 5831//5831 5660//5660
f 5660//5660 5831//5831 5622//5622
f 5868//5868 5832//5832 5660//5660
f 5996//5996 5553//5553 5867//5867
f 5932//5932 5691//5691 5807//5807
f 5614//5614 5691//5691 5932//5932
f 5784//5784 5614//5614 5810//5810
f 5629//5629 5769//5769 5809//5809
f 5737//5737 5810//5810 5834//5834
f 5808//5808 6013//6013 5560//5560
f 5560//5560 6013//6013 5974//5974
f 6050//6050 5810//5810 5614//5614
f 5767//5767 5973//5973 5807//5807
f 5807//5807 5691//5691 5706//5706
f 5807//5807 5973//5973 5768//5768
f 5662//5662 5664//5664 5999//5999
f 5764//5764 5748//5748 5802//5802
f 5968//5968 5802//5802 5803//5803
f 5888//5888 6010//6010 5777//5777
f 5864//5864 5865//5865 5776//5776
f 5888//5888 5731//5731 5865//5865
f 5968//5968 5803//5803 5887//5887
f 5865//5865 5731//5731 5776//5776
f 5928//5928 5802//5802 5968//5968
f 5623//5623 5779//5779 5971//5971
f 5890//5890 6030//6030 5780//5780
f 5623//5623 5830//5830 5866//5866
f 5749//5749 6010//6010 5889//5889
f 5889//5889 5779//5779 5749//5749
f 5749//5749 5777//5777 6010//6010
f 6030//6030 5621//5621 5780//5780
f 5779//5779 5889//5889 5971//5971
f 5765//5765 5829//5829 5727//5727
f 6030//6030 5829//5829 5765//5765
f 529//529 480//480 622//622
f 480//480 529//529 515//515
f 558//558 620//620 559//559
f 515//515 621//621 572//572
f 5912//5912 5947//5947 5789//5789
f 6181//6181 5949//5949 6039//6039
f 6006//6006 6016//6016 5877//5877
f 5911//5911 5946//5946 5819//5819
f 5819//5819 5946//5946 6038//6038
f 5986//5986 6053//6053 5820//5820
f 5917//5917 6041//6041 6278//6278
f 6041//6041 5917//5917 6019//6019
f 6278//6278 5951//5951 5917//5917
f 6324//6324 5986//5986 5915//5915
f 5948//5948 6324//6324 5915//5915
f 6089//6089 5901//5901 5670//5670
f 6131//6131 6217//6217 5945//5945
f 6015//6015 5983//5983 5756//5756
f 6036//6036 5984//5984 5443//5443
f 5859//5859 6036//6036 5443//5443
f 5985//5985 5982//5982 5678//5678
f 5907//5907 5908//5908 5786//5786
f 5995//5995 6010//6010 5888//5888
f 5803//5803 5970//5970 6047//6047
f 5923//5923 5992//5992 5653//5653
f 6199//6199 5783//5783 5833//5833
f 5870//5870 6169//6169 5891//5891
f 6031//6031 5874//5874 6051//6051
f 5837//5837 6125//6125 5814//5814
f 5977//5977 6202//6202 5872//5872
f 6032//6032 5980//5980 5936//5936
f 6267//6267 5937//5937 6032//6032
f 6118//6118 6000//6000 5973//5973
f 5999//5999 6069//6069 5766//5766
f 5999//5999 5766//5766 5721//5721
f 6050//6050 5768//5768 6001//6001
f 6119//6119 5999//5999 5869//5869
f 5997//5997 6117//6117 5998//5998
f 6166//6166 5783//5783 6199//6199
f 5813//5813 6262//6262 5870//5870
f 6022//6022 5834//5834 5810//5810
f 704//704 570//570 601//601
f 568//568 589//589 615//615
f 569//569 589//589 568//568
f 6089//6089 5844//5844 5842//5842
f 614//614 704//704 588//588
f 566//566 586//586 587//587
f 5900//5900 6052//6052 5669//5669
f 5942//5942 6003//6003 6071//6071
f 617//617 616//616 675//675
f 674//674 407//407 609//609
f 6008//6008 6026//6026 5989//5989
f 6020//6020 6026//6026 6008//6008
f 6021//6021 5992//5992 5923//5923
f 5653//5653 5992//5992 5824//5824
f 5963//5963 6009//6009 5993//5993
f 5963//5963 5991//5991 6009//6009
f 5962//5962 5991//5991 5963//5963
f 5953//5953 6025//6025 5954//5954
f 6024//6024 5881//5881 5987//5987
f 6007//6007 5988//5988 5957//5957
f 5958//5958 5957//5957 5988//5988
f 5959//5959 6025//6025 5920//5920
f 6025//6025 5919//5919 5954//5954
f 6007//6007 5987//5987 5861//5861
f 5829//5829 6030//6030 6163//6163
f 6066//6066 6163//6163 6030//6030
f 6047//6047 5970//5970 6195//6195
f 6062//6062 5995//5995 5888//5888
f 6064//6064 5929//5929 5778//5778
f 6064//6064 5778//5778 5829//5829
f 6010//6010 5995//5995 6082//6082
f 6082//6082 6162//6162 6010//6010
f 5831//5831 6084//6084 6012//6012
f 5831//5831 6166//6166 6084//6084
f 5832//5832 6166//6166 5831//5831
f 5830//5830 5971//5971 6048//6048
f 5971//5971 6011//6011 6048//6048
f 5830//5830 6048//6048 6049//6049
f 5930//5930 6012//6012 5890//5890
f 6021//6021 5923//5923 5925//5925
f 6009//6009 6045//6045 5993//5993
f 6045//6045 6028//6028 5965//5965
f 5924//5924 5926//5926 5964//5964
f 5967//5967 6047//6047 5968//5968
f 5865//5865 6106//6106 6029//6029
f 5967//5967 5887//5887 6047//6047
f 5966//5966 5994//5994 6102//6102
f 5966//5966 5927//5927 5994//5994
f 5969//5969 5926//5926 6106//6106
f 5882//5882 5919//5919 5955//5955
f 5645//5645 5861//5861 5795//5795
f 5795//5795 5861//5861 5987//5987
f 5649//5649 5921//5921 5960//5960
f 5747//5747 5822//5822 6078//6078
f 6077//6077 5822//5822 5885//5885
f 5760//5760 5921//5921 5649//5649
f 5883//5883 5797//5797 6026//6026
f 6057//6057 5884//5884 5862//5862
f 6057//6057 5959//5959 5920//5920
f 5862//5862 5959//5959 6057//6057
f 5880//5880 6018//6018 5703//5703
f 5915//5915 5716//5716 5948//5948
f 5860//5860 5821//5821 5987//5987
f 5953//5953 5954//5954 5882//5882
f 5860//5860 5881//5881 5880//5880
f 5802//5802 6195//6195 5803//5803
f 5803//5803 6195//6195 5970//5970
f 6062//6062 5888//5888 5865//5865
f 5929//5929 6064//6064 5748//5748
f 5748//5748 5778//5778 5929//5929
f 5802//5802 5748//5748 6195//6195
f 5748//5748 6064//6064 6195//6195
f 6047//6047 5887//5887 5803//5803
f 6062//6062 5865//5865 6029//6029
f 5865//5865 5969//5969 6106//6106
f 5887//5887 5967//5967 5968//5968
f 6030//6030 5890//5890 6012//6012
f 5930//5930 5890//5890 5780//5780
f 5971//5971 5830//5830 5623//5623
f 5804//5804 5805//5805 6012//6012
f 5930//5930 5804//5804 6012//6012
f 6049//6049 5866//5866 5830//5830
f 5804//5804 5930//5930 5780//5780
f 5727//5727 5829//5829 5778//5778
f 5889//5889 6010//6010 6011//6011
f 5971//5971 5889//5889 6011//6011
f 5993//5993 5801//5801 5963//5963
f 5964//5964 5609//5609 5704//5704
f 5863//5863 5964//5964 6045//6045
f 6045//6045 5924//5924 5863//5863
f 6045//6045 5964//5964 5801//5801
f 6045//6045 5801//5801 5993//5993
f 5962//5962 5963//5963 5747//5747
f 5828//5828 5928//5928 5827//5827
f 5886//5886 5926//5926 5969//5969
f 5827//5827 5928//5928 5927//5927
f 5969//5969 5865//5865 5864//5864
f 5994//5994 5928//5928 5968//5968
f 5927//5927 5928//5928 5994//5994
f 5926//5926 5924//5924 5965//5965
f 5863//5863 5924//5924 5964//5964
f 5924//5924 6045//6045 5965//5965
f 5923//5923 5800//5800 5925//5925
f 5927//5927 5800//5800 5827//5827
f 5800//5800 5927//5927 5966//5966
f 5800//5800 5966//5966 5925//5925
f 5926//5926 5886//5886 5964//5964
f 542//542 607//607 585//585
f 423//423 545//545 805//805
f 699//699 598//598 423//423
f 698//698 599//599 585//585
f 604//604 583//583 596//596
f 584//584 605//605 628//628
f 542//542 564//564 607//607
f 612//612 606//606 597//597
f 612//612 597//597 628//628
f 5937//5937 5938//5938 5875//5875
f 5938//5938 5939//5939 5710//5710
f 5752//5752 5709//5709 5815//5815
f 5894//5894 6126//6126 5708//5708
f 5770//5770 5895//5895 5894//5894
f 5900//5900 5712//5712 5942//5942
f 5900//5900 5669//5669 5712//5712
f 6003//6003 5816//5816 6071//6071
f 599//599 641//641 546//546
f 5939//5939 5981//5981 5839//5839
f 6130//6130 5898//5898 5711//5711
f 5899//5899 6130//6130 5711//5711
f 6037//6037 5788//5788 5910//5910
f 6035//6035 5786//5786 5756//5756
f 5676//5676 5908//5908 5859//5859
f 5675//5675 6015//6015 5858//5858
f 5857//5857 6015//6015 5675//5675
f 5756//5756 5983//5983 6035//6035
f 5637//5637 6017//6017 5791//5791
f 5913//5913 5702//5702 5790//5790
f 5637//5637 5792//5792 6017//6017
f 5914//5914 5948//5948 5638//5638
f 6324//6324 5914//5914 5638//5638
f 5946//5946 5911//5911 5680//5680
f 6131//6131 5910//5910 5741//5741
f 5741//5741 5789//5789 5947//5947
f 5982//5982 5840//5840 5678//5678
f 583//583 604//604 581//581
f 658//658 582//582 604//604
f 638//638 658//658 604//604
f 579//579 596//596 583//583
f 584//584 628//628 597//597
f 5904//5904 5905//5905 5714//5714
f 5673//5673 5904//5904 5714//5714
f 6177//6177 5904//5904 5673//5673
f 5903//5903 6177//6177 5852//5852
f 5905//5905 5906//5906 5714//5714
f 5850//5850 5903//5903 5851//5851
f 5675//5675 6092//6092 5856//5856
f 5855//5855 6092//6092 5674//5674
f 5674//5674 6092//6092 5675//5675
f 5856//5856 5857//5857 5675//5675
f 5853//5853 5906//5906 5854//5854
f 5714//5714 5906//5906 5853//5853
f 5906//5906 5855//5855 5854//5854
f 5844//5844 6089//6089 5670//5670
f 5618//5618 5901//5901 5846//5846
f 5845//5845 5901//5901 5618//5618
f 5670//5670 5901//5901 5845//5845
f 5843//5843 6089//6089 5842//5842
f 6034//6034 5902//5902 5849//5849
f 5755//5755 6034//6034 5849//5849
f 5671//5671 6014//6014 5850//5850
f 5902//5902 6014//6014 5671//5671
f 5271//5271 5902//5902 5671//5671
f 5848//5848 6034//6034 5755//5755
f 5847//5847 6034//6034 5848//5848
f 5947//5947 6131//6131 5741//5741
f 5913//5913 5790//5790 5878//5878
f 6037//6037 5787//5787 5788//5788
f 5944//5944 6216//6216 5715//5715
f 6674//6674 6006//6006 5700//5700
f 5944//5944 5876//5876 6217//6217
f 6216//6216 5944//5944 6217//6217
f 6131//6131 5945//5945 5909//5909
f 6016//6016 6095//6095 5877//5877
f 6131//6131 6037//6037 5910//5910
f 6037//6037 6131//6131 5787//5787
f 6131//6131 5909//5909 5787//5787
f 6038//6038 5913//5913 5878//5878
f 6095//6095 5946//5946 5877//5877
f 5946//5946 5680//5680 5877//5877
f 5793//5793 5915//5915 5986//5986
f 5951//5951 6039//6039 5794//5794
f 5916//5916 5794//5794 6039//6039
f 5793//5793 5986//5986 5820//5820
f 5951//5951 5794//5794 5917//5917
f 6224//6224 5638//5638 5702//5702
f 6224//6224 6324//6324 5638//5638
f 5914//5914 6324//6324 5948//5948
f 5913//5913 6224//6224 5702//5702
f 6039//6039 5950//5950 5916//5916
f 5916//5916 5950//5950 5792//5792
f 6039//6039 5949//5949 5792//5792
f 5915//5915 5793//5793 5716//5716
f 6017//6017 5792//5792 6181//6181
f 5949//5949 6181//6181 5792//5792
f 5792//5792 5950//5950 6039//6039
f 5754//5754 5846//5846 5847//5847
f 6004//6004 5843//5843 5842//5842
f 5840//5840 6004//6004 5841//5841
f 5522//5522 5985//5985 5678//5678
f 5443//5443 5984//5984 5635//5635
f 6036//6036 6672//6672 5984//5984
f 5786//5786 6035//6035 5907//5907
f 5523//5523 5715//5715 5943//5943
f 5904//5904 5906//5906 5905//5905
f 6092//6092 5857//5857 5856//5856
f 5960//5960 6026//6026 5797//5797
f 5960//5960 5989//5989 6026//6026
f 5883//5883 6026//6026 5645//5645
f 5958//5958 5645//5645 5957//5957
f 5645//5645 5988//5988 5861//5861
f 5645//5645 6026//6026 5957//5957
f 5922//5922 5990//5990 5823//5823
f 6078//6078 5991//5991 5747//5747
f 5991//5991 5962//5962 5747//5747
f 5990//5990 5760//5760 5823//5823
f 5760//5760 6027//6027 5921//5921
f 5760//5760 5961//5961 6027//6027
f 5990//5990 5824//5824 5992//5992
f 5990//5990 5922//5922 5824//5824
f 6077//6077 5884//5884 6057//6057
f 6078//6078 5822//5822 6077//6077
f 6027//6027 5961//5961 5990//5990
f 5760//5760 5990//5990 5961//5961
f 5921//5921 5989//5989 5960//5960
f 5885//5885 5884//5884 6077//6077
f 5918//5918 6074//6074 5742//5742
f 5918//5918 5820//5820 6074//6074
f 6074//6074 5953//5953 5742//5742
f 5881//5881 5952//5952 5880//5880
f 6018//6018 6019//6019 5917//5917
f 5703//5703 6018//6018 5917//5917
f 5879//5879 5820//5820 5918//5918
f 5880//5880 5952//5952 6018//6018
f 5955//5955 5919//5919 6025//6025
f 5956//5956 5955//5955 6025//6025
f 5645//5645 5958//5958 5988//5988
f 5956//5956 6025//6025 5959//5959
f 6007//6007 5861//5861 5988//5988
f 5860//5860 5987//5987 5881//5881
f 5919//5919 5882//5882 5954//5954
f 5872//5872 5812//5812 5871//5871
f 5872//5872 5935//5935 5812//5812
f 5934//5934 6262//6262 5813//5813
f 5695//5695 5978//5978 5934//5934
f 5871//5871 5977//5977 5872//5872
f 6169//6169 5809//5809 5891//5891
f 5813//5813 5870//5870 5738//5738
f 6087//6087 5871//5871 5933//5933
f 6087//6087 5933//5933 6200//6200
f 5979//5979 6125//6125 5837//5837
f 6031//6031 6032//6032 5936//5936
f 5893//5893 6031//6031 5936//5936
f 5979//5979 5837//5837 5708//5708
f 5937//5937 5668//5668 6032//6032
f 5668//5668 5980//5980 6032//6032
f 5873//5873 5814//5814 5836//5836
f 5814//5814 5978//5978 5836//5836
f 5836//5836 5978//5978 5695//5695
f 6031//6031 5893//5893 5874//5874
f 5874//5874 5893//5893 5707//5707
f 5874//5874 6023//6023 6051//6051
f 5931//5931 5782//5782 5998//5998
f 5931//5931 5751//5751 5782//5782
f 6166//6166 5868//5868 5783//5783
f 5782//5782 5997//5997 5998//5998
f 5766//5766 6069//6069 5833//5833
f 5972//5972 5767//5767 5751//5751
f 5833//5833 6069//6069 6199//6199
f 5998//5998 5972//5972 5751//5751
f 5998//5998 5751//5751 5931//5931
f 5996//5996 5867//5867 5624//5624
f 6049//6049 5806//5806 5866//5866
f 6012//6012 5805//5805 5831//5831
f 5806//5806 6049//6049 5996//5996
f 5806//5806 5996//5996 5624//5624
f 6117//6117 5782//5782 5781//5781
f 5868//5868 6166//6166 5832//5832
f 5781//5781 6067//6067 6117//6117
f 5782//5782 6117//6117 5997//5997
f 6067//6067 5553//5553 5996//5996
f 5614//5614 5932//5932 6050//6050
f 5932//5932 5807//5807 6050//6050
f 5974//5974 6119//6119 5560//5560
f 5560//5560 6119//6119 5869//5869
f 5835//5835 6022//6022 5975//5975
f 5975//5975 6022//6022 5976//5976
f 5976//5976 5835//5835 5975//5975
f 6022//6022 5835//5835 5834//5834
f 5784//5784 5810//5810 5737//5737
f 5662//5662 5999//5999 5721//5721
f 5972//5972 6118//6118 5767//5767
f 5767//5767 6118//6118 5973//5973
f 5973//5973 6000//6000 6001//6001
f 5664//5664 5869//5869 5999//5999
f 5807//5807 5768//5768 6050//6050
f 5973//5973 6001//6001 5768//5768
f 624//624 603//603 577//577
f 635//635 605//605 595//595
f 605//605 635//635 636//636
f 603//603 576//576 575//575
f 635//635 532//532 683//683
f 532//532 635//635 578//578
f 5771//5771 5732//5732 6002//6002
f 6002//6002 5732//5732 5981//5981
f 5981//5981 6208//6208 6002//6002
f 5711//5711 5898//5898 5709//5709
f 5709//5709 5898//5898 5815//5815
f 5839//5839 5981//5981 5732//5732
f 6002//6002 5816//5816 5940//5940
f 6052//6052 5941//5941 5669//5669
f 6002//6002 5940//5940 5771//5771
f 5941//5941 6130//6130 5634//5634
f 6130//6130 5899//5899 5634//5634
f 5816//5816 6002//6002 6071//6071
f 5896//5896 6088//6088 5838//5838
f 6267//6267 6033//6033 5937//5937
f 5895//5895 5838//5838 6088//6088
f 5894//5894 5895//5895 6088//6088
f 5937//5937 6033//6033 5938//5938
f 5897//5897 5815//5815 5896//5896
f 5938//5938 6033//6033 5939//5939
f 5752//5752 5897//5897 5896//5896
f 584//584 597//597 624//624
f 584//584 624//624 563//563
f 625//625 623//623 582//582
f 658//658 625//625 582//582
f 580//580 581//581 604//604
f 5816//5816 6003//6003 5942//5942
f 604//604 582//582 580//580
f 5179//5179 5121//5121 5180//5180
f 5179//5179 5180//5180 5212//5212
f 5209//5209 5212//5212 5180//5180
f 5179//5179 5170//5170 5188//5188
f 5181//5181 5123//5123 5126//5126
f 5179//5179 5188//5188 5128//5128
f 5171//5171 5128//5128 5188//5188
f 5144//5144 5171//5171 5188//5188
f 5171//5171 5145//5145 5128//5128
f 5211//5211 5163//5163 5118//5118
f 5180//5180 5120//5120 5169//5169
f 5169//5169 5209//5209 5180//5180
f 5211//5211 5209//5209 5163//5163
f 5120//5120 5119//5119 5169//5169
f 5141//5141 5123//5123 5181//5181
f 5123//5123 5141//5141 5028//5028
f 5169//5169 5168//5168 5210//5210
f 5163//5163 5209//5209 5208//5208
f 5038//5038 5154//5154 5549//5549
f 5238//5238 5098//5098 5199//5199
f 5199//5199 5151//5151 5096//5096
f 5239//5239 5322//5322 5252//5252
f 5053//5053 5305//5305 5207//5207
f 5078//5078 5330//5330 5040//5040
f 5053//5053 5372//5372 5186//5186
f 5229//5229 5112//5112 5300//5300
f 5188//5188 5181//5181 5126//5126
f 5179//5179 5118//5118 5170//5170
f 5339//5339 5218//5218 5197//5197
f 5196//5196 5217//5217 5197//5197
f 5232//5232 5269//5269 4985//4985
f 5252//5252 5352//5352 5133//5133
f 5253//5253 5103//5103 5225//5225
f 5066//5066 5360//5360 5106//5106
f 5224//5224 5060//5060 5340//5340
f 5218//5218 5339//5339 5293//5293
f 5239//5239 5098//5098 5238//5238
f 5204//5204 5111//5111 5221//5221
f 5229//5229 5260//5260 5205//5205
f 5290//5290 5257//5257 5300//5300
f 5229//5229 5300//5300 5257//5257
f 5231//5231 5264//5264 5368//5368
f 5260//5260 5247//5247 5205//5205
f 5243//5243 5165//5165 5178//5178
f 5451//5451 5156//5156 5108//5108
f 5397//5397 5300//5300 5109//5109
f 5397//5397 5255//5255 5300//5300
f 5203//5203 5220//5220 5185//5185
f 5453//5453 5228//5228 5288//5288
f 5020//5020 5185//5185 5425//5425
f 5211//5211 5212//5212 5209//5209
f 5187//5187 5249//5249 5210//5210
f 5169//5169 5331//5331 5406//5406
f 5210//5210 5249//5249 5331//5331
f 5331//5331 5169//5169 5210//5210
f 5406//5406 5209//5209 5169//5169
f 5208//5208 5209//5209 5265//5265
f 5211//5211 5179//5179 5212//5212
f 5211//5211 5118//5118 5179//5179
f 5118//5118 5181//5181 5188//5188
f 5170//5170 5118//5118 5188//5188
f 5333//5333 5222//5222 5183//5183
f 5094//5094 5223//5223 4929//4929
f 5216//5216 5217//5217 5196//5196
f 5307//5307 5213//5213 5089//5089
f 5193//5193 4882//4882 4988//4988
f 778//778 751//751 632//632
f 545//545 668//668 748//748
f 858//858 996//996 669//669
f 5017//5017 5177//5177 4865//4865
f 703//703 705//705 750//750
f 5008//5008 5434//5434 5167//5167
f 4965//4965 5198//5198 5034//5034
f 5035//5035 5098//5098 4966//4966
f 5183//5183 4887//4887 4864//4864
f 5196//5196 5032//5032 5216//5216
f 5001//5001 5178//5178 5019//5019
f 5048//5048 4968//4968 5226//5226
f 4979//4979 5141//5141 5056//5056
f 4953//4953 5083//5083 5143//5143
f 4920//4920 5143//5143 5082//5082
f 5120//5120 5180//5180 5121//5121
f 5081//5081 5121//5121 5179//5179
f 5028//5028 5080//5080 5123//5123
f 5124//5124 5142//5142 5179//5179
f 5124//5124 5179//5179 5128//5128
f 5011//5011 5186//5186 5371//5371
f 5053//5053 5186//5186 4845//4845
f 5401//5401 5330//5330 5077//5077
f 5263//5263 5401//5401 5077//5077
f 5113//5113 4821//4821 5371//5371
f 5113//5113 5076//5076 5025//5025
f 5041//5041 5169//5169 5119//5119
f 5053//5053 5055//5055 5305//5305
f 5206//5206 5114//5114 5040//5040
f 5206//5206 5187//5187 5115//5115
f 5041//5041 5210//5210 5168//5168
f 5187//5187 5117//5117 5027//5027
f 5210//5210 5117//5117 5187//5187
f 5305//5305 5079//5079 5208//5208
f 5333//5333 5183//5183 5182//5182
f 5133//5133 5253//5253 4813//4813
f 5133//5133 5047//5047 5152//5152
f 4890//4890 5177//5177 5044//5044
f 5253//5253 5225//5225 5134//5134
f 5225//5225 5103//5103 5134//5134
f 5018//5018 5106//5106 5105//5105
f 4903//4903 5105//5105 5106//5106
f 5226//5226 5104//5104 5241//5241
f 5038//5038 5549//5549 5200//5200
f 5241//5241 5104//5104 5103//5103
f 4903//4903 5154//5154 5039//5039
f 5064//5064 5155//5155 5226//5226
f 5198//5198 5095//5095 5218//5218
f 5236//5236 5034//5034 5198//5198
f 4867//4867 4993//4993 5150//5150
f 5197//5197 5218//5218 5059//5059
f 4935//4935 5036//5036 5184//5184
f 5152//5152 5252//5252 5133//5133
f 5036//5036 5100//5100 5153//5153
f 5199//5199 5035//5035 5151//5151
f 5097//5097 4932//4932 4834//4834
f 5240//5240 4834//4834 4967//4967
f 5073//5073 5166//5166 5111//5111
f 5161//5161 5246//5246 5073//5073
f 5072//5072 5204//5204 5071//5071
f 5072//5072 5110//5110 5204//5204
f 5111//5111 5204//5204 5110//5110
f 5247//5247 5139//5139 5075//5075
f 5165//5165 5243//5243 4908//4908
f 5019//5019 5178//5178 5165//5165
f 5109//5109 5300//5300 5068//5068
f 5244//5244 5203//5203 5021//5021
f 5001//5001 4874//4874 5158//5158
f 5109//5109 5159//5159 5228//5228
f 623//623 735//735 734//734
f 5086//5086 5145//5145 5171//5171
f 5188//5188 5126//5126 5144//5144
f 716//716 657//657 623//623
f 684//684 737//737 830//830
f 830//830 737//737 736//736
f 761//761 685//685 636//636
f 4991//4991 5316//5316 5132//5132
f 5091//5091 5316//5316 4991//4991
f 5091//5091 4927//4927 5148//5148
f 5316//5316 5091//5091 5148//5148
f 5147//5147 5335//5335 5043//5043
f 5176//5176 5333//5333 4962//4962
f 5333//5333 5182//5182 4962//4962
f 5235//5235 5131//5131 4886//4886
f 5316//5316 5194//5194 5132//5132
f 4990//4990 5132//5132 5235//5235
f 5044//5044 5177//5177 5149//5149
f 5058//5058 5215//5215 5292//5292
f 5195//5195 5148//5148 4929//4929
f 4929//4929 5148//5148 4927//4927
f 4929//4929 5223//5223 5195//5195
f 5093//5093 5292//5292 5317//5317
f 4986//4986 5146//5146 4922//4922
f 5214//5214 5250//5250 5087//5087
f 5250//5250 5191//5191 5087//5087
f 4737//4737 5233//5233 4923//4923
f 4987//4987 5233//5233 4737//4737
f 4923//4923 5190//5190 5214//5214
f 4962//4962 4989//4989 5234//5234
f 5088//5088 5192//5192 4988//4988
f 5173//5173 5380//5380 5088//5088
f 5174//5174 4924//4924 4882//4882
f 4924//4924 5175//5175 5031//5031
f 694//694 944//944 769//769
f 5144//5144 4921//4921 4983//4983
f 5029//5029 5081//5081 5142//5142
f 5120//5120 5122//5122 5081//5081
f 5130//5130 5085//5085 5145//5145
f 4983//4983 5130//5130 5086//5086
f 5083//5083 4921//4921 5129//5129
f 5083//5083 5144//5144 5126//5126
f 5085//5085 5084//5084 5124//5124
f 5125//5125 5083//5083 5126//5126
f 5031//5031 5175//5175 4740//4740
f 4740//4740 5175//5175 4848//4848
f 5175//5175 5015//5015 4848//4848
f 5191//5191 5173//5173 5087//5087
f 4881//4881 4988//4988 4882//4882
f 4887//4887 5183//5183 5090//5090
f 5147//5147 5090//5090 5335//5335
f 5235//5235 5313//5313 5131//5131
f 4985//4985 5189//5189 5172//5172
f 5146//5146 4987//4987 4922//4922
f 4880//4880 5213//5213 5030//5030
f 5089//5089 5213//5213 4880//4880
f 5049//5049 5067//5067 5157//5157
f 5001//5001 5158//5158 5178//5178
f 4872//4872 4763//4763 5243//5243
f 4872//4872 5107//5107 4840//4840
f 5203//5203 4912//4912 5021//5021
f 5288//5288 5159//5159 4841//4841
f 5003//5003 4912//4912 5185//5185
f 5109//5109 5002//5002 5050//5050
f 5109//5109 5068//5068 5002//5002
f 4838//4838 5200//5200 5135//5135
f 5133//5133 4813//4813 5062//5062
f 4943//4943 5154//5154 5038//5038
f 5187//5187 5054//5054 5115//5115
f 5056//5056 5079//5079 5055//5055
f 5140//5140 5119//5119 5081//5081
f 5119//5119 5120//5120 5081//5081
f 5041//5041 5027//5027 5117//5117
f 4915//4915 5167//5167 4876//4876
f 5112//5112 5070//5070 5004//5004
f 5005//5005 5070//5070 5112//5112
f 5073//5073 5071//5071 5022//5022
f 5071//5071 5110//5110 5072//5072
f 5056//5056 5141//5141 5118//5118
f 5041//5041 5119//5119 5140//5140
f 5056//5056 5118//5118 5163//5163
f 5181//5181 5118//5118 5141//5141
f 5187//5187 5027//5027 5116//5116
f 5208//5208 5079//5079 5163//5163
f 5079//5079 5056//5056 5163//5163
f 5041//5041 5168//5168 5169//5169
f 5210//5210 5041//5041 5117//5117
f 5179//5179 5142//5142 5081//5081
f 5081//5081 5122//5122 5121//5121
f 5080//5080 5082//5082 5123//5123
f 5143//5143 5123//5123 5082//5082
f 5124//5124 5014//5014 5029//5029
f 5124//5124 5029//5029 5142//5142
f 5141//5141 5042//5042 5028//5028
f 5028//5028 5082//5082 5080//5080
f 5122//5122 5120//5120 5121//5121
f 5139//5139 5263//5263 4949//4949
f 5010//5010 5076//5076 5264//5264
f 5010//5010 5264//5264 5009//5009
f 5009//5009 5264//5264 5231//5231
f 5264//5264 5076//5076 5291//5291
f 5263//5263 5077//5077 4949//4949
f 5075//5075 5074//5074 5247//5247
f 5162//5162 5006//5006 5007//5007
f 5074//5074 5205//5205 5247//5247
f 4876//4876 5167//5167 5007//5007
f 4915//4915 5008//5008 5167//5167
f 5139//5139 5138//5138 5075//5075
f 5055//5055 5053//5053 5026//5026
f 5305//5305 5055//5055 5079//5079
f 5187//5187 5116//5116 5054//5054
f 5115//5115 5114//5114 5206//5206
f 5330//5330 5052//5052 5051//5051
f 5025//5025 4821//4821 5113//5113
f 5077//5077 5330//5330 5051//5051
f 4977//4977 5078//5078 5040//5040
f 4975//4975 5371//5371 4821//4821
f 5078//5078 5052//5052 5330//5330
f 762//762 740//740 741//741
f 741//741 740//740 717//717
f 741//741 717//717 689//689
f 5128//5128 5145//5145 5085//5085
f 5130//5130 5145//5145 5086//5086
f 5124//5124 5127//5127 5085//5085
f 5127//5127 5124//5124 5128//5128
f 5129//5129 5144//5144 5083//5083
f 5128//5128 5085//5085 5127//5127
f 5123//5123 5083//5083 5125//5125
f 5123//5123 5143//5143 5083//5083
f 5125//5125 5126//5126 5123//5123
f 763//763 741//741 689//689
f 742//742 837//837 764//764
f 763//763 765//765 799//799
f 763//763 689//689 765//765
f 5171//5171 5144//5144 4983//4983
f 764//764 800//800 802//802
f 802//802 800//800 743//743
f 5129//5129 4921//4921 5144//5144
f 5171//5171 4983//4983 5086//5086
f 5239//5239 4934//4934 4995//4995
f 4967//4967 5099//5099 5240//5240
f 5098//5098 5239//5239 4995//4995
f 5152//5152 4898//4898 5252//5252
f 5239//5239 4898//4898 4934//4934
f 5239//5239 5252//5252 4898//4898
f 4935//4935 5184//5184 5099//5099
f 5096//5096 5151//5151 5035//5035
f 5097//5097 5237//5237 4932//4932
f 5034//5034 5236//5236 5096//5096
f 4834//4834 4835//4835 4836//4836
f 4967//4967 4834//4834 4836//4836
f 5199//5199 5098//5098 5035//5035
f 5297//5297 5102//5102 4899//4899
f 5103//5103 5063//5063 5134//5134
f 5133//5133 5062//5062 5101//5101
f 5101//5101 5047//5047 5133//5133
f 5062//5062 5047//5047 5101//5101
f 4937//4937 5061//5061 5153//5153
f 5253//5253 5134//5134 5037//5037
f 5253//5253 5037//5037 4813//4813
f 5094//5094 5044//5044 5149//5149
f 5093//5093 5216//5216 4851//4851
f 5216//5216 5093//5093 5317//5317
f 5177//5177 4890//4890 4865//4865
f 5092//5092 5215//5215 5058//5058
f 5043//5043 5215//5215 5092//5092
f 5092//5092 5058//5058 5043//5043
f 5044//5044 5094//5094 4929//4929
f 5058//5058 5292//5292 5093//5093
f 4965//4965 5095//5095 5198//5198
f 5033//5033 5150//5150 4931//4931
f 4932//4932 5237//5237 4993//4993
f 4867//4867 5150//5150 5033//5033
f 4931//4931 5224//5224 5017//5017
f 5045//5045 5196//5196 5197//5197
f 5197//5197 5059//5059 5045//5045
f 5224//5224 5177//5177 5017//5017
f 5218//5218 5095//5095 5046//5046
f 4931//4931 5060//5060 5224//5224
f 5059//5059 5218//5218 5046//5046
f 5203//5203 5185//5185 4912//4912
f 5068//5068 5300//5300 5137//5137
f 5004//5004 5300//5300 5112//5112
f 5069//5069 5160//5160 5300//5300
f 5245//5245 5244//5244 4946//4946
f 5004//5004 5069//5069 5300//5300
f 4946//4946 5244//5244 5021//5021
f 5300//5300 5160//5160 5137//5137
f 5228//5228 5159//5159 5288//5288
f 5157//5157 5288//5288 4841//4841
f 5425//5425 4874//4874 5020//5020
f 5159//5159 5109//5109 5050//5050
f 5112//5112 5205//5205 5005//5005
f 5205//5205 5074//5074 5005//5005
f 5162//5162 5161//5161 5073//5073
f 5162//5162 5073//5073 5024//5024
f 4973//4973 5071//5071 5204//5204
f 5245//5245 4973//4973 5204//5204
f 5111//5111 5110//5110 5073//5073
f 5110//5110 5071//5071 5073//5073
f 5065//5065 5064//5064 5359//5359
f 5064//5064 4904//4904 5155//5155
f 5106//5106 5164//5164 4903//4903
f 5066//5066 5106//5106 4969//4969
f 4969//4969 5106//5106 5018//5018
f 4968//4968 5104//5104 5226//5226
f 4969//4969 4999//4999 5066//5066
f 4943//4943 5039//5039 5154//5154
f 5157//5157 5067//5067 5156//5156
f 4872//4872 5243//5243 5107//5107
f 4763//4763 4908//4908 5243//5243
f 5165//5165 4908//4908 5019//5019
f 5202//5202 4999//4999 5107//5107
f 4839//4839 5107//5107 4999//4999
f 4999//4999 5242//5242 5066//5066
f 5202//5202 5242//5242 4999//4999
f 5108//5108 5156//5156 5136//5136
f 4840//4840 5107//5107 4839//4839
f 607//607 666//666 667//667
f 564//564 666//666 607//607
f 607//607 667//667 723//723
f 5781//5781 5492//5492 5298//5298
f 717//717 640//640 664//664
f 696//696 630//630 731//731
f 630//630 665//665 666//666
f 719//719 664//664 640//640
f 5667//5667 5472//5472 5516//5516
f 704//704 862//862 776//776
f 676//676 617//617 675//675
f 5415//5415 5530//5530 5477//5477
f 5530//5530 5415//5415 5389//5389
f 5537//5537 5461//5461 5535//5535
f 5498//5498 5722//5722 5334//5334
f 5131//5131 5458//5458 5817//5817
f 5479//5479 5548//5548 5418//5418
f 5463//5463 5542//5542 5446//5446
f 5505//5505 5487//5487 5462//5462
f 5478//5478 5445//5445 5487//5487
f 5418//5418 5391//5391 5479//5479
f 5446//5446 5323//5323 5447//5447
f 5592//5592 5581//5581 5540//5540
f 5648//5648 5281//5281 5593//5593
f 5691//5691 5628//5628 5454//5454
f 5689//5689 5559//5559 5453//5453
f 5424//5424 5689//5689 5595//5595
f 5690//5690 5559//5559 5689//5689
f 5511//5511 5765//5765 5550//5550
f 335//335 472//472 592//592
f 891//891 653//653 678//678
f 467//467 649//649 352//352
f 648//648 649//649 467//467
f 355//355 754//754 590//590
f 709//709 925//925 469//469
f 412//412 709//709 469//469
f 649//649 410//410 352//352
f 557//557 651//651 355//355
f 650//650 651//651 354//354
f 5875//5875 5495//5495 5402//5402
f 5710//5710 5495//5495 5875//5875
f 555//555 707//707 705//705
f 645//645 555//555 705//705
f 602//602 706//706 777//777
f 777//777 890//890 602//602
f 706//706 602//602 570//570
f 616//616 646//646 675//675
f 779//779 674//674 609//609
f 753//753 609//609 617//617
f 674//674 555//555 407//407
f 616//616 632//632 646//646
f 570//570 726//726 777//777
f 5533//5533 5683//5683 5591//5591
f 5534//5534 5683//5683 5533//5533
f 5641//5641 5504//5504 5607//5607
f 5536//5536 5534//5534 5591//5591
f 5683//5683 5532//5532 5503//5503
f 5541//5541 5647//5647 5608//5608
f 5608//5608 5582//5582 5347//5347
f 5567//5567 5581//5581 5646//5646
f 5608//5608 5319//5319 5582//5582
f 5504//5504 5643//5643 5537//5537
f 5641//5641 5643//5643 5504//5504
f 5592//5592 5537//5537 5643//5643
f 5485//5485 5606//5606 5682//5682
f 5578//5578 5499//5499 5526//5526
f 5527//5527 5484//5484 5590//5590
f 5444//5444 5599//5599 5606//5606
f 5388//5388 5409//5409 5788//5788
f 5530//5530 5640//5640 5531//5531
f 5529//5529 5500//5500 5580//5580
f 5765//5765 5511//5511 5551//5551
f 5421//5421 5512//5512 5621//5621
f 5658//5658 5719//5719 5594//5594
f 5659//5659 5550//5550 5727//5727
f 5781//5781 5555//5555 5492//5492
f 5781//5781 5491//5491 5626//5626
f 5588//5588 5660//5660 5554//5554
f 5661//5661 5555//5555 5781//5781
f 5349//5349 5584//5584 5687//5687
f 5542//5542 5506//5506 5600//5600
f 5323//5323 5542//5542 5600//5600
f 5487//5487 5646//5646 5686//5686
f 5506//5506 5583//5583 5650//5650
f 5686//5686 5583//5583 5487//5487
f 5620//5620 5610//5610 5548//5548
f 5620//5620 5548//5548 5587//5587
f 5547//5547 5464//5464 5546//5546
f 5449//5449 5547//5547 5730//5730
f 5508//5508 5547//5547 5546//5546
f 5508//5508 5611//5611 5547//5547
f 5545//5545 5730//5730 5568//5568
f 5585//5585 5323//5323 5600//5600
f 5704//5704 5609//5609 5585//5585
f 5585//5585 5609//5609 5323//5323
f 5586//5586 5543//5543 5568//5568
f 5543//5543 5507//5507 5568//5568
f 5475//5475 5248//5248 5634//5634
f 5374//5374 5816//5816 5575//5575
f 5248//5248 5617//5617 5634//5634
f 5517//5517 5616//5616 5740//5740
f 5597//5597 5440//5440 5404//5404
f 5574//5574 5616//5616 5439//5439
f 862//862 704//704 702//702
f 703//703 569//569 644//644
f 726//726 570//570 673//673
f 645//645 644//644 569//569
f 673//673 570//570 672//672
f 672//672 570//570 704//704
f 5667//5667 5516//5516 5666//5666
f 5666//5666 5516//5516 5471//5471
f 5571//5571 5429//5429 5630//5630
f 5571//5571 5630//5630 5366//5366
f 5514//5514 5693//5693 5482//5482
f 5428//5428 5399//5399 5630//5630
f 5668//5668 5436//5436 5435//5435
f 5369//5369 5603//5603 5596//5596
f 5369//5369 5474//5474 5603//5603
f 5436//5436 5875//5875 5573//5573
f 5474//5474 5562//5562 5517//5517
f 5697//5697 5572//5572 5493//5493
f 5369//5369 5596//5596 5473//5473
f 5494//5494 5473//5473 5697//5697
f 5698//5698 5455//5455 5589//5589
f 5518//5518 5714//5714 5273//5273
f 5576//5576 5519//5519 5378//5378
f 699//699 697//697 598//598
f 585//585 607//607 723//723
f 5456//5456 5269//5269 5755//5755
f 5458//5458 5523//5523 5817//5817
f 5701//5701 5523//5523 5385//5385
f 5635//5635 5563//5563 5521//5521
f 5984//5984 5234//5234 5635//5635
f 5788//5788 5636//5636 5524//5524
f 450//450 548//548 670//670
f 670//670 548//548 495//495
f 642//642 701//701 565//565
f 567//567 947//947 495//495
f 614//614 608//608 643//643
f 701//701 671//671 565//565
f 643//643 600//600 671//671
f 725//725 495//495 947//947
f 698//698 585//585 732//732
f 805//805 699//699 423//423
f 992//992 585//585 723//723
f 641//641 599//599 858//858
f 668//668 545//545 450//450
f 805//805 545//545 857//857
f 858//858 599//599 724//724
f 724//724 599//599 698//698
f 5480//5480 5509//5509 5285//5285
f 5355//5355 5620//5620 5587//5587
f 5610//5610 5418//5418 5548//5548
f 5587//5587 5548//5548 5479//5479
f 5553//5553 5491//5491 5450//5450
f 5422//5422 5361//5361 5625//5625
f 5420//5420 5421//5421 5551//5551
f 5348//5348 5593//5593 5321//5321
f 5567//5567 5487//5487 5505//5505
f 5097//5097 5648//5648 5347//5347
f 5355//5355 5352//5352 5609//5609
f 5609//5609 5352//5352 5323//5323
f 5184//5184 5350//5350 5584//5584
f 5446//5446 5542//5542 5323//5323
f 5506//5506 5542//5542 5463//5463
f 5400//5400 5431//5431 5667//5667
f 5434//5434 5697//5697 5262//5262
f 5262//5262 5697//5697 5493//5493
f 5434//5434 5494//5494 5697//5697
f 5589//5589 5455//5455 5400//5400
f 5399//5399 5366//5366 5630//5630
f 5301//5301 5428//5428 5514//5514
f 5437//5437 5616//5616 5517//5517
f 5573//5573 5875//5875 5402//5402
f 5437//5437 5517//5517 5562//5562
f 5372//5372 5616//5616 5403//5403
f 5439//5439 5616//5616 5438//5438
f 5372//5372 5438//5438 5616//5616
f 5370//5370 5562//5562 5474//5474
f 5403//5403 5616//5616 5437//5437
f 5494//5494 5368//5368 5473//5473
f 5467//5467 5558//5558 5452//5452
f 5557//5557 5424//5424 5556//5556
f 5394//5394 5554//5554 5466//5466
f 5298//5298 5491//5491 5781//5781
f 5394//5394 5423//5423 5481//5481
f 5394//5394 5481//5481 5570//5570
f 5515//5515 5301//5301 5514//5514
f 5561//5561 5427//5427 5629//5629
f 5628//5628 5692//5692 5470//5470
f 5469//5469 5690//5690 5365//5365
f 5398//5398 5627//5627 5613//5613
f 640//640 717//717 629//629
f 717//717 688//688 629//629
f 627//627 626//626 688//688
f 728//728 659//659 638//638
f 637//637 627//627 688//688
f 688//688 626//626 606//606
f 637//637 662//662 596//596
f 639//639 605//605 660//660
f 660//660 605//605 686//686
f 604//604 661//661 638//638
f 687//687 638//638 661//661
f 5502//5502 5477//5477 5530//5530
f 5460//5460 5501//5501 5414//5414
f 5501//5501 5580//5580 5500//5500
f 5636//5636 5385//5385 5524//5524
f 5604//5604 5819//5819 5334//5334
f 5635//5635 5497//5497 5563//5563
f 5251//5251 5384//5384 5522//5522
f 5385//5385 5523//5523 5458//5458
f 5564//5564 5640//5640 5579//5579
f 5529//5529 5580//5580 5444//5444
f 5448//5448 5543//5543 5350//5350
f 5544//5544 5355//5355 5609//5609
f 5354//5354 5543//5543 5324//5324
f 5324//5324 5543//5543 5448//5448
f 5487//5487 5583//5583 5478//5478
f 5583//5583 5506//5506 5478//5478
f 5348//5348 5282//5282 5651//5651
f 5348//5348 5651//5651 5593//5593
f 5349//5349 5687//5687 5282//5282
f 5488//5488 5549//5549 5611//5611
f 5612//5612 5418//5418 5610//5610
f 5488//5488 5611//5611 5546//5546
f 5546//5546 5611//5611 5508//5508
f 5594//5594 5465//5465 5612//5612
f 5465//5465 5594//5594 5719//5719
f 5659//5659 5509//5509 5480//5480
f 5611//5611 5549//5549 5285//5285
f 5509//5509 5611//5611 5285//5285
f 5568//5568 5507//5507 5545//5545
f 5620//5620 5355//5355 5544//5544
f 5620//5620 5544//5544 5609//5609
f 5354//5354 5507//5507 5543//5543
f 5464//5464 5547//5547 5449//5449
f 5545//5545 5449//5449 5730//5730
f 5150//5150 5536//5536 5591//5591
f 5150//5150 5591//5591 5343//5343
f 5535//5535 5504//5504 5537//5537
f 5319//5319 5539//5539 5536//5536
f 5538//5538 5592//5592 5461//5461
f 5592//5592 5538//5538 5537//5537
f 5319//5319 5536//5536 5150//5150
f 5538//5538 5461//5461 5537//5537
f 5683//5683 5503//5503 5591//5591
f 5477//5477 5502//5502 5607//5607
f 5504//5504 5477//5477 5607//5607
f 5504//5504 5535//5535 5477//5477
f 5534//5534 5533//5533 5591//5591
f 5281//5281 5648//5648 5097//5097
f 5648//5648 5541//5541 5347//5347
f 5646//5646 5487//5487 5567//5567
f 5608//5608 5347//5347 5541//5541
f 5593//5593 5281//5281 5321//5321
f 5416//5416 5582//5582 5319//5319
f 5540//5540 5461//5461 5592//5592
f 5505//5505 5581//5581 5567//5567
f 5347//5347 5582//5582 5416//5416
f 5540//5540 5505//5505 5461//5461
f 5540//5540 5581//5581 5505//5505
f 5561//5561 5560//5560 5363//5363
f 5398//5398 5560//5560 5627//5627
f 5690//5690 5454//5454 5365//5365
f 5363//5363 5560//5560 5398//5398
f 5482//5482 5629//5629 5427//5427
f 5689//5689 5453//5453 5595//5595
f 5690//5690 5469//5469 5559//5559
f 5432//5432 5572//5572 5430//5430
f 5430//5430 5572//5572 5429//5429
f 5400//5400 5667//5667 5615//5615
f 5261//5261 5572//5572 5432//5432
f 5589//5589 5400//5400 5615//5615
f 5428//5428 5630//5630 5514//5514
f 5514//5514 5482//5482 5515//5515
f 5737//5737 5470//5470 5692//5692
f 5429//5429 5571//5571 5366//5366
f 5513//5513 5558//5558 5468//5468
f 5489//5489 5601//5601 5569//5569
f 5422//5422 5512//5512 5421//5421
f 5569//5569 5552//5552 5489//5489
f 5552//5552 5490//5490 5450//5450
f 5553//5553 5450//5450 5624//5624
f 5450//5450 5490//5490 5624//5624
f 5602//5602 5552//5552 5569//5569
f 5490//5490 5552//5552 5602//5602
f 5550//5550 5420//5420 5511//5511
f 5719//5719 5489//5489 5465//5465
f 5480//5480 5420//5420 5550//5550
f 5480//5480 5550//5550 5659//5659
f 5621//5621 5551//5551 5421//5421
f 5489//5489 5510//5510 5601//5601
f 5719//5719 5510//5510 5489//5489
f 5420//5420 5551//5551 5511//5511
f 5423//5423 5558//5558 5481//5481
f 5557//5557 5689//5689 5424//5424
f 5557//5557 5556//5556 5689//5689
f 5558//5558 5467//5467 5468//5468
f 5452//5452 5558//5558 5423//5423
f 5466//5466 5554//5554 5625//5625
f 5626//5626 5491//5491 5553//5553
f 5466//5466 5625//5625 5361//5361
f 5570//5570 5660//5660 5394//5394
f 5661//5661 5451//5451 5555//5555
f 5588//5588 5394//5394 5660//5660
f 5588//5588 5554//5554 5394//5394
f 529//529 621//621 515//515
f 620//620 680//680 559//559
f 714//714 727//727 634//634
f 828//828 714//714 634//634
f 529//529 733//733 621//621
f 759//759 655//655 633//633
f 828//828 634//634 594//594
f 621//621 611//611 572//572
f 5634//5634 5574//5574 5475//5475
f 5496//5496 5404//5404 5440//5440
f 5617//5617 5248//5248 5442//5442
f 5374//5374 5575//5575 5249//5249
f 5374//5374 5440//5440 5597//5597
f 5575//5575 5816//5816 5249//5249
f 5475//5475 5574//5574 5439//5439
f 683//683 559//559 682//682
f 635//635 715//715 636//636
f 623//623 656//656 574//574
f 737//737 684//684 635//635
f 5332//5332 5842//5842 5307//5307
f 5485//5485 5444//5444 5606//5606
f 5486//5486 5484//5484 5527//5527
f 5526//5526 5444//5444 5485//5485
f 5599//5599 5444//5444 5580//5580
f 5528//5528 5565//5565 5564//5564
f 5528//5528 5590//5590 5565//5565
f 5527//5527 5590//5590 5528//5528
f 5499//5499 5409//5409 5577//5577
f 5334//5334 5722//5722 5604//5604
f 5410//5410 5818//5818 5459//5459
f 5485//5485 5682//5682 5526//5526
f 5484//5484 5459//5459 5818//5818
f 5501//5501 5500//5500 5414//5414
f 5531//5531 5502//5502 5530//5530
f 5532//5532 5501//5501 5460//5460
f 5460//5460 5503//5503 5532//5532
f 5564//5564 5565//5565 5640//5640
f 5566//5566 5530//5530 5579//5579
f 5530//5530 5566//5566 5640//5640
f 5566//5566 5579//5579 5640//5640
f 5377//5377 5576//5576 5378//5378
f 5714//5714 5377//5377 5274//5274
f 5273//5273 5714//5714 5274//5274
f 5277//5277 5381//5381 5192//5192
f 5519//5519 5520//5520 5379//5379
f 5378//5378 5519//5519 5379//5379
f 5842//5842 5375//5375 5307//5307
f 5457//5457 5672//5672 5273//5273
f 5672//5672 5518//5518 5273//5273
f 5456//5456 5755//5755 5271//5271
f 5636//5636 5679//5679 5385//5385
f 5679//5679 5619//5619 5385//5385
f 5788//5788 5524//5524 5388//5388
f 5619//5619 5701//5701 5385//5385
f 6674//6674 5407//5407 6673//6673
f 6674//6674 5525//5525 5386//5386
f 5605//5605 5722//5722 5498//5498
f 5605//5605 5498//5498 5525//5525
f 5383//5383 5443//5443 5311//5311
f 5381//5381 5786//5786 5193//5193
f 5676//5676 5598//5598 5278//5278
f 5278//5278 5598//5598 5443//5443
f 5234//5234 5497//5497 5635//5635
f 6673//6673 5234//5234 6672//6672
f 6672//6672 5234//5234 5984//5984
f 621//621 893//893 611//611
f 782//782 955//955 593//593
f 611//611 893//893 619//619
f 680//680 634//634 727//727
f 954//954 758//758 759//759
f 758//758 655//655 759//759
f 5434//5434 5262//5262 5167//5167
f 734//734 656//656 623//623
f 733//733 529//529 681//681
f 680//680 927//927 790//790
f 790//790 736//736 682//682
f 5271//5271 5308//5308 4986//4986
f 5266//5266 5618//5618 5232//5232
f 410//410 650//650 354//354
f 649//649 814//814 410//410
f 651//651 816//816 355//355
f 757//757 810//810 465//465
f 465//465 810//810 647//647
f 647//647 780//780 465//465
f 358//358 710//710 711//711
f 469//469 710//710 358//358
f 708//708 754//754 355//355
f 816//816 708//708 355//355
f 754//754 709//709 412//412
f 674//674 809//809 707//707
f 778//778 632//632 602//602
f 674//674 707//707 555//555
f 646//646 752//752 675//675
f 676//676 675//675 752//752
f 753//753 779//779 609//609
f 809//809 674//674 779//779
f 751//751 646//646 632//632
f 676//676 753//753 617//617
f 4937//4937 5324//5324 5350//5350
f 4874//4874 5613//5613 5299//5299
f 5178//5178 5452//5452 5243//5243
f 655//655 1028//1028 512//512
f 655//655 512//512 654//654
f 474//474 756//756 475//475
f 711//711 755//755 591//591
f 891//891 678//678 951//951
f 1028//1028 825//825 512//512
f 1361//1361 340//340 677//677
f 713//713 653//653 891//891
f 340//340 824//824 782//782
f 5239//5239 5238//5238 5445//5445
f 4993//4993 5416//5416 5150//5150
f 5344//5344 5198//5198 5218//5218
f 5199//5199 5096//5096 5295//5295
f 5061//5061 5350//5350 5153//5153
f 5061//5061 4937//4937 5350//5350
f 5355//5355 5253//5253 5133//5133
f 5102//5102 5324//5324 4937//4937
f 5283//5283 5322//5322 5239//5239
f 5351//5351 5252//5252 5322//5322
f 5194//5194 5387//5387 5132//5132
f 5194//5194 5316//5316 5388//5388
f 5317//5317 5337//5337 5216//5216
f 5094//5094 5149//5149 5414//5414
f 5217//5217 5216//5216 5337//5337
f 5288//5288 5157//5157 5396//5396
f 5425//5425 5613//5613 4874//4874
f 5394//5394 5243//5243 5227//5227
f 5157//5157 5156//5156 5396//5396
f 5244//5244 5256//5256 5203//5203
f 5290//5290 5300//5300 5255//5255
f 5245//5245 5427//5427 5244//5244
f 5109//5109 5228//5228 5289//5289
f 5559//5559 5109//5109 5289//5289
f 5392//5392 5103//5103 5253//5253
f 5103//5103 5392//5392 5357//5357
f 5357//5357 5241//5241 5103//5103
f 5287//5287 5201//5201 5328//5328
f 5254//5254 5107//5107 5243//5243
f 5202//5202 5107//5107 5242//5242
f 5208//5208 5265//5265 5248//5248
f 5208//5208 5248//5248 5305//5305
f 770//770 695//695 854//854
f 5167//5167 5493//5493 5007//5007
f 5263//5263 5139//5139 5247//5247
f 5229//5229 5205//5205 5112//5112
f 5246//5246 5429//5429 5073//5073
f 5207//5207 5372//5372 5053//5053
f 5113//5113 5370//5370 5076//5076
f 5146//5146 5272//5272 4987//4987
f 5678//5678 5089//5089 4741//4741
f 722//722 721//721 854//854
f 769//769 692//692 694//694
f 722//722 666//666 721//721
f 666//666 691//691 721//721
f 720//720 690//690 692//692
f 802//802 718//718 719//719
f 802//802 719//719 764//764
f 802//802 765//765 718//718
f 721//721 690//690 720//720
f 721//721 720//720 745//745
f 691//691 690//690 721//721
f 5317//5317 5292//5292 5527//5527
f 5414//5414 5223//5223 5094//5094
f 5411//5411 5335//5335 5410//5410
f 5526//5526 5148//5148 5195//5195
f 5335//5335 5411//5411 5043//5043
f 5342//5342 5218//5218 5293//5293
f 5218//5218 5294//5294 5344//5344
f 5237//5237 5416//5416 4993//4993
f 5390//5390 5236//5236 5198//5198
f 5150//5150 5343//5343 4931//4931
f 4931//4931 5343//5343 5060//5060
f 5198//5198 5344//5344 5390//5390
f 5224//5224 5340//5340 5177//5177
f 5149//5149 5177//5177 5414//5414
f 5217//5217 5339//5339 5197//5197
f 5276//5276 5378//5378 5173//5173
f 5088//5088 5277//5277 5192//5192
f 5520//5520 5277//5277 5088//5088
f 5381//5381 5193//5193 4988//4988
f 5192//5192 5381//5381 4988//4988
f 5378//5378 5309//5309 5173//5173
f 5214//5214 5275//5275 5250//5250
f 5173//5173 5309//5309 5380//5380
f 5174//5174 5311//5311 4924//4924
f 5311//5311 5279//5279 4924//4924
f 5310//5310 5520//5520 5088//5088
f 5193//5193 5278//5278 4882//4882
f 5380//5380 5310//5310 5088//5088
f 4986//4986 5308//5308 5146//5146
f 5189//5189 5271//5271 4986//4986
f 5232//5232 5267//5267 5269//5269
f 5618//5618 5267//5267 5232//5232
f 5270//5270 5456//5456 5189//5189
f 5269//5269 5270//5270 5189//5189
f 5268//5268 5269//5269 5189//5189
f 5191//5191 5276//5276 5173//5173
f 5250//5250 5276//5276 5191//5191
f 5274//5274 5275//5275 5214//5214
f 4923//4923 5273//5273 5190//5190
f 5233//5233 5273//5273 4923//4923
f 5308//5308 5376//5376 5146//5146
f 5190//5190 5274//5274 5214//5214
f 4987//4987 5272//5272 5233//5233
f 5386//5386 5176//5176 4962//4962
f 5132//5132 5314//5314 5235//5235
f 5131//5131 5313//5313 5385//5385
f 5385//5385 5313//5313 5235//5235
f 5315//5315 5183//5183 5222//5222
f 5315//5315 5333//5333 5498//5498
f 5335//5335 5090//5090 5183//5183
f 5315//5315 5335//5335 5183//5183
f 5222//5222 5333//5333 5315//5315
f 4924//4924 5279//5279 5175//5175
f 4882//4882 5383//5383 5174//5174
f 5279//5279 5312//5312 5175//5175
f 5278//5278 5383//5383 4882//4882
f 5563//5563 5015//5015 5312//5312
f 5312//5312 5015//5015 5175//5175
f 5524//5524 5235//5235 5314//5314
f 5524//5524 5385//5385 5235//5235
f 5327//5327 5358//5358 5064//5064
f 5064//5064 5226//5226 5286//5286
f 4903//4903 5420//5420 5154//5154
f 5549//5549 5154//5154 5219//5219
f 5357//5357 5419//5419 5241//5241
f 5394//5394 5254//5254 5243//5243
f 5298//5298 5108//5108 5287//5287
f 5451//5451 5108//5108 5298//5298
f 5164//5164 5420//5420 4903//4903
f 5358//5358 5359//5359 5064//5064
f 5135//5135 5545//5545 5297//5297
f 5239//5239 5445//5445 5283//5283
f 5099//5099 5282//5282 5240//5240
f 4834//4834 5321//5321 5296//5296
f 5348//5348 5321//5321 4834//4834
f 5349//5349 5282//5282 5099//5099
f 5184//5184 5349//5349 5099//5099
f 5240//5240 5348//5348 4834//4834
f 5237//5237 5280//5280 5416//5416
f 5096//5096 5346//5346 5295//5295
f 5237//5237 5347//5347 5280//5280
f 5346//5346 5236//5236 5390//5390
f 5236//5236 5346//5346 5096//5096
f 4834//4834 5296//5296 5281//5281
f 4834//4834 5281//5281 5097//5097
f 5295//5295 5320//5320 5199//5199
f 5238//5238 5199//5199 5320//5320
f 5283//5283 5284//5284 5322//5322
f 5097//5097 5347//5347 5237//5237
f 5133//5133 5353//5353 5355//5355
f 5352//5352 5353//5353 5133//5133
f 5252//5252 5351//5351 5352//5352
f 5167//5167 5262//5262 5230//5230
f 5434//5434 5231//5231 5368//5368
f 5260//5260 5259//5259 5367//5367
f 5259//5259 5472//5472 5367//5367
f 5493//5493 5167//5167 5230//5230
f 5367//5367 5247//5247 5260//5260
f 5007//5007 5493//5493 5261//5261
f 5261//5261 5162//5162 5007//5007
f 5495//5495 5206//5206 5040//5040
f 5076//5076 5370//5370 5291//5291
f 5435//5435 5263//5263 5304//5304
f 5263//5263 5435//5435 5401//5401
f 5573//5573 5040//5040 5330//5330
f 5301//5301 5204//5204 5221//5221
f 5111//5111 5301//5301 5221//5221
f 5245//5245 5204//5204 5301//5301
f 5257//5257 5290//5290 5364//5364
f 5229//5229 5257//5257 5364//5364
f 5364//5364 5258//5258 5229//5229
f 5161//5161 5162//5162 5432//5432
f 5432//5432 5246//5246 5161//5161
f 5258//5258 5472//5472 5259//5259
f 5258//5258 5259//5259 5260//5260
f 5073//5073 5429//5429 5166//5166
f 5258//5258 5260//5260 5229//5229
f 661//661 730//730 739//739
f 4985//4985 5268//5268 5189//5189
f 5269//5269 5268//5268 4985//4985
f 5213//5213 5266//5266 5030//5030
f 5089//5089 5332//5332 5307//5307
f 5030//5030 5266//5266 5232//5232
f 794//794 685//685 873//873
f 764//764 719//719 742//742
f 5248//5248 5306//5306 5305//5305
f 5206//5206 5405//5405 5187//5187
f 5209//5209 5406//5406 5265//5265
f 662//662 740//740 729//729
f 730//730 729//729 740//740
f 729//729 730//730 661//661
f 663//663 794//794 742//742
f 689//689 717//717 664//664
f 742//742 719//719 663//663
f 663//663 719//719 640//640
f 794//794 663//663 639//639
f 662//662 717//717 740//740
f 664//664 719//719 689//689
f 689//689 718//718 765//765
f 718//718 689//689 719//719
f 692//692 690//690 691//691
f 5336//5336 5500//5500 5529//5529
f 5414//5414 5500//5500 5336//5336
f 5413//5413 5579//5579 5530//5530
f 5484//5484 5486//5486 5292//5292
f 5527//5527 5292//5292 5486//5486
f 5223//5223 5529//5529 5444//5444
f 5527//5527 5528//5528 5564//5564
f 5444//5444 5526//5526 5223//5223
f 5295//5295 5461//5461 5320//5320
f 688//688 662//662 637//637
f 738//738 728//728 716//716
f 638//638 687//687 728//728
f 685//685 660//660 686//686
f 639//639 660//660 794//794
f 660//660 685//685 794//794
f 661//661 739//739 687//687
f 5442//5442 5406//5406 5476//5476
f 687//687 739//739 728//728
f 717//717 662//662 688//688
f 625//625 716//716 623//623
f 684//684 715//715 635//635
f 635//635 736//736 737//737
f 736//736 635//635 683//683
f 735//735 623//623 657//657
f 728//728 738//738 659//659
f 636//636 685//685 686//686
f 636//636 684//684 761//761
f 636//636 715//715 684//684
f 658//658 716//716 625//625
f 738//738 716//716 659//659
f 659//659 716//716 658//658
f 5369//5369 5473//5473 5368//5368
f 5698//5698 5263//5263 5455//5455
f 5261//5261 5493//5493 5572//5572
f 5455//5455 5303//5303 5400//5400
f 5373//5373 5496//5496 5440//5440
f 5249//5249 5816//5816 5441//5441
f 5370//5370 5113//5113 5562//5562
f 5371//5371 5437//5437 5562//5562
f 5402//5402 5040//5040 5573//5573
f 5403//5403 5437//5437 5186//5186
f 5383//5383 5311//5311 5174//5174
f 5382//5382 5676//5676 5278//5278
f 5786//5786 5676//5676 5382//5382
f 5786//5786 5382//5382 5193//5193
f 5678//5678 5483//5483 5089//5089
f 5521//5521 5563//5563 5279//5279
f 5274//5274 5377//5377 5275//5275
f 5380//5380 5520//5520 5310//5310
f 5309//5309 5520//5520 5380//5380
f 5379//5379 5520//5520 5309//5309
f 5819//5819 5315//5315 5334//5334
f 5315//5315 5819//5819 5410//5410
f 5412//5412 5526//5526 5499//5499
f 5316//5316 5499//5499 5577//5577
f 5385//5385 5458//5458 5131//5131
f 5131//5131 5817//5817 5384//5384
f 5525//5525 5498//5498 5408//5408
f 790//790 682//682 680//680
f 680//680 682//682 559//559
f 529//529 622//622 681//681
f 517//517 656//656 622//622
f 736//736 683//683 682//682
f 681//681 622//622 656//656
f 5266//5266 5375//5375 5618//5618
f 5376//5376 5672//5672 5146//5146
f 5672//5672 5457//5457 5272//5272
f 5272//5272 5457//5457 5233//5233
f 620//620 634//634 680//680
f 5089//5089 5483//5483 5332//5332
f 785//785 621//621 733//733
f 5350//5350 5324//5324 5448//5448
f 5463//5463 5351//5351 5506//5506
f 5200//5200 5546//5546 5464//5464
f 5357//5357 5418//5418 5612//5612
f 5419//5419 5357//5357 5612//5612
f 5507//5507 5356//5356 5545//5545
f 5587//5587 5479//5479 5391//5391
f 5341//5341 5343//5343 5591//5591
f 5461//5461 5345//5345 5535//5535
f 5416//5416 5319//5319 5150//5150
f 5460//5460 5318//5318 5503//5503
f 5340//5340 5503//5503 5318//5318
f 5339//5339 5477//5477 5535//5535
f 5591//5591 5503//5503 5340//5340
f 5487//5487 5445//5445 5462//5462
f 5445//5445 5478//5478 5506//5506
f 5280//5280 5347//5347 5416//5416
f 5295//5295 5346//5346 5461//5461
f 5505//5505 5462//5462 5417//5417
f 5505//5505 5417//5417 5320//5320
f 5426//5426 5559//5559 5469//5469
f 5158//5158 5468//5468 5467//5467
f 5452//5452 5178//5178 5467//5467
f 5425//5425 5398//5398 5613//5613
f 5301//5301 5399//5399 5428//5428
f 5431//5431 5472//5472 5667//5667
f 5431//5431 5400//5400 5367//5367
f 5430//5430 5246//5246 5432//5432
f 5431//5431 5302//5302 5472//5472
f 5454//5454 5364//5364 5365//5365
f 5244//5244 5561//5561 5363//5363
f 5365//5365 5255//5255 5469//5469
f 5470//5470 5737//5737 5471//5471
f 5454//5454 5470//5470 5364//5364
f 5454//5454 5628//5628 5470//5470
f 5420//5420 5106//5106 5421//5421
f 5421//5421 5106//5106 5360//5360
f 5552//5552 5327//5327 5489//5489
f 5327//5327 5326//5326 5489//5489
f 5285//5285 5219//5219 5480//5480
f 5465//5465 5419//5419 5612//5612
f 5556//5556 5156//5156 5395//5395
f 5556//5556 5395//5395 5451//5451
f 5556//5556 5451//5451 5661//5661
f 5360//5360 5422//5422 5421//5421
f 5393//5393 5422//5422 5360//5360
f 5107//5107 5394//5394 5466//5466
f 747//747 697//697 699//699
f 732//732 585//585 992//992
f 749//749 704//704 614//614
f 615//615 906//906 567//567
f 671//671 614//614 643//643
f 776//776 672//672 704//704
f 672//672 776//776 673//673
f 702//702 704//704 749//749
f 569//569 703//703 615//615
f 669//669 996//996 994//994
f 668//668 450//450 700//700
f 858//858 669//669 631//631
f 641//641 858//858 631//631
f 5060//5060 5341//5341 5340//5340
f 5461//5461 5390//5390 5344//5344
f 5344//5344 5345//5345 5461//5461
f 5342//5342 5294//5294 5218//5218
f 5217//5217 5338//5338 5339//5339
f 5340//5340 5318//5318 5460//5460
f 5320//5320 5417//5417 5462//5462
f 5296//5296 5321//5321 5281//5281
f 5462//5462 5445//5445 5238//5238
f 5320//5320 5462//5462 5238//5238
f 5346//5346 5390//5390 5461//5461
f 5505//5505 5320//5320 5461//5461
f 5408//5408 5498//5498 5333//5333
f 5132//5132 5388//5388 5314//5314
f 5387//5387 5388//5388 5132//5132
f 5497//5497 5234//5234 5563//5563
f 5251//5251 5678//5678 4741//4741
f 5223//5223 5526//5526 5195//5195
f 5413//5413 5337//5337 5317//5317
f 5414//5414 5336//5336 5223//5223
f 5530//5530 5337//5337 5413//5413
f 5317//5317 5579//5579 5413//5413
f 5579//5579 5317//5317 5527//5527
f 5194//5194 5388//5388 5387//5387
f 5292//5292 5215//5215 5484//5484
f 5394//5394 5227//5227 5423//5423
f 5452//5452 5423//5423 5243//5243
f 5328//5328 5359//5359 5450//5450
f 5287//5287 5491//5491 5362//5362
f 5362//5362 5298//5298 5287//5287
f 5107//5107 5361//5361 5242//5242
f 5220//5220 5425//5425 5185//5185
f 5397//5397 5469//5469 5255//5255
f 4874//4874 5299//5299 5158//5158
f 5559//5559 5228//5228 5453//5453
f 5200//5200 5464//5464 5135//5135
f 5392//5392 5253//5253 5391//5391
f 5357//5357 5392//5392 5418//5418
f 5324//5324 5102//5102 5354//5354
f 5325//5325 5253//5253 5355//5355
f 5420//5420 5164//5164 5106//5106
f 5326//5326 5064//5064 5286//5286
f 5327//5327 5064//5064 5326//5326
f 5552//5552 5450//5450 5359//5359
f 5419//5419 5465//5465 5241//5241
f 5226//5226 5489//5489 5286//5286
f 5241//5241 5489//5489 5226//5226
f 5496//5496 5373//5373 5206//5206
f 5436//5436 5330//5330 5401//5401
f 777//777 706//706 570//570
f 5248//5248 5406//5406 5442//5442
f 645//645 705//705 644//644
f 726//726 673//673 776//776
f 703//703 644//644 705//705
f 5374//5374 5187//5187 5405//5405
f 5306//5306 5439//5439 5305//5305
f 5406//5406 5248//5248 5265//5265
f 5187//5187 5374//5374 5249//5249
f 5111//5111 5329//5329 5301//5301
f 5516//5516 5472//5472 5258//5258
f 5470//5470 5258//5258 5364//5364
f 5365//5365 5290//5290 5255//5255
f 5303//5303 5247//5247 5367//5367
f 5303//5303 5263//5263 5247//5247
f 5303//5303 5433//5433 5263//5263
f 5304//5304 5263//5263 5698//5698
f 5472//5472 5302//5302 5367//5367
f 5230//5230 5262//5262 5493//5493
f 5618//5618 5269//5269 5267//5267
f 5307//5307 5375//5375 5266//5266
f 5213//5213 5307//5307 5266//5266
f 665//665 692//692 693//693
f 693//693 692//692 666//666
f 665//665 694//694 692//692
f 692//692 691//691 666//666
f 697//697 731//731 630//630
f 731//731 694//694 696//696
f 723//723 695//695 770//770
f 667//667 695//695 723//723
f 5374//5374 5405//5405 5440//5440
f 5475//5475 5439//5439 5306//5306
f 5816//5816 5331//5331 5441//5441
f 5476//5476 5406//5406 5331//5331
f 5331//5331 5816//5816 5476//5476
f 5441//5441 5331//5331 5249//5249
f 630//630 694//694 665//665
f 696//696 694//694 630//630
f 667//667 722//722 854//854
f 665//665 693//693 666//666
f 667//667 854//854 695//695
f 667//667 666//666 722//722
f 5564//5564 5579//5579 5527//5527
f 5529//5529 5223//5223 5336//5336
f 5459//5459 5411//5411 5410//5410
f 5043//5043 5411//5411 5459//5459
f 5148//5148 5499//5499 5316//5316
f 5388//5388 5316//5316 5409//5409
f 5148//5148 5412//5412 5499//5499
f 5577//5577 5409//5409 5316//5316
f 5484//5484 5215//5215 5459//5459
f 5148//5148 5526//5526 5412//5412
f 5459//5459 5215//5215 5043//5043
f 5341//5341 5591//5591 5340//5340
f 5535//5535 5293//5293 5339//5339
f 5477//5477 5339//5339 5338//5338
f 5217//5217 5477//5477 5338//5338
f 5535//5535 5345//5345 5344//5344
f 5535//5535 5344//5344 5294//5294
f 5535//5535 5342//5342 5293//5293
f 5060//5060 5343//5343 5341//5341
f 5535//5535 5294//5294 5342//5342
f 5530//5530 5389//5389 5217//5217
f 5177//5177 5340//5340 5460//5460
f 5177//5177 5460//5460 5414//5414
f 5337//5337 5530//5530 5217//5217
f 5415//5415 5477//5477 5217//5217
f 5217//5217 5389//5389 5415//5415
f 5250//5250 5378//5378 5276//5276
f 5378//5378 5379//5379 5309//5309
f 5278//5278 5443//5443 5383//5383
f 5193//5193 5382//5382 5278//5278
f 5146//5146 5672//5672 5272//5272
f 5271//5271 5376//5376 5308//5308
f 5269//5269 5456//5456 5270//5270
f 5189//5189 5456//5456 5271//5271
f 5377//5377 5378//5378 5250//5250
f 5275//5275 5377//5377 5250//5250
f 5457//5457 5273//5273 5233//5233
f 5190//5190 5273//5273 5274//5274
f 5386//5386 5525//5525 5176//5176
f 5525//5525 5333//5333 5176//5176
f 5525//5525 5408//5408 5333//5333
f 5388//5388 5524//5524 5314//5314
f 5410//5410 5335//5335 5315//5315
f 6674//6674 5386//5386 4962//4962
f 5315//5315 5498//5498 5334//5334
f 5251//5251 5522//5522 5678//5678
f 5311//5311 5521//5521 5279//5279
f 5279//5279 5563//5563 5312//5312
f 4962//4962 5407//5407 6674//6674
f 5407//5407 4962//4962 6673//6673
f 6673//6673 4962//4962 5234//5234
f 5131//5131 5384//5384 5251//5251
f 5359//5359 5358//5358 5552//5552
f 5393//5393 5360//5360 5066//5066
f 5552//5552 5358//5358 5327//5327
f 5489//5489 5241//5241 5465//5465
f 5549//5549 5219//5219 5285//5285
f 5286//5286 5489//5489 5326//5326
f 5219//5219 5154//5154 5420//5420
f 5480//5480 5219//5219 5420//5420
f 5451//5451 5298//5298 5492//5492
f 5451//5451 5492//5492 5555//5555
f 5254//5254 5394//5394 5107//5107
f 5395//5395 5156//5156 5451//5451
f 5242//5242 5393//5393 5066//5066
f 5450//5450 5491//5491 5328//5328
f 5242//5242 5422//5422 5393//5393
f 5422//5422 5242//5242 5361//5361
f 5362//5362 5491//5491 5298//5298
f 5107//5107 5466//5466 5361//5361
f 5491//5491 5287//5287 5328//5328
f 5036//5036 5153//5153 5350//5350
f 5323//5323 5351//5351 5447//5447
f 5351//5351 5446//5446 5447//5447
f 5323//5323 5352//5352 5351//5351
f 5240//5240 5282//5282 5348//5348
f 5445//5445 5506//5506 5283//5283
f 5463//5463 5446//5446 5351//5351
f 5584//5584 5349//5349 5184//5184
f 5036//5036 5350//5350 5184//5184
f 5283//5283 5506//5506 5284//5284
f 5284//5284 5351//5351 5322//5322
f 5506//5506 5351//5351 5284//5284
f 5135//5135 5464//5464 5449//5449
f 5545//5545 5135//5135 5449//5449
f 5200//5200 5488//5488 5546//5546
f 5418//5418 5392//5392 5391//5391
f 5200//5200 5549//5549 5488//5488
f 5355//5355 5353//5353 5352//5352
f 5356//5356 5297//5297 5545//5545
f 5102//5102 5356//5356 5507//5507
f 5587//5587 5325//5325 5355//5355
f 5297//5297 5356//5356 5102//5102
f 5587//5587 5253//5253 5325//5325
f 5253//5253 5587//5587 5391//5391
f 5507//5507 5354//5354 5102//5102
f 5243//5243 5423//5423 5227//5227
f 5303//5303 5455//5455 5433//5433
f 5455//5455 5263//5263 5433//5433
f 5494//5494 5434//5434 5368//5368
f 5435//5435 5304//5304 5698//5698
f 5430//5430 5429//5429 5246//5246
f 5367//5367 5302//5302 5431//5431
f 5261//5261 5432//5432 5162//5162
f 5367//5367 5400//5400 5303//5303
f 5207//5207 5438//5438 5372//5372
f 5207//5207 5439//5439 5438//5438
f 5373//5373 5440//5440 5206//5206
f 5248//5248 5475//5475 5306//5306
f 5206//5206 5440//5440 5405//5405
f 5305//5305 5439//5439 5207//5207
f 5404//5404 5206//5206 5495//5495
f 5496//5496 5206//5206 5404//5404
f 5435//5435 5436//5436 5401//5401
f 5573//5573 5330//5330 5436//5436
f 5474//5474 5369//5369 5370//5370
f 5370//5370 5369//5369 5291//5291
f 5264//5264 5369//5369 5368//5368
f 5264//5264 5291//5291 5369//5369
f 5186//5186 5372//5372 5403//5403
f 5402//5402 5495//5495 5040//5040
f 5113//5113 5371//5371 5562//5562
f 5371//5371 5186//5186 5437//5437
f 5559//5559 5426//5426 5109//5109
f 5398//5398 5425//5425 5220//5220
f 5203//5203 5256//5256 5363//5363
f 5109//5109 5426//5426 5469//5469
f 5469//5469 5397//5397 5109//5109
f 5398//5398 5220//5220 5363//5363
f 5595//5595 5453//5453 5288//5288
f 5178//5178 5158//5158 5467//5467
f 5556//5556 5424//5424 5288//5288
f 5556//5556 5288//5288 5396//5396
f 5556//5556 5396//5396 5156//5156
f 5228//5228 5559//5559 5289//5289
f 5288//5288 5424//5424 5595//5595
f 5468//5468 5158//5158 5513//5513
f 5299//5299 5513//5513 5158//5158
f 5299//5299 5613//5613 5513//5513
f 5329//5329 5399//5399 5301//5301
f 5366//5366 5399//5399 5111//5111
f 5516//5516 5258//5258 5471//5471
f 5166//5166 5366//5366 5111//5111
f 5429//5429 5366//5366 5166//5166
f 5470//5470 5471//5471 5258//5258
f 5111//5111 5399//5399 5329//5329
f 5561//5561 5244//5244 5427//5427
f 5290//5290 5365//5365 5364//5364
f 5220//5220 5203//5203 5363//5363
f 5245//5245 5301//5301 5515//5515
f 5427//5427 5245//5245 5482//5482
f 5245//5245 5515//5515 5482//5482
f 5256//5256 5244//5244 5363//5363
f 7162//7162 7216//7216 7144//7144
f 292//292 305//305 323//323
f 308//308 300//300 313//313
f 7135//7135 7145//7145 7134//7134
f 308//308 329//329 300//300
f 300//300 374//374 299//299
f 312//312 328//328 330//330
f 319//319 282//282 314//314
f 7189//7189 7190//7190 7141//7141
f 7152//7152 7189//7189 7153//7153
f 7200//7200 7133//7133 7140//7140
f 7218//7218 7151//7151 7215//7215
f 315//315 305//305 294//294
f 195//195 303//303 309//309
f 7146//7146 7124//7124 7154//7154
f 7100//7100 7136//7136 7144//7144
f 7137//7137 7165//7165 7136//7136
f 327//327 315//315 294//294
f 7123//7123 7156//7156 7203//7203
f 345//345 307//307 593//593
f 7200//7200 7143//7143 7151//7151
f 7200//7200 7140//7140 7143//7143
f 7218//7218 7200//7200 7151//7151
f 7216//7216 7215//7215 7144//7144
f 7203//7203 7154//7154 7123//7123
f 7190//7190 7157//7157 7141//7141
f 7154//7154 7203//7203 7146//7146
f 7152//7152 7163//7163 7202//7202
f 7147//7147 7148//7148 6941//6941
f 7023//7023 7149//7149 7051//7051
f 300//300 329//329 374//374
f 338//338 301//301 298//298
f 6999//6999 7194//7194 7131//7131
f 7149//7149 7194//7194 6999//6999
f 7212//7212 7092//7092 7091//7091
f 7222//7222 7170//7170 7169//7169
f 7244//7244 7239//7239 7214//7214
f 307//307 344//344 306//306
f 396//396 312//312 295//295
f 272//272 279//279 294//294
f 320//320 269//269 253//253
f 7161//7161 7219//7219 7163//7163
f 240//240 278//278 360//360
f 302//302 292//292 323//323
f 299//299 374//374 298//298
f 356//356 286//286 285//285
f 7146//7146 7234//7234 7124//7124
f 7184//7184 7157//7157 7190//7190
f 7199//7199 7135//7135 7142//7142
f 7183//7183 7145//7145 7135//7135
f 7183//7183 7160//7160 7145//7145
f 7136//7136 7165//7165 7234//7234
f 7162//7162 7144//7144 7136//7136
f 323//323 305//305 315//315
f 7184//7184 7156//7156 7157//7157
f 327//327 294//294 279//279
f 7214//7214 7200//7200 7218//7218
f 7191//7191 7146//7146 7203//7203
f 320//320 253//253 369//369
f 313//313 269//269 320//320
f 7221//7221 7203//7203 7156//7156
f 330//330 296//296 253//253
f 369//369 253//253 296//296
f 7234//7234 7162//7162 7136//7136
f 7201//7201 7152//7152 7202//7202
f 7191//7191 7234//7234 7146//7146
f 7189//7189 7152//7152 7187//7187
f 7190//7190 7189//7189 7188//7188
f 7192//7192 7172//7172 7148//7148
f 7173//7173 7212//7212 7091//7091
f 7148//7148 7173//7173 7091//7091
f 7172//7172 7173//7173 7148//7148
f 7149//7149 7204//7204 7193//7193
f 7176//7176 7204//7204 7149//7149
f 7023//7023 7176//7176 7149//7149
f 7158//7158 7175//7175 7023//7023
f 7174//7174 7175//7175 7158//7158
f 338//338 314//314 297//297
f 312//312 330//330 254//254
f 7170//7170 7171//7171 7168//7168
f 7147//7147 7192//7192 7148//7148
f 7168//7168 7192//7192 7147//7147
f 7171//7171 7192//7192 7168//7168
f 7169//7169 7170//7170 7168//7168
f 7239//7239 7133//7133 7200//7200
f 6945//6945 7195//7195 7025//7025
f 7149//7149 7177//7177 7194//7194
f 7194//7194 7207//7207 7131//7131
f 7181//7181 7196//7196 7150//7150
f 7179//7179 7180//7180 7159//7159
f 7025//7025 7179//7179 7159//7159
f 7178//7178 7179//7179 7025//7025
f 7190//7190 7303//7303 7221//7221
f 7203//7203 7221//7221 7235//7235
f 281//281 396//396 295//295
f 7133//7133 7239//7239 7182//7182
f 7214//7214 7239//7239 7200//7200
f 7197//7197 7185//7185 7198//7198
f 7166//7166 7213//7213 7211//7211
f 314//314 275//275 297//297
f 7193//7193 7204//7204 7177//7177
f 272//272 294//294 271//271
f 392//392 263//263 246//246
f 350//350 265//265 292//292
f 286//286 278//278 240//240
f 7178//7178 7180//7180 7179//7179
f 7207//7207 7195//7195 7131//7131
f 7196//7196 7098//7098 7132//7132
f 7098//7098 7197//7197 7198//7198
f 7174//7174 7023//7023 7175//7175
f 7174//7174 7176//7176 7023//7023
f 7131//7131 7195//7195 6945//6945
f 7195//7195 7178//7178 7025//7025
f 7174//7174 7204//7204 7176//7176
f 7193//7193 7177//7177 7149//7149
f 7262//7262 7215//7215 7216//7216
f 7206//7206 7217//7217 7161//7161
f 7206//7206 7161//7161 7186//7186
f 7161//7161 7155//7155 7186//7186
f 7219//7219 7202//7202 7163//7163
f 7219//7219 7201//7201 7202//7202
f 7303//7303 7152//7152 7201//7201
f 7238//7238 7213//7213 7166//7166
f 7209//7209 7185//7185 7197//7197
f 7240//7240 7208//7208 7218//7218
f 7208//7208 7233//7233 7218//7218
f 7233//7233 7214//7214 7218//7218
f 316//316 273//273 366//366
f 414//414 316//316 366//366
f 282//282 366//366 267//267
f 343//343 279//279 272//272
f 311//311 343//343 272//272
f 311//311 272//272 316//316
f 396//396 281//281 257//257
f 307//307 306//306 593//593
f 7167//7167 7222//7222 7166//7166
f 7211//7211 7222//7222 7167//7167
f 7168//7168 7222//7222 7169//7169
f 7222//7222 7168//7168 7166//7166
f 7166//7166 7211//7211 7167//7167
f 7172//7172 7212//7212 7173//7173
f 294//294 305//305 271//271
f 271//271 305//305 293//293
f 277//277 299//299 298//298
f 268//268 276//276 299//299
f 299//299 276//276 300//300
f 301//301 264//264 298//298
f 301//301 338//338 297//297
f 259//259 283//283 284//284
f 226//226 238//238 321//321
f 302//302 350//350 292//292
f 270//270 283//283 259//259
f 265//265 352//352 237//237
f 340//340 280//280 255//255
f 396//396 257//257 317//317
f 306//306 274//274 593//593
f 300//300 234//234 313//313
f 314//314 267//267 275//275
f 314//314 282//282 267//267
f 330//330 253//253 254//254
f 269//269 313//313 234//234
f 281//281 312//312 254//254
f 312//312 281//281 295//295
f 7190//7190 7188//7188 7303//7303
f 7184//7184 7190//7190 7221//7221
f 7187//7187 7152//7152 7303//7303
f 7303//7303 7188//7188 7189//7189
f 7191//7191 7232//7232 7264//7264
f 305//305 292//292 261//261
f 7235//7235 7232//7232 7203//7203
f 7232//7232 7191//7191 7203//7203
f 7184//7184 7221//7221 7156//7156
f 7160//7160 7206//7206 7186//7186
f 7160//7160 7164//7164 7145//7145
f 7160//7160 7186//7186 7164//7164
f 7217//7217 7205//7205 7161//7161
f 7205//7205 7219//7219 7161//7161
f 7220//7220 7160//7160 7183//7183
f 7234//7234 7165//7165 7124//7124
f 7273//7273 7183//7183 7135//7135
f 7303//7303 7189//7189 7187//7187
f 7273//7273 7135//7135 7199//7199
f 360//360 288//288 241//241
f 191//191 303//303 195//195
f 241//241 289//289 303//303
f 288//288 289//289 241//241
f 266//266 286//286 189//189
f 285//285 286//286 266//266
f 286//286 287//287 189//189
f 413//413 246//246 291//291
f 290//290 291//291 228//228
f 304//304 302//302 323//323
f 242//242 290//290 244//244
f 260//260 309//309 242//242
f 195//195 309//309 260//260
f 244//244 290//290 228//228
f 7011//7011 7030//7030 6957//6957
f 6957//6957 7057//7057 7011//7011
f 7083//7083 7008//7008 7009//7009
f 7059//7059 7009//7009 6979//6979
f 7009//7009 7059//7059 7083//7083
f 7017//7017 7047//7047 6923//6923
f 7068//7068 7039//7039 7038//7038
f 7069//7069 7020//7020 7039//7039
f 398//398 399//399 370//370
f 7045//7045 7060//7060 7002//7002
f 6902//6902 7022//7022 7073//7073
f 7042//7042 6997//6997 6998//6998
f 7005//7005 7007//7007 7040//7040
f 7022//7022 6937//6937 7021//7021
f 7042//7042 6932//6932 6898//6898
f 7022//7022 7021//7021 7041//7041
f 7021//7021 6937//6937 7006//7006
f 7012//7012 6982//6982 7046//7046
f 6979//6979 7010//7010 6958//6958
f 7060//7060 7013//7013 6980//6980
f 7059//7059 6979//6979 7046//7046
f 6920//6920 7017//7017 7016//7016
f 7031//7031 7017//7017 6920//6920
f 7107//7107 6984//6984 6866//6866
f 7061//7061 7046//7046 6982//6982
f 7013//7013 7014//7014 7015//7015
f 7014//7014 7013//7013 7061//7061
f 7061//7061 7015//7015 7014//7014
f 6957//6957 7030//7030 7001//7001
f 7009//7009 7010//7010 6979//6979
f 6877//6877 7010//7010 7008//7008
f 7010//7010 7009//7009 7008//7008
f 7011//7011 7001//7001 7030//7030
f 7039//7039 7019//7019 7018//7018
f 6988//6988 7004//7004 7039//7039
f 7019//7019 7039//7039 7020//7020
f 7049//7049 7070//7070 7019//7019
f 7038//7038 7039//7039 7004//7004
f 7019//7019 7020//7020 7049//7049
f 6985//6985 7017//7017 6923//6923
f 7036//7036 7018//7018 7037//7037
f 7037//7037 7018//7018 7019//7019
f 7018//7018 6988//6988 7039//7039
f 7037//7037 7019//7019 7036//7036
f 6928//6928 7018//7018 7035//7035
f 6928//6928 6988//6988 7018//7018
f 7018//7018 7036//7036 7066//7066
f 7066//7066 7003//7003 6964//6964
f 7003//7003 7066//7066 7036//7036
f 7125//7125 7121//7121 7141//7141
f 7081//7081 7161//7161 7163//7163
f 611//611 366//366 282//282
f 255//255 326//326 677//677
f 315//315 324//324 325//325
f 7189//7189 7141//7141 7153//7153
f 7137//7137 7124//7124 7165//7165
f 7124//7124 7122//7122 7123//7123
f 7141//7141 7121//7121 7120//7120
f 7124//7124 7137//7137 7122//7122
f 7082//7082 7163//7163 7152//7152
f 7102//7102 7152//7152 7153//7153
f 7137//7137 7136//7136 7043//7043
f 7136//7136 7101//7101 7043//7043
f 7124//7124 7123//7123 7154//7154
f 7157//7157 7156//7156 7138//7138
f 7141//7141 7157//7157 7125//7125
f 7127//7127 7138//7138 7156//7156
f 289//289 335//335 303//303
f 389//389 336//336 309//309
f 242//242 390//390 290//290
f 288//288 335//335 289//289
f 286//286 334//334 278//278
f 335//335 388//388 303//303
f 303//303 388//388 309//309
f 325//325 323//323 315//315
f 325//325 324//324 323//323
f 408//408 350//350 302//302
f 237//237 353//353 270//270
f 355//355 333//333 238//238
f 354//354 331//331 270//270
f 283//283 332//332 284//284
f 238//238 333//333 321//321
f 333//333 411//411 321//321
f 284//284 355//355 238//238
f 374//374 329//329 372//372
f 298//298 337//337 338//338
f 296//296 370//370 369//369
f 370//370 320//320 369//369
f 330//330 328//328 296//296
f 7105//7105 7110//7110 7031//7031
f 7123//7123 7126//7126 7156//7156
f 7156//7156 7126//7126 7127//7127
f 7031//7031 7110//7110 7106//7106
f 7128//7128 7106//7106 7110//7110
f 7108//7108 7110//7110 7105//7105
f 7129//7129 7139//7139 7110//7110
f 7128//7128 7110//7110 7139//7139
f 7065//7065 7108//7108 7105//7105
f 7033//7033 7065//7065 7105//7105
f 7097//7097 7196//7196 7027//7027
f 7196//7196 7132//7132 7027//7027
f 7314//7314 7074//7074 7209//7209
f 7209//7209 6949//6949 7185//7185
f 7025//7025 7159//7159 7095//7095
f 7052//7052 7131//7131 6945//6945
f 7026//7026 7196//7196 7097//7097
f 7150//7150 7196//7196 7026//7026
f 7159//7159 7150//7150 6946//6946
f 7186//7186 6826//6826 7164//7164
f 7161//7161 7117//7117 7155//7155
f 7117//7117 7161//7161 7118//7118
f 7135//7135 7079//7079 7080//7080
f 7142//7142 7135//7135 7080//7080
f 435//435 396//396 317//317
f 345//345 344//344 307//307
f 414//414 437//437 316//316
f 437//437 311//311 316//316
f 434//434 343//343 311//311
f 340//340 318//318 280//280
f 7158//7158 7023//7023 7094//7094
f 7093//7093 7092//7092 7158//7158
f 7024//7024 7023//7023 7051//7051
f 341//341 339//339 324//324
f 342//342 393//393 327//327
f 394//394 279//279 343//343
f 571//571 394//394 343//343
f 327//327 324//324 315//315
f 7168//7168 7130//7130 6766//6766
f 7153//7153 7029//7029 7102//7102
f 7011//7011 7057//7057 7120//7120
f 7153//7153 7044//7044 7029//7029
f 7153//7153 6957//6957 7044//7044
f 7114//7114 7086//7086 7070//7070
f 7045//7045 7084//7084 7060//7060
f 7083//7083 7058//7058 7123//7123
f 7045//7045 7002//7002 7138//7138
f 7058//7058 7059//7059 7123//7123
f 7059//7059 7058//7058 7083//7083
f 7138//7138 7002//7002 7011//7011
f 7063//7063 7017//7017 7128//7128
f 7020//7020 7070//7070 7049//7049
f 7020//7020 7114//7114 7070//7070
f 7039//7039 7085//7085 7069//7069
f 7068//7068 7085//7085 7039//7039
f 7068//7068 7050//7050 7085//7085
f 7069//7069 7114//7114 7020//7020
f 7112//7112 7018//7018 7066//7066
f 7041//7041 7021//7021 7086//7086
f 7086//7086 7021//7021 7070//7070
f 7050//7050 7040//7040 7085//7085
f 7128//7128 7017//7017 7031//7031
f 7107//7107 7062//7062 6984//6984
f 7046//7046 7061//7061 7103//7103
f 7084//7084 7013//7013 7060//7060
f 7061//7061 7013//7013 7103//7103
f 7084//7084 7103//7103 7013//7013
f 7065//7065 7048//7048 7108//7108
f 7048//7048 7018//7018 7067//7067
f 7048//7048 7067//7067 7110//7110
f 7018//7018 7048//7048 7035//7035
f 7017//7017 7063//7063 7047//7047
f 7063//7063 7139//7139 7047//7047
f 7139//7139 7064//7064 7047//7047
f 374//374 380//380 381//381
f 383//383 384//384 381//381
f 382//382 418//418 420//420
f 420//420 375//375 400//400
f 418//418 375//375 420//420
f 329//329 379//379 372//372
f 374//374 372//372 380//380
f 380//380 372//372 379//379
f 6998//6998 7073//7073 7089//7089
f 7086//7086 7022//7022 7041//7041
f 7072//7072 7042//7042 6998//6998
f 349//349 453//453 424//424
f 7064//7064 7139//7139 7109//7109
f 7139//7139 7066//7066 7109//7109
f 7110//7110 7108//7108 7048//7048
f 7111//7111 7129//7129 7110//7110
f 7066//7066 7139//7139 7129//7129
f 7033//7033 7105//7105 7107//7107
f 7065//7065 7033//7033 7032//7032
f 7128//7128 7139//7139 7063//7063
f 7085//7085 7115//7115 7113//7113
f 7110//7110 7067//7067 7018//7018
f 7040//7040 7115//7115 7085//7085
f 7129//7129 7112//7112 7066//7066
f 7129//7129 7018//7018 7112//7112
f 7111//7111 7018//7018 7129//7129
f 7110//7110 7018//7018 7111//7111
f 7115//7115 7040//7040 7071//7071
f 7085//7085 7113//7113 7069//7069
f 7069//7069 7116//7116 7114//7114
f 7113//7113 7116//7116 7069//7069
f 7121//7121 7011//7011 7120//7120
f 7121//7121 7125//7125 7011//7011
f 7011//7011 7157//7157 7138//7138
f 7123//7123 7122//7122 7083//7083
f 7011//7011 7125//7125 7157//7157
f 7103//7103 7084//7084 7138//7138
f 7103//7103 7104//7104 7046//7046
f 7105//7105 6984//6984 7062//7062
f 7062//7062 7107//7107 7105//7105
f 7105//7105 7031//7031 6984//6984
f 7106//7106 7128//7128 7031//7031
f 7059//7059 7046//7046 7123//7123
f 7104//7104 7123//7123 7046//7046
f 7138//7138 7084//7084 7045//7045
f 7103//7103 7127//7127 7126//7126
f 7138//7138 7127//7127 7103//7103
f 7104//7104 7103//7103 7126//7126
f 7123//7123 7104//7104 7126//7126
f 348//348 384//384 375//375
f 337//337 375//375 338//338
f 376//376 408//408 302//302
f 363//363 376//376 304//304
f 304//304 376//376 302//302
f 375//375 418//418 373//373
f 348//348 381//381 384//384
f 348//348 374//374 381//381
f 371//371 314//314 338//338
f 298//298 374//374 337//337
f 347//347 374//374 375//375
f 371//371 375//375 373//373
f 375//375 374//374 348//348
f 375//375 371//371 338//338
f 347//347 337//337 374//374
f 337//337 347//347 375//375
f 7114//7114 7116//7116 7086//7086
f 7007//7007 7115//7115 7071//7071
f 283//283 331//331 332//332
f 331//331 283//283 270//270
f 332//332 468//468 284//284
f 265//265 350//350 352//352
f 270//270 353//353 354//354
f 6932//6932 7089//7089 7115//7115
f 7116//7116 7022//7022 7086//7086
f 7089//7089 7113//7113 7115//7115
f 435//435 317//317 344//344
f 436//436 593//593 346//346
f 395//395 345//345 593//593
f 433//433 432//432 327//327
f 365//365 279//279 394//394
f 365//365 433//433 279//279
f 433//433 327//327 279//279
f 434//434 311//311 437//437
f 438//438 611//611 282//282
f 397//397 438//438 282//282
f 397//397 282//282 319//319
f 378//378 346//346 318//318
f 378//378 436//436 346//346
f 340//340 378//378 318//318
f 309//309 336//336 242//242
f 309//309 388//388 389//389
f 291//291 390//390 413//413
f 290//290 390//390 291//291
f 362//362 390//390 242//242
f 334//334 387//387 278//278
f 278//278 387//387 360//360
f 432//432 342//342 327//327
f 393//393 341//341 324//324
f 393//393 324//324 327//327
f 392//392 246//246 413//413
f 391//391 392//392 413//413
f 326//326 310//310 823//823
f 323//323 363//363 304//304
f 324//324 652//652 364//364
f 324//324 364//364 323//323
f 7088//7088 7073//7073 7022//7022
f 7116//7116 7088//7088 7022//7022
f 7113//7113 7090//7090 7116//7116
f 7088//7088 7116//7116 7073//7073
f 7040//7040 7007//7007 7071//7071
f 6932//6932 7042//7042 7089//7089
f 6932//6932 7087//7087 7007//7007
f 7087//7087 7115//7115 7007//7007
f 7115//7115 7087//7087 6932//6932
f 308//308 416//416 329//329
f 415//415 312//312 396//396
f 313//313 320//320 308//308
f 367//367 398//398 328//328
f 312//312 367//367 328//328
f 7072//7072 7089//7089 7042//7042
f 7116//7116 7090//7090 7073//7073
f 7073//7073 7090//7090 7113//7113
f 7113//7113 7089//7089 7073//7073
f 296//296 328//328 370//370
f 7089//7089 7072//7072 6998//6998
f 398//398 370//370 328//328
f 368//368 320//320 370//370
f 7134//7134 7145//7145 7056//7056
f 7144//7144 7055//7055 7100//7100
f 7186//7186 7155//7155 7099//7099
f 7186//7186 7099//7099 6826//6826
f 7142//7142 7080//7080 7210//7210
f 7134//7134 7056//7056 7078//7078
f 7135//7135 7134//7134 7079//7079
f 7209//7209 7074//7074 6949//6949
f 7210//7210 7075//7075 7314//7314
f 6726//6726 6905//6905 7133//7133
f 7215//7215 7151//7151 7077//7077
f 7144//7144 7215//7215 7055//7055
f 7055//7055 7215//7215 7077//7077
f 7143//7143 7140//7140 7054//7054
f 7143//7143 7054//7054 7076//7076
f 7151//7151 7143//7143 7076//7076
f 7153//7153 7141//7141 7057//7057
f 7029//7029 7152//7152 7102//7102
f 7152//7152 7029//7029 7082//7082
f 7008//7008 7083//7083 7137//7137
f 7083//7083 7122//7122 7137//7137
f 7043//7043 7008//7008 7137//7137
f 7008//7008 7043//7043 6877//6877
f 7057//7057 6957//6957 7153//7153
f 7120//7120 7057//7057 7141//7141
f 7081//7081 7118//7118 7161//7161
f 7081//7081 7163//7163 7119//7119
f 7155//7155 7118//7118 7099//7099
f 7155//7155 7117//7117 7118//7118
f 7101//7101 7136//7136 6827//6827
f 7082//7082 7119//7119 7163//7163
f 7119//7119 7028//7028 7081//7081
f 7082//7082 7028//7028 7119//7119
f 7168//7168 7147//7147 6941//6941
f 6766//6766 7130//7130 6940//6940
f 7166//7166 7168//7168 6766//6766
f 7130//7130 7168//7168 6941//6941
f 6940//6940 7130//7130 6941//6941
f 7092//7092 7093//7093 6943//6943
f 6538//6538 7092//7092 6943//6943
f 7091//7091 7092//7092 6538//6538
f 7094//7094 7023//7023 6943//6943
f 7158//7158 7094//7094 6943//6943
f 7093//7093 7158//7158 6943//6943
f 6656//6656 7148//7148 6658//6658
f 7148//7148 7091//7091 6658//6658
f 6872//6872 7091//7091 6538//6538
f 6658//6658 7091//7091 6872//6872
f 321//321 590//590 322//322
f 357//357 386//386 286//286
f 356//356 357//357 286//286
f 358//358 359//359 286//286
f 286//286 359//359 334//334
f 386//386 358//358 286//286
f 6546//6546 7166//7166 6766//6766
f 322//322 377//377 285//285
f 285//285 377//377 356//356
f 590//590 377//377 322//322
f 411//411 590//590 321//321
f 7026//7026 7097//7097 7027//7027
f 7096//7096 7150//7150 7026//7026
f 7095//7095 7159//7159 6946//6946
f 6669//6669 7095//7095 6946//6946
f 7150//7150 7096//7096 6946//6946
f 6946//6946 7096//7096 7026//7026
f 6951//6951 7166//7166 6546//6546
f 7198//7198 7185//7185 7098//7098
f 7132//7132 7098//7098 7027//7027
f 6948//6948 7185//7185 6949//6949
f 6999//6999 7131//7131 7000//7000
f 7095//7095 6669//6669 7025//7025
f 7000//7000 7131//7131 7052//7052
f 7053//7053 6945//6945 6665//6665
f 7052//7052 6945//6945 7053//7053
f 130//130 111//111 13//13
f 78//78 43//43 53//53
f 89//89 49//49 72//72
f 123//123 93//93 78//78
f 78//78 93//93 14//14
f 72//72 49//49 98//98
f 45//45 23//23 82//82
f 54//54 31//31 94//94
f 94//94 41//41 20//20
f 63//63 48//48 67//67
f 99//99 38//38 58//58
f 90//90 15//15 56//56
f 133//133 79//79 21//21
f 21//21 112//112 133//133
f 83//83 55//55 61//61
f 59//59 68//68 108//108
f 98//98 49//49 50//50
f 108//108 51//51 59//59
f 73//73 98//98 68//68
f 90//90 56//56 142//142
f 59//59 51//51 90//90
f 74//74 68//68 59//59
f 62//62 47//47 93//93
f 53//53 54//54 71//71
f 71//71 54//54 94//94
f 10//10 76//76 69//69
f 62//62 65//65 40//40
f 82//82 23//23 75//75
f 82//82 92//92 45//45
f 70//70 46//46 65//65
f 70//70 113//113 46//46
f 143//143 77//77 60//60
f 66//66 48//48 63//63
f 94//94 20//20 66//66
f 67//67 55//55 83//83
f 106//106 53//53 71//71
f 106//106 78//78 53//53
f 179//179 98//98 118//118
f 115//115 107//107 49//49
f 116//116 115//115 49//49
f 120//120 75//75 69//69
f 58//58 64//64 91//91
f 74//74 73//73 68//68
f 120//120 92//92 82//82
f 120//120 82//82 75//75
f 62//62 70//70 65//65
f 72//72 117//117 89//89
f 22//22 95//95 15//15
f 66//66 63//63 67//67
f 133//133 136//136 79//79
f 136//136 83//83 79//79
f 109//109 4//4 23//23
f 7428//7428 7477//7477 7379//7379
f 7471//7471 7397//7397 7390//7390
f 163//163 114//114 62//62
f 7411//7411 7394//7394 7410//7410
f 123//123 78//78 106//106
f 149//149 93//93 123//123
f 165//165 71//71 94//94
f 77//77 105//105 76//76
f 114//114 113//113 70//70
f 143//143 60//60 113//113
f 114//114 70//70 62//62
f 124//124 165//165 67//67
f 122//122 143//143 113//113
f 149//149 62//62 93//93
f 149//149 163//163 62//62
f 22//22 140//140 95//95
f 84//84 140//140 22//22
f 95//95 140//140 2//2
f 124//124 83//83 136//136
f 124//124 67//67 83//83
f 165//165 66//66 67//67
f 165//165 94//94 66//66
f 49//49 147//147 57//57
f 100//100 119//119 52//52
f 119//119 91//91 52//52
f 119//119 58//58 91//91
f 105//105 69//69 76//76
f 105//105 120//120 69//69
f 120//120 100//100 92//92
f 142//142 118//118 90//90
f 118//118 59//59 90//90
f 117//117 116//116 89//89
f 118//118 98//98 74//74
f 98//98 73//73 74//74
f 118//118 74//74 59//59
f 135//135 142//142 99//99
f 89//89 116//116 49//49
f 157//157 72//72 98//98
f 179//179 157//157 98//98
f 202//202 133//133 112//112
f 49//49 107//107 115//115
f 147//147 49//49 115//115
f 7477//7477 7392//7392 7379//7379
f 120//120 119//119 100//100
f 135//135 99//99 58//58
f 18//18 25//25 80//80
f 25//25 102//102 80//80
f 9//9 111//111 175//175
f 110//110 145//145 86//86
f 7//7 110//110 86//86
f 7406//7406 7488//7488 7452//7452
f 7421//7421 7499//7499 7437//7437
f 7443//7443 7457//7457 7395//7395
f 7443//7443 7429//7429 7457//7457
f 7454//7454 7455//7455 7419//7419
f 7420//7420 7456//7456 7499//7499
f 7419//7419 7456//7456 7420//7420
f 7420//7420 7499//7499 7421//7421
f 7465//7465 7468//7468 7425//7425
f 7408//7408 7407//7407 7489//7489
f 7489//7489 7409//7409 7408//7408
f 7453//7453 7396//7396 7436//7436
f 7439//7439 7462//7462 7432//7432
f 7401//7401 7451//7451 7445//7445
f 7445//7445 7463//7463 7402//7402
f 7457//7457 7379//7379 7356//7356
f 7474//7474 7345//7345 7462//7462
f 7494//7494 7485//7485 7423//7423
f 7494//7494 7431//7431 7485//7485
f 7484//7484 7431//7431 7442//7442
f 7499//7499 7347//7347 7473//7473
f 7493//7493 7472//7472 7455//7455
f 97//97 1//1 87//87
f 7468//7468 7465//7465 7392//7392
f 7491//7491 7391//7391 7492//7492
f 7377//7377 7472//7472 7493//7493
f 7475//7475 7491//7491 7492//7492
f 7486//7486 7485//7485 7461//7461
f 7473//7473 7347//7347 7484//7484
f 7464//7464 7497//7497 7488//7488
f 7498//7498 7397//7397 7489//7489
f 7488//7488 7497//7497 7498//7498
f 7488//7488 7498//7498 7452//7452
f 7490//7490 7389//7389 7464//7464
f 7464//7464 7389//7389 7497//7497
f 7489//7489 7397//7397 7471//7471
f 7495//7495 7428//7428 7379//7379
f 7461//7461 7485//7485 7444//7444
f 7500//7500 7496//7496 7479//7479
f 7462//7462 7345//7345 7478//7478
f 7478//7478 7345//7345 7316//7316
f 7409//7409 7471//7471 7453//7453
f 7406//7406 7452//7452 7498//7498
f 7345//7345 7476//7476 7374//7374
f 7463//7463 7469//7469 7402//7402
f 7451//7451 7316//7316 7445//7445
f 7402//7402 7479//7479 7380//7380
f 7402//7402 7470//7470 7479//7479
f 7432//7432 7478//7478 7451//7451
f 7402//7402 7469//7469 7470//7470
f 7464//7464 7488//7488 7406//7406
f 7423//7423 7485//7485 7446//7446
f 7447//7447 7461//7461 7444//7444
f 7456//7456 7483//7483 7499//7499
f 7374//7374 7476//7476 7450//7450
f 7457//7457 7356//7356 7395//7395
f 7429//7429 7379//7379 7457//7457
f 7467//7467 7428//7428 7466//7466
f 7448//7448 7444//7444 7465//7465
f 7425//7425 7467//7467 7466//7466
f 7446//7446 7486//7486 7447//7447
f 7450//7450 7476//7476 7439//7439
f 7428//7428 7495//7495 7429//7429
f 7396//7396 7482//7482 7411//7411
f 7406//7406 7458//7458 7407//7407
f 7458//7458 7489//7489 7407//7407
f 7406//7406 7498//7498 7458//7458
f 7437//7437 7473//7473 7484//7484
f 7419//7419 7472//7472 7456//7456
f 7449//7449 7481//7481 7490//7490
f 7412//7412 7482//7482 7491//7491
f 7409//7409 7489//7489 7471//7471
f 7481//7481 7487//7487 7490//7490
f 7463//7463 7445//7445 7469//7469
f 7456//7456 7472//7472 7483//7483
f 7468//7468 7392//7392 7467//7467
f 7345//7345 7474//7474 7476//7476
f 7447//7447 7486//7486 7461//7461
f 7446//7446 7485//7485 7486//7486
f 7439//7439 7476//7476 7474//7474
f 7467//7467 7477//7477 7428//7428
f 7429//7429 7495//7495 7379//7379
f 7468//7468 7467//7467 7425//7425
f 7380//7380 7479//7479 7434//7434
f 7470//7470 7469//7469 7500//7500
f 7470//7470 7500//7500 7479//7479
f 7478//7478 7316//7316 7451//7451
f 7474//7474 7462//7462 7439//7439
f 7415//7415 7492//7492 7417//7417
f 7454//7454 7493//7493 7455//7455
f 7459//7459 7475//7475 7415//7415
f 7413//7413 7491//7491 7459//7459
f 7412//7412 7491//7491 7413//7413
f 7437//7437 7484//7484 7442//7442
f 7455//7455 7472//7472 7419//7419
f 7454//7454 7377//7377 7493//7493
f 7499//7499 7473//7473 7437//7437
f 7475//7475 7492//7492 7415//7415
f 7417//7417 7492//7492 7454//7454
f 7431//7431 7494//7494 7423//7423
f 7440//7440 7490//7490 7464//7464
f 7449//7449 7490//7490 7440//7440
f 7460//7460 7481//7481 7449//7449
f 7435//7435 7434//7434 7460//7460
f 7434//7434 7479//7479 7480//7480
f 7487//7487 7481//7481 7460//7460
f 7435//7435 7460//7460 7323//7323
f 7453//7453 7471//7471 7396//7396
f 7459//7459 7491//7491 7475//7475
f 7454//7454 7492//7492 7377//7377
f 7458//7458 7498//7498 7489//7489
f 14//14 7//7 43//43
f 61//61 33//33 96//96
f 61//61 96//96 12//12
f 28//28 25//25 29//29
f 39//39 4//4 10//10
f 26//26 25//25 18//18
f 52//52 125//125 85//85
f 23//23 4//4 39//39
f 52//52 85//85 17//17
f 147//147 88//88 87//87
f 38//38 16//16 58//58
f 99//99 142//142 38//38
f 56//56 15//15 142//142
f 100//100 52//52 44//44
f 92//92 23//23 45//45
f 100//100 23//23 92//92
f 47//47 103//103 93//93
f 65//65 46//46 40//40
f 94//94 31//31 41//41
f 62//62 19//19 47//47
f 69//69 39//39 10//10
f 10//10 24//24 76//76
f 77//77 76//76 28//28
f 60//60 25//25 113//113
f 46//46 113//113 30//30
f 42//42 36//36 68//68
f 49//49 1//1 50//50
f 49//49 57//57 1//1
f 147//147 87//87 57//57
f 68//68 36//36 108//108
f 68//68 35//35 42//42
f 98//98 35//35 68//68
f 108//108 37//37 51//51
f 67//67 48//48 32//32
f 79//79 34//34 21//21
f 55//55 67//67 33//33
f 83//83 12//12 79//79
f 40//40 11//11 62//62
f 64//64 16//16 125//125
f 64//64 125//125 52//52
f 38//38 15//15 16//16
f 38//38 142//142 15//15
f 83//83 61//61 12//12
f 79//79 12//12 13//13
f 98//98 50//50 35//35
f 50//50 151//151 36//36
f 90//90 22//22 15//15
f 58//58 16//16 64//64
f 79//79 13//13 34//34
f 34//34 13//13 9//9
f 51//51 37//37 22//22
f 51//51 22//22 90//90
f 42//42 50//50 36//36
f 35//35 50//50 42//42
f 113//113 25//25 30//30
f 43//43 27//27 53//53
f 78//78 14//14 43//43
f 77//77 25//25 60//60
f 34//34 9//9 21//21
f 75//75 39//39 69//69
f 75//75 23//23 39//39
f 100//100 109//109 23//23
f 24//24 28//28 76//76
f 26//26 18//18 46//46
f 46//46 30//30 26//26
f 30//30 25//25 26//26
f 29//29 25//25 77//77
f 28//28 29//29 77//77
f 64//64 52//52 91//91
f 52//52 17//17 44//44
f 44//44 109//109 100//100
f 53//53 7//7 54//54
f 33//33 61//61 55//55
f 66//66 20//20 48//48
f 93//93 103//103 14//14
f 54//54 7//7 31//31
f 27//27 43//43 7//7
f 47//47 19//19 103//103
f 84//84 22//22 37//37
f 62//62 11//11 19//19
f 27//27 7//7 53//53
f 7405//7405 7464//7464 7371//7371
f 7416//7416 7417//7417 7454//7454
f 7436//7436 7396//7396 7411//7411
f 7404//7404 7449//7449 7405//7405
f 7445//7445 7402//7402 7433//7433
f 7231//7231 7450//7450 7398//7398
f 7478//7478 7432//7432 7462//7462
f 7405//7405 7449//7449 7440//7440
f 7371//7371 7464//7464 7430//7430
f 7430//7430 7464//7464 7406//7406
f 7425//7425 7448//7448 7465//7465
f 7444//7444 7448//7448 7385//7385
f 7398//7398 7450//7450 7439//7439
f 7323//7323 7460//7460 7449//7449
f 7323//7323 7449//7449 7404//7404
f 7400//7400 7432//7432 7451//7451
f 7320//7320 7445//7445 7433//7433
f 7320//7320 7433//7433 7402//7402
f 7320//7320 7401//7401 7445//7445
f 7431//7431 7423//7423 7310//7310
f 7441//7441 7454//7454 7419//7419
f 7438//7438 7466//7466 7428//7428
f 7424//7424 7423//7423 7446//7446
f 7424//7424 7446//7446 7447//7447
f 7424//7424 7447//7447 7332//7332
f 7405//7405 7440//7440 7464//7464
f 7416//7416 7415//7415 7417//7417
f 7409//7409 7453//7453 7436//7436
f 84//84 37//37 101//101
f 108//108 36//36 151//151
f 7402//7402 7403//7403 7320//7320
f 7380//7380 7403//7403 7402//7402
f 7432//7432 7369//7369 7398//7398
f 7432//7432 7398//7398 7399//7399
f 7432//7432 7400//7400 7369//7369
f 80//80 46//46 18//18
f 2//2 125//125 16//16
f 5//5 28//28 24//24
f 7422//7422 7373//7373 7421//7421
f 7418//7418 7416//7416 7454//7454
f 7447//7447 7342//7342 7333//7333
f 7425//7425 7385//7385 7448//7448
f 7444//7444 7385//7385 7342//7342
f 7424//7424 7332//7332 7423//7423
f 7333//7333 7332//7332 7447//7447
f 7425//7425 7426//7426 7385//7385
f 7406//7406 7371//7371 7430//7430
f 7436//7436 7372//7372 7393//7393
f 7436//7436 7393//7393 7409//7409
f 40//40 102//102 11//11
f 11//11 102//102 81//81
f 46//46 80//80 40//40
f 41//41 7//7 86//86
f 28//28 5//5 25//25
f 40//40 80//80 102//102
f 37//37 108//108 101//101
f 20//20 86//86 48//48
f 48//48 86//86 32//32
f 13//13 8//8 9//9
f 9//9 8//8 111//111
f 130//130 13//13 12//12
f 96//96 130//130 12//12
f 145//145 33//33 67//67
f 145//145 32//32 86//86
f 86//86 20//20 41//41
f 50//50 1//1 150//150
f 111//111 8//8 13//13
f 145//145 67//67 32//32
f 19//19 11//11 81//81
f 7//7 41//41 31//31
f 6//6 14//14 103//103
f 16//16 95//95 2//2
f 16//16 15//15 95//95
f 44//44 3//3 109//109
f 17//17 85//85 3//3
f 17//17 3//3 44//44
f 50//50 150//150 151//151
f 57//57 87//87 1//1
f 7447//7447 7444//7444 7342//7342
f 7394//7394 7412//7412 7413//7413
f 7394//7394 7411//7411 7482//7482
f 7394//7394 7482//7482 7412//7412
f 7340//7340 7406//7406 7407//7407
f 7436//7436 7410//7410 7372//7372
f 7422//7422 7437//7437 7373//7373
f 7421//7421 7437//7437 7422//7422
f 7414//7414 7415//7415 7416//7416
f 7398//7398 7439//7439 7399//7399
f 7399//7399 7439//7439 7432//7432
f 7393//7393 7408//7408 7409//7409
f 7393//7393 7407//7407 7408//7408
f 7413//7413 7459//7459 7415//7415
f 7413//7413 7415//7415 7414//7414
f 7411//7411 7410//7410 7436//7436
f 7443//7443 7353//7353 7388//7388
f 7388//7388 7350//7350 7443//7443
f 7427//7427 7438//7438 7428//7428
f 7425//7425 7438//7438 7426//7426
f 7466//7466 7438//7438 7425//7425
f 7443//7443 7350//7350 7429//7429
f 7429//7429 7350//7350 7427//7427
f 7429//7429 7427//7427 7428//7428
f 7400//7400 7451//7451 7401//7401
f 7380//7380 7434//7434 7435//7435
f 7420//7420 7421//7421 7373//7373
f 7442//7442 7431//7431 7310//7310
f 7310//7310 7423//7423 7332//7332
f 7373//7373 7437//7437 7442//7442
f 7418//7418 7441//7441 7419//7419
f 7418//7418 7454//7454 7441//7441
f 7418//7418 7419//7419 7387//7387
f 7387//7387 7419//7419 7420//7420
f 7236//7236 7340//7340 7278//7278
f 7252//7252 7340//7340 7236//7236
f 212//212 192//192 262//262
f 262//262 229//229 212//212
f 212//212 229//229 270//270
f 212//212 219//219 185//185
f 200//200 254//254 199//199
f 177//177 213//213 132//132
f 203//203 223//223 177//177
f 297//297 264//264 301//301
f 316//316 223//223 273//273
f 293//293 261//261 262//262
f 7291//7291 7242//7242 7206//7206
f 7272//7272 7304//7304 7201//7201
f 7246//7246 7303//7303 7201//7201
f 310//310 231//231 392//392
f 392//392 112//112 263//263
f 366//366 273//273 232//232
f 366//366 233//233 267//267
f 177//177 230//230 262//262
f 272//272 271//271 256//256
f 230//230 271//271 262//262
f 202//202 112//112 392//392
f 262//262 271//271 293//293
f 305//305 261//261 293//293
f 7248//7248 7220//7220 7183//7183
f 7273//7273 7248//7248 7183//7183
f 7248//7248 7243//7243 7220//7220
f 7160//7160 7291//7291 7206//7206
f 7243//7243 7160//7160 7220//7220
f 220//220 286//286 240//240
f 287//287 286//286 220//220
f 321//321 322//322 139//139
f 238//238 226//226 206//206
f 239//239 285//285 189//189
f 285//285 266//266 189//189
f 228//228 291//291 222//222
f 291//291 246//246 245//245
f 243//243 242//242 244//244
f 7098//7098 7270//7270 7197//7197
f 7299//7299 7199//7199 7142//7142
f 7299//7299 7273//7273 7199//7199
f 7224//7224 7178//7178 7195//7195
f 7224//7224 7268//7268 7180//7180
f 7178//7178 7224//7224 7180//7180
f 7194//7194 7256//7256 7207//7207
f 7223//7223 7282//7282 7194//7194
f 7207//7207 7257//7257 7195//7195
f 7181//7181 7230//7230 7196//7196
f 7258//7258 7229//7229 7181//7181
f 7228//7228 7258//7258 7181//7181
f 7196//7196 7296//7296 7098//7098
f 7226//7226 7159//7159 7180//7180
f 7225//7225 7226//7226 7180//7180
f 7268//7268 7225//7225 7180//7180
f 7150//7150 7228//7228 7181//7181
f 7227//7227 7228//7228 7150//7150
f 7159//7159 7227//7227 7150//7150
f 7289//7289 7247//7247 7265//7265
f 7247//7247 7206//7206 7265//7265
f 7247//7247 7217//7217 7206//7206
f 7242//7242 7265//7265 7206//7206
f 7217//7217 7272//7272 7219//7219
f 7272//7272 7201//7201 7219//7219
f 7217//7217 7219//7219 7205//7205
f 7262//7262 7241//7241 7215//7215
f 7301//7301 7233//7233 7208//7208
f 7245//7245 7162//7162 7234//7234
f 7271//7271 7216//7216 7162//7162
f 7257//7257 7224//7224 7195//7195
f 7296//7296 7209//7209 7197//7197
f 7098//7098 7296//7296 7270//7270
f 7181//7181 7229//7229 7230//7230
f 7158//7158 7254//7254 7174//7174
f 7282//7282 7256//7256 7194//7194
f 7204//7204 7237//7237 7177//7177
f 7177//7177 7223//7223 7194//7194
f 7263//7263 7262//7262 7216//7216
f 7239//7239 7259//7259 7315//7315
f 7133//7133 7238//7238 6726//6726
f 7142//7142 7210//7210 7314//7314
f 7182//7182 7231//7231 7133//7133
f 7261//7261 7214//7214 7233//7233
f 7286//7286 7214//7214 7260//7260
f 7301//7301 7208//7208 7240//7240
f 299//299 277//277 268//268
f 275//275 267//267 249//249
f 275//275 249//249 297//297
f 229//229 237//237 270//270
f 298//298 264//264 277//277
f 276//276 234//234 300//300
f 292//292 265//265 261//261
f 261//261 265//265 262//262
f 292//292 261//261 258//258
f 261//261 292//292 258//258
f 7222//7222 7250//7250 7170//7170
f 7172//7172 7278//7278 7212//7212
f 7192//7192 7236//7236 7172//7172
f 269//269 252//252 253//253
f 7271//7271 7245//7245 7216//7216
f 7245//7245 7312//7312 7262//7262
f 7269//7269 7338//7338 7235//7235
f 7303//7303 7269//7269 7221//7221
f 7299//7299 7142//7142 7314//7314
f 7239//7239 7315//7315 7374//7374
f 346//346 274//274 210//210
f 274//274 344//344 210//210
f 346//346 210//210 211//211
f 7288//7288 7305//7305 7217//7217
f 7289//7289 7217//7217 7247//7247
f 7289//7289 7288//7288 7217//7217
f 7304//7304 7246//7246 7201//7201
f 7305//7305 7272//7272 7217//7217
f 7305//7305 7304//7304 7272//7272
f 7243//7243 7291//7291 7160//7160
f 7291//7291 7290//7290 7265//7265
f 7290//7290 7289//7289 7265//7265
f 297//297 251//251 264//264
f 236//236 318//318 183//183
f 7298//7298 7209//7209 7296//7296
f 7238//7238 7297//7297 7276//7276
f 7133//7133 7231//7231 7238//7238
f 7395//7395 7209//7209 7298//7298
f 7268//7268 7226//7226 7225//7225
f 7159//7159 7226//7226 7227//7227
f 7257//7257 7268//7268 7224//7224
f 310//310 326//326 204//204
f 216//216 297//297 249//249
f 240//240 227//227 220//220
f 207//207 287//287 220//220
f 206//206 226//226 321//321
f 188//188 139//139 189//189
f 208//208 228//228 170//170
f 7092//7092 7293//7293 7158//7158
f 7327//7327 7293//7293 7092//7092
f 7158//7158 7279//7279 7254//7254
f 7294//7294 7279//7279 7158//7158
f 7293//7293 7294//7294 7158//7158
f 7236//7236 7278//7278 7172//7172
f 7092//7092 7253//7253 7327//7327
f 7212//7212 7253//7253 7092//7092
f 7266//7266 7253//7253 7212//7212
f 7278//7278 7266//7266 7212//7212
f 7237//7237 7280//7280 7177//7177
f 7204//7204 7280//7280 7237//7237
f 7174//7174 7280//7280 7204//7204
f 7177//7177 7281//7281 7223//7223
f 7255//7255 7281//7281 7177//7177
f 7280//7280 7255//7255 7177//7177
f 7279//7279 7267//7267 7174//7174
f 7254//7254 7279//7279 7174//7174
f 7213//7213 7276//7276 7211//7211
f 7211//7211 7277//7277 7222//7222
f 7276//7276 7277//7277 7211//7211
f 346//346 235//235 183//183
f 7171//7171 7252//7252 7192//7192
f 7252//7252 7236//7236 7192//7192
f 7251//7251 7171//7171 7170//7170
f 7249//7249 7250//7250 7222//7222
f 7250//7250 7251//7251 7170//7170
f 7182//7182 7374//7374 7231//7231
f 7354//7354 7314//7314 7209//7209
f 7354//7354 7209//7209 7395//7395
f 7296//7296 7197//7197 7270//7270
f 7213//7213 7238//7238 7276//7276
f 7259//7259 7239//7239 7244//7244
f 7286//7286 7244//7244 7214//7214
f 7286//7286 7300//7300 7244//7244
f 7300//7300 7315//7315 7244//7244
f 7315//7315 7259//7259 7244//7244
f 7239//7239 7374//7374 7182//7182
f 7264//7264 7232//7232 7302//7302
f 7281//7281 7282//7282 7223//7223
f 7207//7207 7283//7283 7257//7257
f 7256//7256 7283//7283 7207//7207
f 7282//7282 7283//7283 7256//7256
f 7284//7284 7258//7258 7228//7228
f 7229//7229 7296//7296 7196//7196
f 7230//7230 7229//7229 7196//7196
f 7227//7227 7284//7284 7228//7228
f 263//263 248//248 246//246
f 246//246 248//248 247//247
f 217//217 268//268 277//277
f 217//217 277//277 180//180
f 346//346 183//183 318//318
f 280//280 236//236 184//184
f 280//280 318//318 236//236
f 251//251 180//180 277//277
f 264//264 251//251 277//277
f 212//212 270//270 259//259
f 173//173 246//246 209//209
f 245//245 246//246 173//173
f 170//170 228//228 222//222
f 246//246 247//247 209//209
f 222//222 291//291 173//173
f 291//291 245//245 173//173
f 168//168 260//260 169//169
f 208//208 244//244 228//228
f 221//221 244//244 208//208
f 243//243 244//244 221//221
f 260//260 242//242 221//221
f 242//242 243//243 221//221
f 255//255 204//204 326//326
f 204//204 231//231 310//310
f 316//316 272//272 223//223
f 280//280 204//204 255//255
f 223//223 272//272 256//256
f 256//256 177//177 223//223
f 271//271 177//177 256//256
f 271//271 230//230 177//177
f 219//219 259//259 205//205
f 259//259 284//284 205//205
f 205//205 238//238 206//206
f 284//284 238//238 205//205
f 268//268 218//218 276//276
f 218//218 268//268 217//217
f 218//218 234//234 276//276
f 265//265 229//229 262//262
f 265//265 237//237 229//229
f 212//212 259//259 219//219
f 227//227 240//240 126//126
f 360//360 241//241 126//126
f 240//240 360//360 126//126
f 241//241 303//303 126//126
f 195//195 260//260 168//168
f 126//126 303//303 191//191
f 322//322 285//285 139//139
f 285//285 239//239 139//139
f 189//189 287//287 207//207
f 190//190 189//189 207//207
f 139//139 239//239 189//189
f 7338//7338 7232//7232 7235//7235
f 7338//7338 7302//7302 7232//7232
f 7269//7269 7235//7235 7221//7221
f 7274//7274 7218//7218 7215//7215
f 7274//7274 7240//7240 7218//7218
f 7274//7274 7301//7301 7240//7240
f 7275//7275 7274//7274 7262//7262
f 7274//7274 7241//7241 7262//7262
f 7274//7274 7215//7215 7241//7241
f 7260//7260 7214//7214 7261//7261
f 7301//7301 7261//7261 7233//7233
f 7287//7287 7234//7234 7191//7191
f 7287//7287 7245//7245 7234//7234
f 7162//7162 7245//7245 7271//7271
f 7302//7302 7191//7191 7264//7264
f 7302//7302 7287//7287 7191//7191
f 7245//7245 7262//7262 7263//7263
f 7312//7312 7275//7275 7262//7262
f 7245//7245 7263//7263 7216//7216
f 253//253 252//252 225//225
f 253//253 225//225 214//214
f 252//252 269//269 225//225
f 250//250 269//269 234//234
f 250//250 234//234 225//225
f 249//249 267//267 216//216
f 257//257 200//200 317//317
f 257//257 281//281 200//200
f 254//254 253//253 214//214
f 366//366 232//232 233//233
f 273//273 224//224 232//232
f 267//267 233//233 215//215
f 269//269 250//250 225//225
f 267//267 215//215 216//216
f 7292//7292 7243//7243 7248//7248
f 7265//7265 7242//7242 7291//7291
f 281//281 254//254 200//200
f 317//317 200//200 344//344
f 593//593 274//274 346//346
f 306//306 344//344 274//274
f 7368//7368 7369//7369 7297//7297
f 7388//7388 7353//7353 7296//7296
f 7353//7353 7298//7298 7296//7296
f 7356//7356 7355//7355 7299//7299
f 152//152 153//153 3//3
f 140//140 190//190 125//125
f 156//156 116//116 117//117
f 7357//7357 7299//7299 7355//7355
f 7344//7344 7356//7356 7358//7358
f 7358//7358 7379//7379 7344//7344
f 7357//7357 7356//7356 7344//7344
f 7356//7356 7299//7299 7381//7381
f 7379//7379 7378//7378 7344//7344
f 7379//7379 7392//7392 7348//7348
f 7349//7349 7368//7368 7297//7297
f 97//97 104//104 1//1
f 104//104 150//150 1//1
f 7484//7484 7365//7365 7431//7431
f 143//143 105//105 77//77
f 143//143 121//121 105//105
f 198//198 119//119 120//120
f 164//164 106//106 71//71
f 165//165 164//164 71//71
f 182//182 122//122 114//114
f 122//122 113//113 114//114
f 182//182 114//114 163//163
f 193//193 123//123 106//106
f 7389//7389 7360//7360 7497//7497
f 7389//7389 7490//7490 7375//7375
f 7492//7492 7391//7391 7363//7363
f 7396//7396 7362//7362 7482//7482
f 7295//7295 7416//7416 7418//7418
f 7329//7329 7394//7394 7413//7413
f 7420//7420 7373//7373 7341//7341
f 7345//7345 7359//7359 7316//7316
f 7397//7397 7498//7498 7376//7376
f 7480//7480 7479//7479 7383//7383
f 7490//7490 7487//7487 7384//7384
f 7487//7487 7460//7460 7384//7384
f 7445//7445 7316//7316 7382//7382
f 7445//7445 7382//7382 7469//7469
f 7479//7479 7496//7496 7383//7383
f 7496//7496 7500//7500 7260//7260
f 7460//7460 7434//7434 7384//7384
f 7231//7231 7374//7374 7450//7450
f 7356//7356 7381//7381 7395//7395
f 7311//7311 7345//7345 7374//7374
f 7353//7353 7443//7443 7298//7298
f 146//146 175//175 111//111
f 151//151 137//137 108//108
f 4//4 141//141 10//10
f 7381//7381 7354//7354 7395//7395
f 7350//7350 7388//7388 7229//7229
f 7356//7356 7379//7379 7358//7358
f 7498//7498 7497//7497 7376//7376
f 7357//7357 7355//7355 7356//7356
f 7333//7333 7342//7342 7334//7334
f 7336//7336 7427//7427 7350//7350
f 7438//7438 7227//7227 7335//7335
f 7426//7426 7438//7438 7335//7335
f 7391//7391 7491//7491 7363//7363
f 7491//7491 7482//7482 7352//7352
f 7492//7492 7363//7363 7346//7346
f 7390//7390 7397//7397 7362//7362
f 7482//7482 7362//7362 7352//7352
f 7396//7396 7471//7471 7362//7362
f 7471//7471 7390//7390 7362//7362
f 7499//7499 7483//7483 7347//7347
f 7431//7431 7365//7365 7366//7366
f 7484//7484 7347//7347 7365//7365
f 7492//7492 7346//7346 7377//7377
f 7483//7483 7472//7472 7364//7364
f 7472//7472 7377//7377 7364//7364
f 7434//7434 7480//7480 7383//7383
f 7500//7500 7469//7469 7260//7260
f 7384//7384 7434//7434 7383//7383
f 7497//7497 7360//7360 7361//7361
f 7389//7389 7375//7375 7360//7360
f 7490//7490 7384//7384 7375//7375
f 136//136 133//133 231//231
f 155//155 9//9 175//175
f 7407//7407 7393//7393 7327//7327
f 7371//7371 7406//7406 7340//7340
f 7414//7414 7416//7416 7330//7330
f 7413//7413 7414//7414 7330//7330
f 7297//7297 7398//7398 7349//7349
f 7349//7349 7398//7398 7368//7368
f 7435//7435 7323//7323 7370//7370
f 7370//7370 7323//7323 7250//7250
f 7405//7405 7371//7371 7324//7324
f 7404//7404 7405//7405 7308//7308
f 7403//7403 7380//7380 7321//7321
f 7320//7320 7403//7403 7277//7277
f 7321//7321 7380//7380 7322//7322
f 131//131 146//146 130//130
f 130//130 146//146 111//111
f 155//155 21//21 9//9
f 97//97 87//87 176//176
f 129//129 144//144 14//14
f 128//128 19//19 81//81
f 19//19 221//221 103//103
f 6//6 129//129 14//14
f 144//144 7//7 14//14
f 103//103 129//129 6//6
f 176//176 87//87 88//88
f 7//7 144//144 110//110
f 157//157 156//156 117//117
f 157//157 117//117 72//72
f 134//134 216//216 118//118
f 116//116 156//156 115//115
f 147//147 132//132 88//88
f 7401//7401 7320//7320 7400//7400
f 7370//7370 7380//7380 7435//7435
f 24//24 127//127 5//5
f 10//10 141//141 24//24
f 25//25 154//154 102//102
f 227//227 126//126 4//4
f 127//127 25//25 5//5
f 102//102 128//128 81//81
f 127//127 154//154 25//25
f 190//190 152//152 85//85
f 2//2 140//140 125//125
f 7398//7398 7369//7369 7368//7368
f 152//152 3//3 85//85
f 3//3 153//153 109//109
f 138//138 139//139 140//140
f 84//84 138//138 140//140
f 108//108 137//137 101//101
f 101//101 138//138 84//84
f 176//176 104//104 97//97
f 7465//7465 7367//7367 7392//7392
f 7465//7465 7444//7444 7367//7367
f 7485//7485 7431//7431 7366//7366
f 7444//7444 7485//7485 7367//7367
f 126//126 141//141 4//4
f 125//125 190//190 85//85
f 7386//7386 7379//7379 7348//7348
f 153//153 227//227 4//4
f 109//109 153//153 4//4
f 7378//7378 7379//7379 7386//7386
f 105//105 161//161 120//120
f 143//143 199//199 121//121
f 199//199 105//105 121//121
f 161//161 198//198 120//120
f 142//142 134//134 118//118
f 198//198 148//148 119//119
f 148//148 135//135 58//58
f 148//148 58//58 119//119
f 217//217 142//142 135//135
f 134//134 142//142 158//158
f 217//217 158//158 142//142
f 201//201 149//149 123//123
f 183//183 193//193 106//106
f 136//136 166//166 124//124
f 280//280 124//124 166//166
f 164//164 183//183 106//106
f 182//182 162//162 122//122
f 162//162 143//143 122//122
f 201//201 123//123 193//193
f 297//297 216//216 134//134
f 176//176 192//192 212//212
f 126//126 191//191 141//141
f 169//169 260//260 221//221
f 170//170 222//222 173//173
f 392//392 231//231 202//202
f 233//233 232//232 196//196
f 273//273 223//223 224//224
f 247//247 155//155 131//131
f 262//262 132//132 213//213
f 248//248 155//155 247//247
f 223//223 203//203 156//156
f 213//213 177//177 262//262
f 205//205 206//206 137//137
f 219//219 205//205 104//104
f 194//194 212//212 185//185
f 167//167 191//191 195//195
f 207//207 220//220 152//152
f 153//153 220//220 227//227
f 190//190 207//207 152//152
f 232//232 224//224 196//196
f 7302//7302 7351//7351 7287//7287
f 7360//7360 7275//7275 7312//7312
f 7363//7363 7269//7269 7303//7303
f 7362//7362 7302//7302 7338//7338
f 7316//7316 7315//7315 7300//7300
f 7344//7344 7273//7273 7299//7299
f 7285//7285 7311//7311 7315//7315
f 7301//7301 7274//7274 7275//7275
f 7384//7384 7301//7301 7275//7275
f 7301//7301 7337//7337 7261//7261
f 7383//7383 7260//7260 7261//7261
f 218//218 217//217 159//159
f 215//215 233//233 196//196
f 7317//7317 7288//7288 7289//7289
f 7366//7366 7289//7289 7306//7306
f 7347//7347 7304//7304 7305//7305
f 7292//7292 7392//7392 7243//7243
f 7348//7348 7248//7248 7273//7273
f 7318//7318 7289//7289 7290//7290
f 7318//7318 7306//7306 7289//7289
f 7243//7243 7367//7367 7291//7291
f 7383//7383 7496//7496 7260//7260
f 7313//7313 7245//7245 7287//7287
f 7238//7238 7398//7398 7297//7297
f 7354//7354 7299//7299 7314//7314
f 7315//7315 7311//7311 7374//7374
f 251//251 297//297 134//134
f 7386//7386 7348//7348 7273//7273
f 7363//7363 7362//7362 7338//7338
f 7338//7338 7269//7269 7363//7363
f 7346//7346 7363//7363 7303//7303
f 234//234 218//218 197//197
f 225//225 160//160 214//214
f 218//218 159//159 135//135
f 7171//7171 7308//7308 7252//7252
f 7277//7277 7307//7307 7222//7222
f 346//346 211//211 149//149
f 235//235 193//193 183//183
f 235//235 346//346 201//201
f 344//344 182//182 210//210
f 254//254 214//214 199//199
f 7282//7282 7310//7310 7283//7283
f 7283//7283 7334//7334 7257//7257
f 7278//7278 7407//7407 7266//7266
f 7327//7327 7372//7372 7293//7293
f 7174//7174 7309//7309 7295//7295
f 7267//7267 7309//7309 7174//7174
f 7294//7294 7329//7329 7279//7279
f 7397//7397 7376//7376 7362//7362
f 7364//7364 7377//7377 7304//7304
f 7377//7377 7346//7346 7246//7246
f 221//221 208//208 103//103
f 103//103 208//208 129//129
f 102//102 169//169 128//128
f 128//128 169//169 19//19
f 208//208 170//170 129//129
f 19//19 169//169 221//221
f 129//129 170//170 144//144
f 191//191 167//167 127//127
f 154//154 168//168 102//102
f 168//168 169//169 102//102
f 127//127 167//167 154//154
f 176//176 88//88 192//192
f 248//248 21//21 155//155
f 115//115 203//203 178//178
f 178//178 177//177 147//147
f 110//110 173//173 145//145
f 170//170 173//173 172//172
f 171//171 172//172 110//110
f 170//170 171//171 110//110
f 144//144 170//170 110//110
f 145//145 209//209 33//33
f 131//131 175//175 146//146
f 174//174 247//247 130//130
f 130//130 247//247 131//131
f 209//209 174//174 130//130
f 96//96 209//209 130//130
f 33//33 209//209 96//96
f 7327//7327 7393//7393 7328//7328
f 7328//7328 7393//7393 7372//7372
f 7331//7331 7373//7373 7442//7442
f 7418//7418 7387//7387 7280//7280
f 7297//7297 7369//7369 7400//7400
f 132//132 192//192 88//88
f 115//115 178//178 147//147
f 147//147 177//177 132//132
f 263//263 112//112 21//21
f 7325//7325 7371//7371 7326//7326
f 7324//7324 7371//7371 7325//7325
f 7308//7308 7405//7405 7324//7324
f 7323//7323 7404//7404 7308//7308
f 7326//7326 7371//7371 7340//7340
f 7359//7359 7345//7345 7343//7343
f 7344//7344 7299//7299 7357//7357
f 7285//7285 7345//7345 7311//7311
f 7376//7376 7497//7497 7351//7351
f 7343//7343 7345//7345 7285//7285
f 7341//7341 7373//7373 7255//7255
f 7420//7420 7341//7341 7255//7255
f 7282//7282 7442//7442 7310//7310
f 7229//7229 7388//7388 7296//7296
f 7258//7258 7350//7350 7229//7229
f 7227//7227 7438//7438 7427//7427
f 202//202 231//231 133//133
f 7385//7385 7426//7426 7268//7268
f 7227//7227 7427//7427 7284//7284
f 7268//7268 7335//7335 7226//7226
f 7257//7257 7342//7342 7268//7268
f 7335//7335 7227//7227 7226//7226
f 7426//7426 7335//7335 7268//7268
f 7336//7336 7350//7350 7258//7258
f 7395//7395 7298//7298 7443//7443
f 7427//7427 7336//7336 7258//7258
f 7284//7284 7427//7427 7258//7258
f 7294//7294 7394//7394 7329//7329
f 7416//7416 7309//7309 7267//7267
f 7279//7279 7330//7330 7267//7267
f 7266//7266 7327//7327 7253//7253
f 7293//7293 7394//7394 7294//7294
f 7309//7309 7416//7416 7295//7295
f 7413//7413 7330//7330 7279//7279
f 7329//7329 7413//7413 7279//7279
f 7310//7310 7332//7332 7283//7283
f 7420//7420 7255//7255 7280//7280
f 7387//7387 7420//7420 7280//7280
f 7334//7334 7342//7342 7257//7257
f 7342//7342 7385//7385 7268//7268
f 7283//7283 7333//7333 7334//7334
f 7281//7281 7331//7331 7282//7282
f 7332//7332 7333//7333 7283//7283
f 7295//7295 7418//7418 7174//7174
f 7373//7373 7331//7331 7281//7281
f 7330//7330 7416//7416 7267//7267
f 7331//7331 7442//7442 7282//7282
f 7174//7174 7418//7418 7280//7280
f 7255//7255 7373//7373 7281//7281
f 7497//7497 7361//7361 7313//7313
f 7361//7361 7245//7245 7313//7313
f 7497//7497 7313//7313 7287//7287
f 7375//7375 7275//7275 7360//7360
f 7497//7497 7287//7287 7351//7351
f 7375//7375 7384//7384 7275//7275
f 7383//7383 7337//7337 7301//7301
f 7376//7376 7351//7351 7302//7302
f 7491//7491 7352//7352 7363//7363
f 7352//7352 7362//7362 7363//7363
f 7376//7376 7302//7302 7362//7362
f 7354//7354 7381//7381 7299//7299
f 7343//7343 7285//7285 7315//7315
f 7360//7360 7312//7312 7245//7245
f 7238//7238 7231//7231 7398//7398
f 7383//7383 7261//7261 7337//7337
f 7382//7382 7316//7316 7300//7300
f 7384//7384 7383//7383 7301//7301
f 7360//7360 7245//7245 7361//7361
f 7316//7316 7359//7359 7315//7315
f 7359//7359 7343//7343 7315//7315
f 7469//7469 7300//7300 7286//7286
f 7260//7260 7469//7469 7286//7286
f 7469//7469 7382//7382 7300//7300
f 199//199 162//162 200//200
f 205//205 150//150 186//186
f 194//194 176//176 212//212
f 236//236 183//183 184//184
f 7251//7251 7323//7323 7171//7171
f 7322//7322 7380//7380 7249//7249
f 7249//7249 7370//7370 7250//7250
f 7380//7380 7370//7370 7249//7249
f 7308//7308 7324//7324 7252//7252
f 7307//7307 7403//7403 7222//7222
f 7222//7222 7322//7322 7249//7249
f 7321//7321 7322//7322 7222//7222
f 7403//7403 7321//7321 7222//7222
f 7297//7297 7319//7319 7276//7276
f 7407//7407 7327//7327 7266//7266
f 7324//7324 7325//7325 7252//7252
f 7326//7326 7340//7340 7252//7252
f 7372//7372 7410//7410 7293//7293
f 7410//7410 7394//7394 7293//7293
f 7328//7328 7372//7372 7327//7327
f 7323//7323 7308//7308 7171//7171
f 7325//7325 7326//7326 7252//7252
f 7278//7278 7340//7340 7407//7407
f 7250//7250 7323//7323 7251//7251
f 7319//7319 7320//7320 7276//7276
f 7276//7276 7320//7320 7277//7277
f 215//215 196//196 179//179
f 235//235 201//201 193//193
f 280//280 184//184 165//165
f 280//280 165//165 124//124
f 184//184 183//183 164//164
f 344//344 181//181 182//182
f 181//181 344//344 162//162
f 181//181 162//162 182//182
f 344//344 200//200 162//162
f 214//214 105//105 199//199
f 346//346 149//149 201//201
f 211//211 163//163 149//149
f 211//211 210//210 163//163
f 210//210 182//182 163//163
f 101//101 187//187 138//138
f 321//321 139//139 138//138
f 187//187 321//321 138//138
f 321//321 187//187 137//137
f 151//151 205//205 137//137
f 137//137 187//187 101//101
f 139//139 188//188 140//140
f 189//189 190//190 140//140
f 206//206 321//321 137//137
f 188//188 189//189 140//140
f 204//204 166//166 136//136
f 184//184 164//164 165//165
f 194//194 185//185 176//176
f 204//204 280//280 166//166
f 186//186 150//150 104//104
f 205//205 186//186 104//104
f 199//199 143//143 162//162
f 185//185 219//219 176//176
f 176//176 219//219 104//104
f 150//150 205//205 151//151
f 156//156 196//196 224//224
f 157//157 196//196 156//156
f 215//215 179//179 118//118
f 7277//7277 7403//7403 7307//7307
f 7297//7297 7400//7400 7319//7319
f 7400//7400 7320//7320 7319//7319
f 218//218 135//135 148//148
f 197//197 218//218 198//198
f 225//225 234//234 160//160
f 234//234 197//197 160//160
f 218//218 148//148 198//198
f 197//197 198//198 160//160
f 214//214 161//161 105//105
f 214//214 198//198 161//161
f 214//214 160//160 198//198
f 215//215 118//118 216//216
f 196//196 157//157 179//179
f 159//159 217//217 135//135
f 180//180 158//158 217//217
f 180//180 251//251 158//158
f 251//251 134//134 158//158
f 7367//7367 7290//7290 7291//7291
f 7378//7378 7273//7273 7344//7344
f 7348//7348 7392//7392 7292//7292
f 7378//7378 7386//7386 7273//7273
f 203//203 177//177 178//178
f 248//248 263//263 21//21
f 115//115 156//156 203//203
f 224//224 223//223 156//156
f 204//204 136//136 231//231
f 7377//7377 7339//7339 7304//7304
f 7366//7366 7365//7365 7289//7289
f 7365//7365 7317//7317 7289//7289
f 7365//7365 7347//7347 7317//7317
f 7339//7339 7377//7377 7246//7246
f 7339//7339 7246//7246 7304//7304
f 7346//7346 7303//7303 7246//7246
f 7392//7392 7367//7367 7243//7243
f 7367//7367 7485//7485 7290//7290
f 7348//7348 7292//7292 7248//7248
f 7485//7485 7306//7306 7318//7318
f 7347//7347 7288//7288 7317//7317
f 7485//7485 7366//7366 7306//7306
f 7483//7483 7364//7364 7304//7304
f 7483//7483 7304//7304 7347//7347
f 7485//7485 7318//7318 7290//7290
f 7347//7347 7305//7305 7288//7288
f 167//167 195//195 154//154
f 154//154 195//195 168//168
f 152//152 220//220 153//153
f 24//24 191//191 127//127
f 141//141 191//191 24//24
f 174//174 209//209 247//247
f 192//192 132//132 262//262
f 131//131 155//155 175//175
f 173//173 209//209 145//145
f 172//172 173//173 110//110
f 170//170 172//172 171//171
f 503//503 524//524 568//568
f 6455//6455 6490//6490 6404//6404
f 6415//6415 6403//6403 6418//6418
f 6415//6415 6447//6447 6403//6403
f 6331//6331 6413//6413 6439//6439
f 6238//6238 6146//6146 6401//6401
f 6417//6417 6374//6374 6416//6416
f 6447//6447 6376//6376 6403//6403
f 6375//6375 6376//6376 6447//6447
f 6447//6447 6401//6401 6375//6375
f 6398//6398 6331//6331 6332//6332
f 6490//6490 6381//6381 6348//6348
f 6116//6116 6495//6495 6351//6351
f 6350//6350 6420//6420 6495//6495
f 6376//6376 6377//6377 6403//6403
f 6417//6417 6451//6451 6418//6418
f 6403//6403 6377//6377 6418//6418
f 6404//6404 6344//6344 6342//6342
f 6380//6380 6453//6453 6345//6345
f 6379//6379 6341//6341 6453//6453
f 6339//6339 6342//6342 6307//6307
f 6345//6345 6453//6453 6308//6308
f 6379//6379 6339//6339 6378//6378
f 6435//6435 6285//6285 6597//6597
f 5907//5907 6545//6545 6036//6036
f 6543//6543 6389//6389 6093//6093
f 6412//6412 6441//6441 6296//6296
f 6290//6290 6292//6292 6439//6439
f 6412//6412 6395//6395 6510//6510
f 6396//6396 6397//6397 6395//6395
f 6396//6396 6412//6412 6296//6296
f 6396//6396 6395//6395 6412//6412
f 6396//6396 6296//6296 6397//6397
f 6439//6439 6292//6292 6331//6331
f 6238//6238 6400//6400 6332//6332
f 6401//6401 6400//6400 6238//6238
f 6443//6443 6373//6373 6441//6441
f 6331//6331 6398//6398 6413//6413
f 6443//6443 6414//6414 6399//6399
f 6443//6443 6399//6399 6373//6373
f 6332//6332 6400//6400 6398//6398
f 6437//6437 6479//6479 6435//6435
f 6479//6479 6371//6371 6435//6435
f 6370//6370 6284//6284 6369//6369
f 6290//6290 6439//6439 6394//6394
f 6393//6393 6411//6411 6395//6395
f 6393//6393 6289//6289 6479//6479
f 6392//6392 6236//6236 6394//6394
f 6289//6289 6393//6393 6372//6372
f 6259//6259 6711//6711 6000//6000
f 6352//6352 6460//6460 6461//6461
f 6352//6352 6421//6421 6460//6460
f 590//590 412//412 377//377
f 515//515 371//371 479//479
f 6398//6398 6515//6515 6440//6440
f 6515//6515 6446//6446 6517//6517
f 6446//6446 6485//6485 6449//6449
f 6405//6405 6494//6494 6456//6456
f 6404//6404 6519//6519 6520//6520
f 6454//6454 6519//6519 6404//6404
f 6516//6516 6515//6515 6517//6517
f 6518//6518 6449//6449 6484//6484
f 6560//6560 6446//6446 6449//6449
f 6560//6560 6449//6449 6518//6518
f 6518//6518 6484//6484 6560//6560
f 6386//6386 6822//6822 6585//6585
f 6467//6467 6468//6468 6529//6529
f 6556//6556 6514//6514 6555//6555
f 6515//6515 6516//6516 6483//6483
f 6483//6483 6513//6513 6515//6515
f 6515//6515 6513//6513 6440//6440
f 6699//6699 6514//6514 6556//6556
f 6440//6440 6513//6513 6483//6483
f 6509//6509 6438//6438 6483//6483
f 6439//6439 6442//6442 6440//6440
f 6514//6514 6441//6441 6412//6412
f 6439//6439 6413//6413 6442//6442
f 6511//6511 6555//6555 6412//6412
f 6439//6439 6440//6440 6483//6483
f 6555//6555 6514//6514 6412//6412
f 6558//6558 6484//6484 6414//6414
f 6514//6514 6443//6443 6441//6441
f 6444//6444 6414//6414 6443//6443
f 6558//6558 6443//6443 6514//6514
f 6558//6558 6444//6444 6443//6443
f 6398//6398 6442//6442 6413//6413
f 6444//6444 6558//6558 6414//6414
f 6442//6442 6398//6398 6440//6440
f 6439//6439 6438//6438 6394//6394
f 6510//6510 6511//6511 6412//6412
f 6411//6411 6510//6510 6395//6395
f 6394//6394 6370//6370 6392//6392
f 6394//6394 6438//6438 6370//6370
f 6452//6452 6486//6486 6487//6487
f 6453//6453 6486//6486 6452//6452
f 6486//6486 6380//6380 6488//6488
f 6380//6380 6486//6486 6453//6453
f 6339//6339 6454//6454 6342//6342
f 6607//6607 6379//6379 6487//6487
f 6379//6379 6453//6453 6487//6487
f 6379//6379 6454//6454 6339//6339
f 6379//6379 6607//6607 6454//6454
f 6453//6453 6452//6452 6487//6487
f 6346//6346 6405//6405 6456//6456
f 6490//6490 6489//6489 6457//6457
f 6457//6457 6381//6381 6490//6490
f 6404//6404 6520//6520 6455//6455
f 6454//6454 6404//6404 6342//6342
f 6380//6380 6346//6346 6488//6488
f 6489//6489 6490//6490 6455//6455
f 6521//6521 6489//6489 6455//6455
f 6446//6446 6445//6445 6450//6450
f 6484//6484 6449//6449 6402//6402
f 6445//6445 6515//6515 6448//6448
f 6402//6402 6414//6414 6484//6484
f 6400//6400 6401//6401 6398//6398
f 6515//6515 6445//6445 6446//6446
f 6398//6398 6447//6447 6448//6448
f 6398//6398 6448//6448 6515//6515
f 6398//6398 6401//6401 6447//6447
f 6450//6450 6485//6485 6446//6446
f 6450//6450 6451//6451 6485//6485
f 6415//6415 6418//6418 6451//6451
f 6415//6415 6451//6451 6450//6450
f 6451//6451 6417//6417 6416//6416
f 6485//6485 6451//6451 6449//6449
f 6447//6447 6415//6415 6448//6448
f 6448//6448 6415//6415 6445//6445
f 6449//6449 6416//6416 6402//6402
f 6449//6449 6451//6451 6416//6416
f 6445//6445 6415//6415 6450//6450
f 6540//6540 6425//6425 5850//5850
f 6014//6014 6540//6540 5850//5850
f 6323//6323 6765//6765 6014//6014
f 6322//6322 6321//6321 5901//5901
f 6536//6536 6472//6472 6320//6320
f 6320//6320 6472//6472 6269//6269
f 6272//6272 6424//6424 6323//6323
f 5901//5901 6321//6321 6270//6270
f 6229//6229 6474//6474 6276//6276
f 6435//6435 6597//6597 6476//6476
f 6437//6437 6435//6435 6436//6436
f 6476//6476 6436//6436 6435//6435
f 6597//6597 6391//6391 6552//6552
f 6552//6552 6391//6391 6327//6327
f 6328//6328 6687//6687 6434//6434
f 5983//5983 6215//6215 5907//5907
f 6181//6181 6367//6367 6624//6624
f 6502//6502 6324//6324 6549//6549
f 6428//6428 6430//6430 5947//5947
f 6765//6765 6540//6540 6014//6014
f 6321//6321 6423//6423 6270//6270
f 6481//6481 6393//6393 6479//6479
f 6507//6507 6480//6480 6370//6370
f 6506//6506 6481//6481 6479//6479
f 6284//6284 6370//6370 6478//6478
f 6480//6480 6284//6284 6478//6478
f 6480//6480 6504//6504 6284//6284
f 6284//6284 6504//6504 6328//6328
f 6437//6437 6436//6436 6505//6505
f 6477//6477 6506//6506 6479//6479
f 6480//6480 6478//6478 6370//6370
f 6477//6477 6479//6479 6437//6437
f 6508//6508 6511//6511 6510//6510
f 6439//6439 6483//6483 6438//6438
f 6507//6507 6370//6370 6509//6509
f 6411//6411 6393//6393 6482//6482
f 6509//6509 6370//6370 6438//6438
f 6482//6482 6510//6510 6411//6411
f 6481//6481 6482//6482 6393//6393
f 6482//6482 6508//6508 6510//6510
f 6594//6594 6410//6410 6433//6433
f 6433//6433 6410//6410 6475//6475
f 6410//6410 6594//6594 6327//6327
f 6595//6595 6390//6390 6434//6434
f 6502//6502 6503//6503 6433//6433
f 6474//6474 6431//6431 6276//6276
f 6475//6475 6368//6368 6502//6502
f 6502//6502 6433//6433 6475//6475
f 6229//6229 6390//6390 6432//6432
f 6505//6505 6436//6436 6476//6476
f 6687//6687 6328//6328 6504//6504
f 6552//6552 6327//6327 6594//6594
f 6553//6553 6434//6434 6687//6687
f 6600//6600 6476//6476 6597//6597
f 6596//6596 6597//6597 6552//6552
f 6261//6261 6527//6527 6121//6121
f 6463//6463 6462//6462 6355//6355
f 6355//6355 6462//6462 6581//6581
f 6526//6526 6086//6086 6121//6121
f 6384//6384 6638//6638 6580//6580
f 6356//6356 6467//6467 6466//6466
f 6466//6466 6385//6385 6356//6356
f 6172//6172 6497//6497 6531//6531
f 6467//6467 6359//6359 6468//6468
f 6643//6643 6201//6201 6528//6528
f 6463//6463 6355//6355 6316//6316
f 6645//6645 6465//6465 6643//6643
f 6465//6465 6645//6645 6357//6357
f 6643//6643 6465//6465 6201//6201
f 6496//6496 6385//6385 6466//6466
f 6496//6496 6316//6316 6385//6385
f 6495//6495 6570//6570 6634//6634
f 6495//6495 6573//6573 6523//6523
f 6382//6382 6407//6407 6459//6459
f 6495//6495 6634//6634 6573//6573
f 6458//6458 6459//6459 6349//6349
f 6494//6494 6252//6252 6492//6492
f 6419//6419 6494//6494 6405//6405
f 6252//6252 6494//6494 6419//6419
f 6457//6457 6522//6522 6381//6381
f 6420//6420 6570//6570 6495//6495
f 6493//6493 6570//6570 6420//6420
f 6522//6522 6406//6406 6381//6381
f 6253//6253 6349//6349 6252//6252
f 6522//6522 6420//6420 6406//6406
f 6522//6522 6493//6493 6420//6420
f 6252//6252 6349//6349 6492//6492
f 6707//6707 6461//6461 6460//6460
f 6254//6254 6069//6069 6576//6576
f 6577//6577 6259//6259 6461//6461
f 6524//6524 6637//6637 6576//6576
f 6707//6707 6460//6460 6575//6575
f 6523//6523 6351//6351 6495//6495
f 6523//6523 6421//6421 6351//6351
f 6421//6421 6575//6575 6460//6460
f 6576//6576 6407//6407 6254//6254
f 6312//6312 6407//6407 6382//6382
f 6267//6267 6615//6615 6470//6470
f 6468//6468 6498//6498 6530//6530
f 6585//6585 6498//6498 6468//6468
f 6649//6649 6531//6531 6613//6613
f 6266//6266 6386//6386 6585//6585
f 6531//6531 6897//6897 6173//6173
f 6722//6722 6268//6268 6471//6471
f 6500//6500 6499//6499 6210//6210
f 6320//6320 5840//5840 5982//5982
f 6232//6232 6024//6024 6139//6139
f 6174//6174 6032//6032 6173//6173
f 572//572 514//514 515//515
f 594//594 415//415 573//573
f 572//572 611//611 478//478
f 480//480 517//517 622//622
f 479//479 480//480 515//515
f 442//442 558//558 559//559
f 951//951 342//342 679//679
f 610//610 571//571 434//434
f 655//655 654//654 511//511
f 951//951 678//678 510//510
f 653//653 341//341 678//678
f 342//342 951//951 393//393
f 782//782 593//593 528//528
f 893//893 610//610 437//437
f 619//619 893//893 437//437
f 619//619 513//513 611//611
f 759//759 633//633 527//527
f 6535//6535 5942//5942 6071//6071
f 530//530 559//559 532//532
f 560//560 481//481 531//531
f 559//559 530//530 442//442
f 561//561 560//560 531//531
f 518//518 575//575 483//483
f 560//560 561//561 575//575
f 576//576 560//560 575//575
f 483//483 575//575 561//561
f 6207//6207 6362//6362 5815//5815
f 361//361 711//711 591//591
f 387//387 711//711 470//470
f 358//358 711//711 334//334
f 711//711 361//361 470//470
f 388//388 335//335 592//592
f 591//591 472//472 335//335
f 288//288 591//591 471//471
f 471//471 591//591 335//335
f 6319//6319 5900//5900 5942//5942
f 474//474 475//475 362//362
f 364//364 712//712 757//757
f 869//869 823//823 756//756
f 364//364 652//652 712//712
f 6119//6119 6086//6086 6526//6526
f 6120//6120 6086//6086 6119//6119
f 5901//5901 6270//6270 6387//6387
f 6089//6089 6322//6322 5901//5901
f 6004//6004 6269//6269 5843//5843
f 6090//6090 6539//6539 6034//6034
f 507//507 555//555 525//525
f 645//645 524//524 555//555
f 5985//5985 6273//6273 5982//5982
f 6269//6269 6089//6089 5843//5843
f 6273//6273 6536//6536 5982//5982
f 524//524 645//645 523//523
f 6536//6536 6320//6320 5982//5982
f 6093//6093 6214//6214 5857//5857
f 6214//6214 6389//6389 5857//5857
f 5903//5903 6425//6425 6177//6177
f 5904//5904 6212//6212 5906//5906
f 5855//5855 6589//6589 6091//6091
f 5850//5850 6425//6425 5903//5903
f 6426//6426 6541//6541 6092//6092
f 5855//5855 6426//6426 6092//6092
f 6091//6091 6426//6426 5855//5855
f 6589//6589 6426//6426 6091//6091
f 6092//6092 6542//6542 6093//6093
f 6541//6541 6542//6542 6092//6092
f 6177//6177 6211//6211 5904//5904
f 6213//6213 6589//6589 5855//5855
f 5906//5906 6213//6213 5855//5855
f 466//466 409//409 648//648
f 609//609 526//526 556//556
f 411//411 355//355 590//590
f 590//590 754//754 412//412
f 357//357 469//469 358//358
f 524//524 525//525 555//555
f 507//507 407//407 555//555
f 509//509 616//616 617//617
f 616//616 509//509 632//632
f 6153//6153 6193//6193 6243//6243
f 6166//6166 6198//6198 6458//6458
f 6259//6259 6000//6000 6118//6118
f 6255//6255 6068//6068 6351//6351
f 6421//6421 6255//6255 6351//6351
f 5999//5999 6576//6576 6069//6069
f 5999//5999 6258//6258 6576//6576
f 6255//6255 6118//6118 5972//5972
f 6116//6116 6117//6117 6067//6067
f 6117//6117 6116//6116 6165//6165
f 6254//6254 6199//6199 6069//6069
f 6169//6169 6261//6261 5809//5809
f 6167//6167 5976//5976 6022//6022
f 5871//5871 6087//6087 6201//6201
f 5870//5870 6262//6262 6315//6315
f 6000//6000 6085//6085 6050//6050
f 6119//6119 6260//6260 5999//5999
f 6086//6086 6013//6013 6121//6121
f 5809//5809 6261//6261 6013//6013
f 6013//6013 6120//6120 6119//6119
f 6086//6086 6120//6120 6013//6013
f 6085//6085 6022//6022 6050//6050
f 6163//6163 6111//6111 5829//5829
f 6250//6250 6162//6162 6160//6160
f 6115//6115 6116//6116 5996//5996
f 6309//6309 6115//6115 5996//5996
f 6310//6310 6166//6166 6458//6458
f 6310//6310 6084//6084 6166//6166
f 6113//6113 6083//6083 6048//6048
f 6113//6113 6048//6048 6011//6011
f 6012//6012 6114//6114 6066//6066
f 6319//6319 6072//6072 5900//5900
f 6072//6072 6588//6588 6052//6052
f 520//520 544//544 598//598
f 584//584 595//595 605//605
f 6072//6072 6052//6052 5900//5900
f 542//542 520//520 564//564
f 6176//6176 6175//6175 5898//5898
f 6130//6130 6209//6209 5898//5898
f 6209//6209 6176//6176 5898//5898
f 6176//6176 6363//6363 6175//6175
f 6317//6317 5981//5981 5939//5939
f 6317//6317 6268//6268 5981//5981
f 6268//6268 6208//6208 5981//5981
f 6175//6175 6207//6207 5898//5898
f 5941//5941 6210//6210 6130//6130
f 6071//6071 6002//6002 6535//6535
f 6588//6588 6210//6210 5941//5941
f 6052//6052 6588//6588 5941//5941
f 537//537 581//581 580//580
f 584//584 563//563 595//595
f 583//583 541//541 579//579
f 5814//5814 6264//6264 6171//6171
f 6051//6051 6204//6204 6124//6124
f 6173//6173 6031//6031 6204//6204
f 6204//6204 6031//6031 6124//6124
f 6125//6125 6205//6205 6123//6123
f 5934//5934 6385//6385 6262//6262
f 6528//6528 6087//6087 6200//6200
f 6172//6172 6051//6051 6023//6023
f 6202//6202 6203//6203 6023//6023
f 5814//5814 6122//6122 5978//5978
f 5814//5814 6171//6171 6122//6122
f 5978//5978 6122//6122 6356//6356
f 5977//5977 5871//5871 6202//6202
f 5896//5896 6408//6408 6088//6088
f 6267//6267 6070//6070 6033//6033
f 5898//5898 6207//6207 5815//5815
f 6070//6070 6206//6206 5939//5939
f 5939//5939 6206//6206 6317//6317
f 6173//6173 6032//6032 6031//6031
f 5894//5894 6128//6128 6126//6126
f 6266//6266 6125//6125 5979//5979
f 6088//6088 6129//6129 5894//5894
f 6267//6267 6032//6032 6174//6174
f 6126//6126 6128//6128 6127//6127
f 6008//6008 6099//6099 6020//6020
f 6143//6143 6099//6099 6008//6008
f 6020//6020 6099//6099 6294//6294
f 6148//6148 6045//6045 6100//6100
f 6058//6058 6300//6300 6044//6044
f 6008//6008 6145//6145 6143//6143
f 6144//6144 6100//6100 6078//6078
f 6024//6024 6075//6075 6098//6098
f 6097//6097 6019//6019 6137//6137
f 6231//6231 6138//6138 6074//6074
f 6055//6055 6137//6137 6019//6019
f 6291//6291 6141//6141 6056//6056
f 6234//6234 6056//6056 6140//6140
f 6142//6142 6236//6236 5957//5957
f 6056//6056 6235//6235 6291//6291
f 6046//6046 6062//6062 6106//6106
f 6109//6109 6191//6191 6046//6046
f 6108//6108 6190//6190 6109//6109
f 6152//6152 6108//6108 6109//6109
f 6153//6153 6107//6107 6047//6047
f 5995//5995 6162//6162 6082//6082
f 6154//6154 6155//6155 6062//6062
f 6158//6158 6063//6063 6195//6195
f 6155//6155 5995//5995 6062//6062
f 6157//6157 5995//5995 6155//6155
f 6059//6059 6045//6045 6148//6148
f 6102//6102 6189//6189 6058//6058
f 6101//6101 6079//6079 6059//6059
f 6104//6104 6080//6080 6106//6106
f 6080//6080 6046//6046 6106//6106
f 6028//6028 6046//6046 6105//6105
f 6104//6104 6106//6106 6061//6061
f 6080//6080 6028//6028 6105//6105
f 6152//6152 6109//6109 6079//6079
f 6079//6079 6239//6239 6303//6303
f 6303//6303 6150//6150 6079//6079
f 6149//6149 6101//6101 6059//6059
f 6149//6149 6079//6079 6101//6101
f 6336//6336 6189//6189 6102//6102
f 6240//6240 6107//6107 6151//6151
f 6103//6103 6107//6107 6240//6240
f 6190//6190 6152//6152 6150//6150
f 6080//6080 6105//6105 6046//6046
f 6150//6150 6303//6303 6190//6190
f 6060//6060 6103//6103 5994//5994
f 6081//6081 6107//6107 6060//6060
f 6150//6150 6152//6152 6079//6079
f 6107//6107 6103//6103 6060//6060
f 6077//6077 6293//6293 6078//6078
f 6144//6144 6078//6078 6293//6293
f 6293//6293 6077//6077 6141//6141
f 6188//6188 6293//6293 6141//6141
f 6020//6020 6294//6294 6292//6292
f 6300//6300 6145//6145 6044//6044
f 6100//6100 6147//6147 6148//6148
f 6237//6237 6148//6148 6147//6147
f 6300//6300 6058//6058 6189//6189
f 6059//6059 6148//6148 6237//6237
f 6297//6297 6100//6100 6144//6144
f 6296//6296 6297//6297 6144//6144
f 6011//6011 6249//6249 6197//6197
f 6197//6197 6112//6112 6011//6011
f 6251//6251 6064//6064 6111//6111
f 6249//6249 6162//6162 6250//6250
f 6249//6249 6011//6011 6162//6162
f 6159//6159 6160//6160 5995//5995
f 6064//6064 6196//6196 6195//6195
f 5995//5995 6160//6160 6162//6162
f 6419//6419 6066//6066 6114//6114
f 5996//5996 6164//6164 6309//6309
f 6164//6164 6049//6049 6083//6083
f 6164//6164 5996//5996 6049//6049
f 6163//6163 6066//6066 6065//6065
f 6419//6419 6065//6065 6066//6066
f 6348//6348 6113//6113 6011//6011
f 6348//6348 6011//6011 6112//6112
f 6243//6243 6156//6156 6109//6109
f 6156//6156 6243//6243 6193//6193
f 6243//6243 6109//6109 6190//6190
f 6190//6190 6108//6108 6152//6152
f 6241//6241 6107//6107 6153//6153
f 6046//6046 6191//6191 6154//6154
f 6244//6244 6191//6191 6109//6109
f 6046//6046 6154//6154 6062//6062
f 6194//6194 6159//6159 5995//5995
f 6194//6194 5995//5995 6157//6157
f 6156//6156 6110//6110 6109//6109
f 6153//6153 6158//6158 6193//6193
f 6153//6153 6047//6047 6158//6158
f 6158//6158 6047//6047 6063//6063
f 6154//6154 6157//6157 6155//6155
f 6194//6194 6157//6157 6154//6154
f 5901//5901 6387//6387 5846//5846
f 5847//5847 6090//6090 6034//6034
f 6217//6217 6178//6178 6216//6216
f 5907//5907 6036//6036 5908//5908
f 5817//5817 5523//5523 5522//5522
f 578//578 635//635 595//595
f 595//595 563//563 539//539
f 5840//5840 6320//6320 6004//6004
f 482//482 576//576 562//562
f 623//623 574//574 540//540
f 563//563 624//624 577//577
f 626//626 535//535 576//576
f 6282//6282 6185//6185 6025//6025
f 6024//6024 6098//6098 6139//6139
f 6186//6186 6042//6042 6025//6025
f 6186//6186 6025//6025 6185//6185
f 6232//6232 6055//6055 6024//6024
f 5953//5953 6138//6138 6231//6231
f 6025//6025 6231//6231 6282//6282
f 5953//5953 6231//6231 6025//6025
f 6231//6231 6074//6074 6281//6281
f 6235//6235 6056//6056 6234//6234
f 6141//6141 6291//6291 6188//6188
f 6076//6076 6392//6392 6007//6007
f 6233//6233 6042//6042 6186//6186
f 6233//6233 6288//6288 6140//6140
f 6140//6140 6288//6288 6234//6234
f 6042//6042 6233//6233 6140//6140
f 6182//6182 6017//6017 6181//6181
f 6017//6017 6133//6133 5791//5791
f 6180//6180 6324//6324 6224//6224
f 6040//6040 6073//6073 6181//6181
f 6038//6038 5946//5946 6094//6094
f 6179//6179 6006//6006 6547//6547
f 6224//6224 5913//5913 6223//6223
f 6501//6501 5913//5913 6132//6132
f 6132//6132 5913//5913 6038//6038
f 6074//6074 6053//6053 6136//6136
f 6019//6019 6097//6097 6278//6278
f 6053//6053 6134//6134 6135//6135
f 6228//6228 6134//6134 6324//6324
f 6054//6054 6183//6183 6278//6278
f 6136//6136 6053//6053 6096//6096
f 6278//6278 6183//6183 6040//6040
f 6096//6096 6053//6053 6135//6135
f 580//580 540//540 488//488
f 538//538 579//579 541//541
f 583//583 581//581 538//538
f 538//538 581//581 537//537
f 583//583 538//538 541//541
f 580//580 582//582 540//540
f 6269//6269 6321//6321 6089//6089
f 540//540 582//582 623//623
f 539//539 563//563 577//577
f 537//537 580//580 488//488
f 626//626 538//538 535//535
f 538//538 626//626 579//579
f 452//452 641//641 565//565
f 598//598 544//544 423//423
f 599//599 542//542 585//585
f 543//543 542//542 599//599
f 641//641 522//522 546//546
f 490//490 423//423 544//544
f 599//599 546//546 543//543
f 6325//6325 6324//6324 6502//6502
f 6431//6431 6367//6367 6181//6181
f 6431//6431 6275//6275 6276//6276
f 6431//6431 6073//6073 6275//6275
f 6223//6223 6429//6429 6591//6591
f 6550//6550 6549//6549 6324//6324
f 6227//6227 6226//6226 6133//6133
f 6279//6279 6434//6434 6390//6390
f 6434//6434 6137//6137 6328//6328
f 6327//6327 6391//6391 6281//6281
f 6277//6277 6410//6410 6326//6326
f 6326//6326 6410//6410 6327//6327
f 5522//5522 6273//6273 5985//5985
f 6544//6544 6427//6427 5983//5983
f 6389//6389 6544//6544 5983//5983
f 6015//6015 6389//6389 5983//5983
f 6387//6387 6366//6366 5847//5847
f 6539//6539 6271//6271 6034//6034
f 5847//5847 6539//6539 6090//6090
f 6366//6366 6539//6539 5847//5847
f 6425//6425 6211//6211 6177//6177
f 6388//6388 6589//6589 5906//5906
f 6272//6272 6323//6323 5902//5902
f 6323//6323 6014//6014 5902//5902
f 6222//6222 6430//6430 6218//6218
f 6222//6222 5947//5947 6430//6430
f 6727//6727 6767//6767 6221//6221
f 5522//5522 5523//5523 6273//6273
f 6547//6547 6006//6006 6904//6904
f 5907//5907 6215//6215 6545//6545
f 6036//6036 6545//6545 6672//6672
f 6216//6216 6590//6590 5943//5943
f 6345//6345 6308//6308 6064//6064
f 6419//6419 6114//6114 6012//6012
f 6196//6196 6341//6341 6379//6379
f 5976//5976 6354//6354 5933//5933
f 6461//6461 6314//6314 6257//6257
f 6353//6353 5999//5999 6260//6260
f 6524//6524 6258//6258 6383//6383
f 6461//6461 6259//6259 6314//6314
f 6254//6254 6407//6407 6312//6312
f 6313//6313 6352//6352 6461//6461
f 6261//6261 5870//5870 6581//6581
f 6422//6422 6464//6464 5933//5933
f 6581//6581 6170//6170 6355//6355
f 6580//6580 6422//6422 6354//6354
f 6170//6170 6581//6581 5870//5870
f 6580//6580 6168//6168 6022//6022
f 5976//5976 6580//6580 6354//6354
f 6168//6168 6580//6580 5976//5976
f 6422//6422 5933//5933 6354//6354
f 6263//6263 6316//6316 6262//6262
f 6169//6169 5870//5870 6261//6261
f 6260//6260 6526//6526 6525//6525
f 6260//6260 6383//6383 6353//6353
f 5999//5999 6353//6353 6383//6383
f 6638//6638 6384//6384 6022//6022
f 6022//6022 6384//6384 6580//6580
f 6490//6490 6112//6112 6343//6343
f 6346//6346 6111//6111 6405//6405
f 6490//6490 6348//6348 6112//6112
f 6490//6490 6343//6343 6404//6404
f 6346//6346 6380//6380 6111//6111
f 6343//6343 6344//6344 6404//6404
f 6111//6111 6380//6380 6345//6345
f 6116//6116 6350//6350 6495//6495
f 6459//6459 6458//6458 6311//6311
f 6458//6458 6349//6349 6310//6310
f 6350//6350 6115//6115 6420//6420
f 6419//6419 6405//6405 6347//6347
f 6406//6406 6420//6420 6309//6309
f 6084//6084 6349//6349 6253//6253
f 6252//6252 6419//6419 6012//6012
f 6381//6381 6406//6406 6309//6309
f 595//595 539//539 485//485
f 537//537 536//536 538//538
f 535//535 538//538 487//487
f 577//577 519//519 539//539
f 578//578 595//595 485//485
f 485//485 539//539 519//519
f 6364//6364 6210//6210 6499//6499
f 6072//6072 6319//6319 6652//6652
f 575//575 518//518 603//603
f 482//482 560//560 576//576
f 519//519 603//603 518//518
f 518//518 483//483 519//519
f 421//421 574//574 517//517
f 603//603 519//519 577//577
f 487//487 576//576 535//535
f 485//485 533//533 578//578
f 578//578 533//533 532//532
f 487//487 562//562 576//576
f 540//540 574//574 534//534
f 6468//6468 6264//6264 6585//6585
f 6467//6467 6356//6356 6171//6171
f 6264//6264 6467//6467 6171//6171
f 6205//6205 6585//6585 6123//6123
f 6123//6123 6585//6585 6265//6265
f 6265//6265 6585//6585 6264//6264
f 6266//6266 6585//6585 6205//6205
f 6263//6263 6385//6385 6316//6316
f 6358//6358 6497//6497 6023//6023
f 6467//6467 6264//6264 6359//6359
f 6470//6470 6615//6615 6070//6070
f 6532//6532 6408//6408 6361//6361
f 6722//6722 6534//6534 6318//6318
f 6267//6267 6174//6174 6360//6360
f 6129//6129 6408//6408 6469//6469
f 6173//6173 6360//6360 6174//6174
f 6531//6531 6173//6173 6204//6204
f 6129//6129 6469//6469 6128//6128
f 5815//5815 6532//6532 6361//6361
f 6331//6331 6294//6294 6332//6332
f 6393//6393 6291//6291 6330//6330
f 6393//6393 6395//6395 6291//6291
f 6373//6373 6399//6399 6334//6334
f 6298//6298 6238//6238 6332//6332
f 6441//6441 6297//6297 6296//6296
f 6373//6373 6334//6334 6333//6333
f 6373//6373 6333//6333 6441//6441
f 6435//6435 6185//6185 6285//6285
f 6597//6597 6282//6282 6391//6391
f 6328//6328 6283//6283 6284//6284
f 6328//6328 6139//6139 6283//6283
f 6393//6393 6330//6330 6372//6372
f 6392//6392 6370//6370 6075//6075
f 6329//6329 6371//6371 6479//6479
f 6479//6479 6287//6287 6329//6329
f 6305//6305 6418//6418 6377//6377
f 6338//6338 6196//6196 6378//6378
f 6375//6375 6306//6306 6377//6377
f 6160//6160 6342//6342 6344//6344
f 6340//6340 6342//6342 6160//6160
f 6160//6160 6344//6344 6343//6343
f 6338//6338 6378//6378 6247//6247
f 6196//6196 6379//6379 6378//6378
f 6161//6161 6308//6308 6453//6453
f 6247//6247 6378//6378 6339//6339
f 6161//6161 6453//6453 6341//6341
f 6247//6247 6339//6339 6307//6307
f 6302//6302 6336//6336 6401//6401
f 6335//6335 6416//6416 6374//6374
f 6414//6414 6402//6402 6335//6335
f 6401//6401 6299//6299 6302//6302
f 6335//6335 6399//6399 6414//6414
f 6335//6335 6402//6402 6416//6416
f 6146//6146 6299//6299 6401//6401
f 6417//6417 6418//6418 6305//6305
f 6375//6375 6377//6377 6376//6376
f 6417//6417 6305//6305 6374//6374
f 6401//6401 6336//6336 6337//6337
f 6374//6374 6305//6305 6304//6304
f 6195//6195 6338//6338 6158//6158
f 6246//6246 6194//6194 6154//6154
f 6193//6193 6246//6246 6110//6110
f 6158//6158 6338//6338 6193//6193
f 6064//6064 6341//6341 6196//6196
f 6196//6196 6338//6338 6195//6195
f 6246//6246 6193//6193 6248//6248
f 6246//6246 6248//6248 6194//6194
f 6193//6193 6307//6307 6248//6248
f 6247//6247 6307//6307 6193//6193
f 6159//6159 6194//6194 6248//6248
f 6338//6338 6247//6247 6193//6193
f 6110//6110 6156//6156 6193//6193
f 6190//6190 6305//6305 6377//6377
f 6153//6153 6192//6192 6377//6377
f 6243//6243 6242//6242 6377//6377
f 6241//6241 6377//6377 6306//6306
f 6377//6377 6241//6241 6153//6153
f 6375//6375 6107//6107 6306//6306
f 6151//6151 6107//6107 6375//6375
f 6305//6305 6190//6190 6303//6303
f 6306//6306 6107//6107 6241//6241
f 6110//6110 6245//6245 6109//6109
f 6245//6245 6246//6246 6154//6154
f 6110//6110 6246//6246 6245//6245
f 6109//6109 6245//6245 6154//6154
f 6109//6109 6154//6154 6244//6244
f 6242//6242 6190//6190 6377//6377
f 6377//6377 6192//6192 6243//6243
f 6242//6242 6243//6243 6190//6190
f 6244//6244 6154//6154 6191//6191
f 6192//6192 6153//6153 6243//6243
f 6165//6165 6351//6351 6117//6117
f 6382//6382 6459//6459 6166//6166
f 6117//6117 6351//6351 6068//6068
f 6198//6198 6166//6166 6459//6459
f 6311//6311 6198//6198 6459//6459
f 6312//6312 6199//6199 6254//6254
f 6166//6166 6199//6199 6382//6382
f 6199//6199 6312//6312 6382//6382
f 6084//6084 6253//6253 6012//6012
f 6381//6381 6309//6309 6083//6083
f 6458//6458 6198//6198 6311//6311
f 6165//6165 6116//6116 6351//6351
f 6420//6420 6115//6115 6309//6309
f 6349//6349 6084//6084 6310//6310
f 6350//6350 6116//6116 6115//6115
f 6638//6638 6085//6085 6711//6711
f 6000//6000 6711//6711 6085//6085
f 6260//6260 6119//6119 6526//6526
f 6022//6022 6085//6085 6638//6638
f 6256//6256 6461//6461 6257//6257
f 6255//6255 6257//6257 6314//6314
f 6255//6255 6352//6352 6256//6256
f 6421//6421 6352//6352 6255//6255
f 6256//6256 6313//6313 6461//6461
f 6352//6352 6313//6313 6256//6256
f 6255//6255 6314//6314 6259//6259
f 6255//6255 6259//6259 6118//6118
f 6383//6383 6258//6258 5999//5999
f 6257//6257 6255//6255 6256//6256
f 6258//6258 6524//6524 6576//6576
f 6343//6343 6112//6112 6197//6197
f 6111//6111 6345//6345 6251//6251
f 6345//6345 6064//6064 6251//6251
f 6308//6308 6161//6161 6064//6064
f 6249//6249 6343//6343 6197//6197
f 6340//6340 6160//6160 6159//6159
f 6248//6248 6340//6340 6159//6159
f 6248//6248 6307//6307 6342//6342
f 6249//6249 6250//6250 6160//6160
f 6248//6248 6342//6342 6340//6340
f 6161//6161 6341//6341 6064//6064
f 6348//6348 6083//6083 6113//6113
f 6381//6381 6083//6083 6348//6348
f 6253//6253 6252//6252 6012//6012
f 6309//6309 6164//6164 6083//6083
f 6343//6343 6249//6249 6160//6160
f 6163//6163 6405//6405 6111//6111
f 6419//6419 6347//6347 6065//6065
f 6065//6065 6347//6347 6405//6405
f 6405//6405 6163//6163 6065//6065
f 6055//6055 6328//6328 6137//6137
f 6434//6434 6184//6184 6097//6097
f 6097//6097 6184//6184 6278//6278
f 6137//6137 6434//6434 6097//6097
f 6236//6236 6076//6076 6007//6007
f 6186//6186 6329//6329 6233//6233
f 6285//6285 6185//6185 6282//6282
f 6618//6618 6179//6179 6547//6547
f 5912//5912 6428//6428 5947//5947
f 5947//5947 6222//6222 6218//6218
f 6767//6767 6095//6095 6221//6221
f 6038//6038 6094//6094 6501//6501
f 6223//6223 5913//5913 6501//6501
f 6225//6225 5791//5791 6226//6226
f 6430//6430 5912//5912 5791//5791
f 6620//6620 6216//6216 6178//6178
f 6621//6621 6178//6178 6217//6217
f 6621//6621 6217//6217 6131//6131
f 6220//6220 6094//6094 6409//6409
f 6618//6618 6727//6727 6179//6179
f 6727//6727 6221//6221 6179//6179
f 6220//6220 6219//6219 6094//6094
f 6219//6219 6501//6501 6094//6094
f 6218//6218 6131//6131 5947//5947
f 6767//6767 6409//6409 6095//6095
f 6054//6054 6230//6230 6183//6183
f 6040//6040 6183//6183 6229//6229
f 6017//6017 6227//6227 6133//6133
f 6133//6133 6226//6226 5791//5791
f 6299//6299 6146//6146 6145//6145
f 6300//6300 6299//6299 6145//6145
f 6336//6336 6102//6102 6103//6103
f 6301//6301 6079//6079 6149//6149
f 6336//6336 6103//6103 6337//6337
f 6239//6239 6079//6079 6301//6301
f 6292//6292 6142//6142 6020//6020
f 6290//6290 6236//6236 6142//6142
f 6187//6187 6291//6291 6235//6235
f 6297//6297 6237//6237 6147//6147
f 6333//6333 6237//6237 6297//6297
f 6297//6297 6147//6147 6100//6100
f 6293//6293 6188//6188 6291//6291
f 6295//6295 6296//6296 6144//6144
f 6293//6293 6295//6295 6144//6144
f 6143//6143 6294//6294 6099//6099
f 6143//6143 6332//6332 6294//6294
f 6232//6232 6139//6139 6328//6328
f 6282//6282 6597//6597 6285//6285
f 6139//6139 6284//6284 6283//6283
f 6284//6284 6098//6098 6369//6369
f 6286//6286 6369//6369 6098//6098
f 6369//6369 6286//6286 6370//6370
f 6286//6286 6098//6098 6075//6075
f 6098//6098 6284//6284 6139//6139
f 6281//6281 6074//6074 6327//6327
f 6231//6231 6391//6391 6282//6282
f 6232//6232 6328//6328 6055//6055
f 6391//6391 6231//6231 6281//6281
f 6289//6289 6288//6288 6479//6479
f 6076//6076 6236//6236 6392//6392
f 6479//6479 6288//6288 6233//6233
f 6235//6235 6234//6234 6289//6289
f 6289//6289 6234//6234 6288//6288
f 6329//6329 6186//6186 6185//6185
f 6370//6370 6286//6286 6075//6075
f 6371//6371 6185//6185 6435//6435
f 6371//6371 6329//6329 6185//6185
f 6287//6287 6479//6479 6233//6233
f 6280//6280 6327//6327 6074//6074
f 6233//6233 6329//6329 6287//6287
f 6550//6550 6324//6324 6180//6180
f 6624//6624 6227//6227 6182//6182
f 6182//6182 6227//6227 6017//6017
f 6180//6180 6224//6224 6591//6591
f 6550//6550 6180//6180 6591//6591
f 6181//6181 6073//6073 6431//6431
f 6502//6502 6228//6228 6325//6325
f 6325//6325 6228//6228 6324//6324
f 6624//6624 6182//6182 6181//6181
f 6223//6223 6501//6501 6429//6429
f 6224//6224 6223//6223 6591//6591
f 6225//6225 6430//6430 5791//5791
f 6501//6501 6132//6132 6038//6038
f 6430//6430 6428//6428 5912//5912
f 6277//6277 6326//6326 6136//6136
f 6230//6230 6054//6054 6390//6390
f 6326//6326 6074//6074 6136//6136
f 6096//6096 6410//6410 6136//6136
f 6136//6136 6410//6410 6277//6277
f 6410//6410 6096//6096 6475//6475
f 6280//6280 6326//6326 6327//6327
f 6280//6280 6074//6074 6326//6326
f 6054//6054 6278//6278 6390//6390
f 6184//6184 6434//6434 6279//6279
f 6390//6390 6184//6184 6279//6279
f 6184//6184 6390//6390 6278//6278
f 6040//6040 6229//6229 6276//6276
f 6368//6368 6228//6228 6502//6502
f 6275//6275 6040//6040 6276//6276
f 6228//6228 6368//6368 6134//6134
f 6073//6073 6040//6040 6275//6275
f 6229//6229 6183//6183 6390//6390
f 6368//6368 6475//6475 6096//6096
f 6390//6390 6183//6183 6230//6230
f 6134//6134 6368//6368 6135//6135
f 6096//6096 6135//6135 6368//6368
f 6299//6299 6300//6300 6302//6302
f 6302//6302 6189//6189 6336//6336
f 6189//6189 6302//6302 6300//6300
f 6335//6335 6239//6239 6301//6301
f 6146//6146 6238//6238 6145//6145
f 6399//6399 6335//6335 6301//6301
f 6149//6149 6059//6059 6237//6237
f 6301//6301 6149//6149 6237//6237
f 6399//6399 6301//6301 6237//6237
f 6337//6337 6240//6240 6375//6375
f 6151//6151 6375//6375 6240//6240
f 6303//6303 6239//6239 6374//6374
f 6374//6374 6239//6239 6335//6335
f 6303//6303 6304//6304 6305//6305
f 6401//6401 6337//6337 6375//6375
f 6337//6337 6103//6103 6240//6240
f 6374//6374 6304//6304 6303//6303
f 6395//6395 6397//6397 6293//6293
f 6292//6292 6290//6290 6142//6142
f 6293//6293 6291//6291 6395//6395
f 6293//6293 6397//6397 6295//6295
f 6331//6331 6292//6292 6294//6294
f 6289//6289 6187//6187 6235//6235
f 6372//6372 6187//6187 6289//6289
f 6236//6236 6290//6290 6394//6394
f 6330//6330 6187//6187 6372//6372
f 6330//6330 6291//6291 6187//6187
f 6333//6333 6334//6334 6237//6237
f 6145//6145 6298//6298 6332//6332
f 6145//6145 6332//6332 6143//6143
f 6298//6298 6145//6145 6238//6238
f 6334//6334 6399//6399 6237//6237
f 6296//6296 6295//6295 6397//6397
f 6441//6441 6333//6333 6297//6297
f 6652//6652 5942//5942 6365//6365
f 6319//6319 5942//5942 6652//6652
f 524//524 523//523 568//568
f 6534//6534 6535//6535 6002//6002
f 569//569 568//568 523//523
f 6363//6363 6362//6362 6207//6207
f 6268//6268 6317//6317 6471//6471
f 6175//6175 6363//6363 6207//6207
f 6362//6362 6532//6532 5815//5815
f 6002//6002 6318//6318 6534//6534
f 6364//6364 6130//6130 6210//6210
f 6209//6209 6499//6499 6363//6363
f 6365//6365 5942//5942 6535//6535
f 6364//6364 6499//6499 6130//6130
f 6499//6499 6209//6209 6130//6130
f 6208//6208 6722//6722 6002//6002
f 6002//6002 6722//6722 6318//6318
f 6209//6209 6363//6363 6176//6176
f 6722//6722 6208//6208 6268//6268
f 566//566 587//587 552//552
f 426//426 568//568 567//567
f 554//554 704//704 601//601
f 460//460 553//553 554//554
f 460//460 588//588 553//553
f 553//553 588//588 554//554
f 554//554 588//588 704//704
f 6201//6201 6465//6465 6357//6357
f 5871//5871 6357//6357 6202//6202
f 6358//6358 6202//6202 6357//6357
f 6357//6357 5871//5871 6201//6201
f 6264//6264 6468//6468 6359//6359
f 6202//6202 6358//6358 6203//6203
f 6358//6358 6023//6023 6203//6203
f 6122//6122 6171//6171 6356//6356
f 6497//6497 6172//6172 6023//6023
f 6464//6464 6200//6200 5933//5933
f 5870//5870 6355//6355 6170//6170
f 6022//6022 6168//6168 6167//6167
f 6013//6013 6261//6261 6121//6121
f 6315//6315 6355//6355 5870//5870
f 6168//6168 5976//5976 6167//6167
f 6262//6262 6316//6316 6355//6355
f 6528//6528 6201//6201 6087//6087
f 6262//6262 6385//6385 6263//6263
f 6356//6356 6385//6385 5934//5934
f 6262//6262 6355//6355 6315//6315
f 6464//6464 6528//6528 6200//6200
f 5894//5894 6129//6129 6128//6128
f 6088//6088 6408//6408 6129//6129
f 6471//6471 6317//6317 6070//6070
f 5896//5896 5815//5815 6361//6361
f 6070//6070 6317//6317 6206//6206
f 5896//5896 6361//6361 6408//6408
f 6070//6070 6267//6267 6470//6470
f 6070//6070 6615//6615 6471//6471
f 6531//6531 6051//6051 6172//6172
f 6051//6051 6531//6531 6204//6204
f 6265//6265 6264//6264 6123//6123
f 6386//6386 6127//6127 6128//6128
f 5979//5979 6386//6386 6266//6266
f 5979//5979 6127//6127 6386//6386
f 6126//6126 6127//6127 5979//5979
f 6125//6125 6266//6266 6205//6205
f 6211//6211 6388//6388 5904//5904
f 5904//5904 6388//6388 6212//6212
f 6589//6589 6213//6213 5906//5906
f 6212//6212 6388//6388 5906//5906
f 6321//6321 6322//6322 6089//6089
f 6320//6320 6269//6269 6004//6004
f 6271//6271 6272//6272 6034//6034
f 5846//5846 6387//6387 5847//5847
f 6620//6620 6619//6619 6216//6216
f 6621//6621 6620//6620 6178//6178
f 5715//5715 6216//6216 5943//5943
f 6904//6904 6006//6006 6674//6674
f 6220//6220 6501//6501 6219//6219
f 6621//6621 6131//6131 6218//6218
f 5857//5857 6389//6389 6015//6015
f 6214//6214 6093//6093 6389//6389
f 550//550 496//496 566//566
f 498//498 551//551 496//496
f 496//496 551//551 495//495
f 552//552 550//550 566//566
f 567//567 551//551 498//498
f 460//460 587//587 588//588
f 600//600 452//452 565//565
f 492//492 493//493 548//548
f 549//549 566//566 456//456
f 495//495 493//493 455//455
f 571//571 343//343 434//434
f 6736//6736 6836//6836 6914//6914
f 6851//6851 6853//6853 6852//6852
f 6853//6853 6851//6851 6865//6865
f 6852//6852 6884//6884 6817//6817
f 6853//6853 6884//6884 6852//6852
f 6853//6853 6865//6865 6919//6919
f 6817//6817 6884//6884 6791//6791
f 6862//6862 6808//6808 6840//6840
f 6987//6987 6869//6869 6796//6796
f 6820//6820 6796//6796 6869//6869
f 6868//6868 6987//6987 6796//6796
f 6848//6848 6817//6817 6849//6849
f 6849//6849 6817//6817 6816//6816
f 6788//6788 6750//6750 6751//6751
f 6855//6855 6868//6868 6582//6582
f 6894//6894 6897//6897 6797//6797
f 6754//6754 6884//6884 6867//6867
f 6754//6754 6867//6867 6710//6710
f 6817//6817 6791//6791 6816//6816
f 6865//6865 6851//6851 6708//6708
f 6866//6866 6708//6708 6756//6756
f 6794//6794 6756//6756 6708//6708
f 6854//6854 6791//6791 6884//6884
f 6774//6774 6838//6838 6836//6836
f 6862//6862 6881//6881 6808//6808
f 6836//6836 6838//6838 6881//6881
f 6775//6775 6839//6839 6837//6837
f 6840//6840 6808//6808 6781//6781
f 6838//6838 6808//6808 6881//6881
f 6917//6917 6779//6779 6839//6839
f 6864//6864 6779//6779 6917//6917
f 6860//6860 6859//6859 6736//6736
f 6878//6878 6832//6832 6976//6976
f 6833//6833 6878//6878 6976//6976
f 6735//6735 6878//6878 6833//6833
f 6861//6861 6860//6860 6736//6736
f 6771//6771 6736//6736 6859//6859
f 6837//6837 6806//6806 6775//6775
f 6806//6806 6837//6837 6807//6807
f 6807//6807 6837//6837 6835//6835
f 6879//6879 6807//6807 6835//6835
f 6835//6835 6739//6739 6879//6879
f 6836//6836 6834//6834 6774//6774
f 6736//6736 6834//6834 6836//6836
f 6847//6847 6814//6814 6811//6811
f 6813//6813 6852//6852 6817//6817
f 6813//6813 6817//6817 6848//6848
f 6850//6850 6851//6851 6852//6852
f 6815//6815 6851//6851 6850//6850
f 6851//6851 6815//6815 6789//6789
f 6846//6846 6852//6852 6813//6813
f 6850//6850 6852//6852 6846//6846
f 6815//6815 6850//6850 6846//6846
f 6847//6847 6849//6849 6814//6814
f 6843//6843 6696//6696 6842//6842
f 6781//6781 6841//6841 6840//6840
f 6842//6842 6841//6841 6843//6843
f 6841//6841 6781//6781 6843//6843
f 6845//6845 6849//6849 6847//6847
f 6848//6848 6849//6849 6845//6845
f 6750//6750 6788//6788 6846//6846
f 6844//6844 6810//6810 6845//6845
f 6810//6810 6750//6750 6812//6812
f 6845//6845 6847//6847 6811//6811
f 6810//6810 6848//6848 6845//6845
f 6812//6812 6848//6848 6810//6810
f 488//488 422//422 420//420
f 562//562 383//383 444//444
f 6899//6899 6763//6763 6799//6799
f 6899//6899 6799//6799 6897//6897
f 6971//6971 6728//6728 6676//6676
f 6858//6858 6830//6830 6828//6828
f 6858//6858 6828//6828 6955//6955
f 6955//6955 6828//6828 6908//6908
f 6908//6908 6828//6828 7099//7099
f 381//381 440//440 444//444
f 7098//7098 6544//6544 6824//6824
f 7149//7149 6765//6765 6473//6473
f 6823//6823 6875//6875 6670//6670
f 314//314 514//514 319//319
f 308//308 516//516 416//416
f 439//439 367//367 312//312
f 415//415 439//439 312//312
f 513//513 414//414 366//366
f 396//396 573//573 415//415
f 513//513 366//366 611//611
f 7042//7042 6968//6968 6997//6997
f 323//323 465//465 363//363
f 391//391 310//310 392//392
f 323//323 364//364 465//465
f 654//654 512//512 435//435
f 1033//1033 394//394 571//571
f 341//341 476//476 339//339
f 823//823 677//677 326//326
f 352//352 353//353 237//237
f 353//353 410//410 354//354
f 387//387 470//470 360//360
f 377//377 412//412 356//356
f 357//357 358//358 386//386
f 412//412 357//357 356//356
f 6973//6973 7044//7044 6831//6831
f 7050//7050 6930//6930 7005//7005
f 6862//6862 6916//6916 6983//6983
f 406//406 431//431 405//405
f 404//404 431//431 407//407
f 6996//6996 6997//6997 6800//6800
f 406//406 407//407 431//431
f 7073//7073 6998//6998 6902//6902
f 408//408 409//409 350//350
f 6997//6997 6996//6996 6998//6998
f 403//403 427//427 429//429
f 462//462 385//385 403//403
f 462//462 431//431 385//385
f 428//428 403//403 385//385
f 7006//7006 6991//6991 6990//6990
f 6967//6967 6932//6932 7007//7007
f 6992//6992 7006//7006 6897//6897
f 6992//6992 6991//6991 7006//7006
f 7070//7070 7021//7021 6966//6966
f 7006//7006 6966//6966 7021//7021
f 6966//6966 7006//7006 6990//6990
f 7005//7005 6967//6967 7007//7007
f 6937//6937 7022//7022 6995//6995
f 7022//7022 6902//6902 6938//6938
f 7022//7022 6938//6938 6995//6995
f 6933//6933 7006//7006 6937//6937
f 7006//7006 6933//6933 6993//6993
f 6935//6935 7042//7042 6898//6898
f 6937//6937 6994//6994 6933//6933
f 7026//7026 7027//7027 6947//6947
f 7098//7098 7185//7185 6948//6948
f 6999//6999 6765//6765 7149//7149
f 6943//6943 7023//7023 6661//6661
f 6999//6999 7000//7000 6765//6765
f 7052//7052 7053//7053 6665//6665
f 7100//7100 7055//7055 6907//6907
f 7075//7075 6618//6618 7314//7314
f 7054//7054 7140//7140 6905//6905
f 7140//7140 7133//7133 6905//6905
f 6951//6951 7238//7238 7166//7166
f 7077//7077 7151//7151 6970//6970
f 425//425 456//456 349//349
f 424//424 423//423 402//402
f 425//425 349//349 424//424
f 403//403 428//428 427//427
f 6941//6941 7148//7148 6654//6654
f 6940//6940 6941//6941 6871//6871
f 486//486 384//384 383//383
f 7002//7002 7060//7060 6975//6975
f 7011//7011 7002//7002 6975//6975
f 7010//7010 6977//6977 6958//6958
f 7011//7011 6975//6975 6976//6976
f 6980//6980 7013//7013 6959//6959
f 6981//6981 6959//6959 7013//7013
f 7013//7013 7015//7015 6981//6981
f 6958//6958 6978//6978 6979//6979
f 7012//7012 6979//6979 6978//6978
f 7046//7046 6979//6979 7012//7012
f 7081//7081 7028//7028 7082//7082
f 7134//7134 7078//7078 6954//6954
f 7079//7079 7134//7134 6906//6906
f 7078//7078 7056//7056 6953//6953
f 7079//7079 6972//6972 7080//7080
f 7079//7079 6825//6825 6972//6972
f 6971//6971 6678//6678 6907//6907
f 7210//7210 7080//7080 7075//7075
f 6877//6877 6910//6910 7010//7010
f 6957//6957 7001//7001 6974//6974
f 7044//7044 6957//6957 6911//6911
f 6977//6977 7010//7010 6910//6910
f 7011//7011 6976//6976 6974//6974
f 7011//7011 6974//6974 7001//7001
f 7044//7044 6973//6973 6956//6956
f 7029//7029 6956//6956 7082//7082
f 7029//7029 7044//7044 6956//6956
f 7101//7101 6829//6829 6909//6909
f 7043//7043 7101//7101 6877//6877
f 6877//6877 7101//7101 6909//6909
f 7044//7044 6911//6911 6831//6831
f 6988//6988 6889//6889 6965//6965
f 6889//6889 6988//6988 6928//6928
f 7036//7036 6987//6987 7003//7003
f 6965//6965 7004//7004 6988//6988
f 6965//6965 7038//7038 7004//7004
f 6987//6987 7036//7036 7019//7019
f 7048//7048 6926//6926 7035//7035
f 7047//7047 7064//7064 6927//6927
f 7064//7064 7066//7066 6964//6964
f 7109//7109 7066//7066 7064//7064
f 6928//6928 7035//7035 6963//6963
f 7005//7005 7040//7040 7050//7050
f 7070//7070 6966//6966 6989//6989
f 6966//6966 6990//6990 6892//6892
f 7070//7070 6891//6891 7019//7019
f 6864//6864 6981//6981 7015//7015
f 6916//6916 6918//6918 7061//7061
f 6864//6864 7061//7061 6918//6918
f 6983//6983 7012//7012 6862//6862
f 7012//7012 6983//6983 6982//6982
f 7061//7061 6864//6864 7015//7015
f 6916//6916 7061//7061 6982//6982
f 6982//6982 6983//6983 6916//6916
f 6922//6922 7065//7065 7032//7032
f 6922//6922 6986//6986 7065//7065
f 6962//6962 6926//6926 7048//7048
f 6925//6925 7034//7034 6927//6927
f 6927//6927 7034//7034 7047//7047
f 6925//6925 7047//7047 7034//7034
f 7048//7048 7065//7065 6986//6986
f 6866//6866 6887//6887 7107//7107
f 6984//6984 7031//7031 6921//6921
f 6921//6921 7031//7031 6920//6920
f 7032//7032 6961//6961 6922//6922
f 7033//7033 7107//7107 6887//6887
f 7032//7032 7033//7033 6887//6887
f 6801//6801 6802//6802 6998//6998
f 461//461 462//462 403//403
f 428//428 426//426 427//427
f 6934//6934 6898//6898 6720//6720
f 6720//6720 6898//6898 6798//6798
f 6584//6584 6798//6798 6896//6896
f 6896//6896 7005//7005 6821//6821
f 6896//6896 6895//6895 7005//7005
f 6998//6998 6939//6939 6801//6801
f 6721//6721 6934//6934 6469//6469
f 6721//6721 6764//6764 6936//6936
f 6945//6945 7025//7025 6668//6668
f 6765//6765 7000//7000 7052//7052
f 6823//6823 7026//7026 6875//6875
f 6972//6972 6825//6825 7080//7080
f 7134//7134 6954//6954 6906//6906
f 7078//7078 6953//6953 6954//6954
f 6825//6825 7079//7079 6804//6804
f 7079//7079 6906//6906 6804//6804
f 7136//7136 7100//7100 6226//6226
f 6768//6768 7136//7136 6226//6226
f 6826//6826 7099//7099 6805//6805
f 7100//7100 6907//6907 6226//6226
f 6226//6226 6907//6907 6678//6678
f 401//401 420//420 422//422
f 448//448 423//423 424//424
f 522//522 425//425 424//424
f 448//448 424//424 450//450
f 453//453 349//349 492//492
f 455//455 349//349 456//456
f 493//493 492//492 349//349
f 6917//6917 6839//6839 6863//6863
f 6915//6915 6839//6839 6775//6775
f 6917//6917 6863//6863 6981//6981
f 6863//6863 6839//6839 6915//6915
f 6960//6960 6809//6809 6883//6883
f 6960//6960 6842//6842 6809//6809
f 6864//6864 6883//6883 6809//6809
f 6862//6862 6840//6840 6882//6882
f 6840//6840 6841//6841 6960//6960
f 6840//6840 6960//6960 6882//6882
f 6879//6879 6833//6833 6976//6976
f 6859//6859 6912//6912 6771//6771
f 6878//6878 6831//6831 6911//6911
f 6881//6881 6862//6862 6978//6978
f 6836//6836 6881//6881 6914//6914
f 6807//6807 6880//6880 6806//6806
f 6913//6913 6807//6807 6879//6879
f 6880//6880 6807//6807 6913//6913
f 6927//6927 6855//6855 6925//6925
f 6927//6927 6868//6868 6855//6855
f 6965//6965 6890//6890 6819//6819
f 6965//6965 6889//6889 6890//6890
f 6819//6819 6890//6890 6926//6926
f 6987//6987 6868//6868 6964//6964
f 6927//6927 6964//6964 6868//6868
f 6821//6821 7005//7005 6761//6761
f 6892//6892 6869//6869 6891//6891
f 6761//6761 6893//6893 6857//6857
f 6857//6857 6893//6893 7068//7068
f 6891//6891 6929//6929 6892//6892
f 6892//6892 6820//6820 6869//6869
f 6708//6708 6885//6885 6865//6865
f 6886//6886 6708//6708 6866//6866
f 7016//7016 6867//6867 6884//6884
f 6960//6960 6841//6841 6842//6842
f 6919//6919 6884//6884 6853//6853
f 6925//6925 6818//6818 7047//7047
f 6888//6888 6923//6923 6818//6818
f 6758//6758 6961//6961 6887//6887
f 6639//6639 6922//6922 6758//6758
f 6939//6939 6998//6998 6996//6996
f 6900//6900 6997//6997 6936//6936
f 6800//6800 6939//6939 6996//6996
f 6802//6802 6902//6902 6998//6998
f 6800//6800 6997//6997 6900//6900
f 6901//6901 6938//6938 6902//6902
f 419//419 375//375 384//384
f 421//421 382//382 420//420
f 420//420 400//400 446//446
f 486//486 446//446 384//384
f 383//383 562//562 486//486
f 444//444 383//383 381//381
f 420//420 401//401 421//421
f 446//446 400//400 384//384
f 443//443 445//445 441//441
f 400//400 419//419 384//384
f 6892//6892 6990//6990 6931//6931
f 6894//6894 6990//6990 6991//6991
f 6798//6798 6967//6967 6896//6896
f 6931//6931 6990//6990 6894//6894
f 6967//6967 6895//6895 6896//6896
f 7005//7005 6895//6895 6967//6967
f 6761//6761 6930//6930 7050//7050
f 6930//6930 6761//6761 7005//7005
f 6966//6966 6892//6892 6989//6989
f 6931//6931 6820//6820 6892//6892
f 6721//6721 6935//6935 6934//6934
f 6933//6933 6994//6994 6899//6899
f 6934//6934 6935//6935 6898//6898
f 6936//6936 6997//6997 6968//6968
f 7042//7042 6721//6721 6968//6968
f 6937//6937 6870//6870 6994//6994
f 7042//7042 6935//6935 6721//6721
f 6938//6938 6937//6937 6995//6995
f 6721//6721 6936//6936 6968//6968
f 6991//6991 6897//6897 6894//6894
f 6897//6897 6991//6991 6992//6992
f 6798//6798 6932//6932 6967//6967
f 6897//6897 6933//6933 6899//6899
f 6933//6933 6897//6897 6993//6993
f 7006//7006 6993//6993 6897//6897
f 6798//6798 6898//6898 6932//6932
f 6668//6668 6669//6669 6874//6874
f 6875//6875 6947//6947 7027//7027
f 6671//6671 7098//7098 6824//6824
f 6946//6946 7026//7026 6823//6823
f 7025//7025 6669//6669 6668//6668
f 6669//6669 6946//6946 6823//6823
f 6873//6873 6943//6943 6661//6661
f 6538//6538 6943//6943 6873//6873
f 7023//7023 7024//7024 6539//6539
f 6656//6656 6654//6654 7148//7148
f 6872//6872 6538//6538 6803//6803
f 6944//6944 7149//7149 6664//6664
f 6662//6662 7024//7024 7051//7051
f 6661//6661 7023//7023 6539//6539
f 7149//7149 6944//6944 7051//7051
f 7051//7051 6944//6944 6664//6664
f 7055//7055 7077//7077 6952//6952
f 7077//7077 6970//6970 6952//6952
f 6907//6907 7055//7055 6971//6971
f 7055//7055 6952//6952 6728//6728
f 7076//7076 6876//6876 7151//7151
f 7145//7145 7164//7164 7056//7056
f 7055//7055 6728//6728 6971//6971
f 7098//7098 6948//6948 6544//6544
f 6903//6903 6949//6949 6950//6950
f 6949//6949 6969//6969 6950//6950
f 6544//6544 6949//6949 6903//6903
f 6948//6948 6949//6949 6544//6544
f 7026//7026 6947//6947 6875//6875
f 7027//7027 7098//7098 6671//6671
f 6618//6618 7074//7074 7314//7314
f 7054//7054 6905//6905 6876//6876
f 7076//7076 7054//7054 6876//6876
f 6726//6726 7238//7238 6590//6590
f 7238//7238 6951//6951 6590//6590
f 6949//6949 6904//6904 6969//6969
f 6619//6619 6905//6905 6274//6274
f 6274//6274 6905//6905 6726//6726
f 380//380 481//481 440//440
f 399//399 417//417 442//442
f 481//481 380//380 379//379
f 418//418 480//480 373//373
f 371//371 373//373 480//480
f 441//441 445//445 399//399
f 441//441 399//399 442//442
f 375//375 419//419 400//400
f 440//440 381//381 380//380
f 416//416 379//379 329//329
f 320//320 368//368 308//308
f 6766//6766 6940//6940 6871//6871
f 6942//6942 6941//6941 6654//6654
f 6871//6871 6941//6941 6942//6942
f 442//442 417//417 558//558
f 417//417 398//398 558//558
f 531//531 370//370 399//399
f 417//417 399//399 398//398
f 368//368 370//370 531//531
f 416//416 516//516 379//379
f 6775//6775 7060//7060 6980//6980
f 6980//6980 6959//6959 6775//6775
f 6978//6978 6914//6914 6881//6881
f 7060//7060 6775//6775 6806//6806
f 7060//7060 6880//6880 6913//6913
f 6975//6975 7060//7060 6913//6913
f 6958//6958 6914//6914 6978//6978
f 6880//6880 7060//7060 6806//6806
f 6861//6861 6914//6914 6958//6958
f 6736//6736 6914//6914 6861//6861
f 6915//6915 6981//6981 6863//6863
f 6864//6864 6917//6917 6981//6981
f 6862//6862 6882//6882 6916//6916
f 6981//6981 6915//6915 6959//6959
f 6959//6959 6915//6915 6775//6775
f 7012//7012 6978//6978 6862//6862
f 6831//6831 6858//6858 6973//6973
f 6877//6877 6909//6909 6829//6829
f 6973//6973 6858//6858 6956//6956
f 6732//6732 6877//6877 6829//6829
f 6732//6732 6910//6910 6877//6877
f 6681//6681 7101//7101 6827//6827
f 6551//6551 6827//6827 7136//7136
f 7136//7136 6768//6768 6551//6551
f 7118//7118 7081//7081 7099//7099
f 6908//6908 7099//7099 7081//7081
f 6955//6955 6908//6908 7081//7081
f 6955//6955 7082//7082 6858//6858
f 7082//7082 6955//6955 7081//7081
f 6956//6956 6858//6858 7082//7082
f 6829//6829 7101//7101 6681//6681
f 6913//6913 6976//6976 6975//6975
f 6859//6859 6958//6958 6977//6977
f 6861//6861 6859//6859 6860//6860
f 6958//6958 6859//6859 6861//6861
f 6976//6976 6913//6913 6879//6879
f 6911//6911 6974//6974 6878//6878
f 6974//6974 6911//6911 6957//6957
f 6732//6732 6771//6771 6910//6910
f 6910//6910 6912//6912 6977//6977
f 6910//6910 6771//6771 6912//6912
f 6976//6976 6832//6832 6974//6974
f 6912//6912 6859//6859 6977//6977
f 6832//6832 6878//6878 6974//6974
f 6924//6924 6926//6926 6962//6962
f 6963//6963 7035//7035 6926//6926
f 7064//7064 6964//6964 6927//6927
f 6962//6962 7048//7048 6924//6924
f 6818//6818 6923//6923 7047//7047
f 6961//6961 6758//6758 6922//6922
f 6639//6639 6713//6713 6922//6922
f 6923//6923 6888//6888 6985//6985
f 7048//7048 6986//6986 6924//6924
f 6924//6924 6986//6986 6922//6922
f 6922//6922 6713//6713 6924//6924
f 6857//6857 7068//7068 7038//7038
f 6856//6856 6857//6857 7038//7038
f 6929//6929 6989//6989 6892//6892
f 6989//6989 6929//6929 7070//7070
f 6929//6929 6891//6891 7070//7070
f 7068//7068 6893//6893 7050//7050
f 6761//6761 7050//7050 6893//6893
f 6890//6890 6928//6928 6926//6926
f 6963//6963 6926//6926 6928//6928
f 6889//6889 6928//6928 6890//6890
f 6987//6987 6964//6964 7003//7003
f 6869//6869 6987//6987 7019//7019
f 7019//7019 6891//6891 6869//6869
f 6856//6856 7038//7038 6965//6965
f 6960//6960 6883//6883 6864//6864
f 6984//6984 6919//6919 6865//6865
f 6918//6918 6960//6960 6864//6864
f 6882//6882 6960//6960 6916//6916
f 6916//6916 6960//6960 6918//6918
f 7017//7017 6867//6867 7016//7016
f 6888//6888 7017//7017 6985//6985
f 6887//6887 6961//6961 7032//7032
f 7017//7017 6757//6757 6867//6867
f 6756//6756 6887//6887 6866//6866
f 6888//6888 6757//6757 7017//7017
f 6919//6919 6984//6984 6921//6921
f 6865//6865 6885//6885 6984//6984
f 6708//6708 6886//6886 6885//6885
f 6920//6920 6884//6884 6919//6919
f 6919//6919 6921//6921 6920//6920
f 6984//6984 6885//6885 6866//6866
f 6885//6885 6886//6886 6866//6866
f 6920//6920 7016//7016 6884//6884
f 496//496 495//495 455//455
f 456//456 566//566 494//494
f 494//494 566//566 496//496
f 449//449 489//489 520//520
f 548//548 547//547 451//451
f 641//641 454//454 522//522
f 454//454 641//641 452//452
f 548//548 453//453 492//492
f 454//454 452//452 456//456
f 521//521 449//449 447//447
f 449//449 520//520 542//542
f 546//546 542//542 543//543
f 447//447 542//542 521//521
f 544//544 489//489 490//490
f 449//449 490//490 489//489
f 521//521 542//542 546//546
f 449//449 542//542 447//447
f 544//544 520//520 489//489
f 490//490 402//402 423//423
f 522//522 449//449 546//546
f 490//490 449//449 402//402
f 546//546 449//449 521//521
f 450//450 545//545 423//423
f 423//423 448//448 450//450
f 6576//6576 6637//6637 6611//6611
f 6521//6521 6569//6569 6522//6522
f 6578//6578 6637//6637 6524//6524
f 6608//6608 6491//6491 6749//6749
f 6609//6609 6610//6610 6572//6572
f 6521//6521 6633//6633 6569//6569
f 536//536 484//484 538//538
f 537//537 488//488 536//536
f 486//486 487//487 538//538
f 6210//6210 6653//6653 6500//6500
f 6644//6644 6645//6645 6643//6643
f 6640//6640 6422//6422 6580//6580
f 6640//6640 6580//6580 6712//6712
f 6581//6581 6713//6713 6261//6261
f 6557//6557 6606//6606 6697//6697
f 6630//6630 6557//6557 6697//6697
f 6696//6696 6699//6699 6554//6554
f 6700//6700 6632//6632 6699//6699
f 6606//6606 6631//6631 6700//6700
f 6630//6630 6695//6695 6605//6605
f 6481//6481 6506//6506 6477//6477
f 6481//6481 6477//6477 6604//6604
f 6603//6603 6480//6480 6507//6507
f 6554//6554 6511//6511 6508//6508
f 6605//6605 6509//6509 6630//6630
f 6509//6509 6483//6483 6630//6630
f 6508//6508 6745//6745 6747//6747
f 6508//6508 6482//6482 6745//6745
f 6605//6605 6507//6507 6509//6509
f 6747//6747 6554//6554 6508//6508
f 6434//6434 6685//6685 6595//6595
f 6432//6432 6390//6390 6772//6772
f 6595//6595 6685//6685 6390//6390
f 6602//6602 6505//6505 6476//6476
f 6602//6602 6477//6477 6437//6437
f 6437//6437 6505//6505 6602//6602
f 6599//6599 6600//6600 6597//6597
f 6598//6598 6685//6685 6434//6434
f 6434//6434 6553//6553 6598//6598
f 6476//6476 6600//6600 6628//6628
f 6565//6565 6563//6563 6486//6486
f 6486//6486 6607//6607 6487//6487
f 6607//6607 6486//6486 6563//6563
f 6607//6607 6564//6564 6454//6454
f 6607//6607 6701//6701 6564//6564
f 6562//6562 6560//6560 6484//6484
f 6561//6561 6484//6484 6558//6558
f 6517//6517 6446//6446 6560//6560
f 6631//6631 6562//6562 6484//6484
f 6560//6560 6562//6562 6631//6631
f 6456//6456 6491//6491 6346//6346
f 6457//6457 6489//6489 6521//6521
f 6520//6520 6567//6567 6521//6521
f 6521//6521 6522//6522 6457//6457
f 6564//6564 6519//6519 6454//6454
f 6608//6608 6565//6565 6488//6488
f 6565//6565 6486//6486 6488//6488
f 6346//6346 6491//6491 6488//6488
f 6520//6520 6521//6521 6455//6455
f 6519//6519 6566//6566 6567//6567
f 6564//6564 6701//6701 6519//6519
f 6519//6519 6701//6701 6566//6566
f 6491//6491 6608//6608 6488//6488
f 6567//6567 6520//6520 6519//6519
f 6483//6483 6557//6557 6512//6512
f 6512//6512 6557//6557 6630//6630
f 6699//6699 6555//6555 6554//6554
f 6555//6555 6511//6511 6554//6554
f 6630//6630 6483//6483 6512//6512
f 6699//6699 6556//6556 6555//6555
f 6700//6700 6559//6559 6632//6632
f 6559//6559 6561//6561 6558//6558
f 6700//6700 6561//6561 6559//6559
f 6484//6484 6561//6561 6700//6700
f 6606//6606 6560//6560 6631//6631
f 6516//6516 6560//6560 6606//6606
f 6484//6484 6700//6700 6631//6631
f 6516//6516 6517//6517 6560//6560
f 6699//6699 6632//6632 6514//6514
f 6557//6557 6483//6483 6516//6516
f 6558//6558 6632//6632 6559//6559
f 6557//6557 6516//6516 6606//6606
f 6632//6632 6558//6558 6514//6514
f 352//352 410//410 353//353
f 591//591 288//288 360//360
f 526//526 406//406 556//556
f 464//464 509//509 617//617
f 526//526 609//609 406//406
f 6533//6533 6722//6722 6471//6471
f 6408//6408 6532//6532 6469//6469
f 6615//6615 6267//6267 6360//6360
f 6587//6587 6586//6586 6362//6362
f 756//756 823//823 391//391
f 364//364 757//757 465//465
f 473//473 618//618 242//242
f 6588//6588 6072//6072 6801//6801
f 6939//6939 6653//6653 6210//6210
f 6210//6210 6801//6801 6939//6939
f 6588//6588 6801//6801 6210//6210
f 678//678 341//341 477//477
f 951//951 510//510 393//393
f 6804//6804 6220//6220 6409//6409
f 6804//6804 6501//6501 6220//6220
f 6804//6804 6409//6409 6767//6767
f 6225//6225 6548//6548 6430//6430
f 6675//6675 6619//6619 6620//6620
f 7056//7056 6429//6429 6501//6501
f 6622//6622 6218//6218 6430//6430
f 6622//6622 6621//6621 6218//6218
f 6622//6622 6728//6728 6621//6621
f 6682//6682 6503//6503 6502//6502
f 6229//6229 6626//6626 6683//6683
f 6730//6730 6550//6550 6591//6591
f 6502//6502 6731//6731 6682//6682
f 6549//6549 6731//6731 6502//6502
f 6624//6624 6367//6367 6551//6551
f 6269//6269 6537//6537 6321//6321
f 6423//6423 6873//6873 6387//6387
f 6270//6270 6423//6423 6387//6387
f 506//506 570//570 602//602
f 509//509 506//506 632//632
f 632//632 506//506 602//602
f 5983//5983 6903//6903 6215//6215
f 6427//6427 6903//6903 5983//5983
f 5943//5943 6546//6546 5523//5523
f 6424//6424 7149//7149 6323//6323
f 7149//7149 6473//6473 6323//6323
f 6589//6589 6874//6874 6426//6426
f 6211//6211 6668//6668 6388//6388
f 6945//6945 6668//6668 6211//6211
f 6215//6215 6672//6672 6545//6545
f 6668//6668 6589//6589 6388//6388
f 5523//5523 6546//6546 6273//6273
f 6429//6429 7164//7164 6591//6591
f 6677//6677 6767//6767 6727//6727
f 7074//7074 6618//6618 6547//6547
f 6274//6274 6216//6216 6619//6619
f 6969//6969 6904//6904 6674//6674
f 6677//6677 6727//6727 7075//7075
f 550//550 552//552 457//457
f 587//587 499//499 552//552
f 460//460 500//500 587//587
f 428//428 568//568 426//426
f 496//496 550//550 497//497
f 457//457 498//498 496//496
f 497//497 457//457 496//496
f 457//457 497//497 550//550
f 6601//6601 6687//6687 6480//6480
f 6480//6480 6687//6687 6504//6504
f 6776//6776 6476//6476 6628//6628
f 6776//6776 6694//6694 6476//6476
f 6476//6476 6694//6694 6602//6602
f 6596//6596 6599//6599 6597//6597
f 6553//6553 6687//6687 6598//6598
f 6604//6604 6745//6745 6481//6481
f 6745//6745 6482//6482 6481//6481
f 6629//6629 6507//6507 6605//6605
f 6603//6603 6507//6507 6629//6629
f 6602//6602 6741//6741 6477//6477
f 6741//6741 6604//6604 6477//6477
f 6603//6603 6601//6601 6480//6480
f 6431//6431 6474//6474 6593//6593
f 6229//6229 6683//6683 6474//6474
f 6681//6681 6367//6367 6431//6431
f 6732//6732 6681//6681 6431//6431
f 6624//6624 6768//6768 6227//6227
f 6551//6551 6367//6367 6827//6827
f 6738//6738 6599//6599 6596//6596
f 6734//6734 6738//6738 6596//6596
f 6734//6734 6596//6596 6594//6594
f 6596//6596 6552//6552 6594//6594
f 6432//6432 6626//6626 6229//6229
f 6627//6627 6772//6772 6390//6390
f 6685//6685 6627//6627 6390//6390
f 6770//6770 6594//6594 6433//6433
f 6260//6260 6525//6525 6578//6578
f 6259//6259 6710//6710 6579//6579
f 6579//6579 6711//6711 6259//6259
f 6578//6578 6383//6383 6260//6260
f 6710//6710 6259//6259 6709//6709
f 6525//6525 6526//6526 6639//6639
f 6526//6526 6121//6121 6639//6639
f 6577//6577 6461//6461 6709//6709
f 6709//6709 6461//6461 6636//6636
f 6707//6707 6636//6636 6461//6461
f 6383//6383 6578//6578 6524//6524
f 6709//6709 6259//6259 6577//6577
f 6316//6316 6496//6496 6612//6612
f 6716//6716 6612//6612 6466//6466
f 6496//6496 6466//6466 6612//6612
f 6583//6583 6357//6357 6645//6645
f 6713//6713 6527//6527 6261//6261
f 6639//6639 6121//6121 6527//6527
f 6855//6855 6528//6528 6464//6464
f 6795//6795 6581//6581 6462//6462
f 6641//6641 6464//6464 6422//6422
f 6349//6349 6459//6459 6572//6572
f 6635//6635 6573//6573 6634//6634
f 6568//6568 6456//6456 6494//6494
f 6705//6705 6456//6456 6568//6568
f 6568//6568 6494//6494 6571//6571
f 6570//6570 6633//6633 6634//6634
f 6571//6571 6494//6494 6572//6572
f 6494//6494 6349//6349 6572//6572
f 6492//6492 6349//6349 6494//6494
f 6569//6569 6633//6633 6570//6570
f 6522//6522 6570//6570 6493//6493
f 6522//6522 6569//6569 6570//6570
f 6609//6609 6576//6576 6611//6611
f 6407//6407 6576//6576 6609//6609
f 6407//6407 6574//6574 6459//6459
f 6635//6635 6523//6523 6573//6573
f 6572//6572 6574//6574 6609//6609
f 6459//6459 6574//6574 6572//6572
f 6706//6706 6575//6575 6421//6421
f 6575//6575 6706//6706 6707//6707
f 6407//6407 6609//6609 6574//6574
f 6635//6635 6706//6706 6421//6421
f 6635//6635 6421//6421 6523//6523
f 504//504 601//601 570//570
f 525//525 524//524 503//503
f 6500//6500 6800//6800 6499//6499
f 6499//6499 6800//6800 6900//6900
f 6801//6801 6072//6072 6652//6652
f 460//460 554//554 502//502
f 458//458 499//499 587//587
f 458//458 587//587 500//500
f 501//501 554//554 601//601
f 504//504 501//501 601//601
f 504//504 502//502 554//554
f 504//504 554//554 501//501
f 6613//6613 6531//6531 6497//6497
f 6719//6719 6173//6173 6897//6897
f 6897//6897 6531//6531 6797//6797
f 6797//6797 6531//6531 6649//6649
f 6583//6583 6497//6497 6358//6358
f 6718//6718 6497//6497 6583//6583
f 6583//6583 6358//6358 6357//6357
f 6530//6530 6529//6529 6468//6468
f 6529//6529 6648//6648 6467//6467
f 6587//6587 6363//6363 6586//6586
f 6363//6363 6587//6587 6362//6362
f 6586//6586 6532//6532 6362//6362
f 6616//6616 6499//6499 6900//6900
f 6724//6724 6535//6535 6534//6534
f 6499//6499 6651//6651 6363//6363
f 6128//6128 6469//6469 6822//6822
f 6799//6799 6615//6615 6360//6360
f 6614//6614 6360//6360 6173//6173
f 6614//6614 6173//6173 6799//6799
f 6799//6799 6173//6173 6719//6719
f 6822//6822 6386//6386 6128//6128
f 6615//6615 6650//6650 6533//6533
f 6471//6471 6615//6615 6533//6533
f 6615//6615 6763//6763 6650//6650
f 505//505 459//459 430//430
f 429//429 462//462 461//461
f 463//463 460//460 504//504
f 385//385 431//431 525//525
f 431//431 505//505 405//405
f 505//505 431//431 462//462
f 505//505 462//462 429//429
f 385//385 525//525 503//503
f 505//505 429//429 459//459
f 430//430 464//464 505//505
f 506//506 504//504 570//570
f 506//506 463//463 504//504
f 6668//6668 6874//6874 6589//6589
f 6665//6665 6945//6945 6667//6667
f 617//617 556//556 406//406
f 409//409 466//466 350//350
f 465//465 409//409 408//408
f 363//363 465//465 376//376
f 617//617 508//508 464//464
f 609//609 407//407 406//406
f 284//284 557//557 355//355
f 468//468 557//557 284//284
f 557//557 468//468 332//332
f 651//651 557//557 331//331
f 354//354 651//651 331//331
f 355//355 411//411 333//333
f 466//466 648//648 350//350
f 467//467 352//352 350//350
f 376//376 465//465 408//408
f 350//350 648//648 351//351
f 331//331 557//557 332//332
f 648//648 467//467 351//351
f 351//351 467//467 350//350
f 507//507 525//525 431//431
f 404//404 507//507 431//431
f 505//505 464//464 405//405
f 506//506 430//430 463//463
f 430//430 509//509 464//464
f 430//430 506//506 509//509
f 405//405 617//617 406//406
f 508//508 617//617 405//405
f 508//508 405//405 464//464
f 404//404 407//407 507//507
f 6878//6878 6830//6830 6831//6831
f 6830//6830 6858//6858 6831//6831
f 6828//6828 6830//6830 6770//6770
f 6736//6736 6737//6737 6834//6834
f 6774//6774 6834//6834 6773//6773
f 6735//6735 6833//6833 6734//6734
f 6771//6771 6772//6772 6736//6736
f 6876//6876 6675//6675 7151//7151
f 7074//7074 6547//6547 6949//6949
f 7075//7075 6727//6727 6618//6618
f 6971//6971 6676//6676 6548//6548
f 6952//6952 6621//6621 6728//6728
f 6670//6670 6875//6875 6541//6541
f 6226//6226 6678//6678 6679//6679
f 6828//6828 6769//6769 7099//7099
f 6825//6825 6767//6767 7080//7080
f 6586//6586 6764//6764 6532//6532
f 412//412 469//469 357//357
f 6363//6363 6764//6764 6586//6586
f 6818//6818 6641//6641 6422//6422
f 6934//6934 6720//6720 6822//6822
f 6799//6799 6719//6719 6897//6897
f 6720//6720 6798//6798 6822//6822
f 6894//6894 6762//6762 6931//6931
f 6762//6762 6718//6718 6931//6931
f 6718//6718 6820//6820 6931//6931
f 6530//6530 6584//6584 6896//6896
f 6797//6797 6762//6762 6894//6894
f 6900//6900 6936//6936 6616//6616
f 6937//6937 6938//6938 6870//6870
f 6722//6722 6870//6870 6938//6938
f 6939//6939 6800//6800 6653//6653
f 6938//6938 6901//6901 6724//6724
f 6899//6899 6994//6994 6650//6650
f 6764//6764 6721//6721 6532//6532
f 6642//6642 6924//6924 6795//6795
f 6713//6713 6795//6795 6924//6924
f 6926//6926 6463//6463 6819//6819
f 6463//6463 6926//6926 6924//6924
f 6888//6888 6711//6711 6579//6579
f 6757//6757 6888//6888 6579//6579
f 6712//6712 6888//6888 6818//6818
f 6856//6856 6761//6761 6857//6857
f 6760//6760 6796//6796 6820//6820
f 6759//6759 6819//6819 6463//6463
f 6759//6759 6965//6965 6819//6819
f 6643//6643 6855//6855 6582//6582
f 6761//6761 6715//6715 6612//6612
f 6644//6644 6868//6868 6646//6646
f 6717//6717 6868//6868 6796//6796
f 6965//6965 6715//6715 6856//6856
f 6715//6715 6761//6761 6856//6856
f 6868//6868 6717//6717 6646//6646
f 6715//6715 6965//6965 6759//6759
f 454//454 456//456 425//425
f 548//548 424//424 453//453
f 496//496 455//455 494//494
f 498//498 457//457 427//427
f 456//456 494//494 455//455
f 349//349 455//455 493//493
f 6872//6872 6803//6803 6660//6660
f 6658//6658 6872//6872 6659//6659
f 6803//6803 6538//6538 6321//6321
f 6654//6654 6656//6656 6655//6655
f 6539//6539 7024//7024 6662//6662
f 7052//7052 6665//6665 6765//6765
f 6873//6873 6661//6661 6387//6387
f 7051//7051 6664//6664 6663//6663
f 6662//6662 7051//7051 6663//6663
f 6272//6272 6662//6662 6663//6663
f 547//547 450//450 424//424
f 491//491 402//402 449//449
f 424//424 491//491 522//522
f 402//402 491//491 424//424
f 454//454 425//425 522//522
f 424//424 451//451 547//547
f 424//424 548//548 451//451
f 6766//6766 6871//6871 6942//6942
f 522//522 491//491 449//449
f 6273//6273 6942//6942 6654//6654
f 503//503 428//428 385//385
f 460//460 502//502 504//504
f 6902//6902 6725//6725 6901//6901
f 6902//6902 6802//6802 6725//6725
f 429//429 461//461 403//403
f 458//458 460//460 430//430
f 463//463 430//430 460//460
f 458//458 459//459 429//429
f 458//458 430//430 459//459
f 427//427 567//567 498//498
f 426//426 567//567 427//427
f 429//429 457//457 499//499
f 457//457 552//552 499//499
f 427//427 457//457 429//429
f 503//503 568//568 428//428
f 429//429 499//499 458//458
f 460//460 458//458 500//500
f 6778//6778 6779//6779 6864//6864
f 6838//6838 6746//6746 6808//6808
f 6808//6808 6746//6746 6781//6781
f 6809//6809 6778//6778 6864//6864
f 6696//6696 6809//6809 6842//6842
f 6843//6843 6783//6783 6696//6696
f 6782//6782 6843//6843 6781//6781
f 6835//6835 6837//6837 6776//6776
f 6776//6776 6837//6837 6690//6690
f 6837//6837 6777//6777 6776//6776
f 6739//6739 6835//6835 6628//6628
f 6689//6689 6837//6837 6777//6777
f 6837//6837 6740//6740 6775//6775
f 6837//6837 6775//6775 6740//6740
f 6835//6835 6776//6776 6628//6628
f 6744//6744 6746//6746 6838//6838
f 6839//6839 6777//6777 6837//6837
f 6693//6693 6838//6838 6774//6774
f 6814//6814 6791//6791 6790//6790
f 6791//6791 6814//6814 6849//6849
f 6849//6849 6816//6816 6791//6791
f 6789//6789 6846//6846 6752//6752
f 6787//6787 6814//6814 6790//6790
f 6846//6846 6789//6789 6815//6815
f 6884//6884 6754//6754 6854//6854
f 6578//6578 6887//6887 6756//6756
f 6757//6757 6710//6710 6867//6867
f 6854//6854 6754//6754 6792//6792
f 6854//6854 6792//6792 6793//6793
f 6791//6791 6793//6793 6792//6792
f 6791//6791 6854//6854 6793//6793
f 6845//6845 6811//6811 6703//6703
f 6491//6491 6750//6750 6749//6749
f 6705//6705 6750//6750 6491//6491
f 6784//6784 6749//6749 6810//6810
f 6565//6565 6844//6844 6785//6785
f 6844//6844 6784//6784 6810//6810
f 6749//6749 6750//6750 6810//6810
f 6703//6703 6702//6702 6845//6845
f 6845//6845 6702//6702 6785//6785
f 6785//6785 6844//6844 6845//6845
f 6750//6750 6848//6848 6812//6812
f 6788//6788 6752//6752 6846//6846
f 6750//6750 6813//6813 6848//6848
f 6750//6750 6846//6846 6813//6813
f 6811//6811 6814//6814 6787//6787
f 6752//6752 6788//6788 6572//6572
f 6786//6786 6811//6811 6787//6787
f 6703//6703 6811//6811 6786//6786
f 6571//6571 6751//6751 6750//6750
f 6571//6571 6750//6750 6705//6705
f 6751//6751 6572//6572 6788//6788
f 6809//6809 6554//6554 6747//6747
f 6701//6701 6607//6607 6785//6785
f 6607//6607 6563//6563 6565//6565
f 6698//6698 6606//6606 6700//6700
f 6699//6699 6748//6748 6700//6700
f 6698//6698 6697//6697 6606//6606
f 6698//6698 6700//6700 6748//6748
f 6694//6694 6741//6741 6602//6602
f 6605//6605 6695//6695 6629//6629
f 6742//6742 6604//6604 6741//6741
f 6603//6603 6744//6744 6693//6693
f 6603//6603 6629//6629 6695//6695
f 6603//6603 6695//6695 6744//6744
f 6743//6743 6745//6745 6604//6604
f 6789//6789 6609//6609 6851//6851
f 6791//6791 6707//6707 6790//6790
f 6791//6791 6636//6636 6707//6707
f 6636//6636 6791//6791 6792//6792
f 6609//6609 6611//6611 6708//6708
f 6851//6851 6609//6609 6708//6708
f 6610//6610 6789//6789 6752//6752
f 6787//6787 6707//6707 6706//6706
f 6789//6789 6610//6610 6609//6609
f 6790//6790 6707//6707 6787//6787
f 6757//6757 6579//6579 6710//6710
f 6525//6525 6758//6758 6887//6887
f 6638//6638 6888//6888 6580//6580
f 6888//6888 6638//6638 6711//6711
f 6525//6525 6887//6887 6578//6578
f 6708//6708 6637//6637 6794//6794
f 6708//6708 6611//6611 6637//6637
f 6637//6637 6578//6578 6794//6794
f 6792//6792 6709//6709 6636//6636
f 6709//6709 6792//6792 6754//6754
f 6755//6755 6709//6709 6754//6754
f 6710//6710 6709//6709 6755//6755
f 6754//6754 6710//6710 6755//6755
f 6756//6756 6794//6794 6578//6578
f 6703//6703 6521//6521 6567//6567
f 6703//6703 6567//6567 6566//6566
f 6749//6749 6565//6565 6608//6608
f 6607//6607 6565//6565 6785//6785
f 6703//6703 6566//6566 6701//6701
f 6785//6785 6702//6702 6701//6701
f 6702//6702 6703//6703 6701//6701
f 6753//6753 6635//6635 6634//6634
f 6786//6786 6753//6753 6634//6634
f 6786//6786 6787//6787 6753//6753
f 6633//6633 6704//6704 6634//6634
f 6787//6787 6706//6706 6635//6635
f 6635//6635 6753//6753 6787//6787
f 6572//6572 6610//6610 6752//6752
f 6704//6704 6633//6633 6521//6521
f 6705//6705 6491//6491 6456//6456
f 6786//6786 6704//6704 6703//6703
f 6703//6703 6704//6704 6521//6521
f 6704//6704 6786//6786 6634//6634
f 6571//6571 6572//6572 6751//6751
f 6705//6705 6568//6568 6571//6571
f 481//481 379//379 531//531
f 6654//6654 6655//6655 6472//6472
f 6655//6655 6656//6656 6472//6472
f 6537//6537 6872//6872 6321//6321
f 6657//6657 6658//6658 6269//6269
f 6656//6656 6657//6657 6269//6269
f 6766//6766 6942//6942 6617//6617
f 6617//6617 6942//6942 6273//6273
f 6273//6273 6654//6654 6536//6536
f 6269//6269 6872//6872 6537//6537
f 6536//6536 6654//6654 6472//6472
f 6472//6472 6656//6656 6269//6269
f 399//399 483//483 531//531
f 481//481 560//560 440//440
f 480//480 418//418 517//517
f 483//483 561//561 531//531
f 382//382 517//517 418//418
f 530//530 441//441 442//442
f 6669//6669 6823//6823 6426//6426
f 6874//6874 6669//6669 6426//6426
f 6667//6667 6945//6945 6211//6211
f 6425//6425 6667//6667 6211//6211
f 6427//6427 6544//6544 6903//6903
f 6541//6541 6875//6875 6543//6543
f 6093//6093 6541//6541 6543//6543
f 6671//6671 6824//6824 6543//6543
f 6543//6543 6824//6824 6389//6389
f 6542//6542 6541//6541 6093//6093
f 6875//6875 7027//7027 6543//6543
f 6426//6426 6670//6670 6541//6541
f 6823//6823 6670//6670 6426//6426
f 7027//7027 6671//6671 6543//6543
f 6389//6389 6824//6824 6544//6544
f 6663//6663 6664//6664 6272//6272
f 6538//6538 6873//6873 6321//6321
f 6321//6321 6873//6873 6423//6423
f 6661//6661 6539//6539 6366//6366
f 6387//6387 6661//6661 6366//6366
f 6272//6272 6664//6664 6424//6424
f 6659//6659 6872//6872 6269//6269
f 6658//6658 6659//6659 6269//6269
f 6660//6660 6803//6803 6321//6321
f 6872//6872 6660//6660 6321//6321
f 6665//6665 6667//6667 6425//6425
f 6666//6666 6665//6665 6425//6425
f 6665//6665 6666//6666 6540//6540
f 6540//6540 6666//6666 6425//6425
f 6323//6323 6473//6473 6765//6765
f 6664//6664 7149//7149 6424//6424
f 6765//6765 6665//6665 6540//6540
f 443//443 441//441 533//533
f 401//401 534//534 574//574
f 443//443 533//533 485//485
f 446//446 538//538 484//484
f 486//486 538//538 446//446
f 540//540 401//401 422//422
f 540//540 534//534 401//401
f 562//562 487//487 486//486
f 536//536 488//488 484//484
f 488//488 540//540 422//422
f 420//420 446//446 484//484
f 488//488 420//420 484//484
f 519//519 443//443 485//485
f 421//421 517//517 382//382
f 560//560 482//482 440//440
f 482//482 444//444 440//440
f 483//483 399//399 445//445
f 532//532 441//441 530//530
f 441//441 532//532 533//533
f 574//574 421//421 401//401
f 443//443 519//519 445//445
f 519//519 483//483 445//445
f 6215//6215 6903//6903 6672//6672
f 562//562 444//444 482//482
f 6684//6684 6594//6594 6770//6770
f 6684//6684 6734//6734 6594//6594
f 6625//6625 6433//6433 6503//6503
f 6733//6733 6433//6433 6625//6625
f 6432//6432 6772//6772 6626//6626
f 6628//6628 6600//6600 6599//6599
f 6687//6687 6601//6601 6692//6692
f 6691//6691 6776//6776 6690//6690
f 6687//6687 6686//6686 6685//6685
f 6687//6687 6685//6685 6598//6598
f 6953//6953 6501//6501 6804//6804
f 6953//6953 7056//7056 6501//6501
f 6430//6430 6728//6728 6622//6622
f 6970//6970 6675//6675 6620//6620
f 7056//7056 7164//7164 6429//6429
f 6954//6954 6953//6953 6804//6804
f 6273//6273 6766//6766 6617//6617
f 6216//6216 6274//6274 6590//6590
f 6950//6950 6673//6673 6672//6672
f 6950//6950 6674//6674 6673//6673
f 6952//6952 6620//6620 6621//6621
f 5943//5943 6951//6951 6546//6546
f 6675//6675 6876//6876 6619//6619
f 6681//6681 6827//6827 6367//6367
f 6828//6828 6682//6682 6731//6731
f 6971//6971 6548//6548 6225//6225
f 6729//6729 6591//6591 7164//7164
f 6971//6971 6225//6225 6623//6623
f 6678//6678 6971//6971 6623//6623
f 6677//6677 7080//7080 6767//6767
f 6226//6226 6679//6679 6225//6225
f 6550//6550 6731//6731 6549//6549
f 6771//6771 6626//6626 6772//6772
f 6770//6770 6830//6830 6878//6878
f 6878//6878 6684//6684 6770//6770
f 6734//6734 6878//6878 6735//6735
f 6734//6734 6684//6684 6878//6878
f 6828//6828 6770//6770 6733//6733
f 6771//6771 6732//6732 6593//6593
f 6828//6828 6733//6733 6625//6625
f 6593//6593 6732//6732 6431//6431
f 6828//6828 6625//6625 6503//6503
f 6771//6771 6683//6683 6626//6626
f 6771//6771 6593//6593 6474//6474
f 6474//6474 6683//6683 6771//6771
f 6770//6770 6433//6433 6733//6733
f 6687//6687 6773//6773 6834//6834
f 6687//6687 6834//6834 6686//6686
f 6739//6739 6628//6628 6599//6599
f 6686//6686 6834//6834 6685//6685
f 6739//6739 6599//6599 6738//6738
f 6687//6687 6688//6688 6773//6773
f 6627//6627 6737//6737 6736//6736
f 6627//6627 6685//6685 6737//6737
f 6772//6772 6627//6627 6736//6736
f 6737//6737 6685//6685 6834//6834
f 6738//6738 6879//6879 6739//6739
f 6734//6734 6833//6833 6738//6738
f 6738//6738 6833//6833 6879//6879
f 6676//6676 6728//6728 6430//6430
f 6620//6620 6952//6952 6970//6970
f 7151//7151 6675//6675 6970//6970
f 6906//6906 6954//6954 6804//6804
f 6676//6676 6430//6430 6548//6548
f 6950//6950 6672//6672 6903//6903
f 6546//6546 6766//6766 6273//6273
f 6274//6274 6726//6726 6590//6590
f 6619//6619 6876//6876 6905//6905
f 6969//6969 6674//6674 6950//6950
f 6949//6949 6547//6547 6904//6904
f 6590//6590 6951//6951 5943//5943
f 7099//7099 6680//6680 6731//6731
f 6769//6769 6680//6680 7099//7099
f 7099//7099 6731//6731 6550//6550
f 6551//6551 6768//6768 6624//6624
f 6828//6828 6503//6503 6682//6682
f 6829//6829 6681//6681 6732//6732
f 6769//6769 6731//6731 6680//6680
f 6828//6828 6731//6731 6769//6769
f 7099//7099 6550//6550 6730//6730
f 6225//6225 6678//6678 6623//6623
f 7164//7164 6826//6826 6729//6729
f 6825//6825 6804//6804 6767//6767
f 7075//7075 7080//7080 6677//6677
f 6227//6227 6592//6592 6226//6226
f 6768//6768 6226//6226 6592//6592
f 6227//6227 6768//6768 6592//6592
f 6679//6679 6678//6678 6225//6225
f 6591//6591 6729//6729 6826//6826
f 6591//6591 6826//6826 6805//6805
f 7099//7099 6591//6591 6805//6805
f 6591//6591 7099//7099 6730//6730
f 6781//6781 6630//6630 6697//6697
f 6747//6747 6745//6745 6780//6780
f 6695//6695 6630//6630 6781//6781
f 6781//6781 6697//6697 6782//6782
f 6696//6696 6554//6554 6809//6809
f 6747//6747 6780//6780 6809//6809
f 6746//6746 6744//6744 6695//6695
f 6746//6746 6695//6695 6781//6781
f 6809//6809 6780//6780 6745//6745
f 6565//6565 6784//6784 6844//6844
f 6749//6749 6784//6784 6565//6565
f 6843//6843 6748//6748 6699//6699
f 6697//6697 6698//6698 6782//6782
f 6783//6783 6699//6699 6696//6696
f 6843//6843 6699//6699 6783//6783
f 6782//6782 6748//6748 6843//6843
f 6782//6782 6698//6698 6748//6748
f 6774//6774 6601//6601 6693//6693
f 6776//6776 6839//6839 6741//6741
f 6741//6741 6839//6839 6742//6742
f 6777//6777 6839//6839 6776//6776
f 6741//6741 6694//6694 6776//6776
f 6776//6776 6690//6690 6837//6837
f 6687//6687 6692//6692 6688//6688
f 6688//6688 6692//6692 6774//6774
f 6777//6777 6837//6837 6689//6689
f 6773//6773 6688//6688 6774//6774
f 6690//6690 6776//6776 6691//6691
f 6692//6692 6601//6601 6774//6774
f 6778//6778 6809//6809 6745//6745
f 6778//6778 6745//6745 6779//6779
f 6779//6779 6745//6745 6743//6743
f 6601//6601 6603//6603 6693//6693
f 6838//6838 6693//6693 6744//6744
f 6743//6743 6742//6742 6839//6839
f 6742//6742 6743//6743 6604//6604
f 6839//6839 6779//6779 6743//6743
f 6721//6721 6469//6469 6532//6532
f 6650//6650 6763//6763 6899//6899
f 6533//6533 6650//6650 6994//6994
f 6994//6994 6870//6870 6533//6533
f 6870//6870 6722//6722 6533//6533
f 6363//6363 6651//6651 6764//6764
f 6499//6499 6936//6936 6764//6764
f 6822//6822 6798//6798 6585//6585
f 6584//6584 6585//6585 6798//6798
f 6469//6469 6934//6934 6822//6822
f 6615//6615 6799//6799 6763//6763
f 6499//6499 6764//6764 6651//6651
f 6799//6799 6360//6360 6614//6614
f 379//379 516//516 531//531
f 480//480 479//479 371//371
f 6938//6938 6724//6724 6534//6534
f 6653//6653 6800//6800 6500//6500
f 6936//6936 6499//6499 6616//6616
f 6723//6723 6722//6722 6938//6938
f 6534//6534 6722//6722 6723//6723
f 6723//6723 6938//6938 6534//6534
f 6725//6725 6802//6802 6652//6652
f 6802//6802 6801//6801 6652//6652
f 6901//6901 6365//6365 6535//6535
f 6724//6724 6901//6901 6535//6535
f 6901//6901 6652//6652 6365//6365
f 6725//6725 6652//6652 6901//6901
f 6612//6612 6759//6759 6316//6316
f 6868//6868 6644//6644 6582//6582
f 6464//6464 6925//6925 6855//6855
f 6641//6641 6925//6925 6464//6464
f 6463//6463 6714//6714 6759//6759
f 6643//6643 6582//6582 6644//6644
f 6759//6759 6612//6612 6715//6715
f 6717//6717 6645//6645 6646//6646
f 6316//6316 6759//6759 6714//6714
f 6316//6316 6714//6714 6463//6463
f 6580//6580 6888//6888 6712//6712
f 6818//6818 6422//6422 6640//6640
f 6713//6713 6639//6639 6527//6527
f 6758//6758 6525//6525 6639//6639
f 6924//6924 6642//6642 6463//6463
f 6528//6528 6855//6855 6643//6643
f 6462//6462 6642//6642 6795//6795
f 6713//6713 6581//6581 6795//6795
f 6712//6712 6818//6818 6640//6640
f 6462//6462 6463//6463 6642//6642
f 6641//6641 6818//6818 6925//6925
f 6529//6529 6896//6896 6821//6821
f 6762//6762 6613//6613 6497//6497
f 6530//6530 6896//6896 6529//6529
f 6585//6585 6584//6584 6498//6498
f 6584//6584 6530//6530 6498//6498
f 6797//6797 6649//6649 6613//6613
f 6613//6613 6762//6762 6797//6797
f 6647//6647 6466//6466 6467//6467
f 6612//6612 6716//6716 6761//6761
f 6583//6583 6717//6717 6796//6796
f 6466//6466 6761//6761 6716//6716
f 6583//6583 6645//6645 6717//6717
f 6646//6646 6645//6645 6644//6644
f 6648//6648 6529//6529 6821//6821
f 6762//6762 6497//6497 6718//6718
f 6583//6583 6796//6796 6760//6760
f 6820//6820 6718//6718 6760//6760
f 6718//6718 6583//6583 6760//6760
f 6761//6761 6647//6647 6648//6648
f 6466//6466 6647//6647 6761//6761
f 6467//6467 6648//6648 6647//6647
f 6648//6648 6821//6821 6761//6761
f 360//360 470//470 361//361
f 288//288 471//471 335//335
f 361//361 591//591 360//360
f 334//334 711//711 387//387
f 359//359 358//358 334//334
f 413//413 756//756 391//391
f 756//756 413//413 390//390
f 362//362 475//475 390//390
f 823//823 310//310 391//391
f 388//388 592//592 389//389
f 336//336 473//473 242//242
f 592//592 473//473 336//336
f 389//389 592//592 336//336
f 618//618 474//474 362//362
f 242//242 618//618 362//362
f 475//475 756//756 390//390
f 6656//6656 6658//6658 6657//6657
f 6662//6662 6272//6272 6271//6271
f 6539//6539 6662//6662 6271//6271
f 594//594 634//634 415//415
f 367//367 439//439 415//415
f 634//634 367//367 415//415
f 594//594 573//573 396//396
f 825//825 396//396 435//435
f 397//397 319//319 572//572
f 572//572 478//478 397//397
f 478//478 611//611 397//397
f 611//611 438//438 397//397
f 516//516 368//368 531//531
f 314//314 515//515 514//514
f 368//368 516//516 308//308
f 514//514 572//572 319//319
f 620//620 367//367 634//634
f 314//314 371//371 515//515
f 558//558 367//367 620//620
f 558//558 398//398 367//367
f 594//594 396//396 825//825
f 679//679 433//433 365//365
f 1033//1033 679//679 394//394
f 679//679 365//365 394//394
f 679//679 342//342 432//432
f 679//679 432//432 433//433
f 678//678 393//393 510//510
f 340//340 255//255 677//677
f 339//339 476//476 652//652
f 339//339 652//652 324//324
f 678//678 477//477 393//393
f 477//477 341//341 393//393
f 511//511 654//654 435//435
f 782//782 528//528 436//436
f 528//528 593//593 436//436
f 782//782 436//436 378//378
f 619//619 414//414 513//513
f 437//437 414//414 619//619
f 340//340 782//782 378//378
f 435//435 512//512 825//825
f 655//655 511//511 344//344
f 610//610 434//434 437//437
f 511//511 435//435 344//344
f 655//655 344//344 345//345
f 955//955 395//395 593//593
f 633//633 655//655 345//345
f 955//955 345//345 395//395
f 759//759 345//345 955//955
f 759//759 527//527 345//345
f 527//527 633//633 345//345
f 2698//2698 2731//2731 2730//2730
f 3044//3044 2545//2545 2822//2822
f 2689//2689 2598//2598 2645//2645
f 2821//2821 2822//2822 2600//2600
f 2623//2623 2677//2677 2662//2662
f 2677//2677 2661//2661 2662//2662
f 2678//2678 2921//2921 2694//2694
f 2376//2376 2749//2749 2593//2593
f 3168//3168 2740//2740 2684//2684
f 2709//2709 2516//2516 2605//2605
f 2832//2832 2790//2790 2671//2671
f 2790//2790 2738//2738 2671//2671
f 2374//2374 2660//2660 2537//2537
f 2674//2674 2571//2571 2715//2715
f 2715//2715 2571//2571 2675//2675
f 2673//2673 2655//2655 2613//2613
f 2656//2656 2765//2765 2614//2614
f 2571//2571 2674//2674 2657//2657
f 2674//2674 2613//2613 2685//2685
f 2579//2579 2838//2838 2638//2638
f 2762//2762 2832//2832 2708//2708
f 2859//2859 2760//2760 2857//2857
f 2859//2859 2857//2857 2938//2938
f 2786//2786 2855//2855 2828//2828
f 2759//2759 2859//2859 2758//2758
f 2938//2938 2785//2785 2859//2859
f 2784//2784 2755//2755 2756//2756
f 2827//2827 2855//2855 2757//2757
f 2921//2921 2678//2678 2817//2817
f 2775//2775 2776//2776 2663//2663
f 2643//2643 2870//2870 2687//2687
f 2678//2678 2694//2694 2871//2871
f 2722//2722 2871//2871 2776//2776
f 2780//2780 2666//2666 2924//2924
f 2923//2923 2850//2850 2627//2627
f 2589//2589 2537//2537 3090//3090
f 2745//2745 2639//2639 2640//2640
f 2772//2772 2505//2505 2693//2693
f 2719//2719 2919//2919 2748//2748
f 2677//2677 2918//2918 2661//2661
f 2748//2748 2775//2775 2663//2663
f 2698//2698 2728//2728 2731//2731
f 2784//2784 2730//2730 2755//2755
f 2782//2782 2730//2730 2930//2930
f 2930//2930 2730//2730 2784//2784
f 2728//2728 2783//2783 2731//2731
f 2757//2757 2731//2731 2729//2729
f 2786//2786 2733//2733 2731//2731
f 2731//2731 2757//2757 2732//2732
f 2786//2786 2756//2756 2733//2733
f 2732//2732 2757//2757 2855//2855
f 2855//2855 2731//2731 2732//2732
f 2783//2783 2757//2757 2729//2729
f 2729//2729 2731//2731 2783//2783
f 2756//2756 2755//2755 2733//2733
f 2755//2755 2730//2730 2733//2733
f 2733//2733 2730//2730 2731//2731
f 2668//2668 2680//2680 2753//2753
f 2669//2669 2724//2724 2690//2690
f 2666//2666 2646//2646 2924//2924
f 2727//2727 2726//2726 2698//2698
f 2782//2782 2725//2725 2727//2727
f 2728//2728 2549//2549 2754//2754
f 2730//2730 2782//2782 2698//2698
f 2727//2727 2698//2698 2782//2782
f 2783//2783 2728//2728 2754//2754
f 2728//2728 2698//2698 2726//2726
f 2726//2726 2724//2724 2669//2669
f 2852//2852 2754//2754 2549//2549
f 2549//2549 2728//2728 2726//2726
f 2852//2852 2549//2549 2632//2632
f 2724//2724 2726//2726 2727//2727
f 2725//2725 2724//2724 2727//2727
f 2709//2709 2605//2605 2862//2862
f 2788//2788 2550//2550 2351//2351
f 2702//2702 2703//2703 2473//2473
f 2495//2495 2670//2670 2704//2704
f 2494//2494 2556//2556 2670//2670
f 2579//2579 2769//2769 2838//2838
f 2686//2686 2576//2576 2836//2836
f 2868//2868 2807//2807 2584//2584
f 2910//2910 2658//2658 2717//2717
f 2954//2954 2802//2802 2653//2653
f 2684//2684 2741//2741 3168//3168
f 2798//2798 3085//3085 2713//2713
f 2675//2675 2804//2804 2715//2715
f 2686//2686 2804//2804 2675//2675
f 2673//2673 2613//2613 2865//2865
f 2676//2676 2770//2770 2584//2584
f 2743//2743 2718//2718 2771//2771
f 2743//2743 2967//2967 2718//2718
f 2744//2744 2692//2692 2966//2966
f 2967//2967 2809//2809 2718//2718
f 2676//2676 2718//2718 2809//2809
f 2457//2457 2768//2768 2769//2769
f 2908//2908 2909//2909 2767//2767
f 2843//2843 2659//2659 2658//2658
f 2676//2676 2868//2868 2770//2770
f 2807//2807 2457//2457 2584//2584
f 2658//2658 2910//2910 2808//2808
f 3028//3028 2641//2641 2811//2811
f 2641//2641 3030//3030 2845//2845
f 3026//3026 2588//2588 2692//2692
f 2968//2968 2745//2745 2505//2505
f 2718//2718 2639//2639 2745//2745
f 2505//2505 2745//2745 2640//2640
f 2674//2674 2742//2742 2865//2865
f 2864//2864 2614//2614 2691//2691
f 2570//2570 2673//2673 2902//2902
f 2802//2802 2691//2691 2654//2654
f 2674//2674 2865//2865 2613//2613
f 2902//2902 2673//2673 2865//2865
f 2617//2617 2716//2716 2839//2839
f 2576//2576 2838//2838 2836//2836
f 2767//2767 2841//2841 2867//2867
f 2768//2768 2840//2840 2769//2769
f 2836//2836 2804//2804 2686//2686
f 2805//2805 2906//2906 2806//2806
f 2766//2766 2714//2714 3019//3019
f 2766//2766 2906//2906 2805//2805
f 2578//2578 2805//2805 2806//2806
f 3044//3044 2492//2492 2545//2545
f 2820//2820 2597//2597 2665//2665
f 2781//2781 2697//2697 2668//2668
f 2781//2781 2852//2852 2632//2632
f 2725//2725 2782//2782 2690//2690
f 2724//2724 2725//2725 2690//2690
f 2823//2823 2924//2924 2646//2646
f 2874//2874 2753//2753 2926//2926
f 2623//2623 2720//2720 2847//2847
f 2537//2537 2660//2660 3090//3090
f 2661//2661 2918//2918 2846//2846
f 2660//2660 2746//2746 2774//2774
f 2774//2774 2746//2746 2661//2661
f 2749//2749 2596//2596 2750//2750
f 2778//2778 2751//2751 2626//2626
f 2750//2750 2593//2593 2749//2749
f 2643//2643 2721//2721 2777//2777
f 2855//2855 2786//2786 2731//2731
f 2786//2786 2758//2758 2756//2756
f 1273//1273 1274//1274 1313//1313
f 2786//2786 2759//2759 2758//2758
f 2787//2787 2759//2759 2786//2786
f 2520//2520 2950//2950 2672//2672
f 2898//2898 2712//2712 2711//2711
f 2713//2713 2712//2712 2797//2797
f 2499//2499 2739//2739 2520//2520
f 3120//3120 2949//2949 2672//2672
f 2897//2897 2683//2683 2710//2710
f 2709//2709 2863//2863 2710//2710
f 2635//2635 2636//2636 2794//2794
f 2653//2653 2801//2801 2901//2901
f 2741//2741 2570//2570 2902//2902
f 2527//2527 3015//3015 2652//2652
f 2954//2954 2653//2653 2901//2901
f 2739//2739 2499//2499 2607//2607
f 2799//2799 2739//2739 2607//2607
f 2833//2833 2900//2900 3085//3085
f 2609//2609 2764//2764 2799//2799
f 2559//2559 2417//2417 2737//2737
f 2735//2735 2736//2736 2349//2349
f 2421//2421 2420//2420 2561//2561
f 2703//2703 2556//2556 2473//2473
f 2496//2496 2735//2735 2349//2349
f 2557//2557 2734//2734 2558//2558
f 2558//2558 2735//2735 2416//2416
f 2734//2734 2735//2735 2558//2558
f 2605//2605 2682//2682 3008//3008
f 2792//2792 2650//2650 2651//2651
f 2860//2860 2762//2762 2650//2650
f 2682//2682 2892//2892 2947//2947
f 2762//2762 2708//2708 2650//2650
f 2763//2763 2635//2635 2894//2894
f 2792//2792 2635//2635 2763//2763
f 2792//2792 2651//2651 2635//2635
f 3008//3008 2862//2862 2605//2605
f 2650//2650 2792//2792 2860//2860
f 2671//2671 3529//3529 2423//2423
f 2791//2791 2563//2563 2706//2706
f 2706//2706 2648//2648 2946//2946
f 2791//2791 3384//3384 2761//2761
f 2791//2791 2761//2761 2563//2563
f 2761//2761 2892//2892 2707//2707
f 2478//2478 2580//2580 2487//2487
f 1403//1403 1402//1402 1332//1332
f 1333//1333 1306//1306 1267//1267
f 2536//2536 2505//2505 2439//2439
f 2327//2327 2587//2587 2588//2588
f 2594//2594 2483//2483 2539//2539
f 2539//2539 2463//2463 2507//2507
f 2507//2507 2538//2538 2539//2539
f 2478//2478 2436//2436 2582//2582
f 2478//2478 2487//2487 2436//2436
f 2435//2435 2580//2580 2534//2534
f 2533//2533 2503//2503 2391//2391
f 2480//2480 2460//2460 2620//2620
f 2369//2369 2436//2436 2220//2220
f 2393//2393 2767//2767 2535//2535
f 2458//2458 2488//2488 2459//2459
f 2510//2510 2680//2680 2470//2470
f 2644//2644 2541//2541 2921//2921
f 2490//2490 2377//2377 2594//2594
f 2464//2464 2377//2377 2490//2490
f 2627//2627 2467//2467 2644//2644
f 2445//2445 2544//2544 2599//2599
f 2311//2311 2610//2610 2528//2528
f 2359//2359 2428//2428 2476//2476
f 2571//2571 2454//2454 2477//2477
f 2309//2309 2636//2636 2635//2635
f 1431//1431 1275//1275 1246//1246
f 1211//1211 1340//1340 1314//1314
f 1312//1312 1311//1311 1271//1271
f 1296//1296 1428//1428 1378//1378
f 1273//1273 1313//1313 1295//1295
f 1275//1275 1431//1431 1276//1276
f 1160//1160 1215//1215 1340//1340
f 2832//2832 2562//2562 2306//2306
f 2683//2683 2565//2565 2710//2710
f 2424//2424 2635//2635 2498//2498
f 1343//1343 1277//1277 1342//1342
f 2416//2416 2735//2735 2151//2151
f 2597//2597 2338//2338 2665//2665
f 2850//2850 2468//2468 2627//2627
f 2544//2544 2598//2598 2599//2599
f 2600//2600 2468//2468 2821//2821
f 2821//2821 2468//2468 2850//2850
f 2921//2921 2625//2625 2694//2694
f 2664//2664 2541//2541 2490//2490
f 2664//2664 2490//2490 2921//2921
f 2597//2597 2778//2778 2542//2542
f 2542//2542 2778//2778 2466//2466
f 2644//2644 2723//2723 2627//2627
f 2679//2679 2723//2723 2644//2644
f 2466//2466 2778//2778 2626//2626
f 2752//2752 2985//2985 2630//2630
f 2447//2447 2646//2646 2666//2666
f 2753//2753 2680//2680 2510//2510
f 2647//2647 2690//2690 2696//2696
f 2647//2647 2696//2696 2646//2646
f 2926//2926 2630//2630 2985//2985
f 2695//2695 2752//2752 2667//2667
f 2545//2545 2492//2492 2601//2601
f 2601//2601 2485//2485 2545//2545
f 2645//2645 2598//2598 2544//2544
f 2666//2666 2780//2780 2629//2629
f 2374//2374 2746//2746 2660//2660
f 2845//2845 2461//2461 2641//2641
f 2747//2747 2642//2642 2396//2396
f 2662//2662 2661//2661 2590//2590
f 2812//2812 2773//2773 2462//2462
f 2747//2747 2396//2396 2773//2773
f 2746//2746 2374//2374 2661//2661
f 2810//2810 2327//2327 2588//2588
f 2641//2641 2622//2622 2811//2811
f 2694//2694 2625//2625 2594//2594
f 2688//2688 2596//2596 2376//2376
f 2595//2595 2593//2593 2484//2484
f 2694//2694 2776//2776 2871//2871
f 2376//2376 2593//2593 2595//2595
f 2538//2538 2719//2719 2748//2748
f 2719//2719 2396//2396 2642//2642
f 2440//2440 2623//2623 2662//2662
f 2663//2663 2624//2624 2748//2748
f 2538//2538 2748//2748 2624//2624
f 2440//2440 2506//2506 2623//2623
f 1241//1241 1202//1202 1336//1336
f 1241//1241 1336//1336 1309//1309
f 1309//1309 1292//1292 1268//1268
f 1309//1309 1336//1336 1292//1292
f 2726//2726 1999//1999 2549//2549
f 2471//2471 2781//2781 2632//2632
f 1999//1999 2726//2726 2631//2631
f 1421//1421 1294//1294 1151//1151
f 1373//1373 1203//1203 1205//1205
f 2635//2635 2651//2651 2564//2564
f 2650//2650 2498//2498 2651//2651
f 2605//2605 2307//2307 2384//2384
f 2486//2486 2709//2709 2710//2710
f 2761//2761 2707//2707 2604//2604
f 2682//2682 2605//2605 2384//2384
f 2648//2648 2706//2706 2649//2649
f 2649//2649 2706//2706 2563//2563
f 2712//2712 2713//2713 2521//2521
f 2521//2521 2711//2711 2712//2712
f 3085//3085 2608//2608 2713//2713
f 2609//2609 2799//2799 2607//2607
f 2609//2609 2607//2607 2522//2522
f 2672//2672 2949//2949 2566//2566
f 2566//2566 2949//2949 2636//2636
f 2517//2517 2710//2710 2565//2565
f 2520//2520 2672//2672 2518//2518
f 2606//2606 3011//3011 2711//2711
f 2554//2554 2633//2633 2472//2472
f 2884//2884 2555//2555 2633//2633
f 2412//2412 2700//2700 2701//2701
f 2413//2413 2701//2701 2554//2554
f 2351//2351 2550//2550 2511//2511
f 1310//1310 1208//1208 1207//1207
f 2553//2553 2700//2700 2412//2412
f 2550//2550 2551//2551 2346//2346
f 2552//2552 2278//2278 2699//2699
f 2551//2551 2699//2699 2346//2346
f 2681//2681 2305//2305 2450//2450
f 2150//2150 2704//2704 2557//2557
f 2634//2634 2417//2417 2474//2474
f 2581//2581 2457//2457 2769//2769
f 2867//2867 2583//2583 2767//2767
f 2583//2583 2867//2867 2717//2717
f 2584//2584 2457//2457 2370//2370
f 2576//2576 2638//2638 2838//2838
f 2579//2579 2582//2582 2769//2769
f 2767//2767 2393//2393 2617//2617
f 2503//2503 2578//2578 2716//2716
f 2718//2718 2585//2585 2639//2639
f 2966//2966 2460//2460 2619//2619
f 2966//2966 2619//2619 2843//2843
f 2586//2586 2692//2692 2620//2620
f 2586//2586 2966//2966 2692//2692
f 2966//2966 2586//2586 2460//2460
f 2226//2226 2505//2505 2640//2640
f 2588//2588 2587//2587 2621//2621
f 2588//2588 2621//2621 2692//2692
f 2692//2692 2621//2621 2480//2480
f 2479//2479 2658//2658 2659//2659
f 2618//2618 2676//2676 2584//2584
f 2395//2395 2718//2718 2676//2676
f 2585//2585 2718//2718 2395//2395
f 2619//2619 2659//2659 2843//2843
f 2479//2479 2659//2659 2619//2619
f 2570//2570 2741//2741 2684//2684
f 2684//2684 2740//2740 2362//2362
f 2362//2362 2740//2740 2361//2361
f 2611//2611 2673//2673 2570//2570
f 2673//2673 2611//2611 2655//2655
f 2569//2569 2652//2652 2387//2387
f 2900//2900 2524//2524 3085//3085
f 2387//2387 2764//2764 2609//2609
f 2361//2361 2740//2740 2527//2527
f 2527//2527 2652//2652 2569//2569
f 2653//2653 2526//2526 2801//2801
f 2573//2573 2686//2686 2675//2675
f 2766//2766 2574//2574 2714//2714
f 2573//2573 2675//2675 2571//2571
f 2714//2714 2572//2572 2904//2904
f 2685//2685 2613//2613 2637//2637
f 2657//2657 2674//2674 2637//2637
f 2685//2685 2637//2637 2674//2674
f 2614//2614 2502//2502 2691//2691
f 2904//2904 2615//2615 2765//2765
f 2661//2661 2440//2440 2590//2590
f 2624//2624 2539//2539 2538//2538
f 2482//2482 2687//2687 2720//2720
f 2399//2399 2591//2591 2687//2687
f 2440//2440 2481//2481 2506//2506
f 2373//2373 2327//2327 2811//2811
f 2484//2484 2593//2593 2489//2489
f 2592//2592 2539//2539 2776//2776
f 2541//2541 2465//2465 2490//2490
f 2625//2625 2490//2490 2594//2594
f 2459//2459 2488//2488 2717//2717
f 2488//2488 2583//2583 2717//2717
f 2393//2393 2616//2616 2716//2716
f 2436//2436 2581//2581 2582//2582
f 2089//2089 2589//2589 2257//2257
f 2257//2257 2589//2589 2328//2328
f 2505//2505 2536//2536 2693//2693
f 2586//2586 2620//2620 2460//2460
f 1284//1284 1229//1229 1354//1354
f 2665//2665 2338//2338 2543//2543
f 2597//2597 2542//2542 2508//2508
f 2508//2508 2491//2491 2597//2597
f 2668//2668 2449//2449 2680//2680
f 2408//2408 2546//2546 2628//2628
f 2546//2546 2780//2780 2628//2628
f 2547//2547 2752//2752 2509//2509
f 2447//2447 2666//2666 2408//2408
f 2780//2780 2546//2546 2408//2408
f 2649//2649 2514//2514 2648//2648
f 2498//2498 2650//2650 2515//2515
f 2681//2681 2450//2450 2497//2497
f 2423//2423 2603//2603 2351//2351
f 2648//2648 2514//2514 2281//2281
f 2654//2654 2612//2612 2529//2529
f 2691//2691 2453//2453 2612//2612
f 2428//2428 2527//2527 2476//2476
f 2611//2611 2684//2684 2429//2429
f 2534//2534 2638//2638 2434//2434
f 2578//2578 2503//2503 2533//2533
f 2434//2434 2576//2576 2433//2433
f 2572//2572 2432//2432 2455//2455
f 2456//2456 2573//2573 2477//2477
f 2614//2614 2765//2765 2531//2531
f 2454//2454 2571//2571 2657//2657
f 2805//2805 2532//2532 2368//2368
f 2686//2686 2456//2456 2575//2575
f 2386//2386 2520//2520 2519//2519
f 2386//2386 2519//2519 2518//2518
f 2309//2309 2635//2635 2424//2424
f 2387//2387 2476//2476 2525//2525
f 2653//2653 2311//2311 2526//2526
f 2610//2610 2311//2311 2653//2653
f 2520//2520 2386//2386 2356//2356
f 2568//2568 2523//2523 2522//2522
f 2499//2499 2522//2522 2607//2607
f 2663//2663 2539//2539 2624//2624
f 2591//2591 2643//2643 2687//2687
f 2623//2623 2506//2506 2720//2720
f 2482//2482 2399//2399 2687//2687
f 2593//2593 2721//2721 2489//2489
f 2663//2663 2776//2776 2539//2539
f 2721//2721 2643//2643 2591//2591
f 2189//2189 2661//2661 2374//2374
f 2440//2440 2662//2662 2590//2590
f 2396//2396 2719//2719 2538//2538
f 2644//2644 2921//2921 2679//2679
f 2543//2543 2598//2598 2665//2665
f 2379//2379 2627//2627 2468//2468
f 2597//2597 2491//2491 2338//2338
f 2596//2596 2749//2749 2376//2376
f 2594//2594 2539//2539 2592//2592
f 2594//2594 2592//2592 2776//2776
f 2594//2594 2776//2776 2694//2694
f 2376//2376 2595//2595 2484//2484
f 2921//2921 2541//2541 2664//2664
f 2466//2466 2626//2626 2540//2540
f 2540//2540 2442//2442 2466//2466
f 2921//2921 2490//2490 2625//2625
f 2540//2540 2688//2688 2376//2376
f 2395//2395 2676//2676 2394//2394
f 2618//2618 2394//2394 2676//2676
f 2459//2459 2658//2658 2479//2479
f 2619//2619 2460//2460 2504//2504
f 2504//2504 2479//2479 2619//2619
f 2767//2767 2256//2256 2535//2535
f 2436//2436 2457//2457 2581//2581
f 2767//2767 2583//2583 2221//2221
f 2767//2767 2221//2221 2256//2256
f 2459//2459 2717//2717 2658//2658
f 2584//2584 2370//2370 2618//2618
f 2328//2328 2589//2589 2693//2693
f 2622//2622 2373//2373 2811//2811
f 2811//2811 2327//2327 2810//2810
f 2328//2328 2693//2693 2536//2536
f 2537//2537 2089//2089 2374//2374
f 2812//2812 2461//2461 2845//2845
f 2089//2089 2537//2537 2589//2589
f 2641//2641 2461//2461 2622//2622
f 2480//2480 2620//2620 2692//2692
f 2639//2639 2438//2438 2640//2640
f 2438//2438 2639//2639 2585//2585
f 2439//2439 2505//2505 2226//2226
f 2543//2543 2338//2338 2598//2598
f 2621//2621 2587//2587 2480//2480
f 1319//1319 1349//1349 1253//1253
f 2408//2408 2666//2666 2548//2548
f 2667//2667 2752//2752 2547//2547
f 2695//2695 2667//2667 2492//2492
f 2667//2667 2547//2547 2492//2492
f 2666//2666 2629//2629 2548//2548
f 2548//2548 2629//2629 2408//2408
f 2629//2629 2780//2780 2408//2408
f 2343//2343 2647//2647 2646//2646
f 2447//2447 2343//2343 2646//2646
f 2926//2926 2753//2753 2630//2630
f 2630//2630 2509//2509 2752//2752
f 2338//2338 2599//2599 2598//2598
f 2492//2492 2485//2485 2601//2601
f 2445//2445 2645//2645 2544//2544
f 2545//2545 2600//2600 2822//2822
f 2628//2628 2780//2780 2645//2645
f 2645//2645 2445//2445 2628//2628
f 2781//2781 2471//2471 2697//2697
f 2632//2632 2549//2549 2448//2448
f 2753//2753 2602//2602 2630//2630
f 2753//2753 2510//2510 2602//2602
f 2602//2602 2510//2510 2630//2630
f 2647//2647 2669//2669 2690//2690
f 2449//2449 2668//2668 2697//2697
f 2471//2471 2449//2449 2697//2697
f 2471//2471 2632//2632 2448//2448
f 2631//2631 2669//2669 2647//2647
f 2669//2669 2631//2631 2726//2726
f 2631//2631 2303//2303 1999//1999
f 2418//2418 2559//2559 2737//2737
f 2419//2419 2705//2705 2420//2420
f 2737//2737 2705//2705 2419//2419
f 2349//2349 2634//2634 2474//2474
f 2280//2280 2349//2349 2474//2474
f 2422//2422 2681//2681 2497//2497
f 2421//2421 2560//2560 2422//2422
f 2561//2561 2681//2681 2422//2422
f 2560//2560 2561//2561 2422//2422
f 2561//2561 2560//2560 2421//2421
f 2494//2494 2670//2670 2495//2495
f 2414//2414 2704//2704 2150//2150
f 2495//2495 2704//2704 2414//2414
f 2884//2884 2702//2702 2473//2473
f 2147//2147 2884//2884 2473//2473
f 2473//2473 2556//2556 2494//2494
f 2735//2735 2496//2496 2151//2151
f 2415//2415 2557//2557 2416//2416
f 2150//2150 2557//2557 2415//2415
f 2557//2557 2558//2558 2416//2416
f 2682//2682 2384//2384 2475//2475
f 2649//2649 2563//2563 2514//2514
f 2650//2650 2306//2306 2515//2515
f 2498//2498 2635//2635 2564//2564
f 2605//2605 2516//2516 2307//2307
f 2486//2486 2516//2516 2709//2709
f 2498//2498 2564//2564 2651//2651
f 2832//2832 2671//2671 2512//2512
f 2761//2761 2604//2604 2513//2513
f 2604//2604 2475//2475 2513//2513
f 2604//2604 2707//2707 2475//2475
f 2563//2563 2761//2761 2513//2513
f 2832//2832 2306//2306 2708//2708
f 2832//2832 2512//2512 2562//2562
f 2707//2707 2682//2682 2475//2475
f 2707//2707 2892//2892 2682//2682
f 2650//2650 2708//2708 2306//2306
f 2278//2278 2552//2552 2347//2347
f 2347//2347 2553//2553 2236//2236
f 2552//2552 2553//2553 2347//2347
f 2013//2013 2550//2550 2346//2346
f 2346//2346 2699//2699 2278//2278
f 2555//2555 2884//2884 2147//2147
f 2633//2633 2555//2555 2147//2147
f 2412//2412 2701//2701 2413//2413
f 2553//2553 2412//2412 2236//2236
f 2413//2413 2554//2554 2472//2472
f 2351//2351 2511//2511 2013//2013
f 2511//2511 2550//2550 2013//2013
f 2454//2454 2657//2657 2317//2317
f 2531//2531 2615//2615 2455//2455
f 2615//2615 2531//2531 2765//2765
f 2477//2477 2573//2573 2571//2571
f 2572//2572 2455//2455 2904//2904
f 2714//2714 2432//2432 2572//2572
f 2615//2615 2904//2904 2455//2455
f 2654//2654 2691//2691 2612//2612
f 2431//2431 2655//2655 2611//2611
f 2611//2611 2570//2570 2684//2684
f 2802//2802 2529//2529 2653//2653
f 2802//2802 2654//2654 2529//2529
f 2614//2614 2530//2530 2502//2502
f 2655//2655 2431//2431 2613//2613
f 2502//2502 2453//2453 2691//2691
f 2613//2613 2431//2431 2637//2637
f 2616//2616 2503//2503 2716//2716
f 2638//2638 2534//2534 2580//2580
f 2578//2578 2533//2533 2577//2577
f 2579//2579 2638//2638 2580//2580
f 2582//2582 2581//2581 2769//2769
f 2582//2582 2579//2579 2478//2478
f 2580//2580 2478//2478 2579//2579
f 2617//2617 2393//2393 2716//2716
f 2805//2805 2432//2432 2766//2766
f 2433//2433 2686//2686 2575//2575
f 2805//2805 2368//2368 2432//2432
f 2456//2456 2686//2686 2573//2573
f 2714//2714 2574//2574 2432//2432
f 2766//2766 2432//2432 2574//2574
f 2577//2577 2533//2533 2532//2532
f 2576//2576 2434//2434 2638//2638
f 2576//2576 2686//2686 2433//2433
f 2578//2578 2577//2577 2805//2805
f 2577//2577 2532//2532 2805//2805
f 2518//2518 2519//2519 2520//2520
f 2606//2606 2567//2567 3011//3011
f 2499//2499 2520//2520 2356//2356
f 2451//2451 3011//3011 2567//2567
f 2451//2451 2683//2683 3011//3011
f 2566//2566 2518//2518 2672//2672
f 2521//2521 2606//2606 2711//2711
f 2356//2356 2522//2522 2499//2499
f 2517//2517 2486//2486 2710//2710
f 2683//2683 2517//2517 2565//2565
f 2610//2610 2653//2653 2528//2528
f 2527//2527 2428//2428 2361//2361
f 2569//2569 2476//2476 2527//2527
f 2362//2362 2429//2429 2684//2684
f 2653//2653 2501//2501 2528//2528
f 2653//2653 2529//2529 2501//2501
f 2608//2608 2524//2524 2713//2713
f 3085//3085 2524//2524 2608//2608
f 2452//2452 2609//2609 2568//2568
f 2713//2713 2500//2500 2521//2521
f 2500//2500 2713//2713 2524//2524
f 2568//2568 2609//2609 2523//2523
f 2522//2522 2523//2523 2609//2609
f 2569//2569 2525//2525 2476//2476
f 2387//2387 2525//2525 2569//2569
f 2801//2801 2526//2526 2524//2524
f 2900//2900 2801//2801 2524//2524
f 2452//2452 2387//2387 2609//2609
f 1378//1378 1209//1209 1296//1296
f 1246//1246 1209//1209 1378//1378
f 1210//1210 1247//1247 1274//1274
f 1272//1272 1244//1244 1208//1208
f 1270//1270 1376//1376 1206//1206
f 3132//3132 3118//3118 3130//3130
f 2941//2941 3098//3098 3082//3082
f 3049//3049 3116//3116 3051//3051
f 3540//3540 3143//3143 3089//3089
f 3036//3036 3092//3092 2849//2849
f 3141//3141 3107//3107 3108//3108
f 3104//3104 2905//2905 3503//3503
f 2993//2993 3421//3421 3081//3081
f 3117//3117 3421//3421 2993//2993
f 3116//3116 3182//3182 2825//2825
f 3182//3182 3117//3117 2825//2825
f 2701//2701 3134//3134 3001//3001
f 3100//3100 3101//3101 2556//2556
f 2734//2734 3136//3136 3004//3004
f 1277//1277 1164//1164 1250//1250
f 1167//1167 1277//1277 1278//1278
f 1167//1167 1164//1164 1277//1277
f 3062//3062 3219//3219 3061//3061
f 2899//2899 3166//3166 3121//3121
f 3014//3014 3166//3166 2899//2899
f 3087//3087 3283//3283 3247//3247
f 3064//3064 3063//3063 3169//3169
f 3198//3198 3139//3139 2862//2862
f 3140//3140 3276//3276 3241//3241
f 3120//3120 3059//3059 3083//3083
f 3395//3395 3220//3220 2902//2902
f 1173//1173 1170//1170 1171//1171
f 1170//1170 1280//1280 1251//1251
f 1251//1251 1280//1280 1222//1222
f 3242//3242 3016//3016 3315//3315
f 3166//3166 3014//3014 3243//3243
f 3196//3196 3213//3213 2603//2603
f 3057//3057 3704//3704 3007//3007
f 3099//3099 3100//3100 2885//2885
f 3442//3442 3200//3200 3350//3350
f 3160//3160 3057//3057 3161//3161
f 3283//3283 3064//3064 3169//3169
f 2835//2835 3246//3246 3205//3205
f 3104//3104 3246//3246 2835//2835
f 3247//3247 3283//3283 3535//3535
f 2835//2835 3205//3205 3221//3221
f 3063//3063 3167//3167 3169//3169
f 3141//3141 3251//3251 3107//3107
f 3285//3285 3458//3458 3171//3171
f 3104//3104 3503//3503 3246//3246
f 3106//3106 3222//3222 3248//3248
f 3505//3505 3248//3248 3222//3222
f 3241//3241 3279//3279 3140//3140
f 3280//3280 3084//3084 3140//3140
f 3280//3280 3140//3140 3279//3279
f 3240//3240 3059//3059 3120//3120
f 3277//3277 3389//3389 3120//3120
f 3219//3219 3243//3243 3061//3061
f 3314//3314 3165//3165 3166//3166
f 3263//3263 3040//3040 3151//3151
f 3154//3154 3182//3182 3116//3116
f 2983//2983 3330//3330 3127//3127
f 2983//2983 3372//3372 3330//3330
f 2873//2873 3330//3330 2874//2874
f 3259//3259 3176//3176 3034//3034
f 3175//3175 2849//2849 3072//3072
f 3115//3115 3261//3261 3179//3179
f 3115//3115 3124//3124 3261//3261
f 3178//3178 3261//3261 3124//3124
f 3421//3421 3375//3375 3081//3081
f 3375//3375 3184//3184 3081//3081
f 3183//3183 3117//3117 3182//3182
f 3118//3118 3133//3133 2940//2940
f 3158//3158 3097//3097 3095//3095
f 3158//3158 3095//3095 3184//3184
f 3098//3098 3131//3131 3096//3096
f 3098//3098 3271//3271 3131//3131
f 3158//3158 3309//3309 3097//3097
f 3232//3232 3233//3233 3099//3099
f 3341//3341 3232//3232 3099//3099
f 3188//3188 3343//3343 3099//3099
f 3233//3233 3188//3188 3099//3099
f 3272//3272 3341//3341 3002//3002
f 3134//3134 3272//3272 3002//3002
f 3001//3001 3134//3134 3002//3002
f 3189//3189 3190//3190 3003//3003
f 2888//2888 3189//3189 3003//3003
f 3135//3135 3189//3189 2888//2888
f 3234//3234 3100//3100 3099//3099
f 3101//3101 3100//3100 3135//3135
f 2998//2998 3337//3337 2878//2878
f 3231//3231 3339//3339 2999//2999
f 3187//3187 3134//3134 2701//2701
f 3339//3339 3186//3186 3187//3187
f 2880//2880 3231//3231 2999//2999
f 3060//3060 2739//2739 3121//3121
f 3218//3218 3013//3013 3354//3354
f 3165//3165 3121//3121 3166//3166
f 3202//3202 3121//3121 3314//3314
f 3446//3446 3218//3218 3354//3354
f 3354//3354 3013//3013 3084//3084
f 3390//3390 3121//3121 3202//3202
f 3201//3201 3352//3352 3277//3277
f 3165//3165 3314//3314 3121//3121
f 2955//2955 3204//3204 3168//3168
f 3204//3204 3203//3203 3168//3168
f 3282//3282 3167//3167 3016//3016
f 3243//3243 3014//3014 3061//3061
f 3007//3007 3529//3529 2671//2671
f 3844//3844 2281//2281 3669//3669
f 3385//3385 3197//3197 3162//3162
f 3137//3137 3193//3193 3102//3102
f 3003//3003 3190//3190 3136//3136
f 3192//3192 3137//3137 3136//3136
f 3235//3235 3192//3192 3136//3136
f 3191//3191 3235//3235 3136//3136
f 3190//3190 3191//3191 3136//3136
f 3193//3193 2831//2831 3102//3102
f 3159//3159 3274//3274 3385//3385
f 3138//3138 3194//3194 2890//2890
f 3313//3313 3216//3216 3009//3009
f 3313//3313 3240//3240 3217//3217
f 3059//3059 3240//3240 3313//3313
f 3163//3163 3214//3214 3161//3161
f 3349//3349 3238//3238 3198//3198
f 3349//3349 3198//3198 3199//3199
f 3198//3198 3197//3197 3311//3311
f 3238//3238 3139//3139 3198//3198
f 3071//3071 3176//3176 3259//3259
f 3036//3036 2849//2849 3260//3260
f 3034//3034 3123//3123 3259//3259
f 3207//3207 3174//3174 3208//3208
f 3175//3175 3072//3072 3146//3146
f 3146//3146 3470//3470 3175//3175
f 3112//3112 3145//3145 2973//2973
f 3178//3178 3124//3124 3147//3147
f 3114//3114 3093//3093 3368//3368
f 3296//3296 3179//3179 3261//3261
f 3260//3260 3209//3209 3210//3210
f 3148//3148 3177//3177 3073//3073
f 3260//3260 3147//3147 3036//3036
f 3123//3123 3073//3073 3177//3177
f 3210//3210 3178//3178 3147//3147
f 2975//2975 3114//3114 3148//3148
f 3260//3260 3210//3210 3147//3147
f 3399//3399 3025//3025 3088//3088
f 3461//3461 3109//3109 3398//3398
f 3286//3286 3109//3109 3065//3065
f 3172//3172 3322//3322 3141//3141
f 3122//3122 3206//3206 2963//2963
f 3469//3469 3208//3208 2972//2972
f 3091//3091 3290//3290 3111//3111
f 3255//3255 3362//3362 2968//2968
f 3540//3540 3027//3027 3254//3254
f 2968//2968 3362//3362 3404//3404
f 3401//3401 3254//3254 3400//3400
f 3402//3402 3254//3254 3401//3401
f 3029//3029 3143//3143 3540//3540
f 2968//2968 3110//3110 3255//3255
f 3184//3184 3375//3375 3423//3423
f 3308//3308 3184//3184 3269//3269
f 3270//3270 3157//3157 3185//3185
f 3184//3184 3423//3423 3269//3269
f 3080//3080 3227//3227 3155//3155
f 3418//3418 3421//3421 3183//3183
f 3183//3183 3421//3421 3117//3117
f 3310//3310 3118//3118 3427//3427
f 3334//3334 3271//3271 3098//3098
f 3230//3230 3334//3334 3098//3098
f 3379//3379 3098//3098 3119//3119
f 3098//3098 3379//3379 3230//3230
f 3119//3119 3133//3133 3492//3492
f 3097//3097 3132//3132 3130//3130
f 3131//3131 3185//3185 3096//3096
f 3490//3490 3185//3185 3131//3131
f 3158//3158 3184//3184 3309//3309
f 3229//3229 3490//3490 3131//3131
f 3132//3132 3427//3427 3118//3118
f 3271//3271 3229//3229 3131//3131
f 3298//3298 2982//2982 3153//3153
f 3298//3298 3152//3152 2982//2982
f 3414//3414 3224//3224 3125//3125
f 3413//3413 3414//3414 3125//3125
f 3125//3125 3224//3224 3150//3150
f 3125//3125 3150//3150 3038//3038
f 3151//3151 3179//3179 3296//3296
f 3180//3180 3126//3126 3042//3042
f 2981//2981 3297//3297 3413//3413
f 3125//3125 2981//2981 3413//3413
f 3154//3154 3116//3116 3049//3049
f 3304//3304 3049//3049 3076//3076
f 3182//3182 3154//3154 3546//3546
f 3226//3226 3305//3305 3129//3129
f 3330//3330 3181//3181 2874//2874
f 3181//3181 3076//3076 3128//3128
f 2553//2553 2552//2552 2789//2789
f 2864//2864 2803//2803 3063//3063
f 2768//2768 3172//3172 2840//2840
f 2778//2778 2922//2922 3038//3038
f 1273//1273 1210//1210 1274//1274
f 1245//1245 1273//1273 1295//1295
f 1313//1313 1274//1274 1314//1314
f 1246//1246 1378//1378 1431//1431
f 1314//1314 1274//1274 1247//1247
f 2881//2881 3000//3000 2552//2552
f 3337//3337 2879//2879 2551//2551
f 2878//2878 3337//3337 2551//2551
f 2552//2552 3000//3000 2789//2789
f 2550//2550 2878//2878 2551//2551
f 2880//2880 2999//2999 2699//2699
f 2879//2879 2880//2880 2699//2699
f 3002//3002 2943//2943 2633//2633
f 2882//2882 3187//3187 2701//2701
f 2999//2999 2881//2881 2552//2552
f 2553//2553 2882//2882 2701//2701
f 2701//2701 2883//2883 2554//2554
f 2789//2789 3000//3000 2553//2553
f 1272//1272 1310//1310 1296//1296
f 1245//1245 1295//1295 1271//1271
f 1271//1271 1295//1295 1312//1312
f 1277//1277 1315//1315 1342//1342
f 1250//1250 1315//1315 1277//1277
f 1275//1275 1212//1212 1246//1246
f 1211//1211 1314//1314 1247//1247
f 1214//1214 1121//1121 1248//1248
f 1121//1121 1214//1214 1276//1276
f 1212//1212 1275//1275 1214//1214
f 1160//1160 1340//1340 1213//1213
f 1276//1276 1214//1214 1275//1275
f 2672//2672 2950//2950 3012//3012
f 2896//2896 2863//2863 2709//2709
f 3015//3015 3062//3062 2652//2652
f 3218//3218 2900//2900 2833//2833
f 2417//2417 2890//2890 2737//2737
f 2736//2736 3102//3102 2349//2349
f 3004//3004 3137//3137 2735//2735
f 2603//2603 2877//2877 2351//2351
f 2420//2420 3006//3006 2561//2561
f 2703//2703 2885//2885 2556//2556
f 3135//3135 2887//2887 2704//2704
f 2886//2886 3135//3135 2704//2704
f 2670//2670 2886//2886 2704//2704
f 2702//2702 2885//2885 2703//2703
f 3099//3099 2885//2885 2702//2702
f 2554//2554 2942//2942 2633//2633
f 3001//3001 2942//2942 2554//2554
f 2883//2883 3001//3001 2554//2554
f 2884//2884 3099//3099 2830//2830
f 2735//2735 3102//3102 2736//2736
f 2557//2557 3003//3003 2734//2734
f 2889//2889 3003//3003 2557//2557
f 2888//2888 2889//2889 2704//2704
f 2885//2885 3100//3100 2556//2556
f 3135//3135 2886//2886 2670//2670
f 2556//2556 3135//3135 2670//2670
f 3101//3101 3135//3135 2556//2556
f 2894//2894 2895//2895 3009//3009
f 3385//3385 2761//2761 3384//3384
f 3385//3385 2892//2892 2761//2761
f 1186//1186 1188//1188 1085//1085
f 2785//2785 2758//2758 2859//2859
f 2787//2787 2859//2859 2759//2759
f 2938//2938 2854//2854 2785//2785
f 2704//2704 2889//2889 2557//2557
f 2349//2349 2831//2831 2634//2634
f 2634//2634 3138//3138 2417//2417
f 2633//2633 2943//2943 2884//2884
f 2884//2884 2830//2830 2702//2702
f 3008//3008 2682//2682 2947//2947
f 2860//2860 2893//2893 2762//2762
f 2792//2792 2893//2893 2860//2860
f 2862//2862 3008//3008 3198//3198
f 2861//2861 2893//2893 2792//2792
f 2893//2893 3163//3163 2762//2762
f 2561//2561 2305//2305 2681//2681
f 2706//2706 2946//2946 3384//3384
f 3844//3844 2648//2648 2281//2281
f 2791//2791 2706//2706 3384//3384
f 2762//2762 2790//2790 2832//2832
f 1303//1303 1182//1182 1351//1351
f 2351//2351 2877//2877 2788//2788
f 2551//2551 2879//2879 2699//2699
f 2699//2699 2999//2999 2552//2552
f 2700//2700 2553//2553 2701//2701
f 1301//1301 1075//1075 1496//1496
f 1255//1255 1319//1319 1256//1256
f 2589//2589 2772//2772 2693//2693
f 2913//2913 2812//2812 2845//2845
f 2660//2660 2914//2914 2970//2970
f 2660//2660 2970//2970 3090//3090
f 3089//3089 2811//2811 2810//2810
f 3089//3089 2810//2810 2588//2588
f 2720//2720 2920//2920 2847//2847
f 3072//3072 2748//2748 2814//2814
f 2687//2687 2920//2920 2720//2720
f 2870//2870 2848//2848 2687//2687
f 2812//2812 2813//2813 2773//2773
f 2813//2813 2747//2747 2773//2773
f 2847//2847 2677//2677 2623//2623
f 2716//2716 2837//2837 2839//2839
f 2578//2578 2837//2837 2716//2716
f 3019//3019 2906//2906 2766//2766
f 2907//2907 2578//2578 2806//2806
f 2676//2676 2809//2809 2868//2868
f 2658//2658 2808//2808 2842//2842
f 2781//2781 3049//3049 2852//2852
f 2783//2783 2754//2754 2852//2852
f 2668//2668 2753//2753 3094//3094
f 2690//2690 2824//2824 2696//2696
f 2824//2824 2646//2646 2696//2696
f 2874//2874 3094//3094 2753//2753
f 2646//2646 2824//2824 2851//2851
f 2851//2851 2986//2986 2646//2646
f 2783//2783 2825//2825 2757//2757
f 2825//2825 2783//2783 2852//2852
f 2784//2784 2931//2931 2930//2930
f 2818//2818 2921//2921 2817//2817
f 2540//2540 2978//2978 2688//2688
f 2777//2777 2870//2870 2643//2643
f 2721//2721 2815//2815 2777//2777
f 2593//2593 2815//2815 2721//2721
f 2871//2871 2976//2976 2817//2817
f 2817//2817 2678//2678 2871//2871
f 2779//2779 2645//2645 2780//2780
f 2597//2597 2819//2819 2778//2778
f 2850//2850 3040//3040 2821//2821
f 2931//2931 2784//2784 2853//2853
f 2853//2853 2784//2784 2756//2756
f 2827//2827 2757//2757 2825//2825
f 2782//2782 2930//2930 2929//2929
f 2855//2855 2935//2935 2828//2828
f 2995//2995 2938//2938 2857//2857
f 2758//2758 2826//2826 2853//2853
f 2758//2758 2853//2853 2756//2756
f 2785//2785 2854//2854 2758//2758
f 2854//2854 2826//2826 2758//2758
f 2855//2855 2827//2827 2935//2935
f 3040//3040 2822//2822 2821//2821
f 3041//3041 2822//2822 3040//3040
f 2780//2780 2924//2924 2872//2872
f 2872//2872 3075//3075 2780//2780
f 3044//3044 2695//2695 2492//2492
f 2723//2723 2923//2923 2627//2627
f 2597//2597 2922//2922 2819//2819
f 2819//2819 2922//2922 2778//2778
f 2598//2598 2820//2820 2665//2665
f 2851//2851 2824//2824 2690//2690
f 2690//2690 2782//2782 2851//2851
f 2927//2927 2781//2781 2668//2668
f 3046//3046 2924//2924 2823//2823
f 2986//2986 2823//2823 2646//2646
f 2925//2925 2985//2985 2752//2752
f 2695//2695 3127//3127 2752//2752
f 1224//1224 1317//1317 1344//1344
f 1281//1281 1318//1318 1170//1170
f 1223//1223 1317//1317 1224//1224
f 1318//1318 1280//1280 1170//1170
f 1170//1170 1173//1173 1281//1281
f 1280//1280 1318//1318 1297//1297
f 1298//1298 1386//1386 1225//1225
f 1128//1128 1298//1298 1225//1225
f 1386//1386 1281//1281 1173//1173
f 1225//1225 1386//1386 1173//1173
f 1316//1316 1219//1219 1217//1217
f 1316//1316 1168//1168 1279//1279
f 1278//1278 1277//1277 1343//1343
f 1278//1278 1317//1317 1223//1223
f 1222//1222 1279//1279 1251//1251
f 1280//1280 1279//1279 1222//1222
f 1278//1278 1223//1223 1167//1167
f 1279//1279 1168//1168 1251//1251
f 2858//2858 2787//2787 2786//2786
f 2876//2876 2760//2760 2859//2859
f 2828//2828 2856//2856 2786//2786
f 2829//2829 2858//2858 2786//2786
f 2786//2786 2856//2856 3054//3054
f 2786//2786 3054//3054 2829//2829
f 1346//1346 1347//1347 1226//1226
f 1226//1226 1347//1347 1282//1282
f 2941//2941 2760//2760 2876//2876
f 1319//1319 1253//1253 1227//1227
f 2656//2656 3283//3283 2765//2765
f 2674//2674 2905//2905 2959//2959
f 2742//2742 2674//2674 2835//2835
f 2957//2957 2614//2614 2864//2864
f 2715//2715 2905//2905 2674//2674
f 2803//2803 2864//2864 2691//2691
f 3016//3016 2802//2802 2954//2954
f 2957//2957 2958//2958 2614//2614
f 2958//2958 2656//2656 2614//2614
f 2803//2803 2691//2691 2802//2802
f 3063//3063 2803//2803 2802//2802
f 2866//2866 2578//2578 2907//2907
f 2836//2836 2838//2838 3108//3108
f 2769//2769 3141//3141 2838//2838
f 2908//2908 2617//2617 2839//2839
f 2866//2866 2837//2837 2578//2578
f 3018//3018 3019//3019 2714//2714
f 2961//2961 2715//2715 2804//2804
f 3018//3018 2714//2714 2904//2904
f 2897//2897 3011//3011 2683//2683
f 3012//3012 3120//3120 2672//2672
f 2949//2949 3083//3083 2636//2636
f 2636//2636 3083//3083 2794//2794
f 2863//2863 2897//2897 2710//2710
f 3140//3140 2711//2711 3011//3011
f 2520//2520 2739//2739 2796//2796
f 2635//2635 3010//3010 2793//2793
f 2763//2763 2894//2894 2792//2792
f 2894//2894 2861//2861 2792//2792
f 2794//2794 3010//3010 2635//2635
f 2635//2635 2793//2793 2894//2894
f 2894//2894 2793//2793 2895//2895
f 2652//2652 2834//2834 2387//2387
f 2801//2801 2900//2900 2952//2952
f 2834//2834 2652//2652 3062//3062
f 3015//3015 2527//2527 2740//2740
f 3084//3084 2712//2712 2898//2898
f 3013//3013 2713//2713 2797//2797
f 2764//2764 2387//2387 2800//2800
f 3013//3013 3085//3085 2798//2798
f 2799//2799 2764//2764 2951//2951
f 3013//3013 2798//2798 2713//2713
f 3072//3072 2775//2775 2748//2748
f 2677//2677 2847//2847 2918//2918
f 2814//2814 2748//2748 2919//2919
f 2814//2814 2919//2919 3072//3072
f 3072//3072 2849//2849 2775//2775
f 2915//2915 2914//2914 2660//2660
f 2917//2917 2813//2813 2812//2812
f 3068//3068 2915//2915 2660//2660
f 3070//3070 2919//2919 2719//2719
f 3091//3091 2774//2774 2661//2661
f 2642//2642 2747//2747 2917//2917
f 2660//2660 2774//2774 3068//3068
f 2917//2917 2747//2747 2813//2813
f 2661//2661 2846//2846 3091//3091
f 2688//2688 2978//2978 2596//2596
f 2626//2626 2978//2978 2540//2540
f 2751//2751 2978//2978 2626//2626
f 2777//2777 3035//3035 2870//2870
f 2870//2870 3034//3034 2848//2848
f 2816//2816 2593//2593 2750//2750
f 2815//2815 2816//2816 2750//2750
f 2815//2815 2593//2593 2816//2816
f 2842//2842 2808//2808 2843//2843
f 2868//2868 2584//2584 2770//2770
f 2658//2658 2842//2842 2843//2843
f 3142//3142 2966//2966 2843//2843
f 2809//2809 2967//2967 2868//2868
f 2840//2840 3141//3141 2769//2769
f 2908//2908 2767//2767 2617//2617
f 2841//2841 2767//2767 2909//2909
f 2868//2868 3122//3122 2807//2807
f 3024//3024 2910//2910 2867//2867
f 2717//2717 2867//2867 2910//2910
f 3029//3029 2811//2811 3143//3143
f 3143//3143 2811//2811 3089//3089
f 2844//2844 2772//2772 2589//2589
f 3110//3110 2772//2772 2844//2844
f 2917//2917 2812//2812 2913//2913
f 3030//3030 3144//3144 2845//2845
f 2844//2844 2589//2589 3090//3090
f 2641//2641 3028//3028 3030//3030
f 3028//3028 2811//2811 3029//3029
f 3025//3025 2744//2744 2966//2966
f 2771//2771 2718//2718 2869//2869
f 2505//2505 2969//2969 2968//2968
f 2772//2772 2969//2969 2505//2505
f 2969//2969 2772//2772 3110//3110
f 2912//2912 2692//2692 2911//2911
f 2911//2911 2692//2692 2744//2744
f 2718//2718 2745//2745 2869//2869
f 3026//3026 2692//2692 2912//2912
f 1191//1191 1462//1462 1326//1326
f 1358//1358 1191//1191 1326//1326
f 1092//1092 1093//1093 1264//1264
f 1325//1325 1137//1137 1324//1324
f 1461//1461 1264//1264 1093//1093
f 1325//1325 1502//1502 1232//1232
f 2829//2829 3097//3097 2858//2858
f 922//922 923//923 818//818
f 2876//2876 2940//2940 3133//3133
f 3197//3197 3198//3198 2948//2948
f 3216//3216 3215//3215 3058//3058
f 3236//3236 2561//2561 3006//3006
f 3200//3200 3276//3276 2897//2897
f 3200//3200 2897//2897 2863//2863
f 3059//3059 2794//2794 3083//3083
f 2709//2709 2862//2862 3440//3440
f 3440//3440 2862//2862 3164//3164
f 3215//3215 3163//3163 3058//3058
f 3009//3009 3059//3059 3313//3313
f 3350//3350 2709//2709 3440//3440
f 910//910 1391//1391 1231//1231
f 3135//3135 2888//2888 2887//2887
f 3070//3070 3069//3069 3146//3146
f 3404//3404 3067//3067 2869//2869
f 3027//3027 3089//3089 2588//2588
f 3128//3128 2668//2668 3094//3094
f 3124//3124 2817//2817 2976//2976
f 3114//3114 2750//2750 2977//2977
f 2689//2689 3126//3126 2981//2981
f 3264//3264 3044//3044 3043//3043
f 3044//3044 3264//3264 3045//3045
f 3120//3120 3012//3012 3277//3277
f 3227//3227 3080//3080 3228//3228
f 2993//2993 3081//3081 2994//2994
f 3080//3080 3157//3157 3156//3156
f 3080//3080 3156//3156 3228//3228
f 2934//2934 3129//3129 2933//2933
f 2993//2993 2935//2935 3079//3079
f 3079//3079 3117//3117 2993//2993
f 3079//3079 2990//2990 3117//3117
f 3080//3080 3155//3155 2992//2992
f 3155//3155 2934//2934 2992//2992
f 3155//3155 3226//3226 2934//2934
f 3098//3098 3096//3096 2996//2996
f 3097//3097 3130//3130 2858//2858
f 3055//3055 2858//2858 3130//3130
f 3055//3055 3130//3130 3118//3118
f 3082//3082 3098//3098 2996//2996
f 3095//3095 3097//3097 2829//2829
f 3080//3080 3053//3053 3157//3157
f 3052//3052 2994//2994 3081//3081
f 2939//2939 3185//3185 3053//3053
f 3096//3096 3185//3185 2939//2939
f 3185//3185 3157//3157 3053//3053
f 3081//3081 3095//3095 3054//3054
f 3081//3081 3184//3184 3095//3095
f 3081//3081 3054//3054 3052//3052
f 3330//3330 2984//2984 3127//3127
f 2982//2982 2780//2780 3075//3075
f 3181//3181 3128//3128 3094//3094
f 2981//2981 3126//3126 3180//3180
f 3263//3263 3041//3041 3040//3040
f 3153//3153 2982//2982 3075//3075
f 3153//3153 2924//2924 3047//3047
f 2983//2983 3045//3045 3264//3264
f 2780//2780 2982//2982 3152//3152
f 3484//3484 3041//3041 3263//3263
f 3045//3045 2983//2983 3044//3044
f 3264//3264 3043//3043 3484//3484
f 3042//3042 3126//3126 3152//3152
f 3484//3484 3043//3043 3041//3041
f 3129//3129 3078//3078 2933//2933
f 3226//3226 3129//3129 2934//2934
f 2990//2990 2825//2825 3117//3117
f 2989//2989 2933//2933 3078//3078
f 3050//3050 3048//3048 2851//2851
f 3128//3128 3076//3076 2668//2668
f 3116//3116 3077//3077 3051//3051
f 855//855 1180//1180 1442//1442
f 1178//1178 1283//1283 1180//1180
f 1181//1181 1496//1496 1075//1075
f 1257//1257 1494//1494 1258//1258
f 1442//1442 1494//1494 1257//1257
f 3213//3213 2998//2998 2877//2877
f 1348//1348 1176//1176 1253//1253
f 2999//2999 3339//3339 3000//3000
f 3000//3000 3339//3339 2553//2553
f 1227//1227 1177//1177 1319//1319
f 1177//1177 1300//1300 1319//1319
f 1350//1350 1178//1178 1254//1254
f 1227//1227 1253//1253 1176//1176
f 1350//1350 1254//1254 1282//1282
f 1356//1356 1230//1230 1354//1354
f 1285//1285 1084//1084 1085//1085
f 3056//3056 3133//3133 3119//3119
f 2941//2941 3119//3119 3098//3098
f 748//748 1259//1259 1181//1181
f 1181//1181 1259//1259 1496//1496
f 1320//1320 1228//1228 1182//1182
f 2804//2804 3020//3020 3105//3105
f 3106//3106 3248//3248 2906//2906
f 3105//3105 3503//3503 2905//2905
f 2835//2835 3221//3221 2742//2742
f 3141//3141 2840//2840 3172//3172
f 3109//3109 2908//2908 3065//3065
f 2964//2964 3122//3122 2963//2963
f 2908//2908 3109//3109 3066//3066
f 3066//3066 3109//3109 3461//3461
f 3249//3249 3458//3458 2907//2907
f 3108//3108 3107//3107 2836//2836
f 2837//2837 3458//3458 3285//3285
f 2837//2837 2866//2866 3458//3458
f 3022//3022 2839//2839 3321//3321
f 2839//2839 3285//3285 3321//3321
f 2839//2839 2837//2837 3285//3285
f 3065//3065 2908//2908 3321//3321
f 2908//2908 3022//3022 3321//3321
f 2739//2739 2899//2899 3121//3121
f 3277//3277 3012//3012 2950//2950
f 3277//3277 2950//2950 3201//3201
f 2795//2795 3060//3060 3201//3201
f 2902//2902 3220//3220 2955//2955
f 3063//3063 2956//2956 3167//3167
f 3017//3017 2742//2742 3221//3221
f 3242//3242 3315//3315 2953//2953
f 2834//2834 3062//3062 3061//3061
f 3242//3242 2953//2953 3086//3086
f 3073//3073 3113//3113 3148//3148
f 2849//2849 2776//2776 2775//2775
f 3113//3113 2815//2815 3148//3148
f 2976//2976 3036//3036 3147//3147
f 3074//3074 3036//3036 2976//2976
f 3146//3146 2919//2919 3070//3070
f 3146//3146 3072//3072 2974//2974
f 3071//3071 3112//3112 2973//2973
f 2919//2919 3146//3146 3032//3032
f 3146//3146 2974//2974 3032//3032
f 2918//2918 2973//2973 3145//3145
f 3034//3034 2870//2870 3123//3123
f 3092//3092 2776//2776 2849//2849
f 3176//3176 3071//3071 2920//2920
f 2820//2820 3039//3039 3125//3125
f 2723//2723 3124//3124 3115//3115
f 3038//3038 3150//3150 2778//2778
f 3115//3115 3179//3179 2923//2923
f 3115//3115 2923//2923 2723//2723
f 3040//3040 2850//2850 3151//3151
f 3125//3125 3039//3039 2981//2981
f 2820//2820 3125//3125 3038//3038
f 2977//2977 3093//3093 3114//3114
f 3037//3037 2979//2979 3093//3093
f 3093//3093 2977//2977 2978//2978
f 3037//3037 3093//3093 2978//2978
f 2976//2976 3147//3147 3124//3124
f 2980//2980 2778//2778 3150//3150
f 2980//2980 3150//3150 3149//3149
f 3124//3124 2723//2723 2679//2679
f 3027//3027 2588//2588 3254//3254
f 3540//3540 3089//3089 3027//3027
f 2807//2807 3122//3122 3023//3023
f 3223//3223 2843//2843 3024//3024
f 3223//3223 3024//3024 2867//2867
f 2964//2964 3023//3023 3122//3122
f 2967//2967 3067//3067 3253//3253
f 3399//3399 2744//2744 3025//3025
f 3088//3088 2966//2966 3142//3142
f 3208//3208 3174//3174 3069//3069
f 3208//3208 3069//3069 2917//2917
f 3174//3174 3146//3146 3069//3069
f 3031//3031 3070//3070 2642//2642
f 3289//3289 2844//2844 2971//2971
f 3144//3144 3030//3030 3029//3029
f 3144//3144 3029//3029 3173//3173
f 3110//3110 2968//2968 2969//2969
f 3091//3091 3111//3111 2915//2915
f 3289//3289 2971//2971 2914//2914
f 2916//2916 2972//2972 3208//3208
f 3111//3111 3289//3289 2914//2914
f 2845//2845 3144//3144 2972//2972
f 2799//2799 2951//2951 2899//2899
f 3218//3218 2833//2833 3085//3085
f 2520//2520 3201//3201 2950//2950
f 3064//3064 2864//2864 3063//3063
f 2902//2902 2955//2955 2741//2741
f 3063//3063 2802//2802 2956//2956
f 3064//3064 2656//2656 2958//2958
f 3283//3283 2656//2656 3064//3064
f 2865//2865 2903//2903 2902//2902
f 2957//2957 2864//2864 3064//3064
f 3221//3221 3395//3395 2865//2865
f 2953//2953 2901//2901 2801//2801
f 3086//3086 2801//2801 2952//2952
f 2740//2740 3203//3203 3015//3015
f 3016//3016 2954//2954 2901//2901
f 2738//2738 3007//3007 2671//2671
f 2891//2891 2738//2738 2790//2790
f 2738//2738 2891//2891 3057//3057
f 2705//2705 3236//3236 2420//2420
f 2737//2737 2945//2945 3194//3194
f 2890//2890 2945//2945 2737//2737
f 3200//3200 2863//2863 2896//2896
f 2895//2895 2793//2793 3009//3009
f 2588//2588 3026//3026 3254//3254
f 2968//2968 3404//3404 2745//2745
f 3254//3254 2911//2911 2744//2744
f 3254//3254 2744//2744 3399//3399
f 2869//2869 2745//2745 3404//3404
f 3254//3254 3026//3026 2912//2912
f 3254//3254 2912//2912 2911//2911
f 2844//2844 3289//3289 3110//3110
f 3223//3223 3142//3142 2843//2843
f 2868//2868 3253//3253 2965//2965
f 3067//3067 2967//2967 2743//2743
f 2771//2771 2869//2869 3067//3067
f 2771//2771 3067//3067 2743//2743
f 2868//2868 2967//2967 3253//3253
f 2966//2966 3088//3088 3025//3025
f 3068//3068 2774//2774 3091//3091
f 3068//3068 3091//3091 2915//2915
f 3208//3208 2917//2917 2916//2916
f 2918//2918 3145//3145 2846//2846
f 2642//2642 3070//3070 2719//2719
f 3070//3070 2917//2917 3069//3069
f 2917//2917 3070//3070 3031//3031
f 2917//2917 3031//3031 2642//2642
f 2846//2846 3258//3258 3091//3091
f 3028//3028 3029//3029 3030//3030
f 2971//2971 3090//3090 2970//2970
f 3090//3090 2971//2971 2844//2844
f 2914//2914 2915//2915 3111//3111
f 2845//2845 2972//2972 2913//2913
f 2913//2913 2916//2916 2917//2917
f 2913//2913 2972//2972 2916//2916
f 2914//2914 2971//2971 2970//2970
f 2906//2906 3249//3249 2806//2806
f 3249//3249 2907//2907 2806//2806
f 3087//3087 2960//2960 2904//2904
f 2959//2959 2835//2835 2674//2674
f 2959//2959 2905//2905 3104//3104
f 3283//3283 2904//2904 2765//2765
f 3087//3087 2904//2904 3283//3283
f 2715//2715 3105//3105 2905//2905
f 2841//2841 3461//3461 2867//2867
f 2768//2768 2964//2964 2963//2963
f 2909//2909 3461//3461 2841//2841
f 2768//2768 2963//2963 3172//3172
f 3066//3066 3461//3461 2909//2909
f 2807//2807 3023//3023 2457//2457
f 2768//2768 2457//2457 3023//3023
f 3122//3122 2868//2868 2965//2965
f 2910//2910 3024//3024 2843//2843
f 2843//2843 2808//2808 2910//2910
f 2964//2964 2768//2768 3023//3023
f 2839//2839 3022//3022 2908//2908
f 2838//2838 3141//3141 3108//3108
f 3066//3066 2909//2909 2908//2908
f 3052//3052 2828//2828 2935//2935
f 3052//3052 2856//2856 2828//2828
f 1245//1245 1271//1271 1243//1243
f 1272//1272 1208//1208 1310//1310
f 2760//2760 2997//2997 2857//2857
f 2760//2760 2941//2941 3082//3082
f 2787//2787 2940//2940 2859//2859
f 2827//2827 2825//2825 2991//2991
f 3077//3077 2825//2825 2852//2852
f 2929//2929 2851//2851 2782//2782
f 2852//2852 3049//3049 3051//3051
f 2928//2928 2851//2851 2929//2929
f 2992//2992 2875//2875 2854//2854
f 2938//2938 2936//2936 2854//2854
f 2936//2936 2937//2937 2854//2854
f 3080//3080 2854//2854 2937//2937
f 3080//3080 2992//2992 2854//2854
f 2931//2931 2853//2853 2826//2826
f 2991//2991 2990//2990 2827//2827
f 2854//2854 2932//2932 2826//2826
f 2933//2933 2875//2875 2934//2934
f 2875//2875 2932//2932 2854//2854
f 2933//2933 2932//2932 2875//2875
f 2932//2932 2989//2989 2826//2826
f 2826//2826 2989//2989 2931//2931
f 1237//1237 1290//1290 1507//1507
f 1292//1292 1200//1200 1239//1239
f 1240//1240 1291//1291 1201//1201
f 1239//1239 1268//1268 1292//1292
f 1371//1371 1291//1291 1240//1240
f 2734//2734 3004//3004 2735//2735
f 1510//1510 1376//1376 1425//1425
f 1152//1152 1374//1374 1337//1337
f 1376//1376 1510//1510 1205//1205
f 1152//1152 1337//1337 1375//1375
f 1269//1269 1271//1271 1311//1311
f 1243//1243 1271//1271 1206//1206
f 1376//1376 1270//1270 1269//1269
f 1206//1206 1271//1271 1270//1270
f 1270//1270 1271//1271 1269//1269
f 1202//1202 1150//1150 1293//1293
f 1242//1242 1420//1420 1421//1421
f 1153//1153 1205//1205 1203//1203
f 1374//1374 966//966 1294//1294
f 1374//1374 1294//1294 1372//1372
f 2887//2887 2888//2888 2704//2704
f 2349//2349 3102//3102 2831//2831
f 3003//3003 3136//3136 2734//2734
f 3136//3136 3137//3137 3004//3004
f 2888//2888 3003//3003 2889//2889
f 3337//3337 2880//2880 2879//2879
f 2999//2999 3000//3000 2881//2881
f 2788//2788 2998//2998 2550//2550
f 2830//2830 3099//3099 2702//2702
f 2553//2553 3187//3187 2882//2882
f 3339//3339 3187//3187 2553//2553
f 3001//3001 3002//3002 2942//2942
f 2942//2942 3002//3002 2633//2633
f 2701//2701 3001//3001 2883//2883
f 2884//2884 3341//3341 3099//3099
f 3002//3002 3341//3341 2884//2884
f 2943//2943 3002//3002 2884//2884
f 3162//3162 3197//3197 2892//2892
f 3057//3057 3007//3007 2738//2738
f 3237//3237 3384//3384 2946//2946
f 3159//3159 3385//3385 3384//3384
f 3161//3161 3057//3057 2790//2790
f 3057//3057 2891//2891 2790//2790
f 3161//3161 2790//2790 2762//2762
f 2947//2947 3198//3198 3008//3008
f 3163//3163 3161//3161 2762//2762
f 3385//3385 3162//3162 2892//2892
f 3197//3197 2948//2948 2947//2947
f 3197//3197 2947//2947 2892//2892
f 2944//2944 2890//2890 2417//2417
f 3138//3138 2890//2890 2944//2944
f 3195//3195 3236//3236 2705//2705
f 3194//3194 3005//3005 2737//2737
f 2603//2603 3213//3213 2877//2877
f 2945//2945 2890//2890 3194//3194
f 2735//2735 3137//3137 3102//3102
f 2417//2417 3138//3138 2944//2944
f 2831//2831 3138//3138 2634//2634
f 3236//3236 2305//2305 2561//2561
f 3529//3529 3103//3103 2423//2423
f 3237//3237 2946//2946 3844//3844
f 3844//3844 2946//2946 2648//2648
f 2603//2603 2423//2423 3196//3196
f 3669//3669 2305//2305 3236//3236
f 3005//3005 3195//3195 2705//2705
f 2737//2737 3005//3005 2705//2705
f 2420//2420 3236//3236 3006//3006
f 1306//1306 1333//1333 1196//1196
f 1363//1363 1233//1233 1473//1473
f 1288//1288 1032//1032 1405//1405
f 1623//1623 1288//1288 1405//1405
f 1333//1333 1405//1405 1144//1144
f 819//819 1020//1020 1097//1097
f 2998//2998 2878//2878 2550//2550
f 2877//2877 2998//2998 2788//2788
f 2903//2903 3395//3395 2902//2902
f 3203//3203 2740//2740 3168//3168
f 3167//3167 2802//2802 3016//3016
f 3395//3395 2903//2903 2865//2865
f 2865//2865 2742//2742 3017//3017
f 2865//2865 3017//3017 3221//3221
f 3064//3064 2958//2958 2957//2957
f 3086//3086 2952//2952 2900//2900
f 3061//3061 2387//2387 2834//2834
f 2764//2764 3014//3014 2899//2899
f 3086//3086 2953//2953 2801//2801
f 3061//3061 3014//3014 2387//2387
f 2387//2387 3014//3014 2800//2800
f 2741//2741 2955//2955 3168//3168
f 3315//3315 2901//2901 2953//2953
f 3062//3062 3015//3015 3203//3203
f 3167//3167 2956//2956 2802//2802
f 3016//3016 2901//2901 3315//3315
f 2804//2804 2836//2836 3021//3021
f 3106//3106 2906//2906 3019//3019
f 2804//2804 3021//3021 3020//3020
f 3170//3170 3021//3021 2836//2836
f 3458//3458 2866//2866 2907//2907
f 2962//2962 3107//3107 3170//3170
f 2962//2962 3170//3170 2836//2836
f 2906//2906 3248//3248 3249//3249
f 2836//2836 3107//3107 2962//2962
f 2804//2804 3105//3105 2961//2961
f 2959//2959 3104//3104 2835//2835
f 3105//3105 2715//2715 2961//2961
f 3106//3106 3019//3019 3247//3247
f 3247//3247 3019//3019 3018//3018
f 3247//3247 3018//3018 2960//2960
f 2960//2960 3018//3018 2904//2904
f 3247//3247 2960//2960 3087//3087
f 2896//2896 2709//2709 3350//3350
f 3200//3200 2896//2896 3350//3350
f 3059//3059 3010//3010 2794//2794
f 3010//3010 3059//3059 2793//2793
f 2861//2861 3163//3163 2893//2893
f 2948//2948 3198//3198 2947//2947
f 3058//3058 3163//3163 2861//2861
f 3059//3059 3009//3009 2793//2793
f 3216//3216 2861//2861 2894//2894
f 3216//3216 3058//3058 2861//2861
f 3139//3139 3164//3164 2862//2862
f 3009//3009 3216//3216 2894//2894
f 3013//3013 2797//2797 3084//3084
f 2899//2899 2739//2739 2799//2799
f 3084//3084 2797//2797 2712//2712
f 3218//3218 3085//3085 3013//3013
f 3218//3218 3086//3086 2900//2900
f 3014//3014 2764//2764 2800//2800
f 2764//2764 2899//2899 2951//2951
f 3276//3276 3011//3011 2897//2897
f 3120//3120 3083//3083 2949//2949
f 2795//2795 3201//3201 2520//2520
f 3140//3140 2898//2898 2711//2711
f 3084//3084 2898//2898 3140//3140
f 2520//2520 3060//3060 2795//2795
f 2739//2739 3060//3060 2796//2796
f 3276//3276 3140//3140 3011//3011
f 2796//2796 3060//3060 2520//2520
f 3330//3330 2752//2752 2984//2984
f 3127//3127 2984//2984 2752//2752
f 2924//2924 3046//3046 3047//3047
f 3330//3330 2873//2873 2752//2752
f 3127//3127 2695//2695 2983//2983
f 2872//2872 3153//3153 3075//3075
f 3153//3153 2872//2872 2924//2924
f 2874//2874 2926//2926 2985//2985
f 2873//2873 2874//2874 2985//2985
f 2752//2752 2873//2873 2925//2925
f 2986//2986 3047//3047 3046//3046
f 3046//3046 2823//2823 2986//2986
f 2873//2873 2985//2985 2925//2925
f 2689//2689 2645//2645 3126//3126
f 2981//2981 2598//2598 2689//2689
f 2820//2820 2598//2598 2981//2981
f 2779//2779 2780//2780 3152//3152
f 2645//2645 2779//2779 3152//3152
f 2983//2983 2695//2695 3044//3044
f 3126//3126 2645//2645 3152//3152
f 3043//3043 3044//3044 2822//2822
f 3041//3041 3043//3043 2822//2822
f 3077//3077 2852//2852 3051//3051
f 3050//3050 2929//2929 3078//3078
f 2929//2929 3050//3050 2928//2928
f 3078//3078 2931//2931 2989//2989
f 2825//2825 3077//3077 3116//3116
f 2931//2931 2929//2929 2930//2930
f 3078//3078 2929//2929 2931//2931
f 2927//2927 2668//2668 3076//3076
f 3181//3181 3094//3094 2874//2874
f 2986//2986 3048//3048 2987//2987
f 3047//3047 2986//2986 2987//2987
f 2986//2986 2851//2851 3048//3048
f 3050//3050 2851//2851 2988//2988
f 3049//3049 2781//2781 2927//2927
f 2988//2988 2928//2928 3050//3050
f 3049//3049 2927//2927 3076//3076
f 2928//2928 2988//2988 2851//2851
f 3036//3036 2871//2871 3092//3092
f 3113//3113 3073//3073 2815//2815
f 3074//3074 2871//2871 3036//3036
f 3092//3092 2722//2722 2776//2776
f 3035//3035 3123//3123 2870//2870
f 2777//2777 2815//2815 3073//3073
f 2777//2777 3073//3073 3123//3123
f 2871//2871 2722//2722 3092//3092
f 3123//3123 3035//3035 2777//2777
f 2750//2750 3114//3114 2975//2975
f 2976//2976 2871//2871 3074//3074
f 2815//2815 2750//2750 3148//3148
f 3148//3148 2750//2750 2975//2975
f 2920//2920 3071//3071 2847//2847
f 2918//2918 2847//2847 2973//2973
f 2974//2974 2919//2919 3032//3032
f 2919//2919 2974//2974 3072//3072
f 2847//2847 3071//3071 2973//2973
f 2848//2848 3176//3176 2687//2687
f 3176//3176 3033//3033 2687//2687
f 3176//3176 2920//2920 3033//3033
f 3033//3033 2920//2920 2687//2687
f 3176//3176 2848//2848 3034//3034
f 3149//3149 2778//2778 2980//2980
f 3151//3151 2850//2850 3179//3179
f 3039//3039 2820//2820 2981//2981
f 3038//3038 2922//2922 2597//2597
f 2597//2597 2820//2820 3038//3038
f 3179//3179 2850//2850 2923//2923
f 3124//3124 2921//2921 2818//2818
f 3124//3124 2818//2818 2817//2817
f 2750//2750 2596//2596 2977//2977
f 2977//2977 2596//2596 2978//2978
f 2978//2978 2751//2751 2979//2979
f 3149//3149 2751//2751 2778//2778
f 2979//2979 2751//2751 3149//3149
f 2979//2979 3037//3037 2978//2978
f 2679//2679 2921//2921 3124//3124
f 2876//2876 3133//3133 3056//3056
f 3119//3119 2876//2876 3056//3056
f 3119//3119 2941//2941 2876//2876
f 2996//2996 3096//3096 2997//2997
f 2997//2997 2939//2939 2857//2857
f 3096//3096 2939//2939 2997//2997
f 2940//2940 2876//2876 2859//2859
f 3118//3118 2787//2787 3055//3055
f 2940//2940 2787//2787 3118//3118
f 2858//2858 3055//3055 2787//2787
f 3082//3082 2996//2996 2997//2997
f 3082//3082 2997//2997 2760//2760
f 1307//1307 1037//1037 1102//1102
f 1335//1335 1307//1307 1102//1102
f 2827//2827 2990//2990 3079//3079
f 2935//2935 2827//2827 3079//3079
f 2875//2875 2992//2992 2934//2934
f 2933//2933 2989//2989 2932//2932
f 2990//2990 2991//2991 2825//2825
f 3052//3052 3054//3054 2856//2856
f 3053//3053 2995//2995 2939//2939
f 3054//3054 3095//3095 2829//2829
f 2857//2857 2939//2939 2995//2995
f 2935//2935 2993//2993 2994//2994
f 2938//2938 2995//2995 2936//2936
f 2936//2936 2995//2995 3053//3053
f 3053//3053 2937//2937 2936//2936
f 3053//3053 3080//3080 2937//2937
f 2994//2994 3052//3052 2935//2935
f 1852//1852 1937//1937 1614//1614
f 1809//1809 1876//1876 1878//1878
f 1914//1914 1876//1876 1803//1803
f 1803//1803 1835//1835 1914//1914
f 1835//1835 1834//1834 1833//1833
f 1824//1824 1789//1789 1857//1857
f 1850//1850 1875//1875 1800//1800
f 1834//1834 1832//1832 1833//1833
f 1801//1801 1802//1802 1913//1913
f 1833//1833 1832//1832 1911//1911
f 1861//1861 1628//1628 1800//1800
f 1846//1846 1792//1792 1871//1871
f 1859//1859 1846//1846 1871//1871
f 1907//1907 1849//1849 1758//1758
f 1838//1838 1637//1637 1882//1882
f 1838//1838 1883//1883 1637//1637
f 1775//1775 1566//1566 1866//1866
f 1964//1964 1880//1880 1725//1725
f 1780//1780 2104//2104 1645//1645
f 1967//1967 2087//2087 1966//1966
f 1736//1736 2046//2046 1820//1820
f 1842//1842 1949//1949 1648//1648
f 1702//1702 1949//1949 1842//1842
f 1943//1943 1944//1944 1528//1528
f 1971//1971 1941//1941 1840//1840
f 1944//1944 2148//2148 1701//1701
f 1701//1701 2005//2005 1700//1700
f 2148//2148 2005//2005 1701//1701
f 1951//1951 1471//1471 1603//1603
f 1829//1829 1909//1909 1908//1908
f 1969//1969 2099//2099 1572//1572
f 1821//1821 1888//1888 1737//1737
f 1818//1818 1989//1989 1816//1816
f 1992//1992 1731//1731 1883//1883
f 1885//1885 1920//1920 1839//1839
f 1819//1819 1919//1919 1640//1640
f 1640//1640 1919//1919 1687//1687
f 1885//1885 1839//1839 1992//1992
f 1779//1779 1746//1746 1895//1895
f 2051//2051 1895//1895 1746//1746
f 2020//2020 1849//1849 1907//1907
f 1668//1668 1860//1860 1710//1710
f 1848//1848 1860//1860 1906//1906
f 1861//1861 1800//1800 1875//1875
f 1850//1850 1849//1849 1874//1874
f 1874//1874 1875//1875 1850//1850
f 1760//1760 1931//1931 1668//1668
f 1711//1711 1931//1931 1760//1760
f 1871//1871 1872//1872 1859//1859
f 1899//1899 1901//1901 1871//1871
f 1905//1905 1707//1707 1827//1827
f 1858//1858 1795//1795 1929//1929
f 1826//1826 1859//1859 1847//1847
f 2166//2166 1873//1873 1826//1826
f 1916//1916 1767//1767 1879//1879
f 1934//1934 1807//1807 1808//1808
f 1916//1916 1879//1879 1837//1837
f 1934//1934 1808//1808 1766//1766
f 2033//2033 1837//1837 1878//1878
f 2223//2223 1881//1881 1918//1918
f 2061//2061 1614//1614 1937//1937
f 2061//2061 1984//1984 1814//1814
f 1814//1814 1984//1984 1963//1963
f 1910//1910 1851//1851 1861//1861
f 1911//1911 1851//1851 1910//1910
f 1717//1717 1915//1915 1862//1862
f 1878//1878 1876//1876 1877//1877
f 1807//1807 2027//2027 1717//1717
f 1914//1914 1835//1835 1833//1833
f 1959//1959 1877//1877 1876//1876
f 1958//1958 1876//1876 1914//1914
f 1865//1865 1992//1992 1839//1839
f 1919//1919 1967//1967 1687//1687
f 1992//1992 1865//1865 1731//1731
f 1615//1615 1773//1773 2043//2043
f 1819//1819 2043//2043 1919//1919
f 2040//2040 1920//1920 1885//1885
f 1685//1685 1884//1884 1966//1966
f 1883//1883 1991//1991 2227//2227
f 1687//1687 1967//1967 1884//1884
f 1966//1966 1884//1884 1967//1967
f 1991//1991 1883//1883 1838//1838
f 1821//1821 2047//2047 1888//1888
f 1868//1868 1889//1889 1821//1821
f 2135//2135 1733//1733 1887//1887
f 1773//1773 1775//1775 2045//2045
f 2045//2045 1775//1775 1866//1866
f 1691//1691 1820//1820 1866//1866
f 1936//1936 1964//1964 1725//1725
f 1981//1981 1982//1982 1917//1917
f 1916//1916 1917//1917 1767//1767
f 1935//1935 1811//1811 1769//1769
f 1962//1962 2060//2060 2034//2034
f 1935//1935 1769//1769 2060//2060
f 2060//2060 1769//1769 2034//2034
f 1864//1864 1816//1816 1989//1989
f 2130//2130 1882//1882 1990//1990
f 1966//1966 1818//1818 1685//1685
f 1882//1882 1965//1965 1990//1990
f 1988//1988 1937//1937 1852//1852
f 1964//1964 1987//1987 1880//1880
f 1987//1987 1964//1964 2222//2222
f 1988//1988 1864//1864 1989//1989
f 1918//1918 1987//1987 2223//2223
f 1852//1852 1864//1864 1988//1988
f 1892//1892 1998//1998 1869//1869
f 1619//1619 2048//2048 1822//1822
f 1619//1619 1822//1822 1742//1742
f 1923//1923 1998//1998 1892//1892
f 1869//1869 1998//1998 1922//1922
f 2068//2068 1924//1924 2103//2103
f 1893//1893 1924//1924 2068//2068
f 2068//2068 1892//1892 1893//1893
f 2235//2235 1897//1897 2106//2106
f 1925//1925 2104//2104 1856//1856
f 1856//1856 1855//1855 1925//1925
f 1924//1924 1894//1894 2103//2103
f 2051//2051 1746//1746 1896//1896
f 1894//1894 1779//1779 1895//1895
f 1953//1953 1900//1900 1858//1858
f 1847//1847 1859//1859 1902//1902
f 1845//1845 1900//1900 1953//1953
f 1902//1902 1859//1859 1872//1872
f 1902//1902 1872//1872 1871//1871
f 1902//1902 1871//1871 1901//1901
f 1847//1847 2166//2166 1826//1826
f 2162//2162 1790//1790 1898//1898
f 1790//1790 1752//1752 1898//1898
f 1844//1844 1655//1655 1899//1899
f 1791//1791 1953//1953 1898//1898
f 1845//1845 1953//1953 1791//1791
f 1828//1828 1873//1873 1903//1903
f 1907//1907 1758//1758 1828//1828
f 1905//1905 1827//1827 1904//1904
f 1903//1903 1873//1873 2014//2014
f 1707//1707 1905//1905 1955//1955
f 2014//2014 1873//1873 2166//2166
f 1706//1706 1707//1707 1795//1795
f 1795//1795 1707//1707 1955//1955
f 2009//2009 1602//1602 1650//1650
f 2012//2012 1926//1926 1305//1305
f 1651//1651 1951//1951 1603//1603
f 1785//1785 1946//1946 1947//1947
f 1947//1947 1948//1948 1702//1702
f 2162//2162 1928//1928 1790//1790
f 1824//1824 1857//1857 1976//1976
f 1976//1976 1655//1655 1824//1824
f 1928//1928 2052//2052 1927//1927
f 1836//1836 1933//1933 1802//1802
f 1958//1958 1914//1914 2082//2082
f 1933//1933 1836//1836 1862//1862
f 1862//1862 2083//2083 1933//1933
f 1876//1876 1958//1958 1959//1959
f 1833//1833 1979//1979 2118//2118
f 2025//2025 1833//1833 2118//2118
f 1671//1671 1801//1801 1913//1913
f 1802//1802 1932//1932 1913//1913
f 1914//1914 1833//1833 2082//2082
f 2026//2026 1833//1833 2025//2025
f 1878//1878 2029//2029 2033//2033
f 1960//1960 1878//1878 1959//1959
f 2083//2083 1862//1862 2027//2027
f 1959//1959 1878//1878 1877//1877
f 1915//1915 1717//1717 2027//2027
f 1862//1862 1915//1915 2027//2027
f 1934//1934 2031//2031 1807//1807
f 2031//2031 2027//2027 1807//1807
f 1878//1878 1960//1960 2029//2029
f 1860//1860 1668//1668 1931//1931
f 1875//1875 1874//1874 1957//1957
f 1711//1711 2056//2056 1931//1931
f 1906//1906 1930//1930 1848//1848
f 1827//1827 1848//1848 1930//1930
f 1907//1907 1956//1956 2019//2019
f 1849//1849 2020//2020 1874//1874
f 1907//1907 2019//2019 2020//2020
f 1909//1909 1829//1829 1830//1830
f 1861//1861 1957//1957 1912//1912
f 1910//1910 1861//1861 1912//1912
f 1833//1833 1912//1912 1979//1979
f 1912//1912 1833//1833 1911//1911
f 1910//1910 1912//1912 1911//1911
f 1908//1908 1711//1711 1829//1829
f 2056//2056 1711//1711 1908//1908
f 1875//1875 1957//1957 1861//1861
f 1624//1624 1704//1704 1235//1235
f 1657//1657 1553//1553 1363//1363
f 1019//1019 1601//1601 1330//1330
f 1883//1883 1589//1589 1686//1686
f 1355//1355 1642//1642 1498//1498
f 1746//1746 1462//1462 1191//1191
f 1437//1437 1683//1683 1936//1936
f 1727//1727 1881//1881 1587//1587
f 1540//1540 1681//1681 1586//1586
f 1531//1531 1503//1503 1658//1658
f 1578//1578 1404//1404 1622//1622
f 1514//1514 1679//1679 1513//1513
f 1538//1538 1832//1832 1834//1834
f 1776//1776 1867//1867 1453//1453
f 1544//1544 1392//1392 1454//1454
f 1392//1392 1544//1544 1499//1499
f 1452//1452 1690//1690 1734//1734
f 1497//1497 1593//1593 1543//1543
f 7467//7467 7392//7392 7477//7477
f 1585//1585 1612//1612 1341//1341
f 1526//1526 1596//1596 1643//1643
f 1627//1627 1507//1507 1666//1666
f 1467//1467 1841//1841 1468//1468
f 1399//1399 1467//1467 1468//1468
f 1784//1784 1528//1528 1548//1548
f 1598//1598 1784//1784 1548//1548
f 1549//1549 1702//1702 921//921
f 813//813 1599//1599 1529//1529
f 1597//1597 1598//1598 1327//1327
f 1327//1327 1598//1598 1011//1011
f 1465//1465 1597//1597 1466//1466
f 1424//1424 1537//1537 1631//1631
f 1426//1426 1673//1673 1512//1512
f 1628//1628 1535//1535 1534//1534
f 1713//1713 1422//1422 1423//1423
f 1579//1579 1705//1705 1504//1504
f 1554//1554 1580//1580 1607//1607
f 1658//1658 1406//1406 1531//1531
f 1609//1609 1627//1627 1663//1663
f 1609//1609 1608//1608 1554//1554
f 1413//1413 1609//1609 1554//1554
f 1663//1663 1608//1608 1609//1609
f 1554//1554 1608//1608 1580//1580
f 1471//1471 1620//1620 1604//1604
f 1194//1194 1603//1603 1471//1471
f 1551//1551 1603//1603 1194//1194
f 1470//1470 1787//1787 1651//1651
f 1650//1650 1602//1602 1330//1330
f 1601//1601 1650//1650 1330//1330
f 1624//1624 1657//1657 1825//1825
f 1578//1578 1844//1844 1657//1657
f 1624//1624 1553//1553 1657//1657
f 1530//1530 1927//1927 1400//1400
f 1621//1621 1530//1530 1552//1552
f 1751//1751 1552//1552 1288//1288
f 1622//1622 1606//1606 1578//1578
f 1576//1576 1577//1577 1474//1474
f 1634//1634 1725//1725 1384//1384
f 1614//1614 1385//1385 1852//1852
f 1584//1584 1612//1612 1611//1611
f 1679//1679 1582//1582 1611//1611
f 1584//1584 1611//1611 1582//1582
f 1583//1583 1718//1718 1681//1681
f 1583//1583 1558//1558 1718//1718
f 1679//1679 1559//1559 1582//1582
f 1584//1584 1582//1582 1559//1559
f 1540//1540 1583//1583 1681//1681
f 1720//1720 1612//1612 1585//1585
f 1596//1596 1526//1526 1741//1741
f 1526//1526 1545//1545 1546//1546
f 2099//2099 1500//1500 1572//1572
f 1571//1571 1595//1595 1454//1454
f 1821//1821 1544//1544 1454//1454
f 1693//1693 1453//1453 1867//1867
f 1744//1744 1924//1924 1697//1697
f 1464//1464 1780//1780 1645//1645
f 1896//1896 1746//1746 1191//1191
f 1697//1697 1462//1462 1745//1745
f 1464//1464 1698//1698 1780//1780
f 1743//1743 1892//1892 1546//1546
f 1619//1619 1501//1501 1573//1573
f 1573//1573 1501//1501 1574//1574
f 1924//1924 1326//1326 1697//1697
f 1696//1696 1743//1743 1924//1924
f 1460//1460 1823//1823 1502//1502
f 1823//1823 1547//1547 1502//1502
f 1563//1563 1887//1887 1616//1616
f 1689//1689 1566//1566 1590//1590
f 1642//1642 1355//1355 1734//1734
f 1544//1544 1594//1594 1618//1618
f 1544//1544 1618//1618 1497//1497
f 1593//1593 1497//1497 1618//1618
f 1355//1355 1452//1452 1734//1734
f 1592//1592 1543//1543 1593//1593
f 1079//1079 1566//1566 1390//1390
f 1566//1566 1569//1569 1591//1591
f 1543//1543 1592//1592 1617//1617
f 1640//1640 1687//1687 1819//1819
f 1730//1730 1883//1883 1731//1731
f 1819//1819 1615//1615 2043//2043
f 1729//1729 1687//1687 1884//1884
f 2193//2193 1867//1867 1776//1776
f 1776//1776 1642//1642 1735//1735
f 1615//1615 1495//1495 1773//1773
f 1886//1886 1887//1887 1774//1774
f 1733//1733 1921//1921 1524//1524
f 1863//1863 1561//1561 1722//1722
f 1987//1987 1815//1815 1880//1880
f 1679//1679 1514//1514 1430//1430
f 1558//1558 1339//1339 1512//1512
f 1430//1430 1559//1559 1679//1679
f 1339//1339 1558//1558 1583//1583
f 1487//1487 1486//1486 1313//1313
f 1584//1584 1430//1430 1486//1486
f 1430//1430 1584//1584 1559//1559
f 1468//1468 1946//1946 813//813
f 1675//1675 1427//1427 1513//1513
f 1511//1511 1512//1512 1310//1310
f 1511//1511 1426//1426 1512//1512
f 1556//1556 1675//1675 1557//1557
f 1436//1436 1561//1561 1683//1683
f 1489//1489 1812//1812 1434//1434
f 1435//1435 1560//1560 1722//1722
f 1343//1343 1722//1722 1561//1561
f 1343//1343 1435//1435 1722//1722
f 1812//1812 1489//1489 1633//1633
f 1433//1433 1612//1612 1487//1487
f 1584//1584 1486//1486 1541//1541
f 1541//1541 1486//1486 1487//1487
f 1612//1612 1541//1541 1487//1487
f 1584//1584 1541//1541 1612//1612
f 1516//1516 1435//1435 1342//1342
f 1515//1515 1540//1540 1586//1586
f 1828//1828 1796//1796 1664//1664
f 1711//1711 1799//1799 1829//1829
f 1800//1800 1628//1628 1850//1850
f 1861//1861 1831//1831 1712//1712
f 1861//1861 1712//1712 1628//1628
f 1849//1849 1798//1798 1667//1667
f 1849//1849 1667//1667 1758//1758
f 1850//1850 1759//1759 1849//1849
f 1798//1798 1849//1849 1759//1759
f 1850//1850 1761//1761 1759//1759
f 1802//1802 1715//1715 1836//1836
f 1834//1834 1835//1835 1673//1673
f 1631//1631 1715//1715 1801//1801
f 1802//1802 1801//1801 1715//1715
f 1851//1851 1831//1831 1861//1861
f 1830//1830 1762//1762 1671//1671
f 1851//1851 1536//1536 1831//1831
f 1672//1672 1801//1801 1671//1671
f 1859//1859 1826//1826 1793//1793
f 1795//1795 1858//1858 1755//1755
f 1826//1826 1873//1873 1661//1661
f 1795//1795 1755//1755 1794//1794
f 1580//1580 1794//1794 1755//1755
f 1795//1795 1794//1794 1706//1706
f 1900//1900 1705//1705 1858//1858
f 1792//1792 1704//1704 1871//1871
f 1705//1705 1900//1900 1845//1845
f 1846//1846 1659//1659 1792//1792
f 1845//1845 1791//1791 1705//1705
f 1797//1797 1666//1666 1848//1848
f 1797//1797 1848//1848 1827//1827
f 1758//1758 1757//1757 1828//1828
f 1709//1709 1860//1860 1848//1848
f 1667//1667 1757//1757 1758//1758
f 1860//1860 1709//1709 1710//1710
f 1666//1666 1709//1709 1848//1848
f 1706//1706 1756//1756 1707//1707
f 1828//1828 1664//1664 1873//1873
f 2034//2034 1723//1723 1963//1963
f 1963//1963 1723//1723 1813//1813
f 1963//1963 1813//1813 1724//1724
f 1963//1963 1724//1724 1814//1814
f 1812//1812 1811//1811 1682//1682
f 1810//1810 1917//1917 1982//1982
f 1917//1917 1810//1810 1767//1767
f 1767//1767 1632//1632 1586//1586
f 1768//1768 1682//1682 1935//1935
f 1811//1811 1935//1935 1682//1682
f 2034//2034 1769//1769 1812//1812
f 1812//1812 1769//1769 1811//1811
f 2034//2034 1812//1812 1770//1770
f 1816//1816 1817//1817 1818//1818
f 1881//1881 1727//1727 1918//1918
f 1864//1864 1852//1852 1816//1816
f 1882//1882 1771//1771 1965//1965
f 1965//1965 1771//1771 1440//1440
f 1772//1772 1685//1685 1818//1818
f 1818//1818 1817//1817 1520//1520
f 2061//2061 1814//1814 1614//1614
f 1918//1918 1726//1726 1987//1987
f 1804//1804 1876//1876 1806//1806
f 1677//1677 1717//1717 1862//1862
f 1809//1809 1806//1806 1876//1876
f 1673//1673 1835//1835 1803//1803
f 1862//1862 1805//1805 1677//1677
f 1804//1804 1803//1803 1876//1876
f 1765//1765 1837//1837 1879//1879
f 1765//1765 1879//1879 1767//1767
f 1766//1766 1720//1720 1935//1935
f 1808//1808 1807//1807 1763//1763
f 1765//1765 1878//1878 1837//1837
f 1765//1765 1809//1809 1878//1878
f 1808//1808 1764//1764 1766//1766
f 1713//1713 1423//1423 1424//1424
f 1422//1422 1555//1555 1481//1481
f 1631//1631 1537//1537 1556//1556
f 1370//1370 1581//1581 1666//1666
f 1292//1292 1581//1581 1417//1417
f 1534//1534 1418//1418 1757//1757
f 1417//1417 1581//1581 1416//1416
f 1666//1666 1507//1507 1370//1370
f 1416//1416 1581//1581 1370//1370
f 1419//1419 1533//1533 1610//1610
f 1922//1922 1891//1891 1777//1777
f 1595//1595 1643//1643 1891//1891
f 1892//1892 1869//1869 1546//1546
f 1454//1454 1595//1595 1739//1739
f 1939//1939 1527//1527 1398//1398
f 1896//1896 1747//1747 1897//1897
f 1557//1557 1631//1631 1556//1556
f 1940//1940 1939//1939 1398//1398
f 1823//1823 1855//1855 1856//1856
f 1460//1460 1822//1822 1823//1823
f 1822//1822 1695//1695 1742//1742
f 1823//1823 1778//1778 1855//1855
f 1894//1894 1924//1924 1744//1744
f 1305//1305 1604//1604 1620//1620
f 1928//1928 1927//1927 1621//1621
f 1928//1928 1621//1621 1751//1751
f 1649//1649 2008//2008 1650//1650
f 2012//2012 1305//1305 1471//1471
f 1899//1899 1753//1753 1844//1844
f 1704//1704 1754//1754 1871//1871
f 1825//1825 1871//1871 1754//1754
f 1753//1753 1871//1871 1825//1825
f 1871//1871 1753//1753 1899//1899
f 1843//1843 1975//1975 1474//1474
f 1974//1974 1749//1749 1750//1750
f 1974//1974 1857//1857 1749//1749
f 1857//1857 1748//1748 1749//1749
f 1857//1857 1789//1789 1748//1748
f 1975//1975 1974//1974 1750//1750
f 1751//1751 1790//1790 1928//1928
f 1506//1506 1409//1409 1505//1505
f 1408//1408 1554//1554 1607//1607
f 1554//1554 1408//1408 1410//1410
f 1532//1532 1415//1415 1664//1664
f 1609//1609 1507//1507 1627//1627
f 1507//1507 1609//1609 1414//1414
f 1554//1554 1410//1410 1413//1413
f 1413//1413 1479//1479 1609//1609
f 1609//1609 1479//1479 1414//1414
f 1468//1468 1945//1945 1946//1946
f 1841//1841 1945//1945 1468//1468
f 1946//1946 1785//1785 1529//1529
f 1944//1944 1701//1701 1700//1700
f 1467//1467 2005//2005 1841//1841
f 1785//1785 1947//1947 1529//1529
f 1700//1700 2005//2005 1467//1467
f 1702//1702 1842//1842 1469//1469
f 1647//1647 1842//1842 1648//1648
f 1646//1646 1947//1947 1702//1702
f 1840//1840 1941//1941 1465//1465
f 1465//1465 1781//1781 1597//1597
f 1941//1941 1781//1781 1465//1465
f 1788//1788 1971//1971 1840//1840
f 1408//1408 1607//1607 1478//1478
f 1504//1504 1607//1607 1579//1579
f 1607//1607 1504//1504 1478//1478
f 1528//1528 1944//1944 1095//1095
f 1699//1699 1944//1944 1700//1700
f 1095//1095 1944//1944 1699//1699
f 1597//1597 1783//1783 1598//1598
f 1782//1782 1783//1783 1597//1597
f 1781//1781 1782//1782 1597//1597
f 1942//1942 1784//1784 1598//1598
f 1598//1598 1783//1783 1942//1942
f 1493//1493 1687//1687 1542//1542
f 1920//1920 1563//1563 1839//1839
f 1688//1688 1819//1819 1687//1687
f 1639//1639 1685//1685 1638//1638
f 1543//1543 1691//1691 1591//1591
f 1524//1524 1690//1690 1450//1450
f 1734//1734 1690//1690 1524//1524
f 1495//1495 1689//1689 1773//1773
f 1591//1591 1691//1691 1866//1866
f 1936//1936 1517//1517 1437//1437
f 1518//1518 1814//1814 1724//1724
f 1435//1435 1516//1516 1982//1982
f 1586//1586 1681//1681 1719//1719
f 1982//1982 1722//1722 1560//1560
f 1682//1682 1434//1434 1812//1812
f 1881//1881 1519//1519 1587//1587
f 1965//1965 1519//1519 1881//1881
f 1818//1818 1520//1520 1588//1588
f 1638//1638 1772//1772 1588//1588
f 1613//1613 1814//1814 1635//1635
f 1814//1814 1518//1518 1635//1635
f 1727//1727 1726//1726 1918//1918
f 1520//1520 1852//1852 1385//1385
f 1815//1815 1726//1726 1384//1384
f 1524//1524 1568//1568 1567//1567
f 1352//1352 1566//1566 1496//1496
f 1567//1567 1568//1568 1523//1523
f 1566//1566 1352//1352 1390//1390
f 1569//1569 1566//1566 1079//1079
f 1616//1616 1567//1567 1523//1523
f 1525//1525 1543//1543 1591//1591
f 1591//1591 1569//1569 1525//1525
f 1690//1690 1320//1320 1450//1450
f 1897//1897 1747//1747 1939//1939
f 1747//1747 1527//1527 1939//1939
f 1589//1589 1730//1730 1388//1388
f 1730//1730 1522//1522 1494//1494
f 1687//1687 1443//1443 1688//1688
f 1839//1839 1521//1521 1641//1641
f 1730//1730 1494//1494 1388//1388
f 1443//1443 1687//1687 1493//1493
f 1563//1563 1521//1521 1839//1839
f 1302//1302 1564//1564 1641//1641
f 1447//1447 1564//1564 1389//1389
f 1522//1522 1565//1565 1258//1258
f 1565//1565 1447//1447 1258//1258
f 1447//1447 1565//1565 1564//1564
f 1454//1454 1739//1739 1821//1821
f 1596//1596 1777//1777 1891//1891
f 1854//1854 1644//1644 1500//1500
f 1571//1571 1643//1643 1595//1595
f 1735//1735 1734//1734 1776//1776
f 1618//1618 1736//1736 1593//1593
f 1735//1735 1642//1642 1734//1734
f 1592//1592 1820//1820 1617//1617
f 1594//1594 1544//1544 1692//1692
f 1544//1544 1821//1821 1692//1692
f 1575//1575 1547//1547 1856//1856
f 1746//1746 1779//1779 1462//1462
f 1856//1856 1698//1698 1575//1575
f 1546//1546 1869//1869 1526//1526
f 1890//1890 1500//1500 2099//2099
f 1741//1741 1526//1526 1922//1922
f 1854//1854 1619//1619 1573//1573
f 1460//1460 1501//1501 1822//1822
f 1695//1695 1822//1822 1501//1501
f 1793//1793 1505//1505 1846//1846
f 1793//1793 1506//1506 1505//1505
f 1660//1660 1505//1505 1659//1659
f 1846//1846 1505//1505 1660//1660
f 1580//1580 1755//1755 1607//1607
f 1826//1826 1506//1506 1793//1793
f 1755//1755 1858//1858 1607//1607
f 1607//1607 1858//1858 1579//1579
f 1791//1791 1625//1625 1406//1406
f 1503//1503 1504//1504 1658//1658
f 1661//1661 1506//1506 1826//1826
f 1873//1873 1664//1664 1626//1626
f 1666//1666 1581//1581 1709//1709
f 1666//1666 1665//1665 1627//1627
f 1580//1580 1608//1608 1663//1663
f 1626//1626 1661//1661 1873//1873
f 1097//1097 1603//1603 1551//1551
f 1471//1471 1305//1305 1620//1620
f 1870//1870 1786//1786 1470//1470
f 1472//1472 2160//2160 1788//1788
f 1474//1474 1605//1605 2109//2109
f 921//921 1702//1702 1469//1469
f 1469//1469 1647//1647 1600//1600
f 1287//1287 1649//1649 1601//1601
f 2008//2008 1649//1649 1287//1287
f 1550//1550 2008//2008 1287//1287
f 1842//1842 1647//1647 1469//1469
f 1946//1946 1529//1529 1599//1599
f 813//813 1946//1946 1599//1599
f 1549//1549 1646//1646 1702//1702
f 1947//1947 1646//1646 1549//1549
f 1016//1016 1947//1947 1549//1549
f 1529//1529 1947//1947 1016//1016
f 1649//1649 1650//1650 1601//1601
f 1600//1600 1648//1648 1096//1096
f 1602//1602 1870//1870 1330//1330
f 1648//1648 2008//2008 1550//1550
f 1606//1606 1656//1656 1578//1578
f 1656//1656 1844//1844 1578//1578
f 1621//1621 1927//1927 1530//1530
f 1824//1824 1622//1622 1404//1404
f 1751//1751 1621//1621 1552//1552
f 1749//1749 1748//1748 1404//1404
f 1474//1474 1975//1975 1576//1576
f 1975//1975 1750//1750 1576//1576
f 1680//1680 1681//1681 1718//1718
f 1513//1513 1679//1679 1678//1678
f 1513//1513 1676//1676 1675//1675
f 1674//1674 1512//1512 1716//1716
f 1513//1513 1678//1678 1717//1717
f 1676//1676 1513//1513 1677//1677
f 1804//1804 1512//1512 1674//1674
f 1513//1513 1717//1717 1677//1677
f 1558//1558 1512//1512 1804//1804
f 1680//1680 1718//1718 1765//1765
f 1767//1767 1681//1681 1765//1765
f 1681//1681 1680//1680 1765//1765
f 1829//1829 1799//1799 1533//1533
f 1628//1628 1629//1629 1535//1535
f 1481//1481 1829//1829 1669//1669
f 1628//1628 1534//1534 1850//1850
f 1761//1761 1850//1850 1534//1534
f 1628//1628 1670//1670 1629//1629
f 1481//1481 1669//1669 1533//1533
f 1829//1829 1533//1533 1669//1669
f 1710//1710 1581//1581 1509//1509
f 1667//1667 1534//1534 1757//1757
f 1759//1759 1761//1761 1534//1534
f 1419//1419 1668//1668 1509//1509
f 1610//1610 1760//1760 1419//1419
f 1715//1715 1631//1631 1557//1557
f 1714//1714 1832//1832 1538//1538
f 1834//1834 1673//1673 1538//1538
f 1716//1716 1512//1512 1673//1673
f 1716//1716 1673//1673 1803//1803
f 1555//1555 1422//1422 1830//1830
f 1714//1714 1538//1538 1630//1630
f 1672//1672 1713//1713 1424//1424
f 1911//1911 1630//1630 1536//1536
f 1560//1560 1435//1435 1982//1982
f 1767//1767 1810//1810 1516//1516
f 1632//1632 1767//1767 1516//1516
f 1982//1982 1516//1516 1810//1810
f 1863//1863 1683//1683 1561//1561
f 1723//1723 1633//1633 1297//1297
f 1863//1863 1936//1936 1683//1683
f 1297//1297 1813//1813 1723//1723
f 1633//1633 1770//1770 1812//1812
f 2034//2034 1633//1633 1723//1723
f 1770//1770 1633//1633 2034//2034
f 1935//1935 1720//1720 1585//1585
f 1767//1767 1719//1719 1681//1681
f 1434//1434 1682//1682 1768//1768
f 1434//1434 1768//1768 1721//1721
f 1719//1719 1767//1767 1586//1586
f 1721//1721 1935//1935 1585//1585
f 1768//1768 1935//1935 1721//1721
f 1520//1520 1816//1816 1852//1852
f 1517//1517 1725//1725 1634//1634
f 1518//1518 1724//1724 1813//1813
f 1518//1518 1813//1813 1297//1297
f 1517//1517 1936//1936 1725//1725
f 1814//1814 1613//1613 1614//1614
f 1880//1880 1384//1384 1636//1636
f 1815//1815 1384//1384 1880//1880
f 1725//1725 1880//1880 1636//1636
f 1725//1725 1636//1636 1384//1384
f 1726//1726 1815//1815 1987//1987
f 1677//1677 1675//1675 1676//1676
f 1805//1805 1675//1675 1677//1677
f 1674//1674 1716//1716 1804//1804
f 1558//1558 1804//1804 1806//1806
f 1836//1836 1557//1557 1862//1862
f 1715//1715 1557//1557 1836//1836
f 1803//1803 1804//1804 1716//1716
f 1675//1675 1805//1805 1557//1557
f 1862//1862 1557//1557 1805//1805
f 1611//1611 1766//1766 1764//1764
f 1611//1611 1764//1764 1808//1808
f 1766//1766 1612//1612 1720//1720
f 1612//1612 1766//1766 1611//1611
f 1717//1717 1679//1679 1807//1807
f 1678//1678 1679//1679 1717//1717
f 1806//1806 1809//1809 1558//1558
f 1809//1809 1718//1718 1558//1558
f 1611//1611 1808//1808 1763//1763
f 1611//1611 1763//1763 1679//1679
f 1965//1965 1440//1440 1519//1519
f 1809//1809 1765//1765 1718//1718
f 1679//1679 1763//1763 1807//1807
f 2138//2138 1694//1694 1570//1570
f 1739//1739 1595//1595 1868//1868
f 2138//2138 1572//1572 1740//1740
f 1740//1740 1572//1572 1694//1694
f 1740//1740 1694//1694 2138//2138
f 1738//1738 1570//1570 1693//1693
f 1738//1738 1693//1693 1853//1853
f 2138//2138 1570//1570 1738//1738
f 1868//1868 1821//1821 1739//1739
f 1854//1854 1500//1500 1890//1890
f 1596//1596 1891//1891 1643//1643
f 1820//1820 1592//1592 1736//1736
f 1593//1593 1736//1736 1592//1592
f 2065//2065 1776//1776 1734//1734
f 1867//1867 1853//1853 1693//1693
f 1737//1737 1594//1594 1821//1821
f 1618//1618 1594//1594 1737//1737
f 1618//1618 1737//1737 1736//1736
f 1692//1692 1821//1821 1594//1594
f 1547//1547 1823//1823 1856//1856
f 1894//1894 1744//1744 1697//1697
f 1893//1893 1696//1696 1924//1924
f 2104//2104 1780//1780 1698//1698
f 1697//1697 1745//1745 1779//1779
f 1894//1894 1697//1697 1779//1779
f 2104//2104 1698//1698 1856//1856
f 1462//1462 1779//1779 1745//1745
f 1922//1922 1526//1526 1869//1869
f 1741//1741 1922//1922 1596//1596
f 1854//1854 1573//1573 1644//1644
f 1596//1596 1922//1922 1777//1777
f 1893//1893 1892//1892 1743//1743
f 1696//1696 1893//1893 1743//1743
f 1778//1778 1823//1823 1822//1822
f 1501//1501 1742//1742 1695//1695
f 1501//1501 1619//1619 1742//1742
f 1730//1730 1589//1589 1883//1883
f 1884//1884 1542//1542 1729//1729
f 1729//1729 1542//1542 1687//1687
f 1865//1865 1641//1641 1564//1564
f 1865//1865 1522//1522 1730//1730
f 1732//1732 1731//1731 1865//1865
f 1839//1839 1641//1641 1865//1865
f 1542//1542 1884//1884 1639//1639
f 1732//1732 1730//1730 1731//1731
f 1732//1732 1865//1865 1730//1730
f 1684//1684 1440//1440 1771//1771
f 1588//1588 1772//1772 1818//1818
f 1771//1771 1882//1882 1684//1684
f 1520//1520 1817//1817 1816//1816
f 1686//1686 1637//1637 1883//1883
f 1638//1638 1685//1685 1772//1772
f 1637//1637 1728//1728 1882//1882
f 1637//1637 1684//1684 1728//1728
f 1684//1684 1882//1882 1728//1728
f 1639//1639 1884//1884 1685//1685
f 1567//1567 1733//1733 1524//1524
f 1866//1866 1566//1566 1591//1591
f 1617//1617 1691//1691 1543//1543
f 2065//2065 1524//1524 1921//1921
f 1820//1820 1691//1691 1617//1617
f 2065//2065 1734//1734 1524//1524
f 1774//1774 1563//1563 1886//1886
f 1563//1563 1920//1920 1886//1886
f 1565//1565 1522//1522 1564//1564
f 1615//1615 1819//1819 1688//1688
f 1522//1522 1865//1865 1564//1564
f 1733//1733 1616//1616 1887//1887
f 1733//1733 1567//1567 1616//1616
f 1590//1590 1566//1566 1775//1775
f 1563//1563 1774//1774 1887//1887
f 1773//1773 1590//1590 1775//1775
f 1773//1773 1689//1689 1590//1590
f 1786//1786 1787//1787 1470//1470
f 1097//1097 1651//1651 1603//1603
f 1096//1096 1648//1648 1550//1550
f 1647//1647 1648//1648 1600//1600
f 1623//1623 1364//1364 1790//1790
f 1790//1790 1364//1364 1406//1406
f 1655//1655 1844//1844 1656//1656
f 1655//1655 1656//1656 1606//1606
f 1622//1622 1824//1824 1606//1606
f 1751//1751 1288//1288 1790//1790
f 1623//1623 1790//1790 1288//1288
f 1606//1606 1824//1824 1655//1655
f 1362//1362 1400//1400 1703//1703
f 1927//1927 1654//1654 1400//1400
f 2109//2109 1652//1652 2072//2072
f 1789//1789 1404//1404 1748//1748
f 1404//1404 1789//1789 1824//1824
f 1749//1749 1404//1404 1750//1750
f 1519//1519 1727//1727 1587//1587
f 1492//1492 1637//1637 1686//1686
f 1637//1637 1492//1492 1441//1441
f 1441//1441 1440//1440 1684//1684
f 1588//1588 1520//1520 1253//1253
f 1253//1253 1638//1638 1588//1588
f 1637//1637 1441//1441 1684//1684
f 1699//1699 1700//1700 1095//1095
f 1614//1614 1613//1613 1385//1385
f 1727//1727 1346//1346 1726//1726
f 1346//1346 1562//1562 1726//1726
f 1384//1384 1726//1726 1562//1562
f 1635//1635 1518//1518 1613//1613
f 1760//1760 1668//1668 1419//1419
f 1759//1759 1534//1534 1798//1798
f 1509//1509 1668//1668 1710//1710
f 1799//1799 1711//1711 1533//1533
f 1610//1610 1533//1533 1711//1711
f 1760//1760 1610//1610 1711//1711
f 1708//1708 1828//1828 1757//1757
f 1757//1757 1532//1532 1708//1708
f 1667//1667 1798//1798 1534//1534
f 1581//1581 1710//1710 1709//1709
f 1832//1832 1714//1714 1630//1630
f 1631//1631 1801//1801 1424//1424
f 1851//1851 1911//1911 1536//1536
f 1832//1832 1630//1630 1911//1911
f 1672//1672 1424//1424 1801//1801
f 1555//1555 1829//1829 1481//1481
f 1712//1712 1670//1670 1628//1628
f 1829//1829 1555//1555 1830//1830
f 1671//1671 1422//1422 1713//1713
f 1671//1671 1762//1762 1422//1422
f 1671//1671 1713//1713 1672//1672
f 1830//1830 1422//1422 1762//1762
f 1831//1831 1536//1536 1670//1670
f 1831//1831 1670//1670 1712//1712
f 1504//1504 1705//1705 1791//1791
f 1660//1660 1659//1659 1846//1846
f 1792//1792 1659//1659 1704//1704
f 1859//1859 1793//1793 1846//1846
f 1579//1579 1858//1858 1705//1705
f 1752//1752 1625//1625 1898//1898
f 1753//1753 1825//1825 1844//1844
f 1791//1791 1898//1898 1625//1625
f 1825//1825 1754//1754 1624//1624
f 1406//1406 1625//1625 1752//1752
f 1790//1790 1406//1406 1752//1752
f 1844//1844 1825//1825 1657//1657
f 1658//1658 1504//1504 1791//1791
f 1406//1406 1658//1658 1791//1791
f 1754//1754 1704//1704 1624//1624
f 1797//1797 1827//1827 1663//1663
f 1707//1707 1663//1663 1827//1827
f 1663//1663 1707//1707 1756//1756
f 1796//1796 1828//1828 1532//1532
f 1532//1532 1828//1828 1708//1708
f 1666//1666 1797//1797 1665//1665
f 1627//1627 1665//1665 1663//1663
f 1663//1663 1665//1665 1797//1797
f 1664//1664 1796//1796 1532//1532
f 1663//1663 1794//1794 1580//1580
f 1662//1662 1661//1661 1626//1626
f 1756//1756 1706//1706 1663//1663
f 1661//1661 1662//1662 1412//1412
f 1794//1794 1663//1663 1706//1706
f 1506//1506 1661//1661 1412//1412
f 1496//1496 1444//1444 1301//1301
f 1447//1447 1445//1445 1258//1258
f 1258//1258 1494//1494 1522//1522
f 1302//1302 1568//1568 1303//1303
f 1568//1568 1182//1182 1303//1303
f 1351//1351 1447//1447 1303//1303
f 1521//1521 1446//1446 1302//1302
f 1178//1178 1350//1350 1441//1441
f 1589//1589 1442//1442 1180//1180
f 1493//1493 1349//1349 1319//1319
f 1319//1319 1255//1255 1493//1493
f 1280//1280 1297//1297 1438//1438
f 1280//1280 1438//1438 1383//1383
f 1318//1318 1518//1518 1297//1297
f 1436//1436 1683//1683 1317//1317
f 1280//1280 1383//1383 1633//1633
f 1280//1280 1633//1633 1279//1279
f 1252//1252 1344//1344 1439//1439
f 1385//1385 1345//1345 1281//1281
f 1562//1562 1346//1346 1252//1252
f 1298//1298 1387//1387 1386//1386
f 1386//1386 1385//1385 1281//1281
f 1517//1517 1344//1344 1317//1317
f 2239//2239 2633//2633 2147//2147
f 2472//2472 2633//2633 2239//2239
f 1121//1121 1515//1515 1122//1122
f 1632//1632 1342//1342 1315//1315
f 1586//1586 1315//1315 1122//1122
f 1276//1276 1515//1515 1121//1121
f 1316//1316 1382//1382 1219//1219
f 1561//1561 1278//1278 1343//1343
f 1489//1489 1434//1434 1219//1219
f 1435//1435 1343//1343 1342//1342
f 1379//1379 1314//1314 1487//1487
f 1340//1340 1380//1380 1314//1314
f 1487//1487 1314//1314 1380//1380
f 1314//1314 1379//1379 1313//1313
f 1432//1432 1431//1431 1378//1378
f 1381//1381 1433//1433 1215//1215
f 1215//1215 1433//1433 1340//1340
f 1488//1488 1276//1276 1431//1431
f 1340//1340 1433//1433 1380//1380
f 1401//1401 1362//1362 1266//1266
f 1552//1552 1032//1032 1288//1288
f 1404//1404 1475//1475 1473//1473
f 1365//1365 1503//1503 1406//1406
f 1267//1267 1334//1334 1477//1477
f 1693//1693 1231//1231 1453//1453
f 1571//1571 1457//1457 1643//1643
f 2165//2165 2266//2266 2283//2283
f 1941//1941 2001//2001 2146//2146
f 1650//1650 2350//2350 2155//2155
f 2279//2279 2494//2494 2005//2005
f 2070//2070 2495//2495 2150//2150
f 2287//2287 2058//2058 2296//2296
f 2269//2269 2217//2217 2295//2295
f 2217//2217 2287//2287 2286//2286
f 2286//2286 2295//2295 2217//2217
f 2314//2314 2315//2315 2388//2388
f 2314//2314 2388//2388 2176//2176
f 2290//2290 2334//2334 2091//2091
f 2334//2334 2290//2290 2399//2399
f 1997//1997 2339//2339 2444//2444
f 2231//2231 2142//2142 2261//2261
f 2187//2187 2327//2327 2086//2086
f 2297//2297 2223//2223 2437//2437
f 2299//2299 2300//2300 1886//1886
f 2064//2064 2299//2299 1886//1886
f 2330//2330 2299//2299 2258//2258
f 2375//2375 2721//2721 2191//2191
f 2540//2540 2403//2403 2098//2098
f 2812//2812 2330//2330 2461//2461
f 2812//2812 2331//2331 2330//2330
f 811//811 1548//1548 1095//1095
f 1358//1358 1326//1326 1359//1359
f 1396//1396 1502//1502 1325//1325
f 1397//1397 1286//1286 1698//1698
f 2538//2538 2301//2301 2398//2398
f 2507//2507 2301//2301 2538//2538
f 2506//2506 2481//2481 2441//2441
f 2396//2396 2538//2538 2397//2397
f 2507//2507 2463//2463 2400//2400
f 2720//2720 2399//2399 2482//2482
f 2812//2812 2462//2462 2331//2331
f 2300//2300 2538//2538 2398//2398
f 2661//2661 2189//2189 2440//2440
f 2773//2773 2396//2396 2332//2332
f 2396//2396 2397//2397 2332//2332
f 2594//2594 2402//2402 2483//2483
f 2375//2375 2335//2335 2489//2489
f 2403//2403 2540//2540 2376//2376
f 2443//2443 2464//2464 2490//2490
f 2136//2136 2721//2721 2591//2591
f 2401//2401 2463//2463 2539//2539
f 2401//2401 2539//2539 2483//2483
f 2489//2489 2335//2335 2484//2484
f 2377//2377 2402//2402 2594//2594
f 2721//2721 2375//2375 2489//2489
f 2484//2484 2335//2335 2376//2376
f 2479//2479 2437//2437 2459//2459
f 2271//2271 2618//2618 2370//2370
f 1985//1985 2436//2436 2369//2369
f 2460//2460 2325//2325 2504//2504
f 2271//2271 2394//2394 2618//2618
f 2479//2479 2504//2504 2437//2437
f 2370//2370 2457//2457 2436//2436
f 2488//2488 2221//2221 2583//2583
f 2535//2535 2256//2256 2393//2393
f 2373//2373 2622//2622 2461//2461
f 2326//2326 2460//2460 2480//2480
f 2326//2326 2480//2480 2371//2371
f 2371//2371 2480//2480 2587//2587
f 2640//2640 2438//2438 2226//2226
f 1285//1285 1085//1085 1544//1544
f 1498//1498 1262//1262 1230//1230
f 1498//1498 1230//1230 1356//1356
f 1498//1498 1356//1356 1354//1354
f 1085//1085 1357//1357 1544//1544
f 1452//1452 1355//1355 1354//1354
f 1498//1498 1354//1354 1355//1355
f 1285//1285 1497//1497 1323//1323
f 2493//2493 2471//2471 2448//2448
f 2303//2303 2411//2411 1999//1999
f 1188//1188 1392//1392 1085//1085
f 1085//1085 1392//1392 1357//1357
f 1999//1999 2345//2345 2549//2549
f 2262//2262 2471//2471 2493//2493
f 2549//2549 2345//2345 2448//2448
f 1352//1352 1259//1259 1390//1390
f 1449//1449 1351//1351 1183//1183
f 1496//1496 1259//1259 1352//1352
f 1322//1322 1354//1354 1229//1229
f 1525//1525 997//997 1260//1260
f 1260//1260 1321//1321 1525//1525
f 2198//2198 2338//2338 2491//2491
f 2467//2467 2627//2627 2379//2379
f 2468//2468 2600//2600 2444//2444
f 2468//2468 2444//2444 2379//2379
f 2380//2380 2261//2261 2599//2599
f 2231//2231 2380//2380 2599//2599
f 2338//2338 2231//2231 2599//2599
f 2445//2445 2599//2599 2261//2261
f 2443//2443 2465//2465 2541//2541
f 2443//2443 2490//2490 2465//2465
f 2442//2442 2540//2540 2098//2098
f 2644//2644 2404//2404 2541//2541
f 2467//2467 2378//2378 2644//2644
f 2508//2508 2542//2542 2491//2491
f 2466//2466 2197//2197 2542//2542
f 2644//2644 2405//2405 2404//2404
f 2337//2337 2466//2466 2442//2442
f 2198//2198 2542//2542 2197//2197
f 2411//2411 2303//2303 2631//2631
f 2631//2631 2647//2647 2410//2410
f 2277//2277 2630//2630 2510//2510
f 2630//2630 2277//2277 2469//2469
f 2647//2647 2343//2343 2410//2410
f 2406//2406 2545//2545 2485//2485
f 2600//2600 2545//2545 2444//2444
f 2509//2509 2630//2630 2446//2446
f 2408//2408 2409//2409 2447//2447
f 2492//2492 2547//2547 2407//2407
f 2408//2408 2628//2628 2381//2381
f 2381//2381 2628//2628 2232//2232
f 2407//2407 2485//2485 2492//2492
f 2407//2407 2406//2406 2485//2485
f 2512//2512 2671//2671 2423//2423
f 2281//2281 2383//2383 3669//3669
f 2352//2352 2423//2423 2351//2351
f 2514//2514 2563//2563 2353//2353
f 2158//2158 2421//2421 2422//2422
f 2350//2350 2737//2737 2155//2155
f 2420//2420 2421//2421 2157//2157
f 2155//2155 2420//2420 2157//2157
f 2241//2241 2474//2474 2350//2350
f 2419//2419 2420//2420 2155//2155
f 2737//2737 2419//2419 2155//2155
f 2350//2350 2418//2418 2737//2737
f 2157//2157 2421//2421 2242//2242
f 2474//2474 2417//2417 2350//2350
f 2242//2242 2421//2421 2158//2158
f 2158//2158 2422//2422 2497//2497
f 2516//2516 2486//2486 2266//2266
f 2636//2636 2282//2282 2566//2566
f 2683//2683 2385//2385 2517//2517
f 2309//2309 2425//2425 2636//2636
f 2282//2282 2636//2636 2425//2425
f 2515//2515 2163//2163 2498//2498
f 2498//2498 2265//2265 2424//2424
f 1393//1393 1231//1231 1570//1570
f 1694//1694 1304//1304 1570//1570
f 1570//1570 1304//1304 1393//1393
f 1393//1393 1304//1304 1231//1231
f 1453//1453 1231//1231 1391//1391
f 1501//1501 1325//1325 1324//1324
f 1458//1458 1092//1092 1545//1545
f 1526//1526 1189//1189 1092//1092
f 1500//1500 1324//1324 1263//1263
f 1526//1526 1394//1394 1189//1189
f 1457//1457 1189//1189 1394//1394
f 2415//2415 2416//2416 2240//2240
f 2414//2414 2150//2150 2495//2495
f 2004//2004 2473//2473 2279//2279
f 2151//2151 2496//2496 2348//2348
f 2280//2280 2474//2474 2241//2241
f 2559//2559 2418//2418 2350//2350
f 2417//2417 2559//2559 2350//2350
f 2152//2152 2496//2496 2153//2153
f 2348//2348 2496//2496 2152//2152
f 2496//2496 2349//2349 2153//2153
f 2416//2416 2151//2151 2240//2240
f 2347//2347 2146//2146 2001//2001
f 2237//2237 2472//2472 2238//2238
f 2347//2347 2236//2236 2146//2146
f 2278//2278 2347//2347 2001//2001
f 2279//2279 2473//2473 2494//2494
f 2412//2412 2413//2413 2237//2237
f 2236//2236 2412//2412 2237//2237
f 2147//2147 2473//2473 2004//2004
f 2413//2413 2472//2472 2237//2237
f 2317//2317 2269//2269 2454//2454
f 2614//2614 2253//2253 2530//2530
f 2531//2531 2455//2455 2389//2389
f 2529//2529 2314//2314 2294//2294
f 2529//2529 2612//2612 2314//2314
f 2388//2388 2612//2612 2453//2453
f 2614//2614 2531//2531 2253//2253
f 2637//2637 2431//2431 2430//2430
f 2316//2316 2657//2657 2637//2637
f 2218//2218 2289//2289 2434//2434
f 2289//2289 2534//2534 2434//2434
f 2392//2392 2503//2503 2616//2616
f 2534//2534 2289//2289 2435//2435
f 2580//2580 2435//2435 2487//2487
f 2455//2455 2366//2366 2365//2365
f 2456//2456 2319//2319 2287//2287
f 2433//2433 2575//2575 2320//2320
f 2368//2368 2367//2367 2432//2432
f 2456//2456 2287//2287 2575//2575
f 2452//2452 2248//2248 2212//2212
f 2568//2568 2522//2522 2248//2248
f 2526//2526 2357//2357 2524//2524
f 2248//2248 2452//2452 2568//2568
f 2524//2524 2357//2357 2500//2500
f 2213//2213 2452//2452 2212//2212
f 2606//2606 2167//2167 2567//2567
f 2310//2310 2518//2518 2566//2566
f 2017//2017 2522//2522 2426//2426
f 2356//2356 2426//2426 2522//2522
f 2386//2386 2114//2114 2356//2356
f 2501//2501 2363//2363 2528//2528
f 2501//2501 2529//2529 2363//2363
f 2452//2452 2427//2427 2387//2387
f 2115//2115 2387//2387 2427//2427
f 2293//2293 2359//2359 2476//2476
f 2387//2387 2293//2293 2476//2476
f 2360//2360 2311//2311 2528//2528
f 2232//2232 2341//2341 2261//2261
f 2338//2338 2140//2140 2231//2231
f 2449//2449 2471//2471 2107//2107
f 2342//2342 2509//2509 2276//2276
f 2102//2102 2406//2406 2547//2547
f 2381//2381 2232//2232 2200//2200
f 2547//2547 2342//2342 2102//2102
f 2409//2409 2343//2343 2447//2447
f 2410//2410 2344//2344 2291//2291
f 2399//2399 2506//2506 2334//2334
f 2401//2401 2093//2093 2463//2463
f 2399//2399 2290//2290 2591//2591
f 2440//2440 2133//2133 2334//2334
f 2332//2332 2397//2397 2299//2299
f 2299//2299 2333//2333 2300//2300
f 2301//2301 2300//2300 2398//2398
f 2481//2481 2334//2334 2441//2441
f 2337//2337 2197//2197 2466//2466
f 2194//2194 2376//2376 2335//2335
f 2402//2402 2401//2401 2483//2483
f 2336//2336 2377//2377 2464//2464
f 1534//1534 1201//1201 1291//1291
f 1150//1150 1203//1203 1373//1373
f 1312//1312 1429//1429 1311//1311
f 1427//1427 1311//1311 1429//1429
f 1427//1427 1269//1269 1311//1311
f 1428//1428 1296//1296 1310//1310
f 1482//1482 1337//1337 1374//1374
f 1538//1538 1337//1337 1482//1482
f 1372//1372 1630//1630 1374//1374
f 1538//1538 1207//1207 1377//1377
f 1377//1377 1207//1207 1375//1375
f 1426//1426 1207//1207 1538//1538
f 1269//1269 1556//1556 1376//1376
f 2316//2316 2431//2431 2268//2268
f 2611//2611 2268//2268 2431//2431
f 2314//2314 2612//2612 2315//2315
f 2563//2563 2513//2513 2264//2264
f 2353//2353 2264//2264 2243//2243
f 2207//2207 2111//2111 2384//2384
f 2498//2498 2163//2163 2265//2265
f 2163//2163 2515//2515 2354//2354
f 2292//2292 2211//2211 2500//2500
f 2500//2500 2211//2211 2249//2249
f 2210//2210 2518//2518 2310//2310
f 2451//2451 2567//2567 2247//2247
f 2460//2460 2326//2326 2128//2128
f 2036//2036 2370//2370 1985//1985
f 2373//2373 2329//2329 2298//2298
f 2273//2273 2374//2374 2228//2228
f 2228//2228 2374//2374 2188//2188
f 2331//2331 2299//2299 2330//2330
f 2037//2037 2328//2328 2226//2226
f 2373//2373 2086//2086 2327//2327
f 2287//2287 2477//2477 2286//2286
f 2319//2319 2477//2477 2287//2287
f 2320//2320 2287//2287 2296//2296
f 2255//2255 2455//2455 2390//2390
f 2295//2295 2286//2286 2269//2269
f 2455//2455 2253//2253 2389//2389
f 2318//2318 2365//2365 2253//2253
f 2318//2318 2253//2253 2455//2455
f 2286//2286 2454//2454 2269//2269
f 2321//2321 2322//2322 2288//2288
f 2256//2256 2288//2288 2393//2393
f 2183//2183 2436//2436 2289//2289
f 2218//2218 2320//2320 2254//2254
f 2532//2532 2270//2270 2255//2255
f 2270//2270 2391//2391 2321//2321
f 2541//2541 2302//2302 2196//2196
f 2196//2196 2443//2443 2541//2541
f 2404//2404 2302//2302 2541//2541
f 2443//2443 2196//2196 2275//2275
f 2337//2337 2442//2442 2098//2098
f 2405//2405 2302//2302 2404//2404
f 2376//2376 2194//2194 2259//2259
f 2402//2402 2377//2377 2336//2336
f 2464//2464 2443//2443 2275//2275
f 2259//2259 2403//2403 2376//2376
f 2261//2261 2341//2341 2445//2445
f 2545//2545 2340//2340 2444//2444
f 2407//2407 2547//2547 2406//2406
f 2200//2200 2408//2408 2381//2381
f 2232//2232 2628//2628 2341//2341
f 2628//2628 2445//2445 2341//2341
f 2467//2467 2339//2339 2405//2405
f 2140//2140 2338//2338 2260//2260
f 2338//2338 2198//2198 2260//2260
f 2405//2405 2644//2644 2378//2378
f 2378//2378 2467//2467 2405//2405
f 2491//2491 2542//2542 2198//2198
f 2261//2261 2380//2380 2231//2231
f 2444//2444 2339//2339 2379//2379
f 2467//2467 2379//2379 2339//2339
f 2273//2273 2189//2189 2374//2374
f 2331//2331 2462//2462 2299//2299
f 2188//2188 2374//2374 2089//2089
f 2274//2274 2440//2440 2189//2189
f 2462//2462 2773//2773 2299//2299
f 2773//2773 2332//2332 2299//2299
f 2274//2274 2133//2133 2440//2440
f 2328//2328 2439//2439 2226//2226
f 2328//2328 2536//2536 2439//2439
f 2327//2327 2225//2225 2587//2587
f 2461//2461 2329//2329 2373//2373
f 2373//2373 2298//2298 2086//2086
f 2191//2191 2721//2721 2136//2136
f 2136//2136 2591//2591 2290//2290
f 2375//2375 2191//2191 2335//2335
f 2334//2334 2481//2481 2440//2440
f 2300//2300 2333//2333 2538//2538
f 2397//2397 2538//2538 2299//2299
f 2538//2538 2333//2333 2299//2299
f 2400//2400 2301//2301 2507//2507
f 2399//2399 2720//2720 2506//2506
f 2441//2441 2334//2334 2506//2506
f 1553//1553 1235//1235 1363//1363
f 1267//1267 1365//1365 1333//1333
f 1503//1503 1365//1365 1267//1267
f 1406//1406 1364//1364 1333//1333
f 1476//1476 1333//1333 1364//1364
f 1578//1578 1363//1363 1473//1473
f 1476//1476 1405//1405 1333//1333
f 1366//1366 1036//1036 1704//1704
f 1334//1334 1307//1307 1478//1478
f 1307//1307 1367//1367 1478//1478
f 1704//1704 1036//1036 829//829
f 1235//1235 1704//1704 829//829
f 1362//1362 1401//1401 1400//1400
f 2109//2109 1653//1653 1331//1331
f 1099//1099 1472//1472 1840//1840
f 653//653 1401//1401 1266//1266
f 1840//1840 1465//1465 1360//1360
f 1552//1552 1332//1332 1032//1032
f 1552//1552 1403//1403 1332//1332
f 2107//2107 2680//2680 2449//2449
f 2411//2411 2631//2631 2291//2291
f 2470//2470 2680//2680 2107//2107
f 2235//2235 2493//2493 2448//2448
f 2509//2509 2446//2446 2276//2276
f 2509//2509 2342//2342 2547//2547
f 2470//2470 2277//2277 2510//2510
f 2410//2410 2291//2291 2631//2631
f 2410//2410 2343//2343 2344//2344
f 2630//2630 2469//2469 2276//2276
f 2276//2276 2446//2446 2630//2630
f 1413//1413 1411//1411 1335//1335
f 1506//1506 1412//1412 1238//1238
f 1411//1411 1307//1307 1335//1335
f 1368//1368 1307//1307 1408//1408
f 1367//1367 1307//1307 1368//1368
f 1236//1236 1289//1289 1505//1505
f 1410//1410 1307//1307 1411//1411
f 1307//1307 1410//1410 1408//1408
f 2448//2448 2345//2345 2235//2235
f 1370//1370 1290//1290 1200//1200
f 1662//1662 1308//1308 1238//1238
f 1664//1664 961//961 1308//1308
f 1369//1369 1237//1237 1507//1507
f 2016//2016 2356//2356 2114//2114
f 2567//2567 2167//2167 2247//2247
f 2017//2017 2248//2248 2522//2522
f 2356//2356 2017//2017 2426//2426
f 2017//2017 2356//2356 2016//2016
f 2606//2606 2249//2249 2167//2167
f 2521//2521 2500//2500 2249//2249
f 2521//2521 2249//2249 2606//2606
f 2683//2683 2283//2283 2385//2385
f 2310//2310 2566//2566 2282//2282
f 2385//2385 2283//2283 2517//2517
f 2517//2517 2283//2283 2266//2266
f 2386//2386 2210//2210 2114//2114
f 2210//2210 2386//2386 2518//2518
f 2283//2283 2683//2683 2451//2451
f 2311//2311 2358//2358 2168//2168
f 2387//2387 2115//2115 2293//2293
f 2526//2526 2311//2311 2168//2168
f 2293//2293 2173//2173 2428//2428
f 2312//2312 2311//2311 2360//2360
f 2428//2428 2359//2359 2293//2293
f 2360//2360 2363//2363 2312//2312
f 2311//2311 2312//2312 2358//2358
f 2168//2168 2292//2292 2526//2526
f 2526//2526 2292//2292 2357//2357
f 2427//2427 2452//2452 2213//2213
f 2500//2500 2357//2357 2292//2292
f 2450//2450 2382//2382 2497//2497
f 1652//1652 2450//2450 2305//2305
f 2158//2158 2497//2497 2304//2304
f 2013//2013 2346//2346 2160//2160
f 2383//2383 2072//2072 3669//3669
f 2161//2161 2512//2512 2423//2423
f 2161//2161 2423//2423 1400//1400
f 2154//2154 2280//2280 2241//2241
f 2153//2153 2349//2349 2280//2280
f 2151//2151 2348//2348 2152//2152
f 2516//2516 2112//2112 2307//2307
f 2424//2424 2265//2265 2308//2308
f 2112//2112 2516//2516 2266//2266
f 2207//2207 2384//2384 2307//2307
f 2112//2112 2207//2207 2307//2307
f 2486//2486 2517//2517 2266//2266
f 2353//2353 2563//2563 2264//2264
f 2281//2281 2514//2514 2075//2075
f 2514//2514 2353//2353 2075//2075
f 2263//2263 2354//2354 2306//2306
f 2515//2515 2306//2306 2354//2354
f 2475//2475 2355//2355 2513//2513
f 2355//2355 2475//2475 2384//2384
f 2393//2393 2288//2288 2616//2616
f 2289//2289 2436//2436 2487//2487
f 2125//2125 2220//2220 2183//2183
f 2436//2436 2183//2183 2220//2220
f 2487//2487 2435//2435 2289//2289
f 2288//2288 2503//2503 2392//2392
f 2322//2322 2503//2503 2288//2288
f 2322//2322 2321//2321 2503//2503
f 2616//2616 2288//2288 2392//2392
f 1985//1985 2369//2369 2220//2220
f 1985//1985 2370//2370 2436//2436
f 2186//2186 2256//2256 2221//2221
f 2533//2533 2270//2270 2532//2532
f 2434//2434 2320//2320 2218//2218
f 2433//2433 2320//2320 2434//2434
f 2368//2368 2532//2532 2255//2255
f 2503//2503 2321//2321 2391//2391
f 2391//2391 2270//2270 2533//2533
f 2460//2460 2128//2128 2325//2325
f 2504//2504 2325//2325 2297//2297
f 2324//2324 2585//2585 2395//2395
f 2324//2324 2438//2438 2585//2585
f 2587//2587 2225//2225 2372//2372
f 2587//2587 2372//2372 2371//2371
f 2326//2326 2371//2371 2372//2372
f 2036//2036 2271//2271 2370//2370
f 2488//2488 2458//2458 2221//2221
f 2504//2504 2323//2323 2437//2437
f 2504//2504 2297//2297 2323//2323
f 2271//2271 2324//2324 2395//2395
f 2437//2437 2323//2323 2297//2297
f 2459//2459 2437//2437 2458//2458
f 2458//2458 2437//2437 2272//2272
f 2271//2271 2395//2395 2394//2394
f 2612//2612 2388//2388 2315//2315
f 2316//2316 2269//2269 2657//2657
f 2388//2388 2502//2502 2530//2530
f 2530//2530 2177//2177 2388//2388
f 2637//2637 2430//2430 2316//2316
f 2430//2430 2431//2431 2316//2316
f 2502//2502 2388//2388 2453//2453
f 2173//2173 2362//2362 2361//2361
f 2251//2251 2285//2285 2429//2429
f 2429//2429 2173//2173 2251//2251
f 2173//2173 2429//2429 2362//2362
f 2284//2284 2363//2363 2529//2529
f 2313//2313 2528//2528 2363//2363
f 2313//2313 2360//2360 2528//2528
f 2360//2360 2313//2313 2363//2363
f 2173//2173 2361//2361 2428//2428
f 2429//2429 2268//2268 2611//2611
f 2268//2268 2429//2429 2285//2285
f 2529//2529 2294//2294 2284//2284
f 2455//2455 2255//2255 2366//2366
f 2390//2390 2455//2455 2432//2432
f 2477//2477 2319//2319 2456//2456
f 2320//2320 2575//2575 2287//2287
f 2255//2255 2432//2432 2367//2367
f 2255//2255 2390//2390 2432//2432
f 2368//2368 2255//2255 2367//2367
f 2317//2317 2364//2364 2269//2269
f 2657//2657 2364//2364 2317//2317
f 2364//2364 2657//2657 2269//2269
f 2253//2253 2177//2177 2530//2530
f 2389//2389 2253//2253 2531//2531
f 2455//2455 2365//2365 2318//2318
f 2477//2477 2454//2454 2286//2286
f 1675//1675 1556//1556 1484//1484
f 1536//1536 1630//1630 1372//1372
f 1424//1424 1423//1423 1373//1373
f 1150//1150 1481//1481 1480//1480
f 1670//1670 1372//1372 1629//1629
f 1150//1150 1422//1422 1481//1481
f 1424//1424 1425//1425 1537//1537
f 1537//1537 1483//1483 1556//1556
f 1630//1630 1538//1538 1482//1482
f 1510//1510 1425//1425 1424//1424
f 2098//2098 2047//2047 1889//1889
f 1581//1581 1292//1292 1509//1509
f 1370//1370 1292//1292 1416//1416
f 1509//1509 1292//1292 1419//1419
f 1418//1418 1534//1534 1291//1291
f 1532//1532 1371//1371 1415//1415
f 1757//1757 1508//1508 1532//1532
f 1532//1532 1508//1508 1371//1371
f 1202//1202 1480//1480 1533//1533
f 1533//1533 1480//1480 1481//1481
f 1419//1419 1336//1336 1533//1533
f 1292//1292 1336//1336 1419//1419
f 1505//1505 1409//1409 1236//1236
f 1410//1410 1411//1411 1413//1413
f 1659//1659 1505//1505 1289//1289
f 1412//1412 1662//1662 1238//1238
f 1626//1626 1308//1308 1662//1662
f 2224//2224 2128//2128 2223//2223
f 2061//2061 2271//2271 2084//2084
f 1909//1909 2081//2081 2174//2174
f 2098//2098 2097//2097 2047//2047
f 1017//1017 1096//1096 924//924
f 1469//1469 1600//1600 1096//1096
f 922//922 1469//1469 923//923
f 1096//1096 1550//1550 924//924
f 1287//1287 1601//1601 1019//1019
f 1018//1018 1287//1287 1019//1019
f 1550//1550 1287//1287 924//924
f 813//813 1529//1529 1329//1329
f 1329//1329 1529//1529 1015//1015
f 650//650 813//813 1329//1329
f 1015//1015 1529//1529 1016//1016
f 923//923 1469//1469 1096//1096
f 1549//1549 921//921 1016//1016
f 921//921 1469//1469 922//922
f 1194//1194 1471//1471 1024//1024
f 1021//1021 1551//1551 1194//1194
f 1097//1097 1551//1551 1021//1021
f 1471//1471 1604//1604 868//868
f 1840//1840 1472//1472 1788//1788
f 1926//1926 1361//1361 1305//1305
f 1020//1020 1470//1470 1097//1097
f 1330//1330 1870//1870 1193//1193
f 1870//1870 1470//1470 1193//1193
f 1019//1019 1330//1330 1193//1193
f 1470//1470 1651//1651 1097//1097
f 1193//1193 1470//1470 1020//1020
f 1700//1700 1467//1467 1328//1328
f 1399//1399 1468//1468 813//813
f 1328//1328 1467//1467 1399//1399
f 1141//1141 1095//1095 917//917
f 1095//1095 1700//1700 1328//1328
f 917//917 1095//1095 1328//1328
f 2003//2003 2472//2472 1943//1943
f 2237//2237 1782//1782 1781//1781
f 1334//1334 1407//1407 1477//1477
f 1406//1406 1503//1503 1531//1531
f 1267//1267 1477//1477 1503//1503
f 1578//1578 1657//1657 1363//1363
f 1364//1364 1623//1623 1476//1476
f 1365//1365 1406//1406 1333//1333
f 1624//1624 1235//1235 1553//1553
f 1659//1659 1289//1289 1366//1366
f 1334//1334 1478//1478 1407//1407
f 1368//1368 1408//1408 1367//1367
f 1408//1408 1478//1478 1367//1367
f 1503//1503 1477//1477 1407//1407
f 1366//1366 1704//1704 1659//1659
f 1503//1503 1407//1407 1504//1504
f 1478//1478 1504//1504 1407//1407
f 1552//1552 1530//1530 1403//1403
f 1530//1530 1402//1402 1403//1403
f 1530//1530 1401//1401 1402//1402
f 1530//1530 1400//1400 1401//1401
f 1099//1099 1266//1266 1472//1472
f 2109//2109 1331//1331 1652//1652
f 1305//1305 677//677 1604//1604
f 2109//2109 1605//1605 1653//1653
f 1362//1362 1703//1703 1266//1266
f 1750//1750 1404//1404 1576//1576
f 1578//1578 1473//1473 1475//1475
f 1623//1623 1405//1405 1476//1476
f 1474//1474 1577//1577 1605//1605
f 1577//1577 1576//1576 1030//1030
f 1576//1576 1029//1029 1030//1030
f 1404//1404 1473//1473 1576//1576
f 1577//1577 1030//1030 1605//1605
f 1475//1475 1404//1404 1578//1578
f 1917//1917 1916//1916 2182//2182
f 2033//2033 2182//2182 1837//1837
f 1916//1916 1837//1837 2182//2182
f 1961//1961 1766//1766 1935//1935
f 1935//1935 2060//2060 1962//1962
f 1936//1936 2126//2126 1964//1964
f 1963//1963 1984//1984 1983//1983
f 2036//2036 1985//1985 1984//1984
f 1909//1909 1830//1830 1671//1671
f 2181//2181 1959//1959 1958//1958
f 2031//2031 2030//2030 2027//2027
f 2058//2058 2083//2083 2027//2027
f 2082//2082 1833//1833 2026//2026
f 1802//1802 1933//1933 1980//1980
f 1802//1802 1980//1980 1932//1932
f 1736//1736 1737//1737 1888//1888
f 1968//1968 1738//1738 1853//1853
f 2193//2193 1853//1853 1867//1867
f 1866//1866 1820//1820 1993//1993
f 1970//1970 2139//2139 1595//1595
f 1995//1995 1969//1969 1572//1572
f 1595//1595 1891//1891 1970//1970
f 1995//1995 2099//2099 1969//1969
f 1595//1595 1994//1994 1868//1868
f 1994//1994 1595//1595 2139//2139
f 1997//1997 1890//1890 2099//2099
f 2099//2099 2067//2067 1997//1997
f 1891//1891 2141//2141 1970//1970
f 1996//1996 2067//2067 2099//2099
f 1994//1994 2098//2098 1868//1868
f 1889//1889 2047//2047 1821//1821
f 2098//2098 1889//1889 1868//1868
f 1881//1881 2128//2128 1965//1965
f 2128//2128 1881//1881 2223//2223
f 1818//1818 2129//2129 1989//1989
f 1773//1773 2042//2042 2043//2043
f 1992//1992 1883//1883 2227//2227
f 1439//1439 1634//1634 1384//1384
f 1347//1347 1727//1727 1519//1519
f 1520//1520 1385//1385 1299//1299
f 1688//1688 1495//1495 1615//1615
f 1688//1688 1444//1444 1495//1495
f 1351//1351 1449//1449 1447//1447
f 1566//1566 1689//1689 1448//1448
f 1282//1282 1440//1440 1441//1441
f 1542//1542 1639//1639 1349//1349
f 1641//1641 1521//1521 1302//1302
f 1493//1493 1255//1255 1443//1443
f 2015//2015 1903//1903 2014//2014
f 1795//1795 1955//1955 1954//1954
f 2015//2015 1907//1907 1828//1828
f 2018//2018 1905//1905 1904//1904
f 1902//1902 1901//1901 2244//2244
f 1929//1929 1795//1795 1954//1954
f 1931//1931 2022//2022 1860//1860
f 2021//2021 1874//1874 2020//2020
f 1860//1860 2022//2022 1906//1906
f 2171//2171 1957//1957 1874//1874
f 1956//1956 1907//1907 2015//2015
f 1827//1827 1930//1930 1904//1904
f 1400//1400 2352//2352 1952//1952
f 1654//1654 2073//2073 1400//1400
f 2382//2382 2108//2108 1652//1652
f 2382//2382 1652//1652 1926//1926
f 2157//2157 1786//1786 1870//1870
f 1602//1602 2157//2157 1870//1870
f 1786//1786 2010//2010 1787//1787
f 1471//1471 1973//1973 2012//2012
f 1951//1951 1973//1973 1471//1471
f 1898//1898 2164//2164 2053//2053
f 1976//1976 2111//2111 1655//1655
f 1958//1958 2082//2082 2177//2177
f 2023//2023 1671//1671 2057//2057
f 2082//2082 2026//2026 2025//2025
f 1913//1913 2024//2024 1671//1671
f 2057//2057 1671//1671 2024//2024
f 1935//1935 2124//2124 1961//1961
f 1962//1962 2125//2125 1935//1935
f 1766//1766 1961//1961 1934//1934
f 1981//1981 1917//1917 2182//2182
f 1935//1935 2125//2125 2124//2124
f 2123//2123 2182//2182 2033//2033
f 2058//2058 2027//2027 2030//2030
f 2028//2028 2029//2029 1959//1959
f 2029//2029 1960//1960 1959//1959
f 2031//2031 2058//2058 2030//2030
f 2124//2124 1934//1934 1961//1961
f 2032//2032 2033//2033 2029//2029
f 2032//2032 2121//2121 2033//2033
f 2029//2029 2121//2121 2032//2032
f 2029//2029 2059//2059 2121//2121
f 2019//2019 2055//2055 2020//2020
f 2020//2020 2055//2055 2021//2021
f 1930//1930 1906//1906 2022//2022
f 2021//2021 2055//2055 1874//1874
f 1905//1905 2016//2016 1955//1955
f 2015//2015 1828//1828 1903//1903
f 2017//2017 2016//2016 1905//1905
f 2018//2018 2017//2017 1905//1905
f 2080//2080 1956//1956 2015//2015
f 1909//1909 2174//2174 1908//1908
f 1671//1671 2023//2023 2081//2081
f 1978//1978 1979//1979 1912//1912
f 1979//1979 1978//1978 2118//2118
f 1909//1909 1671//1671 2081//2081
f 2056//2056 2170//2170 1931//1931
f 1908//1908 2174//2174 2056//2056
f 2117//2117 2056//2056 2174//2174
f 1978//1978 1957//1957 2172//2172
f 1978//1978 1912//1912 1957//1957
f 1931//1931 2170//2170 2022//2022
f 2171//2171 2172//2172 1957//1957
f 1887//1887 1886//1886 2134//2134
f 2041//2041 2043//2043 2274//2274
f 1967//1967 1919//1919 2039//2039
f 2088//2088 1885//1885 1992//1992
f 1919//1919 2043//2043 2041//2041
f 2064//2064 2040//2040 1885//1885
f 2066//2066 2065//2065 2093//2093
f 2096//2096 1853//1853 2193//2193
f 2402//2402 2193//2193 1776//1776
f 2402//2402 1776//1776 2401//2401
f 2066//2066 1776//1776 2065//2065
f 2301//2301 1733//1733 2135//2135
f 2301//2301 1921//1921 1733//1733
f 2044//2044 1887//1887 2134//2134
f 2045//2045 1866//1866 2090//2090
f 2092//2092 2090//2090 1866//1866
f 1993//1993 2092//2092 1866//1866
f 2126//2126 1936//1936 1986//1986
f 1937//1937 1988//1988 2061//2061
f 2061//2061 2036//2036 1984//1984
f 1987//1987 2222//2222 2127//2127
f 2084//2084 2036//2036 2061//2061
f 2185//2185 1722//1722 1982//1982
f 2035//2035 1936//1936 1863//1863
f 2186//2186 1936//1936 2035//2035
f 1983//1983 2034//2034 1963//1963
f 1936//1936 2186//2186 1986//1986
f 2035//2035 1863//1863 2185//2185
f 2185//2185 1863//1863 1722//1722
f 1818//1818 1966//1966 2037//2037
f 2087//2087 1967//1967 2039//2039
f 2087//2087 2038//2038 1966//1966
f 2224//2224 2223//2223 2062//2062
f 1988//1988 1989//1989 2063//2063
f 2129//2129 2085//2085 1989//1989
f 1965//1965 2128//2128 1990//1990
f 1341//1341 1612//1612 1433//1433
f 1539//1539 1583//1583 1540//1540
f 1585//1585 1219//1219 1721//1721
f 1583//1583 1378//1378 1339//1339
f 1513//1513 1430//1430 1514//1514
f 1338//1338 1512//1512 1339//1339
f 1583//1583 1432//1432 1378//1378
f 1539//1539 1432//1432 1583//1583
f 2201//2201 2068//2068 2103//2103
f 2201//2201 2103//2103 2049//2049
f 1938//1938 1645//1645 2104//2104
f 1895//1895 2291//2291 1894//1894
f 2291//2291 2103//2103 1894//1894
f 2050//2050 2104//2104 1925//1925
f 2104//2104 2050//2050 2277//2277
f 2100//2100 2048//2048 1619//1619
f 1998//1998 1923//1923 2261//2261
f 2199//2199 1619//1619 1854//1854
f 1922//1922 1998//1998 1891//1891
f 1854//1854 2340//2340 2199//2199
f 2233//2233 1778//1778 1822//1822
f 2233//2233 1855//1855 1778//1778
f 2201//2201 2409//2409 2068//2068
f 2101//2101 2102//2102 1822//1822
f 1822//1822 2048//2048 2101//2101
f 1923//1923 1892//1892 2068//2068
f 2493//2493 2106//2106 1940//1940
f 2106//2106 1897//1897 1939//1939
f 2107//2107 1645//1645 1938//1938
f 2000//2000 1645//1645 2107//2107
f 1645//1645 1940//1940 1398//1398
f 2000//2000 1940//1940 1645//1645
f 1940//1940 2106//2106 1939//1939
f 1896//1896 2105//2105 2051//2051
f 1999//1999 1896//1896 1897//1897
f 1999//1999 2105//2105 1896//1896
f 2000//2000 2493//2493 1940//1940
f 1975//1975 1843//1843 2281//2281
f 2077//2077 2162//2162 1898//1898
f 1655//1655 2112//2112 2054//2054
f 1655//1655 2054//2054 1899//1899
f 1898//1898 2053//2053 2077//2077
f 2111//2111 2112//2112 1655//1655
f 2109//2109 1843//1843 1474//1474
f 1400//1400 1952//1952 2351//2351
f 2073//2073 1654//1654 1927//1927
f 2243//2243 1857//1857 1974//1974
f 2074//2074 2243//2243 1974//1974
f 2052//2052 2204//2204 1927//1927
f 2075//2075 1974//1974 1975//1975
f 2076//2076 2052//2052 1928//1928
f 1953//1953 1858//1858 2078//2078
f 2247//2247 2014//2014 2166//2166
f 2267//2267 1899//1899 2054//2054
f 1953//1953 1977//1977 1898//1898
f 1899//1899 2267//2267 1901//1901
f 2166//2166 1902//1902 2244//2244
f 2078//2078 1858//1858 2079//2079
f 1902//1902 2166//2166 1847//1847
f 2079//2079 1858//1858 1929//1929
f 2113//2113 1901//1901 2267//2267
f 2113//2113 2244//2244 1901//1901
f 1941//1941 2146//2146 1781//1781
f 1942//1942 1783//1783 1784//1784
f 1782//1782 2002//2002 1783//1783
f 1944//1944 2004//2004 2148//2148
f 2070//2070 1946//1946 1945//1945
f 1783//1783 2003//2003 1528//1528
f 1528//1528 2003//2003 1943//1943
f 1784//1784 1783//1783 1528//1528
f 1430//1430 1513//1513 1429//1429
f 1675//1675 1484//1484 1427//1427
f 2069//2069 1971//1971 1788//1788
f 1428//1428 1310//1310 1512//1512
f 1787//1787 2011//2011 1651//1651
f 2010//2010 2011//2011 1787//1787
f 1951//1951 2012//2012 1973//1973
f 2157//2157 2010//2010 1786//1786
f 1972//1972 1650//1650 2008//2008
f 1651//1651 2011//2011 1951//1951
f 2160//2160 2069//2069 1788//1788
f 2450//2450 1652//1652 2108//2108
f 1266//1266 2013//2013 1472//1472
f 1946//1946 2006//2006 1947//1947
f 2007//2007 2071//2071 1947//1947
f 1948//1948 2240//2240 1702//1702
f 2006//2006 2007//2007 1947//1947
f 1947//1947 2071//2071 1948//1948
f 1949//1949 1950//1950 1648//1648
f 1648//1648 1950//1950 2008//2008
f 1486//1486 1312//1312 1295//1295
f 1430//1430 1312//1312 1486//1486
f 1429//1429 1312//1312 1430//1430
f 1381//1381 1341//1341 1433//1433
f 1215//1215 1341//1341 1381//1381
f 1515//1515 1586//1586 1122//1122
f 1488//1488 1515//1515 1276//1276
f 1488//1488 1540//1540 1515//1515
f 1489//1489 1219//1219 1382//1382
f 1316//1316 1489//1489 1382//1382
f 1315//1315 1586//1586 1632//1632
f 1585//1585 1341//1341 1219//1219
f 1219//1219 1434//1434 1721//1721
f 1632//1632 1516//1516 1342//1342
f 1379//1379 1487//1487 1313//1313
f 1313//1313 1486//1486 1295//1295
f 1428//1428 1512//1512 1338//1338
f 1428//1428 1338//1338 1378//1378
f 1338//1338 1339//1339 1378//1378
f 1488//1488 1431//1431 1539//1539
f 1539//1539 1540//1540 1488//1488
f 1432//1432 1539//1539 1431//1431
f 1433//1433 1487//1487 1380//1380
f 2316//2316 2057//2057 2269//2269
f 2082//2082 2388//2388 2177//2177
f 2025//2025 2176//2176 2388//2388
f 2025//2025 2388//2388 2082//2082
f 2314//2314 2284//2284 2294//2294
f 2316//2316 2175//2175 2057//2057
f 2252//2252 2316//2316 2268//2268
f 2268//2268 2285//2285 2174//2174
f 1953//1953 2309//2309 1977//1977
f 2355//2355 2205//2205 2513//2513
f 1981//1981 2182//2182 2321//2321
f 1317//1317 1437//1437 1517//1517
f 1438//1438 1297//1297 1383//1383
f 1317//1317 1683//1683 1437//1437
f 1489//1489 1316//1316 1633//1633
f 1279//1279 1633//1633 1316//1316
f 1278//1278 1561//1561 1436//1436
f 1297//1297 1633//1633 1383//1383
f 1436//1436 1317//1317 1278//1278
f 1384//1384 1252//1252 1439//1439
f 1345//1345 1490//1490 1281//1281
f 1613//1613 1490//1490 1385//1385
f 1490//1490 1345//1345 1385//1385
f 1518//1518 1318//1318 1281//1281
f 1634//1634 1344//1344 1517//1517
f 1634//1634 1439//1439 1344//1344
f 1490//1490 1613//1613 1281//1281
f 1518//1518 1281//1281 1613//1613
f 1507//1507 1290//1290 1370//1370
f 1664//1664 1415//1415 961//961
f 1369//1369 1479//1479 1335//1335
f 1626//1626 1664//1664 1308//1308
f 1507//1507 1414//1414 1369//1369
f 1534//1534 1420//1420 1201//1201
f 1534//1534 1421//1421 1420//1420
f 1533//1533 1336//1336 1202//1202
f 1757//1757 1418//1418 1371//1371
f 1418//1418 1291//1291 1371//1371
f 1292//1292 1417//1417 1416//1416
f 1370//1370 1200//1200 1292//1292
f 1508//1508 1757//1757 1371//1371
f 2494//2494 2495//2495 2149//2149
f 2006//2006 2150//2150 2415//2415
f 1479//1479 1413//1413 1335//1335
f 2346//2346 2278//2278 2144//2144
f 1414//1414 1479//1479 1369//1369
f 2236//2236 2237//2237 1781//1781
f 1377//1377 1375//1375 1538//1538
f 1426//1426 1310//1310 1207//1207
f 1673//1673 1426//1426 1538//1538
f 1538//1538 1375//1375 1337//1337
f 1556//1556 1483//1483 1376//1376
f 1537//1537 1376//1376 1483//1483
f 1537//1537 1425//1425 1376//1376
f 1513//1513 1427//1427 1485//1485
f 1310//1310 1426//1426 1511//1511
f 1269//1269 1484//1484 1556//1556
f 1427//1427 1484//1484 1269//1269
f 1421//1421 1535//1535 1629//1629
f 1629//1629 1294//1294 1421//1421
f 1535//1535 1421//1421 1534//1534
f 1293//1293 1480//1480 1202//1202
f 1293//1293 1150//1150 1480//1480
f 1205//1205 1510//1510 1424//1424
f 1629//1629 1372//1372 1294//1294
f 1373//1373 1422//1422 1150//1150
f 1422//1422 1373//1373 1423//1423
f 1482//1482 1374//1374 1630//1630
f 1372//1372 1670//1670 1536//1536
f 1424//1424 1373//1373 1205//1205
f 2210//2210 1954//1954 2114//2114
f 2247//2247 2246//2246 2451//2451
f 2250//2250 2212//2212 2248//2248
f 2283//2283 2245//2245 2244//2244
f 2209//2209 2282//2282 2425//2425
f 2209//2209 2425//2425 1953//1953
f 1953//1953 2425//2425 2208//2208
f 2165//2165 2283//2283 2244//2244
f 2210//2210 2079//2079 1954//1954
f 2079//2079 2210//2210 2310//2310
f 2451//2451 2245//2245 2283//2283
f 2363//2363 2215//2215 2312//2312
f 2312//2312 2215//2215 2358//2358
f 2251//2251 2174//2174 2285//2285
f 2173//2173 2117//2117 2251//2251
f 2292//2292 2080//2080 2211//2211
f 1904//1904 2115//2115 2427//2427
f 2358//2358 2055//2055 2168//2168
f 2169//2169 2293//2293 2214//2214
f 1703//1703 2351//2351 2013//2013
f 3669//3669 2072//2072 2305//2305
f 2305//2305 2072//2072 1652//1652
f 2562//2562 2204//2204 2306//2306
f 2306//2306 2204//2204 2263//2263
f 2383//2383 1843//1843 2109//2109
f 2383//2383 2109//2109 2072//2072
f 2156//2156 2155//2155 2157//2157
f 2309//2309 2424//2424 1977//1977
f 2425//2425 2309//2309 2208//2208
f 2165//2165 2267//2267 2266//2266
f 2267//2267 2112//2112 2266//2266
f 2308//2308 1977//1977 2424//2424
f 2162//2162 2163//2163 2354//2354
f 2110//2110 2384//2384 2111//2111
f 2355//2355 2384//2384 2205//2205
f 2205//2205 2384//2384 2110//2110
f 2354//2354 2206//2206 2162//2162
f 2263//2263 2206//2206 2354//2354
f 2272//2272 2437//2437 2223//2223
f 2271//2271 1988//1988 2324//2324
f 2224//2224 2062//2062 2325//2325
f 2272//2272 2127//2127 2458//2458
f 2372//2372 2128//2128 2326//2326
f 2297//2297 2062//2062 2223//2223
f 2224//2224 2325//2325 2128//2128
f 2325//2325 2062//2062 2297//2297
f 2221//2221 2458//2458 2222//2222
f 2220//2220 1983//1983 1985//1985
f 1984//1984 1985//1985 1983//1983
f 2127//2127 2222//2222 2458//2458
f 2087//2087 2257//2257 2328//2328
f 2330//2330 2258//2258 2461//2461
f 2298//2298 2329//2329 2227//2227
f 2087//2087 2089//2089 2257//2257
f 2329//2329 2461//2461 2258//2258
f 2129//2129 2037//2037 2226//2226
f 2085//2085 2226//2226 2438//2438
f 2130//2130 2372//2372 2225//2225
f 2187//2187 2225//2225 2327//2327
f 2038//2038 2328//2328 2037//2037
f 2287//2287 2083//2083 2058//2058
f 2253//2253 2365//2365 2180//2180
f 2255//2255 2059//2059 2120//2120
f 2120//2120 2366//2366 2255//2255
f 1958//1958 2178//2178 2253//2253
f 2269//2269 2216//2216 2217//2217
f 2288//2288 1981//1981 2321//2321
f 2125//2125 1962//1962 2220//2220
f 2035//2035 2185//2185 2256//2256
f 2256//2256 2186//2186 2035//2035
f 2185//2185 2288//2288 2256//2256
f 2288//2288 2184//2184 1981//1981
f 2288//2288 2185//2185 2184//2184
f 2289//2289 2218//2218 1934//1934
f 2121//2121 2255//2255 2270//2270
f 2255//2255 2121//2121 2059//2059
f 2122//2122 2218//2218 2254//2254
f 2124//2124 2289//2289 1934//1934
f 2219//2219 2270//2270 2123//2123
f 2321//2321 2123//2123 2270//2270
f 2289//2289 2124//2124 2183//2183
f 2218//2218 2122//2122 1934//1934
f 2123//2123 2321//2321 2182//2182
f 2545//2545 2406//2406 2199//2199
f 1997//1997 2444//2444 2340//2340
f 2342//2342 2233//2233 2102//2102
f 1923//1923 2232//2232 2261//2261
f 2545//2545 2199//2199 2340//2340
f 2198//2198 2197//2197 2139//2139
f 2197//2197 2337//2337 2098//2098
f 2067//2067 2339//2339 1997//1997
f 2067//2067 2405//2405 2339//2339
f 2067//2067 1996//1996 2405//2405
f 2231//2231 2140//2140 2142//2142
f 1999//1999 2411//2411 2105//2105
f 2203//2203 2277//2277 2470//2470
f 2470//2470 2107//2107 2104//2104
f 2291//2291 2051//2051 2411//2411
f 2000//2000 2471//2471 2262//2262
f 1427//1427 1429//1429 1485//1485
f 2107//2107 2471//2471 2000//2000
f 1485//1485 1429//1429 1513//1513
f 2409//2409 2408//2408 2200//2200
f 2343//2343 2409//2409 2201//2201
f 2469//2469 2202//2202 2276//2276
f 2291//2291 2234//2234 2103//2103
f 2469//2469 2277//2277 2202//2202
f 2470//2470 2104//2104 2203//2203
f 2291//2291 2344//2344 2234//2234
f 2300//2300 2301//2301 2044//2044
f 2334//2334 2090//2090 2091//2091
f 2334//2334 2042//2042 2090//2090
f 2273//2273 2228//2228 2189//2189
f 2064//2064 2258//2258 2299//2299
f 2190//2190 2041//2041 2189//2189
f 2189//2189 2041//2041 2274//2274
f 2137//2137 2098//2098 2403//2403
f 2336//2336 2464//2464 2096//2096
f 2336//2336 2096//2096 2402//2402
f 2259//2259 2230//2230 2403//2403
f 2197//2197 1994//1994 2139//2139
f 2275//2275 1738//1738 2464//2464
f 2138//2138 2275//2275 2196//2196
f 2093//2093 2065//2065 2463//2463
f 2194//2194 2229//2229 2259//2259
f 2192//2192 2335//2335 2191//2191
f 2335//2335 2192//2192 2194//2194
f 2162//2162 2206//2206 1928//1928
f 1976//1976 2513//2513 2205//2205
f 2281//2281 2075//2075 1975//1975
f 2264//2264 1857//1857 2243//2243
f 2247//2247 2166//2166 2246//2246
f 1929//1929 1954//1954 2079//2079
f 2265//2265 2077//2077 2053//2053
f 1898//1898 1977//1977 2308//2308
f 1898//1898 2308//2308 2164//2164
f 1690//1690 1229//1229 1261//1261
f 1452//1452 1229//1229 1690//1690
f 1690//1690 1261//1261 1353//1353
f 2001//2001 1941//1941 1971//1971
f 1943//1943 2472//2472 1944//1944
f 1285//1285 1544//1544 1497//1497
f 998//998 1451//1451 1260//1260
f 1260//1260 1451//1451 1543//1543
f 1323//1323 1543//1543 998//998
f 1452//1452 1354//1354 1322//1322
f 1452//1452 1322//1322 1229//1229
f 1543//1543 1451//1451 998//998
f 1323//1323 1497//1497 1543//1543
f 2159//2159 2382//2382 1926//1926
f 2083//2083 2217//2217 1933//1933
f 2119//2119 1959//1959 2181//2181
f 2028//2028 1959//1959 2119//2119
f 2176//2176 2025//2025 2118//2118
f 1932//1932 2216//2216 1913//1913
f 2219//2219 2033//2033 2270//2270
f 1982//1982 1981//1981 2184//2184
f 2183//2183 2124//2124 2125//2125
f 2320//2320 2296//2296 2058//2058
f 2031//2031 2254//2254 2058//2058
f 2320//2320 2058//2058 2254//2254
f 2123//2123 2033//2033 2219//2219
f 2270//2270 2033//2033 2121//2121
f 2120//2120 2059//2059 2029//2029
f 2254//2254 2031//2031 2122//2122
f 2122//2122 2031//2031 1934//1934
f 2214//2214 1930//1930 2022//2022
f 2055//2055 2019//2019 2292//2292
f 1930//1930 2115//2115 1904//1904
f 2116//2116 2171//2171 1874//1874
f 2015//2015 2014//2014 2167//2167
f 1954//1954 1955//1955 2016//2016
f 2167//2167 2014//2014 2247//2247
f 1954//1954 2016//2016 2114//2114
f 2019//2019 1956//1956 2080//2080
f 2250//2250 2017//2017 2018//2018
f 1904//1904 2250//2250 2018//2018
f 2015//2015 2211//2211 2080//2080
f 2284//2284 2118//2118 1978//1978
f 2252//2252 2174//2174 2081//2081
f 2022//2022 2170//2170 2293//2293
f 2358//2358 1874//1874 2055//2055
f 2116//2116 1874//1874 2358//2358
f 1262//1262 1498//1498 1642//1642
f 2056//2056 2173//2173 2170//2170
f 2464//2464 1968//1968 1853//1853
f 2047//2047 1736//1736 1888//1888
f 2094//2094 2095//2095 2046//2046
f 1736//1736 2094//2094 2046//2046
f 1736//1736 2095//2095 2094//2094
f 2405//2405 1996//1996 2099//2099
f 1997//1997 1854//1854 1890//1890
f 2097//2097 2195//2195 2047//2047
f 2302//2302 1995//1995 1572//1572
f 2088//2088 2064//2064 1885//1885
f 2329//2329 2258//2258 2088//2088
f 2227//2227 2329//2329 2088//2088
f 1991//1991 1838//1838 2187//2187
f 2136//2136 1993//1993 2191//2191
f 2463//2463 2065//2065 1921//1921
f 1820//1820 2191//2191 1993//1993
f 2046//2046 2095//2095 1820//1820
f 1820//1820 2095//2095 2191//2191
f 2040//2040 1886//1886 1920//1920
f 2045//2045 2042//2042 1773//1773
f 2044//2044 2135//2135 1887//1887
f 1460//1460 1325//1325 1395//1395
f 1459//1459 1395//1395 1325//1325
f 1501//1501 1460//1460 1395//1395
f 1395//1395 1459//1459 1501//1501
f 1459//1459 1325//1325 1501//1501
f 1546//1546 1264//1264 1461//1461
f 1264//1264 1546//1546 1545//1545
f 1545//1545 1092//1092 1264//1264
f 1743//1743 1546//1546 1461//1461
f 1743//1743 1461//1461 1358//1358
f 1460//1460 1396//1396 1325//1325
f 1574//1574 1324//1324 1573//1573
f 1092//1092 1458//1458 1526//1526
f 1573//1573 1324//1324 1644//1644
f 1644//1644 1324//1324 1500//1500
f 1545//1545 1526//1526 1458//1458
f 1574//1574 1501//1501 1324//1324
f 1547//1547 1575//1575 1698//1698
f 1462//1462 1697//1697 1326//1326
f 1463//1463 1191//1191 1140//1140
f 1547//1547 1265//1265 1502//1502
f 1460//1460 1502//1502 1396//1396
f 1924//1924 1743//1743 1358//1358
f 1359//1359 1924//1924 1358//1358
f 1547//1547 1698//1698 1265//1265
f 1924//1924 1359//1359 1326//1326
f 1500//1500 1263//1263 1456//1456
f 1231//1231 1693//1693 1570//1570
f 1391//1391 1262//1262 1642//1642
f 1642//1642 1776//1776 1391//1391
f 1357//1357 1499//1499 1544//1544
f 1776//1776 1453//1453 1391//1391
f 1357//1357 1392//1392 1499//1499
f 1090//1090 1694//1694 1572//1572
f 1457//1457 1394//1394 1526//1526
f 1526//1526 1643//1643 1457//1457
f 1090//1090 1572//1572 1456//1456
f 1456//1456 1572//1572 1500//1500
f 1454//1454 1188//1188 1571//1571
f 1188//1188 1454//1454 1455//1455
f 1392//1392 1455//1455 1454//1454
f 1188//1188 1455//1455 1392//1392
f 1694//1694 1090//1090 1304//1304
f 1571//1571 1188//1188 1457//1457
f 2143//2143 2276//2276 1925//1925
f 2233//2233 2342//2342 1855//1855
f 1895//1895 2051//2051 2291//2291
f 2276//2276 2050//2050 1925//1925
f 1998//1998 2261//2261 2142//2142
f 2048//2048 2406//2406 2101//2101
f 1923//1923 2068//2068 2232//2232
f 2048//2048 2100//2100 2406//2406
f 1466//1466 1597//1597 1327//1327
f 1465//1465 1466//1466 1360//1360
f 1007//1007 1747//1747 1140//1140
f 1698//1698 1464//1464 1397//1397
f 1645//1645 1397//1397 1464//1464
f 1747//1747 1896//1896 1140//1140
f 1645//1645 1398//1398 1397//1397
f 1896//1896 1463//1463 1140//1140
f 1896//1896 1191//1191 1463//1463
f 1007//1007 1398//1398 1527//1527
f 1747//1747 1007//1007 1527//1527
f 2262//2262 2493//2493 2000//2000
f 811//811 1598//1598 1548//1548
f 1011//1011 1598//1598 811//811
f 1548//1548 1528//1528 1095//1095
f 2011//2011 2158//2158 1951//1951
f 2242//2242 2158//2158 2011//2011
f 2304//2304 2497//2497 2012//2012
f 2158//2158 2304//2304 1951//1951
f 1951//1951 2304//2304 2012//2012
f 2156//2156 2157//2157 1602//1602
f 2155//2155 2156//2156 1602//1602
f 2009//2009 2155//2155 1602//1602
f 2157//2157 2242//2242 2011//2011
f 2010//2010 2157//2157 2011//2011
f 1703//1703 1400//1400 2351//2351
f 1952//1952 2352//2352 2351//2351
f 2159//2159 1926//1926 2012//2012
f 2382//2382 2159//2159 2012//2012
f 2497//2497 2382//2382 2012//2012
f 1703//1703 2013//2013 1266//1266
f 2450//2450 2108//2108 2382//2382
f 1472//1472 2013//2013 2160//2160
f 2240//2240 2151//2151 1702//1702
f 2415//2415 2240//2240 1948//1948
f 1702//1702 2152//2152 1949//1949
f 2151//2151 2152//2152 1702//1702
f 2150//2150 2006//2006 1946//1946
f 2070//2070 2150//2150 1946//1946
f 2071//2071 2415//2415 1948//1948
f 2007//2007 2415//2415 2071//2071
f 2006//2006 2415//2415 2007//2007
f 1972//1972 2350//2350 1650//1650
f 2241//2241 2350//2350 1972//1972
f 2008//2008 2241//2241 1972//1972
f 1650//1650 2155//2155 2009//2009
f 2153//2153 2280//2280 1950//1950
f 2152//2152 2153//2153 1950//1950
f 1949//1949 2152//2152 1950//1950
f 2154//2154 2241//2241 2008//2008
f 2280//2280 2154//2154 1950//1950
f 1950//1950 2154//2154 2008//2008
f 2163//2163 2162//2162 2077//2077
f 2265//2265 2163//2163 2077//2077
f 2110//2110 2111//2111 1976//1976
f 2205//2205 2110//2110 1976//1976
f 2308//2308 2053//2053 2164//2164
f 2053//2053 2308//2308 2265//2265
f 2111//2111 2207//2207 2112//2112
f 2263//2263 2204//2204 2052//2052
f 2263//2263 2052//2052 2076//2076
f 2264//2264 2513//2513 1857//1857
f 2204//2204 2562//2562 1927//1927
f 2073//2073 2512//2512 2161//2161
f 2383//2383 2281//2281 1843//1843
f 2073//2073 2161//2161 1400//1400
f 2352//2352 1400//1400 2423//2423
f 2562//2562 2073//2073 1927//1927
f 2562//2562 2512//2512 2073//2073
f 2206//2206 2263//2263 1928//1928
f 2263//2263 2076//2076 1928//1928
f 1976//1976 1857//1857 2513//2513
f 2075//2075 2074//2074 1974//1974
f 2075//2075 2353//2353 2074//2074
f 2353//2353 2243//2243 2074//2074
f 1349//1349 1638//1638 1253//1253
f 1441//1441 1350//1350 1282//1282
f 1519//1519 1282//1282 1347//1347
f 1299//1299 1298//1298 1520//1520
f 1440//1440 1282//1282 1491//1491
f 1491//1491 1282//1282 1519//1519
f 1348//1348 1520//1520 1298//1298
f 1491//1491 1519//1519 1440//1440
f 1520//1520 1348//1348 1253//1253
f 1542//1542 1349//1349 1493//1493
f 1492//1492 1283//1283 1178//1178
f 1283//1283 1492//1492 1686//1686
f 1639//1639 1638//1638 1349//1349
f 1441//1441 1492//1492 1178//1178
f 2237//2237 2238//2238 1783//1783
f 2002//2002 2237//2237 1783//1783
f 1783//1783 2472//2472 2003//2003
f 2238//2238 2472//2472 1783//1783
f 2146//2146 2236//2236 1781//1781
f 1782//1782 2237//2237 2002//2002
f 1841//1841 2149//2149 1945//1945
f 2495//2495 2070//2070 1945//1945
f 2149//2149 2495//2495 1945//1945
f 2494//2494 2149//2149 1841//1841
f 2005//2005 2494//2494 1841//1841
f 1944//1944 2147//2147 2004//2004
f 2239//2239 2147//2147 1944//1944
f 2472//2472 2239//2239 1944//1944
f 2004//2004 2279//2279 2005//2005
f 2148//2148 2004//2004 2005//2005
f 1298//1298 1385//1385 1387//1387
f 1385//1385 1386//1386 1387//1387
f 1299//1299 1385//1385 1298//1298
f 1727//1727 1347//1347 1346//1346
f 2144//2144 2278//2278 1971//1971
f 2346//2346 2144//2144 1971//1971
f 2160//2160 2346//2346 2069//2069
f 2069//2069 2346//2346 1971//1971
f 2145//2145 2278//2278 2001//2001
f 1971//1971 2145//2145 2001//2001
f 2278//2278 2145//2145 1971//1971
f 1562//1562 1252//1252 1384//1384
f 2316//2316 2081//2081 2175//2175
f 2023//2023 2175//2175 2081//2081
f 2252//2252 2081//2081 2316//2316
f 2269//2269 2057//2057 2024//2024
f 2023//2023 2057//2057 2175//2175
f 2176//2176 2118//2118 2314//2314
f 2284//2284 1978//1978 2172//2172
f 2251//2251 2117//2117 2174//2174
f 2117//2117 2173//2173 2056//2056
f 2284//2284 2172//2172 2363//2363
f 2171//2171 2363//2363 2172//2172
f 2252//2252 2268//2268 2174//2174
f 2314//2314 2118//2118 2284//2284
f 2217//2217 2083//2083 2287//2287
f 2180//2180 2365//2365 2181//2181
f 2180//2180 2181//2181 1958//1958
f 2029//2029 2366//2366 2120//2120
f 2028//2028 2366//2366 2029//2029
f 2365//2365 2119//2119 2181//2181
f 2366//2366 2028//2028 2365//2365
f 2365//2365 2028//2028 2119//2119
f 2216//2216 1980//1980 2217//2217
f 2216//2216 2269//2269 1913//1913
f 2024//2024 1913//1913 2269//2269
f 1980//1980 2216//2216 1932//1932
f 2180//2180 1958//1958 2253//2253
f 2177//2177 2253//2253 2178//2178
f 1980//1980 1933//1933 2179//2179
f 2217//2217 2179//2179 1933//1933
f 2217//2217 1980//1980 2179//2179
f 2178//2178 1958//1958 2177//2177
f 2079//2079 2310//2310 2282//2282
f 2079//2079 2282//2282 2078//2078
f 2246//2246 2166//2166 2451//2451
f 2166//2166 2245//2245 2451//2451
f 2167//2167 2249//2249 2015//2015
f 2165//2165 2113//2113 2267//2267
f 2208//2208 2309//2309 1953//1953
f 2267//2267 2054//2054 2112//2112
f 2245//2245 2166//2166 2244//2244
f 2078//2078 2282//2282 2209//2209
f 2113//2113 2165//2165 2244//2244
f 1953//1953 2078//2078 2209//2209
f 2293//2293 2169//2169 2022//2022
f 2214//2214 2022//2022 2169//2169
f 2168//2168 2055//2055 2292//2292
f 2214//2214 2293//2293 1930//1930
f 2115//2115 1930//1930 2293//2293
f 2363//2363 2171//2171 2215//2215
f 2293//2293 2170//2170 2173//2173
f 2215//2215 2171//2171 2116//2116
f 2116//2116 2358//2358 2215//2215
f 2015//2015 2249//2249 2211//2211
f 2017//2017 2250//2250 2248//2248
f 2250//2250 1904//1904 2212//2212
f 1904//1904 2427//2427 2213//2213
f 2212//2212 1904//1904 2213//2213
f 2019//2019 2080//2080 2292//2292
f 2090//2090 2042//2042 2045//2045
f 2300//2300 2044//2044 2134//2134
f 2133//2133 2274//2274 2043//2043
f 2134//2134 1886//1886 2300//2300
f 2133//2133 2132//2132 2042//2042
f 1993//1993 2136//2136 2092//2092
f 2136//2136 2290//2290 2092//2092
f 2301//2301 2400//2400 1921//1921
f 2290//2290 2091//2091 2092//2092
f 2090//2090 2092//2092 2091//2091
f 2044//2044 2301//2301 2135//2135
f 2463//2463 1921//1921 2400//2400
f 1919//1919 2041//2041 2131//2131
f 2190//2190 2189//2189 1919//1919
f 1919//1919 2189//2189 2228//2228
f 2228//2228 2188//2188 1919//1919
f 1919//1919 2188//2188 2089//2089
f 2190//2190 2131//2131 2041//2041
f 1919//1919 2131//2131 2190//2190
f 2227//2227 2088//2088 1992//1992
f 2042//2042 2132//2132 2043//2043
f 2133//2133 2043//2043 2132//2132
f 2064//2064 1886//1886 2040//2040
f 2334//2334 2133//2133 2042//2042
f 2402//2402 2096//2096 2193//2193
f 2047//2047 2194//2194 1736//1736
f 2229//2229 2194//2194 2047//2047
f 2464//2464 1853//1853 2096//2096
f 2195//2195 2230//2230 2047//2047
f 2403//2403 2230//2230 2195//2195
f 2230//2230 2229//2229 2047//2047
f 2259//2259 2229//2229 2230//2230
f 1968//1968 2464//2464 1738//1738
f 2401//2401 1776//1776 2066//2066
f 2194//2194 2192//2192 1736//1736
f 2401//2401 2066//2066 2093//2093
f 2095//2095 1736//1736 2192//2192
f 2191//2191 2095//2095 2192//2192
f 2272//2272 2223//2223 1987//1987
f 1988//1988 2271//2271 2061//2061
f 2222//2222 2126//2126 2221//2221
f 1989//1989 2438//2438 2063//2063
f 1988//1988 2438//2438 2324//2324
f 2272//2272 1987//1987 2127//2127
f 2185//2185 1982//1982 2184//2184
f 1962//1962 2034//2034 2220//2220
f 2222//2222 1964//1964 2126//2126
f 2084//2084 2271//2271 2036//2036
f 2221//2221 1986//1986 2186//2186
f 2221//2221 2126//2126 1986//1986
f 1983//1983 2220//2220 2034//2034
f 2087//2087 2328//2328 2038//2038
f 2086//2086 1991//1991 2187//2187
f 2130//2130 2187//2187 1882//1882
f 2039//2039 1919//1919 2089//2089
f 2064//2064 2088//2088 2258//2258
f 2089//2089 2087//2087 2039//2039
f 2227//2227 2086//2086 2298//2298
f 2086//2086 2227//2227 1991//1991
f 2130//2130 1990//1990 2372//2372
f 2438//2438 1988//1988 2063//2063
f 2438//2438 1989//1989 2085//2085
f 2129//2129 2226//2226 2085//2085
f 2130//2130 2225//2225 2187//2187
f 2037//2037 2129//2129 1818//1818
f 1966//1966 2038//2038 2037//2037
f 2187//2187 1838//1838 1882//1882
f 2128//2128 2372//2372 1990//1990
f 1568//1568 1524//1524 1182//1182
f 1496//1496 1566//1566 1448//1448
f 1523//1523 1302//1302 1616//1616
f 1568//1568 1302//1302 1523//1523
f 1999//1999 1897//1897 2345//2345
f 2106//2106 2493//2493 2235//2235
f 1543//1543 1321//1321 1260//1260
f 1450//1450 1320//1320 1524//1524
f 1182//1182 1524//1524 1320//1320
f 1525//1525 1569//1569 1079//1079
f 1320//1320 1690//1690 1353//1353
f 1321//1321 1543//1543 1525//1525
f 1443//1443 1301//1301 1688//1688
f 1589//1589 1388//1388 1442//1442
f 1686//1686 1589//1589 1180//1180
f 1686//1686 1180//1180 1283//1283
f 1301//1301 1443//1443 1256//1256
f 1494//1494 1442//1442 1388//1388
f 1443//1443 1255//1255 1256//1256
f 1689//1689 1495//1495 1496//1496
f 1446//1446 1616//1616 1302//1302
f 1563//1563 1616//1616 1446//1446
f 1496//1496 1448//1448 1689//1689
f 1449//1449 1445//1445 1447//1447
f 1444//1444 1496//1496 1495//1495
f 1444//1444 1688//1688 1301//1301
f 1564//1564 1303//1303 1389//1389
f 1447//1447 1389//1389 1303//1303
f 1564//1564 1302//1302 1303//1303
f 1563//1563 1446//1446 1521//1521
f 2142//2142 2141//2141 1891//1891
f 1970//1970 2260//2260 2139//2139
f 2199//2199 2406//2406 1619//1619
f 1998//1998 2142//2142 1891//1891
f 1854//1854 1997//1997 2340//2340
f 2140//2140 2141//2141 2142//2142
f 1572//1572 2196//2196 2302//2302
f 2137//2137 2403//2403 2097//2097
f 2195//2195 2097//2097 2403//2403
f 2275//2275 2138//2138 1738//1738
f 2137//2137 2097//2097 2098//2098
f 2141//2141 2140//2140 1970//1970
f 2140//2140 2260//2260 1970//1970
f 2197//2197 2098//2098 1994//1994
f 2196//2196 1572//1572 2138//2138
f 2405//2405 2099//2099 2302//2302
f 2198//2198 2139//2139 2260//2260
f 2302//2302 2099//2099 1995//1995
f 2202//2202 2050//2050 2276//2276
f 2234//2234 2344//2344 2103//2103
f 2202//2202 2277//2277 2050//2050
f 2344//2344 2343//2343 2103//2103
f 2203//2203 2104//2104 2277//2277
f 2107//2107 1938//1938 2104//2104
f 2105//2105 2411//2411 2051//2051
f 2235//2235 2345//2345 1897//1897
f 2068//2068 2409//2409 2200//2200
f 2100//2100 1619//1619 2406//2406
f 2102//2102 2101//2101 2406//2406
f 2276//2276 2143//2143 1855//1855
f 1925//1925 1855//1855 2143//2143
f 2343//2343 2201//2201 2049//2049
f 2103//2103 2343//2343 2049//2049
f 2276//2276 1855//1855 2342//2342
f 2200//2200 2232//2232 2068//2068
f 1822//1822 2102//2102 2233//2233
f 4416//4416 4396//4396 4376//4376
f 4289//4289 4623//4623 4449//4449
f 4395//4395 4408//4408 4375//4375
f 4391//4391 4428//4428 4446//4446
f 4413//4413 4366//4366 4272//4272
f 4404//4404 4272//4272 4273//4273
f 878//878 984//984 1064//1064
f 4404//4404 4442//4442 4272//4272
f 4940//4940 4390//4390 4706//4706
f 899//899 940//940 874//874
f 898//898 844//844 973//973
f 842//842 897//897 799//799
f 939//939 875//875 900//900
f 875//875 976//976 900//900
f 4392//4392 4538//4538 4414//4414
f 4347//4347 4510//4510 4509//4509
f 4210//4210 4592//4592 4126//4126
f 4589//4589 4407//4407 4446//4446
f 4126//4126 4796//4796 4429//4429
f 4486//4486 4610//4610 4308//4308
f 3955//3955 4386//4386 4519//4519
f 4519//4519 4356//4356 3955//3955
f 4487//4487 4459//4459 4259//4259
f 4539//4539 4499//4499 4540//4540
f 4300//4300 4514//4514 4483//4483
f 4480//4480 4397//4397 4297//4297
f 4498//4498 4397//4397 4480//4480
f 4549//4549 4432//4432 4385//4385
f 4483//4483 4677//4677 4383//4383
f 4382//4382 4483//4483 4383//4383
f 3790//3790 4491//4491 4779//4779
f 4524//4524 4581//4581 4580//4580
f 4413//4413 4272//4272 4441//4441
f 4751//4751 4474//4474 4365//4365
f 4477//4477 4277//4277 4506//4506
f 4502//4502 4400//4400 4436//4436
f 4470//4470 4522//4522 4389//4389
f 4439//4439 4362//4362 4504//4504
f 4402//4402 4615//4615 4473//4473
f 4579//4579 4440//4440 4578//4578
f 4267//4267 4503//4503 4330//4330
f 4578//4578 4401//4401 4426//4426
f 4596//4596 4392//4392 4709//4709
f 4596//4596 4538//4538 4392//4392
f 4659//4659 4709//4709 4392//4392
f 4237//4237 4373//4373 4660//4660
f 4414//4414 4538//4538 4497//4497
f 4447//4447 4593//4593 4971//4971
f 4448//4448 4708//4708 4430//4430
f 4708//4708 4659//4659 4430//4430
f 4658//4658 4448//4448 4447//4447
f 4626//4626 4450//4450 4416//4416
f 4598//4598 4431//4431 4599//4599
f 4512//4512 4417//4417 4450//4450
f 4669//4669 4174//4174 4409//4409
f 4497//4497 4415//4415 4414//4414
f 4497//4497 4662//4662 4415//4415
f 4395//4395 4376//4376 4408//4408
f 4395//4395 4416//4416 4376//4376
f 4706//4706 4167//4167 4444//4444
f 4405//4405 4507//4507 4444//4444
f 4495//4495 4390//4390 4653//4653
f 4390//4390 4167//4167 4706//4706
f 4940//4940 4653//4653 4390//4390
f 4405//4405 4477//4477 4616//4616
f 4279//4279 4789//4789 4206//4206
f 4589//4589 4656//4656 4593//4593
f 4532//4532 4495//4495 4508//4508
f 4428//4428 4790//4790 4534//4534
f 4406//4406 4510//4510 4347//4347
f 4790//4790 4428//4428 4532//4532
f 4551//4551 4356//4356 4519//4519
f 4549//4549 4385//4385 4607//4607
f 4097//4097 4178//4178 4456//4456
f 4549//4549 4251//4251 4432//4432
f 4411//4411 4460//4460 4553//4553
f 4411//4411 4553//4553 4488//4488
f 4489//4489 4778//4778 4359//4359
f 4685//4685 4261//4261 4259//4259
f 4261//4261 4685//4685 4359//4359
f 4261//4261 4359//4359 4461//4461
f 4520//4520 4433//4433 4410//4410
f 4386//4386 4433//4433 4520//4520
f 4539//4539 4397//4397 4498//4498
f 4398//4398 4673//4673 4481//4481
f 4399//4399 4453//4453 4452//4452
f 4480//4480 4479//4479 4417//4417
f 4480//4480 4417//4417 4512//4512
f 4451//4451 4876//4876 4379//4379
f 4379//4379 4876//4876 4513//4513
f 4456//4456 4517//4517 4384//4384
f 4607//4607 4455//4455 4547//4547
f 4547//4547 4455//4455 4484//4484
f 4484//4484 4546//4546 4547//4547
f 4540//4540 4482//4482 4300//4300
f 4676//4676 4677//4677 4483//4483
f 4516//4516 4542//4542 4248//4248
f 4675//4675 4676//4676 4483//4483
f 4514//4514 4675//4675 4483//4483
f 4564//4564 4465//4465 4420//4420
f 4420//4420 4465//4465 4320//4320
f 4322//4322 4467//4467 4323//4323
f 4320//4320 4466//4466 4321//4321
f 4108//4108 4320//4320 4321//4321
f 3979//3979 4463//4463 4464//4464
f 4636//4636 4315//4315 4388//4388
f 4402//4402 4163//4163 4615//4615
f 4441//4441 4403//4403 4413//4413
f 4579//4579 4578//4578 4523//4523
f 4439//4439 4504//4504 4412//4412
f 4579//4579 4580//4580 4440//4440
f 4362//4362 4473//4473 4493//4493
f 4362//4362 4493//4493 4504//4504
f 4367//4367 4476//4476 4702//4702
f 4166//4166 4788//4788 4650//4650
f 4506//4506 4527//4527 4528//4528
f 4506//4506 4443//4443 4527//4527
f 4648//4648 4475//4475 4474//4474
f 4442//4442 4441//4441 4272//4272
f 4475//4475 4648//4648 4476//4476
f 4650//4650 4404//4404 4273//4273
f 4469//4469 4435//4435 4501//4501
f 4522//4522 4423//4423 4389//4389
f 4467//4467 4468//4468 4193//4193
f 4468//4468 4324//4324 4193//4193
f 4492//4492 4421//4421 4423//4423
f 4492//4492 4491//4491 4421//4421
f 4330//4330 4472//4472 4644//4644
f 4330//4330 4644//4644 4471//4471
f 4401//4401 4693//4693 4426//4426
f 4330//4330 4503//4503 4472//4472
f 4693//4693 4401//4401 4438//4438
f 4226//4226 4437//4437 4810//4810
f 4424//4424 4809//4809 4436//4436
f 4424//4424 4643//4643 4809//4809
f 4690//4690 4436//4436 4809//4809
f 4437//4437 4471//4471 4810//4810
f 879//879 852//852 902//902
f 976//976 941//941 900//900
f 938//938 939//939 900//900
f 978//978 979//979 900//900
f 938//938 900//900 979//979
f 976//976 978//978 900//900
f 939//939 844//844 875//875
f 4293//4293 4396//4396 4450//4450
f 4088//4088 4377//4377 4148//4148
f 4392//4392 4172//4172 4238//4238
f 878//878 1061//1061 984//984
f 878//878 942//942 982//982
f 1056//1056 942//942 847//847
f 847//847 876//876 1056//1056
f 942//942 1056//1056 1058//1058
f 4161//4161 4471//4471 4213//4213
f 4269//4269 4199//4199 4118//4118
f 4227//4227 4361//4361 4331//4331
f 4197//4197 4331//4331 4438//4438
f 4421//4421 4491//4491 3790//3790
f 4407//4407 4282//4282 3991//3991
f 4200//4200 4270//4270 4341//4341
f 4180//4180 4581//4581 4214//4214
f 4341//4341 4581//4581 4180//4180
f 3962//3962 4201//4201 4269//4269
f 4127//4127 4240//4240 4147//4147
f 4185//4185 4396//4396 4129//4129
f 4173//4173 4396//4396 4293//4293
f 906//906 948//948 905//905
f 4258//4258 4257//4257 4137//4137
f 473//473 821//821 868//868
f 652//652 1840//1840 712//712
f 4469//4469 4265//4265 4435//4435
f 4225//4225 4470//4470 4389//4389
f 3790//3790 4779//4779 4263//4263
f 4226//4226 4213//4213 4437//4437
f 4329//4329 4502//4502 4425//4425
f 1232//1232 751//751 778//778
f 1325//1325 1003//1003 890//890
f 912//912 1004//1004 889//889
f 4468//4468 4360//4360 4324//4324
f 4209//4209 4210//4210 4126//4126
f 4276//4276 4206//4206 4345//4345
f 4411//4411 4410//4410 4310//4310
f 4259//4259 4261//4261 4311//4311
f 4259//4259 4358//4358 4487//4487
f 4356//4356 4307//4307 4253//4253
f 4253//4253 3955//3955 4356//4356
f 4630//4630 4156//4156 4458//4458
f 4257//4257 4410//4410 4433//4433
f 4487//4487 4223//4223 4610//4610
f 4254//4254 4357//4357 4255//4255
f 864//864 885//885 910//910
f 4359//4359 4778//4778 4260//4260
f 889//889 911//911 807//807
f 4262//4262 4461//4461 4359//4359
f 4483//4483 4382//4382 4353//4353
f 4516//4516 4248//4248 4381//4381
f 4483//4483 4353//4353 4300//4300
f 4397//4397 4539//4539 4298//4298
f 4052//4052 4248//4248 4454//4454
f 4247//4247 4300//4300 4380//4380
f 4352//4352 4300//4300 4247//4247
f 4540//4540 4299//4299 4539//4539
f 4539//4539 4299//4299 4133//4133
f 4540//4540 4221//4221 4151//4151
f 4540//4540 4300//4300 4221//4221
f 4305//4305 4485//4485 4178//4178
f 4017//4017 4306//4306 4485//4485
f 4355//4355 4251//4251 4457//4457
f 4455//4455 4354//4354 4484//4484
f 4304//4304 4484//4484 4354//4354
f 4484//4484 4154//4154 4095//4095
f 4516//4516 4249//4249 4055//4055
f 4484//4484 4095//4095 4383//4383
f 4456//4456 4384//4384 4250//4250
f 4096//4096 4456//4456 4250//4250
f 4097//4097 4456//4456 4222//4222
f 4432//4432 4455//4455 4385//4385
f 4055//4055 4303//4303 4384//4384
f 4607//4607 4385//4385 4455//4455
f 4250//4250 4384//4384 4302//4302
f 4384//4384 4303//4303 4302//4302
f 4313//4313 4418//4418 4100//4100
f 4157//4157 4100//4100 4463//4463
f 4556//4556 4189//4189 4112//4112
f 4312//4312 4556//4556 4065//4065
f 4556//4556 4387//4387 4065//4065
f 4464//4464 4388//4388 4314//4314
f 4101//4101 4464//4464 4314//4314
f 4419//4419 4464//4464 4101//4101
f 4464//4464 4419//4419 3931//3931
f 3979//3979 4464//4464 3931//3931
f 1258//1258 945//945 724//724
f 1258//1258 724//724 904//904
f 4326//4326 4500//4500 4112//4112
f 1442//1442 698//698 855//855
f 4109//4109 4321//4321 4158//4158
f 4468//4468 4687//4687 4360//4360
f 4564//4564 4420//4420 4319//4319
f 4317//4317 4564//4564 4318//4318
f 4104//4104 4316//4316 3841//3841
f 4191//4191 4320//4320 4108//4108
f 4319//4319 4420//4420 4320//4320
f 863//863 909//909 908//908
f 908//908 948//948 906//906
f 999//999 859//859 883//883
f 670//670 882//882 775//775
f 4273//4273 4122//4122 4650//4650
f 4367//4367 4274//4274 4476//4476
f 4527//4527 4343//4343 4342//4342
f 4527//4527 4342//4342 4367//4367
f 4275//4275 4166//4166 4650//4650
f 4275//4275 4650//4650 4123//4123
f 4204//4204 4272//4272 4366//4366
f 4274//4274 4475//4475 4476//4476
f 4475//4475 4274//4274 4009//4009
f 4077//4077 4445//4445 4494//4494
f 4477//4477 4405//4405 4231//4231
f 4495//4495 4232//4232 4390//4390
f 4390//4390 4080//4080 4167//4167
f 4527//4527 4443//4443 4344//4344
f 4344//4344 4443//4443 4506//4506
f 4506//4506 4277//4277 4344//4344
f 4207//4207 4206//4206 4144//4144
f 4278//4278 4279//4279 4206//4206
f 4473//4473 4339//4339 4402//4402
f 4337//4337 4578//4578 4363//4363
f 4578//4578 4440//4440 4363//4363
f 4332//4332 4268//4268 4401//4401
f 4197//4197 4438//4438 4401//4401
f 4332//4332 4401//4401 4334//4334
f 4581//4581 4787//4787 4365//4365
f 4366//4366 4413//4413 4202//4202
f 4362//4362 4339//4339 4473//4473
f 4163//4163 4364//4364 4403//4403
f 4163//4163 4402//4402 4340//4340
f 4449//4449 4288//4288 4289//4289
f 4289//4289 4290//4290 4598//4598
f 4396//4396 4291//4291 4376//4376
f 4377//4377 4431//4431 3946//3946
f 3997//3997 4598//4598 4290//4290
f 4218//4218 4287//4287 4449//4449
f 4286//4286 4285//4285 4217//4217
f 4218//4218 4286//4286 4217//4217
f 4240//4240 4394//4394 4415//4415
f 4374//4374 4395//4395 4375//4375
f 4415//4415 4395//4395 4240//4240
f 4218//4218 4449//4449 4393//4393
f 4479//4479 4351//4351 4417//4417
f 4150//4150 4398//4398 4481//4481
f 4480//4480 4297//4297 4295//4295
f 4150//4150 4399//4399 4398//4398
f 4480//4480 4295//4295 4479//4479
f 4296//4296 4481//4481 4602//4602
f 4130//4130 4409//4409 4219//4219
f 4219//4219 4409//4409 4174//4174
f 4450//4450 4292//4292 4293//4293
f 4174//4174 4668//4668 4377//4377
f 4416//4416 4450//4450 4396//4396
f 4417//4417 4378//4378 4450//4450
f 4417//4417 4294//4294 4350//4350
f 4378//4378 4292//4292 4450//4450
f 4391//4391 4369//4369 4428//4428
f 4446//4446 4407//4407 4370//4370
f 4446//4446 4370//4370 4391//4391
f 4126//4126 4429//4429 4234//4234
f 4346//4346 4495//4495 4532//4532
f 4346//4346 4232//4232 4495//4495
f 4168//4168 4368//4368 4587//4587
f 4427//4427 4281//4281 4347//4347
f 4280//4280 4281//4281 4427//4427
f 4406//4406 4347//4347 3865//3865
f 4428//4428 4216//4216 4532//4532
f 4428//4428 4369//4369 4216//4216
f 4373//4373 4237//4237 4284//4284
f 4392//4392 4238//4238 4659//4659
f 4414//4414 4394//4394 4392//4392
f 4414//4414 4415//4415 4394//4394
f 4285//4285 4373//4373 4349//4349
f 4593//4593 4236//4236 4589//4589
f 4235//4235 4372//4372 4371//4371
f 4447//4447 4236//4236 4593//4593
f 4501//4501 4435//4435 4264//4264
f 4265//4265 4266//4266 4435//4435
f 4224//4224 3985//3985 4423//4423
f 4885//4885 4640//4640 4434//4434
f 933//933 896//896 934//934
f 934//934 935//935 970//970
f 934//934 838//838 935//935
f 1043//1043 833//833 965//965
f 1043//1043 931//931 930//930
f 1043//1043 930//930 833//833
f 4271//4271 4039//4039 4214//4214
f 4164//4164 4364//4364 4163//4163
f 4214//4214 4581//4581 4365//4365
f 4202//4202 4204//4204 4366//4366
f 4365//4365 4203//4203 4039//4039
f 4580//4580 4270//4270 4200//4200
f 4123//4123 4166//4166 4275//4275
f 4230//4230 4367//4367 4205//4205
f 4342//4342 4205//4205 4367//4367
f 4123//4123 4650//4650 4122//4122
f 3989//3989 4345//4345 4505//4505
f 4342//4342 4343//4343 4205//4205
f 3989//3989 4505//4505 4166//4166
f 4527//4527 4344//4344 4343//4343
f 4272//4272 4165//4165 4122//4122
f 4474//4474 4475//4475 4009//4009
f 4165//4165 4272//4272 4204//4204
f 4365//4365 4474//4474 4203//4203
f 4203//4203 4474//4474 4009//4009
f 4230//4230 4274//4274 4367//4367
f 4272//4272 4122//4122 4273//4273
f 4274//4274 4230//4230 4009//4009
f 4116//4116 4162//4162 4330//4330
f 4194//4194 4114//4114 4470//4470
f 4227//4227 4196//4196 4400//4400
f 4195//4195 4213//4213 4226//4226
f 4424//4424 4436//4436 4069//4069
f 4229//4229 4338//4338 4199//4199
f 4337//4337 4440//4440 4200//4200
f 4363//4363 4440//4440 4337//4337
f 4269//4269 4229//4229 4199//4199
f 4162//4162 4267//4267 4198//4198
f 4117//4117 3936//3936 4199//4199
f 4332//4332 4334//4334 4228//4228
f 4332//4332 4197//4197 4268//4268
f 4117//4117 4267//4267 4162//4162
f 4219//4219 4174//4174 4130//4130
f 4292//4292 4244//4244 4293//4293
f 4395//4395 4374//4374 4240//4240
f 4242//4242 4396//4396 4185//4185
f 4242//4242 4185//4185 4376//4376
f 4298//4298 4133//4133 4397//4397
f 4220//4220 4246//4246 4245//4245
f 4186//4186 4379//4379 4220//4220
f 3991//3991 4370//4370 4407//4407
f 3941//3941 4427//4427 3864//3864
f 4239//4239 4172//4172 4392//4392
f 4392//4392 4394//4394 4239//4239
f 4448//4448 4430//4430 4171//4171
f 4348//4348 4237//4237 3944//3944
f 899//899 1046//1046 940//940
f 935//935 842//842 936//936
f 897//897 842//842 935//935
f 973//973 842//842 898//898
f 936//936 842//842 972//972
f 4484//4484 4304//4304 4154//4154
f 4151//4151 4133//4133 4540//4540
f 4253//4253 4307//4307 4018//4018
f 4308//4308 4223//4223 3975//3975
f 4256//4256 4386//4386 3955//3955
f 4256//4256 4257//4257 4433//4433
f 4432//4432 3729//3729 4155//4155
f 4179//4179 4017//4017 4485//4485
f 4251//4251 3729//3729 4432//4432
f 4156//4156 4355//4355 4252//4252
f 4252//4252 4458//4458 4156//4156
f 4556//4556 4312//4312 4189//4189
f 4189//4189 4312//4312 4065//4065
f 4387//4387 4313//4313 4065//4065
f 4500//4500 4556//4556 4112//4112
f 4106//4106 4317//4317 4107//4107
f 4564//4564 4319//4319 4107//4107
f 4318//4318 4564//4564 4107//4107
f 4317//4317 4318//4318 4107//4107
f 4319//4319 4320//4320 4191//4191
f 4108//4108 4321//4321 3933//3933
f 4192//4192 4108//4108 3933//3933
f 4065//4065 4313//4313 4100//4100
f 4157//4157 4463//4463 3979//3979
f 4102//4102 4388//4388 4190//4190
f 4103//4103 4315//4315 4104//4104
f 4190//4190 4315//4315 4103//4103
f 4316//4316 4317//4317 4106//4106
f 4105//4105 4316//4316 4106//4106
f 4101//4101 4388//4388 4102//4102
f 4314//4314 4388//4388 4101//4101
f 3931//3931 4419//4419 4101//4101
f 4388//4388 4315//4315 4190//4190
f 957//957 1035//1035 870//870
f 4117//4117 4412//4412 4267//4267
f 4267//4267 4412//4412 4333//4333
f 4117//4117 4199//4199 4439//4439
f 4335//4335 4334//4334 4401//4401
f 4439//4439 4412//4412 4117//4117
f 4439//4439 4199//4199 4338//4338
f 4578//4578 4334//4334 4335//4335
f 4335//4335 4401//4401 4578//4578
f 4334//4334 4578//4578 4336//4336
f 4336//4336 4578//4578 4337//4337
f 4439//4439 4338//4338 4362//4362
f 4331//4331 4577//4577 4438//4438
f 4268//4268 4197//4197 4401//4401
f 4198//4198 4267//4267 4330//4330
f 4198//4198 4330//4330 4162//4162
f 4403//4403 4364//4364 4413//4413
f 4201//4201 4163//4163 4269//4269
f 4271//4271 4214//4214 4365//4365
f 4365//4365 4039//4039 4271//4271
f 4413//4413 4164//4164 4202//4202
f 4364//4364 4164//4164 4413//4413
f 4269//4269 4339//4339 4362//4362
f 4269//4269 4362//4362 4229//4229
f 4402//4402 4269//4269 4340//4340
f 4362//4362 4338//4338 4229//4229
f 4440//4440 4580//4580 4200//4200
f 4581//4581 4341//4341 4580//4580
f 4270//4270 4580//4580 4341//4341
f 4339//4339 4269//4269 4402//4402
f 4269//4269 4163//4163 4340//4340
f 4422//4422 4212//4212 4640//4640
f 4423//4423 4421//4421 4224//4224
f 4266//4266 4469//4469 4327//4327
f 4194//4194 4423//4423 3985//3985
f 4422//4422 4264//4264 4212//4212
f 4422//4422 4501//4501 4264//4264
f 4265//4265 4469//4469 4266//4266
f 4158//4158 4322//4322 4323//4323
f 4324//4324 4325//4325 3983//3983
f 4323//4323 4467//4467 4110//4110
f 3933//3933 4321//4321 4109//4109
f 4321//4321 4322//4322 4158//4158
f 4687//4687 4434//4434 3894//3894
f 4324//4324 4360//4360 4325//4325
f 4467//4467 4193//4193 4110//4110
f 4193//4193 4324//4324 3983//3983
f 4227//4227 4400//4400 4502//4502
f 4502//4502 4329//4329 4227//4227
f 4471//4471 4437//4437 4213//4213
f 4116//4116 4471//4471 4161//4161
f 4425//4425 4577//4577 4331//4331
f 4471//4471 4116//4116 4330//4330
f 4329//4329 4361//4361 4227//4227
f 4425//4425 4361//4361 4329//4329
f 4361//4361 4425//4425 4331//4331
f 4470//4470 4139//4139 4328//4328
f 4139//4139 4470//4470 4114//4114
f 4328//4328 4226//4226 4470//4470
f 4194//4194 4389//4389 4423//4423
f 4470//4470 4225//4225 4194//4194
f 4225//4225 4389//4389 4194//4194
f 4572//4572 4424//4424 4469//4469
f 4328//4328 4195//4195 4226//4226
f 4196//4196 4436//4436 4400//4400
f 4373//4373 4284//4284 4349//4349
f 4217//4217 4285//4285 4349//4349
f 4394//4394 4240//4240 4146//4146
f 4393//4393 4286//4286 4218//4218
f 3943//3943 4235//4235 4371//4371
f 4496//4496 4283//4283 4235//4235
f 4237//4237 4348//4348 4349//4349
f 4659//4659 4238//4238 4430//4430
f 4284//4284 4237//4237 4349//4349
f 4448//4448 4171//4171 4447//4447
f 4496//4496 3944//3944 4237//4237
f 4148//4148 4377//4377 3946//3946
f 4088//4088 4174//4174 4377//4377
f 4245//4245 4409//4409 4130//4130
f 4417//4417 4244//4244 4378//4378
f 4292//4292 4378//4378 4244//4244
f 4246//4246 4409//4409 4245//4245
f 4241//4241 4184//4184 4289//4289
f 4376//4376 4185//4185 4147//4147
f 4290//4290 4289//4289 4184//4184
f 4375//4375 4147//4147 4240//4240
f 4288//4288 4449//4449 4241//4241
f 4374//4374 4375//4375 4240//4240
f 4287//4287 4241//4241 4449//4449
f 4376//4376 4147//4147 4408//4408
f 4288//4288 4241//4241 4289//4289
f 4375//4375 4408//4408 4147//4147
f 3946//3946 4431//4431 4243//4243
f 4291//4291 4396//4396 4242//4242
f 4243//4243 4431//4431 4598//4598
f 4243//4243 4598//4598 3997//3997
f 4376//4376 4291//4291 4242//4242
f 4208//4208 4587//4587 4010//4010
f 4145//4145 4080//4080 4390//4390
f 4208//4208 3990//3990 4587//4587
f 4444//4444 4167//4167 4125//4125
f 4010//4010 4587//4587 4079//4079
f 4079//4079 4587//4587 4618//4618
f 4445//4445 4079//4079 4618//4618
f 3941//3941 4280//4280 4427//4427
f 4168//4168 4587//4587 3990//3990
f 3864//3864 4427//4427 4168//4168
f 4390//4390 4232//4232 4145//4145
f 4427//4427 4368//4368 4168//4168
f 4277//4277 4477//4477 4231//4231
f 4182//4182 4231//4231 4405//4405
f 4207//4207 4279//4279 4278//4278
f 4207//4207 4278//4278 4206//4206
f 4276//4276 4345//4345 3989//3989
f 4077//4077 4494//4494 4279//4279
f 4124//4124 4079//4079 4445//4445
f 4124//4124 4445//4445 4077//4077
f 4444//4444 4125//4125 4182//4182
f 4444//4444 4182//4182 4405//4405
f 4077//4077 4279//4279 4207//4207
f 4589//4589 4282//4282 4407//4407
f 3865//3865 4347//4347 4215//4215
f 4369//4369 4183//4183 4233//4233
f 4216//4216 4369//4369 4233//4233
f 4281//4281 4280//4280 4347//4347
f 4216//4216 4346//4346 4532//4532
f 4215//4215 4347//4347 4280//4280
f 4081//4081 4170//4170 4406//4406
f 4369//4369 4391//4391 4169//4169
f 4170//4170 4429//4429 4406//4406
f 4081//4081 4406//4406 3865//3865
f 4183//4183 4369//4369 4169//4169
f 4357//4357 4156//4156 4630//4630
f 4357//4357 4254//4254 4156//4156
f 4017//4017 4018//4018 4307//4307
f 4308//4308 3975//3975 4255//4255
f 4433//4433 4386//4386 4256//4256
f 4485//4485 4305//4305 4179//4179
f 4179//4179 4305//4305 4178//4178
f 4155//4155 4455//4455 4432//4432
f 4252//4252 4355//4355 4457//4457
f 4017//4017 4307//4307 4306//4306
f 4252//4252 4457//4457 4458//4458
f 4223//4223 4308//4308 4610//4610
f 4251//4251 4355//4355 3729//3729
f 4260//4260 4262//4262 4359//4359
f 4461//4461 4188//4188 4261//4261
f 4358//4358 4311//4311 4188//4188
f 4261//4261 4188//4188 4311//4311
f 4632//4632 4260//4260 4778//4778
f 4310//4310 4257//4257 4258//4258
f 4410//4410 4257//4257 4310//4310
f 4358//4358 4309//4309 4487//4487
f 4258//4258 4411//4411 4310//4310
f 4223//4223 4487//4487 4309//4309
f 4260//4260 4632//4632 4460//4460
f 4460//4460 4137//4137 4260//4260
f 4358//4358 4259//4259 4311//4311
f 4411//4411 4258//4258 4137//4137
f 4222//4222 4456//4456 4096//4096
f 4137//4137 4460//4460 4411//4411
f 4397//4397 4133//4133 4149//4149
f 4150//4150 4091//4091 4399//4399
f 4297//4297 4149//4149 4295//4295
f 4296//4296 4150//4150 4481//4481
f 4297//4297 4397//4397 4149//4149
f 4453//4453 4050//4050 4454//4454
f 4051//4051 4175//4175 4454//4454
f 4051//4051 4454//4454 4050//4050
f 4091//4091 4050//4050 4399//4399
f 4539//4539 4133//4133 4298//4298
f 4299//4299 4540//4540 4133//4133
f 4050//4050 4453//4453 4399//4399
f 4132//4132 4294//4294 4417//4417
f 4220//4220 4379//4379 4246//4246
f 4294//4294 4244//4244 4350//4350
f 4246//4246 4379//4379 4409//4409
f 4350//4350 4244//4244 4417//4417
f 4187//4187 4296//4296 4602//4602
f 4187//4187 4379//4379 4186//4186
f 4295//4295 4351//4351 4479//4479
f 4295//4295 4132//4132 4351//4351
f 4351//4351 4132//4132 4417//4417
f 4602//4602 4379//4379 4187//4187
f 4176//4176 4383//4383 4301//4301
f 4516//4516 4152//4152 4249//4249
f 4301//4301 4095//4095 4176//4176
f 4301//4301 4383//4383 4095//4095
f 4152//4152 4055//4055 4249//4249
f 4304//4304 4455//4455 4177//4177
f 4354//4354 4455//4455 4304//4304
f 4015//4015 4248//4248 4052//4052
f 4300//4300 4151//4151 4221//4221
f 4175//4175 4052//4052 4454//4454
f 4352//4352 4247//4247 4151//4151
f 4352//4352 4151//4151 4300//4300
f 4382//4382 4176//4176 4211//4211
f 4383//4383 4176//4176 4382//4382
f 4381//4381 4152//4152 4516//4516
f 4211//4211 4380//4380 4300//4300
f 4380//4380 4211//4211 4247//4247
f 4211//4211 4353//4353 4382//4382
f 4152//4152 4381//4381 4248//4248
f 4353//4353 4211//4211 4300//4300
f 4015//4015 4152//4152 4248//4248
f 799//799 897//897 763//763
f 764//764 798//798 800//800
f 837//837 798//798 764//764
f 795//795 835//835 742//742
f 740//740 796//796 730//730
f 794//794 795//795 742//742
f 835//835 932//932 742//742
f 763//763 897//897 741//741
f 932//932 797//797 742//742
f 762//762 796//796 740//740
f 742//742 797//797 837//837
f 792//792 793//793 929//929
f 728//728 793//793 792//792
f 833//833 794//794 873//873
f 739//739 896//896 728//728
f 896//896 793//793 728//728
f 5008//5008 4673//4673 5231//5231
f 783//783 621//621 870//870
f 1197//1197 594//594 827//827
f 784//784 870//870 621//621
f 594//594 1197//1197 828//828
f 783//783 893//893 621//621
f 621//621 785//785 784//784
f 893//893 826//826 610//610
f 610//610 1100//1100 571//571
f 1033//1033 571//571 1100//1100
f 594//594 825//825 827//827
f 829//829 927//927 680//680
f 787//787 760//760 681//681
f 733//733 870//870 785//785
f 714//714 680//680 727//727
f 1029//1029 953//953 655//655
f 954//954 1029//1029 655//655
f 954//954 655//655 758//758
f 684//684 830//830 761//761
f 685//685 761//761 830//830
f 789//789 790//790 927//927
f 681//681 788//788 787//787
f 734//734 894//894 656//656
f 791//791 736//736 790//790
f 1148//1148 830//830 736//736
f 736//736 791//791 1148//1148
f 4909//4909 5002//5002 4911//4911
f 4670//4670 5162//5162 4948//4948
f 724//724 945//945 1078//1078
f 864//864 776//776 862//862
f 744//744 848//848 745//745
f 4728//4728 4776//4776 4828//4828
f 4518//4518 4725//4725 4846//4846
f 4955//4955 4829//4829 4861//4861
f 4553//4553 4847//4847 4684//4684
f 743//743 800//800 874//874
f 4791//4791 4902//4902 4792//4792
f 4814//4814 4999//4999 4905//4905
f 4906//4906 4816//4816 4815//4815
f 4283//4283 4872//4872 4840//4840
f 4283//4283 4797//4797 4872//4872
f 4996//4996 4788//4788 4755//4755
f 4859//4859 4826//4826 4846//4846
f 4773//4773 4878//4878 4860//4860
f 5055//5055 4845//4845 4858//4858
f 4878//4878 4773//4773 4917//4917
f 4824//4824 4825//4825 4979//4979
f 4818//4818 4911//4911 4842//4842
f 4912//4912 5020//5020 4623//4623
f 4911//4911 4624//4624 4665//4665
f 4911//4911 4856//4856 4624//4624
f 5008//5008 4715//4715 4673//4673
f 4999//4999 4907//4907 4839//4839
f 4827//4827 5013//5013 5029//5029
f 4802//4802 5014//5014 5124//5124
f 4608//4608 5143//5143 4920//4920
f 4552//4552 4802//4802 5124//5124
f 4983//4983 4982//4982 5130//5130
f 4921//4921 4863//4863 4983//4983
f 4552//4552 5124//5124 5084//5084
f 4953//4953 4954//4954 5083//5083
f 4981//4981 4955//4955 5085//5085
f 5130//5130 4981//4981 5085//5085
f 5085//5085 4957//4957 5084//5084
f 724//724 1078//1078 858//858
f 545//545 748//748 857//857
f 700//700 748//748 668//668
f 701//701 642//642 1133//1133
f 859//859 671//671 701//701
f 670//670 775//775 450//450
f 450//450 775//775 700//700
f 642//642 669//669 1133//1133
f 1254//1254 723//723 770//770
f 903//903 771//771 731//731
f 772//772 697//697 903//903
f 731//731 771//771 944//944
f 903//903 731//731 772//772
f 4880//4880 5232//5232 4984//4984
f 747//747 699//699 773//773
f 773//773 699//699 805//805
f 697//697 772//772 731//731
f 881//881 992//992 723//723
f 4997//4997 4940//4940 5134//5134
f 4831//4831 5044//5044 4930//4930
f 4965//4965 4832//4832 5095//5095
f 5201//5201 4906//4906 5328//5328
f 4906//4906 5201//5201 5287//5287
f 5067//5067 4762//4762 5156//5156
f 5136//5136 5000//5000 5108//5108
f 5108//5108 5000//5000 5287//5287
f 5136//5136 5156//5156 5000//5000
f 4903//4903 4793//4793 4794//4794
f 4970//4970 4999//4999 4969//4969
f 5105//5105 4905//4905 4998//4998
f 5105//5105 4998//4998 5018//5018
f 5359//5359 4795//4795 5065//5065
f 4795//4795 5359//5359 5328//5328
f 4945//4945 5159//5159 5050//5050
f 4945//4945 4841//4841 5159//5159
f 5068//5068 4910//4910 5002//5002
f 5050//5050 5002//5002 4945//4945
f 5185//5185 5020//5020 5003//5003
f 5067//5067 5049//5049 4944//4944
f 5049//5049 4873//4873 4944//4944
f 5001//5001 5019//5019 4710//4710
f 5047//5047 5062//5062 4938//4938
f 5037//5037 4852//4852 4813//4813
f 4938//4938 5062//5062 4813//4813
f 5100//5100 4996//4996 5153//5153
f 4837//4837 5153//5153 4996//4996
f 4788//4788 5036//5036 4935//4935
f 5152//5152 5047//5047 4869//4869
f 4996//4996 5100//5100 5036//5036
f 5104//5104 4941//4941 4901//4901
f 4902//4902 4901//4901 4941//4941
f 4943//4943 5038//5038 4759//4759
f 4902//4902 4941//4941 5104//5104
f 5226//5226 5155//5155 5048//5048
f 4760//4760 5039//5039 4943//4943
f 4997//4997 5134//5134 5063//5063
f 5297//5297 4899//4899 4900//4900
f 4901//4901 5103//5103 5104//5104
f 5038//5038 5200//5200 4759//4759
f 4997//4997 5063//5063 5103//5103
f 5012//5012 5114//5114 5115//5115
f 4877//4877 5040//5040 5114//5114
f 4824//4824 5056//5056 4978//4978
f 5056//5056 5055//5055 4978//4978
f 4976//4976 5052//5052 5078//5078
f 5077//5077 5051//5051 5052//5052
f 4920//4920 5028//5028 5042//5042
f 5081//5081 5029//5029 5013//5013
f 5028//5028 4920//4920 5082//5082
f 5141//5141 4979//4979 4918//4918
f 5140//5140 5081//5081 5041//5041
f 5005//5005 4947//4947 5070//5070
f 4713//4713 5023//5023 5073//5073
f 5070//5070 4974//4974 5004//5004
f 4948//4948 5073//5073 5023//5023
f 4948//4948 5024//5024 5073//5073
f 5137//5137 5160//5160 4856//4856
f 5245//5245 4972//4972 4973//4973
f 4946//4946 4972//4972 5245//5245
f 5004//5004 4974//4974 5069//5069
f 5010//5010 5009//5009 5076//5076
f 5231//5231 4857//4857 5009//5009
f 5077//5077 4950//4950 4949//4949
f 4672//4672 5006//5006 5162//5162
f 801//801 765//765 802//802
f 844//844 801//801 802//802
f 844//844 802//802 843//843
f 692//692 744//744 720//720
f 4923//4923 5214//5214 4559//4559
f 4735//4735 4987//4987 4736//4736
f 4922//4922 4987//4987 4735//4735
f 4462//4462 4922//4922 4735//4735
f 4736//4736 4987//4987 4737//4737
f 5173//5173 5088//5088 4958//4958
f 4806//4806 5087//5087 4739//4739
f 5232//5232 4985//4985 4984//4984
f 4880//4880 5030//5030 5232//5232
f 5189//5189 4986//4986 4734//4734
f 4734//4734 4986//4986 4922//4922
f 4733//4733 5172//5172 5189//5189
f 4985//4985 5172//5172 4733//4733
f 4732//4732 4985//4985 4733//4733
f 731//731 944//944 694//694
f 803//803 879//879 746//746
f 769//769 803//803 746//746
f 770//770 854//854 804//804
f 768//768 745//745 849//849
f 692//692 767//767 766//766
f 745//745 720//720 744//744
f 692//692 769//769 852//852
f 721//721 745//745 768//768
f 5046//5046 4992//4992 5059//5059
f 4992//4992 5045//5045 5059//5059
f 4697//4697 4931//4931 5017//5017
f 4697//4697 4893//4893 4931//4931
f 5044//5044 4929//4929 4930//4930
f 4930//4930 4929//4929 4831//4831
f 5216//5216 5032//5032 4851//4851
f 4995//4995 4966//4966 5098//5098
f 4966//4966 4933//4933 5035//5035
f 4785//4785 5033//5033 4931//4931
f 5095//5095 4832//4832 5046//5046
f 5046//5046 4832//4832 4964//4964
f 5035//5035 5034//5034 5096//5096
f 5034//5034 4895//4895 4965//4965
f 5015//5015 4687//4687 4848//4848
f 4160//4160 5089//5089 4884//4884
f 5131//5131 4961//4961 4886//4886
f 5131//5131 4960//4960 4961//4961
f 5057//5057 5235//5235 4886//4886
f 4742//4742 5131//5131 5251//5251
f 4989//4989 4959//4959 5234//5234
f 4566//4566 4988//4988 4881//4881
f 4988//4988 4807//4807 5088//5088
f 4521//4521 4740//4740 4848//4848
f 4924//4924 5031//5031 4925//4925
f 4883//4883 4882//4882 4924//4924
f 5147//5147 5043//5043 4888//4888
f 5016//5016 4782//4782 5043//5043
f 5043//5043 4782//4782 4888//4888
f 4926//4926 5091//5091 4991//4991
f 4928//4928 4929//4929 4927//4927
f 4990//4990 5235//5235 4963//4963
f 5057//5057 4963//4963 5235//5235
f 4991//4991 5132//5132 4926//4926
f 5114//5114 4771//4771 4823//4823
f 5114//5114 4823//4823 4877//4877
f 4606//4606 4824//4824 5055//5055
f 5077//5077 4721//4721 4844//4844
f 4845//4845 5186//5186 4858//4858
f 5078//5078 4822//4822 4676//4676
f 4951//4951 4860//4860 4878//4878
f 4846//4846 4725//4725 4859//4859
f 4859//4859 4725//4725 4919//4919
f 4827//4827 4860//4860 5013//5013
f 4980//4980 4860//4860 4951//4951
f 5041//5041 4878//4878 4917//4917
f 4918//4918 4979//4979 4859//4859
f 4859//4859 4919//4919 5042//5042
f 4859//4859 5042//5042 4918//4918
f 4948//4948 5023//5023 4713//4713
f 5074//5074 4914//4914 4843//4843
f 4843//4843 4768//4768 5074//5074
f 4948//4948 5162//5162 5024//5024
f 5021//5021 4820//4820 4946//4946
f 5069//5069 4765//4765 4856//4856
f 4820//4820 5021//5021 4819//4819
f 4913//4913 4765//4765 4974//4974
f 4713//4713 5022//5022 4625//4625
f 4770//4770 4605//4605 5025//5025
f 5075//5075 4798//4798 5074//5074
f 5139//5139 4717//4717 5138//5138
f 4716//4716 5138//5138 4717//4717
f 4715//4715 5008//5008 4915//4915
f 753//753 914//914 916//916
f 4954//4954 4728//4728 4684//4684
f 5014//5014 4802//4802 4727//4727
f 4727//4727 4774//4774 4827//4827
f 5143//5143 4775//4775 4776//4776
f 476//476 1099//1099 652//652
f 341//341 653//653 781//781
f 1361//1361 824//824 340//340
f 476//476 341//341 1099//1099
f 4983//4983 4805//4805 4879//4879
f 4955//4955 4879//4879 4862//4862
f 4879//4879 4955//4955 5130//5130
f 5017//5017 4865//4865 4890//4890
f 4890//4890 5044//5044 4692//4692
f 5058//5058 4850//4850 4747//4747
f 4746//4746 4831//4831 4929//4929
f 4994//4994 4811//4811 4753//4753
f 5034//5034 5035//5035 4753//4753
f 4583//4583 4895//4895 4753//4753
f 4832//4832 4786//4786 4964//4964
f 4965//4965 4894//4894 4832//4832
f 4521//4521 4848//4848 4570//4570
f 4740//4740 4521//4521 4569//4569
f 4882//4882 4883//4883 4638//4638
f 4568//4568 4882//4882 4638//4638
f 4567//4567 4882//4882 4568//4568
f 4924//4924 4925//4925 4883//4883
f 5087//5087 5173//5173 4562//4562
f 4739//4739 5087//5087 4562//4562
f 4958//4958 5088//5088 4563//4563
f 5173//5173 4958//4958 4563//4563
f 4562//4562 5173//5173 4563//4563
f 5214//5214 5087//5087 4806//4806
f 4559//4559 5214//5214 4806//4806
f 4881//4881 4882//4882 4567//4567
f 4807//4807 4988//4988 4566//4566
f 5088//5088 4807//4807 4565//4565
f 5182//5182 4864//4864 4887//4887
f 4962//4962 5182//5182 4989//4989
f 4763//4763 4872//4872 4797//4797
f 4907//4907 4999//4999 4814//4814
f 4911//4911 5002//5002 4910//4910
f 4909//4909 4911//4911 4818//4818
f 5102//5102 4871//4871 4939//4939
f 4868//4868 4935//4935 5099//5099
f 4934//4934 4896//4896 4933//4933
f 4898//4898 4869//4869 4897//4897
f 5048//5048 4902//4902 4968//4968
f 4759//4759 5200//5200 4838//4838
f 5008//5008 5231//5231 5434//5434
f 4716//4716 5075//5075 5138//5138
f 4716//4716 4798//4798 5075//5075
f 4857//4857 5076//5076 5009//5009
f 4604//4604 5025//5025 5076//5076
f 5076//5076 4857//4857 4604//4604
f 5139//5139 4916//4916 4717//4717
f 4857//4857 5231//5231 4673//4673
f 4949//4949 4916//4916 5139//5139
f 4670//4670 4875//4875 5162//5162
f 5005//5005 4768//4768 4766//4766
f 5005//5005 4766//4766 4947//4947
f 5074//5074 4768//4768 5005//5005
f 5007//5007 5006//5006 4672//4672
f 4672//4672 4876//4876 5007//5007
f 4672//4672 5162//5162 4875//4875
f 4977//4977 4822//4822 5078//5078
f 4877//4877 4977//4977 5040//5040
f 4722//4722 4858//4858 5011//5011
f 4858//4858 5186//5186 5011//5011
f 5114//5114 4772//4772 4771//4771
f 5012//5012 4772//4772 5114//5114
f 5115//5115 4772//4772 5012//5012
f 4845//4845 5026//5026 5053//5053
f 5055//5055 5026//5026 4845//4845
f 4950//4950 5077//5077 4844//4844
f 4976//4976 5078//5078 4676//4676
f 4722//4722 5011//5011 5371//5371
f 4976//4976 4676//4676 4721//4721
f 4722//4722 5371//5371 4975//4975
f 5052//5052 4976//4976 4721//4721
f 5025//5025 4605//4605 4821//4821
f 5077//5077 5052//5052 4721//4721
f 4874//4874 5001//5001 4285//4285
f 4945//4945 4818//4818 4841//4841
f 4285//4285 5001//5001 4710//4710
f 5157//5157 4841//4841 4855//4855
f 5049//5049 5157//5157 4855//4855
f 5049//5049 4855//4855 4873//4873
f 5002//5002 4909//4909 4818//4818
f 4874//4874 4664//4664 5020//5020
f 5002//5002 4818//4818 4945//4945
f 5156//5156 4762//4762 5000//5000
f 4908//4908 4854//4854 5019//5019
f 4710//4710 5019//5019 4854//4854
f 4854//4854 4908//4908 4763//4763
f 4625//4625 4973//4973 4972//4972
f 4946//4946 4625//4625 4972//4972
f 4974//4974 4765//4765 5069//5069
f 4766//4766 5070//5070 4947//4947
f 4766//4766 4974//4974 5070//5070
f 5022//5022 5071//5071 4973//4973
f 4713//4713 5073//5073 5022//5022
f 4974//4974 4766//4766 4913//4913
f 5137//5137 4856//4856 4911//4911
f 4912//4912 5003//5003 5020//5020
f 5068//5068 4911//4911 4910//4910
f 5137//5137 4911//4911 5068//5068
f 5069//5069 4856//4856 5160//5160
f 4912//4912 4819//4819 5021//5021
f 865//865 777//777 726//726
f 4983//4983 4879//4879 4982//4982
f 865//865 726//726 806//806
f 806//806 726//726 776//776
f 4956//4956 4921//4921 5083//5083
f 4957//4957 4955//4955 5084//5084
f 5130//5130 4955//4955 4981//4981
f 4847//4847 4921//4921 4956//4956
f 4847//4847 4956//4956 5083//5083
f 4954//4954 4684//4684 5083//5083
f 5083//5083 4684//4684 4847//4847
f 4879//4879 5130//5130 4982//4982
f 4921//4921 4847//4847 4863//4863
f 4957//4957 5085//5085 4955//4955
f 703//703 884//884 615//615
f 670//670 725//725 947//947
f 859//859 614//614 671//671
f 749//749 614//614 859//859
f 4918//4918 5042//5042 5141//5141
f 4980//4980 5081//5081 5013//5013
f 5013//5013 4860//4860 4980//4980
f 4919//4919 4920//4920 5042//5042
f 4980//4980 4951//4951 5081//5081
f 4725//4725 4920//4920 4919//4919
f 5116//5116 4917//4917 5054//5054
f 4917//4917 5027//5027 5041//5041
f 4917//4917 5116//5116 5027//5027
f 4978//4978 5055//5055 4824//4824
f 4772//4772 5115//5115 4917//4917
f 5115//5115 5054//5054 4917//4917
f 5081//5081 4951//4951 4878//4878
f 5081//5081 4878//4878 5041//5041
f 5056//5056 4824//4824 4979//4979
f 4728//4728 4953//4953 4776//4776
f 4776//4776 4953//4953 5143//5143
f 5084//5084 4955//4955 4861//4861
f 4954//4954 4953//4953 4728//4728
f 4725//4725 4608//4608 4920//4920
f 4727//4727 5029//5029 5014//5014
f 4952//4952 5029//5029 4727//4727
f 5143//5143 4608//4608 4775//4775
f 4952//4952 4727//4727 4827//4827
f 4952//4952 4827//4827 5029//5029
f 5183//5183 4864//4864 5182//5182
f 5132//5132 4990//4990 4744//4744
f 5132//5132 4744//4744 4926//4926
f 5234//5234 5015//5015 5563//5563
f 4848//4848 4687//4687 4639//4639
f 4886//4886 4961//4961 4641//4641
f 4961//4961 4960//4960 4641//4641
f 4960//4960 5131//5131 4641//4641
f 4959//4959 4640//4640 5234//5234
f 4692//4692 5044//5044 4831//4831
f 5093//5093 4851//4851 4783//4783
f 4783//4783 4850//4850 5093//5093
f 5093//5093 4850//4850 5058//5058
f 5196//5196 4891//4891 4748//4748
f 5196//5196 4748//4748 5032//5032
f 4927//4927 5091//5091 4830//4830
f 5090//5090 5147//5147 4573//4573
f 4926//4926 4810//4810 5091//5091
f 4887//4887 5090//5090 4573//4573
f 4929//4929 4928//4928 4746//4746
f 5058//5058 4747//4747 4889//4889
f 4889//4889 5043//5043 5058//5058
f 4928//4928 4927//4927 4830//4830
f 5043//5043 4889//4889 4747//4747
f 5043//5043 4747//4747 5016//5016
f 4746//4746 4928//4928 4830//4830
f 5089//5089 4880//4880 4884//4884
f 4733//4733 5189//5189 4734//4734
f 778//778 602//602 890//890
f 5031//5031 4740//4740 4925//4925
f 4737//4737 4923//4923 4559//4559
f 4901//4901 4997//4997 5103//5103
f 4902//4902 5104//5104 4968//4968
f 4759//4759 4942//4942 4943//4943
f 4943//4943 4942//4942 4760//4760
f 4760//4760 4942//4942 4759//4759
f 4937//4937 4871//4871 5102//5102
f 4937//4937 5153//5153 4871//4871
f 4938//4938 4870//4870 5047//5047
f 5037//5037 4853//4853 4852//4852
f 5134//5134 4940//4940 5037//5037
f 5037//5037 4940//4940 4853//4853
f 4939//4939 4899//4899 5102//5102
f 4905//4905 4999//4999 4970//4970
f 4969//4969 4905//4905 4970//4970
f 4905//4905 5105//5105 4794//4794
f 4969//4969 5018//5018 4905//4905
f 4906//4906 4815//4815 5328//5328
f 5328//5328 4815//4815 4795//4795
f 5018//5018 4998//4998 4905//4905
f 5287//5287 4971//4971 4906//4906
f 4839//4839 4907//4907 4814//4814
f 5039//5039 4509//4509 4903//4903
f 5039//5039 4760//4760 4509//4509
f 4902//4902 5048//5048 4792//4792
f 5048//5048 5155//5155 4792//4792
f 5064//5064 4795//4795 4904//4904
f 4794//4794 5105//5105 4903//4903
f 5065//5065 4795//4795 5064//5064
f 4793//4793 4903//4903 4509//4509
f 4904//4904 4792//4792 5155//5155
f 4583//4583 4894//4894 4965//4965
f 4932//4932 4993//4993 4699//4699
f 4699//4699 4993//4993 4867//4867
f 4867//4867 5033//5033 4750//4750
f 4965//4965 4895//4895 4583//4583
f 5035//5035 4994//4994 4753//4753
f 4834//4834 4932//4932 4835//4835
f 5034//5034 4753//4753 4895//4895
f 5196//5196 5045//5045 4891//4891
f 4992//4992 4891//4891 5045//5045
f 5046//5046 4892//4892 4992//4992
f 4785//4785 4931//4931 4893//4893
f 5046//5046 4964//4964 4892//4892
f 4869//4869 4898//4898 5152//5152
f 4996//4996 5036//5036 4788//4788
f 4934//4934 4898//4898 4897//4897
f 5047//5047 4936//4936 4869//4869
f 4936//4936 4870//4870 4869//4869
f 4936//4936 5047//5047 4870//4870
f 4811//4811 5035//5035 4933//4933
f 4585//4585 4967//4967 4836//4836
f 5035//5035 4811//4811 4994//4994
f 4868//4868 5099//5099 4967//4967
f 4897//4897 4896//4896 4934//4934
f 4812//4812 4967//4967 4585//4585
f 4933//4933 4995//4995 4934//4934
f 4933//4933 4966//4966 4995//4995
f 4641//4641 4743//4743 4491//4491
f 648//648 1141//1141 812//812
f 703//703 863//863 908//908
f 861//861 862//862 702//702
f 906//906 703//703 908//908
f 906//906 884//884 703//703
f 886//886 863//863 703//703
f 864//864 862//862 885//885
f 910//910 862//862 861//861
f 862//862 910//910 885//885
f 1138//1138 809//809 913//913
f 809//809 779//779 1094//1094
f 913//913 809//809 1094//1094
f 1010//1010 811//811 647//647
f 1013//1013 1141//1141 648//648
f 1008//1008 676//676 915//915
f 776//776 887//887 806//806
f 1004//1004 912//912 705//705
f 707//707 1138//1138 1004//1004
f 889//889 807//807 888//888
f 1002//1002 1325//1325 890//890
f 4566//4566 4881//4881 4465//4465
f 4638//4638 4925//4925 4321//4321
f 4571//4571 5182//5182 4572//4572
f 4406//4406 4536//4536 4535//4535
f 4516//4516 4606//4606 4543//4543
f 880//880 770//770 804//804
f 1254//1254 770//770 880//880
f 944//944 803//803 769//769
f 880//880 854//854 987//987
f 803//803 944//944 879//879
f 879//879 944//944 943//943
f 747//747 903//903 697//697
f 1074//1074 747//747 773//773
f 855//855 732//732 992//992
f 903//903 747//747 1074//1074
f 1179//1179 723//723 1254//1254
f 881//881 723//723 1179//1179
f 944//944 771//771 903//903
f 880//880 804//804 854//854
f 4557//4557 4462//4462 4313//4313
f 4500//4500 4554//4554 4555//4555
f 4884//4884 4984//4984 4500//4500
f 987//987 1226//1226 880//880
f 746//746 879//879 769//769
f 879//879 902//902 769//769
f 853//853 721//721 851//851
f 769//769 902//902 852//852
f 987//987 854//854 853//853
f 853//853 854//854 721//721
f 906//906 860//860 567//567
f 947//947 1083//1083 670//670
f 670//670 1083//1083 946//946
f 947//947 567//567 860//860
f 999//999 749//749 859//859
f 906//906 905//905 860//860
f 947//947 860//860 905//905
f 702//702 749//749 907//907
f 907//907 749//749 999//999
f 615//615 884//884 906//906
f 857//857 856//856 805//805
f 774//774 748//748 700//700
f 732//732 855//855 698//698
f 904//904 724//724 698//698
f 773//773 805//805 856//856
f 700//700 882//882 774//774
f 1080//1080 1133//1133 994//994
f 775//775 882//882 700//700
f 1133//1133 669//669 994//994
f 996//996 858//858 1078//1078
f 996//996 995//995 994//994
f 4507//4507 4405//4405 4616//4616
f 4789//4789 4279//4279 4704//4704
f 4506//4506 4529//4529 4477//4477
f 4870//4870 4616//4616 4477//4477
f 4505//4505 4345//4345 4755//4755
f 4347//4347 4509//4509 4622//4622
f 4368//4368 4758//4758 4587//4587
f 4615//4615 4163//4163 4525//4525
f 4698//4698 4787//4787 4581//4581
f 4645//4645 4426//4426 4693//4693
f 4442//4442 4582//4582 4441//4441
f 4379//4379 4602//4602 4451//4451
f 4480//4480 4799//4799 4539//4539
f 4399//4399 4604//4604 4857//4857
f 4539//4539 4498//4498 4480//4480
f 4399//4399 4673//4673 4398//4398
f 4667//4667 4512//4512 4450//4450
f 4379//4379 4672//4672 4409//4409
f 4667//4667 4480//4480 4512//4512
f 4678//4678 4383//4383 4677//4677
f 4516//4516 4543//4543 4679//4679
f 4771//4771 4484//4484 4628//4628
f 4545//4545 4544//4544 4384//4384
f 4771//4771 4546//4546 4484//4484
f 4628//4628 4383//4383 4678//4678
f 4628//4628 4484//4484 4383//4383
f 4482//4482 4540//4540 4674//4674
f 4454//4454 4627//4627 4453//4453
f 4399//4399 4452//4452 4604//4604
f 4515//4515 4514//4514 4300//4300
f 4515//4515 4300//4300 4719//4719
f 4541//4541 4719//4719 4300//4300
f 4541//4541 4300//4300 4482//4482
f 4248//4248 4605//4605 4454//4454
f 4627//4627 4454//4454 4770//4770
f 4237//4237 4537//4537 4496//4496
f 4594//4594 4372//4372 4235//4235
f 4796//4796 4126//4126 4592//4592
f 4594//4594 4371//4371 4372//4372
f 4658//4658 4708//4708 4448//4448
f 4395//4395 4415//4415 4662//4662
f 793//793 834//834 929//929
f 834//834 793//793 896//896
f 931//931 932//932 794//794
f 896//896 838//838 934//934
f 963//963 716//716 871//871
f 832//832 831//831 965//965
f 762//762 935//935 838//838
f 839//839 837//837 932//932
f 4685//4685 4259//4259 4459//4459
f 4631//4631 4411//4411 4488//4488
f 4459//4459 4487//4487 4829//4829
f 4263//4263 4741//4741 4160//4160
f 4159//4159 4884//4884 4326//4326
f 4326//4326 4884//4884 4500//4500
f 4693//4693 4438//4438 4577//4577
f 4333//4333 4503//4503 4267//4267
f 1041//1041 831//831 830//830
f 735//735 960//960 894//894
f 4463//4463 4634//4634 4464//4464
f 4462//4462 4418//4418 4313//4313
f 4315//4315 4316//4316 4104//4104
f 4584//4584 4702//4702 4476//4476
f 4584//4584 4476//4476 4648//4648
f 4404//4404 4650//4650 4649//4649
f 4582//4582 4403//4403 4441//4441
f 4751//4751 4365//4365 4787//4787
f 4442//4442 4701//4701 4582//4582
f 4648//4648 4474//4474 4752//4752
f 4751//4751 4752//4752 4474//4474
f 4529//4529 4870//4870 4477//4477
f 4704//4704 4279//4279 4652//4652
f 4494//4494 4652//4652 4279//4279
f 4938//4938 4507//4507 4616//4616
f 4445//4445 4871//4871 4617//4617
f 4445//4445 4617//4617 4494//4494
f 4527//4527 4703//4703 4528//4528
f 4702//4702 4527//4527 4367//4367
f 4206//4206 4651//4651 4345//4345
f 4506//4506 4757//4757 4529//4529
f 4505//4505 4755//4755 4166//4166
f 4788//4788 4166//4166 4755//4755
f 4651//4651 4755//4755 4345//4345
f 4747//4747 4577//4577 4425//4425
f 4577//4577 4850//4850 4693//4693
f 4747//4747 4425//4425 4576//4576
f 4412//4412 4503//4503 4333//4333
f 4744//4744 4226//4226 4745//4745
f 4436//4436 4690//4690 4502//4502
f 4574//4574 4471//4471 4644//4644
f 4575//4575 4576//4576 4425//4425
f 4502//4502 4690//4690 4575//4575
f 4810//4810 4471//4471 4574//4574
f 4575//4575 4425//4425 4502//4502
f 4749//4749 4580//4580 4579//4579
f 4163//4163 4867//4867 4525//4525
f 4526//4526 4787//4787 4698//4698
f 4403//4403 4867//4867 4163//4163
f 4698//4698 4524//4524 4580//4580
f 4581//4581 4524//4524 4698//4698
f 4426//4426 4646//4646 4578//4578
f 4646//4646 4426//4426 4645//4645
f 4578//4578 4646//4646 5032//5032
f 4412//4412 4504//4504 4613//4613
f 4412//4412 4613//4613 4503//4503
f 4579//4579 4523//4523 5032//5032
f 5032//5032 4523//4523 4578//4578
f 4624//4624 4416//4416 4395//4395
f 4511//4511 4625//4625 4377//4377
f 4626//4626 4416//4416 4712//4712
f 4661//4661 4842//4842 4497//4497
f 4538//4538 4661//4661 4497//4497
f 4596//4596 4709//4709 4538//4538
f 4449//4449 4623//4623 4663//4663
f 4286//4286 4597//4597 4478//4478
f 4842//4842 4911//4911 4497//4497
f 4662//4662 4497//4497 4911//4911
f 4597//4597 4286//4286 4393//4393
f 4799//4799 4480//4480 4914//4914
f 4601//4601 4914//4914 4480//4480
f 4379//4379 4513//4513 4672//4672
f 4481//4481 4673//4673 4603//4603
f 4481//4481 4451//4451 4602//4602
f 4667//4667 4450//4450 4714//4714
f 4714//4714 4450//4450 4626//4626
f 4480//4480 4667//4667 4671//4671
f 4654//4654 4446//4446 4428//4428
f 4428//4428 4534//4534 4654//4654
f 4589//4589 4795//4795 4655//4655
f 4429//4429 4590//4590 4406//4406
f 4590//4590 4536//4536 4406//4406
f 4406//4406 4535//4535 4510//4510
f 4589//4589 4446//4446 4654//4654
f 4427//4427 4588//4588 4368//4368
f 4901//4901 4495//4495 4653//4653
f 4587//4587 4758//4758 4619//4619
f 4901//4901 4532//4532 4508//4508
f 4347//4347 4622//4622 4427//4427
f 4621//4621 4790//4790 4532//4532
f 4427//4427 4622//4622 4620//4620
f 4901//4901 4621//4621 4532//4532
f 4508//4508 4495//4495 4901//4901
f 4496//4496 4797//4797 4283//4283
f 4237//4237 4797//4797 4537//4537
f 4797//4797 4496//4496 4537//4537
f 4817//4817 4658//4658 4447//4447
f 4817//4817 4447//4447 4971//4971
f 4710//4710 4373//4373 4285//4285
f 4660//4660 4595//4595 4237//4237
f 4237//4237 4595//4595 4797//4797
f 4762//4762 4659//4659 4708//4708
f 4655//4655 4656//4656 4589//4589
f 4590//4590 4429//4429 4796//4796
f 4591//4591 4592//4592 4210//4210
f 4814//4814 4591//4591 4210//4210
f 4814//4814 4210//4210 4371//4371
f 4235//4235 4657//4657 4594//4594
f 4657//4657 4235//4235 4283//4283
f 4879//4879 4490//4490 4359//4359
f 681//681 656//656 894//894
f 4632//4632 4553//4553 4460//4460
f 4686//4686 4359//4359 4490//4490
f 4686//4686 4489//4489 4359//4359
f 870//870 893//893 783//783
f 1034//1034 825//825 1195//1195
f 760//760 787//787 1101//1101
f 828//828 829//829 714//714
f 829//829 680//680 714//714
f 829//829 828//828 1197//1197
f 4251//4251 4549//4549 4723//4723
f 4629//4629 4549//4549 4607//4607
f 4251//4251 4723//4723 4724//4724
f 4306//4306 4518//4518 4485//4485
f 4307//4307 4608//4608 4518//4518
f 4724//4724 4457//4457 4251//4251
f 4608//4608 4307//4307 4356//4356
f 4485//4485 4550//4550 4178//4178
f 4384//4384 4544//4544 4055//4055
f 4456//4456 4548//4548 4517//4517
f 4547//4547 4546//4546 4607//4607
f 4410//4410 4609//4609 4520//4520
f 4486//4486 4308//4308 4255//4255
f 4520//4520 4519//4519 4386//4386
f 4729//4729 4410//4410 4411//4411
f 4610//4610 4829//4829 4487//4487
f 4631//4631 4729//4729 4411//4411
f 4356//4356 4551//4551 4608//4608
f 4306//4306 4307//4307 4518//4518
f 4458//4458 4457//4457 4726//4726
f 4520//4520 4828//4828 4519//4519
f 4552//4552 4255//4255 4357//4357
f 4519//4519 4828//4828 4680//4680
f 4881//4881 4567//4567 4320//4320
f 4465//4465 4881//4881 4320//4320
f 4564//4564 4565//4565 4465//4465
f 4807//4807 4566//4566 4465//4465
f 4565//4565 4807//4807 4465//4465
f 4321//4321 4569//4569 4322//4322
f 4521//4521 4570//4570 4467//4467
f 4322//4322 4521//4521 4467//4467
f 4569//4569 4521//4521 4322//4322
f 4466//4466 4568//4568 4321//4321
f 4559//4559 4635//4635 4464//4464
f 4388//4388 4635//4635 4636//4636
f 4634//4634 4737//4737 4464//4464
f 4464//4464 4635//4635 4388//4388
f 4418//4418 4558//4558 4100//4100
f 4100//4100 4558//4558 4463//4463
f 4735//4735 4558//4558 4418//4418
f 4316//4316 4637//4637 4317//4317
f 4562//4562 4637//4637 4316//4316
f 4317//4317 4563//4563 4564//4564
f 4562//4562 4563//4563 4317//4317
f 4637//4637 4562//4562 4317//4317
f 4806//4806 4560//4560 4315//4315
f 4636//4636 4806//4806 4315//4315
f 4561//4561 4562//4562 4316//4316
f 4315//4315 4561//4561 4316//4316
f 4738//4738 4561//4561 4315//4315
f 4560//4560 4738//4738 4315//4315
f 4611//4611 4689//4689 4422//4422
f 4689//4689 4501//4501 4422//4422
f 4689//4689 4469//4469 4501//4501
f 4571//4571 4572//4572 4469//4469
f 4572//4572 5182//5182 4688//4688
f 4689//4689 4642//4642 4469//4469
f 4642//4642 4571//4571 4469//4469
f 4572//4572 4643//4643 4424//4424
f 4522//4522 4470//4470 4744//4744
f 4470//4470 4226//4226 4744//4744
f 4643//4643 4572//4572 4688//4688
f 5015//5015 4885//4885 4434//4434
f 4467//4467 4639//4639 4468//4468
f 4570//4570 4639//4639 4467//4467
f 4743//4743 4779//4779 4491//4491
f 4422//4422 4959//4959 4689//4689
f 4689//4689 4611//4611 4422//4422
f 4886//4886 4492//4492 4423//4423
f 4886//4886 4491//4491 4492//4492
f 4959//4959 4422//4422 4640//4640
f 781//781 1099//1099 341//341
f 677//677 823//823 1604//1604
f 952//952 655//655 953//953
f 923//923 1096//1096 754//754
f 4387//4387 4557//4557 4313//4313
f 4556//4556 4557//4557 4387//4387
f 4462//4462 4735//4735 4418//4418
f 4500//4500 4555//4555 4556//4556
f 618//618 869//869 474//474
f 653//653 1266//1266 781//781
f 822//822 869//869 756//756
f 869//869 822//822 474//474
f 474//474 822//822 756//756
f 760//760 786//786 681//681
f 681//681 786//786 733//733
f 785//785 870//870 784//784
f 957//957 870//870 733//733
f 733//733 786//786 957//957
f 894//894 788//788 681//681
f 791//791 790//790 789//789
f 892//892 1028//1028 655//655
f 952//952 892//892 655//655
f 891//891 950//950 713//713
f 950//950 653//653 713//713
f 1027//1027 891//891 951//951
f 870//870 1100//1100 893//893
f 1100//1100 826//826 893//893
f 825//825 1034//1034 827//827
f 1233//1233 1195//1195 1028//1028
f 825//825 1028//1028 1195//1195
f 1100//1100 610//610 826//826
f 4869//4869 4757//4757 4897//4897
f 4897//4897 4757//4757 4756//4756
f 4756//4756 4506//4506 4897//4897
f 4870//4870 4938//4938 4705//4705
f 4837//4837 4996//4996 4651//4651
f 4897//4897 4528//4528 4896//4896
f 4754//4754 4788//4788 4935//4935
f 4935//4935 4868//4868 4586//4586
f 4666//4666 4913//4913 4766//4766
f 4874//4874 4285//4285 4286//4286
f 1148//1148 791//791 959//959
f 960//960 735//735 657//657
f 734//734 735//735 894//894
f 1148//1148 1041//1041 830//830
f 4825//4825 4824//4824 4545//4545
f 806//806 777//777 865//865
f 888//888 807//807 705//705
f 886//886 750//750 807//807
f 864//864 887//887 776//776
f 705//705 807//807 750//750
f 705//705 707//707 1004//1004
f 1003//1003 778//778 890//890
f 707//707 809//809 1138//1138
f 1232//1232 778//778 1003//1003
f 889//889 888//888 912//912
f 912//912 888//888 705//705
f 777//777 1002//1002 890//890
f 1002//1002 777//777 808//808
f 4559//4559 4806//4806 4636//4636
f 4806//4806 4739//4739 4560//4560
f 4984//4984 4985//4985 4732//4732
f 750//750 886//886 703//703
f 708//708 818//818 754//754
f 708//708 921//921 922//922
f 922//922 818//818 708//708
f 1096//1096 709//709 754//754
f 709//709 924//924 925//925
f 410//410 919//919 650//650
f 815//815 920//920 651//651
f 918//918 1014//1014 649//649
f 812//812 917//917 649//649
f 917//917 918//918 649//649
f 813//813 919//919 410//410
f 814//814 813//813 410//410
f 817//817 921//921 708//708
f 651//651 1016//1016 816//816
f 920//920 1016//1016 651//651
f 650//650 815//815 651//651
f 816//816 817//817 708//708
f 820//820 821//821 592//592
f 472//472 820//820 592//592
f 867//867 1022//1022 472//472
f 472//472 1022//1022 820//820
f 592//592 821//821 473//473
f 868//868 618//618 473//473
f 925//925 866//866 469//469
f 866//866 710//710 469//469
f 591//591 867//867 472//472
f 711//711 819//819 755//755
f 755//755 819//819 591//591
f 819//819 867//867 591//591
f 710//710 926//926 711//711
f 646//646 1190//1190 949//949
f 751//751 1190//1190 646//646
f 1008//1008 753//753 676//676
f 676//676 752//752 915//915
f 949//949 752//752 646//646
f 465//465 780//780 409//409
f 647//647 811//811 780//780
f 810//810 1010//1010 647//647
f 780//780 1013//1013 409//409
f 409//409 1013//1013 648//648
f 648//648 812//812 649//649
f 914//914 753//753 1008//1008
f 753//753 916//916 779//779
f 4694//4694 5017//5017 4890//4890
f 4694//4694 4890//4890 4493//4493
f 5017//5017 4694//4694 4695//4695
f 4851//4851 5032//5032 4646//4646
f 4697//4697 5017//5017 4695//4695
f 4691//4691 4746//4746 4830//4830
f 4752//4752 4583//4583 4753//4753
f 4753//4753 4833//4833 4752//4752
f 4649//4649 4585//4585 4836//4836
f 4933//4933 4702//4702 4811//4811
f 4836//4836 4835//4835 4701//4701
f 4964//4964 4786//4786 4866//4866
f 4892//4892 4749//4749 4992//4992
f 4964//4964 4866//4866 4892//4892
f 4784//4784 4893//4893 4697//4697
f 4699//4699 4700//4700 4932//4932
f 4832//4832 4787//4787 4786//4786
f 4750//4750 5033//5033 4785//4785
f 4639//4639 4849//4849 4468//4468
f 4641//4641 5131//5131 4743//4743
f 5057//5057 4886//4886 4963//4963
f 4779//4779 4742//4742 5251//5251
f 5234//5234 4640//4640 5015//5015
f 5131//5131 4779//4779 4743//4743
f 4564//4564 5088//5088 4565//4565
f 5147//5147 4888//4888 4575//4575
f 4573//4573 5147//5147 4575//4575
f 4744//4744 4745//4745 4926//4926
f 4887//4887 4573//4573 4809//4809
f 4745//4745 4810//4810 4926//4926
f 5016//5016 4747//4747 4782//4782
f 4574//4574 4830//4830 4781//4781
f 4781//4781 4830//4830 5091//5091
f 4781//4781 5091//5091 4810//4810
f 4887//4887 4808//4808 5182//5182
f 4990//4990 4963//4963 4780//4780
f 5182//5182 4642//4642 4989//4989
f 4887//4887 4809//4809 4643//4643
f 4664//4664 4623//4623 5020//5020
f 4665//4665 4662//4662 4911//4911
f 4664//4664 4874//4874 4597//4597
f 4856//4856 4765//4765 4712//4712
f 4912//4912 4623//4623 4764//4764
f 4856//4856 4712//4712 4711//4711
f 4856//4856 4711//4711 4624//4624
f 4709//4709 4873//4873 4855//4855
f 5067//5067 4944//4944 4709//4709
f 4709//4709 4855//4855 4818//4818
f 4855//4855 4841//4841 4818//4818
f 4709//4709 4818//4818 4538//4538
f 4600//4600 4670//4670 4409//4409
f 4948//4948 4174//4174 4670//4670
f 4843//4843 4769//4769 4768//4768
f 4768//4768 4767//4767 4766//4766
f 5074//5074 4798//4798 4914//4914
f 4672//4672 4875//4875 4600//4600
f 4600//4600 4875//4875 4670//4670
f 4914//4914 4769//4769 4843//4843
f 4625//4625 5022//5022 4973//4973
f 4913//4913 4666//4666 4765//4765
f 4901//4901 4902//4902 4790//4790
f 4621//4621 4901//4901 4790//4790
f 4790//4790 4791//4791 4792//4792
f 4510//4510 4793//4793 4509//4509
f 4760//4760 4622//4622 4533//4533
f 4509//4509 4760//4760 4533//4533
f 4618//4618 4900//4900 4899//4899
f 4871//4871 5153//5153 4617//4617
f 4494//4494 4617//4617 5153//5153
f 4852//4852 4444//4444 4813//4813
f 4997//4997 4901//4901 4653//4653
f 4619//4619 5297//5297 4900//4900
f 4758//4758 5135//5135 5297//5297
f 4657//4657 4840//4840 4839//4839
f 4657//4657 4839//4839 4594//4594
f 5000//5000 4817//4817 4971//4971
f 4971//4971 4761//4761 4906//4906
f 5000//5000 4971//4971 5287//5287
f 4906//4906 4761//4761 4816//4816
f 4595//4595 4763//4763 4797//4797
f 4657//4657 4283//4283 4840//4840
f 4535//4535 4905//4905 4794//4794
f 4794//4794 4793//4793 4510//4510
f 4589//4589 4792//4792 4904//4904
f 4551//4551 4775//4775 4608//4608
f 4727//4727 4802//4802 4630//4630
f 4803//4803 4552//4552 5084//5084
f 4803//4803 5084//5084 4681//4681
f 4828//4828 4776//4776 4775//4775
f 4552//4552 4357//4357 4802//4802
f 4803//4803 4681//4681 4255//4255
f 4723//4723 4860//4860 4827//4827
f 4804//4804 4955//4955 4862//4862
f 4955//4955 4777//4777 4829//4829
f 4777//4777 4955//4955 4459//4459
f 4863//4863 4847//4847 4778//4778
f 4983//4983 4863//4863 4489//4489
f 4879//4879 4804//4804 4862//4862
f 4804//4804 4879//4879 4731//4731
f 4879//4879 4805//4805 4490//4490
f 5084//5084 4486//4486 4681//4681
f 4682//4682 5084//5084 4683//4683
f 4609//4609 4728//4728 4828//4828
f 5084//5084 4682//4682 4486//4486
f 4861//4861 4829//4829 5084//5084
f 4950//4950 4844//4844 4482//4482
f 4844//4844 4515//4515 4719//4719
f 5025//5025 4604//4604 4718//4718
f 4542//4542 4858//4858 4722//4722
f 4720//4720 4821//4821 4605//4605
f 4539//4539 4716//4716 4717//4717
f 4716//4716 4539//4539 4799//4799
f 4451//4451 4915//4915 4876//4876
f 4451//4451 4715//4715 4915//4915
f 4718//4718 4604//4604 4453//4453
f 4823//4823 4977//4977 4877//4877
f 4858//4858 4679//4679 5055//5055
f 4676//4676 4822//4822 4977//4977
f 4808//4808 4887//4887 4643//4643
f 4612//4612 4522//4522 4744//4744
f 4687//4687 5015//5015 4434//4434
f 5015//5015 4640//4640 4885//4885
f 4780//4780 4886//4886 4423//4423
f 4886//4886 4641//4641 4491//4491
f 4644//4644 4472//4472 4691//4691
f 4226//4226 4810//4810 4745//4745
f 4576//4576 4575//4575 4782//4782
f 4747//4747 4576//4576 4782//4782
f 798//798 839//839 937//937
f 4884//4884 4880//4880 4984//4984
f 842//842 841//841 765//765
f 842//842 799//799 841//841
f 841//841 799//799 765//765
f 798//798 937//937 874//874
f 798//798 874//874 800//800
f 4738//4738 4739//4739 4561//4561
f 4618//4618 4899//4899 4445//4445
f 4938//4938 4813//4813 4507//4507
f 4813//4813 4444//4444 4507//4507
f 4368//4368 4588//4588 4838//4838
f 4758//4758 4368//4368 4838//4838
f 4653//4653 4940//4940 4997//4997
f 4996//4996 4755//4755 4651//4651
f 4897//4897 4506//4506 4528//4528
f 4938//4938 4616//4616 4705//4705
f 4494//4494 5153//5153 4652//4652
f 4705//4705 4616//4616 4870//4870
f 4535//4535 4794//4794 4510//4510
f 4795//4795 4589//4589 4904//4904
f 4589//4589 4654//4654 4792//4792
f 4536//4536 4905//4905 4535//4535
f 4707//4707 4592//4592 4905//4905
f 4592//4592 4591//4591 4905//4905
f 4905//4905 4796//4796 4707//4707
f 4815//4815 4656//4656 4655//4655
f 4814//4814 4905//4905 4591//4591
f 4592//4592 4707//4707 4796//4796
f 4590//4590 4905//4905 4536//4536
f 4796//4796 4905//4905 4590//4590
f 4815//4815 4655//4655 4795//4795
f 4620//4620 4531//4531 4427//4427
f 4622//4622 4760//4760 4759//4759
f 4427//4427 4531//4531 4759//4759
f 4427//4427 4759//4759 4530//4530
f 4530//4530 4838//4838 4427//4427
f 4654//4654 4534//4534 4790//4790
f 4654//4654 4790//4790 4792//4792
f 4509//4509 4533//4533 4622//4622
f 4790//4790 4902//4902 4791//4791
f 4785//4785 4615//4615 4525//4525
f 4892//4892 4580//4580 4749//4749
f 4615//4615 4697//4697 4696//4696
f 4866//4866 4580//4580 4892//4892
f 4866//4866 4698//4698 4580//4580
f 4473//4473 4695//4695 4493//4493
f 4851//4851 4646//4646 4645//4645
f 4613//4613 4504//4504 4890//4890
f 4696//4696 4647//4647 4615//4615
f 4615//4615 4647//4647 4695//4695
f 4615//4615 4695//4695 4473//4473
f 4585//4585 4649//4649 4650//4650
f 4836//4836 4404//4404 4649//4649
f 4584//4584 4811//4811 4702//4702
f 4896//4896 4528//4528 4703//4703
f 4586//4586 4967//4967 4812//4812
f 4586//4586 4812//4812 4650//4650
f 4650//4650 4812//4812 4585//4585
f 4700//4700 4582//4582 4932//4932
f 4404//4404 4836//4836 4442//4442
f 4823//4823 4771//4771 4628//4628
f 4858//4858 4542//4542 4516//4516
f 4823//4823 4628//4628 4678//4678
f 4482//4482 4719//4719 4541//4541
f 4844//4844 4514//4514 4515//4515
f 4550//4550 4485//4485 4846//4846
f 4860//4860 4549//4549 4629//4629
f 4826//4826 4456//4456 4178//4178
f 4458//4458 4726//4726 4827//4827
f 4630//4630 4458//4458 4774//4774
f 4801//4801 4546//4546 4773//4773
f 4055//4055 4544//4544 4606//4606
f 4917//4917 4546//4546 4771//4771
f 4772//4772 4917//4917 4771//4771
f 4055//4055 4606//4606 4516//4516
f 4548//4548 4979//4979 4825//4825
f 4773//4773 4629//4629 4607//4607
f 4517//4517 4548//4548 4384//4384
f 4668//4668 4713//4713 4377//4377
f 4714//4714 4626//4626 4666//4666
f 4377//4377 4713//4713 4511//4511
f 4623//4623 4664//4664 4597//4597
f 4665//4665 4395//4395 4662//4662
f 4711//4711 4416//4416 4624//4624
f 4289//4289 4598//4598 4819//4819
f 4663//4663 4623//4623 4597//4597
f 4663//4663 4597//4597 4449//4449
f 4665//4665 4624//4624 4395//4395
f 4599//4599 4820//4820 4598//4598
f 4914//4914 4798//4798 4799//4799
f 4603//4603 4715//4715 4481//4481
f 4916//4916 4539//4539 4717//4717
f 4916//4916 4499//4499 4539//4539
f 4540//4540 4499//4499 4949//4949
f 4949//4949 4499//4499 4916//4916
f 4672//4672 4600//4600 4409//4409
f 4480//4480 4671//4671 4601//4601
f 744//744 876//876 847//847
f 976//976 845//845 940//940
f 942//942 744//744 847//847
f 845//845 976//976 875//875
f 877//877 876//876 744//744
f 848//848 878//878 849//849
f 848//848 744//744 942//942
f 766//766 877//877 744//744
f 766//766 744//744 692//692
f 767//767 981//981 877//877
f 878//878 848//848 942//942
f 766//766 767//767 877//877
f 898//898 801//801 844//844
f 874//874 802//802 743//743
f 801//801 842//842 765//765
f 898//898 842//842 801//801
f 843//843 802//802 874//874
f 845//845 846//846 940//940
f 843//843 874//874 846//846
f 845//845 844//844 843//843
f 845//845 875//875 844//844
f 843//843 846//846 845//845
f 846//846 874//874 940//940
f 4682//4682 4683//4683 4610//4610
f 4488//4488 4684//4684 4631//4631
f 4729//4729 4631//4631 4684//4684
f 4553//4553 4684//4684 4488//4488
f 4829//4829 4610//4610 4683//4683
f 4680//4680 4775//4775 4519//4519
f 4519//4519 4775//4775 4551//4551
f 767//767 692//692 901//901
f 850//850 901//901 692//692
f 851//851 768//768 1064//1064
f 852//852 850//850 692//692
f 901//901 850//850 852//852
f 745//745 848//848 849//849
f 849//849 878//878 768//768
f 981//981 767//767 901//901
f 768//768 878//878 1064//1064
f 4730//4730 4685//4685 4459//4459
f 851//851 721//721 768//768
f 4731//4731 4879//4879 4359//4359
f 4863//4863 4778//4778 4489//4489
f 4804//4804 4359//4359 4685//4685
f 4568//4568 4638//4638 4321//4321
f 4925//4925 4740//4740 4569//4569
f 4321//4321 4925//4925 4569//4569
f 4320//4320 4567//4567 4466//4466
f 4639//4639 4687//4687 4849//4849
f 4849//4849 4687//4687 4468//4468
f 4567//4567 4568//4568 4466//4466
f 4570//4570 4848//4848 4639//4639
f 4638//4638 4883//4883 4925//4925
f 4561//4561 4739//4739 4562//4562
f 4635//4635 4559//4559 4636//4636
f 4735//4735 4736//4736 4463//4463
f 4558//4558 4735//4735 4463//4463
f 4736//4736 4737//4737 4634//4634
f 4560//4560 4739//4739 4738//4738
f 4563//4563 5088//5088 4564//4564
f 4959//4959 4989//4989 4689//4689
f 4688//4688 5182//5182 4808//4808
f 4522//4522 4780//4780 4423//4423
f 4990//4990 4780//4780 4522//4522
f 4808//4808 4643//4643 4688//4688
f 4573//4573 4690//4690 4809//4809
f 4744//4744 4990//4990 4612//4612
f 4522//4522 4612//4612 4990//4990
f 4160//4160 4884//4884 4159//4159
f 4741//4741 5089//5089 4160//4160
f 4779//4779 4741//4741 4263//4263
f 5182//5182 4571//4571 4642//4642
f 4989//4989 4642//4642 4689//4689
f 4963//4963 4886//4886 4780//4780
f 4779//4779 5251//5251 4741//4741
f 4779//4779 5131//5131 4742//4742
f 792//792 929//929 1268//1268
f 832//832 872//872 831//831
f 965//965 873//873 832//832
f 873//873 965//965 833//833
f 930//930 794//794 833//833
f 4732//4732 4554//4554 4500//4500
f 4984//4984 4732//4732 4500//4500
f 4733//4733 4734//4734 4556//4556
f 963//963 657//657 716//716
f 4463//4463 4736//4736 4634//4634
f 4737//4737 4559//4559 4464//4464
f 4555//4555 4733//4733 4556//4556
f 4732//4732 4733//4733 4555//4555
f 4554//4554 4732//4732 4555//4555
f 4557//4557 4922//4922 4462//4462
f 4734//4734 4922//4922 4557//4557
f 4556//4556 4734//4734 4557//4557
f 728//728 871//871 716//716
f 871//871 728//728 792//792
f 832//832 873//873 872//872
f 873//873 685//685 872//872
f 872//872 685//685 831//831
f 830//830 831//831 685//685
f 4703//4703 4527//4527 4702//4702
f 4754//4754 4650//4650 4788//4788
f 4650//4650 4935//4935 4586//4586
f 4703//4703 4702//4702 4896//4896
f 4933//4933 4896//4896 4702//4702
f 4837//4837 4651//4651 4206//4206
f 4206//4206 5153//5153 4837//4837
f 4869//4869 4529//4529 4757//4757
f 4757//4757 4506//4506 4756//4756
f 4754//4754 4935//4935 4650//4650
f 4811//4811 4648//4648 4753//4753
f 4753//4753 4648//4648 4833//4833
f 4701//4701 4835//4835 4582//4582
f 4699//4699 4867//4867 4582//4582
f 4583//4583 4751//4751 4894//4894
f 4752//4752 4833//4833 4648//4648
f 4967//4967 4586//4586 4868//4868
f 4836//4836 4701//4701 4442//4442
f 4811//4811 4584//4584 4648//4648
f 4530//4530 4759//4759 4838//4838
f 4758//4758 4838//4838 5135//5135
f 4588//4588 4427//4427 4838//4838
f 4587//4587 4900//4900 4618//4618
f 4620//4620 4759//4759 4531//4531
f 4899//4899 4939//4939 4445//4445
f 4622//4622 4759//4759 4620//4620
f 4789//4789 4704//4704 5153//5153
f 5153//5153 4206//4206 4789//4789
f 4870//4870 4529//4529 4869//4869
f 4652//4652 5153//5153 4704//4704
f 4853//4853 4706//4706 4852//4852
f 4758//4758 5297//5297 4619//4619
f 4853//4853 4940//4940 4706//4706
f 4619//4619 4900//4900 4587//4587
f 4852//4852 4706//4706 4444//4444
f 4445//4445 4939//4939 4871//4871
f 4472//4472 4503//4503 4831//4831
f 4850//4850 4577//4577 4747//4747
f 4472//4472 4831//4831 4746//4746
f 4693//4693 4783//4783 4645//4645
f 4613//4613 4890//4890 4503//4503
f 4692//4692 4503//4503 4890//4890
f 4851//4851 4645//4645 4783//4783
f 4783//4783 4693//4693 4850//4850
f 4503//4503 4692//4692 4831//4831
f 4573//4573 4575//4575 4690//4690
f 4782//4782 4575//4575 4888//4888
f 4746//4746 4691//4691 4472//4472
f 4644//4644 4830//4830 4574//4574
f 4574//4574 4781//4781 4810//4810
f 4644//4644 4691//4691 4830//4830
f 4787//4787 4526//4526 4786//4786
f 4786//4786 4698//4698 4866//4866
f 4867//4867 4785//4785 4525//4525
f 4615//4615 4784//4784 4697//4697
f 4751//4751 4787//4787 4832//4832
f 4582//4582 4700//4700 4699//4699
f 4583//4583 4752//4752 4751//4751
f 4835//4835 4932//4932 4582//4582
f 4698//4698 4786//4786 4526//4526
f 4582//4582 4867//4867 4403//4403
f 4867//4867 4750//4750 4785//4785
f 4894//4894 4751//4751 4832//4832
f 4748//4748 4891//4891 4579//4579
f 4504//4504 4493//4493 4890//4890
f 4493//4493 4695//4695 4694//4694
f 4992//4992 4614//4614 4891//4891
f 4992//4992 4579//4579 4614//4614
f 4647//4647 4697//4697 4695//4695
f 4992//4992 4749//4749 4579//4579
f 4785//4785 4893//4893 4615//4615
f 4615//4615 4893//4893 4784//4784
f 4647//4647 4696//4696 4697//4697
f 4748//4748 4579//4579 5032//5032
f 4891//4891 4614//4614 4579//4579
f 4399//4399 4857//4857 4673//4673
f 4451//4451 4481//4481 4715//4715
f 4798//4798 4716//4716 4799//4799
f 4603//4603 4673//4673 4715//4715
f 4667//4667 4767//4767 4768//4768
f 4409//4409 4670//4670 4669//4669
f 4667//4667 4766//4766 4767//4767
f 4174//4174 4669//4669 4670//4670
f 4513//4513 4876//4876 4672//4672
f 4769//4769 4671//4671 4667//4667
f 4769//4769 4667//4667 4768//4768
f 4914//4914 4601//4601 4671//4671
f 4914//4914 4671//4671 4769//4769
f 4679//4679 4800//4800 4516//4516
f 4516//4516 4800//4800 4858//4858
f 4975//4975 4248//4248 4542//4542
f 4975//4975 4821//4821 4248//4248
f 4248//4248 4821//4821 4720//4720
f 4514//4514 4844//4844 4721//4721
f 4514//4514 4721//4721 4675//4675
f 4721//4721 4676//4676 4675//4675
f 4975//4975 4542//4542 4722//4722
f 4543//4543 5055//5055 4679//4679
f 4977//4977 4823//4823 4678//4678
f 4543//4543 4606//4606 5055//5055
f 4677//4677 4676//4676 4977//4977
f 4677//4677 4977//4977 4678//4678
f 4800//4800 4679//4679 4858//4858
f 4540//4540 4949//4949 4674//4674
f 4453//4453 4627//4627 5025//5025
f 4949//4949 4950//4950 4674//4674
f 4453//4453 5025//5025 4718//4718
f 4452//4452 4453//4453 4604//4604
f 4454//4454 4605//4605 4770//4770
f 4248//4248 4720//4720 4605//4605
f 4950//4950 4482//4482 4674//4674
f 4627//4627 4770//4770 5025//5025
f 4713//4713 4668//4668 4948//4948
f 4844//4844 4719//4719 4482//4482
f 4373//4373 4854//4854 4763//4763
f 4373//4373 4763//4763 4660//4660
f 5067//5067 4709//4709 4659//4659
f 4373//4373 4710//4710 4854//4854
f 5067//5067 4659//4659 4762//4762
f 4709//4709 4944//4944 4873//4873
f 4660//4660 4763//4763 4595//4595
f 4478//4478 4597//4597 4874//4874
f 4842//4842 4661//4661 4818//4818
f 4818//4818 4661//4661 4538//4538
f 4478//4478 4874//4874 4286//4286
f 4593//4593 4761//4761 4971//4971
f 4594//4594 4839//4839 4814//4814
f 4593//4593 4816//4816 4761//4761
f 4371//4371 4594//4594 4814//4814
f 4816//4816 4593//4593 4815//4815
f 4815//4815 4593//4593 4656//4656
f 5000//5000 4708//4708 4658//4658
f 4762//4762 4708//4708 5000//5000
f 4658//4658 4817//4817 5000//5000
f 4431//4431 4625//4625 4946//4946
f 4625//4625 4431//4431 4377//4377
f 4946//4946 4820//4820 4431//4431
f 4666//4666 4626//4626 4712//4712
f 4431//4431 4820//4820 4599//4599
f 4174//4174 4948//4948 4668//4668
f 4714//4714 4766//4766 4667//4667
f 4766//4766 4714//4714 4666//4666
f 4713//4713 4625//4625 4511//4511
f 4597//4597 4393//4393 4449//4449
f 4712//4712 4765//4765 4666//4666
f 4598//4598 4820//4820 4819//4819
f 4623//4623 4289//4289 4764//4764
f 4711//4711 4712//4712 4416//4416
f 4912//4912 4289//4289 4819//4819
f 4289//4289 4912//4912 4764//4764
f 935//935 840//840 897//897
f 897//897 840//840 741//741
f 840//840 762//762 741//741
f 839//839 798//798 837//837
f 935//935 762//762 840//840
f 4632//4632 4778//4778 4633//4633
f 4955//4955 4685//4685 4730//4730
f 4955//4955 4804//4804 4685//4685
f 4459//4459 4955//4955 4730//4730
f 4847//4847 4632//4632 4633//4633
f 4778//4778 4847//4847 4633//4633
f 4359//4359 4804//4804 4731//4731
f 4805//4805 4983//4983 4490//4490
f 4983//4983 4686//4686 4490//4490
f 4983//4983 4489//4489 4686//4686
f 836//836 838//838 739//739
f 796//796 836//836 730//730
f 930//930 931//931 794//794
f 835//835 795//795 794//794
f 794//794 932//932 835//835
f 836//836 739//739 730//730
f 838//838 896//896 739//739
f 838//838 836//836 762//762
f 797//797 932//932 837//837
f 762//762 836//836 796//796
f 4550//4550 4826//4826 4178//4178
f 4550//4550 4846//4846 4826//4826
f 4859//4859 4456//4456 4826//4826
f 4860//4860 4629//4629 4773//4773
f 4457//4457 4827//4827 4726//4726
f 4518//4518 4608//4608 4725//4725
f 4827//4827 4457//4457 4724//4724
f 4723//4723 4827//4827 4724//4724
f 4846//4846 4485//4485 4518//4518
f 4860//4860 4723//4723 4549//4549
f 4545//4545 4824//4824 4544//4544
f 4544//4544 4824//4824 4606//4606
f 4773//4773 4607//4607 4801//4801
f 4456//4456 4859//4859 4548//4548
f 4548//4548 4859//4859 4979//4979
f 4917//4917 4773//4773 4546//4546
f 4384//4384 4825//4825 4545//4545
f 4825//4825 4384//4384 4548//4548
f 4801//4801 4607//4607 4546//4546
f 4829//4829 4683//4683 5084//5084
f 4684//4684 4728//4728 4410//4410
f 4410//4410 4728//4728 4609//4609
f 4610//4610 4486//4486 4682//4682
f 4609//4609 4828//4828 4520//4520
f 4255//4255 4681//4681 4486//4486
f 4632//4632 4847//4847 4553//4553
f 4777//4777 4459//4459 4829//4829
f 4410//4410 4729//4729 4684//4684
f 4630//4630 4774//4774 4727//4727
f 4458//4458 4827//4827 4774//4774
f 4803//4803 4255//4255 4552//4552
f 4357//4357 4630//4630 4802//4802
f 4680//4680 4828//4828 4775//4775
f 1334//1334 1267//1267 1146//1146
f 1168//1168 1163//1163 1221//1221
f 1163//1163 1168//1168 1219//1219
f 3747//3747 3561//3561 3231//3231
f 3670//3670 3574//3574 3348//3348
f 3193//3193 3435//3435 3527//3527
f 1048//1048 1209//1209 1116//1116
f 3659//3659 3476//3476 3581//3581
f 3611//3611 3555//3555 3485//3485
f 3554//3554 3326//3326 3605//3605
f 1161//1161 1160//1160 1162//1162
f 3488//3488 3556//3556 3416//3416
f 3485//3485 3301//3301 3611//3611
f 3419//3419 3517//3517 3614//3614
f 1067//1067 1128//1128 1066//1066
f 1126//1126 1251//1251 1127//1127
f 3639//3639 3677//3677 3568//3568
f 3747//3747 3748//3748 3561//3561
f 1121//1121 1216//1216 1162//1162
f 3634//3634 3759//3759 3528//3528
f 1057//1057 1060//1060 1162//1162
f 1220//1220 1162//1162 1060//1060
f 1056//1056 1057//1057 1162//1162
f 1163//1163 1165//1165 1053//1053
f 1164//1164 1055//1055 1216//1216
f 3618//3618 3572//3572 3426//3426
f 3614//3614 3516//3516 3731//3731
f 3832//3832 3557//3557 3885//3885
f 3573//3573 3701//3701 3558//3558
f 3760//3760 3650//3650 3493//3493
f 3848//3848 3796//3796 3707//3707
f 3796//3796 3387//3387 3707//3707
f 3388//3388 3637//3637 3443//3443
f 3715//3715 3363//3363 3257//3257
f 3592//3592 3501//3501 3681//3681
f 3770//3770 3589//3589 3549//3549
f 3500//3500 3739//3739 3569//3569
f 3589//3589 3770//3770 3535//3535
f 3454//3454 3682//3682 3504//3504
f 3725//3725 3613//3613 3331//3331
f 3556//3556 3830//3830 3416//3416
f 3830//3830 3303//3303 3416//3416
f 3326//3326 3511//3511 3605//3605
f 3623//3623 3604//3604 3719//3719
f 3721//3721 3481//3481 3824//3824
f 3582//3582 3721//3721 3695//3695
f 3606//3606 3644//3644 3481//3481
f 3659//3659 3606//3606 3481//3481
f 3523//3523 3649//3649 3335//3335
f 1261//1261 1184//1184 1353//1353
f 3307//3307 3419//3419 3488//3488
f 3557//3557 3699//3699 3885//3885
f 3730//3730 3614//3614 3731//3731
f 3557//3557 3698//3698 3699//3699
f 3629//3629 3647//3647 3556//3556
f 3727//3727 3728//3728 3726//3726
f 3547//3547 3426//3426 3334//3334
f 3618//3618 3890//3890 3572//3572
f 3583//3583 3783//3783 3573//3573
f 3522//3522 3559//3559 3929//3929
f 3559//3559 3558//3558 3701//3701
f 4254//4254 3833//3833 3832//3832
f 3516//3516 3615//3615 3732//3732
f 3732//3732 3731//3731 3516//3516
f 3572//3572 3890//3890 3700//3700
f 3834//3834 3783//3783 3617//3617
f 3783//3783 3583//3583 3617//3617
f 3616//3616 3700//3700 3732//3732
f 3700//3700 3616//3616 3572//3572
f 3527//3527 3758//3758 3436//3436
f 3435//3435 3758//3758 3527//3527
f 3564//3564 3705//3705 3563//3563
f 3436//3436 3634//3634 3528//3528
f 3528//3528 3669//3669 3383//3383
f 3635//3635 3669//3669 3528//3528
f 3526//3526 3632//3632 3432//3432
f 3232//3232 3668//3668 3525//3525
f 3434//3434 3191//3191 3435//3435
f 3633//3633 3191//3191 3584//3584
f 3958//3958 3707//3707 3762//3762
f 3847//3847 3494//3494 3792//3792
f 3494//3494 3493//3493 3437//3437
f 1075//1075 1300//1300 1073//1073
f 3337//3337 3429//3429 3560//3560
f 3560//3560 3524//3524 2880//2880
f 3561//3561 3748//3748 3787//3787
f 3752//3752 3232//3232 3272//3272
f 3666//3666 3631//3631 3429//3429
f 3636//3636 3381//3381 3196//3196
f 3655//3655 3508//3508 3595//3595
f 3685//3685 3596//3596 3594//3594
f 3620//3620 3571//3571 3592//3592
f 3506//3506 3682//3682 3454//3454
f 3594//3594 3576//3576 3250//3250
f 3456//3456 3641//3641 3593//3593
f 3466//3466 3621//3621 3464//3464
f 3642//3642 3552//3552 3578//3578
f 3599//3599 3598//3598 3597//3597
f 3867//3867 3599//3599 3597//3597
f 3656//3656 3642//3642 3578//3578
f 3639//3639 3568//3568 3498//3498
f 3447//3447 3569//3569 3739//3739
f 3856//3856 3549//3549 3677//3677
f 3587//3587 3567//3567 3767//3767
f 3497//3497 3803//3803 3588//3588
f 3498//3498 3675//3675 3802//3802
f 3801//3801 3802//3802 3675//3675
f 3681//3681 3501//3501 3680//3680
f 3653//3653 3590//3590 3570//3570
f 3682//3682 3591//3591 3504//3504
f 3620//3620 3592//3592 3640//3640
f 3640//3640 3592//3592 3681//3681
f 3591//3591 3810//3810 3570//3570
f 3500//3500 3534//3534 3678//3678
f 3590//3590 3679//3679 3551//3551
f 3680//3680 3535//3535 3770//3770
f 3680//3680 3501//3501 3535//3535
f 3534//3534 3551//3551 3679//3679
f 3480//3480 3608//3608 3694//3694
f 3482//3482 3608//3608 3480//3480
f 3660//3660 3543//3543 3582//3582
f 3544//3544 3722//3722 3483//3483
f 3693//3693 3824//3824 3481//3481
f 3693//3693 3481//3481 3720//3720
f 3720//3720 3481//3481 3644//3644
f 3607//3607 3368//3368 3645//3645
f 3626//3626 3327//3327 3211//3211
f 3480//3480 3694//3694 3211//3211
f 3301//3301 3880//3880 3611//3611
f 3663//3663 3664//3664 3612//3612
f 3664//3664 3663//3663 3724//3724
f 3612//3612 3725//3725 3331//3331
f 3696//3696 3612//3612 3664//3664
f 3513//3513 3627//3627 3609//3609
f 3609//3609 3610//3610 3544//3544
f 3660//3660 3662//3662 3543//3543
f 3611//3611 3921//3921 3555//3555
f 3468//3468 3602//3602 3257//3257
f 3553//3553 3603//3603 3658//3658
f 3658//3658 3603//3603 3910//3910
f 3603//3603 3542//3542 3601//3601
f 3406//3406 3363//3363 3715//3715
f 3659//3659 3581//3581 3623//3623
f 3720//3720 3644//3644 3606//3606
f 3580//3580 3719//3719 3604//3604
f 3605//3605 3745//3745 3554//3554
f 3029//3029 3579//3579 3173//3173
f 1154//1154 1205//1205 1153//1153
f 1204//1204 966//966 1374//1374
f 3493//3493 3057//3057 3160//3160
f 3199//3199 3198//3198 3574//3574
f 3348//3348 3311//3311 3197//3197
f 3192//3192 3193//3193 3137//3137
f 3273//3273 3005//3005 3194//3194
f 1206//1206 1376//1376 1154//1154
f 1045//1045 1152//1152 1375//1375
f 1375//1375 1155//1155 1045//1045
f 1152//1152 1045//1045 1108//1108
f 1205//1205 1154//1154 1376//1376
f 1111//1111 1154//1154 971//971
f 1154//1154 1111//1111 1206//1206
f 1114//1114 1155//1155 1375//1375
f 2972//2972 3467//3467 3601//3601
f 3091//3091 3468//3468 3291//3291
f 3476//3476 3408//3408 3295//3295
f 3307//3307 3155//3155 3374//3374
f 3155//3155 3228//3228 3374//3374
f 3367//3367 3477//3477 3478//3478
f 3213//3213 3429//3429 2998//2998
f 3337//3337 3338//3338 2880//2880
f 3340//3340 3787//3787 3134//3134
f 3187//3187 3340//3340 3134//3134
f 3787//3787 3340//3340 3187//3187
f 3430//3430 3787//3787 3186//3186
f 1334//1334 1037//1037 1307//1307
f 1036//1036 1366//1366 1038//1038
f 3380//3380 3428//3428 3213//3213
f 3429//3429 3336//3336 2998//2998
f 3235//3235 3345//3345 3193//3193
f 3193//3193 3346//3346 2831//2831
f 3192//3192 3235//3235 3193//3193
f 3382//3382 3273//3273 3138//3138
f 2831//2831 3382//3382 3138//3138
f 3347//3347 3382//3382 2831//2831
f 3005//3005 3383//3383 3195//3195
f 3341//3341 3342//3342 3232//3232
f 3667//3667 3272//3272 3134//3134
f 3343//3343 3234//3234 3099//3099
f 3190//3190 3344//3344 3191//3191
f 3100//3100 3432//3432 3135//3135
f 3189//3189 3344//3344 3190//3190
f 1201//1201 928//928 1240//1240
f 1201//1201 1043//1043 928//928
f 1239//1239 1200//1200 871//871
f 1371//1371 1240//1240 1106//1106
f 1242//1242 1421//1421 1151//1151
f 1202//1202 834//834 1150//1150
f 1151//1151 1294//1294 966//966
f 1420//1420 1043//1043 1201//1201
f 1268//1268 1241//1241 1309//1309
f 1242//1242 1043//1043 1420//1420
f 834//834 1202//1202 1241//1241
f 1039//1039 1409//1409 1506//1506
f 1335//1335 958//958 1369//1369
f 1039//1039 1506//1506 1238//1238
f 1369//1369 1104//1104 1237//1237
f 1289//1289 1236//1236 1147//1147
f 1409//1409 1039//1039 1236//1236
f 1290//1290 962//962 1200//1200
f 1415//1415 1199//1199 1198//1198
f 1200//1200 962//962 1149//1149
f 871//871 1200//1200 1149//1149
f 1308//1308 1148//1148 1238//1238
f 961//961 1148//1148 1308//1308
f 1198//1198 961//961 1415//1415
f 962//962 1290//1290 1237//1237
f 3650//3650 3564//3564 3057//3057
f 3201//3201 3575//3575 3278//3278
f 3332//3332 3226//3226 3155//3155
f 3306//3306 3183//3183 3182//3182
f 3227//3227 3228//3228 3155//3155
f 3304//3304 3154//3154 3049//3049
f 3305//3305 3267//3267 3129//3129
f 3333//3333 3132//3132 3097//3097
f 3308//3308 3309//3309 3184//3184
f 3572//3572 3270//3270 3185//3185
f 3093//3093 2979//2979 3262//3262
f 3150//3150 3512//3512 3149//3149
f 3266//3266 3181//3181 3225//3225
f 3050//3050 3300//3300 3048//3048
f 2987//2987 3048//3048 3300//3300
f 3225//3225 3181//3181 3265//3265
f 3265//3265 3181//3181 3330//3330
f 3050//3050 3302//3302 3301//3301
f 3181//3181 3331//3331 3076//3076
f 3298//3298 3153//3153 3047//3047
f 3328//3328 3330//3330 3372//3372
f 1215//1215 1160//1160 1249//1249
f 1213//1213 1248//1248 1160//1160
f 1122//1122 1250//1250 1051//1051
f 1161//1161 1218//1218 1163//1163
f 1165//1165 1219//1219 1053//1053
f 1164//1164 1051//1051 1250//1250
f 1122//1122 1119//1119 1121//1121
f 1249//1249 1341//1341 1215//1215
f 1250//1250 1122//1122 1315//1315
f 1053//1053 1219//1219 1341//1341
f 2998//2998 3336//3336 3337//3337
f 3787//3787 3187//3187 3186//3186
f 1248//1248 1213//1213 1214//1214
f 1159//1159 1212//1212 1214//1214
f 1212//1212 1159//1159 1118//1118
f 1213//1213 1340//1340 1211//1211
f 1213//1213 1211//1211 1214//1214
f 1167//1167 1059//1059 1164//1164
f 1217//1217 1168//1168 1316//1316
f 1217//1217 1219//1219 1168//1168
f 1220//1220 1218//1218 1162//1162
f 1221//1221 1163//1163 1220//1220
f 1221//1221 1220//1220 1166//1166
f 3119//3119 3492//3492 3335//3335
f 3119//3119 3335//3335 3379//3379
f 3648//3648 3230//3230 3379//3379
f 1163//1163 1218//1218 1220//1220
f 1163//1163 1219//1219 1165//1165
f 1056//1056 1162//1162 1216//1216
f 1162//1162 1218//1218 1161//1161
f 3283//3283 3169//3169 3394//3394
f 3203//3203 3204//3204 3448//3448
f 3062//3062 3448//3448 3281//3281
f 3242//3242 3282//3282 3016//3016
f 3203//3203 3448//3448 3062//3062
f 3397//3397 3247//3247 3452//3452
f 3396//3396 3536//3536 3247//3247
f 3247//3247 3397//3397 3106//3106
f 3221//3221 3317//3317 3395//3395
f 3205//3205 3246//3246 3245//3245
f 3200//3200 3442//3442 3387//3387
f 3240//3240 3120//3120 3444//3444
f 3239//3239 3163//3163 3215//3215
f 3243//3243 3314//3314 3166//3166
f 3121//3121 3390//3390 3060//3060
f 3469//3469 3207//3207 3208//3208
f 3174//3174 3470//3470 3146//3146
f 3467//3467 2972//2972 3144//3144
f 3290//3290 3256//3256 3111//3111
f 3467//3467 3144//3144 3173//3173
f 3368//3368 3177//3177 3148//3148
f 3123//3123 3177//3177 3366//3366
f 3209//3209 3260//3260 3367//3367
f 3114//3114 3368//3368 3148//3148
f 3145//3145 3112//3112 3407//3407
f 3408//3408 3260//3260 3295//3295
f 3365//3365 3123//3123 3366//3366
f 3295//3295 2849//2849 3175//3175
f 3294//3294 3259//3259 3123//3123
f 3141//3141 3460//3460 3251//3251
f 3460//3460 3141//3141 3322//3322
f 3398//3398 3109//3109 3286//3286
f 3321//3321 3286//3286 3065//3065
f 3505//3505 3222//3222 3106//3106
f 3021//3021 3170//3170 3020//3020
f 3537//3537 3458//3458 3249//3249
f 3463//3463 3142//3142 3223//3223
f 3599//3599 3088//3088 3463//3463
f 3463//3463 3088//3088 3142//3142
f 3298//3298 3514//3514 3370//3370
f 3298//3298 3370//3370 3152//3152
f 3329//3329 3298//3298 3047//3047
f 3370//3370 3513//3513 3152//3152
f 2983//2983 3264//3264 3545//3545
f 3225//3225 3265//3265 3330//3330
f 3486//3486 3329//3329 3047//3047
f 3328//3328 3299//3299 3330//3330
f 2987//2987 3515//3515 3047//3047
f 3412//3412 3263//3263 3151//3151
f 3369//3369 3484//3484 3263//3263
f 3545//3545 3372//3372 2983//2983
f 3180//3180 3042//3042 3297//3297
f 3180//3180 3297//3297 2981//2981
f 3513//3513 3297//3297 3152//3152
f 3297//3297 3042//3042 3152//3152
f 3267//3267 3212//3212 3129//3129
f 3305//3305 3226//3226 3488//3488
f 3078//3078 3129//3129 3212//3212
f 3546//3546 3306//3306 3182//3182
f 3373//3373 3181//3181 3266//3266
f 3050//3050 3303//3303 3302//3302
f 3373//3373 3331//3331 3181//3181
f 3050//3050 3301//3301 3300//3300
f 3050//3050 3078//3078 3303//3303
f 3154//3154 3304//3304 3076//3076
f 3071//3071 3364//3364 3112//3112
f 3472//3472 3474//3474 3175//3175
f 3294//3294 3123//3123 3326//3326
f 3295//3295 3260//3260 2849//2849
f 3365//3365 3366//3366 3326//3326
f 3259//3259 3326//3326 3071//3071
f 3365//3365 3326//3326 3123//3123
f 3175//3175 3474//3474 3295//3295
f 3071//3071 3326//3326 3554//3554
f 3294//3294 3326//3326 3259//3259
f 3291//3291 3325//3325 3091//3091
f 3553//3553 3470//3470 3174//3174
f 2846//2846 3293//3293 3258//3258
f 3091//3091 3325//3325 3290//3290
f 3258//3258 3468//3468 3091//3091
f 3470//3470 3472//3472 3175//3175
f 3145//3145 3407//3407 2846//2846
f 3258//3258 3292//3292 3468//3468
f 3211//3211 3149//3149 3512//3512
f 3211//3211 3327//3327 3149//3149
f 3149//3149 3262//3262 2979//2979
f 3410//3410 3412//3412 3151//3151
f 3410//3410 3151//3151 3296//3296
f 3367//3367 3178//3178 3210//3210
f 3367//3367 3260//3260 3408//3408
f 3149//3149 3327//3327 3262//3262
f 3367//3367 3478//3478 3178//3178
f 3367//3367 3210//3210 3209//3209
f 3478//3478 3261//3261 3178//3178
f 1272//1272 1296//1296 1209//1209
f 1210//1210 1273//1273 1158//1158
f 1245//1245 1158//1158 1273//1273
f 1209//1209 1246//1246 1116//1116
f 1207//1207 1114//1114 1375//1375
f 1243//1243 1111//1111 1156//1156
f 1208//1208 1114//1114 1207//1207
f 1243//1243 1206//1206 1111//1111
f 1245//1245 1157//1157 1158//1158
f 1244//1244 1272//1272 1209//1209
f 1114//1114 1208//1208 1244//1244
f 1156//1156 1245//1245 1243//1243
f 1113//1113 1114//1114 1244//1244
f 1157//1157 1245//1245 1156//1156
f 3617//3617 3308//3308 3269//3269
f 3376//3376 3269//3269 3423//3423
f 3156//3156 3157//3157 3228//3228
f 3377//3377 3097//3097 3309//3309
f 3376//3376 3617//3617 3269//3269
f 3185//3185 3490//3490 3572//3572
f 3377//3377 3309//3309 3573//3573
f 3155//3155 3307//3307 3332//3332
f 3375//3375 3557//3557 3423//3423
f 1117//1117 1246//1246 1118//1118
f 1214//1214 1211//1211 1247//1247
f 1246//1246 1212//1212 1118//1118
f 3133//3133 3310//3310 3492//3492
f 3334//3334 3229//3229 3271//3271
f 3133//3133 3118//3118 3310//3310
f 3132//3132 3333//3333 3427//3427
f 3278//3278 3352//3352 3201//3201
f 3279//3279 3241//3241 3445//3445
f 3387//3387 3276//3276 3200//3200
f 3275//3275 3217//3217 3240//3240
f 3120//3120 3389//3389 3444//3444
f 3062//3062 3281//3281 3219//3219
f 3355//3355 3314//3314 3243//3243
f 3086//3086 3218//3218 3391//3391
f 3060//3060 3390//3390 3201//3201
f 3138//3138 3273//3273 3194//3194
f 2423//2423 3103//3103 3636//3636
f 2423//2423 3636//3636 3196//3196
f 3383//3383 3236//3236 3195//3195
f 3213//3213 3196//3196 3380//3380
f 3386//3386 3163//3163 3495//3495
f 3198//3198 3311//3311 3574//3574
f 3349//3349 3139//3139 3238//3238
f 3239//3239 3495//3495 3163//3163
f 3139//3139 3440//3440 3164//3164
f 3312//3312 3216//3216 3313//3313
f 3215//3215 3216//3216 3239//3239
f 3383//3383 3669//3669 3236//3236
f 3214//3214 3160//3160 3161//3161
f 3163//3163 3386//3386 3214//3214
f 3348//3348 3197//3197 3385//3385
f 3274//3274 3159//3159 3384//3384
f 2965//2965 3360//3360 3539//3539
f 3462//3462 3223//3223 3359//3359
f 3122//3122 3578//3578 3206//3206
f 3122//3122 3539//3539 3578//3578
f 2965//2965 3539//3539 3122//3122
f 3361//3361 3253//3253 3067//3067
f 3252//3252 3253//3253 3361//3361
f 3399//3399 3088//3088 3599//3599
f 3253//3253 3252//3252 3360//3360
f 3253//3253 3360//3360 2965//2965
f 2963//2963 3206//3206 3172//3172
f 2867//2867 3461//3461 3223//3223
f 3110//3110 3289//3289 3406//3406
f 3405//3405 3540//3540 3403//3403
f 3110//3110 3324//3324 3255//3255
f 3467//3467 3173//3173 3541//3541
f 3579//3579 3029//3029 3540//3540
f 3111//3111 3256//3256 3289//3289
f 3257//3257 3256//3256 3290//3290
f 3465//3465 3287//3287 3404//3404
f 3404//3404 3288//3288 3465//3465
f 3400//3400 3254//3254 3399//3399
f 3067//3067 3465//3465 3323//3323
f 3361//3361 3067//3067 3323//3323
f 3403//3403 3254//3254 3402//3402
f 3404//3404 3287//3287 3067//3067
f 3465//3465 3067//3067 3287//3287
f 3403//3403 3540//3540 3254//3254
f 3356//3356 3220//3220 3395//3395
f 3450//3450 3283//3283 3318//3318
f 3396//3396 3247//3247 3357//3357
f 3450//3450 3535//3535 3283//3283
f 3317//3317 3221//3221 3551//3551
f 3357//3357 3247//3247 3535//3535
f 3499//3499 3167//3167 3282//3282
f 3394//3394 3167//3167 3499//3499
f 3220//3220 3316//3316 2955//2955
f 3394//3394 3169//3169 3167//3167
f 3204//3204 2955//2955 3316//3316
f 3394//3394 3318//3318 3283//3283
f 3356//3356 3244//3244 3220//3220
f 3244//3244 3316//3316 3220//3220
f 3320//3320 3170//3170 3107//3107
f 3507//3507 3248//3248 3505//3505
f 3505//3505 3106//3106 3397//3397
f 3319//3319 3020//3020 3170//3170
f 3251//3251 3358//3358 3107//3107
f 3537//3537 3249//3249 3248//3248
f 3170//3170 3320//3320 3456//3456
f 3250//3250 3171//3171 3458//3458
f 3246//3246 3503//3503 3502//3502
f 3246//3246 3502//3502 3245//3245
f 3502//3502 3205//3205 3245//3245
f 3020//3020 3319//3319 3105//3105
f 3452//3452 3247//3247 3536//3536
f 3284//3284 3503//3503 3105//3105
f 3319//3319 3284//3284 3105//3105
f 3446//3446 3532//3532 3675//3675
f 3391//3391 3446//3446 3675//3675
f 3406//3406 3256//3256 3363//3363
f 3604//3604 3472//3472 3580//3580
f 3292//3292 3293//3293 3468//3468
f 3603//3603 3553//3553 3207//3207
f 1228//1228 1320//1320 1131//1131
f 1079//1079 1390//1390 1259//1259
f 1128//1128 1225//1225 1066//1066
f 1225//1225 1173//1173 1066//1066
f 1130//1130 1128//1128 1067//1067
f 1130//1130 1348//1348 1298//1298
f 1175//1175 1226//1226 1282//1282
f 1348//1348 1130//1130 1176//1176
f 1130//1130 1298//1298 1128//1128
f 1175//1175 1282//1282 1068//1068
f 1076//1076 1442//1442 1257//1257
f 1075//1075 1301//1301 1256//1256
f 1256//1256 1319//1319 1075//1075
f 1180//1180 992//992 881//881
f 1075//1075 1319//1319 1300//1300
f 1445//1445 1078//1078 1258//1258
f 1183//1183 1351//1351 1182//1182
f 1078//1078 1449//1449 1132//1132
f 1078//1078 1445//1445 1449//1449
f 1259//1259 748//748 1077//1077
f 1182//1182 1228//1228 1183//1183
f 1070//1070 1130//1130 1069//1069
f 1227//1227 1070//1070 1177//1177
f 1282//1282 1129//1129 1068//1068
f 1282//1282 1254//1254 1129//1129
f 1176//1176 1130//1130 1227//1227
f 1227//1227 1130//1130 1070//1070
f 1300//1300 1070//1070 1073//1073
f 1179//1179 1178//1178 1180//1180
f 1179//1179 1071//1071 1178//1178
f 1300//1300 1177//1177 1070//1070
f 3707//3707 3442//3442 3762//3762
f 3387//3387 3442//3442 3707//3707
f 3762//3762 3350//3350 3440//3440
f 3441//3441 3443//3443 3794//3794
f 3565//3565 3387//3387 3796//3796
f 3796//3796 3638//3638 3565//3565
f 3351//3351 3388//3388 3443//3443
f 3438//3438 3199//3199 3586//3586
f 3574//3574 3791//3791 3199//3199
f 3494//3494 3437//3437 3214//3214
f 3586//3586 3672//3672 3439//3439
f 3762//3762 3440//3440 3672//3672
f 3794//3794 3494//3494 3495//3495
f 3587//3587 3675//3675 3532//3532
f 3447//3447 3497//3497 3392//3392
f 3568//3568 3242//3242 3498//3498
f 3243//3243 3497//3497 3355//3355
f 3355//3355 3497//3497 3588//3588
f 3587//3587 3530//3530 3567//3567
f 3431//3431 3667//3667 3134//3134
f 3432//3432 3562//3562 3189//3189
f 3428//3428 3666//3666 3429//3429
f 3561//3561 3787//3787 3430//3430
f 3560//3560 2880//2880 3338//3338
f 3337//3337 3560//3560 3338//3338
f 3524//3524 3747//3747 2880//2880
f 3007//3007 3704//3704 3529//3529
f 3585//3585 3384//3384 3894//3894
f 3191//3191 3434//3434 3235//3235
f 3433//3433 3633//3633 3344//3344
f 3189//3189 3562//3562 3433//3433
f 3633//3633 3584//3584 3344//3344
f 3273//3273 3436//3436 3528//3528
f 3193//3193 3527//3527 3346//3346
f 3436//3436 3382//3382 3347//3347
f 3527//3527 3436//3436 3347//3347
f 3538//3538 3577//3577 3595//3595
f 3596//3596 3461//3461 3398//3398
f 3598//3598 3599//3599 3463//3463
f 3903//3903 3597//3597 3359//3359
f 3597//3597 3598//3598 3462//3462
f 3206//3206 3552//3552 3577//3577
f 3683//3683 3250//3250 3537//3537
f 3285//3285 3250//3250 3576//3576
f 3320//3320 3641//3641 3456//3456
f 3683//3683 3537//3537 3457//3457
f 3596//3596 3398//3398 3594//3594
f 3460//3460 3595//3595 3508//3508
f 3641//3641 3358//3358 3508//3508
f 3510//3510 3362//3362 3466//3466
f 3818//3818 3405//3405 3622//3622
f 3288//3288 3466//3466 3465//3465
f 3622//3622 3403//3403 3600//3600
f 3541//3541 3579//3579 3601//3601
f 3324//3324 3406//3406 3657//3657
f 3656//3656 3578//3578 3252//3252
f 3323//3323 3465//3465 3464//3464
f 3465//3465 3466//3466 3464//3464
f 3942//3942 3600//3600 3400//3400
f 3400//3400 3509//3509 3867//3867
f 3316//3316 3550//3550 3500//3500
f 3500//3500 3356//3356 3534//3534
f 3500//3500 3569//3569 3316//3316
f 3589//3589 3394//3394 3393//3393
f 3589//3589 3535//3535 3450//3450
f 3677//3677 3282//3282 3568//3568
f 3533//3533 3677//3677 3549//3549
f 3589//3589 3499//3499 3549//3549
f 3589//3589 3393//3393 3499//3499
f 3549//3549 3499//3499 3533//3533
f 3592//3592 3397//3397 3453//3453
f 3570//3570 3504//3504 3591//3591
f 3592//3592 3453//3453 3452//3452
f 3683//3683 3507//3507 3620//3620
f 3571//3571 3507//3507 3505//3505
f 3455//3455 3456//3456 3506//3506
f 3571//3571 3620//3620 3507//3507
f 3590//3590 3451//3451 3570//3570
f 3551//3551 3205//3205 3590//3590
f 3502//3502 3570//3570 3451//3451
f 3592//3592 3452//3452 3536//3536
f 3504//3504 3570//3570 3503//3503
f 3503//3503 3570//3570 3502//3502
f 3501//3501 3592//3592 3536//3536
f 3501//3501 3536//3536 3396//3396
f 3728//3728 3306//3306 3726//3726
f 3728//3728 3417//3417 3306//3306
f 3698//3698 3417//3417 3728//3728
f 3331//3331 3613//3613 3076//3076
f 3726//3726 3546//3546 3487//3487
f 3556//3556 3488//3488 3629//3629
f 3416//3416 3303//3303 3212//3212
f 3832//3832 3489//3489 3423//3423
f 3832//3832 3833//3833 3518//3518
f 3518//3518 3833//3833 3617//3617
f 3615//3615 3424//3424 3732//3732
f 3557//3557 3421//3421 3698//3698
f 3420//3420 3517//3517 3419//3419
f 3615//3615 3516//3516 3422//3422
f 3832//3832 3423//3423 3557//3557
f 3517//3517 3516//3516 3614//3614
f 3420//3420 3516//3516 3517//3517
f 3422//3422 3516//3516 3420//3420
f 3662//3662 3263//3263 3543//3543
f 3721//3721 3582//3582 3296//3296
f 3543//3543 3412//3412 3582//3582
f 3409//3409 3645//3645 3368//3368
f 3366//3366 3643//3643 3511//3511
f 3477//3477 3476//3476 3659//3659
f 3643//3643 3177//3177 3607//3607
f 3645//3645 3327//3327 3626//3626
f 3481//3481 3478//3478 3659//3659
f 3645//3645 3262//3262 3327//3327
f 3555//3555 3514//3514 3485//3485
f 3485//3485 3515//3515 3301//3301
f 3301//3301 3303//3303 3830//3830
f 3663//3663 3328//3328 3371//3371
f 3513//3513 3609//3609 3297//3297
f 3723//3723 3484//3484 3646//3646
f 3369//3369 3646//3646 3484//3484
f 3662//3662 3646//3646 3369//3369
f 3544//3544 3297//3297 3609//3609
f 3371//3371 3545//3545 3663//3663
f 3514//3514 3555//3555 3513//3513
f 1221//1221 983//983 1124//1124
f 1223//1223 1224//1224 1125//1125
f 985//985 1127//1127 1251//1251
f 1169//1169 1168//1168 1221//1221
f 1123//1123 1059//1059 1167//1167
f 985//985 1251//1251 1168//1168
f 1166//1166 983//983 1221//1221
f 1060//1060 1166//1166 1220//1220
f 985//985 1168//1168 1169//1169
f 1125//1125 1167//1167 1223//1223
f 1125//1125 1123//1123 1167//1167
f 3522//3522 3521//3521 3427//3427
f 3630//3630 3521//3521 3522//3522
f 3335//3335 3492//3492 3523//3523
f 1252//1252 1346//1346 1064//1064
f 3426//3426 3572//3572 3519//3519
f 3490//3490 3519//3519 3572//3572
f 3378//3378 3558//3558 3559//3559
f 3559//3559 3522//3522 3333//3333
f 3648//3648 3547//3547 3491//3491
f 3097//3097 3573//3573 3558//3558
f 3547//3547 3334//3334 3520//3520
f 1224//1224 1344//1344 1063//1063
f 1062//1062 1169//1169 1221//1221
f 1062//1062 1221//1221 1124//1124
f 1251//1251 1171//1171 1170//1170
f 1062//1062 985//985 1169//1169
f 1126//1126 1171//1171 1251//1251
f 1063//1063 1344//1344 1252//1252
f 1174//1174 1172//1172 1126//1126
f 1126//1126 1173//1173 1174//1174
f 3665//3665 3648//3648 3379//3379
f 1066//1066 1173//1173 1126//1126
f 1173//1173 1172//1172 1174//1174
f 1126//1126 1172//1172 1171//1171
f 1171//1171 1172//1172 1173//1173
f 3576//3576 3286//3286 3321//3321
f 3171//3171 3250//3250 3285//3285
f 3361//3361 3464//3464 3252//3252
f 3568//3568 3282//3282 3242//3242
f 3204//3204 3447//3447 3448//3448
f 3392//3392 3219//3219 3281//3281
f 3204//3204 3316//3316 3569//3569
f 3205//3205 3502//3502 3451//3451
f 3537//3537 3248//3248 3457//3457
f 3455//3455 3170//3170 3456//3456
f 3503//3503 3284//3284 3504//3504
f 3544//3544 3414//3414 3413//3413
f 3485//3485 3514//3514 3298//3298
f 3370//3370 3514//3514 3513//3513
f 3264//3264 3723//3723 3545//3545
f 3484//3484 3723//3723 3264//3264
f 3512//3512 3480//3480 3211//3211
f 3543//3543 3263//3263 3412//3412
f 3662//3662 3369//3369 3263//3263
f 3613//3613 3154//3154 3076//3076
f 3212//3212 3303//3303 3078//3078
f 3154//3154 3487//3487 3546//3546
f 3487//3487 3154//3154 3726//3726
f 3302//3302 3303//3303 3301//3301
f 3154//3154 3613//3613 3726//3726
f 3416//3416 3212//3212 3267//3267
f 3330//3330 3663//3663 3225//3225
f 3663//3663 3415//3415 3299//3299
f 3329//3329 3486//3486 3485//3485
f 3371//3371 3372//3372 3545//3545
f 3299//3299 3328//3328 3663//3663
f 3329//3329 3485//3485 3298//3298
f 3371//3371 3328//3328 3372//3372
f 3486//3486 3047//3047 3515//3515
f 3330//3330 3299//3299 3415//3415
f 3300//3300 3515//3515 2987//2987
f 3612//3612 3266//3266 3225//3225
f 3373//3373 3612//3612 3331//3331
f 3301//3301 3515//3515 3300//3300
f 3330//3330 3415//3415 3663//3663
f 3373//3373 3266//3266 3612//3612
f 3663//3663 3612//3612 3225//3225
f 3486//3486 3515//3515 3485//3485
f 3071//3071 3475//3475 3364//3364
f 3474//3474 3623//3623 3295//3295
f 3623//3623 3581//3581 3295//3295
f 3256//3256 3406//3406 3289//3289
f 3541//3541 3173//3173 3579//3579
f 3553//3553 3174//3174 3207//3207
f 3542//3542 3469//3469 2972//2972
f 3468//3468 3325//3325 3291//3291
f 3479//3479 3261//3261 3478//3478
f 3479//3479 3296//3296 3261//3261
f 3408//3408 3476//3476 3367//3367
f 3477//3477 3367//3367 3476//3476
f 1019//1019 1193//1193 710//710
f 1018//1018 1019//1019 925//925
f 711//711 1193//1193 1020//1020
f 925//925 1019//1019 866//866
f 1926//1926 1331//1331 1361//1361
f 819//819 1097//1097 1021//1021
f 1024//1024 1471//1471 868//868
f 1194//1194 1024//1024 1022//1022
f 1021//1021 1194//1194 1022//1022
f 1286//1286 1397//1397 752//752
f 1329//1329 1015//1015 815//815
f 815//815 1015//1015 920//920
f 1011//1011 811//811 1010//1010
f 811//811 1095//1095 1012//1012
f 1012//1012 1095//1095 780//780
f 917//917 1328//1328 1399//1399
f 1146//1146 1267//1267 1306//1306
f 3378//3378 3333//3333 3097//3097
f 3425//3425 3426//3426 3229//3229
f 3310//3310 3521//3521 3630//3630
f 824//824 1653//1653 1143//1143
f 782//782 1143//1143 1653//1653
f 1653//1653 824//824 1331//1331
f 1652//1652 1331//1331 1926//1926
f 1402//1402 1401//1401 1142//1142
f 1196//1196 1333//1333 1144//1144
f 1306//1306 1100//1100 870//870
f 1100//1100 1306//1306 1196//1196
f 1235//1235 1145//1145 1363//1363
f 1195//1195 1233//1233 1363//1363
f 1032//1032 1234//1234 1405//1405
f 3496//3496 3276//3276 3387//3387
f 3275//3275 3240//3240 3443//3443
f 3240//3240 3444//3444 3388//3388
f 3353//3353 3445//3445 3241//3241
f 3496//3496 3565//3565 3276//3276
f 3277//3277 3352//3352 3766//3766
f 3565//3565 3638//3638 3276//3276
f 3638//3638 3241//3241 3276//3276
f 3202//3202 3314//3314 3588//3588
f 3084//3084 3587//3587 3354//3354
f 3314//3314 3355//3355 3588//3588
f 3447//3447 3281//3281 3448//3448
f 3392//3392 3243//3243 3219//3219
f 3575//3575 3201//3201 3390//3390
f 3638//3638 3353//3353 3241//3241
f 3280//3280 3587//3587 3084//3084
f 3234//3234 3632//3632 3100//3100
f 3232//3232 3525//3525 3233//3233
f 3670//3670 3385//3385 3274//3274
f 3437//3437 3493//3493 3160//3160
f 3650//3650 3057//3057 3493//3493
f 3386//3386 3494//3494 3214//3214
f 3495//3495 3494//3494 3386//3386
f 3501//3501 3396//3396 3357//3357
f 3535//3535 3501//3501 3357//3357
f 3205//3205 3451//3451 3590//3590
f 3205//3205 3551//3551 3221//3221
f 3500//3500 3550//3550 3244//3244
f 3318//3318 3394//3394 3589//3589
f 3500//3500 3244//3244 3356//3356
f 3316//3316 3244//3244 3550//3550
f 3534//3534 3395//3395 3551//3551
f 3551//3551 3395//3395 3317//3317
f 3589//3589 3450//3450 3318//3318
f 3534//3534 3449//3449 3395//3395
f 3356//3356 3449//3449 3534//3534
f 3356//3356 3395//3395 3449//3449
f 3320//3320 3107//3107 3641//3641
f 3683//3683 3457//3457 3248//3248
f 3683//3683 3248//3248 3507//3507
f 3251//3251 3508//3508 3358//3358
f 3537//3537 3250//3250 3458//3458
f 3576//3576 3321//3321 3285//3285
f 3358//3358 3641//3641 3107//3107
f 3397//3397 3592//3592 3571//3571
f 3284//3284 3319//3319 3504//3504
f 3397//3397 3452//3452 3453//3453
f 3506//3506 3454//3454 3170//3170
f 3170//3170 3455//3455 3506//3506
f 3571//3571 3505//3505 3397//3397
f 3170//3170 3454//3454 3319//3319
f 3319//3319 3454//3454 3504//3504
f 3278//3278 3575//3575 3566//3566
f 3567//3567 3279//3279 3445//3445
f 3278//3278 3619//3619 3352//3352
f 3567//3567 3353//3353 3638//3638
f 3278//3278 3566//3566 3619//3619
f 3353//3353 3567//3567 3445//3445
f 3202//3202 3531//3531 3390//3390
f 3530//3530 3587//3587 3280//3280
f 3548//3548 3531//3531 3202//3202
f 3530//3530 3279//3279 3567//3567
f 3674//3674 3575//3575 3390//3390
f 3390//3390 3531//3531 3674//3674
f 3530//3530 3280//3280 3279//3279
f 3443//3443 3240//3240 3351//3351
f 3388//3388 3351//3351 3240//3240
f 3443//3443 3217//3217 3275//3275
f 3217//3217 3443//3443 3441//3441
f 3277//3277 3766//3766 3652//3652
f 3277//3277 3652//3652 3389//3389
f 3619//3619 3766//3766 3352//3352
f 3388//3388 3444//3444 3389//3389
f 3389//3389 3652//3652 3388//3388
f 3496//3496 3387//3387 3565//3565
f 3282//3282 3677//3677 3533//3533
f 3281//3281 3447//3447 3392//3392
f 3499//3499 3393//3393 3394//3394
f 3533//3533 3499//3499 3282//3282
f 3447//3447 3204//3204 3569//3569
f 3446//3446 3391//3391 3218//3218
f 3354//3354 3587//3587 3446//3446
f 3532//3532 3446//3446 3587//3587
f 3202//3202 3588//3588 3548//3548
f 3242//3242 3086//3086 3498//3498
f 3243//3243 3392//3392 3497//3497
f 3675//3675 3086//3086 3391//3391
f 3498//3498 3086//3086 3675//3675
f 3554//3554 3475//3475 3071//3071
f 3604//3604 3623//3623 3474//3474
f 3177//3177 3643//3643 3366//3366
f 3476//3476 3295//3295 3581//3581
f 3511//3511 3326//3326 3366//3366
f 3292//3292 3258//3258 3293//3293
f 3553//3553 3658//3658 3470//3470
f 3469//3469 3603//3603 3207//3207
f 3112//3112 3364//3364 3473//3473
f 3112//3112 3473//3473 3407//3407
f 3364//3364 3475//3475 3473//3473
f 3474//3474 3472//3472 3604//3604
f 3580//3580 3472//3472 3470//3470
f 3580//3580 3470//3470 3658//3658
f 3407//3407 3471//3471 2846//2846
f 3407//3407 3473//3473 3471//3471
f 3224//3224 3482//3482 3480//3480
f 3582//3582 3410//3410 3296//3296
f 3411//3411 3482//3482 3224//3224
f 3296//3296 3481//3481 3721//3721
f 3224//3224 3480//3480 3512//3512
f 3224//3224 3512//3512 3150//3150
f 3544//3544 3413//3413 3297//3297
f 3582//3582 3412//3412 3410//3410
f 3224//3224 3483//3483 3411//3411
f 3544//3544 3483//3483 3414//3414
f 3414//3414 3483//3483 3224//3224
f 3478//3478 3477//3477 3659//3659
f 3262//3262 3409//3409 3368//3368
f 3262//3262 3368//3368 3093//3093
f 3177//3177 3368//3368 3607//3607
f 3296//3296 3479//3479 3481//3481
f 3481//3481 3479//3479 3478//3478
f 3262//3262 3645//3645 3409//3409
f 3360//3360 3578//3578 3539//3539
f 3252//3252 3578//3578 3360//3360
f 3598//3598 3223//3223 3462//3462
f 3598//3598 3463//3463 3223//3223
f 3578//3578 3552//3552 3206//3206
f 3464//3464 3656//3656 3252//3252
f 3867//3867 3399//3399 3599//3599
f 3867//3867 3509//3509 3399//3399
f 3595//3595 3460//3460 3322//3322
f 3461//3461 3596//3596 3685//3685
f 3172//3172 3595//3595 3322//3322
f 3459//3459 3594//3594 3398//3398
f 3459//3459 3286//3286 3594//3594
f 3460//3460 3508//3508 3251//3251
f 3286//3286 3576//3576 3594//3594
f 3459//3459 3398//3398 3286//3286
f 3359//3359 3223//3223 3903//3903
f 3597//3597 3462//3462 3359//3359
f 3685//3685 3223//3223 3461//3461
f 3577//3577 3172//3172 3206//3206
f 3172//3172 3577//3577 3538//3538
f 3172//3172 3538//3538 3595//3595
f 3903//3903 3223//3223 3685//3685
f 3601//3601 3467//3467 3541//3541
f 3406//3406 3324//3324 3110//3110
f 3542//3542 2972//2972 3601//3601
f 3290//3290 3468//3468 3257//3257
f 3542//3542 3603//3603 3469//3469
f 3290//3290 3325//3325 3468//3468
f 3257//3257 3363//3363 3256//3256
f 3600//3600 3402//3402 3401//3401
f 3600//3600 3401//3401 3400//3400
f 3399//3399 3509//3509 3400//3400
f 3464//3464 3361//3361 3323//3323
f 3255//3255 3324//3324 3362//3362
f 3362//3362 3324//3324 3466//3466
f 3540//3540 3405//3405 3579//3579
f 3579//3579 3405//3405 3818//3818
f 3622//3622 3405//3405 3403//3403
f 3600//3600 3403//3403 3402//3402
f 3404//3404 3466//3466 3288//3288
f 3404//3404 3362//3362 3510//3510
f 3404//3404 3510//3510 3466//3466
f 1358//1358 1461//1461 1139//1139
f 1138//1138 1358//1358 1139//1139
f 1191//1191 1358//1358 1138//1138
f 3523//3523 3310//3310 3630//3630
f 3523//3523 3492//3492 3310//3310
f 3379//3379 3335//3335 3665//3665
f 3491//3491 3547//3547 3230//3230
f 1698//1698 1190//1190 1265//1265
f 1191//1191 1094//1094 1140//1140
f 1188//1188 1088//1088 1457//1457
f 1090//1090 806//806 1304//1304
f 1457//1457 1088//1088 1189//1189
f 1304//1304 1087//1087 1231//1231
f 1088//1088 1188//1188 1086//1086
f 1086//1086 1188//1188 1186//1186
f 1456//1456 1263//1263 1324//1324
f 1089//1089 1189//1189 1088//1088
f 1092//1092 1189//1189 1136//1136
f 1089//1089 1136//1136 1189//1189
f 3419//3419 3374//3374 3228//3228
f 3419//3419 3228//3228 3420//3420
f 3698//3698 3421//3421 3418//3418
f 3268//3268 3422//3422 3157//3157
f 3376//3376 3423//3423 3489//3489
f 3421//3421 3557//3557 3375//3375
f 3228//3228 3422//3422 3420//3420
f 3267//3267 3305//3305 3416//3416
f 3726//3726 3306//3306 3546//3546
f 3488//3488 3416//3416 3305//3305
f 3418//3418 3417//3417 3698//3698
f 3488//3488 3332//3332 3307//3307
f 3374//3374 3419//3419 3307//3307
f 3417//3417 3418//3418 3183//3183
f 3332//3332 3488//3488 3226//3226
f 3417//3417 3183//3183 3306//3306
f 3334//3334 3425//3425 3229//3229
f 3427//3427 3333//3333 3522//3522
f 3097//3097 3558//3558 3378//3378
f 3426//3426 3519//3519 3229//3229
f 3230//3230 3648//3648 3491//3491
f 3520//3520 3334//3334 3230//3230
f 3547//3547 3520//3520 3230//3230
f 3334//3334 3426//3426 3425//3425
f 3378//3378 3559//3559 3333//3333
f 3427//3427 3521//3521 3310//3310
f 3424//3424 3268//3268 3157//3157
f 3376//3376 3489//3489 3832//3832
f 3732//3732 3270//3270 3616//3616
f 3270//3270 3424//3424 3157//3157
f 3422//3422 3228//3228 3157//3157
f 3422//3422 3268//3268 3615//3615
f 3424//3424 3615//3615 3268//3268
f 3424//3424 3270//3270 3732//3732
f 3376//3376 3832//3832 3518//3518
f 3583//3583 3308//3308 3617//3617
f 3573//3573 3097//3097 3377//3377
f 3519//3519 3490//3490 3229//3229
f 3573//3573 3309//3309 3308//3308
f 3308//3308 3583//3583 3573//3573
f 3572//3572 3616//3616 3270//3270
f 3518//3518 3617//3617 3376//3376
f 3382//3382 3436//3436 3273//3273
f 3527//3527 3347//3347 2831//2831
f 3346//3346 3527//3527 2831//2831
f 3434//3434 3435//3435 3235//3235
f 3435//3435 3193//3193 3345//3345
f 3235//3235 3435//3435 3345//3345
f 3196//3196 3381//3381 3380//3380
f 3528//3528 3383//3383 3005//3005
f 3273//3273 3528//3528 3005//3005
f 3188//3188 3525//3525 3343//3343
f 3343//3343 3525//3525 3234//3234
f 3233//3233 3525//3525 3188//3188
f 3525//3525 3632//3632 3234//3234
f 3272//3272 3342//3342 3341//3341
f 3667//3667 3751//3751 3272//3272
f 3342//3342 3272//3272 3232//3232
f 3433//3433 3344//3344 3189//3189
f 3344//3344 3584//3584 3191//3191
f 3100//3100 3526//3526 3432//3432
f 3632//3632 3526//3526 3100//3100
f 3135//3135 3432//3432 3189//3189
f 3439//3439 3672//3672 3139//3139
f 3349//3349 3586//3586 3139//3139
f 3439//3439 3139//3139 3586//3586
f 3794//3794 3495//3495 3239//3239
f 3438//3438 3586//3586 3349//3349
f 3199//3199 3438//3438 3349//3349
f 3217//3217 3794//3794 3313//3313
f 3762//3762 3442//3442 3350//3350
f 3313//3313 3794//3794 3312//3312
f 3441//3441 3794//3794 3217//3217
f 3139//3139 3672//3672 3440//3440
f 3312//3312 3794//3794 3216//3216
f 3239//3239 3216//3216 3794//3794
f 3585//3585 3274//3274 3384//3384
f 3057//3057 3564//3564 3563//3563
f 3057//3057 3563//3563 3704//3704
f 3160//3160 3214//3214 3437//3437
f 3585//3585 3670//3670 3274//3274
f 3670//3670 3348//3348 3385//3385
f 3574//3574 3311//3311 3348//3348
f 1284//1284 1354//1354 999//999
f 1285//1285 1323//1323 948//948
f 998//998 948//948 1323//1323
f 948//948 998//998 1083//1083
f 998//998 1082//1082 1083//1083
f 1262//1262 1391//1391 910//910
f 1186//1186 1085//1085 1185//1185
f 702//702 1354//1354 1230//1230
f 1285//1285 948//948 1084//1084
f 3429//3429 3337//3337 3336//3336
f 3213//3213 3428//3428 3429//3429
f 3787//3787 3431//3431 3134//3134
f 3231//3231 3561//3561 3339//3339
f 2880//2880 3747//3747 3231//3231
f 3186//3186 3561//3561 3430//3430
f 3339//3339 3561//3561 3186//3186
f 1284//1284 883//883 1229//1229
f 3381//3381 3428//3428 3380//3380
f 1353//1353 1133//1133 1080//1080
f 1080//1080 1320//1320 1353//1353
f 997//997 1134//1134 1260//1260
f 1260//1260 1081//1081 998//998
f 882//882 1081//1081 1260//1260
f 817//817 1016//1016 921//921
f 816//816 1016//1016 817//817
f 1018//1018 925//925 924//924
f 709//709 1017//1017 924//924
f 917//917 1399//1399 918//918
f 1014//1014 1192//1192 649//649
f 814//814 1399//1399 813//813
f 1399//1399 1014//1014 918//918
f 649//649 1192//1192 814//814
f 919//919 813//813 650//650
f 1192//1192 1399//1399 814//814
f 920//920 1015//1015 1016//1016
f 1020//1020 819//819 711//711
f 868//868 1604//1604 618//618
f 1021//1021 1022//1022 867//867
f 1022//1022 1023//1023 820//820
f 1287//1287 1018//1018 924//924
f 1096//1096 1017//1017 709//709
f 926//926 1193//1193 711//711
f 710//710 1193//1193 926//926
f 819//819 1021//1021 867//867
f 866//866 1019//1019 710//710
f 1145//1145 1235//1235 1034//1034
f 1033//1033 1100//1100 1405//1405
f 1038//1038 927//927 1036//1036
f 1235//1235 829//829 1197//1197
f 1026//1026 824//824 1361//1361
f 1142//1142 1401//1401 653//653
f 1402//1402 653//653 950//950
f 1332//1332 1402//1402 891//891
f 1402//1402 1142//1142 653//653
f 1604//1604 1025//1025 618//618
f 821//821 1024//1024 868//868
f 618//618 1098//1098 869//869
f 652//652 1099//1099 1840//1840
f 712//712 1360//1360 757//757
f 1653//1653 1031//1031 782//782
f 1031//1031 955//955 782//782
f 1031//1031 1605//1605 955//955
f 1030//1030 954//954 759//759
f 1605//1605 1030//1030 759//759
f 1032//1032 1332//1332 951//951
f 1032//1032 951//951 679//679
f 1332//1332 891//891 1027//1027
f 1402//1402 950//950 891//891
f 953//953 1473//1473 952//952
f 1473//1473 892//892 952//952
f 1332//1332 1027//1027 951//951
f 1032//1032 679//679 1033//1033
f 4073//4073 4037//4037 4038//4038
f 4039//4039 4040//4040 4008//4008
f 4030//4030 4031//4031 4227//4227
f 4033//4033 4032//4032 4031//4031
f 4037//4037 3960//3960 4140//4140
f 4140//4140 4035//4035 4036//4036
f 4140//4140 3960//3960 4035//4035
f 910//910 861//861 1262//1262
f 908//908 909//909 948//948
f 702//702 1230//1230 1135//1135
f 1085//1085 909//909 863//863
f 1456//1456 777//777 1090//1090
f 1001//1001 863//863 886//886
f 1087//1087 887//887 864//864
f 1187//1187 864//864 910//910
f 1000//1000 947//947 905//905
f 911//911 1089//1089 807//807
f 916//916 1140//1140 779//779
f 1327//1327 1009//1009 810//810
f 1466//1466 1327//1327 810//810
f 757//757 1466//1466 810//810
f 914//914 1007//1007 916//916
f 810//810 1009//1009 1010//1010
f 1095//1095 1013//1013 780//780
f 811//811 1012//1012 780//780
f 1137//1137 1325//1325 1002//1002
f 1137//1137 1002//1002 808//808
f 1090//1090 777//777 806//806
f 886//886 807//807 1089//1089
f 777//777 1091//1091 808//808
f 1005//1005 751//751 1232//1232
f 1138//1138 913//913 1094//1094
f 1006//1006 1138//1138 1094//1094
f 1325//1325 1232//1232 1003//1003
f 889//889 1004//1004 1093//1093
f 3958//3958 3895//3895 3934//3934
f 3958//3958 3934//3934 4069//4069
f 4227//4227 4031//4031 4029//4029
f 4227//4227 4029//4029 4027//4027
f 3995//3995 4127//4127 3971//3971
f 4083//4083 4370//4370 3600//3600
f 3929//3929 3976//3976 4063//4063
f 3996//3996 4014//4014 3777//3777
f 959//959 791//791 1039//1039
f 1102//1102 894//894 958//958
f 831//831 1198//1198 1199//1199
f 4073//4073 3961//3961 3937//3937
f 4073//4073 3937//3937 4037//4037
f 4076//4076 3939//3939 4121//4121
f 4008//4008 4040//4040 3897//3897
f 4040//4040 4009//4009 3858//3858
f 4326//4326 3845//3845 3529//3529
f 4007//4007 4006//4006 3956//3956
f 4067//4067 4110//4110 4023//4023
f 4029//4029 4031//4031 3848//3848
f 4032//4032 4033//4033 3959//3959
f 937//937 1046//1046 899//899
f 937//937 899//899 874//874
f 936//936 972//972 971//971
f 844//844 972//972 973//973
f 844//844 1047//1047 972//972
f 1108//1108 839//839 969//969
f 842//842 973//973 972//972
f 935//935 936//936 1109//1109
f 934//934 970//970 1109//1109
f 1109//1109 936//936 971//971
f 1109//1109 970//970 935//935
f 4020//4020 4262//4262 4260//4260
f 1113//1113 940//940 1046//1046
f 975//975 844//844 939//939
f 844//844 974//974 1047//1047
f 844//844 975//975 939//939
f 938//938 844//844 939//939
f 1047//1047 974//974 938//938
f 938//938 974//974 844//844
f 1049//1049 977//977 979//979
f 1049//1049 938//938 977//977
f 977//977 938//938 979//979
f 941//941 976//976 900//900
f 940//940 1113//1113 976//976
f 4197//4197 4030//4030 4331//4331
f 4070//4070 4116//4116 4161//4161
f 3799//3799 4034//4034 4162//4162
f 4197//4197 4332//4332 4071//4071
f 4196//4196 3958//3958 4436//4436
f 4227//4227 4026//4026 4115//4115
f 4117//4117 4162//4162 4034//4034
f 4196//4196 4227//4227 4115//4115
f 3795//3795 4213//4213 4195//4195
f 4341//4341 4072//4072 4200//4200
f 4119//4119 4269//4269 4118//4118
f 4214//4214 4008//4008 4180//4180
f 3962//3962 4141//4141 4201//4201
f 4201//4201 4164//4164 4163//4163
f 4140//4140 4334//4334 4336//4336
f 4334//4334 4140//4140 4228//4228
f 4118//4118 4199//4199 3854//3854
f 4038//4038 4337//4337 4200//4200
f 4319//4319 4191//4191 4022//4022
f 4323//4323 4110//4110 3843//3843
f 4109//4109 4158//4158 3982//3982
f 3978//3978 4157//4157 3979//3979
f 4103//4103 4104//4104 4066//4066
f 3985//3985 4224//4224 3846//3846
f 3934//3934 4327//4327 4469//4469
f 4266//4266 4327//4327 4113//4113
f 4113//4113 4435//4435 4266//4266
f 3845//3845 4326//4326 4112//4112
f 4110//4110 4193//4193 4111//4111
f 4111//4111 4193//4193 4023//4023
f 4224//4224 4421//4421 3760//3760
f 4687//4687 4024//4024 4360//4360
f 4391//4391 4083//4083 4169//4169
f 3992//3992 4371//4371 4210//4210
f 3992//3992 4210//4210 4209//4209
f 4282//4282 4589//4589 4236//4236
f 4215//4215 4280//4280 3941//3941
f 4346//4346 4145//4145 4232//4232
f 4082//4082 4183//4183 4169//4169
f 4349//4349 4348//4348 3743//3743
f 4172//4172 4430//4430 4238//4238
f 4217//4217 4047//4047 4218//4218
f 4394//4394 4146//4146 4013//4013
f 3945//3945 4217//4217 4349//4349
f 4045//4045 4394//4394 4013//4013
f 3943//3943 4496//4496 4235//4235
f 3817//3817 3943//3943 4371//4371
f 4447//4447 4085//4085 4236//4236
f 3873//3873 3944//3944 4496//4496
f 4205//4205 4142//4142 4230//4230
f 4230//4230 4121//4121 4009//4009
f 4142//4142 4121//4121 4230//4230
f 3963//3963 4122//4122 4165//4165
f 4343//4343 4143//4143 4205//4205
f 4204//4204 4202//4202 3938//3938
f 4214//4214 4181//4181 4008//4008
f 4214//4214 4039//4039 4181//4181
f 4120//4120 4039//4039 4203//4203
f 4075//4075 4165//4165 4204//4204
f 3864//3864 4168//4168 3990//3990
f 3990//3990 4208//4208 4010//4010
f 4206//4206 3966//3966 4144//4144
f 3966//3966 4206//4206 4276//4276
f 4277//4277 4041//4041 4344//4344
f 4303//4303 4055//4055 4056//4056
f 4001//4001 4055//4055 4152//4152
f 4176//4176 4095//4095 4153//4153
f 3924//3924 4455//4455 4155//4155
f 4302//4302 4096//4096 4250//4250
f 4096//4096 4302//4302 4303//4303
f 4056//4056 4096//4096 4303//4303
f 4175//4175 4051//4051 4052//4052
f 3827//3827 4151//4151 4247//4247
f 4153//4153 4211//4211 4176//4176
f 4153//4153 4094//4094 4211//4211
f 3827//3827 4247//4247 4135//4135
f 4094//4094 4247//4247 4211//4211
f 4094//4094 4135//4135 4247//4247
f 4156//4156 4254//4254 3886//3886
f 4061//4061 3955//3955 4253//4253
f 4137//4137 4257//4257 4136//4136
f 3975//3975 4223//4223 3976//3976
f 4255//4255 3975//3975 4254//4254
f 4136//4136 4257//4257 4256//4256
f 4455//4455 3924//3924 4002//4002
f 3925//3925 4017//4017 4179//4179
f 4245//4245 3877//3877 3626//3626
f 4294//4294 4049//4049 4244//4244
f 4293//4293 4244//4244 4173//4173
f 4245//4245 4130//4130 3877//3877
f 4185//4185 3996//3996 4147//4147
f 4146//4146 4240//4240 3995//3995
f 4218//4218 4128//4128 4287//4287
f 4287//4287 4128//4128 4241//4241
f 3946//3946 4243//4243 3822//3822
f 4150//4150 3919//3919 3949//3949
f 4149//4149 4133//4133 3879//3879
f 4091//4091 4150//4150 3949//3949
f 4149//4149 3913//3913 4295//4295
f 4149//4149 3879//3879 4090//4090
f 4134//4134 3920//3920 4151//4151
f 4049//4049 4131//4131 4132//4132
f 4244//4244 4049//4049 3947//3947
f 4131//4131 4294//4294 4132//4132
f 4295//4295 4089//4089 4132//4132
f 1041//1041 1148//1148 961//961
f 657//657 962//962 960//960
f 963//963 962//962 657//657
f 960//960 1104//1104 894//894
f 894//894 1104//1104 895//895
f 1148//1148 959//959 1105//1105
f 1042//1042 831//831 1106//1106
f 961//961 831//831 1041//1041
f 1198//1198 831//831 961//961
f 956//956 927//927 829//829
f 1037//1037 957//957 786//786
f 1036//1036 927//927 956//956
f 1289//1289 789//789 927//927
f 760//760 1101//1101 786//786
f 1037//1037 786//786 1101//1101
f 789//789 1039//1039 791//791
f 958//958 894//894 895//895
f 1038//1038 1289//1289 927//927
f 787//787 1103//1103 1101//1101
f 788//788 1103//1103 787//787
f 894//894 1103//1103 788//788
f 932//932 969//969 839//839
f 967//967 969//969 932//932
f 4309//4309 3976//3976 4223//4223
f 4138//4138 4260//4260 4137//4137
f 1268//1268 1239//1239 792//792
f 792//792 1239//1239 964//964
f 792//792 964//964 871//871
f 1042//1042 965//965 831//831
f 1239//1239 871//871 964//964
f 1043//1043 965//965 928//928
f 965//965 1042//1042 1240//1240
f 1240//1240 928//928 965//965
f 931//931 966//966 932//932
f 896//896 968//968 834//834
f 1150//1150 834//834 968//968
f 933//933 968//968 896//896
f 967//967 932//932 966//966
f 1043//1043 966//966 931//931
f 4113//4113 4025//4025 3984//3984
f 3935//3935 4213//4213 3795//3795
f 3795//3795 4195//4195 4114//4114
f 4196//4196 4026//4026 3958//3958
f 4197//4197 4071//4071 4033//4033
f 4332//4332 4036//4036 4033//4033
f 3798//3798 3799//3799 4070//4070
f 3936//3936 3800//3800 4199//4199
f 4227//4227 4027//4027 4026//4026
f 4197//4197 4033//4033 4031//4031
f 4068//4068 4112//4112 3893//3893
f 879//879 986//986 852//852
f 4216//4216 3906//3906 3814//3814
f 4216//4216 4044//4044 3906//3906
f 4145//4145 4043//4043 3903//3903
f 4044//4044 4183//4183 3868//3868
f 4215//4215 3941//3941 3865//3865
f 3814//3814 4346//4346 4216//4216
f 4126//4126 4234//4234 3968//3968
f 3870//3870 4126//4126 3968//3968
f 4082//4082 3868//3868 4183//4183
f 4073//4073 4180//4180 4008//4008
f 4203//4203 4009//4009 4120//4120
f 4075//4075 3807//3807 4165//4165
f 4120//4120 4009//4009 4040//4040
f 3898//3898 4165//4165 3807//3807
f 3938//3938 3807//3807 4204//4204
f 4038//4038 4037//4037 4140//4140
f 4072//4072 4341//4341 4073//4073
f 4074//4074 4141//4141 3962//3962
f 4072//4072 4073//4073 4038//4038
f 3860//3860 4042//4042 4182//4182
f 4343//4343 4041//4041 4143//4143
f 3988//3988 3989//3989 4123//4123
f 4134//4134 4151//4151 3827//3827
f 3950//3950 4052//4052 4093//4093
f 3914//3914 4187//4187 3915//3915
f 3948//3948 4220//4220 4245//4245
f 4187//4187 3914//3914 4296//4296
f 4089//4089 3913//3913 4132//4132
f 3952//3952 3923//3923 4222//4222
f 3924//3924 4177//4177 4002//4002
f 4172//4172 4045//4045 3970//3970
f 3716//3716 4348//4348 3602//3602
f 4012//4012 3871//3871 4084//4084
f 4282//4282 3714//3714 4011//4011
f 3871//3871 3714//3714 4282//4282
f 3689//3689 4371//4371 3992//3992
f 3689//3689 3817//3817 4371//4371
f 4085//4085 4171//4171 3993//3993
f 4244//4244 3999//3999 4048//4048
f 4048//4048 3999//3999 4014//4014
f 857//857 748//748 856//856
f 1076//1076 698//698 1442//1442
f 1257//1257 904//904 698//698
f 1258//1258 904//904 1257//1257
f 1257//1257 698//698 1076//1076
f 882//882 1525//1525 1079//1079
f 774//774 1259//1259 1077//1077
f 774//774 1077//1077 748//748
f 993//993 1183//1183 994//994
f 882//882 1079//1079 774//774
f 1132//1132 996//996 1078//1078
f 944//944 990//990 943//943
f 880//880 1226//1226 1068//1068
f 990//990 944//944 1069//1069
f 1180//1180 881//881 1179//1179
f 1071//1071 1179//1179 1254//1254
f 903//903 991//991 944//944
f 4019//4019 4256//4256 3890//3890
f 4063//4063 4358//4358 3929//3929
f 1261//1261 859//859 701//701
f 1229//1229 883//883 859//859
f 946//946 1082//1082 998//998
f 946//946 998//998 670//670
f 4188//4188 3930//3930 3977//3977
f 4004//4004 4138//4138 4137//4137
f 3977//3977 3929//3929 4358//4358
f 4005//4005 4260//4260 4004//4004
f 947//947 1000//1000 1083//1083
f 1083//1083 1082//1082 946//946
f 4188//4188 4461//4461 3930//3930
f 948//948 1000//1000 905//905
f 4115//4115 4026//4026 4196//4196
f 4114//4114 4195//4195 4328//4328
f 4436//4436 3958//3958 4069//4069
f 4114//4114 4328//4328 4139//4139
f 3849//3849 4070//4070 4028//4028
f 4028//4028 4070//4070 4161//4161
f 3935//3935 4161//4161 4213//4213
f 4028//4028 4161//4161 3935//3935
f 4327//4327 3934//3934 4025//4025
f 3957//3957 4194//4194 3985//3985
f 4113//4113 4327//4327 4025//4025
f 3985//3985 3846//3846 3847//3847
f 4435//4435 4113//4113 3984//3984
f 4069//4069 3934//3934 4424//4424
f 4114//4114 4194//4194 3761//3761
f 3761//3761 4194//4194 3957//3957
f 4469//4469 4424//4424 3934//3934
f 4337//4337 4140//4140 4336//4336
f 4038//4038 4140//4140 4337//4337
f 4199//4199 3800//3800 3854//3854
f 3855//3855 4118//4118 3854//3854
f 4200//4200 4072//4072 4038//4038
f 3962//3962 4269//4269 3855//3855
f 3855//3855 4269//4269 4119//4119
f 3855//3855 4119//4119 4118//4118
f 3799//3799 4162//4162 4070//4070
f 4030//4030 4227//4227 4331//4331
f 4116//4116 4070//4070 4162//4162
f 4197//4197 4031//4031 4030//4030
f 4140//4140 4036//4036 4332//4332
f 4228//4228 4140//4140 4332//4332
f 4071//4071 4332//4332 4033//4033
f 3936//3936 4117//4117 3799//3799
f 3799//3799 4117//4117 4034//4034
f 4066//4066 4104//4104 3841//3841
f 4190//4190 4103//4103 4066//4066
f 3841//3841 4316//4316 3980//3980
f 3786//3786 4101//4101 4102//4102
f 3931//3931 4101//4101 3786//3786
f 3702//3702 4190//4190 4066//4066
f 4316//4316 4105//4105 3980//3980
f 4102//4102 4190//4190 3702//3702
f 3932//3932 4319//4319 4022//4022
f 4107//4107 4319//4319 3932//3932
f 3980//3980 4106//4106 3981//3981
f 4105//4105 4106//4106 3980//3980
f 4106//4106 4107//4107 3981//3981
f 3893//3893 4189//4189 4021//4021
f 4112//4112 4189//4189 3893//3893
f 4189//4189 4065//4065 3785//3785
f 3784//3784 4189//4189 3785//3785
f 4021//4021 4189//4189 3784//3784
f 3785//3785 4157//4157 3978//3978
f 4100//4100 4157//4157 3785//3785
f 4065//4065 4100//4100 3785//3785
f 4263//4263 4160//4160 3705//3705
f 3705//3705 4160//4160 4159//4159
f 4068//4068 3845//3845 4112//4112
f 4264//4264 3984//3984 4006//4006
f 4264//4264 4435//4435 3984//3984
f 4212//4212 4264//4264 4007//4007
f 4264//4264 4006//4006 4007//4007
f 4007//4007 4434//4434 4640//4640
f 4640//4640 4212//4212 4007//4007
f 4224//4224 3760//3760 3846//3846
f 3789//3789 4109//4109 3756//3756
f 3789//3789 3933//3933 4109//4109
f 4109//4109 3982//3982 3756//3756
f 4191//4191 4108//4108 3788//3788
f 3788//3788 4192//4192 3933//3933
f 4108//4108 4192//4192 3788//3788
f 4193//4193 3983//3983 4023//4023
f 4110//4110 4111//4111 4023//4023
f 4158//4158 4323//4323 3843//3843
f 3842//3842 4158//4158 3843//3843
f 3843//3843 4110//4110 4067//4067
f 4234//4234 4170//4170 3907//3907
f 3907//3907 4170//4170 4081//4081
f 4170//4170 4234//4234 4429//4429
f 4370//4370 4083//4083 4391//4391
f 4126//4126 3870//3870 4209//4209
f 4346//4346 3814//3814 4145//4145
f 3903//3903 4080//4080 4145//4145
f 4233//4233 4183//4183 4216//4216
f 4183//4183 4044//4044 4216//4216
f 4430//4430 4172//4172 3994//3994
f 3993//3993 4171//4171 4430//4430
f 4011//4011 3991//3991 4282//4282
f 3872//3872 4496//4496 3943//3943
f 4085//4085 4012//4012 4236//4236
f 4447//4447 4171//4171 4085//4085
f 4496//4496 3872//3872 4086//4086
f 4236//4236 3871//3871 4282//4282
f 4236//4236 4012//4012 4084//4084
f 4236//4236 4084//4084 3871//3871
f 3898//3898 3963//3963 4165//4165
f 4205//4205 4076//4076 4142//4142
f 3988//3988 4122//4122 3963//3963
f 3964//3964 4076//4076 4205//4205
f 4123//4123 4122//4122 3988//3988
f 4142//4142 4076//4076 4121//4121
f 3986//3986 4164//4164 4074//4074
f 3987//3987 4202//4202 4164//4164
f 3986//3986 3987//3987 4164//4164
f 4180//4180 4073//4073 4341//4341
f 4074//4074 4164//4164 4201//4201
f 4074//4074 4201//4201 4141//4141
f 3807//3807 4075//4075 4204//4204
f 4039//4039 4120//4120 4040//4040
f 3987//3987 3938//3938 4202//4202
f 4039//4039 4008//4008 4181//4181
f 4077//4077 3863//3863 4124//4124
f 4182//4182 4042//4042 4231//4231
f 4207//4207 3966//3966 3901//3901
f 3901//3901 3863//3863 4207//4207
f 4207//4207 3863//3863 4077//4077
f 3990//3990 4010//4010 4079//4079
f 4125//4125 4078//4078 4182//4182
f 4078//4078 4125//4125 4167//4167
f 4343//4343 4344//4344 4041//4041
f 4143//4143 3964//3964 4205//4205
f 3989//3989 4166//4166 4123//4123
f 4231//4231 4042//4042 4277//4277
f 4207//4207 4144//4144 3966//3966
f 4277//4277 4042//4042 4041//4041
f 3950//3950 4053//4053 4052//4052
f 4094//4094 4153//4153 4135//4135
f 3881//3881 4152//4152 4015//4015
f 4093//4093 4051//4051 3950//3950
f 4015//4015 4052//4052 4053//4053
f 4095//4095 4054//4054 4153//4153
f 4000//4000 4133//4133 4092//4092
f 4133//4133 4151//4151 4092//4092
f 3949//3949 4050//4050 4091//4091
f 4295//4295 3913//3913 4089//4089
f 4150//4150 3917//3917 3919//3919
f 3917//3917 4150//4150 4296//4296
f 4052//4052 4051//4051 4093//4093
f 3949//3949 4051//4051 4050//4050
f 4092//4092 4151//4151 4000//4000
f 4133//4133 4000//4000 3879//3879
f 3920//3920 4000//4000 4151//4151
f 3954//3954 4017//4017 4099//4099
f 3925//3925 4179//4179 4016//4016
f 4156//4156 4060//4060 4059//4059
f 4179//4179 4178//4178 4098//4098
f 4097//4097 4098//4098 4178//4178
f 4179//4179 4098//4098 3973//3973
f 3953//3953 3729//3729 4355//4355
f 3974//3974 4017//4017 3925//3925
f 4254//4254 3975//3975 4062//4062
f 3886//3886 4060//4060 4156//4156
f 4099//4099 4017//4017 3974//3974
f 4253//4253 4018//4018 4061//4061
f 4017//4017 3954//3954 4003//4003
f 4156//4156 4059//4059 4355//4355
f 4056//4056 4055//4055 3830//3830
f 3830//3830 4055//4055 4001//4001
f 4095//4095 4154//4154 4054//4054
f 4153//4153 4054//4054 3972//3972
f 4002//4002 4177//4177 4455//4455
f 3952//3952 4222//4222 4096//4096
f 4097//4097 3973//3973 4098//4098
f 4097//4097 3923//3923 3973//3973
f 3729//3729 4058//4058 4155//4155
f 4155//4155 4058//4058 3924//3924
f 3923//3923 4097//4097 4222//4222
f 4056//4056 3883//3883 4096//4096
f 4177//4177 4154//4154 4304//4304
f 4177//4177 4057//4057 4154//4154
f 4087//4087 4241//4241 4128//4128
f 4013//4013 4146//4146 4046//4046
f 4128//4128 4218//4218 4087//4087
f 4290//4290 3998//3998 3997//3997
f 3911//3911 3998//3998 4290//4290
f 4147//4147 3996//3996 3971//3971
f 4129//4129 3996//3996 4185//4185
f 4147//4147 3971//3971 4127//4127
f 4087//4087 4184//4184 4241//4241
f 4430//4430 3969//3969 3993//3993
f 4430//4430 3994//3994 3969//3969
f 4348//4348 3944//3944 3602//3602
f 3873//3873 4496//4496 4086//4086
f 3995//3995 4046//4046 4146//4146
f 4239//4239 4045//4045 4172//4172
f 4240//4240 4127//4127 3995//3995
f 3716//3716 3743//3743 4348//4348
f 4045//4045 4239//4239 4394//4394
f 3945//3945 4349//4349 3743//3743
f 4186//4186 3915//3915 4187//4187
f 3947//3947 3999//3999 4244//4244
f 4131//4131 4049//4049 4294//4294
f 4186//4186 4220//4220 3948//3948
f 4049//4049 4132//4132 3878//3878
f 4396//4396 4014//4014 3996//3996
f 4396//4396 3996//3996 4129//4129
f 3822//3822 4243//4243 3997//3997
f 4088//4088 3776//3776 4174//4174
f 4174//4174 3877//3877 4130//4130
f 4174//4174 3776//3776 3877//3877
f 4244//4244 4048//4048 4014//4014
f 4244//4244 4014//4014 4173//4173
f 4173//4173 4014//4014 4396//4396
f 981//981 1060//1060 877//877
f 878//878 982//982 1061//1061
f 1050//1050 1049//1049 979//979
f 979//979 978//978 1048//1048
f 876//876 877//877 1056//1056
f 942//942 1058//1058 980//980
f 1116//1116 979//979 1048//1048
f 1117//1117 979//979 1116//1116
f 1117//1117 1050//1050 979//979
f 4309//4309 4358//4358 4063//4063
f 4064//4064 4137//4137 4019//4019
f 3977//3977 4358//4358 4188//4188
f 4020//4020 4260//4260 4005//4005
f 4262//4262 4020//4020 3930//3930
f 4260//4260 4138//4138 4004//4004
f 4256//4256 4019//4019 4136//4136
f 3890//3890 4256//4256 3955//3955
f 3976//3976 4309//4309 4063//4063
f 4019//4019 4137//4137 4136//4136
f 1064//1064 984//984 1063//1063
f 853//853 851//851 1346//1346
f 4461//4461 4262//4262 3930//3930
f 853//853 1346//1346 987//987
f 901//901 852//852 1065//1065
f 3876//3876 3821//3821 3623//3623
f 1147//1147 789//789 1289//1289
f 1038//1038 1366//1366 1289//1289
f 1103//1103 1037//1037 1101//1101
f 894//894 1102//1102 1103//1103
f 1236//1236 789//789 1147//1147
f 1037//1037 1103//1103 1102//1102
f 829//829 1036//1036 956//956
f 1037//1037 1334//1334 957//957
f 1105//1105 1039//1039 1238//1238
f 1105//1105 959//959 1039//1039
f 1105//1105 1238//1238 1148//1148
f 1236//1236 1039//1039 789//789
f 958//958 1335//1335 1102//1102
f 895//895 1104//1104 1369//1369
f 958//958 895//895 1369//1369
f 1653//1653 1605//1605 1031//1031
f 1234//1234 1032//1032 1033//1033
f 1143//1143 782//782 824//824
f 1144//1144 1405//1405 1100//1100
f 1473//1473 1233//1233 1028//1028
f 1473//1473 1028//1028 892//892
f 1576//1576 1473//1473 953//953
f 955//955 1605//1605 759//759
f 1030//1030 1029//1029 954//954
f 1029//1029 1576//1576 953//953
f 1035//1035 1146//1146 870//870
f 1146//1146 1306//1306 870//870
f 1334//1334 1146//1146 1035//1035
f 957//957 1334//1334 1035//1035
f 1145//1145 1034//1034 1195//1195
f 1196//1196 1144//1144 1100//1100
f 1145//1145 1195//1195 1363//1363
f 1405//1405 1234//1234 1033//1033
f 1034//1034 1197//1197 827//827
f 1197//1197 1034//1034 1235//1235
f 831//831 1199//1199 1415//1415
f 963//963 871//871 1149//1149
f 962//962 963//963 1149//1149
f 1415//1415 1371//1371 831//831
f 1237//1237 1040//1040 960//960
f 960//960 1040//1040 1104//1104
f 1104//1104 1040//1040 1237//1237
f 960//960 962//962 1237//1237
f 818//818 923//923 754//754
f 820//820 1024//1024 821//821
f 1022//1022 1024//1024 1023//1023
f 1023//1023 1024//1024 820//820
f 915//915 1398//1398 1008//1008
f 1140//1140 916//916 1007//1007
f 1008//1008 1398//1398 1007//1007
f 1397//1397 915//915 752//752
f 915//915 1397//1397 1398//1398
f 1286//1286 752//752 949//949
f 1698//1698 949//949 1190//1190
f 1698//1698 1286//1286 949//949
f 1140//1140 1094//1094 779//779
f 1008//1008 1007//1007 914//914
f 1399//1399 1192//1192 1014//1014
f 1095//1095 1141//1141 1013//1013
f 1329//1329 815//815 650//650
f 1141//1141 917//917 812//812
f 1327//1327 1011//1011 1010//1010
f 1009//1009 1327//1327 1010//1010
f 3746//3746 4019//4019 3547//3547
f 3983//3983 3759//3759 3634//3634
f 3760//3760 4421//4421 3650//3650
f 3763//3763 4114//4114 3706//3706
f 1025//1025 823//823 1098//1098
f 1025//1025 1604//1604 823//823
f 757//757 1360//1360 1466//1466
f 1098//1098 823//823 869//869
f 3560//3560 3931//3931 3524//3524
f 3786//3786 3747//3747 3524//3524
f 1025//1025 1098//1098 618//618
f 1840//1840 1360//1360 712//712
f 824//824 1026//1026 1331//1331
f 1331//1331 1026//1026 1361//1361
f 1266//1266 1099//1099 781//781
f 1305//1305 1361//1361 677//677
f 3433//3433 3982//3982 3633//3633
f 3562//3562 3982//3982 3433//3433
f 3933//3933 3756//3756 3562//3562
f 3633//3633 3703//3703 3191//3191
f 3755//3755 3933//3933 3432//3432
f 3788//3788 3755//3755 3432//3432
f 3703//3703 3842//3842 3191//3191
f 4067//4067 3758//3758 3435//3435
f 3757//3757 4067//4067 3435//3435
f 3431//3431 3841//3841 3667//3667
f 3749//3749 3787//3787 3748//3748
f 3753//3753 3754//3754 3632//3632
f 3525//3525 3753//3753 3632//3632
f 3751//3751 3981//3981 3272//3272
f 3981//3981 3752//3752 3272//3272
f 3708//3708 3856//3856 4040//4040
f 3614//3614 3730//3730 3831//3831
f 3782//3782 3698//3698 3728//3728
f 3614//3614 3831//3831 3419//3419
f 3840//3840 3648//3648 3665//3665
f 1216//1216 1121//1121 1120//1120
f 3618//3618 3426//3426 3890//3890
f 3573//3573 3783//3783 3701//3701
f 3838//3838 3746//3746 3648//3648
f 3918//3918 3646//3646 3662//3662
f 3661//3661 3722//3722 3544//3544
f 3513//3513 3555//3555 3627//3627
f 3582//3582 3695//3695 3913//3913
f 3544//3544 3610//3610 3661//3661
f 3483//3483 3482//3482 3411//3411
f 3629//3629 3488//3488 3697//3697
f 3726//3726 3613//3613 3725//3725
f 4134//4134 3663//3663 3545//3545
f 3920//3920 3545//3545 3723//3723
f 3725//3725 3612//3612 3696//3696
f 3664//3664 3780//3780 3696//3696
f 3628//3628 3828//3828 3301//3301
f 1156//1156 1047//1047 1157//1157
f 1156//1156 1111//1111 972//972
f 1113//1113 1046//1046 1114//1114
f 1049//1049 1115//1115 938//938
f 1049//1049 1158//1158 1115//1115
f 1158//1158 1047//1047 1115//1115
f 1157//1157 1047//1047 1158//1158
f 1209//1209 976//976 1244//1244
f 1048//1048 976//976 1209//1209
f 1049//1049 1210//1210 1158//1158
f 1115//1115 1047//1047 938//938
f 1244//1244 976//976 1113//1113
f 3752//3752 3668//3668 3232//3232
f 3667//3667 3841//3841 3751//3751
f 3432//3432 3933//3933 3562//3562
f 3754//3754 3788//3788 3432//3432
f 3632//3632 3754//3754 3432//3432
f 3747//3747 3702//3702 3748//3748
f 1119//1119 1122//1122 1120//1120
f 1214//1214 1247//1247 1159//1159
f 1248//1248 1121//1121 1160//1160
f 1162//1162 1160//1160 1121//1121
f 1053//1053 1341//1341 1052//1052
f 1249//1249 1052//1052 1341//1341
f 1121//1121 1119//1119 1120//1120
f 976//976 1048//1048 978//978
f 1210//1210 1049//1049 1247//1247
f 1159//1159 1247//1247 1117//1117
f 3500//3500 3678//3678 3771//3771
f 3739//3739 3806//3806 3447//3447
f 3768//3768 3677//3677 3639//3639
f 3677//3677 3768//3768 3856//3856
f 3593//3593 3684//3684 3456//3456
f 3773//3773 3506//3506 3456//3456
f 3570//3570 3772//3772 3653//3653
f 3772//3772 3570//3570 3810//3810
f 3794//3794 3443//3443 3763//3763
f 3443//3443 3637//3637 3765//3765
f 3651//3651 3574//3574 3670//3670
f 4434//4434 3670//3670 3585//3585
f 3847//3847 3760//3760 3493//3493
f 3956//3956 3791//3791 3574//3574
f 3494//3494 3671//3671 3493//3493
f 4007//4007 3956//3956 3574//3574
f 3767//3767 3675//3675 3587//3587
f 3531//3531 3676//3676 3674//3674
f 3388//3388 3652//3652 3737//3737
f 3766//3766 3619//3619 3797//3797
f 3566//3566 3575//3575 3619//3619
f 3293//3293 2846//2846 3718//3718
f 3471//3471 3718//3718 2846//2846
f 3602//3602 3874//3874 3257//3257
f 3717//3717 3910//3910 3603//3603
f 3293//3293 3743//3743 3468//3468
f 3690//3690 3658//3658 3910//3910
f 3645//3645 3823//3823 3607//3607
f 3211//3211 3694//3694 3626//3626
f 3693//3693 3778//3778 3824//3824
f 3605//3605 3511//3511 3624//3624
f 3720//3720 3606//3606 3821//3821
f 3821//3821 3606//3606 3659//3659
f 3552//3552 3741//3741 3577//3577
f 3686//3686 3595//3595 3577//3577
f 3688//3688 3713//3713 3464//3464
f 3712//3712 3642//3642 3656//3656
f 3657//3657 3689//3689 3324//3324
f 3324//3324 3689//3689 3466//3466
f 3257//3257 3742//3742 3715//3715
f 3464//3464 3687//3687 3656//3656
f 3621//3621 3688//3688 3464//3464
f 3884//3884 3727//3727 3726//3726
f 3830//3830 3556//3556 3883//3883
f 3647//3647 3883//3883 3556//3556
f 3884//3884 3726//3726 4054//4054
f 4054//4054 3726//3726 3725//3725
f 4179//4179 3488//3488 3419//3419
f 3973//3973 3923//3923 3629//3629
f 3647//3647 3629//3629 3923//3923
f 3780//3780 3664//3664 3724//3724
f 3880//3880 3950//3950 3611//3611
f 3301//3301 3830//3830 3882//3882
f 3301//3301 3828//3828 3880//3880
f 3617//3617 3833//3833 3889//3889
f 3732//3732 3700//3700 3888//3888
f 3888//3888 3887//3887 3732//3732
f 3975//3975 3783//3783 3834//3834
f 3890//3890 3426//3426 3836//3836
f 3834//3834 3617//3617 3889//3889
f 3698//3698 3729//3729 3699//3699
f 3419//3419 3831//3831 4016//4016
f 3698//3698 4058//4058 3729//3729
f 3778//3778 3720//3720 3777//3777
f 3720//3720 3778//3778 3693//3693
f 3695//3695 3825//3825 3878//3878
f 3721//3721 3825//3825 3695//3695
f 3825//3825 3721//3721 3824//3824
f 3821//3821 3777//3777 3720//3720
f 3821//3821 3659//3659 3623//3623
f 3607//3607 3776//3776 3643//3643
f 3555//3555 3949//3949 3627//3627
f 3609//3609 3627//3627 3610//3610
f 3826//3826 3724//3724 3663//3663
f 4134//4134 3826//3826 3663//3663
f 3920//3920 4134//4134 3545//3545
f 3555//3555 3921//3921 3949//3949
f 3920//3920 3723//3723 3646//3646
f 3779//3779 3582//3582 3913//3913
f 3582//3582 3916//3916 3660//3660
f 3483//3483 3722//3722 3482//3482
f 3779//3779 3916//3916 3582//3582
f 3913//3913 3695//3695 3878//3878
f 4090//4090 3918//3918 3662//3662
f 4090//4090 3662//3662 3660//3660
f 3660//3660 3916//3916 4090//4090
f 1150//1150 968//968 1203//1203
f 1203//1203 968//968 1153//1153
f 966//966 1204//1204 967//967
f 1151//1151 1043//1043 1242//1242
f 1153//1153 1044//1044 934//934
f 934//934 1044//1044 933//933
f 1154//1154 1153//1153 1107//1107
f 1152//1152 969//969 1374//1374
f 934//934 1107//1107 1153//1153
f 933//933 1153//1153 968//968
f 967//967 1374//1374 969//969
f 967//967 1204//1204 1374//1374
f 1108//1108 969//969 1152//1152
f 933//933 1044//1044 1153//1153
f 831//831 1371//1371 1106//1106
f 1240//1240 1042//1042 1106//1106
f 3428//3428 3734//3734 3666//3666
f 3381//3381 3734//3734 3428//3428
f 3785//3785 3734//3734 3381//3381
f 3666//3666 3734//3734 3631//3631
f 3429//3429 3735//3735 3560//3560
f 3631//3631 3735//3735 3429//3429
f 929//929 1241//1241 1268//1268
f 1241//1241 929//929 834//834
f 1151//1151 966//966 1043//1043
f 1047//1047 1156//1156 972//972
f 3522//3522 3733//3733 3630//3630
f 3630//3630 3839//3839 3523//3523
f 3335//3335 3649//3649 3839//3839
f 3746//3746 3547//3547 3648//3648
f 3928//3928 3701//3701 3783//3783
f 3836//3836 3426//3426 3547//3547
f 3839//3839 3649//3649 3523//3523
f 3839//3839 3665//3665 3335//3335
f 3839//3839 3840//3840 3665//3665
f 3977//3977 3522//3522 3929//3929
f 3648//3648 3840//3840 3838//3838
f 971//971 934//934 1109//1109
f 1045//1045 839//839 1108//1108
f 1107//1107 934//934 1154//1154
f 1045//1045 937//937 839//839
f 1112//1112 1155//1155 1114//1114
f 1114//1114 937//937 1112//1112
f 937//937 1114//1114 1046//1046
f 934//934 971//971 1110//1110
f 971//971 1154//1154 1110//1110
f 1154//1154 934//934 1110//1110
f 1111//1111 971//971 972//972
f 1112//1112 937//937 1155//1155
f 1045//1045 1155//1155 937//937
f 4037//4037 3802//3802 3801//3801
f 3531//3531 3588//3588 3803//3803
f 3548//3548 3588//3588 3531//3531
f 3497//3497 3804//3804 3803//3803
f 3768//3768 3639//3639 3802//3802
f 3802//3802 3639//3639 3498//3498
f 3575//3575 3799//3799 3619//3619
f 3801//3801 3675//3675 3738//3738
f 3673//3673 3799//3799 3575//3575
f 3738//3738 3675//3675 3767//3767
f 3674//3674 3673//3673 3575//3575
f 3678//3678 3534//3534 3679//3679
f 3740//3740 3679//3679 3590//3590
f 3808//3808 3681//3681 3680//3680
f 3653//3653 3740//3740 3590//3590
f 3769//3769 3856//3856 3768//3768
f 3447//3447 3806//3806 3497//3497
f 3770//3770 3549//3549 3708//3708
f 3549//3549 3856//3856 3708//3708
f 3567//3567 3896//3896 3767//3767
f 3739//3739 3500//3500 3771//3771
f 4024//4024 3894//3894 3384//3384
f 4434//4434 3651//3651 3670//3670
f 3847//3847 3671//3671 3494//3494
f 3493//3493 3671//3671 3847//3847
f 3651//3651 4007//4007 3574//3574
f 3191//3191 3757//3757 3435//3435
f 3103//3103 3893//3893 3636//3636
f 3635//3635 3844//3844 3669//3669
f 3436//3436 3758//3758 3634//3634
f 3759//3759 3635//3635 3528//3528
f 3388//3388 3737//3737 3637//3637
f 3896//3896 3638//3638 3796//3796
f 3896//3896 3567//3567 3638//3638
f 4025//4025 3793//3793 3672//3672
f 4025//4025 3672//3672 3586//3586
f 3736//3736 3586//3586 3199//3199
f 3706//3706 3794//3794 3763//3763
f 3443//3443 3765//3765 3763//3763
f 3761//3761 3792//3792 3494//3494
f 3761//3761 3494//3494 3794//3794
f 3874//3874 3742//3742 3257//3257
f 3819//3819 3601//3601 3579//3579
f 3601//3601 3819//3819 3908//3908
f 3717//3717 3603//3603 3909//3909
f 3743//3743 3716//3716 3468//3468
f 3909//3909 3603//3603 3601//3601
f 3466//3466 3689//3689 3816//3816
f 4011//4011 3622//3622 3600//3600
f 3466//3466 3816//3816 3621//3621
f 3579//3579 3818//3818 3714//3714
f 3406//3406 3715//3715 3657//3657
f 3971//3971 3623//3623 3719//3719
f 4087//4087 3875//3875 3475//3475
f 3745//3745 3475//3475 3554//3554
f 3775//3775 3719//3719 3580//3580
f 3744//3744 3475//3475 3875//3875
f 3643//3643 3625//3625 3511//3511
f 3511//3511 3625//3625 3692//3692
f 3605//3605 3624//3624 3820//3820
f 3820//3820 3745//3745 3605//3605
f 3876//3876 3623//3623 3971//3971
f 3658//3658 3690//3690 3691//3691
f 3471//3471 3473//3473 3718//3718
f 3718//3718 3743//3743 3293//3293
f 3580//3580 3658//3658 3775//3775
f 3683//3683 3813//3813 3250//3250
f 3940//3940 3813//3813 3683//3683
f 3593//3593 3641//3641 3812//3812
f 3655//3655 3709//3709 3508//3508
f 3508//3508 3709//3709 3812//3812
f 3508//3508 3812//3812 3641//3641
f 3809//3809 3620//3620 3640//3640
f 3682//3682 3810//3810 3591//3591
f 3506//3506 3773//3773 3682//3682
f 3684//3684 3773//3773 3456//3456
f 3940//3940 3683//3683 3620//3620
f 3940//3940 3620//3620 3654//3654
f 3809//3809 4041//4041 3620//3620
f 3903//3903 3685//3685 3594//3594
f 3654//3654 3620//3620 4041//4041
f 3713//3713 3687//3687 3464//3464
f 3774//3774 3400//3400 3867//3867
f 3642//3642 3712//3712 4081//4081
f 3656//3656 3869//3869 3712//3712
f 3869//3869 3656//3656 3687//3687
f 3621//3621 3816//3816 3688//3688
f 3942//3942 3400//3400 4082//4082
f 3577//3577 3711//3711 3686//3686
f 3686//3686 3711//3711 3595//3595
f 3710//3710 3655//3655 3595//3595
f 3741//3741 3552//3552 3866//3866
f 3741//3741 3711//3711 3577//3577
f 3904//3904 4145//4145 3905//3905
f 1061//1061 1125//1125 984//984
f 1125//1125 1224//1224 984//984
f 981//981 983//983 1166//1166
f 981//981 1124//1124 983//983
f 1063//1063 984//984 1224//1224
f 4058//4058 3782//3782 3924//3924
f 3884//3884 4057//4057 4177//4177
f 1062//1062 1124//1124 981//981
f 901//901 1062//1062 981//981
f 1346//1346 851//851 1064//1064
f 988//988 1066//1066 1126//1126
f 986//986 1065//1065 852//852
f 988//988 1126//1126 986//986
f 987//987 1346//1346 1226//1226
f 879//879 988//988 986//986
f 879//879 1067//1067 988//988
f 1067//1067 1066//1066 988//988
f 1065//1065 1127//1127 985//985
f 1064//1064 1063//1063 1252//1252
f 985//985 1062//1062 901//901
f 1065//1065 1126//1126 1127//1127
f 986//986 1126//1126 1065//1065
f 901//901 1065//1065 985//985
f 3497//3497 3805//3805 3962//3962
f 3718//3718 4047//4047 4217//4217
f 3970//3970 4013//4013 4046//4046
f 4045//4045 4013//4013 3970//3970
f 3744//3744 4218//4218 4047//4047
f 4087//4087 4218//4218 3875//3875
f 3995//3995 3971//3971 3775//3775
f 3993//3993 3994//3994 3908//3908
f 3872//3872 3943//3943 3657//3657
f 3994//3994 4172//4172 3909//3909
f 3969//3969 3994//3994 3993//3993
f 3999//3999 3912//3912 4014//4014
f 3825//3825 3947//3947 4049//4049
f 3999//3999 3947//3947 3912//3912
f 4184//4184 3911//3911 4290//4290
f 4087//4087 3820//3820 4184//4184
f 3971//3971 3996//3996 3876//3876
f 4148//4148 3946//3946 3776//3776
f 3911//3911 3997//3997 3998//3998
f 3710//3710 3864//3864 3990//3990
f 3711//3711 3865//3865 3941//3941
f 3941//3941 3864//3864 3710//3710
f 4145//4145 3904//3904 4043//4043
f 4043//4043 3904//3904 3903//3903
f 3814//3814 3905//3905 4145//4145
f 3861//3861 3813//3813 4182//4182
f 4182//4182 3813//3813 3860//3860
f 3863//3863 3593//3593 3812//3812
f 3862//3862 3861//3861 4182//4182
f 3967//3967 3862//3862 4182//4182
f 3902//3902 4078//4078 4167//4167
f 4182//4182 4078//4078 3967//3967
f 3902//3902 4167//4167 4080//4080
f 3689//3689 3992//3992 3815//3815
f 4370//4370 3991//3991 3600//3600
f 3873//3873 4086//4086 3872//3872
f 3993//3993 3819//3819 4085//4085
f 3657//3657 3943//3943 3817//3817
f 4011//4011 3714//3714 3818//3818
f 3868//3868 3867//3867 4044//4044
f 3869//3869 3907//3907 4081//4081
f 3642//3642 4081//4081 3865//3865
f 3642//3642 3865//3865 3866//3866
f 4082//4082 4169//4169 3942//3942
f 3992//3992 4209//4209 3870//3870
f 3688//3688 3870//3870 3968//3968
f 3907//3907 3968//3968 4234//4234
f 4062//4062 3975//3975 3889//3889
f 4061//4061 3888//3888 3955//3955
f 4018//4018 3887//3887 4061//4061
f 4019//4019 3890//3890 3836//3836
f 3955//3955 3835//3835 3890//3890
f 3888//3888 3700//3700 3955//3955
f 4355//4355 3699//3699 3953//3953
f 3419//3419 4016//4016 4179//4179
f 4355//4355 4059//4059 3699//3699
f 4018//4018 4017//4017 3732//3732
f 3886//3886 3927//3927 4060//4060
f 4060//4060 3926//3926 4059//4059
f 1117//1117 1118//1118 1159//1159
f 3733//3733 3522//3522 3930//3930
f 1247//1247 1050//1050 1117//1117
f 1116//1116 1246//1246 1117//1117
f 1049//1049 1050//1050 1247//1247
f 3929//3929 3891//3891 3976//3976
f 4004//4004 4137//4137 3838//3838
f 4020//4020 4005//4005 3840//3840
f 4137//4137 4064//4064 3838//3838
f 3977//3977 3930//3930 3522//3522
f 3879//3879 3918//3918 4090//4090
f 3950//3950 4051//4051 3921//3921
f 3950//3950 3921//3921 3611//3611
f 4049//4049 3878//3878 3825//3825
f 3482//3482 3915//3915 4186//4186
f 3917//3917 4296//4296 3914//3914
f 4149//4149 3916//3916 3913//3913
f 3913//3913 3878//3878 4132//4132
f 4054//4054 3922//3922 3696//3696
f 4153//4153 3972//3972 3780//3780
f 3883//3883 4056//4056 3830//3830
f 3924//3924 3782//3782 4177//4177
f 3883//3883 3647//3647 4096//4096
f 4154//4154 4057//4057 3884//3884
f 3647//3647 3952//3952 4096//4096
f 4053//4053 3880//3880 4015//4015
f 3827//3827 4135//4135 3951//3951
f 4134//4134 3827//3827 3826//3826
f 3972//3972 4054//4054 3696//3696
f 4152//4152 3882//3882 4001//4001
f 3628//3628 3882//3882 4152//4152
f 4153//4153 3951//3951 4135//4135
f 4015//4015 3880//3880 3881//3881
f 3828//3828 3881//3881 3880//3880
f 3560//3560 3979//3979 3931//3931
f 3979//3979 3560//3560 3735//3735
f 3702//3702 4066//4066 3787//3787
f 3786//3786 4102//4102 3747//3747
f 3785//3785 3978//3978 3735//3735
f 3981//3981 4107//4107 3752//3752
f 4066//4066 3841//3841 3750//3750
f 3978//3978 3979//3979 3735//3735
f 1161//1161 1249//1249 1160//1160
f 4067//4067 4023//4023 3634//3634
f 3759//3759 4325//4325 3844//3844
f 3983//3983 4325//4325 3759//3759
f 3932//3932 4022//4022 3525//3525
f 4022//4022 4191//4191 3754//3754
f 4022//4022 3753//3753 3525//3525
f 3933//3933 3789//3789 3756//3756
f 4191//4191 3788//3788 3754//3754
f 4158//4158 3842//3842 3703//3703
f 877//877 1060//1060 1056//1056
f 1060//1060 1057//1057 1056//1056
f 1061//1061 982//982 1123//1123
f 1166//1166 1060//1060 981//981
f 982//982 942//942 1123//1123
f 1061//1061 1123//1123 1125//1125
f 942//942 980//980 1123//1123
f 980//980 1058//1058 1123//1123
f 1123//1123 1058//1058 1059//1059
f 1053//1053 1052//1052 1163//1163
f 1052//1052 1249//1249 1163//1163
f 1120//1120 1122//1122 1216//1216
f 1163//1163 1249//1249 1161//1161
f 1056//1056 1216//1216 1055//1055
f 1058//1058 1055//1055 1059//1059
f 1056//1056 1055//1055 1058//1058
f 1059//1059 1055//1055 1164//1164
f 1164//1164 1054//1054 1051//1051
f 1054//1054 1122//1122 1051//1051
f 1054//1054 1216//1216 1122//1122
f 1054//1054 1164//1164 1216//1216
f 3938//3938 3987//3987 3739//3739
f 3708//3708 4040//4040 3857//3857
f 3963//3963 3898//3898 3899//3899
f 3680//3680 3858//3858 4009//4009
f 3898//3898 3859//3859 3899//3899
f 3962//3962 3855//3855 3804//3804
f 3805//3805 4074//4074 3962//3962
f 4008//4008 3897//3897 3769//3769
f 3806//3806 4074//4074 3805//3805
f 3739//3739 3986//3986 4074//4074
f 3900//3900 4276//4276 3988//3988
f 3989//3989 3988//3988 4276//4276
f 4041//4041 4042//4042 3940//3940
f 3901//3901 3593//3593 3863//3863
f 3966//3966 4276//4276 3811//3811
f 3773//3773 3966//3966 3811//3811
f 3901//3901 3966//3966 3684//3684
f 3808//3808 4121//4121 3939//3939
f 4121//4121 3808//3808 3680//3680
f 3965//3965 3988//3988 3963//3963
f 3680//3680 4009//4009 4121//4121
f 3965//3965 3772//3772 3988//3988
f 3964//3964 4143//4143 3640//3640
f 3706//3706 4114//4114 3761//3761
f 3958//3958 4026//4026 3707//3707
f 3637//3637 3795//3795 3765//3765
f 3934//3934 3895//3895 3793//3793
f 4006//4006 3984//3984 3736//3736
f 3984//3984 4025//4025 3736//3736
f 3586//3586 3736//3736 4025//4025
f 3854//3854 3800//3800 3531//3531
f 3936//3936 3853//3853 3800//3800
f 3673//3673 3936//3936 3852//3852
f 3855//3855 3854//3854 3803//3803
f 3802//3802 4037//4037 3937//3937
f 3797//3797 4070//4070 3849//3849
f 4032//4032 3896//3896 4031//4031
f 3798//3798 4070//4070 3797//3797
f 4028//4028 3935//3935 3737//3737
f 3851//3851 3799//3799 3798//3798
f 3852//3852 3936//3936 3799//3799
f 3959//3959 3767//3767 4032//4032
f 3823//3823 3776//3776 3607//3607
f 3823//3823 3645//3645 3877//3877
f 3947//3947 3778//3778 3912//3912
f 3912//3912 3778//3778 3777//3777
f 3820//3820 3624//3624 4184//4184
f 3624//3624 3511//3511 4184//4184
f 3745//3745 4087//4087 3475//3475
f 3643//3643 3946//3946 3822//3822
f 3625//3625 3643//3643 3822//3822
f 3918//3918 3879//3879 3646//3646
f 3661//3661 3610//3610 3917//3917
f 3947//3947 3825//3825 3824//3824
f 3971//3971 3719//3719 3775//3775
f 3816//3816 3815//3815 3688//3688
f 3871//3871 3579//3579 3714//3714
f 3597//3597 3906//3906 3867//3867
f 3910//3910 3970//3970 3690//3690
f 3970//3970 3691//3691 3690//3690
f 3995//3995 3658//3658 3691//3691
f 3775//3775 3658//3658 3995//3995
f 3819//3819 3579//3579 3871//3871
f 3468//3468 3716//3716 3602//3602
f 3908//3908 3909//3909 3601//3601
f 1231//1231 864//864 1187//1187
f 886//886 1186//1186 1001//1001
f 1187//1187 910//910 1231//1231
f 1185//1185 1085//1085 863//863
f 1230//1230 861//861 1135//1135
f 1185//1185 863//863 1186//1186
f 861//861 1230//1230 1262//1262
f 863//863 1001//1001 1186//1186
f 3559//3559 3701//3701 3929//3929
f 4019//4019 3837//3837 3547//3547
f 3929//3929 3701//3701 3928//3928
f 3837//3837 3836//3836 3547//3547
f 1284//1284 999//999 883//883
f 1083//1083 1000//1000 948//948
f 1229//1229 859//859 1261//1261
f 1084//1084 909//909 1085//1085
f 702//702 907//907 1354//1354
f 702//702 1135//1135 861//861
f 909//909 1084//1084 948//948
f 1354//1354 907//907 999//999
f 3782//3782 3728//3728 3727//3727
f 3488//3488 4179//4179 3697//3697
f 3697//3697 3973//3973 3629//3629
f 3884//3884 4177//4177 3727//3727
f 3724//3724 3827//3827 3951//3951
f 3724//3724 3951//3951 3780//3780
f 3301//3301 3882//3882 3628//3628
f 3781//3781 3696//3696 3780//3780
f 3828//3828 3628//3628 3829//3829
f 3781//3781 3972//3972 3696//3696
f 4061//4061 3887//3887 3888//3888
f 3927//3927 3832//3832 3885//3885
f 3976//3976 3783//3783 3975//3975
f 3926//3926 3885//3885 3699//3699
f 3730//3730 3731//3731 3954//3954
f 4024//4024 3384//3384 3237//3237
f 3563//3563 4326//4326 3704//3704
f 3103//3103 4068//4068 3893//3893
f 3762//3762 3672//3672 3793//3793
f 3763//3763 3765//3765 3764//3764
f 3564//3564 3790//3790 3705//3705
f 4421//4421 3564//3564 3650//3650
f 4007//4007 3651//3651 4434//4434
f 3791//3791 3736//3736 3199//3199
f 1137//1137 808//808 1324//1324
f 1091//1091 1456//1456 1324//1324
f 889//889 1092//1092 1136//1136
f 889//889 1089//1089 911//911
f 1091//1091 777//777 1456//1456
f 1089//1089 889//889 1136//1136
f 1091//1091 1324//1324 808//808
f 1005//1005 1265//1265 751//751
f 751//751 1265//1265 1190//1190
f 1265//1265 1005//1005 1502//1502
f 1232//1232 1502//1502 1005//1005
f 1138//1138 1139//1139 1461//1461
f 1461//1461 1004//1004 1138//1138
f 1191//1191 1006//1006 1094//1094
f 1191//1191 1138//1138 1006//1006
f 889//889 1093//1093 1092//1092
f 1461//1461 1093//1093 1004//1004
f 3931//3931 3786//3786 3524//3524
f 3734//3734 3785//3785 3631//3631
f 3785//3785 3735//3735 3631//3631
f 3787//3787 3841//3841 3431//3431
f 886//886 1089//1089 1088//1088
f 1087//1087 1304//1304 887//887
f 1304//1304 806//806 887//887
f 3636//3636 3784//3784 3381//3381
f 3381//3381 3784//3784 3785//3785
f 1088//1088 1086//1086 886//886
f 1186//1186 886//886 1086//1086
f 1087//1087 864//864 1231//1231
f 4143//4143 3809//3809 3640//3640
f 3682//3682 3773//3773 3811//3811
f 3810//3810 3682//3682 4276//4276
f 3964//3964 3640//3640 3681//3681
f 3963//3963 3740//3740 3653//3653
f 3711//3711 3710//3710 3595//3595
f 3814//3814 3906//3906 3597//3597
f 3773//3773 3684//3684 3966//3966
f 3676//3676 3800//3800 3674//3674
f 4035//4035 3738//3738 3767//3767
f 4028//4028 3737//3737 3652//3652
f 4036//4036 3767//3767 4033//4033
f 3767//3767 3896//3896 3850//3850
f 3898//3898 3678//3678 3859//3859
f 3807//3807 3771//3771 3678//3678
f 3739//3739 3771//3771 3938//3938
f 3739//3739 4074//4074 3806//3806
f 3806//3806 3805//3805 3497//3497
f 4073//4073 3769//3769 3768//3768
f 3692//3692 3997//3997 3911//3911
f 3911//3911 3511//3511 3692//3692
f 3777//3777 3821//3821 3876//3876
f 3822//3822 3997//3997 3692//3692
f 3946//3946 3643//3643 3776//3776
f 3511//3511 3911//3911 4184//4184
f 3625//3625 3822//3822 3692//3692
f 3777//3777 3876//3876 3996//3996
f 3475//3475 3744//3744 4047//4047
f 3970//3970 3910//3910 3717//3717
f 4172//4172 3970//3970 3717//3717
f 3718//3718 4217//4217 3743//3743
f 3743//3743 4217//4217 3945//3945
f 4047//4047 3718//3718 3473//3473
f 3820//3820 4087//4087 3745//3745
f 3475//3475 4047//4047 3473//3473
f 3744//3744 3875//3875 4218//4218
f 3691//3691 3970//3970 4046//4046
f 3995//3995 3691//3691 4046//4046
f 3916//3916 3779//3779 3913//3913
f 3482//3482 3914//3914 3915//3915
f 4090//4090 3916//3916 4149//4149
f 3661//3661 3917//3917 3722//3722
f 3914//3914 3722//3722 3917//3917
f 3482//3482 3722//3722 3914//3914
f 3912//3912 3777//3777 4014//4014
f 4088//4088 4148//4148 3776//3776
f 3823//3823 3877//3877 3776//3776
f 3947//3947 3824//3824 3778//3778
f 3694//3694 3608//3608 4186//4186
f 3948//3948 3694//3694 4186//4186
f 4186//4186 3608//3608 3482//3482
f 3877//3877 3645//3645 3626//3626
f 3694//3694 3948//3948 4245//4245
f 3694//3694 4245//4245 3626//3626
f 3400//3400 3868//3868 4082//4082
f 3868//3868 3400//3400 3774//3774
f 3741//3741 3865//3865 3711//3711
f 3552//3552 3642//3642 3866//3866
f 3868//3868 3774//3774 3867//3867
f 3741//3741 3866//3866 3865//3865
f 3992//3992 3870//3870 3688//3688
f 4083//4083 3600//3600 4169//4169
f 3687//3687 3968//3968 3907//3907
f 3869//3869 4081//4081 3712//3712
f 3869//3869 3687//3687 3907//3907
f 3713//3713 3968//3968 3687//3687
f 3710//3710 3711//3711 3941//3941
f 3597//3597 3903//3903 3904//3904
f 4079//4079 4124//4124 3709//3709
f 4080//4080 3903//3903 3594//3594
f 3655//3655 3990//3990 3709//3709
f 4080//4080 3594//3594 3902//3902
f 3709//3709 3990//3990 4079//4079
f 3902//3902 3594//3594 4078//4078
f 3655//3655 3710//3710 3990//3990
f 3906//3906 4044//4044 3867//3867
f 3905//3905 3597//3597 3904//3904
f 3597//3597 3905//3905 3814//3814
f 3715//3715 3873//3873 3872//3872
f 3909//3909 3908//3908 3994//3994
f 3993//3993 3908//3908 3819//3819
f 4012//4012 4085//4085 3819//3819
f 3742//3742 3944//3944 3715//3715
f 3871//3871 4012//4012 3819//3819
f 3944//3944 3873//3873 3715//3715
f 3874//3874 3602//3602 3742//3742
f 3717//3717 3909//3909 4172//4172
f 3602//3602 3944//3944 3742//3742
f 3688//3688 3815//3815 3992//3992
f 3991//3991 4011//4011 3600//3600
f 4169//4169 3600//3600 3942//3942
f 3688//3688 3968//3968 3713//3713
f 3689//3689 3815//3815 3816//3816
f 3715//3715 3872//3872 3657//3657
f 3817//3817 3689//3689 3657//3657
f 4011//4011 3818//3818 3622//3622
f 4020//4020 3840//3840 3839//3839
f 991//991 1069//1069 944//944
f 3733//3733 3930//3930 3630//3630
f 1254//1254 1178//1178 1071//1071
f 3930//3930 3892//3892 3630//3630
f 3930//3930 4020//4020 3892//3892
f 4020//4020 3630//3630 3892//3892
f 4004//4004 3838//3838 3840//3840
f 4005//4005 4004//4004 3840//3840
f 3838//3838 4064//4064 3746//3746
f 3630//3630 4020//4020 3839//3839
f 3975//3975 3834//3834 3889//3889
f 3890//3890 3835//3835 3700//3700
f 3833//3833 4062//4062 3889//3889
f 4062//4062 3833//3833 4254//4254
f 3976//3976 3928//3928 3783//3783
f 3928//3928 3976//3976 3891//3891
f 4064//4064 4019//4019 3746//3746
f 3835//3835 3955//3955 3700//3700
f 3836//3836 3837//3837 4019//4019
f 3891//3891 3929//3929 3928//3928
f 943//943 989//989 879//879
f 1130//1130 1067//1067 879//879
f 1068//1068 1226//1226 1175//1175
f 990//990 1069//1069 1130//1130
f 880//880 1129//1129 1254//1254
f 943//943 990//990 989//989
f 1130//1130 879//879 989//989
f 990//990 1130//1130 989//989
f 1068//1068 1129//1129 880//880
f 3829//3829 4152//4152 3828//3828
f 3780//3780 3972//3972 3781//3781
f 3951//3951 4153//4153 3780//3780
f 3724//3724 3826//3826 3827//3827
f 3880//3880 4053//4053 3950//3950
f 4001//4001 3882//3882 3830//3830
f 4154//4154 3884//3884 4054//4054
f 3922//3922 3725//3725 3696//3696
f 3828//3828 4152//4152 3881//3881
f 4152//4152 3829//3829 3628//3628
f 3922//3922 4054//4054 3725//3725
f 3627//3627 3949//3949 3919//3919
f 3917//3917 3610//3610 3919//3919
f 3627//3627 3919//3919 3610//3610
f 4000//4000 3646//3646 3879//3879
f 3646//3646 4000//4000 3920//3920
f 3949//3949 3921//3921 4051//4051
f 3699//3699 3729//3729 3953//3953
f 4016//4016 3831//3831 3925//3925
f 3926//3926 3699//3699 4059//4059
f 3831//3831 3974//3974 3925//3925
f 3698//3698 3782//3782 4058//4058
f 4099//4099 3974//3974 3831//3831
f 3731//3731 3732//3732 4017//4017
f 3731//3731 4003//4003 3954//3954
f 4060//4060 3927//3927 3885//3885
f 3731//3731 4017//4017 4003//4003
f 3885//3885 3926//3926 4060//4060
f 3831//3831 3954//3954 4099//4099
f 3730//3730 3954//3954 3831//3831
f 3886//3886 4254//4254 3832//3832
f 3732//3732 3887//3887 4018//4018
f 3927//3927 3886//3886 3832//3832
f 3782//3782 3727//3727 4177//4177
f 3647//3647 3923//3923 3952//3952
f 3697//3697 4179//4179 3973//3973
f 3788//3788 3933//3933 3755//3755
f 3668//3668 3932//3932 3525//3525
f 3842//3842 3843//3843 3191//3191
f 3757//3757 3843//3843 4067//4067
f 3191//3191 3843//3843 3757//3757
f 4067//4067 3634//3634 3758//3758
f 3756//3756 3982//3982 3562//3562
f 3633//3633 4158//4158 3703//3703
f 3982//3982 4158//4158 3633//3633
f 3750//3750 3841//3841 3787//3787
f 3841//3841 3980//3980 3751//3751
f 3747//3747 4102//4102 3702//3702
f 3749//3749 3702//3702 3787//3787
f 3748//3748 3702//3702 3749//3749
f 3980//3980 3981//3981 3751//3751
f 3752//3752 4107//4107 3668//3668
f 3753//3753 4022//4022 3754//3754
f 3787//3787 4066//4066 3750//3750
f 4107//4107 3932//3932 3668//3668
f 4006//4006 3736//3736 3791//3791
f 3957//3957 3985//3985 3792//3792
f 4006//4006 3791//3791 3956//3956
f 3895//3895 3762//3762 3793//3793
f 3793//3793 4025//4025 3934//3934
f 3985//3985 3847//3847 3792//3792
f 3957//3957 3792//3792 3761//3761
f 4434//4434 3585//3585 3894//3894
f 4360//4360 3844//3844 4325//4325
f 3759//3759 3844//3844 3635//3635
f 3237//3237 3844//3844 4360//4360
f 3103//3103 3529//3529 3845//3845
f 3103//3103 3845//3845 4068//4068
f 4023//4023 3983//3983 3634//3634
f 4421//4421 3790//3790 3564//3564
f 3846//3846 3760//3760 3847//3847
f 4024//4024 3237//3237 4360//4360
f 3529//3529 3704//3704 4326//4326
f 3705//3705 3790//3790 4263//4263
f 4687//4687 3894//3894 4024//4024
f 3705//3705 4159//4159 4326//4326
f 3705//3705 4326//4326 3563//3563
f 1183//1183 1228//1228 994//994
f 1079//1079 1259//1259 774//774
f 1228//1228 1131//1131 994//994
f 1183//1183 993//993 1449//1449
f 1449//1449 993//993 994//994
f 994//994 995//995 1449//1449
f 1132//1132 1449//1449 995//995
f 1181//1181 856//856 748//748
f 1075//1075 856//856 1181//1181
f 945//945 1258//1258 1078//1078
f 997//997 882//882 1134//1134
f 1184//1184 701//701 1133//1133
f 882//882 670//670 1081//1081
f 1184//1184 1133//1133 1353//1353
f 882//882 1260//1260 1134//1134
f 1081//1081 670//670 998//998
f 1261//1261 701//701 1184//1184
f 1132//1132 995//995 996//996
f 1320//1320 994//994 1131//1131
f 882//882 997//997 1525//1525
f 994//994 1320//1320 1080//1080
f 991//991 1070//1070 1069//1069
f 1070//1070 991//991 903//903
f 3636//3636 4021//4021 3784//3784
f 3893//3893 4021//4021 3636//3636
f 1074//1074 1075//1075 903//903
f 1075//1075 1074//1074 773//773
f 856//856 1075//1075 773//773
f 903//903 1073//1073 1072//1072
f 1070//1070 1072//1072 1073//1073
f 1070//1070 903//903 1072//1072
f 992//992 1180//1180 855//855
f 1075//1075 1073//1073 903//903
f 3679//3679 3963//3963 3899//3899
f 3859//3859 3678//3678 3899//3899
f 3807//3807 3678//3678 3898//3898
f 3680//3680 3770//3770 3858//3858
f 3679//3679 3899//3899 3678//3678
f 3939//3939 3964//3964 3681//3681
f 3939//3939 3681//3681 3808//3808
f 3963//3963 3653//3653 3772//3772
f 3963//3963 3679//3679 3740//3740
f 4040//4040 3856//3856 3897//3897
f 3986//3986 3739//3739 3987//3987
f 3857//3857 3770//3770 3708//3708
f 3770//3770 4040//4040 3858//3858
f 3939//3939 4076//4076 3964//3964
f 4040//4040 3770//3770 3857//3857
f 3938//3938 3771//3771 3807//3807
f 3860//3860 3813//3813 3940//3940
f 3250//3250 3861//3861 3862//3862
f 3250//3250 3813//3813 3861//3861
f 3967//3967 3594//3594 3250//3250
f 3940//3940 4042//4042 3860//3860
f 3967//3967 3250//3250 3862//3862
f 3812//3812 3709//3709 3863//3863
f 3967//3967 4078//4078 3594//3594
f 3709//3709 4124//4124 3863//3863
f 3593//3593 3901//3901 3684//3684
f 3988//3988 3772//3772 3810//3810
f 3965//3965 3963//3963 3772//3772
f 3988//3988 3810//3810 3900//3900
f 3654//3654 4041//4041 3940//3940
f 4276//4276 3900//3900 3810//3810
f 4276//4276 3682//3682 3811//3811
f 4041//4041 3809//3809 4143//4143
f 3799//3799 3851//3851 3619//3619
f 3798//3798 3619//3619 3851//3851
f 3896//3896 4032//4032 3850//3850
f 3766//3766 3849//3849 4028//4028
f 3896//3896 3848//3848 4031//4031
f 3766//3766 4028//4028 3652//3652
f 3619//3619 3798//3798 3797//3797
f 3853//3853 3936//3936 3674//3674
f 4035//4035 3960//3960 3738//3738
f 3673//3673 3852//3852 3799//3799
f 3674//3674 3800//3800 3853//3853
f 4036//4036 4035//4035 3767//3767
f 4032//4032 3767//3767 3850//3850
f 3767//3767 3959//3959 4033//4033
f 3765//3765 4114//4114 3764//3764
f 3707//3707 4026//4026 4027//4027
f 4114//4114 3763//3763 3764//3764
f 3895//3895 3958//3958 3762//3762
f 3795//3795 4114//4114 3765//3765
f 3761//3761 3794//3794 3706//3706
f 3796//3796 3848//3848 3896//3896
f 4029//4029 3848//3848 3707//3707
f 4027//4027 4029//4029 3707//3707
f 3797//3797 3849//3849 3766//3766
f 3737//3737 3935//3935 3795//3795
f 3637//3637 3737//3737 3795//3795
f 3855//3855 3803//3803 3804//3804
f 3937//3937 3961//3961 3768//3768
f 3804//3804 3497//3497 3962//3962
f 4073//4073 4008//4008 3769//3769
f 3856//3856 3769//3769 3897//3897
f 4073//4073 3768//3768 3961//3961
f 3937//3937 3768//3768 3802//3802
f 3936//3936 3673//3673 3674//3674
f 3531//3531 3800//3800 3676//3676
f 3960//3960 3801//3801 3738//3738
f 3960//3960 4037//4037 3801//3801
f 3854//3854 3531//3531 3803//3803
