v -0.000001 0.482720 0.474736
v -0.092619 0.611068 0.465614
v -0.092619 0.482720 0.465614
v 0.082679 -1.277687 -0.415640
v 0.184971 -1.196333 -0.446558
v 0.162175 -1.277687 -0.391524
v 0.268536 -1.196333 -0.401891
v 0.235444 -1.277687 -0.352363
v 0.341782 -1.196333 -0.341780
v 0.299664 -1.277687 -0.299660
v 0.401892 -1.196333 -0.268535
v 0.352364 -1.277687 -0.235441
v 0.446560 -1.196332 -0.184970
v 0.391525 -1.277687 -0.162175
v 0.474064 -1.196333 -0.094297
v 0.415641 -1.277687 -0.082676
v 0.483350 -1.196333 -0.000000
v 0.423782 -1.277687 -0.000000
v 0.415641 -1.277687 0.082676
v 0.483350 -1.196333 -0.000000
v 0.474064 -1.196333 0.094297
v 0.391525 -1.277687 0.162175
v 0.446560 -1.196332 0.184970
v 0.352364 -1.277687 0.235441
v 0.401892 -1.196333 0.268535
v 0.408476 0.427683 0.272934
v 0.347381 -1.172137 0.347379
v 0.408476 -1.172137 0.272934
v 0.408476 0.457051 0.272934
v 0.347381 0.427683 0.347379
v 0.347381 0.457051 0.347379
v 0.272935 0.427683 0.408475
v 0.272935 0.457051 0.408475
v 0.188001 0.427683 0.453873
v 0.188001 0.457051 0.453873
v 0.095845 0.427683 0.481829
v 0.095845 0.457051 0.481829
v -0.000001 0.427683 0.491269
v -0.000001 0.457051 0.491269
v -0.095844 0.427683 0.481829
v -0.095844 0.457051 0.481829
v -0.188001 0.427683 0.453873
v -0.188001 0.457051 0.453873
v -0.272935 0.427683 0.408475
v -0.272935 0.457051 0.408475
v -0.347380 0.427683 0.347379
v -0.347380 0.457051 0.347379
v -0.408474 0.427683 0.272934
v -0.408474 0.457051 0.272934
v -0.453874 0.427683 0.188000
v -0.453874 0.457051 0.188000
v -0.481827 0.427683 0.095841
v -0.481827 0.457051 0.095841
v -0.491265 0.427683 -0.000000
v -0.491265 0.457051 -0.000000
v -0.481827 0.427683 -0.095842
v -0.491265 0.427683 -0.000000
v -0.481827 0.457051 -0.095842
v -0.453872 0.427683 -0.188001
v -0.453872 0.457051 -0.188001
v -0.408474 0.427683 -0.272935
v -0.408474 0.457051 -0.272935
v -0.347378 0.427683 -0.347380
v -0.347378 0.457051 -0.347380
v -0.272935 0.427683 -0.408475
v 0.491268 0.457051 -0.000000
v 0.465614 0.457051 0.092616
v 0.481830 0.457051 0.095842
v -0.272935 0.457051 -0.408475
v -0.188001 0.427683 -0.453874
v -0.188001 0.457051 -0.453874
v -0.095844 0.427683 -0.481829
v 0.231045 -1.301883 -0.345779
v 0.159145 -1.396828 -0.384209
v 0.159145 -1.301883 -0.384209
v -0.159142 -1.301883 -0.384209
v -0.231039 -1.396828 -0.345779
v -0.231039 -1.301883 -0.345779
v -0.081133 -1.301883 0.407874
v -0.000001 -1.396828 0.415865
v -0.000001 -1.301883 0.415865
v 0.294065 -1.301883 -0.294061
v 0.231045 -1.396828 -0.345779
v -0.081133 -1.301883 -0.407874
v -0.159142 -1.396828 -0.384209
v -0.159142 -1.301883 0.384209
v -0.081133 -1.396828 0.407874
v 0.345781 -1.301883 -0.231042
v 0.294065 -1.396828 -0.294061
v 0.083758 -1.410209 -0.421061
v -0.000001 -1.410209 -0.505359
v -0.000001 -1.410209 -0.429310
v -0.231039 -1.301883 0.345778
v -0.159142 -1.396828 0.384209
v 0.384209 -1.301883 -0.159144
v 0.345781 -1.396828 -0.231042
v 0.081135 -1.396828 -0.407874
v 0.081135 -1.301883 -0.407874
v -0.294060 -1.301883 0.294060
v -0.231039 -1.396828 0.345778
v 0.407875 -1.301883 -0.081131
v 0.384209 -1.396828 -0.159144
v -0.345778 -1.301883 0.231042
v -0.294060 -1.396828 0.294060
v 0.415864 -1.301883 -0.000000
v 0.407875 -1.396828 -0.081131
v -0.384208 -1.301883 0.159144
v -0.345778 -1.396828 0.231042
v 0.407875 -1.301883 0.081131
v 0.415864 -1.396828 -0.000000
v 0.415864 -1.301883 -0.000000
v -0.407871 -1.301883 0.081131
v -0.384208 -1.396828 0.159144
v 0.384209 -1.301883 0.159144
v 0.407875 -1.396828 0.081131
v -0.415861 -1.301883 -0.000000
v -0.407871 -1.396828 0.081131
v 0.345781 -1.301883 0.231042
v 0.384209 -1.396828 0.159144
v -0.407871 -1.301883 -0.081132
v -0.415861 -1.396828 -0.000000
v -0.415861 -1.301883 -0.000000
v 0.294065 -1.301883 0.294060
v 0.345781 -1.396828 0.231042
v -0.384206 -1.301883 -0.159145
v -0.407871 -1.396828 -0.081132
v 0.231045 -1.301883 0.345779
v 0.294065 -1.396828 0.294060
v -0.345778 -1.301883 -0.231042
v -0.384206 -1.396828 -0.159145
v 0.159145 -1.301883 0.384209
v 0.231045 -1.396828 0.345779
v -0.294057 -1.301883 -0.294061
v -0.345778 -1.396828 -0.231042
v 0.081135 -1.301883 0.407874
v 0.159145 -1.396828 0.384209
v -0.000001 -1.301883 -0.415864
v -0.081133 -1.396828 -0.407874
v -0.294057 -1.396828 -0.294061
v -0.126051 -1.522554 0.304321
v -0.059635 -1.492146 0.299799
v -0.064261 -1.522554 0.323065
v 0.081135 -1.396828 0.407874
v 0.431374 -1.423590 -0.288232
v 0.366851 -1.489921 -0.366850
v 0.366851 -1.423590 -0.366850
v -0.083756 -1.410209 0.421061
v -0.000001 -1.410209 0.505359
v -0.000001 -1.410209 0.429310
v -0.101217 -1.423590 -0.508836
v -0.198538 -1.489921 -0.479313
v -0.198538 -1.423590 -0.479313
v 0.288235 -1.489921 -0.431371
v 0.288235 -1.423590 -0.431371
v 0.083758 -1.410209 0.421061
v -0.288229 -1.489921 -0.431370
v -0.288229 -1.423590 -0.431370
v 0.198539 -1.489921 -0.479313
v 0.198539 -1.423590 -0.479313
v 0.098595 -1.410209 0.495649
v 0.164291 -1.410209 0.396631
v -0.366848 -1.489921 -0.366851
v -0.366848 -1.423590 -0.366851
v 0.101218 -1.489921 -0.508836
v 0.101218 -1.423590 -0.508836
v 0.193394 -1.410209 0.466891
v 0.238515 -1.410209 0.356958
v -0.431367 -1.489921 -0.288233
v -0.431367 -1.423590 -0.288233
v 0.357344 -1.410209 0.357342
v 0.303572 -1.410209 0.303568
v -0.479310 -1.489921 -0.198538
v -0.479310 -1.423590 -0.198538
v 0.356960 -1.410209 0.238512
v -0.508835 -1.489921 -0.101214
v -0.508835 -1.423590 -0.101214
v 0.420195 -1.410209 0.280762
v 0.396632 -1.410209 0.164289
v -0.518804 -1.489921 -0.000000
v -0.518804 -1.423590 -0.000000
v 0.466895 -1.410209 0.193391
v 0.421063 -1.410209 0.083754
v -0.518804 -1.423590 -0.000000
v -0.508835 -1.489921 0.101212
v -0.508835 -1.423590 0.101212
v 0.505358 -1.410209 -0.000000
v 0.429310 -1.410209 -0.000000
v -0.479311 -1.489921 0.198538
v -0.479311 -1.423590 0.198538
v 0.421063 -1.410209 -0.083754
v 0.466895 -1.410209 -0.193392
v 0.396632 -1.410209 -0.164290
v -0.431367 -1.489921 0.288233
v -0.431367 -1.423590 0.288233
v 0.193394 -1.410209 -0.466891
v 0.164291 -1.410209 -0.396631
v 0.420195 -1.410209 -0.280762
v 0.356960 -1.410209 -0.238512
v -0.366849 -1.489921 0.366850
v -0.366849 -1.423590 0.366850
v -0.000001 -1.489921 -0.518805
v -0.000001 -1.423590 -0.518805
v 0.357344 -1.410209 -0.357342
v 0.303572 -1.410209 -0.303568
v -0.288229 -1.423590 0.431370
v -0.198538 -1.489921 0.479313
v -0.198538 -1.423590 0.479313
v -0.288229 -1.489921 0.431370
v 0.325183 -1.522554 -0.134694
v 0.404107 -1.522554 -0.270014
v 0.449023 -1.522554 -0.185988
v -0.343660 -1.522554 0.343663
v -0.195546 -1.522554 0.292653
v -0.270011 -1.522554 0.404105
v 0.476675 -1.522554 -0.094815
v -0.404104 -1.522554 0.270014
v -0.248883 -1.522554 0.248881
v 0.486013 -1.522554 -0.000000
v 0.345210 -1.522554 -0.068667
v -0.325177 -1.522554 0.134693
v -0.449017 -1.522554 0.185989
v 0.345210 -1.522554 0.068667
v 0.476675 -1.522554 0.094815
v -0.345204 -1.522554 0.068667
v -0.476674 -1.522554 0.094815
v 0.325183 -1.522554 0.134694
v 0.449023 -1.522554 0.185988
v -0.351968 -1.522554 -0.000000
v -0.486013 -1.522554 -0.000000
v 0.404107 -1.522554 0.270014
v -0.476674 -1.522554 -0.094817
v 0.248884 -1.522554 0.248881
v 0.343665 -1.522554 0.343663
v -0.449016 -1.522554 -0.185989
v -0.345204 -1.522554 -0.068667
v 0.195549 -1.522554 0.292653
v 0.270016 -1.522554 0.404105
v -0.292652 -1.522554 -0.195545
v -0.404104 -1.522554 -0.270015
v 0.134695 -1.522554 0.325179
v 0.185993 -1.522554 0.449017
v -0.343657 -1.522554 -0.343663
v 0.094818 -1.522554 0.476674
v 0.134695 -1.522554 -0.325179
v 0.094818 -1.522554 -0.476674
v 0.185993 -1.522554 -0.449017
v -0.195541 -1.522554 -0.292654
v -0.270011 -1.522554 -0.404105
v -0.000001 -1.522554 0.351971
v -0.000001 -1.522554 0.486013
v 0.270016 -1.522554 -0.404105
v -0.185990 -1.522554 -0.449017
v -0.094817 -1.522554 0.476674
v 0.343665 -1.522554 -0.343663
v 0.195549 -1.522554 -0.292653
v -0.094817 -1.522554 -0.476674
v -0.134691 -1.522554 -0.325180
v -0.134691 -1.522554 0.325179
v -0.185990 -1.522554 0.449017
v -0.086629 0.847695 0.435505
v -0.143649 1.107898 0.346804
v -0.169925 0.847695 0.410237
v 0.248884 -1.522554 -0.248881
v -0.101217 -1.489921 -0.508836
v -0.098594 -1.410209 -0.495649
v -0.164288 -1.410209 -0.396631
v -0.083756 -1.410209 -0.421061
v 0.479317 -1.423590 -0.198537
v 0.431374 -1.489921 -0.288232
v -0.164288 -1.410209 0.396631
v -0.098594 -1.410209 0.495648
v 0.508837 -1.423590 -0.101212
v 0.479317 -1.489921 -0.198537
v -0.238509 -1.410209 0.356958
v -0.193392 -1.410209 0.466890
v 0.518804 -1.423590 -0.000000
v 0.508837 -1.489921 -0.101212
v -0.303568 -1.410209 0.303568
v -0.280759 -1.410209 0.420190
v 0.508837 -1.423590 0.101212
v 0.518804 -1.489921 -0.000000
v 0.518804 -1.423590 -0.000000
v -0.420187 -1.410209 0.280762
v -0.356957 -1.410209 0.238512
v 0.479317 -1.423590 0.198537
v 0.508837 -1.489921 0.101212
v -0.466889 -1.410209 0.193392
v -0.396630 -1.410209 0.164290
v 0.431374 -1.423590 0.288232
v 0.479317 -1.489921 0.198537
v -0.421058 -1.410209 0.083754
v 0.366851 -1.423590 0.366850
v 0.431374 -1.489921 0.288232
v -0.429307 -1.410209 -0.000000
v -0.495648 -1.410209 0.098589
v 0.288235 -1.423590 0.431371
v 0.366851 -1.489921 0.366850
v -0.495648 -1.410209 -0.098591
v -0.421058 -1.410209 -0.083755
v 0.198539 -1.423590 0.479313
v 0.288235 -1.489921 0.431371
v -0.466888 -1.410209 -0.193393
v -0.396628 -1.410209 -0.164290
v 0.101218 -1.423590 0.508836
v 0.198539 -1.489921 0.479313
v -0.356957 -1.410209 -0.238513
v -0.357340 -1.410209 -0.357343
v -0.303565 -1.410209 -0.303569
v -0.000001 -1.423590 0.518805
v 0.101218 -1.489921 0.508836
v -0.280759 -1.410209 -0.420191
v -0.238509 -1.410209 -0.356959
v -0.101217 -1.423590 0.508836
v -0.000001 -1.489921 0.518805
v 0.238515 -1.410209 -0.356959
v -0.193392 -1.410209 -0.466891
v -0.101217 -1.489921 0.508836
v -0.000001 -1.522554 -0.486013
v -0.068667 -1.522554 -0.345208
v -0.094817 -1.522554 -0.476674
v -0.000001 -1.522554 -0.351971
v -0.095844 0.457051 0.481829
v -0.181673 0.457051 0.438599
v -0.188001 0.457051 0.453873
v -0.408474 0.457051 -0.272935
v -0.438596 0.457051 -0.181674
v -0.394727 0.457051 -0.263750
v 0.408476 0.457051 -0.272934
v 0.335691 0.457051 -0.335689
v 0.394731 0.457051 -0.263749
v 0.188001 0.457051 0.453873
v 0.263750 0.457051 0.394729
v 0.181673 0.457051 0.438599
v -0.481827 0.457051 0.095841
v -0.438599 0.457051 0.181673
v -0.465614 0.457051 0.092616
v 0.095845 0.457051 -0.481829
v -0.000001 0.457051 -0.474736
v 0.092620 0.457051 -0.465614
v -0.095844 0.457051 -0.481829
v -0.000001 0.457051 -0.491269
v 0.438603 0.457051 0.181674
v 0.453875 0.457051 0.188000
v -0.263747 0.457051 0.394729
v -0.272935 0.457051 0.408475
v -0.347378 0.457051 -0.347380
v -0.335688 0.457051 -0.335690
v 0.453875 0.457051 -0.188000
v 0.438603 0.457051 -0.181674
v 0.095845 0.457051 0.481829
v 0.092620 0.457051 0.465614
v -0.491265 0.457051 -0.000000
v -0.474731 0.457051 -0.000000
v 0.181673 0.457051 -0.438599
v 0.188001 0.457051 -0.453873
v 0.394731 0.457051 0.263749
v 0.408476 0.457051 0.272934
v -0.335690 0.457051 0.335689
v -0.347380 0.457051 0.347379
v -0.272935 0.457051 -0.408475
v -0.263747 0.457051 -0.394729
v 0.481830 0.457051 -0.095842
v 0.465614 0.457051 -0.092616
v -0.000001 0.457051 0.474736
v -0.000001 0.457051 0.491269
v -0.465614 0.457051 -0.092617
v -0.481827 0.457051 -0.095842
v 0.263750 0.457051 -0.394729
v 0.272935 0.457051 -0.408475
v 0.335691 0.457051 0.335689
v 0.347381 0.457051 0.347379
v -0.394727 0.457051 0.263749
v -0.408474 0.457051 0.272934
v -0.188001 0.457051 -0.453874
v -0.181673 0.457051 -0.438599
v 0.474734 0.457051 -0.000000
v -0.092619 0.457051 0.465614
v -0.453872 0.457051 -0.188001
v 0.347381 0.457051 -0.347380
v 0.272935 0.457051 0.408475
v -0.453874 0.457051 0.188000
v -0.092619 0.457051 -0.465614
v -0.335688 0.482720 -0.335690
v -0.263747 0.611068 -0.394729
v -0.263747 0.482720 -0.394729
v -0.246691 0.847695 -0.369204
v -0.265429 1.107898 -0.265433
v -0.208547 1.107898 -0.312115
v -0.000001 0.847695 -0.444037
v -0.073233 1.107898 -0.368165
v -0.000001 1.107898 -0.375378
v 0.169928 0.847695 0.410237
v 0.208548 1.107898 0.312115
v 0.143652 1.107898 0.346804
v -0.465614 0.482720 -0.092617
v -0.438596 0.611068 -0.181674
v -0.438596 0.482720 -0.181674
v 0.369205 0.847695 0.246694
v 0.265435 1.107898 0.265432
v 0.313986 0.847695 0.313982
v 0.444036 0.847695 -0.000000
v 0.368168 1.107898 -0.073233
v 0.375377 1.107898 -0.000000
v -0.435501 0.847695 -0.086628
v -0.346801 1.107898 -0.143651
v -0.410234 0.847695 -0.169926
v 0.246695 0.847695 -0.369204
v 0.265435 1.107898 -0.265432
v 0.313986 0.847695 -0.313982
v -0.369204 0.847695 0.246694
v -0.346804 1.107898 0.143651
v -0.410239 0.847695 0.169925
v 0.435507 0.847695 -0.086627
v 0.346807 1.107898 -0.143651
v -0.444032 0.847695 -0.000000
v -0.368162 1.107898 0.073232
v -0.375373 1.107898 -0.000000
v 0.369205 0.847695 -0.246694
v 0.312116 1.107898 -0.208549
v -0.444032 0.847695 -0.000000
v -0.368162 1.107898 -0.073233
v -0.246691 0.847695 0.369203
v -0.265432 1.107898 0.265432
v -0.313983 0.847695 0.313982
v 0.092620 0.482720 0.465614
v -0.000001 0.611068 0.474736
v 0.410240 0.847695 -0.169926
v -0.313980 0.847695 -0.313982
v -0.312113 1.107898 -0.208549
v 0.263750 0.482720 0.394729
v 0.181673 0.611068 0.438599
v 0.181673 0.482720 0.438599
v 0.073235 1.107898 -0.368165
v 0.086630 0.847695 -0.435505
v -0.000001 0.847695 0.444037
v -0.073233 1.107898 0.368165
v -0.143649 1.107898 -0.346804
v -0.169925 0.847695 -0.410237
v -0.086629 0.847695 -0.435505
v -0.369204 0.847695 -0.246694
v 0.092620 0.611068 0.465614
v 0.073235 1.107898 0.368165
v 0.086630 0.847695 0.435505
v 0.169928 0.847695 -0.410237
v 0.143652 1.107898 -0.346804
v -0.435501 0.847695 0.086627
v -0.312113 1.107898 0.208548
v 0.346807 1.107898 0.143651
v 0.312116 1.107898 0.208549
v -0.000001 1.107898 0.375378
v -0.228227 1.396384 -0.114085
v -0.335690 0.482720 0.335689
v -0.394727 0.611068 0.263749
v -0.394727 0.482720 0.263749
v 0.246695 0.847695 0.369204
v 0.465614 0.482720 -0.092616
v 0.474734 0.611068 -0.000000
v 0.474734 0.482720 -0.000000
v 0.181673 0.482720 -0.438599
v 0.263750 0.611068 -0.394729
v 0.263750 0.482720 -0.394729
v 0.465614 0.482720 0.092616
v 0.438603 0.611068 0.181674
v 0.438603 0.482720 0.181674
v 0.474734 0.482720 -0.000000
v 0.465614 0.611068 0.092616
v 0.335691 0.482720 0.335689
v 0.263750 0.611068 0.394729
v -0.438599 0.611068 0.181673
v -0.438599 0.482720 0.181673
v 0.335691 0.611068 -0.335689
v 0.335691 0.482720 -0.335689
v -0.394727 0.611068 -0.263750
v -0.394727 0.482720 -0.263750
v 0.092620 0.482720 -0.465614
v 0.181673 0.611068 -0.438599
v 0.394731 0.611068 -0.263749
v 0.394731 0.482720 -0.263749
v -0.181673 0.482720 0.438599
v -0.263747 0.611068 0.394729
v -0.263747 0.482720 0.394729
v -0.181673 0.482720 -0.438599
v -0.092619 0.611068 -0.465614
v -0.092619 0.482720 -0.465614
v -0.000001 0.611068 -0.474736
v -0.000001 0.482720 -0.474736
v -0.335688 0.611068 -0.335690
v -0.335690 0.611068 0.335689
v 0.394731 0.611068 0.263749
v 0.394731 0.482720 0.263749
v -0.465614 0.482720 0.092616
v -0.474731 0.611068 -0.000000
v -0.474731 0.482720 -0.000000
v 0.208548 1.107898 -0.312115
v -0.208547 1.107898 0.312115
v 0.438603 0.611068 -0.181674
v 0.438603 0.482720 -0.181674
v 0.335691 0.611068 0.335689
v 0.465614 0.611068 -0.092616
v 0.435507 0.847695 0.086627
v 0.410240 0.847695 0.169926
v -0.465614 0.611068 0.092616
v -0.181673 0.611068 -0.438599
v -0.181673 0.611068 0.438599
v 0.092620 0.611068 -0.465614
v -0.474731 0.482720 -0.000000
v -0.465614 0.611068 -0.092617
v -0.179469 1.444564 -0.134572
v -0.151043 1.454660 -0.151015
v -0.163428 1.437177 -0.163401
v 0.134595 1.444564 -0.179438
v 0.151037 1.454660 -0.151015
v 0.163426 1.437177 -0.163401
v 0.179457 1.444564 0.134625
v 0.151037 1.454660 0.151068
v 0.163426 1.437177 0.163455
v -0.134604 1.444564 0.179491
v -0.151043 1.454660 0.151068
v -0.163428 1.437177 0.163455
v -0.134604 1.472114 0.134625
v -0.122573 1.462265 0.163454
v -0.000001 1.490427 0.156994
v 0.045534 1.473771 0.182190
v 0.051302 1.487931 0.153946
v 0.061662 1.513370 -0.061636
v -0.000001 1.522557 0.000027
v 0.063447 1.517761 0.000027
v -0.182164 1.473771 -0.045514
v -0.156971 1.490427 0.000027
v -0.153921 1.487931 -0.051280
v -0.000001 1.458300 0.209316
v 0.051302 1.456427 0.205252
v 0.182158 1.473771 -0.045514
v 0.209288 1.458300 0.000027
v 0.205224 1.456427 -0.051280
v -0.045543 1.473771 -0.182136
v -0.000001 1.458300 -0.209263
v -0.051307 1.456427 -0.205199
v -0.182164 1.473771 0.045568
v -0.209296 1.458300 0.000027
v -0.205230 1.456427 0.051333
v -0.228360 1.432024 0.057115
v -0.253657 1.396384 0.000027
v -0.246515 1.396384 0.061654
v -0.194321 1.421574 0.145767
v -0.228227 1.396384 0.114139
v -0.205111 1.396384 0.153858
v -0.163428 1.462265 0.122598
v -0.194321 1.451404 0.097187
v -0.179469 1.444564 0.134625
v -0.057089 1.432024 -0.228327
v -0.000001 1.396384 -0.253630
v -0.061626 1.396384 -0.246484
v -0.145746 1.421574 -0.194294
v -0.114115 1.396384 -0.228197
v -0.153833 1.396384 -0.205082
v -0.122573 1.462265 -0.163401
v -0.097162 1.451404 -0.194294
v -0.134604 1.444564 -0.179438
v 0.228354 1.432024 -0.057062
v 0.253654 1.396384 0.000027
v 0.246503 1.396384 -0.061601
v 0.194319 1.421574 -0.145714
v 0.228221 1.396384 -0.114085
v 0.205109 1.396384 -0.153805
v 0.163426 1.462265 -0.122544
v 0.194319 1.451404 -0.097133
v 0.179457 1.444564 -0.134572
v 0.057084 1.432024 0.228380
v -0.000001 1.396384 0.253684
v 0.061626 1.396384 0.246537
v 0.145739 1.421574 0.194347
v 0.114108 1.396384 0.228251
v 0.153828 1.396384 0.205136
v 0.122570 1.462265 0.163454
v 0.097153 1.451404 0.194347
v 0.134595 1.444564 0.179491
v -0.114176 1.502135 -0.057062
v -0.063451 1.517761 0.000027
v -0.061666 1.513370 -0.061636
v -0.097162 1.481236 -0.145714
v -0.057089 1.502135 -0.114150
v -0.051307 1.487931 -0.153892
v -0.163428 1.462265 -0.122544
v -0.145746 1.481236 -0.097133
v -0.134604 1.472114 -0.134572
v 0.153918 1.487931 -0.051280
v 0.116997 1.505597 0.000027
v 0.156964 1.490427 0.000027
v 0.134595 1.472114 -0.134572
v 0.106802 1.493078 -0.106776
v 0.145739 1.481236 -0.097133
v 0.051302 1.487931 -0.153892
v -0.000001 1.505597 -0.116970
v 0.057084 1.502135 -0.114150
v 0.097153 1.481236 0.145767
v 0.134595 1.472114 0.134625
v 0.114172 1.502135 0.057115
v 0.145739 1.481236 0.097187
v 0.153918 1.487931 0.051333
v -0.000001 1.517761 0.063477
v 0.057084 1.502135 0.114204
v 0.061662 1.513370 0.061689
v -0.051307 1.487931 0.153946
v -0.087208 1.469008 0.174435
v -0.045543 1.473771 0.182190
v -0.061666 1.513370 0.061689
v -0.106806 1.493078 0.106829
v -0.057089 1.502135 0.114204
v -0.153921 1.487931 0.051333
v -0.174407 1.469008 0.087231
v -0.145746 1.481236 0.097187
v -0.153833 1.396384 0.205136
v -0.174407 1.415460 0.174435
v -0.182065 1.396384 0.182087
v -0.061626 1.396384 0.246537
v -0.106806 1.427496 0.213632
v -0.114115 1.396384 0.228251
v -0.051307 1.456427 0.205252
v -0.097162 1.451404 0.194347
v 0.205109 1.396384 0.153858
v 0.174404 1.415460 0.174435
v 0.182054 1.396384 0.182087
v 0.246503 1.396384 0.061654
v 0.213604 1.427496 0.106829
v 0.228221 1.396384 0.114139
v 0.205224 1.456427 0.051333
v 0.174404 1.469008 0.087231
v 0.194319 1.451404 0.097187
v 0.153828 1.396384 -0.205082
v 0.174404 1.415460 -0.174381
v 0.182054 1.396384 -0.182033
v 0.061626 1.396384 -0.246484
v 0.106802 1.427496 -0.213578
v 0.114108 1.396384 -0.228197
v 0.051302 1.456427 -0.205199
v 0.087201 1.469008 -0.174381
v 0.097153 1.451404 -0.194294
v -0.205111 1.396384 -0.153805
v -0.174407 1.415460 -0.174381
v -0.182065 1.396384 -0.182033
v -0.246515 1.396384 -0.061601
v -0.213609 1.427496 -0.106776
v -0.228227 1.396384 -0.114085
v -0.205230 1.456427 -0.051280
v -0.174407 1.469008 -0.087177
v -0.194321 1.451404 -0.097133
v -0.228360 1.432024 -0.057062
v -0.233995 1.433753 0.000027
v -0.194321 1.421574 -0.145714
v 0.057084 1.432024 -0.228327
v -0.000001 1.433753 -0.233966
v 0.045534 1.473771 -0.182136
v 0.145739 1.421574 -0.194294
v 0.228354 1.432024 0.057115
v 0.233994 1.433753 0.000027
v 0.182158 1.473771 0.045568
v 0.194319 1.421574 0.145767
v -0.057089 1.432024 0.228380
v -0.000001 1.433753 0.234019
v -0.145746 1.421574 0.194347
v -0.114176 1.502135 0.057115
v -0.117000 1.505597 0.000027
v -0.000001 1.505597 0.117023
v -0.000001 1.475505 0.185014
v -0.097162 1.481236 0.145767
v 0.106802 1.493078 0.106829
v 0.184985 1.475505 0.000027
v 0.163426 1.462265 0.122598
v 0.097153 1.481236 -0.145714
v -0.000001 1.490427 -0.156940
v 0.174404 1.469008 -0.087177
v 0.122570 1.462265 -0.163401
v 0.114172 1.502135 -0.057062
v -0.106806 1.493078 -0.106776
v -0.087208 1.469008 -0.174381
v -0.000001 1.475505 -0.184961
v -0.000001 1.517761 -0.063424
v 0.106802 1.427496 0.213632
v 0.213604 1.427496 -0.106776
v -0.106806 1.427496 -0.213578
v -0.213609 1.427496 0.106829
v 0.087201 1.469008 0.174435
v -0.246515 1.396384 -0.061601
v -0.253657 1.396384 0.000027
v -0.375373 1.107898 -0.000000
v -0.253657 1.396384 0.000027
v -0.246515 1.396384 0.061654
v -0.228227 1.396384 0.114139
v -0.205111 1.396384 0.153858
v -0.182065 1.396384 0.182087
v -0.153833 1.396384 0.205136
v -0.114115 1.396384 0.228251
v -0.061626 1.396384 0.246537
v -0.000001 1.396384 0.253684
v 0.061626 1.396384 0.246537
v 0.114108 1.396384 0.228251
v 0.153828 1.396384 0.205136
v 0.182054 1.396384 0.182087
v 0.205109 1.396384 0.153858
v 0.228221 1.396384 0.114139
v 0.246503 1.396384 0.061654
v 0.368168 1.107898 0.073233
v 0.253654 1.396384 0.000027
v 0.375377 1.107898 -0.000000
v 0.253654 1.396384 0.000027
v 0.246503 1.396384 -0.061601
v 0.228221 1.396384 -0.114085
v 0.205109 1.396384 -0.153805
v 0.182054 1.396384 -0.182033
v 0.153828 1.396384 -0.205082
v 0.114108 1.396384 -0.228197
v 0.061626 1.396384 -0.246484
v -0.000001 1.396384 -0.253630
v -0.061626 1.396384 -0.246484
v -0.114115 1.396384 -0.228197
v -0.153833 1.396384 -0.205082
v -0.182065 1.396384 -0.182033
v -0.205111 1.396384 -0.153805
v 0.232922 -1.522554 -0.232917
v 0.254159 -1.492146 -0.169823
v 0.216145 -1.492146 -0.216143
v -0.000001 -1.522554 -0.329395
v -0.059635 -1.492146 -0.299799
v -0.064263 -1.522554 -0.323066
v -0.000001 -1.492146 0.305673
v -0.000001 -1.522554 0.329395
v 0.183005 -1.522554 -0.273882
v 0.169826 -1.492146 -0.254157
v -0.126051 -1.522554 -0.304322
v -0.116976 -1.492146 -0.282405
v -0.183002 -1.522554 0.273882
v -0.116976 -1.492146 0.282405
v 0.304321 -1.522554 -0.126055
v 0.273883 -1.522554 -0.183002
v -0.216142 -1.492146 0.216143
v -0.169820 -1.492146 0.254157
v 0.323067 -1.522554 -0.064263
v 0.282406 -1.492146 -0.116977
v -0.273880 -1.522554 0.183001
v -0.232916 -1.522554 0.232917
v 0.305674 -1.492147 -0.000000
v 0.299797 -1.492146 -0.059635
v -0.282408 -1.492147 0.116976
v -0.254153 -1.492146 0.169822
v 0.323067 -1.522554 0.064263
v 0.329395 -1.522554 -0.000000
v -0.323064 -1.522554 0.064263
v -0.304321 -1.522554 0.126054
v 0.282406 -1.492146 0.116977
v 0.299797 -1.492146 0.059635
v -0.305671 -1.492146 -0.000000
v -0.299796 -1.492146 0.059635
v 0.304321 -1.522554 0.126055
v 0.254159 -1.492146 0.169823
v -0.323064 -1.522554 -0.064262
v -0.329392 -1.522554 -0.000000
v 0.232922 -1.522554 0.232917
v 0.273883 -1.522554 0.183002
v -0.304318 -1.522554 -0.126054
v -0.299796 -1.492146 -0.059634
v 0.183005 -1.522554 0.273881
v 0.216145 -1.492146 0.216143
v -0.273880 -1.522554 -0.183002
v -0.282402 -1.492146 -0.116976
v 0.116979 -1.492146 0.282405
v 0.169826 -1.492146 0.254157
v 0.059634 -1.492146 -0.299799
v -0.000001 -1.492146 -0.305673
v -0.232913 -1.522554 -0.232918
v -0.254153 -1.492146 -0.169823
v 0.126056 -1.522554 0.304321
v 0.059634 -1.492146 0.299799
v 0.126056 -1.522554 -0.304321
v 0.064262 -1.522554 -0.323066
v -0.169819 -1.492146 -0.254158
v -0.216139 -1.492146 -0.216144
v 0.203111 -1.492147 -0.203108
v 0.219106 -1.522555 -0.146402
v 0.186335 -1.522555 -0.186334
v -0.000001 -1.492147 -0.287238
v -0.051410 -1.522555 -0.258453
v -0.056040 -1.492146 -0.281719
v -0.109919 -1.492147 0.265373
v -0.146400 -1.522555 0.219105
v -0.100841 -1.522555 0.243457
v -0.159576 -1.492147 -0.238830
v -0.100841 -1.522555 -0.243457
v -0.146397 -1.522555 -0.219106
v 0.159580 -1.492147 -0.238829
v 0.100844 -1.522555 -0.243457
v 0.109924 -1.492146 -0.265373
v -0.000001 -1.492147 0.287238
v 0.051410 -1.522555 0.258452
v 0.056038 -1.492147 0.281719
v 0.263517 -1.522555 -0.000000
v 0.258451 -1.522555 0.051411
v -0.000007 -1.522557 -0.000000
v -0.186332 -1.522555 -0.186334
v -0.203107 -1.492147 -0.203108
v 0.056038 -1.492147 -0.281719
v 0.051410 -1.522555 -0.258453
v 0.100844 -1.522555 0.243457
v 0.109924 -1.492146 0.265373
v -0.203107 -1.492147 0.203108
v -0.159580 -1.492147 0.238830
v -0.238826 -1.492147 -0.159581
v -0.219103 -1.522555 -0.146402
v 0.159580 -1.492147 0.238829
v 0.146403 -1.522555 0.219105
v -0.265368 -1.492147 -0.109922
v -0.243454 -1.522555 -0.100843
v 0.186335 -1.522555 0.186334
v 0.203111 -1.492147 0.203108
v -0.281715 -1.492147 -0.056038
v -0.258452 -1.522555 -0.051410
v 0.219106 -1.522555 0.146402
v 0.238832 -1.492147 0.159581
v -0.263514 -1.522555 -0.000000
v -0.287237 -1.492147 -0.000000
v 0.243457 -1.522555 0.100844
v 0.265374 -1.492146 0.109922
v -0.281715 -1.492147 0.056038
v -0.258452 -1.522555 0.051410
v 0.281718 -1.492146 0.056039
v -0.243459 -1.522555 0.100843
v -0.265376 -1.492146 0.109921
v 0.287239 -1.492147 -0.000000
v -0.238826 -1.492147 0.159580
v -0.219103 -1.522555 0.146401
v 0.281718 -1.492146 -0.056039
v 0.258451 -1.522555 -0.051411
v -0.186334 -1.522555 0.186334
v 0.243457 -1.522555 -0.100844
v 0.265374 -1.492146 -0.109922
v -0.000001 -1.522555 -0.263516
v 0.238832 -1.492147 -0.159581
v -0.182996 -1.522554 -0.273882
v 0.116979 -1.492146 -0.282405
v 0.064262 -1.522554 0.323066
v -0.109919 -1.492147 -0.265374
v 0.146403 -1.522555 -0.219105
v -0.051410 -1.522555 0.258452
v -0.000001 -1.522555 0.263516
v -0.056038 -1.492147 0.281719
v -0.387200 0.730199 -0.258720
v -0.178208 0.730199 0.430235
v 0.474734 0.611068 -0.000000
v 0.456735 0.730199 0.090850
v 0.444036 0.847695 -0.000000
v -0.000001 0.730199 -0.465684
v 0.090855 0.730199 -0.456735
v 0.178210 0.730199 -0.430236
v 0.258719 0.730199 -0.387201
v 0.329294 0.730199 0.329288
v 0.387201 0.730199 0.258720
v -0.329290 0.730199 0.329288
v -0.387200 0.730199 0.258719
v -0.178208 0.730199 -0.430236
v 0.329294 0.730199 -0.329288
v 0.387201 0.730199 -0.258720
v 0.258719 0.730199 0.387200
v -0.430233 0.730199 0.178208
v -0.090850 0.730199 -0.456735
v -0.456732 0.730199 -0.090851
v -0.430238 0.730199 -0.178211
v -0.090850 0.730199 0.456735
v 0.456735 0.730199 -0.090850
v 0.465684 0.730199 -0.000000
v -0.000001 0.730199 0.465684
v 0.430235 0.730199 -0.178209
v -0.474731 0.611068 -0.000000
v -0.456732 0.730199 0.090850
v 0.178210 0.730199 0.430236
v 0.090855 0.730199 0.456735
v -0.465680 0.730199 -0.000000
v 0.430235 0.730199 0.178208
v -0.258718 0.730199 0.387200
v -0.329287 0.730199 -0.329289
v -0.258718 0.730199 -0.387201
v 0.188001 -1.172137 -0.453873
v 0.095845 0.427683 -0.481829
v 0.188001 0.427683 -0.453873
v 0.453875 0.427683 0.188000
v -0.408474 -1.172137 0.272934
v -0.347380 -1.172137 0.347379
v -0.188001 -1.172137 -0.453874
v -0.272935 -1.172137 -0.408475
v 0.481830 -1.172137 -0.095842
v 0.453875 0.427683 -0.188000
v 0.481830 0.427683 -0.095842
v -0.095844 -1.172137 0.481829
v -0.000001 -1.172137 0.491269
v -0.453872 -1.172137 -0.188001
v -0.481827 -1.172137 -0.095842
v 0.272935 -1.172137 -0.408475
v 0.272935 0.427683 -0.408475
v 0.272935 -1.172137 0.408475
v -0.453874 -1.172137 0.188000
v -0.095844 -1.172137 -0.481829
v 0.491268 -1.172137 -0.000000
v 0.491268 0.427683 -0.000000
v -0.188001 -1.172137 0.453873
v -0.408474 -1.172137 -0.272935
v 0.347381 -1.172137 -0.347380
v 0.347381 0.427683 -0.347380
v 0.188001 -1.172137 0.453873
v -0.481827 -1.172137 0.095841
v -0.000001 -1.396828 -0.415864
v 0.481830 -1.172137 0.095842
v 0.491268 0.427683 -0.000000
v 0.481830 0.427683 0.095842
v -0.272935 -1.172137 0.408475
v -0.347378 -1.172137 -0.347380
v 0.408476 -1.172137 -0.272934
v 0.408476 0.427683 -0.272934
v 0.095845 -1.172137 0.481829
v -0.491265 -1.172137 -0.000000
v -0.000001 -1.172137 -0.491269
v 0.095845 -1.172137 -0.481829
v -0.000001 0.427683 -0.491269
v 0.453875 -1.172137 0.188000
v 0.453875 -1.172137 -0.188000
v -0.491265 -1.172137 -0.000000
v -0.095844 0.457051 -0.481829
v -0.185990 -1.522554 -0.449017
v -0.270011 -1.522554 -0.404105
v -0.343657 -1.522554 -0.343663
v -0.404104 -1.522554 -0.270015
v -0.449016 -1.522554 -0.185989
v -0.476674 -1.522554 -0.094817
v -0.486013 -1.522554 -0.000000
v -0.486013 -1.522554 -0.000000
v -0.476674 -1.522554 0.094815
v -0.449017 -1.522554 0.185989
v -0.404104 -1.522554 0.270014
v -0.343660 -1.522554 0.343663
v -0.270011 -1.522554 0.404105
v -0.185990 -1.522554 0.449017
v -0.094817 -1.522554 0.476674
v -0.000001 -1.522554 0.486013
v 0.094818 -1.522554 0.476674
v 0.185993 -1.522554 0.449017
v 0.270016 -1.522554 0.404105
v 0.343665 -1.522554 0.343663
v 0.404107 -1.522554 0.270014
v 0.449023 -1.522554 0.185988
v 0.476675 -1.522554 0.094815
v 0.486013 -1.522554 -0.000000
v 0.518804 -1.489921 -0.000000
v 0.476675 -1.522554 -0.094815
v 0.449023 -1.522554 -0.185988
v 0.404107 -1.522554 -0.270014
v 0.343665 -1.522554 -0.343663
v 0.270016 -1.522554 -0.404105
v 0.185993 -1.522554 -0.449017
v 0.094818 -1.522554 -0.476674
v -0.000001 -1.522554 -0.486013
v -0.248877 -1.522554 -0.248882
v -0.325175 -1.522554 -0.134694
v -0.292652 -1.522554 0.195544
v -0.068667 -1.522554 0.345208
v 0.068670 -1.522554 0.345208
v 0.292654 -1.522554 0.195545
v 0.351971 -1.522554 -0.000000
v 0.292654 -1.522554 -0.195545
v 0.068670 -1.522554 -0.345208
v -0.000001 -1.196333 -0.483350
v -0.082678 -1.277687 -0.415640
v -0.094299 -1.196333 -0.474063
v -0.162173 -1.277687 -0.391524
v -0.235438 -1.277687 -0.352363
v -0.184971 -1.196332 -0.446558
v -0.299657 -1.277687 -0.299660
v -0.268535 -1.196332 -0.401892
v -0.341779 -1.196333 -0.341781
v -0.352362 -1.277687 -0.235442
v -0.401890 -1.196333 -0.268536
v -0.446557 -1.196333 -0.184971
v -0.391522 -1.277687 -0.162175
v -0.474061 -1.196333 -0.094298
v -0.415637 -1.277687 -0.082676
v -0.483347 -1.196333 -0.000000
v -0.483347 -1.196333 -0.000000
v -0.415637 -1.277687 0.082676
v -0.474061 -1.196333 0.094297
v -0.391524 -1.277687 0.162174
v -0.401890 -1.196333 0.268535
v -0.446558 -1.196333 0.184970
v -0.299659 -1.277687 0.299659
v -0.352362 -1.277687 0.235441
v -0.268535 -1.196332 0.401891
v -0.341780 -1.196333 0.341780
v -0.235438 -1.277687 0.352362
v -0.184971 -1.196332 0.446558
v -0.162173 -1.277687 0.391524
v -0.094299 -1.196333 0.474063
v -0.000001 -1.277687 0.423783
v -0.082678 -1.277687 0.415640
v 0.082679 -1.277687 0.415640
v -0.000001 -1.196333 0.483351
v 0.184971 -1.196333 0.446558
v 0.094300 -1.196333 0.474063
v 0.162175 -1.277687 0.391524
v 0.268536 -1.196333 0.401891
v 0.235444 -1.277687 0.352362
v 0.341782 -1.196333 0.341780
v 0.299664 -1.277687 0.299660
v 0.453875 0.457051 0.188000
v 0.481830 0.457051 0.095842
v 0.491268 0.457051 -0.000000
v 0.481830 0.457051 -0.095842
v 0.491268 0.457051 -0.000000
v 0.453875 0.457051 -0.188000
v 0.408476 0.457051 -0.272934
v 0.347381 0.457051 -0.347380
v 0.272935 0.457051 -0.408475
v 0.188001 0.457051 -0.453873
v 0.095845 0.457051 -0.481829
v -0.000001 0.457051 -0.491269
v -0.474731 0.457051 -0.000000
v -0.465614 0.457051 -0.092617
v -0.000001 0.457051 -0.474736
v 0.092620 0.457051 -0.465614
v -0.092619 0.457051 0.465614
v -0.181673 0.457051 0.438599
v -0.263747 0.457051 -0.394729
v -0.181673 0.457051 -0.438599
v -0.438599 0.457051 0.181673
v -0.465614 0.457051 0.092616
v 0.438603 0.457051 -0.181674
v 0.465614 0.457051 -0.092616
v 0.394731 0.457051 0.263749
v 0.335691 0.457051 0.335689
v 0.394731 0.457051 -0.263749
v -0.474731 0.457051 -0.000000
v 0.438603 0.457051 0.181674
v -0.263747 0.457051 0.394729
v -0.335690 0.457051 0.335689
v -0.394727 0.457051 -0.263750
v -0.335688 0.457051 -0.335690
v -0.092619 0.457051 -0.465614
v 0.335691 0.457051 -0.335689
v 0.181673 0.457051 -0.438599
v -0.438596 0.457051 -0.181674
v 0.263750 0.457051 -0.394729
v -0.394727 0.457051 0.263749
v 0.263750 0.457051 0.394729
v 0.474734 0.457051 -0.000000
v 0.465614 0.457051 0.092616
v 0.474734 0.457051 -0.000000
v 0.181673 0.457051 0.438599
v 0.092620 0.457051 0.465614
v -0.000001 0.457051 0.474736
v -0.000001 -1.172137 -0.491269
v 0.094300 -1.196333 -0.474063
v 0.188001 -1.172137 -0.453873
v 0.095845 -1.172137 -0.481829
v 0.272935 -1.172137 -0.408475
v 0.347381 -1.172137 -0.347380
v 0.408476 -1.172137 -0.272934
v 0.481830 -1.172137 -0.095842
v 0.453875 -1.172137 -0.188000
v 0.491268 -1.172137 -0.000000
v 0.491268 -1.172137 -0.000000
v 0.481830 -1.172137 0.095842
v 0.408476 -1.172137 0.272934
v 0.453875 -1.172137 0.188000
v 0.347381 -1.172137 0.347379
v 0.272935 -1.172137 0.408475
v 0.188001 -1.172137 0.453873
v -0.000001 -1.172137 0.491269
v 0.095845 -1.172137 0.481829
v -0.095844 -1.172137 0.481829
v -0.188001 -1.172137 0.453873
v -0.272935 -1.172137 0.408475
v -0.408474 -1.172137 0.272934
v -0.347380 -1.172137 0.347379
v -0.481827 -1.172137 0.095841
v -0.453874 -1.172137 0.188000
v -0.491265 -1.172137 -0.000000
v -0.491265 -1.172137 -0.000000
v -0.481827 -1.172137 -0.095842
v -0.408474 -1.172137 -0.272935
v -0.453872 -1.172137 -0.188001
v -0.347378 -1.172137 -0.347380
v -0.272935 -1.172137 -0.408475
v -0.188001 -1.172137 -0.453874
v -0.095844 -1.172137 -0.481829
v -0.000001 -1.277687 -0.423783
v 0.081135 -1.301883 -0.407874
v -0.000001 -1.301883 -0.415864
v 0.231045 -1.301883 -0.345779
v 0.159145 -1.301883 -0.384209
v 0.294065 -1.301883 -0.294061
v 0.345781 -1.301883 -0.231042
v 0.407875 -1.301883 -0.081131
v 0.384209 -1.301883 -0.159144
v 0.423782 -1.277687 -0.000000
v 0.407875 -1.301883 0.081131
v 0.415864 -1.301883 -0.000000
v 0.345781 -1.301883 0.231042
v 0.384209 -1.301883 0.159144
v 0.294065 -1.301883 0.294060
v 0.231045 -1.301883 0.345779
v 0.159145 -1.301883 0.384209
v 0.081135 -1.301883 0.407874
v -0.000001 -1.301883 0.415865
v -0.159142 -1.301883 0.384209
v -0.081133 -1.301883 0.407874
v -0.231039 -1.301883 0.345778
v -0.294060 -1.301883 0.294060
v -0.384208 -1.301883 0.159144
v -0.345778 -1.301883 0.231042
v -0.423779 -1.277687 -0.000000
v -0.407871 -1.301883 0.081131
v -0.423779 -1.277687 -0.000000
v -0.407871 -1.301883 -0.081132
v -0.415861 -1.301883 -0.000000
v -0.384206 -1.301883 -0.159145
v -0.345778 -1.301883 -0.231042
v -0.294057 -1.301883 -0.294061
v -0.231039 -1.301883 -0.345779
v -0.159142 -1.301883 -0.384209
v -0.081133 -1.301883 -0.407874
v -0.000001 -1.410209 -0.429310
v 0.164291 -1.410209 -0.396631
v 0.083758 -1.410209 -0.421061
v 0.303572 -1.410209 -0.303568
v 0.238515 -1.410209 -0.356959
v 0.356960 -1.410209 -0.238512
v 0.396632 -1.410209 -0.164290
v 0.429310 -1.410209 -0.000000
v 0.421063 -1.410209 -0.083754
v 0.429310 -1.410209 -0.000000
v 0.396632 -1.410209 0.164289
v 0.421063 -1.410209 0.083754
v 0.356960 -1.410209 0.238512
v 0.303572 -1.410209 0.303568
v 0.164291 -1.410209 0.396631
v 0.238515 -1.410209 0.356958
v 0.083758 -1.410209 0.421061
v -0.000001 -1.410209 0.429310
v -0.083756 -1.410209 0.421061
v -0.164288 -1.410209 0.396631
v -0.238509 -1.410209 0.356958
v -0.356957 -1.410209 0.238512
v -0.303568 -1.410209 0.303568
v -0.396630 -1.410209 0.164290
v -0.421058 -1.410209 0.083754
v -0.415861 -1.396828 -0.000000
v -0.429307 -1.410209 -0.000000
v -0.421058 -1.410209 -0.083755
v -0.396628 -1.410209 -0.164290
v -0.303565 -1.410209 -0.303569
v -0.356957 -1.410209 -0.238513
v -0.238509 -1.410209 -0.356959
v -0.164288 -1.410209 -0.396631
v -0.083756 -1.410209 -0.421061
v 0.098595 -1.410209 -0.495649
v -0.000001 -1.410209 -0.505359
v 0.193394 -1.410209 -0.466891
v 0.280765 -1.410209 -0.420191
v 0.420195 -1.410209 -0.280762
v 0.357344 -1.410209 -0.357342
v 0.466895 -1.410209 -0.193392
v 0.495649 -1.410209 -0.098589
v 0.495649 -1.410209 0.098589
v 0.505358 -1.410209 -0.000000
v 0.466895 -1.410209 0.193391
v 0.420195 -1.410209 0.280762
v 0.280765 -1.410209 0.420191
v 0.357344 -1.410209 0.357342
v 0.193394 -1.410209 0.466891
v 0.098595 -1.410209 0.495649
v -0.098594 -1.410209 0.495648
v -0.000001 -1.410209 0.505359
v -0.193392 -1.410209 0.466890
v -0.357342 -1.410209 0.357342
v -0.280759 -1.410209 0.420190
v -0.466889 -1.410209 0.193392
v -0.420187 -1.410209 0.280762
v -0.495648 -1.410209 0.098589
v -0.505358 -1.410209 -0.000000
v -0.505358 -1.410209 -0.000000
v -0.495648 -1.410209 -0.098591
v -0.420187 -1.410209 -0.280763
v -0.466888 -1.410209 -0.193393
v -0.357340 -1.410209 -0.357343
v -0.193392 -1.410209 -0.466891
v -0.280759 -1.410209 -0.420191
v -0.098594 -1.410209 -0.495649
v -0.491265 0.457051 -0.000000
v 0.098595 -1.410209 -0.495649
v 0.415864 -1.396828 -0.000000
v 0.280765 -1.410209 0.420191
v 0.495649 -1.410209 0.098589
v -0.518804 -1.489921 -0.000000
v 0.495649 -1.410209 -0.098589
v -0.357342 -1.410209 0.357342
v -0.505358 -1.410209 -0.000000
v -0.420187 -1.410209 -0.280763
v 0.280765 -1.410209 -0.420191
v -0.184993 1.475505 0.000027
v 0.465684 0.730199 -0.000000
v -0.465680 0.730199 -0.000000
v 0.491268 -1.172137 -0.000000
v 0.486013 -1.522554 -0.000000
v 0.415864 -1.301883 -0.000000
v -0.415861 -1.301883 -0.000000
v -0.429307 -1.410209 -0.000000
v 0.505358 -1.410209 -0.000000
vn -0.021874 -0.000000 0.999761
vn -0.193469 0.036442 0.980429
vn -0.216499 -0.000002 0.976283
vn 0.161119 -0.563908 -0.809968
vn 0.311210 -0.536590 -0.784359
vn 0.345319 -0.527847 -0.775972
vn 0.458233 -0.536584 -0.708591
vn 0.482675 -0.555137 -0.677383
vn 0.587672 -0.536581 -0.605576
vn 0.607021 -0.540762 -0.582325
vn 0.681401 -0.552348 -0.480214
vn 0.708954 -0.540768 -0.452719
vn 0.780598 -0.522591 -0.342878
vn 0.792868 -0.527853 -0.304520
vn 0.825070 -0.536586 -0.177017
vn 0.820285 -0.555140 -0.137663
vn 0.828170 -0.560477 -0.000000
vn 0.864266 -0.503036 -0.000004
vn 0.820288 -0.555139 0.137655
vn 0.828170 -0.560477 -0.000000
vn 0.825070 -0.536586 0.177017
vn 0.792868 -0.527853 0.304520
vn 0.780596 -0.522589 0.342885
vn 0.708960 -0.540766 0.452712
vn 0.681400 -0.552348 0.480214
vn 0.813474 0.000002 0.581601
vn 0.729249 -0.004857 0.684231
vn 0.848893 -0.006423 0.528525
vn 0.605211 0.685700 0.404394
vn 0.684380 -0.000003 0.729125
vn 0.514695 0.685695 0.514695
vn 0.528983 -0.000003 0.848632
vn 0.404391 0.685697 0.605216
vn 0.353265 -0.000003 0.935523
vn 0.278555 0.685697 0.672479
vn 0.163963 -0.000003 0.986466
vn 0.142004 0.685696 0.713902
vn -0.031642 -0.000003 0.999499
vn -0.000002 0.685696 0.727888
vn -0.226026 0.000009 0.974121
vn -0.142005 0.685697 0.713901
vn -0.411724 -0.000003 0.911309
vn -0.278551 0.685696 0.672480
vn -0.581602 -0.000003 0.813474
vn -0.404394 0.685697 0.605216
vn -0.729129 0.000009 0.684376
vn -0.514700 0.685695 0.514690
vn -0.848630 0.000015 0.528987
vn -0.605214 0.685698 0.404393
vn -0.935528 -0.000003 0.353253
vn -0.672489 0.685690 0.278546
vn -0.986470 -0.000003 0.163941
vn -0.713905 0.685696 0.141988
vn -0.999499 -0.000003 -0.031639
vn -0.727885 0.685699 -0.000000
vn -0.974125 -0.000003 -0.226011
vn -0.999499 -0.000003 -0.031639
vn -0.713901 0.685699 -0.141994
vn -0.911313 -0.000003 -0.411715
vn -0.672484 0.685695 -0.278545
vn -0.813475 -0.000003 -0.581600
vn -0.605218 0.685695 -0.404393
vn -0.684382 -0.000003 -0.729123
vn -0.514694 0.685698 -0.514692
vn -0.528990 -0.000003 -0.848628
vn 0.727884 0.685701 0.000000
vn 0.670481 0.729846 0.133344
vn 0.713904 0.685696 0.141994
vn -0.404396 0.685696 -0.605215
vn -0.353262 -0.000003 -0.935524
vn -0.278552 0.685696 -0.672480
vn -0.163960 -0.000003 -0.986467
vn 0.533220 -0.083270 -0.841868
vn 0.408722 0.085944 -0.908604
vn 0.356225 -0.047457 -0.933195
vn -0.399603 -0.066627 -0.914264
vn -0.523809 0.124252 -0.842725
vn -0.570280 -0.066629 -0.818744
vn -0.167310 -0.047461 0.984761
vn -0.029906 0.085945 0.995851
vn 0.019297 -0.066625 0.997591
vn 0.691760 -0.066622 -0.719048
vn 0.570896 0.158983 -0.805482
vn -0.213559 -0.066626 -0.974656
vn -0.349342 0.124253 -0.928720
vn -0.351301 -0.066599 0.933891
vn -0.217413 0.124286 0.968135
vn 0.818753 -0.066625 -0.570268
vn 0.724348 0.124253 -0.678145
vn 0.014532 0.997217 -0.073121
vn -0.000001 0.996253 -0.086481
vn -0.000000 0.932629 -0.360837
vn -0.526746 -0.066595 0.847410
vn -0.402110 0.124288 0.907116
vn 0.911758 -0.047459 -0.407977
vn 0.844643 0.085944 -0.528386
vn 0.219209 0.158982 -0.962638
vn 0.170461 -0.083278 -0.981839
vn -0.687207 -0.083278 0.721673
vn -0.571339 0.124288 0.811248
vn 0.972338 -0.083272 -0.218229
vn 0.925760 0.124286 -0.357100
vn -0.814647 -0.047458 0.578013
vn -0.717072 0.158983 0.678625
vn 0.998481 -0.047456 -0.028008
vn 0.973250 0.158985 -0.165857
vn -0.911082 -0.083275 0.403727
vn -0.842728 0.124253 0.523804
vn 0.981839 -0.083272 0.170463
vn 0.995851 0.085944 0.029903
vn 0.998481 -0.047456 -0.028008
vn -0.974661 -0.066626 0.213535
vn -0.928728 0.124253 0.349323
vn 0.933195 -0.047459 0.356224
vn 0.962640 0.158984 0.219200
vn -0.998481 -0.047457 0.028008
vn -0.982553 0.085943 0.164936
vn 0.847424 -0.066596 0.526723
vn 0.903724 0.124251 0.409688
vn -0.984484 -0.066598 -0.162342
vn -0.991947 0.124288 -0.024354
vn -0.998481 -0.047457 0.028008
vn 0.728375 -0.066594 0.681934
vn 0.811417 0.085945 0.578115
vn -0.933897 -0.066599 -0.351284
vn -0.968138 0.124287 -0.217398
vn 0.581328 -0.066595 0.810940
vn 0.684195 0.124288 0.718630
vn -0.841861 -0.083274 -0.533231
vn -0.907125 0.124287 -0.402091
vn 0.411958 -0.066596 0.908766
vn 0.525676 0.158983 0.835697
vn -0.719044 -0.066628 -0.691763
vn -0.805472 0.158984 -0.570910
vn 0.218241 -0.083273 0.972336
vn 0.349335 0.124252 0.928723
vn -0.028009 -0.047457 -0.998481
vn -0.161442 0.124251 -0.979029
vn -0.678141 0.124253 -0.724352
vn 0.159210 -0.909342 -0.384382
vn 0.089801 -0.887767 -0.451449
vn 0.081165 -0.909346 -0.408048
vn 0.161439 0.124251 0.979030
vn 0.807809 0.165122 -0.565844
vn 0.671801 -0.363572 -0.645367
vn 0.673737 0.206198 -0.709620
vn -0.031646 0.990180 0.136171
vn -0.000001 0.996254 0.086481
vn -0.000000 0.932629 0.360836
vn -0.223974 0.165083 -0.960512
vn -0.349171 -0.240821 -0.905586
vn -0.406364 0.118255 -0.906027
vn 0.537523 -0.310485 -0.784007
vn 0.527542 0.118258 -0.841258
vn 0.031656 0.990180 0.136170
vn -0.501909 -0.363575 -0.784793
vn -0.564544 0.206197 -0.799233
vn 0.393453 -0.240819 -0.887244
vn 0.357314 0.165126 -0.919271
vn 0.025250 0.987832 0.153464
vn 0.057612 0.990179 0.127382
vn -0.664075 -0.310494 -0.680145
vn -0.722143 0.118254 -0.681561
vn 0.215535 -0.310333 -0.925871
vn 0.171113 0.165123 -0.971316
vn 0.054666 0.987832 0.145601
vn 0.041415 0.997217 0.061990
vn -0.793437 -0.240811 -0.558988
vn -0.831899 0.165124 -0.529790
vn 0.061191 0.996249 0.061184
vn 0.255147 0.932631 0.255146
vn -0.853330 -0.363560 -0.373700
vn -0.913426 0.206197 -0.350906
vn 0.146384 0.984380 0.097810
vn -0.930031 -0.310478 -0.196584
vn -0.973107 0.165083 -0.160659
vn 0.126367 0.987832 0.090665
vn 0.130772 0.990185 0.049319
vn -0.970274 -0.240820 -0.023972
vn -0.992569 0.118254 0.028698
vn 0.181175 0.980584 0.075039
vn 0.073114 0.997218 0.014541
vn -0.992569 0.118254 0.028698
vn -0.917131 -0.363566 0.163370
vn -0.962861 0.165122 0.213622
vn 0.086535 0.996249 0.000000
vn 0.360842 0.932627 -0.000000
vn -0.882505 -0.310471 0.353260
vn -0.902682 0.165122 0.397367
vn 0.073112 0.997218 -0.014545
vn 0.181174 0.980584 -0.075042
vn 0.130776 0.990185 -0.049309
vn -0.796631 -0.310475 0.518637
vn -0.799234 0.206198 0.564542
vn 0.043923 0.992176 -0.116863
vn 0.138087 0.932628 -0.333372
vn 0.126366 0.987832 -0.090666
vn 0.146388 0.984380 -0.097806
vn -0.703038 -0.240831 0.669132
vn -0.681525 0.118258 0.722176
vn 0.018692 -0.363573 -0.931378
vn -0.025370 0.206196 -0.978182
vn 0.061193 0.996249 -0.061184
vn 0.255148 0.932631 -0.255146
vn -0.522356 0.206197 0.827422
vn -0.393465 -0.240821 0.887238
vn -0.353337 0.118255 0.927992
vn -0.532989 -0.363574 0.764026
vn 0.000001 -1.000000 0.000000
vn 0.142252 -0.984532 -0.102284
vn 0.292914 -0.948410 -0.121323
vn -0.184005 -0.965551 0.183994
vn -0.000000 -1.000000 0.000000
vn -0.083221 -0.988714 0.124578
vn 0.207479 -0.977651 -0.033928
vn -0.148949 -0.984527 0.092307
vn -0.000000 -1.000000 0.000000
vn 0.122716 -0.992442 0.000012
vn -0.000000 -1.000000 0.000000
vn -0.000000 -1.000000 0.000000
vn -0.196888 -0.977649 0.073743
vn 0.000000 -1.000000 0.000000
vn 0.207475 -0.977652 0.033938
vn 0.000000 -1.000000 0.000000
vn -0.146945 -0.988713 0.029235
vn 0.000000 -1.000000 0.000000
vn 0.292914 -0.948410 0.121323
vn -0.000000 -1.000000 0.000000
vn -0.317033 -0.948415 0.000000
vn 0.142251 -0.984531 0.102287
vn -0.204674 -0.977650 -0.048051
vn -0.000000 -1.000000 0.000000
vn 0.105944 -0.988713 0.105941
vn -0.113374 -0.992441 -0.046984
vn -0.000000 -1.000000 0.000000
vn -0.000001 -1.000000 0.000000
vn 0.122704 -0.977653 0.170701
vn -0.000000 -1.000000 0.000000
vn -0.263610 -0.948412 -0.176140
vn -0.000000 -1.000000 0.000000
vn 0.121323 -0.948414 0.292901
vn -0.119561 -0.984533 -0.128063
vn 0.028268 -0.984530 0.172922
vn -0.000001 -1.000000 0.000000
vn 0.028265 -0.984530 -0.172922
vn 0.121323 -0.948414 -0.292901
vn -0.000001 -1.000000 0.000000
vn -0.106653 -0.981403 -0.159606
vn 0.000000 -1.000000 0.000000
vn -0.000001 -0.981402 0.191962
vn 0.122711 -0.977653 -0.170696
vn -0.099557 -0.965562 -0.240370
vn -0.028295 -0.984530 0.172916
vn 0.105954 -0.988712 -0.105932
vn -0.000001 -1.000000 0.000000
vn -0.033930 -0.977652 -0.207474
vn -0.000000 -1.000000 0.000000
vn 0.000000 -1.000000 0.000000
vn -0.121325 -0.948415 0.292899
vn -0.219066 0.231344 0.947887
vn -0.358024 0.310755 0.880483
vn -0.372202 0.232519 0.898555
vn -0.000001 -1.000000 0.000000
vn -0.174300 -0.310484 -0.934462
vn -0.025248 0.987832 -0.153463
vn -0.057613 0.990179 -0.127379
vn -0.031678 0.990180 -0.136165
vn 0.906017 0.118257 -0.406384
vn 0.807087 -0.310338 -0.502296
vn -0.057636 0.990179 0.127369
vn -0.025253 0.987832 0.153461
vn 0.960517 0.165088 -0.223950
vn 0.905608 -0.240813 -0.349119
vn -0.081376 0.990179 0.113682
vn -0.075043 0.980585 0.181170
vn 0.978182 0.206197 -0.025368
vn 0.934469 -0.310477 -0.174274
vn -0.052701 0.997217 0.052726
vn -0.060660 0.994021 0.090786
vn 0.971320 0.165126 0.171089
vn 0.931379 -0.363570 0.018692
vn 0.978182 0.206197 -0.025368
vn -0.090782 0.994021 0.060663
vn -0.113681 0.990179 0.081372
vn 0.928021 0.118258 0.353258
vn 0.925879 -0.310328 0.215510
vn -0.113694 0.992176 0.051584
vn -0.333367 0.932631 0.138081
vn 0.837553 0.165082 0.520819
vn 0.887240 -0.240813 0.393464
vn -0.172672 0.984380 0.034356
vn 0.709615 0.206199 0.673742
vn 0.784002 -0.310488 0.537529
vn -0.106448 0.994312 -0.003409
vn -0.151443 0.987832 0.035402
vn 0.575308 0.118253 0.809344
vn 0.645365 -0.363573 0.671803
vn -0.151443 0.987832 -0.035403
vn -0.136166 0.990179 -0.031678
vn 0.407057 0.165087 0.898360
vn 0.502290 -0.310335 0.807092
vn -0.079946 0.996249 -0.033118
vn -0.333371 0.932629 -0.138083
vn 0.223973 0.165082 0.960513
vn 0.349158 -0.240819 0.905591
vn -0.061992 0.997218 -0.041402
vn -0.138666 0.980584 -0.138659
vn -0.101987 0.990179 -0.095624
vn 0.025371 0.206197 0.978182
vn 0.174299 -0.310484 0.934462
vn -0.060662 0.994021 -0.090785
vn -0.081376 0.990179 -0.113679
vn -0.171112 0.165124 0.971316
vn -0.018695 -0.363573 0.931378
vn 0.041400 0.997217 -0.061999
vn -0.075045 0.980585 -0.181169
vn -0.215538 -0.310333 0.925871
vn 0.000013 -0.988713 -0.149820
vn 0.000000 -1.000000 0.000000
vn -0.033930 -0.977652 -0.207474
vn 0.000001 -1.000000 0.000000
vn -0.142005 0.685697 0.713901
vn -0.261611 0.729849 0.631570
vn -0.278551 0.685696 0.672480
vn -0.605218 0.685695 -0.404393
vn -0.631575 0.729843 -0.261616
vn -0.568405 0.729849 -0.379786
vn 0.605215 0.685699 -0.404392
vn 0.483380 0.729850 -0.483386
vn 0.568398 0.729847 -0.379799
vn 0.278555 0.685697 0.672479
vn 0.379789 0.729848 0.568403
vn 0.261609 0.729846 0.631574
vn -0.713905 0.685696 0.141988
vn -0.631570 0.729848 0.261612
vn -0.670471 0.729855 0.133346
vn 0.142005 0.685695 -0.713902
vn -0.000000 0.729848 -0.683610
vn 0.133368 0.729851 -0.670470
vn -0.142003 0.685696 -0.713902
vn -0.000001 0.685697 -0.727887
vn 0.631568 0.729856 0.261596
vn 0.672482 0.685695 0.278551
vn -0.379789 0.729846 0.568406
vn -0.404394 0.685697 0.605216
vn -0.514694 0.685698 -0.514692
vn -0.483382 0.729851 -0.483383
vn 0.672486 0.685692 -0.278550
vn 0.631572 0.729853 -0.261595
vn 0.142004 0.685696 0.713902
vn 0.133367 0.729851 0.670471
vn -0.727885 0.685699 -0.000000
vn -0.683623 0.729835 0.000000
vn 0.261610 0.729846 -0.631574
vn 0.278553 0.685697 -0.672479
vn 0.568394 0.729849 0.379800
vn 0.605211 0.685700 0.404394
vn -0.483384 0.729853 0.483379
vn -0.514700 0.685695 0.514690
vn -0.404396 0.685696 -0.605215
vn -0.379791 0.729847 -0.568403
vn 0.713904 0.685696 -0.141994
vn 0.670480 0.729847 -0.133344
vn -0.000002 0.729848 0.683609
vn -0.000002 0.685696 0.727888
vn -0.670461 0.729862 -0.133357
vn -0.713901 0.685699 -0.141994
vn 0.379786 0.729849 -0.568403
vn 0.404389 0.685698 -0.605217
vn 0.483381 0.729850 0.483387
vn 0.514695 0.685695 0.514695
vn -0.568405 0.729844 0.379794
vn -0.605214 0.685698 0.404393
vn -0.278552 0.685696 -0.672480
vn -0.261612 0.729849 -0.631570
vn 0.683613 0.729845 0.000000
vn -0.133369 0.729850 0.670472
vn -0.672484 0.685695 -0.278545
vn 0.514694 0.685696 -0.514695
vn 0.404391 0.685697 0.605216
vn -0.672489 0.685690 0.278546
vn -0.133367 0.729850 -0.670472
vn -0.691472 -0.000000 -0.722404
vn -0.556467 0.036442 -0.830070
vn -0.537251 -0.000002 -0.843423
vn -0.532504 0.235405 -0.813034
vn -0.657803 0.320068 -0.681801
vn -0.517185 0.331918 -0.788891
vn -0.008942 0.235405 -0.971856
vn -0.156364 0.323630 -0.933174
vn 0.000003 0.327836 -0.944735
vn 0.380178 0.235404 0.894455
vn 0.506021 0.317339 0.802022
vn 0.352152 0.335733 0.873655
vn -0.976286 -0.000000 -0.216485
vn -0.928598 0.041791 -0.368726
vn -0.915284 -0.000002 -0.402810
vn 0.813037 0.235399 0.532502
vn 0.672191 0.310347 0.672193
vn 0.689763 0.220114 0.689766
vn 0.972991 0.230845 0.000000
vn 0.933185 0.323608 -0.156346
vn 0.944747 0.327802 -0.000000
vn -0.948260 0.237602 -0.210590
vn -0.884280 0.320897 -0.339225
vn -0.893145 0.226421 -0.388621
vn 0.557443 0.237601 -0.795489
vn 0.672177 0.310400 -0.672183
vn 0.689771 0.220065 -0.689774
vn -0.825158 0.231343 0.515359
vn -0.880482 0.310769 0.358014
vn -0.905177 0.225423 0.360331
vn 0.948265 0.237594 -0.210579
vn 0.880463 0.310815 -0.358022
vn -0.972989 0.230853 -0.000000
vn -0.933200 0.323572 0.156332
vn -0.944750 0.327791 -0.000003
vn 0.813037 0.235399 -0.532502
vn 0.788899 0.331954 -0.517150
vn -0.972989 0.230853 -0.000000
vn -0.933198 0.323590 -0.156303
vn -0.532496 0.235405 0.813039
vn -0.657821 0.320010 0.681810
vn -0.700840 0.226416 0.676431
vn 0.173598 -0.000001 0.984817
vn 0.001520 0.036439 0.999335
vn 0.905170 0.225420 -0.360352
vn -0.700836 0.226417 -0.676435
vn -0.794268 0.307606 -0.523943
vn 0.537246 -0.000000 0.843426
vn 0.383805 0.036470 0.922694
vn 0.362389 -0.000002 0.932027
vn 0.175845 0.313246 -0.933250
vn 0.190304 0.220066 -0.956742
vn -0.008944 0.235405 0.971856
vn -0.156324 0.323558 0.933206
vn -0.358017 0.310820 -0.880463
vn -0.372202 0.232519 -0.898555
vn -0.219064 0.231345 -0.947888
vn -0.808674 0.232564 -0.540334
vn 0.196421 0.036471 0.979841
vn 0.175847 0.313178 0.933272
vn 0.190304 0.220066 0.956742
vn 0.380178 0.235403 -0.894455
vn 0.352147 0.335805 -0.873629
vn -0.948265 0.237606 0.210563
vn -0.782070 0.317421 0.536294
vn 0.880472 0.310786 0.358023
vn 0.788915 0.331869 0.517181
vn -0.000002 0.327764 0.944760
vn -0.828140 0.391591 -0.401048
vn -0.722405 -0.000000 0.691471
vn -0.812389 0.036417 0.581977
vn -0.843423 0.000010 0.537250
vn 0.557444 0.237601 0.795489
vn 0.984823 -0.000000 -0.173561
vn 0.999018 0.041796 -0.014707
vn 0.999761 -0.000002 0.021871
vn 0.402801 -0.000000 -0.915288
vn 0.527829 0.036416 -0.848570
vn 0.573615 0.000010 -0.819125
vn 0.976291 -0.000000 0.216463
vn 0.931066 0.029041 0.363694
vn 0.915293 -0.000002 0.402788
vn 0.999761 -0.000002 0.021871
vn 0.980435 0.036447 0.193439
vn 0.691468 -0.000000 0.722407
vn 0.556432 0.036476 0.830092
vn -0.917341 0.041810 0.395900
vn -0.932024 -0.000002 0.362396
vn 0.683193 0.036409 -0.729329
vn 0.722400 0.000006 -0.691476
vn -0.831725 0.036506 -0.553986
vn -0.819126 0.000010 -0.573614
vn 0.216499 0.000000 -0.976283
vn 0.352145 0.036416 -0.935237
vn 0.822454 0.041821 -0.567292
vn 0.843417 0.000006 -0.537260
vn -0.402806 -0.000000 0.915285
vn -0.527829 0.036422 0.848569
vn -0.573618 -0.000002 0.819123
vn -0.362394 0.000000 -0.932025
vn -0.226844 0.036419 -0.973250
vn -0.173595 -0.000002 -0.984817
vn -0.032613 0.036417 -0.998804
vn 0.021871 -0.000002 -0.999761
vn -0.707658 0.036507 -0.705612
vn -0.683201 0.036415 0.729322
vn 0.838849 0.041818 0.542755
vn 0.819114 -0.000002 0.573630
vn -0.984822 -0.000000 0.173567
vn -0.999018 0.041808 0.014706
vn -0.999761 0.000006 -0.021871
vn 0.506005 0.317402 -0.802006
vn -0.517184 0.331853 0.788920
vn 0.915543 0.029041 -0.401171
vn 0.932033 -0.000002 -0.362374
vn 0.707705 0.036431 0.705568
vn 0.973268 0.036428 -0.226766
vn 0.948265 0.237594 0.210579
vn 0.905171 0.225418 0.360351
vn -0.976219 0.029036 0.214835
vn -0.401191 0.029025 -0.915534
vn -0.363713 0.029021 0.931059
vn 0.162877 0.036417 -0.985974
vn -0.999761 0.000006 -0.021871
vn -0.984129 0.029040 -0.175063
vn -0.584644 0.690028 -0.426676
vn -0.464811 0.753604 -0.464792
vn -0.540302 0.645121 -0.540271
vn 0.426658 0.690036 -0.584648
vn 0.464809 0.753612 -0.464782
vn 0.540277 0.645162 -0.540247
vn 0.584634 0.690042 0.426667
vn 0.464809 0.753612 0.464781
vn 0.540278 0.645160 0.540248
vn -0.426680 0.690040 0.584627
vn -0.464811 0.753604 0.464792
vn -0.540302 0.645121 0.540272
vn -0.380524 0.842856 0.380520
vn -0.360679 0.793626 0.489969
vn 0.000003 0.910992 0.412424
vn 0.123638 0.844051 0.521816
vn 0.133989 0.903039 0.408128
vn 0.146176 0.978401 -0.146167
vn 0.000002 1.000000 0.000000
vn 0.164673 0.986348 -0.000000
vn -0.521789 0.844062 -0.123674
vn -0.412423 0.910993 0.000000
vn -0.408131 0.903037 -0.133987
vn 0.000003 0.762606 0.646863
vn 0.152624 0.753340 0.639676
vn 0.521808 0.844056 -0.123642
vn 0.646830 0.762635 -0.000000
vn 0.639644 0.753370 -0.152610
vn -0.123646 0.844050 -0.521815
vn 0.000004 0.762607 -0.646862
vn -0.152612 0.753336 -0.639683
vn -0.521786 0.844064 0.123674
vn -0.646882 0.762590 -0.000000
vn -0.639648 0.753360 0.152639
vn -0.791169 0.582771 0.185550
vn -0.917317 0.398159 0.000003
vn -0.889973 0.396131 0.225896
vn -0.679973 0.545162 0.490342
vn -0.828162 0.391516 0.401078
vn -0.740797 0.385806 0.549885
vn -0.489987 0.793619 0.360669
vn -0.617595 0.727647 0.298506
vn -0.584641 0.690031 0.426676
vn -0.185550 0.582766 -0.791174
vn -0.000002 0.398268 -0.917269
vn -0.225923 0.396206 -0.889932
vn -0.490355 0.545147 -0.679975
vn -0.401026 0.391615 -0.828140
vn -0.549891 0.385878 -0.740755
vn -0.360683 0.793624 -0.489967
vn -0.298495 0.727614 -0.617640
vn -0.426681 0.690041 -0.584626
vn 0.791200 0.582722 -0.185576
vn 0.917299 0.398199 0.000001
vn 0.889946 0.396176 -0.225922
vn 0.679963 0.545222 -0.490290
vn 0.828153 0.391605 -0.401010
vn 0.740750 0.385897 -0.549884
vn 0.489995 0.793591 -0.360718
vn 0.617612 0.727621 -0.298535
vn 0.584635 0.690041 -0.426667
vn 0.185549 0.582776 0.791166
vn -0.000000 0.398148 0.917321
vn 0.225939 0.396081 0.889984
vn 0.490319 0.545165 0.679987
vn 0.401066 0.391499 0.828175
vn 0.549893 0.385818 0.740785
vn 0.360690 0.793618 0.489972
vn 0.298493 0.727617 0.617637
vn 0.426657 0.690036 0.584649
vn -0.284746 0.948176 -0.141007
vn -0.164673 0.986348 -0.000000
vn -0.146175 0.978401 -0.146167
vn -0.263434 0.879224 -0.396948
vn -0.141005 0.948172 -0.284758
vn -0.133977 0.903043 -0.408121
vn -0.489991 0.793617 -0.360667
vn -0.396984 0.879207 -0.263435
vn -0.380526 0.842855 -0.380520
vn 0.408142 0.903033 -0.133984
vn 0.288156 0.957583 0.000000
vn 0.412443 0.910983 0.000000
vn 0.380499 0.842871 -0.380512
vn 0.275999 0.920676 -0.276008
vn 0.396954 0.879218 -0.263444
vn 0.133988 0.903039 -0.408127
vn 0.000002 0.957583 -0.288157
vn 0.141011 0.948170 -0.284761
vn 0.263429 0.879227 0.396944
vn 0.380496 0.842872 0.380512
vn 0.284743 0.948175 0.141015
vn 0.396955 0.879218 0.263444
vn 0.408143 0.903032 0.133984
vn 0.000001 0.986348 0.164675
vn 0.141013 0.948170 0.284760
vn 0.146176 0.978401 0.146167
vn -0.133979 0.903043 0.408122
vn -0.246835 0.824487 0.509208
vn -0.123643 0.844049 0.521817
vn -0.146175 0.978401 0.146167
vn -0.275986 0.920684 0.275995
vn -0.141008 0.948172 0.284757
vn -0.408132 0.903037 0.133987
vn -0.509217 0.824482 0.246835
vn -0.396984 0.879207 0.263435
vn -0.549915 0.385762 0.740798
vn -0.601062 0.526762 0.601038
vn -0.652286 0.386044 0.652298
vn -0.225937 0.396080 0.889985
vn -0.353560 0.565539 0.745091
vn -0.401051 0.391500 0.828182
vn -0.152612 0.753336 0.639683
vn -0.298496 0.727614 0.617639
vn 0.740780 0.385801 0.549911
vn 0.601066 0.526695 0.601092
vn 0.652261 0.386062 0.652313
vn 0.889958 0.396152 0.225918
vn 0.745090 0.565520 0.353592
vn 0.828179 0.391525 0.401034
vn 0.639642 0.753372 0.152610
vn 0.509198 0.824500 0.246816
vn 0.617613 0.727620 0.298535
vn 0.549862 0.385930 -0.740750
vn 0.601066 0.526697 -0.601090
vn 0.652234 0.386163 -0.652279
vn 0.225929 0.396208 -0.889930
vn 0.353579 0.565546 -0.745077
vn 0.401043 0.391616 -0.828131
vn 0.152624 0.753340 -0.639675
vn 0.246829 0.824489 -0.509209
vn 0.298491 0.727618 -0.617637
vn -0.740758 0.385865 -0.549896
vn -0.601063 0.526763 -0.601036
vn -0.652262 0.386143 -0.652264
vn -0.889957 0.396158 -0.225911
vn -0.745068 0.565544 -0.353602
vn -0.828140 0.391591 -0.401048
vn -0.639650 0.753359 -0.152639
vn -0.509217 0.824482 -0.246835
vn -0.617595 0.727648 -0.298506
vn -0.791170 0.582770 -0.185550
vn -0.807650 0.589662 0.000000
vn -0.679974 0.545159 -0.490343
vn 0.185550 0.582776 -0.791166
vn 0.000003 0.589694 -0.807627
vn 0.123641 0.844051 -0.521814
vn 0.490317 0.545166 -0.679987
vn 0.791200 0.582722 0.185576
vn 0.807634 0.589684 -0.000000
vn 0.521805 0.844057 0.123642
vn 0.679961 0.545224 0.490289
vn -0.185548 0.582766 0.791174
vn 0.000002 0.589696 0.807626
vn -0.490355 0.545147 0.679976
vn -0.284745 0.948176 0.141007
vn -0.288150 0.957585 0.000000
vn 0.000002 0.957583 0.288156
vn 0.000005 0.850422 0.526101
vn -0.263434 0.879224 0.396948
vn 0.275999 0.920676 0.276008
vn 0.526092 0.850428 -0.000000
vn 0.489992 0.793593 0.360719
vn 0.263429 0.879227 -0.396944
vn 0.000003 0.910992 -0.412424
vn 0.509199 0.824499 -0.246816
vn 0.360694 0.793617 -0.489971
vn 0.284744 0.948175 -0.141015
vn -0.275986 0.920684 -0.275995
vn -0.246836 0.824488 -0.509207
vn 0.000006 0.850423 -0.526099
vn 0.000001 0.986348 -0.164675
vn 0.353579 0.565547 0.745076
vn 0.745088 0.565522 -0.353593
vn -0.353560 0.565538 -0.745092
vn -0.745069 0.565543 0.353601
vn 0.246830 0.824488 0.509210
vn -0.889957 0.396158 -0.225911
vn -0.917317 0.398159 0.000003
vn -0.944750 0.327791 -0.000003
vn -0.917317 0.398159 0.000003
vn -0.889973 0.396131 0.225896
vn -0.828162 0.391516 0.401078
vn -0.740797 0.385806 0.549885
vn -0.652286 0.386044 0.652298
vn -0.549915 0.385762 0.740798
vn -0.401051 0.391500 0.828182
vn -0.225937 0.396080 0.889985
vn -0.000000 0.398148 0.917321
vn 0.225939 0.396081 0.889984
vn 0.401066 0.391499 0.828175
vn 0.549893 0.385818 0.740785
vn 0.652261 0.386062 0.652313
vn 0.740780 0.385801 0.549911
vn 0.828179 0.391525 0.401034
vn 0.889958 0.396152 0.225918
vn 0.933189 0.323597 0.156343
vn 0.917299 0.398199 0.000001
vn 0.944747 0.327802 -0.000000
vn 0.917299 0.398199 0.000001
vn 0.889946 0.396176 -0.225922
vn 0.828153 0.391605 -0.401010
vn 0.740750 0.385897 -0.549884
vn 0.652234 0.386163 -0.652279
vn 0.549862 0.385930 -0.740750
vn 0.401043 0.391616 -0.828131
vn 0.225929 0.396208 -0.889930
vn -0.000002 0.398268 -0.917269
vn -0.225923 0.396206 -0.889932
vn -0.401026 0.391615 -0.828140
vn -0.549891 0.385878 -0.740755
vn -0.652262 0.386143 -0.652264
vn -0.740758 0.385865 -0.549896
vn -0.294167 -0.909358 0.294166
vn -0.382722 -0.887768 0.255718
vn -0.325455 -0.887779 0.325463
vn -0.000000 -0.909348 0.416037
vn 0.089802 -0.887762 0.451459
vn 0.081167 -0.909349 0.408040
vn 0.000001 -0.887769 -0.460289
vn 0.000002 -0.909348 -0.416036
vn -0.231140 -0.909347 0.345924
vn -0.255730 -0.887767 0.382717
vn 0.159217 -0.909344 0.384374
vn 0.176157 -0.887762 0.425261
vn 0.231134 -0.909352 -0.345914
vn 0.176150 -0.887764 -0.425260
vn -0.384378 -0.909342 0.159218
vn -0.345938 -0.909342 0.231136
vn 0.325480 -0.887769 -0.325468
vn 0.255715 -0.887778 -0.382702
vn -0.408023 -0.909357 0.081160
vn -0.425274 -0.887757 0.176154
vn 0.345920 -0.909347 -0.231143
vn 0.294185 -0.909349 -0.294177
vn -0.460309 -0.887759 0.000000
vn -0.451419 -0.887783 0.089789
vn 0.425308 -0.887737 -0.176171
vn 0.382682 -0.887785 -0.255720
vn -0.408024 -0.909357 -0.081160
vn -0.416043 -0.909345 0.000000
vn 0.408040 -0.909350 -0.081155
vn 0.384377 -0.909343 -0.159218
vn -0.425272 -0.887757 -0.176154
vn -0.451420 -0.887783 -0.089789
vn 0.460295 -0.887766 0.000001
vn 0.451418 -0.887785 -0.089778
vn -0.384378 -0.909342 -0.159218
vn -0.382725 -0.887767 -0.255718
vn 0.408026 -0.909355 0.081169
vn 0.416048 -0.909343 0.000000
vn -0.294166 -0.909358 -0.294167
vn -0.345937 -0.909342 -0.231136
vn 0.384367 -0.909348 0.159209
vn 0.451423 -0.887779 0.089805
vn -0.231140 -0.909347 -0.345924
vn -0.325456 -0.887779 -0.325463
vn 0.345907 -0.909355 0.231133
vn 0.425251 -0.887770 0.176143
vn -0.176154 -0.887757 -0.425273
vn -0.255728 -0.887768 -0.382716
vn -0.089792 -0.887769 0.451446
vn -0.000001 -0.887769 0.460288
vn 0.294180 -0.909348 0.294183
vn 0.382699 -0.887777 0.255720
vn -0.159207 -0.909346 -0.384373
vn -0.089791 -0.887769 -0.451446
vn -0.159209 -0.909346 0.384374
vn -0.081164 -0.909348 0.408043
vn 0.255731 -0.887766 0.382718
vn 0.325473 -0.887770 0.325471
vn 0.294180 -0.909347 -0.294189
vn 0.125579 -0.987961 -0.090351
vn 0.105514 -0.987959 -0.113156
vn -0.000001 -0.909339 -0.416056
vn -0.024927 -0.987958 -0.152700
vn -0.081167 -0.909349 -0.408039
vn -0.159220 -0.909338 0.384387
vn -0.110533 -0.980009 0.165420
vn -0.040270 -0.994440 0.097300
vn -0.231153 -0.909334 -0.345948
vn -0.076136 -0.980009 -0.183811
vn -0.058537 -0.994440 -0.087534
vn 0.231151 -0.909333 -0.345951
vn 0.076106 -0.980009 -0.183824
vn 0.159210 -0.909350 -0.384363
vn -0.000001 -0.909339 0.416056
vn 0.024877 -0.987958 0.152708
vn 0.081173 -0.909338 0.408062
vn 0.198916 -0.980017 -0.000018
vn 0.103274 -0.994441 0.020548
vn -0.000000 -1.000000 -0.000000
vn -0.140703 -0.980008 -0.140669
vn -0.294189 -0.909343 -0.294190
vn 0.081173 -0.909338 -0.408063
vn 0.024876 -0.987958 -0.152709
vn 0.076204 -0.980008 0.183784
vn 0.159208 -0.909351 0.384362
vn -0.294200 -0.909338 0.294195
vn -0.231146 -0.909342 0.345932
vn -0.345949 -0.909335 -0.231145
vn -0.131576 -0.987957 -0.081422
vn 0.231155 -0.909333 0.345951
vn 0.058526 -0.994445 0.087490
vn -0.384407 -0.909328 -0.159230
vn -0.144942 -0.987955 -0.054201
vn 0.105514 -0.987959 0.113156
vn 0.294179 -0.909347 0.294189
vn -0.408089 -0.909325 -0.081183
vn -0.103280 -0.994441 -0.020502
vn 0.125557 -0.987961 0.090386
vn 0.345927 -0.909346 0.231137
vn -0.198960 -0.980008 0.000026
vn -0.416039 -0.909347 -0.000000
vn 0.183765 -0.980008 0.076249
vn 0.384376 -0.909347 0.159196
vn -0.408103 -0.909320 0.081171
vn -0.103262 -0.994442 0.020555
vn 0.408050 -0.909344 0.081174
vn -0.183765 -0.980016 0.076150
vn -0.384337 -0.909363 0.159196
vn 0.416042 -0.909346 -0.000000
vn -0.345956 -0.909328 0.231166
vn -0.087535 -0.994440 0.058533
vn 0.408052 -0.909343 -0.081174
vn 0.103268 -0.994441 -0.020580
vn -0.113168 -0.987956 0.105529
vn 0.183765 -0.980008 -0.076250
vn 0.384374 -0.909348 -0.159196
vn -0.000035 -0.994440 -0.105304
vn 0.345931 -0.909345 -0.231137
vn 0.231146 -0.909341 0.345935
vn -0.176153 -0.887757 0.425273
vn -0.081163 -0.909348 -0.408043
vn -0.159222 -0.909340 -0.384383
vn 0.058468 -0.994445 -0.087530
vn -0.038819 -0.980009 0.195129
vn 0.000103 -0.994440 0.105305
vn -0.081171 -0.909339 0.408060
vn -0.831761 0.135395 -0.538370
vn -0.379549 0.127885 0.916290
vn 0.999018 0.041796 -0.014707
vn 0.974474 0.135392 0.179080
vn 0.972991 0.230845 0.000000
vn 0.032258 0.128009 -0.991248
vn 0.213294 0.117896 -0.969849
vn 0.380650 0.128086 -0.915805
vn 0.562418 0.135398 -0.815692
vn 0.716161 0.117895 0.687906
vn 0.812914 0.138796 0.565602
vn -0.716163 0.117897 0.687903
vn -0.825325 0.128077 0.549940
vn -0.379556 0.127735 -0.916309
vn 0.716161 0.117898 -0.687905
vn 0.812915 0.138796 -0.565602
vn 0.562419 0.135398 0.815691
vn -0.907631 0.138782 0.396164
vn -0.161740 0.128005 -0.978496
vn -0.972755 0.127741 -0.193470
vn -0.916184 0.128830 -0.379486
vn -0.161743 0.128005 0.978496
vn 0.974474 0.135391 -0.179079
vn 0.991699 0.128580 -0.000000
vn 0.032256 0.128005 0.991249
vn 0.912010 0.120452 -0.392083
vn -0.999018 0.041808 0.014706
vn -0.972754 0.127740 0.193476
vn 0.380744 0.128073 0.915768
vn 0.213293 0.117896 0.969849
vn -0.991679 0.128736 -0.000000
vn 0.912010 0.120451 0.392083
vn -0.577527 0.128005 0.806274
vn -0.716161 0.117902 -0.687904
vn -0.577533 0.128006 -0.806269
vn 0.352163 -0.004855 -0.935926
vn 0.226025 0.000000 -0.974122
vn 0.411726 0.000002 -0.911308
vn 0.911310 0.000000 0.411722
vn -0.813151 -0.006424 0.582017
vn -0.683774 -0.003287 0.729686
vn -0.412779 -0.004854 -0.910818
vn -0.582548 -0.004856 -0.812782
vn 0.973847 -0.004854 -0.227152
vn 0.935525 0.000000 -0.353260
vn 0.986469 0.000002 -0.163948
vn -0.163440 -0.006423 0.986532
vn 0.032804 -0.004854 0.999450
vn -0.935829 -0.003242 -0.352441
vn -0.986490 -0.004862 -0.163752
vn 0.527980 -0.004853 -0.849243
vn 0.581597 0.000002 -0.813477
vn 0.581748 -0.004858 0.813354
vn -0.910951 -0.003242 0.412502
vn -0.227154 -0.004851 -0.973847
vn 0.999462 -0.006425 -0.032175
vn 0.999499 0.000002 0.031639
vn -0.353078 -0.004862 0.935581
vn -0.849235 -0.004853 -0.527992
vn 0.683516 -0.004852 -0.729919
vn 0.729126 0.000002 -0.684380
vn 0.411898 -0.004860 0.911217
vn -0.973851 -0.004853 0.227135
vn 0.029903 0.085945 -0.995851
vn 0.986491 -0.004861 0.163747
vn 0.999499 0.000002 0.031639
vn 0.974125 0.000002 0.226011
vn -0.528818 -0.004863 0.848722
vn -0.729914 -0.004854 -0.683521
vn 0.813145 -0.006424 -0.582025
vn 0.848630 0.000002 -0.528987
vn 0.226829 -0.003287 0.973929
vn -0.999462 -0.006424 0.032165
vn -0.032166 -0.006423 -0.999462
vn 0.163136 -0.003287 -0.986598
vn 0.031638 0.000000 -0.999499
vn 0.935819 -0.003238 0.352465
vn 0.910956 -0.003238 -0.412490
vn -0.999462 -0.006424 0.032165
vn -0.142003 0.685696 -0.713902
vn -0.099557 -0.965562 -0.240370
vn -0.106653 -0.981403 -0.159606
vn -0.119561 -0.984533 -0.128063
vn -0.263610 -0.948412 -0.176140
vn -0.113374 -0.992441 -0.046984
vn -0.204674 -0.977650 -0.048051
vn -0.317033 -0.948415 0.000000
vn -0.317033 -0.948415 0.000000
vn -0.146945 -0.988713 0.029235
vn -0.196888 -0.977649 0.073743
vn -0.148949 -0.984527 0.092307
vn -0.184005 -0.965551 0.183994
vn -0.083221 -0.988714 0.124578
vn -0.121325 -0.948415 0.292899
vn -0.028295 -0.984530 0.172916
vn -0.000001 -0.981402 0.191962
vn 0.028268 -0.984530 0.172922
vn 0.121323 -0.948414 0.292901
vn 0.122704 -0.977653 0.170701
vn 0.105944 -0.988713 0.105941
vn 0.142251 -0.984531 0.102287
vn 0.292914 -0.948410 0.121323
vn 0.207475 -0.977652 0.033938
vn 0.122716 -0.992442 0.000012
vn 0.931379 -0.363570 0.018692
vn 0.207479 -0.977651 -0.033928
vn 0.292914 -0.948410 -0.121323
vn 0.142252 -0.984532 -0.102284
vn 0.105954 -0.988712 -0.105932
vn 0.122711 -0.977653 -0.170696
vn 0.121323 -0.948414 -0.292901
vn 0.028265 -0.984530 -0.172922
vn 0.000013 -0.988713 -0.149820
vn -0.000001 -1.000000 0.000000
vn 0.000000 -1.000000 0.000000
vn 0.000002 -1.000000 0.000000
vn 0.000000 -1.000000 0.000000
vn -0.000001 -1.000000 0.000000
vn -0.000000 -1.000000 0.000000
vn 0.000000 -1.000000 0.000000
vn -0.000000 -1.000000 0.000000
vn -0.000000 -1.000000 0.000000
vn 0.000009 -0.560522 -0.828139
vn -0.146953 -0.540769 -0.828235
vn -0.177019 -0.536588 -0.825068
vn -0.305697 -0.540812 -0.783627
vn -0.452717 -0.540777 -0.708948
vn -0.334585 -0.536593 -0.774674
vn -0.582298 -0.540814 -0.607000
vn -0.479274 -0.536598 -0.694521
vn -0.605568 -0.536593 -0.587670
vn -0.686687 -0.563911 -0.458764
vn -0.705923 -0.518753 -0.482254
vn -0.780600 -0.522593 -0.342871
vn -0.783632 -0.540812 -0.305684
vn -0.825069 -0.536591 -0.177005
vn -0.828235 -0.540771 -0.146948
vn -0.828168 -0.560480 -0.000011
vn -0.828168 -0.560480 -0.000011
vn -0.828216 -0.540807 0.146920
vn -0.825070 -0.536591 0.177002
vn -0.762977 -0.563912 0.316022
vn -0.688577 -0.560524 0.460081
vn -0.799051 -0.501973 0.330969
vn -0.583954 -0.563911 0.583954
vn -0.718608 -0.503039 0.480160
vn -0.479279 -0.536596 0.694519
vn -0.611569 -0.501969 0.611564
vn -0.452689 -0.540815 0.708937
vn -0.334578 -0.536594 0.774677
vn -0.305716 -0.540772 0.783647
vn -0.161574 -0.560523 0.812224
vn -0.017452 -0.540769 0.840990
vn -0.168613 -0.503038 0.847657
vn 0.161115 -0.563907 0.809970
vn 0.012660 -0.536588 0.843749
vn 0.311204 -0.536589 0.784363
vn 0.168732 -0.501969 0.848267
vn 0.337955 -0.540768 0.770297
vn 0.458242 -0.536585 0.708584
vn 0.481733 -0.540765 0.689570
vn 0.587678 -0.536582 0.605569
vn 0.607014 -0.540763 0.582331
vn 0.672482 0.685695 0.278551
vn 0.713904 0.685696 0.141994
vn 0.727884 0.685701 0.000000
vn 0.713904 0.685696 -0.141994
vn 0.727884 0.685701 0.000000
vn 0.672486 0.685692 -0.278550
vn 0.605215 0.685699 -0.404392
vn 0.514694 0.685696 -0.514695
vn 0.404389 0.685698 -0.605217
vn 0.278553 0.685697 -0.672479
vn 0.142005 0.685695 -0.713902
vn -0.000001 0.685697 -0.727887
vn -0.683623 0.729835 0.000000
vn -0.670461 0.729862 -0.133357
vn -0.000000 0.729848 -0.683610
vn 0.133368 0.729851 -0.670470
vn -0.133369 0.729850 0.670472
vn -0.261611 0.729849 0.631570
vn -0.379791 0.729847 -0.568403
vn -0.261612 0.729849 -0.631570
vn -0.631570 0.729848 0.261612
vn -0.670471 0.729855 0.133346
vn 0.631572 0.729853 -0.261595
vn 0.670480 0.729847 -0.133344
vn 0.568394 0.729849 0.379800
vn 0.483381 0.729850 0.483387
vn 0.568398 0.729847 -0.379799
vn -0.683623 0.729835 0.000000
vn 0.631568 0.729856 0.261596
vn -0.379789 0.729846 0.568406
vn -0.483384 0.729853 0.483379
vn -0.568405 0.729849 -0.379786
vn -0.483382 0.729851 -0.483383
vn -0.133367 0.729850 -0.670472
vn 0.483380 0.729850 -0.483386
vn 0.261610 0.729846 -0.631574
vn -0.631575 0.729843 -0.261616
vn 0.379786 0.729849 -0.568403
vn -0.568405 0.729844 0.379794
vn 0.379789 0.729848 0.568403
vn 0.683613 0.729845 0.000000
vn 0.670481 0.729846 0.133344
vn 0.683613 0.729845 0.000000
vn 0.261609 0.729846 0.631574
vn 0.133367 0.729851 0.670471
vn -0.000002 0.729848 0.683609
vn -0.032166 -0.006423 -0.999462
vn 0.168728 -0.501967 -0.848269
vn 0.352163 -0.004855 -0.935926
vn 0.163136 -0.003287 -0.986598
vn 0.527980 -0.004853 -0.849243
vn 0.683516 -0.004852 -0.729919
vn 0.813145 -0.006424 -0.582025
vn 0.973847 -0.004854 -0.227152
vn 0.910956 -0.003238 -0.412490
vn 0.999462 -0.006425 -0.032175
vn 0.999462 -0.006425 -0.032175
vn 0.986491 -0.004861 0.163747
vn 0.848893 -0.006423 0.528525
vn 0.935819 -0.003238 0.352465
vn 0.729249 -0.004857 0.684231
vn 0.581748 -0.004858 0.813354
vn 0.411898 -0.004860 0.911217
vn 0.032804 -0.004854 0.999450
vn 0.226829 -0.003287 0.973929
vn -0.163440 -0.006423 0.986532
vn -0.353078 -0.004862 0.935581
vn -0.528818 -0.004863 0.848722
vn -0.813151 -0.006424 0.582017
vn -0.683774 -0.003287 0.729686
vn -0.973851 -0.004853 0.227135
vn -0.910951 -0.003242 0.412502
vn -0.999462 -0.006424 0.032165
vn -0.999462 -0.006424 0.032165
vn -0.986490 -0.004862 -0.163752
vn -0.849235 -0.004853 -0.527992
vn -0.935829 -0.003242 -0.352441
vn -0.729914 -0.004854 -0.683521
vn -0.582548 -0.004856 -0.812782
vn -0.412779 -0.004854 -0.910818
vn -0.227154 -0.004851 -0.973847
vn -0.000003 -0.503038 -0.864264
vn 0.170461 -0.083278 -0.981839
vn -0.028009 -0.047457 -0.998481
vn 0.533220 -0.083270 -0.841868
vn 0.356225 -0.047457 -0.933195
vn 0.691760 -0.066622 -0.719048
vn 0.818753 -0.066625 -0.570268
vn 0.972338 -0.083272 -0.218229
vn 0.911758 -0.047459 -0.407977
vn 0.864266 -0.503036 -0.000004
vn 0.981839 -0.083272 0.170463
vn 0.998481 -0.047456 -0.028008
vn 0.847424 -0.066596 0.526723
vn 0.933195 -0.047459 0.356224
vn 0.728375 -0.066594 0.681934
vn 0.581328 -0.066595 0.810940
vn 0.411958 -0.066596 0.908766
vn 0.218241 -0.083273 0.972336
vn 0.019297 -0.066625 0.997591
vn -0.351301 -0.066599 0.933891
vn -0.167310 -0.047461 0.984761
vn -0.526746 -0.066595 0.847410
vn -0.687207 -0.083278 0.721673
vn -0.911082 -0.083275 0.403727
vn -0.814647 -0.047458 0.578013
vn -0.864265 -0.503038 -0.000003
vn -0.974661 -0.066626 0.213535
vn -0.864265 -0.503038 -0.000003
vn -0.984484 -0.066598 -0.162342
vn -0.998481 -0.047457 0.028008
vn -0.933897 -0.066599 -0.351284
vn -0.841861 -0.083274 -0.533231
vn -0.719044 -0.066628 -0.691763
vn -0.570280 -0.066629 -0.818744
vn -0.399603 -0.066627 -0.914264
vn -0.213559 -0.066626 -0.974656
vn -0.000000 0.932629 -0.360837
vn 0.138087 0.932628 -0.333372
vn 0.014532 0.997217 -0.073121
vn 0.255148 0.932631 -0.255146
vn 0.041400 0.997217 -0.061999
vn 0.146388 0.984380 -0.097806
vn 0.130776 0.990185 -0.049309
vn 0.360842 0.932627 -0.000000
vn 0.073112 0.997218 -0.014545
vn 0.360842 0.932627 -0.000000
vn 0.130772 0.990185 0.049319
vn 0.073114 0.997218 0.014541
vn 0.146384 0.984380 0.097810
vn 0.255147 0.932631 0.255146
vn 0.057612 0.990179 0.127382
vn 0.041415 0.997217 0.061990
vn 0.031656 0.990180 0.136170
vn -0.000000 0.932629 0.360836
vn -0.031646 0.990180 0.136171
vn -0.057636 0.990179 0.127369
vn -0.081376 0.990179 0.113682
vn -0.113681 0.990179 0.081372
vn -0.052701 0.997217 0.052726
vn -0.333367 0.932631 0.138081
vn -0.172672 0.984380 0.034356
vn -0.991947 0.124288 -0.024354
vn -0.106448 0.994312 -0.003409
vn -0.136166 0.990179 -0.031678
vn -0.333371 0.932629 -0.138083
vn -0.101987 0.990179 -0.095624
vn -0.061992 0.997218 -0.041402
vn -0.081376 0.990179 -0.113679
vn -0.057613 0.990179 -0.127379
vn -0.031678 0.990180 -0.136165
vn 0.078343 0.915827 -0.393857
vn -0.000001 0.996253 -0.086481
vn 0.043923 0.992176 -0.116863
vn 0.141069 0.967232 -0.211098
vn 0.126366 0.987832 -0.090666
vn 0.061193 0.996249 -0.061184
vn 0.181174 0.980584 -0.075042
vn 0.393854 0.915829 -0.078333
vn 0.393855 0.915829 0.078333
vn 0.086535 0.996249 0.000000
vn 0.181175 0.980584 0.075039
vn 0.126367 0.987832 0.090665
vn 0.141048 0.967232 0.211112
vn 0.061191 0.996249 0.061184
vn 0.054666 0.987832 0.145601
vn 0.025250 0.987832 0.153464
vn -0.025253 0.987832 0.153461
vn -0.000001 0.996254 0.086481
vn -0.075043 0.980585 0.181170
vn -0.179541 0.967232 0.179521
vn -0.060660 0.994021 0.090786
vn -0.113694 0.992176 0.051584
vn -0.090782 0.994021 0.060663
vn -0.151443 0.987832 0.035402
vn -0.253894 0.967232 -0.000011
vn -0.253894 0.967232 -0.000011
vn -0.151443 0.987832 -0.035403
vn -0.333896 0.915827 -0.223100
vn -0.079946 0.996249 -0.033118
vn -0.138666 0.980584 -0.138659
vn -0.075045 0.980585 -0.181169
vn -0.060662 0.994021 -0.090785
vn -0.025248 0.987832 -0.153463
vn -0.727885 0.685699 -0.000000
vn 0.078343 0.915827 -0.393857
vn 0.995851 0.085944 0.029903
vn 0.141048 0.967232 0.211112
vn 0.393855 0.915829 0.078333
vn -0.970274 -0.240820 -0.023972
vn 0.393854 0.915829 -0.078333
vn -0.179541 0.967232 0.179521
vn -0.253894 0.967232 -0.000011
vn -0.333896 0.915827 -0.223100
vn 0.141069 0.967232 -0.211098
vn -0.526081 0.850435 -0.000000
vn 0.991699 0.128580 -0.000000
vn -0.991679 0.128736 -0.000000
vn 0.999462 -0.006425 -0.032175
vn 0.122716 -0.992442 0.000012
vn 0.998481 -0.047456 -0.028008
vn -0.998481 -0.047457 0.028008
vn -0.106448 0.994312 -0.003409
vn 0.086535 0.996249 0.000000
vt 0.096039 0.911866
vt 0.092225 0.906209
vt 0.091918 0.911719
vt 0.047834 0.928711
vt 0.044076 0.932964
vt 0.048277 0.932242
vt 0.044911 0.936810
vt 0.049028 0.935725
vt 0.046080 0.940570
vt 0.050081 0.939128
vt 0.047582 0.944215
vt 0.051431 0.942429
vt 0.049376 0.947726
vt 0.053084 0.945599
vt 0.051496 0.951051
vt 0.054985 0.948611
vt 0.053904 0.954205
vt 0.057113 0.951432
vt 0.042974 0.902564
vt 0.041958 0.897050
vt 0.039560 0.900134
vt 0.041077 0.905516
vt 0.037445 0.903390
vt 0.039424 0.908622
vt 0.035649 0.906831
vt 0.120706 0.919947
vt 0.116682 0.986814
vt 0.120710 0.986814
vt 0.120710 0.918719
vt 0.116682 0.919947
vt 0.116682 0.918719
vt 0.112659 0.919947
vt 0.112659 0.918719
vt 0.108631 0.919947
vt 0.108631 0.918719
vt 0.104607 0.919947
vt 0.104607 0.918719
vt 0.100582 0.919947
vt 0.100582 0.918719
vt 0.096559 0.919947
vt 0.096554 0.918719
vt 0.092531 0.919947
vt 0.092527 0.918719
vt 0.088506 0.919947
vt 0.088505 0.918719
vt 0.084480 0.919947
vt 0.084480 0.918719
vt 0.080454 0.919947
vt 0.080454 0.918719
vt 0.076429 0.919947
vt 0.076429 0.918719
vt 0.072403 0.919947
vt 0.072403 0.918719
vt 0.068381 0.919947
vt 0.201640 0.919551
vt 0.197615 0.920779
vt 0.201640 0.920779
vt 0.197614 0.919551
vt 0.193589 0.920779
vt 0.193589 0.919551
vt 0.189564 0.920779
vt 0.189568 0.919551
vt 0.185542 0.920779
vt 0.185542 0.919551
vt 0.181515 0.920779
vt 0.201281 0.851941
vt 0.200208 0.855814
vt 0.200886 0.855948
vt 0.181515 0.919551
vt 0.177492 0.920779
vt 0.177492 0.919551
vt 0.173466 0.920779
vt 0.028533 0.916861
vt 0.024268 0.919702
vt 0.028135 0.920077
vt 0.028026 0.933151
vt 0.024367 0.936994
vt 0.028386 0.936480
vt 0.033023 0.847620
vt 0.028963 0.850868
vt 0.032918 0.850896
vt 0.029071 0.913677
vt 0.024699 0.916315
vt 0.027827 0.929843
vt 0.024037 0.933482
vt 0.033278 0.844361
vt 0.029100 0.847419
vt 0.029739 0.910548
vt 0.025296 0.912955
vt 0.141846 0.845790
vt 0.138345 0.842267
vt 0.138345 0.845445
vt 0.033679 0.841121
vt 0.029381 0.843986
vt 0.030544 0.907483
vt 0.026020 0.909664
vt 0.023990 0.923109
vt 0.027881 0.923310
vt 0.034219 0.837912
vt 0.029815 0.840571
vt 0.031484 0.904465
vt 0.026897 0.906448
vt 0.034888 0.834762
vt 0.030420 0.837188
vt 0.032531 0.901509
vt 0.027924 0.903284
vt 0.035682 0.831700
vt 0.031172 0.833868
vt 0.036523 0.874343
vt 0.033672 0.879039
vt 0.037635 0.877746
vt 0.036601 0.828731
vt 0.032072 0.830656
vt 0.035526 0.870974
vt 0.032493 0.875604
vt 0.037635 0.825847
vt 0.033100 0.827553
vt 0.034695 0.867621
vt 0.031493 0.872055
vt 0.031431 0.950031
vt 0.028590 0.954698
vt 0.032531 0.953416
vt 0.034033 0.864269
vt 0.030664 0.868518
vt 0.030442 0.946651
vt 0.027403 0.951299
vt 0.033526 0.860900
vt 0.030003 0.864981
vt 0.029601 0.943248
vt 0.026383 0.947760
vt 0.033168 0.857543
vt 0.029503 0.861417
vt 0.028912 0.939845
vt 0.025534 0.944162
vt 0.032969 0.854207
vt 0.029152 0.857876
vt 0.027777 0.926560
vt 0.023881 0.929991
vt 0.024856 0.940559
vt 0.102851 0.859842
vt 0.099792 0.859323
vt 0.100256 0.860895
vt 0.028992 0.854355
vt 0.045523 0.878275
vt 0.048124 0.874048
vt 0.045379 0.874111
vt 0.134844 0.880989
vt 0.138345 0.884511
vt 0.138345 0.881334
vt 0.045170 0.853411
vt 0.047919 0.849330
vt 0.045207 0.849258
vt 0.048002 0.869912
vt 0.045266 0.869940
vt 0.141846 0.880989
vt 0.048021 0.845193
vt 0.045285 0.845101
vt 0.047916 0.865737
vt 0.045188 0.865743
vt 0.142466 0.884107
vt 0.145212 0.879967
vt 0.048137 0.841059
vt 0.045406 0.840936
vt 0.047871 0.861598
vt 0.045165 0.861586
vt 0.146428 0.882904
vt 0.148314 0.878310
vt 0.048288 0.836890
vt 0.045562 0.836743
vt 0.153281 0.878326
vt 0.151033 0.876077
vt 0.048494 0.832749
vt 0.045754 0.832588
vt 0.153264 0.873359
vt 0.048707 0.828580
vt 0.045952 0.828408
vt 0.155907 0.875126
vt 0.154923 0.870259
vt 0.049030 0.824199
vt 0.046081 0.824060
vt 0.157859 0.871471
vt 0.155944 0.866891
vt 0.054899 0.891167
vt 0.057527 0.886629
vt 0.054735 0.886751
vt 0.159467 0.863388
vt 0.156288 0.863388
vt 0.057298 0.882418
vt 0.054532 0.882506
vt 0.155944 0.859889
vt 0.157859 0.855307
vt 0.154923 0.856522
vt 0.057134 0.878217
vt 0.054351 0.878291
vt 0.146428 0.843875
vt 0.145212 0.846812
vt 0.155907 0.851655
vt 0.153264 0.853422
vt 0.056989 0.873978
vt 0.054205 0.874034
vt 0.047858 0.857529
vt 0.045162 0.857499
vt 0.153281 0.848455
vt 0.151033 0.850701
vt 0.054104 0.869765
vt 0.056789 0.865536
vt 0.054041 0.865540
vt 0.056892 0.869739
vt 0.081584 0.842782
vt 0.077603 0.837301
vt 0.076033 0.841107
vt 0.112432 0.860656
vt 0.105812 0.859056
vt 0.109480 0.863580
vt 0.075230 0.845142
vt 0.114751 0.857211
vt 0.107935 0.856937
vt 0.075231 0.849257
vt 0.080992 0.845711
vt 0.110765 0.851675
vt 0.116342 0.853376
vt 0.081570 0.851623
vt 0.076032 0.853299
vt 0.111361 0.848739
vt 0.117151 0.849313
vt 0.082717 0.854376
vt 0.077604 0.857097
vt 0.111353 0.845743
vt 0.117151 0.845180
vt 0.079879 0.860516
vt 0.116352 0.841127
vt 0.086463 0.858970
vt 0.082774 0.863440
vt 0.114778 0.837299
vt 0.110780 0.842806
vt 0.088942 0.860648
vt 0.086200 0.865747
vt 0.107977 0.837540
vt 0.112481 0.833850
vt 0.091707 0.861789
vt 0.090007 0.867326
vt 0.109549 0.830915
vt 0.094032 0.868136
vt 0.088989 0.833758
vt 0.090066 0.827059
vt 0.086248 0.828631
vt 0.103360 0.833754
vt 0.106096 0.828621
vt 0.097600 0.862391
vt 0.098134 0.868164
vt 0.082803 0.830929
vt 0.102275 0.827059
vt 0.102178 0.867398
vt 0.079880 0.833862
vt 0.086487 0.835414
vt 0.098237 0.826261
vt 0.100594 0.832621
vt 0.103304 0.860708
vt 0.106010 0.865854
vt 0.092742 0.896561
vt 0.090450 0.885693
vt 0.089293 0.896287
vt 0.084374 0.837544
vt 0.047871 0.853461
vt 0.134224 0.842674
vt 0.131478 0.846812
vt 0.134844 0.845790
vt 0.045709 0.882519
vt 0.048278 0.878191
vt 0.131478 0.879967
vt 0.134224 0.884107
vt 0.045941 0.886784
vt 0.048476 0.882408
vt 0.128376 0.878310
vt 0.130262 0.882904
vt 0.046141 0.891169
vt 0.048732 0.886645
vt 0.125657 0.876077
vt 0.126610 0.880953
vt 0.054868 0.828299
vt 0.057927 0.824211
vt 0.055037 0.824052
vt 0.120783 0.875126
vt 0.123425 0.873359
vt 0.054645 0.832482
vt 0.057596 0.828484
vt 0.118831 0.871473
vt 0.121767 0.870259
vt 0.054465 0.836651
vt 0.057361 0.832645
vt 0.120746 0.866891
vt 0.054318 0.840748
vt 0.057172 0.836790
vt 0.120402 0.863388
vt 0.117629 0.867510
vt 0.054198 0.844858
vt 0.057019 0.840872
vt 0.117629 0.859269
vt 0.120746 0.859889
vt 0.054097 0.848995
vt 0.056897 0.844949
vt 0.118831 0.855307
vt 0.121767 0.856522
vt 0.054052 0.853132
vt 0.056805 0.849071
vt 0.123425 0.853422
vt 0.123409 0.848455
vt 0.125657 0.850701
vt 0.054023 0.857246
vt 0.056752 0.853192
vt 0.126610 0.845828
vt 0.128376 0.848471
vt 0.054022 0.861359
vt 0.056733 0.857281
vt 0.148314 0.848471
vt 0.130262 0.843875
vt 0.056743 0.861373
vt 0.094114 0.826258
vt 0.097669 0.832042
vt 0.049805 0.853491
vt 0.094680 0.832030
vt 0.176735 0.872086
vt 0.173147 0.870280
vt 0.172882 0.870916
vt 0.163665 0.840530
vt 0.162405 0.844345
vt 0.164239 0.840913
vt 0.197820 0.840530
vt 0.194777 0.837906
vt 0.197245 0.840913
vt 0.188602 0.870916
vt 0.191769 0.868444
vt 0.188337 0.870280
vt 0.160598 0.855948
vt 0.162405 0.859537
vt 0.161276 0.855814
vt 0.184749 0.831799
vt 0.180742 0.832094
vt 0.184614 0.832475
vt 0.176735 0.831799
vt 0.180742 0.831404
vt 0.199079 0.859537
vt 0.199718 0.859801
vt 0.169716 0.868444
vt 0.169331 0.869019
vt 0.166219 0.837417
vt 0.166708 0.837906
vt 0.199718 0.844082
vt 0.199079 0.844345
vt 0.184749 0.872086
vt 0.184614 0.871409
vt 0.160204 0.851941
vt 0.160895 0.851941
vt 0.188337 0.833606
vt 0.188602 0.832966
vt 0.197245 0.862969
vt 0.197820 0.863352
vt 0.166708 0.865976
vt 0.166219 0.866465
vt 0.169331 0.834863
vt 0.169716 0.835438
vt 0.200886 0.847933
vt 0.200208 0.848068
vt 0.180742 0.871788
vt 0.180742 0.872479
vt 0.161276 0.848068
vt 0.160598 0.847933
vt 0.191769 0.835438
vt 0.192153 0.834863
vt 0.194777 0.865976
vt 0.195265 0.866465
vt 0.164239 0.862969
vt 0.163665 0.863352
vt 0.172882 0.832966
vt 0.173147 0.833606
vt 0.200590 0.851941
vt 0.176870 0.871409
vt 0.161767 0.844082
vt 0.195265 0.837417
vt 0.192153 0.869019
vt 0.161767 0.859801
vt 0.176870 0.832475
vt 0.195229 0.913547
vt 0.190467 0.908548
vt 0.191102 0.914094
vt 0.189213 0.898833
vt 0.190460 0.887610
vt 0.187567 0.888192
vt 0.178818 0.899545
vt 0.181760 0.888843
vt 0.178856 0.888920
vt 0.103129 0.896371
vt 0.104968 0.885315
vt 0.102065 0.885722
vt 0.207599 0.911062
vt 0.202237 0.906431
vt 0.203469 0.912012
vt 0.113577 0.894648
vt 0.107870 0.884739
vt 0.110083 0.895398
vt 0.151054 0.894020
vt 0.158688 0.884742
vt 0.155866 0.883402
vt 0.203214 0.895430
vt 0.196226 0.885914
vt 0.199687 0.896563
vt 0.168463 0.898743
vt 0.167272 0.887575
vt 0.165014 0.898152
vt 0.078952 0.894487
vt 0.078932 0.882984
vt 0.075497 0.893552
vt 0.154609 0.895335
vt 0.161533 0.885875
vt 0.068467 0.891119
vt 0.076089 0.881851
vt 0.073266 0.880512
vt 0.161559 0.897385
vt 0.164403 0.886815
vt 0.206773 0.894086
vt 0.199085 0.884775
vt 0.085846 0.895853
vt 0.084677 0.884683
vt 0.082399 0.895255
vt 0.100176 0.911839
vt 0.096113 0.906336
vt 0.158100 0.896453
vt 0.192694 0.898256
vt 0.193352 0.886856
vt 0.108459 0.911257
vt 0.103919 0.906082
vt 0.104318 0.911635
vt 0.175953 0.888830
vt 0.175363 0.899449
vt 0.096197 0.896667
vt 0.093350 0.885947
vt 0.184667 0.888603
vt 0.185740 0.899236
vt 0.182281 0.899476
vt 0.196171 0.897498
vt 0.100013 0.906294
vt 0.099159 0.885963
vt 0.099658 0.896607
vt 0.171910 0.899178
vt 0.173053 0.888578
vt 0.072012 0.892433
vt 0.081800 0.883924
vt 0.113645 0.883048
vt 0.110759 0.883985
vt 0.096255 0.886041
vt 0.190603 0.873986
vt 0.079694 0.910292
vt 0.076785 0.904118
vt 0.075670 0.909525
vt 0.106600 0.895965
vt 0.150292 0.910620
vt 0.147707 0.904096
vt 0.146300 0.909615
vt 0.170479 0.914312
vt 0.167122 0.908376
vt 0.166390 0.913845
vt 0.124972 0.908227
vt 0.119618 0.903593
vt 0.120850 0.909176
vt 0.129105 0.907206
vt 0.123595 0.902604
vt 0.112600 0.910713
vt 0.107833 0.905700
vt 0.072935 0.903239
vt 0.071672 0.908644
vt 0.163260 0.907779
vt 0.162327 0.913223
vt 0.198295 0.907289
vt 0.199350 0.912848
vt 0.174585 0.914613
vt 0.170992 0.908819
vt 0.159404 0.907038
vt 0.158291 0.912461
vt 0.087818 0.911401
vt 0.084483 0.905466
vt 0.083743 0.910923
vt 0.186971 0.914479
vt 0.182658 0.909158
vt 0.182839 0.914697
vt 0.178762 0.909213
vt 0.178710 0.914742
vt 0.194377 0.907998
vt 0.080635 0.904864
vt 0.115682 0.904450
vt 0.116729 0.910013
vt 0.067693 0.907680
vt 0.065119 0.901170
vt 0.063715 0.906673
vt 0.170160 0.888161
vt 0.087561 0.885270
vt 0.155542 0.906162
vt 0.154284 0.911583
vt 0.111750 0.905155
vt 0.151661 0.905177
vt 0.120611 0.892596
vt 0.117080 0.893720
vt 0.069065 0.902252
vt 0.186558 0.908933
vt 0.088347 0.905914
vt 0.174872 0.909100
vt 0.211736 0.910038
vt 0.206214 0.905435
vt 0.142910 0.854346
vt 0.143659 0.855591
vt 0.144305 0.854757
vt 0.146514 0.867403
vt 0.145268 0.868151
vt 0.146104 0.868797
vt 0.133457 0.871007
vt 0.132708 0.869762
vt 0.132063 0.870597
vt 0.129853 0.857951
vt 0.131099 0.857201
vt 0.130263 0.856555
vt 0.132051 0.857937
vt 0.130833 0.858508
vt 0.132017 0.863467
vt 0.131082 0.865450
vt 0.132373 0.865478
vt 0.140838 0.864728
vt 0.138184 0.862677
vt 0.138493 0.865087
vt 0.139076 0.855107
vt 0.137394 0.856509
vt 0.139429 0.856347
vt 0.129547 0.863782
vt 0.129951 0.865893
vt 0.140956 0.869778
vt 0.139290 0.871314
vt 0.141399 0.870911
vt 0.145285 0.859904
vt 0.146821 0.861570
vt 0.146417 0.859461
vt 0.135411 0.855575
vt 0.137077 0.854039
vt 0.134968 0.854442
vt 0.134432 0.853080
vt 0.136637 0.850602
vt 0.133750 0.851354
vt 0.130607 0.854879
vt 0.131398 0.852573
vt 0.129689 0.853936
vt 0.132295 0.856613
vt 0.133080 0.855071
vt 0.131510 0.855807
vt 0.147782 0.858927
vt 0.150258 0.861129
vt 0.149506 0.858245
vt 0.145981 0.855100
vt 0.148287 0.855890
vt 0.146926 0.854181
vt 0.144246 0.856788
vt 0.145790 0.857572
vt 0.145053 0.856002
vt 0.141935 0.872272
vt 0.139731 0.874750
vt 0.142618 0.873998
vt 0.145760 0.870473
vt 0.144969 0.872779
vt 0.146679 0.871418
vt 0.144073 0.868739
vt 0.143287 0.870281
vt 0.144857 0.869545
vt 0.128586 0.866427
vt 0.126110 0.864225
vt 0.126862 0.867109
vt 0.130387 0.870253
vt 0.128081 0.869461
vt 0.129441 0.871171
vt 0.132122 0.868566
vt 0.130578 0.867780
vt 0.131314 0.869350
vt 0.139826 0.857977
vt 0.137875 0.860267
vt 0.140235 0.860024
vt 0.143493 0.858063
vt 0.142318 0.859900
vt 0.143995 0.859876
vt 0.142354 0.855326
vt 0.141310 0.856375
vt 0.142924 0.856543
vt 0.140985 0.868486
vt 0.138761 0.867183
vt 0.138974 0.868843
vt 0.144317 0.867417
vt 0.142903 0.866323
vt 0.142797 0.867987
vt 0.144513 0.863922
vt 0.142691 0.862100
vt 0.142884 0.864319
vt 0.132875 0.867291
vt 0.133444 0.868809
vt 0.136541 0.867377
vt 0.135058 0.868976
vt 0.136938 0.869004
vt 0.135773 0.862986
vt 0.134049 0.865452
vt 0.136133 0.865330
vt 0.131854 0.861432
vt 0.130652 0.860046
vt 0.130613 0.861783
vt 0.135530 0.860626
vt 0.133465 0.859030
vt 0.133483 0.861033
vt 0.135383 0.856866
vt 0.133738 0.856050
vt 0.133570 0.857367
vt 0.127582 0.856661
vt 0.129326 0.855831
vt 0.128524 0.855212
vt 0.126110 0.861241
vt 0.128221 0.859192
vt 0.126697 0.858659
vt 0.129406 0.861642
vt 0.129536 0.859655
vt 0.132167 0.873277
vt 0.131339 0.871534
vt 0.130719 0.872336
vt 0.136747 0.874749
vt 0.134700 0.872639
vt 0.134165 0.874163
vt 0.137148 0.871454
vt 0.135553 0.870209
vt 0.135162 0.871323
vt 0.148785 0.868693
vt 0.147041 0.869521
vt 0.147843 0.870141
vt 0.150258 0.864113
vt 0.148146 0.866160
vt 0.149671 0.866695
vt 0.146961 0.863710
vt 0.145715 0.865306
vt 0.146831 0.865697
vt 0.144200 0.852075
vt 0.145029 0.853820
vt 0.145649 0.853016
vt 0.139620 0.850602
vt 0.141668 0.852715
vt 0.142203 0.851191
vt 0.139219 0.853900
vt 0.140815 0.855144
vt 0.141205 0.854029
vt 0.139394 0.852443
vt 0.136888 0.852559
vt 0.143549 0.853221
vt 0.148418 0.863888
vt 0.148300 0.861380
vt 0.145755 0.863569
vt 0.147639 0.868043
vt 0.136973 0.872910
vt 0.139480 0.872793
vt 0.137291 0.870247
vt 0.132818 0.872132
vt 0.127950 0.861464
vt 0.128068 0.863974
vt 0.128728 0.857311
vt 0.135409 0.858544
vt 0.137606 0.858169
vt 0.133677 0.863253
vt 0.130761 0.863626
vt 0.131883 0.859549
vt 0.134537 0.867395
vt 0.139135 0.870100
vt 0.134013 0.870026
vt 0.144484 0.865803
vt 0.144350 0.861887
vt 0.142629 0.869302
vt 0.145535 0.866846
vt 0.140958 0.866810
vt 0.141831 0.857957
vt 0.144809 0.858232
vt 0.145607 0.861725
vt 0.140594 0.862366
vt 0.129422 0.868560
vt 0.144067 0.871438
vt 0.146946 0.856792
vt 0.132301 0.853916
vt 0.131559 0.867121
vt 0.192789 0.873048
vt 0.195149 0.871805
vt 0.201916 0.883427
vt 0.080017 0.868916
vt 0.082370 0.870155
vt 0.084553 0.871091
vt 0.086392 0.871740
vt 0.087868 0.872176
vt 0.089371 0.872503
vt 0.091288 0.872821
vt 0.093633 0.873065
vt 0.096274 0.873153
vt 0.098914 0.873067
vt 0.101263 0.872826
vt 0.103184 0.872509
vt 0.104693 0.872184
vt 0.106171 0.871748
vt 0.108020 0.871098
vt 0.110214 0.870159
vt 0.116510 0.881912
vt 0.112578 0.868916
vt 0.119351 0.880565
vt 0.162616 0.871805
vt 0.164970 0.873045
vt 0.167152 0.873981
vt 0.168993 0.874630
vt 0.170468 0.875066
vt 0.171968 0.875393
vt 0.173885 0.875711
vt 0.176231 0.875955
vt 0.178868 0.876043
vt 0.181509 0.875957
vt 0.183857 0.875715
vt 0.185776 0.875398
vt 0.187280 0.875072
vt 0.188756 0.874637
vt 0.085130 0.838160
vt 0.085012 0.841256
vt 0.086396 0.839194
vt 0.094774 0.832996
vt 0.097414 0.834627
vt 0.097571 0.833016
vt 0.097363 0.859806
vt 0.097511 0.861428
vt 0.087108 0.836172
vt 0.088157 0.837448
vt 0.100314 0.833548
vt 0.099842 0.835116
vt 0.105197 0.858302
vt 0.102089 0.858392
vt 0.082513 0.843070
vt 0.083584 0.840490
vt 0.105925 0.855274
vt 0.104153 0.857013
vt 0.081961 0.845804
vt 0.084075 0.843546
vt 0.108756 0.853987
vt 0.107181 0.856313
vt 0.083583 0.848440
vt 0.083600 0.845968
vt 0.108270 0.850917
vt 0.107301 0.853203
vt 0.082502 0.851342
vt 0.081967 0.848599
vt 0.110391 0.848643
vt 0.109828 0.851392
vt 0.085012 0.853147
vt 0.084078 0.850865
vt 0.108767 0.845996
vt 0.108748 0.848479
vt 0.083573 0.853917
vt 0.086372 0.855214
vt 0.109845 0.843089
vt 0.110385 0.845838
vt 0.087085 0.858222
vt 0.085121 0.856237
vt 0.108775 0.840496
vt 0.108280 0.843556
vt 0.089405 0.859790
vt 0.088126 0.856965
vt 0.107217 0.838163
vt 0.107326 0.841258
vt 0.092467 0.859295
vt 0.090187 0.858338
vt 0.092502 0.835112
vt 0.094935 0.834632
vt 0.105243 0.836169
vt 0.105943 0.839200
vt 0.091989 0.860859
vt 0.094888 0.859798
vt 0.089445 0.834620
vt 0.092032 0.833558
vt 0.102137 0.836062
vt 0.104190 0.837454
vt 0.086990 0.839685
vt 0.087057 0.842348
vt 0.088193 0.840672
vt 0.095010 0.835393
vt 0.097189 0.836938
vt 0.097341 0.835384
vt 0.101732 0.857717
vt 0.102698 0.855224
vt 0.100997 0.856331
vt 0.101774 0.836738
vt 0.099171 0.837321
vt 0.101034 0.838119
vt 0.088639 0.838034
vt 0.091305 0.838098
vt 0.090577 0.836742
vt 0.097291 0.859048
vt 0.095124 0.857492
vt 0.094965 0.859044
vt 0.085882 0.848216
vt 0.086292 0.850195
vt 0.096162 0.847217
vt 0.102731 0.839232
vt 0.103706 0.838043
vt 0.092722 0.835839
vt 0.093174 0.837333
vt 0.093147 0.857101
vt 0.092692 0.858567
vt 0.105334 0.854785
vt 0.103667 0.856415
vt 0.105359 0.839681
vt 0.104157 0.840670
vt 0.090546 0.857671
vt 0.091292 0.856293
vt 0.106653 0.841621
vt 0.105276 0.842355
vt 0.089603 0.855172
vt 0.088613 0.856371
vt 0.107550 0.843780
vt 0.106043 0.844237
vt 0.088167 0.853746
vt 0.086964 0.854731
vt 0.106456 0.846217
vt 0.107996 0.846070
vt 0.087041 0.852072
vt 0.085685 0.852792
vt 0.107997 0.848404
vt 0.106434 0.848246
vt 0.084796 0.850648
vt 0.106052 0.850235
vt 0.107531 0.850690
vt 0.084350 0.848366
vt 0.106636 0.852848
vt 0.105252 0.852098
vt 0.084346 0.846042
vt 0.085901 0.846195
vt 0.104129 0.853790
vt 0.086275 0.844211
vt 0.084804 0.843766
vt 0.095164 0.836954
vt 0.085686 0.841615
vt 0.102904 0.834616
vt 0.090216 0.836068
vt 0.094723 0.861404
vt 0.099620 0.835849
vt 0.089637 0.839244
vt 0.099131 0.857117
vt 0.097144 0.857486
vt 0.099573 0.858593
vt 0.197282 0.902328
vt 0.088818 0.901052
vt 0.127639 0.901498
vt 0.122203 0.897534
vt 0.124204 0.891266
vt 0.178790 0.904315
vt 0.175114 0.904208
vt 0.171445 0.903936
vt 0.167778 0.903500
vt 0.110940 0.900209
vt 0.114659 0.899480
vt 0.081501 0.900003
vt 0.077846 0.899245
vt 0.186167 0.904033
vt 0.164120 0.902907
vt 0.160458 0.902153
vt 0.107240 0.900767
vt 0.074168 0.898348
vt 0.182472 0.904256
vt 0.204802 0.900360
vt 0.201018 0.901430
vt 0.092490 0.901326
vt 0.153033 0.900207
vt 0.149251 0.899007
vt 0.096167 0.901437
vt 0.156771 0.901259
vt 0.210268 0.904321
vt 0.070438 0.897295
vt 0.103539 0.901160
vt 0.099849 0.901383
vt 0.066663 0.896096
vt 0.118411 0.898598
vt 0.085151 0.900604
vt 0.193563 0.903062
vt 0.189863 0.903628
vt 0.161388 0.987645
vt 0.165415 0.920779
vt 0.161392 0.920779
vt 0.124731 0.919947
vt 0.080454 0.986814
vt 0.084480 0.986814
vt 0.177492 0.987645
vt 0.181515 0.987645
vt 0.141264 0.987645
vt 0.145288 0.920779
vt 0.141264 0.920779
vt 0.096554 0.986814
vt 0.100582 0.986814
vt 0.193589 0.987645
vt 0.197614 0.987645
vt 0.157364 0.987645
vt 0.157364 0.920779
vt 0.112657 0.986814
vt 0.076429 0.986814
vt 0.173466 0.987645
vt 0.137237 0.987645
vt 0.137237 0.920779
vt 0.092527 0.986814
vt 0.189568 0.987645
vt 0.153339 0.987645
vt 0.153338 0.920779
vt 0.108631 0.986814
vt 0.072403 0.986814
vt 0.023853 0.926530
vt 0.128757 0.986814
vt 0.132783 0.919946
vt 0.128757 0.919947
vt 0.088505 0.986814
vt 0.185542 0.987645
vt 0.149315 0.987645
vt 0.149315 0.920779
vt 0.104607 0.986814
vt 0.068381 0.986814
vt 0.169440 0.987645
vt 0.165415 0.987645
vt 0.169440 0.920779
vt 0.124736 0.986814
vt 0.145288 0.987645
vt 0.201640 0.987645
vt 0.173466 0.919551
vt 0.049905 0.849362
vt 0.049942 0.845239
vt 0.050094 0.841135
vt 0.050285 0.836974
vt 0.050422 0.832845
vt 0.050689 0.828730
vt 0.051086 0.824515
vt 0.059897 0.890658
vt 0.059484 0.886485
vt 0.059273 0.882334
vt 0.059130 0.878155
vt 0.059026 0.873914
vt 0.058855 0.869689
vt 0.058799 0.865500
vt 0.058690 0.861339
vt 0.058628 0.857279
vt 0.058688 0.853226
vt 0.058790 0.849105
vt 0.058831 0.844985
vt 0.058910 0.840936
vt 0.059111 0.836890
vt 0.059354 0.832749
vt 0.059543 0.828612
vt 0.059897 0.824519
vt 0.049093 0.890972
vt 0.050708 0.886509
vt 0.050503 0.882300
vt 0.050249 0.878093
vt 0.050044 0.873982
vt 0.049962 0.869876
vt 0.049917 0.865703
vt 0.049807 0.861566
vt 0.049744 0.857529
vt 0.105860 0.835414
vt 0.109638 0.840038
vt 0.109619 0.854452
vt 0.100530 0.861831
vt 0.094627 0.862371
vt 0.084371 0.856850
vt 0.081002 0.848693
vt 0.082729 0.840035
vt 0.091752 0.832625
vt 0.043455 0.925148
vt 0.047826 0.921651
vt 0.043667 0.921267
vt 0.048308 0.918179
vt 0.049091 0.914768
vt 0.044195 0.917431
vt 0.050171 0.911436
vt 0.045057 0.913658
vt 0.046245 0.909976
vt 0.051540 0.908225
vt 0.047750 0.906417
vt 0.049566 0.903020
vt 0.053157 0.905137
vt 0.051669 0.899803
vt 0.055041 0.902212
vt 0.054047 0.896755
vt 0.041889 0.954505
vt 0.042947 0.948935
vt 0.039485 0.951369
vt 0.041057 0.945939
vt 0.035574 0.944583
vt 0.037369 0.948070
vt 0.038068 0.939516
vt 0.039406 0.942801
vt 0.032900 0.937232
vt 0.034063 0.940968
vt 0.036997 0.936141
vt 0.032062 0.933408
vt 0.036221 0.932680
vt 0.031568 0.929528
vt 0.035614 0.925640
vt 0.035752 0.929167
vt 0.035788 0.922121
vt 0.031398 0.925628
vt 0.032098 0.917888
vt 0.031568 0.921742
vt 0.036242 0.918630
vt 0.032957 0.914100
vt 0.037010 0.915201
vt 0.034140 0.910408
vt 0.038069 0.911860
vt 0.124736 0.918719
vt 0.128757 0.918719
vt 0.132783 0.918719
vt 0.141264 0.919552
vt 0.137237 0.919552
vt 0.145288 0.919552
vt 0.149315 0.919552
vt 0.153339 0.919552
vt 0.157362 0.919552
vt 0.161388 0.919551
vt 0.165415 0.919551
vt 0.169440 0.919551
vt 0.212019 0.911183
vt 0.207868 0.912204
vt 0.178694 0.915887
vt 0.174525 0.915755
vt 0.091852 0.912859
vt 0.087707 0.912536
vt 0.191230 0.915239
vt 0.187052 0.915626
vt 0.071419 0.909747
vt 0.067421 0.908779
vt 0.154028 0.912689
vt 0.150021 0.911723
vt 0.116941 0.911157
vt 0.112772 0.911860
vt 0.158064 0.913574
vt 0.063436 0.907772
vt 0.121096 0.910317
vt 0.083588 0.912049
vt 0.079498 0.911411
vt 0.199564 0.913990
vt 0.195401 0.914691
vt 0.182875 0.915843
vt 0.162137 0.914345
vt 0.170368 0.915449
vt 0.203717 0.913153
vt 0.166238 0.914976
vt 0.075441 0.910635
vt 0.108589 0.912406
vt 0.129388 0.908348
vt 0.125243 0.909368
vt 0.146023 0.910717
vt 0.104397 0.912785
vt 0.100205 0.912988
vt 0.096023 0.913012
vt 0.042399 0.925135
vt 0.043583 0.929060
vt 0.043026 0.933140
vt 0.042524 0.929142
vt 0.043880 0.937081
vt 0.045076 0.940931
vt 0.046608 0.944665
vt 0.050618 0.951659
vt 0.048455 0.948254
vt 0.053068 0.954885
vt 0.041139 0.896374
vt 0.038701 0.899528
vt 0.034694 0.906380
vt 0.036543 0.902863
vt 0.033155 0.910045
vt 0.031943 0.913825
vt 0.031063 0.917701
vt 0.030343 0.925624
vt 0.030525 0.921644
vt 0.030509 0.929618
vt 0.031019 0.933591
vt 0.031876 0.937505
vt 0.034608 0.945034
vt 0.033072 0.941327
vt 0.038612 0.951979
vt 0.036455 0.948596
vt 0.041058 0.955183
vt 0.053239 0.896084
vt 0.050820 0.899198
vt 0.046809 0.905967
vt 0.048674 0.902492
vt 0.045264 0.909613
vt 0.044047 0.913379
vt 0.043165 0.917241
vt 0.042621 0.921163
vt 0.047676 0.925172
vt 0.048910 0.928619
vt 0.048751 0.925172
vt 0.050077 0.935448
vt 0.049345 0.932058
vt 0.051102 0.938761
vt 0.052417 0.941970
vt 0.055875 0.947997
vt 0.054030 0.945054
vt 0.045093 0.899809
vt 0.043845 0.903176
vt 0.045915 0.900481
vt 0.040390 0.909083
vt 0.042003 0.906059
vt 0.039070 0.912231
vt 0.038036 0.915478
vt 0.037301 0.918818
vt 0.036850 0.922217
vt 0.036686 0.925640
vt 0.037288 0.932490
vt 0.036825 0.929071
vt 0.038040 0.935861
vt 0.039076 0.939151
vt 0.041986 0.945405
vt 0.040390 0.942342
vt 0.045078 0.951736
vt 0.043834 0.948317
vt 0.057142 0.899487
vt 0.055902 0.902819
vt 0.057954 0.900154
vt 0.054078 0.905671
vt 0.052495 0.908680
vt 0.051169 0.911811
vt 0.050118 0.915051
vt 0.049356 0.918370
vt 0.048893 0.921745
vt 0.023081 0.926516
vt 0.023494 0.919624
vt 0.023212 0.923067
vt 0.024529 0.912804
vt 0.023930 0.916203
vt 0.025289 0.909484
vt 0.026168 0.906237
vt 0.028431 0.899937
vt 0.027206 0.903029
vt 0.032915 0.879364
vt 0.030684 0.872256
vt 0.031684 0.875857
vt 0.029870 0.868686
vt 0.029195 0.865119
vt 0.028358 0.857933
vt 0.028683 0.861512
vt 0.028184 0.854377
vt 0.028184 0.850854
vt 0.028317 0.847375
vt 0.028600 0.843906
vt 0.029040 0.840455
vt 0.030429 0.833677
vt 0.029646 0.837030
vt 0.031354 0.830433
vt 0.032410 0.827299
vt 0.034278 0.824600
vt 0.027843 0.955020
vt 0.026611 0.951558
vt 0.025569 0.947980
vt 0.024038 0.940685
vt 0.024702 0.944335
vt 0.023561 0.937084
vt 0.023251 0.933537
vt 0.023079 0.930011
vt 0.044380 0.861586
vt 0.044395 0.857499
vt 0.044392 0.865749
vt 0.044456 0.869960
vt 0.044722 0.878303
vt 0.044596 0.874137
vt 0.044886 0.882560
vt 0.045134 0.886820
vt 0.054077 0.828261
vt 0.054235 0.824078
vt 0.053837 0.832442
vt 0.053677 0.836623
vt 0.053400 0.844836
vt 0.053547 0.840724
vt 0.053320 0.848979
vt 0.053254 0.853124
vt 0.053232 0.861359
vt 0.053251 0.857245
vt 0.053240 0.865546
vt 0.053380 0.874061
vt 0.053294 0.869781
vt 0.053727 0.882539
vt 0.053556 0.878323
vt 0.053916 0.886783
vt 0.054050 0.891137
vt 0.045246 0.824096
vt 0.045145 0.828381
vt 0.044767 0.836707
vt 0.044973 0.832554
vt 0.044597 0.840912
vt 0.044402 0.849246
vt 0.044503 0.845081
vt 0.044385 0.853411
vt 0.068381 0.918719
vt 0.142466 0.842672
vt 0.029096 0.900256
vt 0.150080 0.880953
vt 0.159061 0.867510
vt 0.057863 0.890982
vt 0.159061 0.859269
vt 0.123409 0.878326
vt 0.117223 0.863388
vt 0.120783 0.851655
vt 0.150080 0.845826
vt 0.137233 0.855252
vt 0.126043 0.896308
vt 0.208664 0.899115
vt 0.132783 0.986814
vt 0.051086 0.890648
vt 0.057954 0.950758
vt 0.045915 0.951062
vt 0.033619 0.824285
vt 0.045298 0.891145
f 1/1/1 2/2/2 3/3/3
f 4/4/4 5/5/5 6/6/6
f 6/6/6 7/7/7 8/8/8
f 8/8/8 9/9/9 10/10/10
f 10/10/10 11/11/11 12/12/12
f 13/13/13 12/12/12 11/11/11
f 14/14/14 15/15/15 16/16/16
f 16/16/16 17/17/17 18/18/18
f 19/19/19 20/20/20 21/21/21
f 22/22/22 21/21/21 23/23/23
f 24/24/24 23/23/23 25/25/25
f 26/26/26 27/27/27 28/28/28
f 29/29/29 30/30/30 26/26/26
f 31/31/31 32/32/32 30/30/30
f 33/33/33 34/34/34 32/32/32
f 35/35/35 36/36/36 34/34/34
f 37/37/37 38/38/38 36/36/36
f 39/39/39 40/40/40 38/38/38
f 41/41/41 42/42/42 40/40/40
f 43/43/43 44/44/44 42/42/42
f 45/45/45 46/46/46 44/44/44
f 47/47/47 48/48/48 46/46/46
f 49/49/49 50/50/50 48/48/48
f 51/51/51 52/52/52 50/50/50
f 53/53/53 54/54/54 52/52/52
f 55/55/55 56/56/56 57/57/57
f 58/58/58 59/59/59 56/56/56
f 60/60/60 61/61/61 59/59/59
f 62/62/62 63/63/63 61/61/61
f 64/64/64 65/65/65 63/63/63
f 66/66/66 67/67/67 68/68/68
f 69/69/69 70/70/70 65/65/65
f 71/71/71 72/72/72 70/70/70
f 73/73/73 74/74/74 75/75/75
f 76/76/76 77/77/77 78/78/78
f 79/79/79 80/80/80 81/81/81
f 82/82/82 83/83/83 73/73/73
f 84/84/84 85/85/85 76/76/76
f 86/86/86 87/87/87 79/79/79
f 88/88/88 89/89/89 82/82/82
f 90/90/90 91/91/91 92/92/92
f 93/93/93 94/94/94 86/86/86
f 95/95/95 96/96/96 88/88/88
f 75/75/75 97/97/97 98/98/98
f 99/99/99 100/100/100 93/93/93
f 101/101/101 102/102/102 95/95/95
f 103/103/103 104/104/104 99/99/99
f 105/105/105 106/106/106 101/101/101
f 107/107/107 108/108/108 103/103/103
f 109/109/109 110/110/110 111/111/111
f 112/112/112 113/113/113 107/107/107
f 114/114/114 115/115/115 109/109/109
f 116/116/116 117/117/117 112/112/112
f 118/118/118 119/119/119 114/114/114
f 120/120/120 121/121/121 122/122/122
f 123/123/123 124/124/124 118/118/118
f 125/125/125 126/126/126 120/120/120
f 127/127/127 128/128/128 123/123/123
f 129/129/129 130/130/130 125/125/125
f 131/131/131 132/132/132 127/127/127
f 133/133/133 134/134/134 129/129/129
f 135/135/135 136/136/136 131/131/131
f 137/137/137 138/138/138 84/84/84
f 78/78/78 139/139/139 133/133/133
f 140/140/140 141/141/141 142/142/142
f 81/81/81 143/143/143 135/135/135
f 144/144/144 145/145/145 146/146/146
f 147/147/147 148/148/148 149/149/149
f 150/150/150 151/151/151 152/152/152
f 146/146/146 153/153/153 154/154/154
f 148/148/148 155/155/155 149/149/149
f 152/152/152 156/156/156 157/157/157
f 154/154/154 158/158/158 159/159/159
f 160/160/160 161/161/161 155/155/155
f 157/157/157 162/162/162 163/163/163
f 159/159/159 164/164/164 165/165/165
f 166/166/166 167/167/167 161/161/161
f 163/163/163 168/168/168 169/169/169
f 167/167/167 170/170/170 171/171/171
f 169/169/169 172/172/172 173/173/173
f 170/170/170 174/174/174 171/171/171
f 173/173/173 175/175/175 176/176/176
f 177/177/177 178/178/178 174/174/174
f 176/176/176 179/179/179 180/180/180
f 181/181/181 182/182/182 178/178/178
f 183/183/183 184/184/184 185/185/185
f 182/182/182 186/186/186 187/187/187
f 185/185/185 188/188/188 189/189/189
f 186/186/186 190/190/190 187/187/187
f 190/190/190 191/191/191 192/192/192
f 189/189/189 193/193/193 194/194/194
f 195/195/195 90/90/90 196/196/196
f 192/192/192 197/197/197 198/198/198
f 194/194/194 199/199/199 200/200/200
f 165/165/165 201/201/201 202/202/202
f 198/198/198 203/203/203 204/204/204
f 205/205/205 206/206/206 207/207/207
f 200/200/200 208/208/208 205/205/205
f 209/209/209 210/210/210 211/211/211
f 212/212/212 213/213/213 214/214/214
f 215/215/215 209/209/209 211/211/211
f 216/216/216 217/217/217 212/212/212
f 218/218/218 219/219/219 215/215/215
f 220/220/220 216/216/216 221/221/221
f 222/222/222 218/218/218 223/223/223
f 224/224/224 221/221/221 225/225/225
f 226/226/226 223/223/223 227/227/227
f 228/228/228 225/225/225 229/229/229
f 230/230/230 226/226/226 227/227/227
f 231/231/231 228/228/228 229/229/229
f 232/232/232 230/230/230 233/233/233
f 234/234/234 235/235/235 231/231/231
f 236/236/236 233/233/233 237/237/237
f 238/238/238 234/234/234 239/239/239
f 240/240/240 237/237/237 241/241/241
f 242/242/242 238/238/238 239/239/239
f 243/243/243 240/240/240 241/241/241
f 244/244/244 245/245/245 246/246/246
f 247/247/247 242/242/242 248/248/248
f 249/249/249 243/243/243 250/250/250
f 251/251/251 244/244/244 246/246/246
f 252/252/252 247/247/247 248/248/248
f 253/253/253 249/249/249 250/250/250
f 254/254/254 255/255/255 251/251/251
f 256/256/256 257/257/257 252/252/252
f 258/258/258 253/253/253 259/259/259
f 260/260/260 261/261/261 262/262/262
f 210/210/210 263/263/263 254/254/254
f 202/202/202 264/264/264 150/150/150
f 265/265/265 266/266/266 267/267/267
f 214/214/214 258/258/258 259/259/259
f 268/268/268 269/269/269 144/144/144
f 270/270/270 271/271/271 147/147/147
f 272/272/272 273/273/273 268/268/268
f 274/274/274 275/275/275 270/270/270
f 276/276/276 277/277/277 272/272/272
f 278/278/278 279/279/279 274/274/274
f 280/280/280 281/281/281 282/282/282
f 283/283/283 278/278/278 284/284/284
f 285/285/285 286/286/286 280/280/280
f 287/287/287 284/284/284 288/288/288
f 289/289/289 290/290/290 285/285/285
f 291/291/291 287/287/287 288/288/288
f 292/292/292 293/293/293 289/289/289
f 294/294/294 295/295/295 291/291/291
f 296/296/296 297/297/297 292/292/292
f 298/298/298 294/294/294 299/299/299
f 300/300/300 301/301/301 296/296/296
f 302/302/302 299/299/299 303/303/303
f 304/304/304 305/305/305 300/300/300
f 306/306/306 302/302/302 303/303/303
f 307/307/307 306/306/306 308/308/308
f 309/309/309 310/310/310 304/304/304
f 91/91/91 267/267/267 92/92/92
f 311/311/311 308/308/308 312/312/312
f 313/313/313 314/314/314 309/309/309
f 315/315/315 195/195/195 196/196/196
f 316/316/316 312/312/312 266/266/266
f 207/207/207 317/317/317 313/313/313
f 318/318/318 319/319/319 256/256/256
f 201/201/201 320/320/320 264/264/264
f 245/245/245 321/321/321 318/318/318
f 322/322/322 323/323/323 324/324/324
f 325/325/325 326/326/326 327/327/327
f 328/328/328 329/329/329 330/330/330
f 331/331/331 332/332/332 333/333/333
f 334/334/334 335/335/335 336/336/336
f 337/337/337 338/338/338 339/339/339
f 340/340/340 338/338/338 341/341/341
f 68/68/68 342/342/342 343/343/343
f 324/324/324 344/344/344 345/345/345
f 346/346/346 327/327/327 347/347/347
f 348/348/348 330/330/330 349/349/349
f 350/350/350 333/333/333 351/351/351
f 352/352/352 336/336/336 353/353/353
f 337/337/337 354/354/354 355/355/355
f 343/343/343 356/356/356 357/357/357
f 345/345/345 358/358/358 359/359/359
f 360/360/360 347/347/347 361/361/361
f 362/362/362 349/349/349 363/363/363
f 350/350/350 364/364/364 365/365/365
f 352/352/352 366/366/366 367/367/367
f 355/355/355 368/368/368 369/369/369
f 357/357/357 370/370/370 371/371/371
f 359/359/359 372/372/372 373/373/373
f 374/374/374 361/361/361 375/375/375
f 66/66/66 363/363/363 376/376/376
f 322/322/322 364/364/364 377/377/377
f 378/378/378 366/366/366 326/326/326
f 379/379/379 368/368/368 329/329/329
f 371/371/371 332/332/332 380/380/380
f 373/373/373 335/335/335 381/381/381
f 340/340/340 375/375/375 382/382/382
f 383/383/383 384/384/384 385/385/385
f 386/386/386 387/387/387 388/388/388
f 389/389/389 390/390/390 391/391/391
f 392/392/392 393/393/393 394/394/394
f 395/395/395 396/396/396 397/397/397
f 398/398/398 399/399/399 400/400/400
f 401/401/401 402/402/402 403/403/403
f 404/404/404 405/405/405 406/406/406
f 407/407/407 408/408/408 409/409/409
f 410/410/410 411/411/411 412/412/412
f 413/413/413 414/414/414 402/402/402
f 415/415/415 416/416/416 417/417/417
f 418/418/418 408/408/408 419/419/419
f 420/420/420 421/421/421 404/404/404
f 422/422/422 423/423/423 424/424/424
f 425/425/425 426/426/426 1/1/1
f 418/418/418 414/414/414 427/427/427
f 428/428/428 429/429/429 387/387/387
f 430/430/430 431/431/431 432/432/432
f 389/389/389 433/433/433 434/434/434
f 435/435/435 436/436/436 260/260/260
f 386/386/386 437/437/437 438/438/438
f 439/439/439 437/437/437 390/390/390
f 406/406/406 429/429/429 440/440/440
f 432/432/432 441/441/441 425/425/425
f 392/392/392 442/442/442 443/443/443
f 444/444/444 433/433/433 445/445/445
f 446/446/446 411/411/411 416/416/416
f 424/424/424 447/447/447 410/410/410
f 398/398/398 448/448/448 449/449/449
f 435/435/435 442/442/442 450/450/450
f 451/451/451 429/429/429 405/405/405
f 452/452/452 453/453/453 454/454/454
f 455/455/455 399/399/399 393/393/393
f 456/456/456 457/457/457 458/458/458
f 459/459/459 460/460/460 461/461/461
f 462/462/462 463/463/463 464/464/464
f 465/465/465 466/466/466 462/462/462
f 467/467/467 468/468/468 430/430/430
f 454/454/454 469/469/469 470/470/470
f 461/461/461 471/471/471 472/472/472
f 397/397/397 473/473/473 474/474/474
f 475/475/475 476/476/476 459/459/459
f 472/472/472 477/477/477 478/478/478
f 479/479/479 480/480/480 481/481/481
f 482/482/482 483/483/483 484/484/484
f 484/484/484 485/485/485 486/486/486
f 474/474/474 487/487/487 383/383/383
f 481/481/481 488/488/488 452/452/452
f 464/464/464 489/489/489 490/490/490
f 491/491/491 492/492/492 493/493/493
f 444/444/444 494/494/494 407/407/407
f 422/422/422 261/261/261 495/495/495
f 478/478/478 496/496/496 497/497/497
f 490/490/490 498/498/498 467/467/467
f 497/497/497 499/499/499 456/456/456
f 500/500/500 448/448/448 501/501/501
f 470/470/470 502/502/502 491/491/491
f 385/385/385 503/503/503 482/482/482
f 3/3/3 504/504/504 479/479/479
f 486/486/486 505/505/505 475/475/475
f 506/506/506 507/507/507 395/395/395
f 508/508/508 509/509/509 510/510/510
f 511/511/511 512/512/512 513/513/513
f 514/514/514 515/515/515 516/516/516
f 517/517/517 518/518/518 519/519/519
f 520/520/520 518/518/518 521/521/521
f 522/522/522 523/523/523 524/524/524
f 525/525/525 526/526/526 527/527/527
f 528/528/528 529/529/529 530/530/530
f 523/523/523 531/531/531 532/532/532
f 533/533/533 534/534/534 535/535/535
f 536/536/536 537/537/537 538/538/538
f 539/539/539 540/540/540 541/541/541
f 542/542/542 543/543/543 544/544/544
f 545/545/545 546/546/546 547/547/547
f 548/548/548 549/549/549 550/550/550
f 551/551/551 552/552/552 553/553/553
f 554/554/554 555/555/555 556/556/556
f 557/557/557 558/558/558 559/559/559
f 560/560/560 561/561/561 562/562/562
f 563/563/563 564/564/564 565/565/565
f 566/566/566 567/567/567 568/568/568
f 569/569/569 570/570/570 571/571/571
f 572/572/572 573/573/573 574/574/574
f 575/575/575 576/576/576 577/577/577
f 578/578/578 579/579/579 580/580/580
f 581/581/581 582/582/582 583/583/583
f 584/584/584 585/585/585 586/586/586
f 587/587/587 588/588/588 589/589/589
f 590/590/590 591/591/591 592/592/592
f 593/593/593 594/594/594 595/595/595
f 596/596/596 575/575/575 597/597/597
f 598/598/598 599/599/599 600/600/600
f 601/601/601 602/602/602 603/603/603
f 604/604/604 605/605/605 606/606/606
f 607/607/607 608/608/608 609/609/609
f 610/610/610 611/611/611 612/612/612
f 613/613/613 614/614/614 615/615/615
f 616/616/616 617/617/617 618/618/618
f 619/619/619 605/605/605 620/620/620
f 621/621/621 622/622/622 623/623/623
f 624/624/624 625/625/625 626/626/626
f 627/627/627 628/628/628 629/629/629
f 630/630/630 631/631/631 632/632/632
f 633/633/633 634/634/634 635/635/635
f 636/636/636 637/637/637 638/638/638
f 639/639/639 640/640/640 641/641/641
f 642/642/642 643/643/643 644/644/644
f 645/645/645 646/646/646 647/647/647
f 648/648/648 647/647/647 643/643/643
f 649/649/649 645/645/645 648/648/648
f 540/540/540 528/528/528 645/645/645
f 543/543/543 648/648/648 642/642/642
f 644/644/644 650/650/650 639/639/639
f 651/651/651 638/638/638 634/634/634
f 652/652/652 636/636/636 651/651/651
f 537/537/537 653/653/653 636/636/636
f 552/552/552 651/651/651 633/633/633
f 635/635/635 654/654/654 630/630/630
f 655/655/655 629/629/629 625/625/625
f 656/656/656 627/627/627 655/655/655
f 534/534/534 657/657/657 627/627/627
f 561/561/561 655/655/655 624/624/624
f 626/626/626 658/658/658 621/621/621
f 659/659/659 620/620/620 617/617/617
f 660/660/660 619/619/619 659/659/659
f 531/531/531 606/606/606 619/619/619
f 570/570/570 659/659/659 616/616/616
f 618/618/618 661/661/661 613/613/613
f 662/662/662 612/612/612 608/608/608
f 663/663/663 610/610/610 662/662/662
f 529/529/529 539/539/539 610/610/610
f 601/601/601 609/609/609 664/664/664
f 526/526/526 607/607/607 601/601/601
f 579/579/579 662/662/662 607/607/607
f 522/522/522 606/606/606 665/665/665
f 664/664/664 604/604/604 522/522/522
f 609/609/609 666/666/666 604/604/604
f 603/603/603 667/667/667 598/598/598
f 527/527/527 598/598/598 588/588/588
f 526/526/526 603/603/603 527/527/527
f 600/600/600 628/628/628 657/657/657
f 589/589/589 657/657/657 668/668/668
f 588/588/588 600/600/600 589/589/589
f 597/597/597 515/515/515 669/669/669
f 599/599/599 669/669/669 628/628/628
f 667/667/667 597/597/597 599/599/599
f 670/670/670 595/595/595 591/591/591
f 637/637/637 593/593/593 670/670/670
f 653/653/653 671/671/671 593/593/593
f 566/566/566 592/592/592 672/672/672
f 512/512/512 590/590/590 566/566/566
f 673/673/673 670/670/670 590/590/590
f 533/533/533 589/589/589 668/668/668
f 672/672/672 587/587/587 533/533/533
f 592/592/592 674/674/674 587/587/587
f 586/586/586 675/675/675 581/581/581
f 557/557/557 581/581/581 676/676/676
f 509/509/509 586/586/586 557/557/557
f 583/583/583 594/594/594 671/671/671
f 536/536/536 671/671/671 677/677/677
f 676/676/676 583/583/583 536/536/536
f 580/580/580 526/526/526 678/678/678
f 582/582/582 678/678/678 594/594/594
f 675/675/675 580/580/580 582/582/582
f 577/577/577 679/679/679 572/572/572
f 516/516/516 572/572/572 622/622/622
f 515/515/515 577/577/577 516/516/516
f 622/622/622 574/574/574 623/623/623
f 679/679/679 571/571/571 573/573/573
f 568/568/568 680/680/680 563/563/563
f 513/513/513 563/563/563 631/631/631
f 512/512/512 568/568/568 513/513/513
f 631/631/631 565/565/565 632/632/632
f 680/680/680 562/562/562 564/564/564
f 559/559/559 681/681/681 554/554/554
f 510/510/510 554/554/554 640/640/640
f 509/509/509 559/559/559 510/510/510
f 640/640/640 556/556/556 641/641/641
f 681/681/681 553/553/553 555/555/555
f 550/550/550 682/682/682 545/545/545
f 519/519/519 545/545/545 614/614/614
f 518/518/518 550/550/550 519/519/519
f 614/614/614 547/547/547 615/615/615
f 682/682/682 544/544/544 546/546/546
f 541/541/541 649/649/649 542/542/542
f 549/549/549 542/542/542 682/682/682
f 611/611/611 541/541/541 549/549/549
f 538/538/538 652/652/652 551/551/551
f 558/558/558 551/551/551 681/681/681
f 676/676/676 538/538/538 558/558/558
f 535/535/535 656/656/656 560/560/560
f 567/567/567 560/560/560 680/680/680
f 672/672/672 535/535/535 567/567/567
f 532/532/532 660/660/660 569/569/569
f 576/576/576 569/569/569 679/679/679
f 683/683/683 532/532/532 576/576/576
f 530/530/530 663/663/663 578/578/578
f 585/585/585 578/578/578 675/675/675
f 646/646/646 530/530/530 585/585/585
f 674/674/674 527/527/527 588/588/588
f 591/591/591 525/525/525 674/674/674
f 595/595/595 678/678/678 525/525/525
f 524/524/524 683/683/683 596/596/596
f 602/602/602 596/596/596 667/667/667
f 664/664/664 524/524/524 602/602/602
f 666/666/666 521/521/521 605/605/605
f 608/608/608 520/520/520 666/666/666
f 612/612/612 548/548/548 520/520/520
f 661/661/661 519/519/519 614/614/614
f 617/617/617 517/517/517 661/661/661
f 620/620/620 521/521/521 517/517/517
f 658/658/658 516/516/516 622/622/622
f 625/625/625 514/514/514 658/658/658
f 629/629/629 669/669/669 514/514/514
f 654/654/654 513/513/513 631/631/631
f 634/634/634 511/511/511 654/654/654
f 638/638/638 673/673/673 511/511/511
f 650/650/650 510/510/510 640/640/640
f 643/643/643 508/508/508 650/650/650
f 647/647/647 584/584/584 508/508/508
f 684/684/684 405/405/405 421/421/421
f 685/685/685 421/421/421 686/686/686
f 687/687/687 416/416/416 688/688/688
f 688/688/688 411/411/411 689/689/689
f 689/689/689 447/447/447 690/690/690
f 690/690/690 423/423/423 691/691/691
f 692/692/692 423/423/423 495/495/495
f 693/693/693 495/495/495 261/261/261
f 694/694/694 261/261/261 436/436/436
f 695/695/695 436/436/436 450/450/450
f 695/695/695 442/442/442 696/696/696
f 696/696/696 394/394/394 697/697/697
f 697/697/697 393/393/393 698/698/698
f 698/698/698 399/399/399 699/699/699
f 700/700/700 399/399/399 449/449/449
f 701/701/701 449/449/449 448/448/448
f 702/702/702 448/448/448 703/703/703
f 704/704/704 703/703/703 705/705/705
f 706/706/706 402/402/402 707/707/707
f 707/707/707 414/414/414 708/708/708
f 708/708/708 419/419/419 709/709/709
f 709/709/709 408/408/408 710/710/710
f 711/711/711 408/408/408 494/494/494
f 712/712/712 494/494/494 445/445/445
f 713/713/713 445/445/445 433/433/433
f 714/714/714 433/433/433 391/391/391
f 714/714/714 390/390/390 715/715/715
f 715/715/715 437/437/437 716/716/716
f 716/716/716 388/388/388 717/717/717
f 717/717/717 387/387/387 718/718/718
f 719/719/719 387/387/387 429/429/429
f 720/720/720 721/721/721 722/722/722
f 723/723/723 724/724/724 725/725/725
f 142/142/142 726/726/726 727/727/727
f 728/728/728 722/722/722 729/729/729
f 730/730/730 724/724/724 731/731/731
f 732/732/732 733/733/733 140/140/140
f 734/734/734 721/721/721 735/735/735
f 732/732/732 736/736/736 737/737/737
f 738/738/738 739/739/739 734/734/734
f 740/740/740 736/736/736 741/741/741
f 738/738/738 742/742/742 743/743/743
f 740/740/740 744/744/744 745/745/745
f 746/746/746 742/742/742 747/747/747
f 748/748/748 744/744/744 749/749/749
f 746/746/746 750/750/750 751/751/751
f 748/748/748 752/752/752 753/753/753
f 754/754/754 755/755/755 750/750/750
f 756/756/756 752/752/752 757/757/757
f 758/758/758 755/755/755 759/759/759
f 760/760/760 761/761/761 756/756/756
f 762/762/762 763/763/763 758/758/758
f 764/764/764 765/765/765 760/760/760
f 762/762/762 766/766/766 767/767/767
f 723/723/723 768/768/768 769/769/769
f 770/770/770 771/771/771 764/764/764
f 772/772/772 773/773/773 766/766/766
f 774/774/774 768/768/768 775/775/775
f 770/770/770 776/776/776 777/777/777
f 778/778/778 779/779/779 780/780/780
f 781/781/781 782/782/782 783/783/783
f 784/784/784 785/785/785 786/786/786
f 787/787/787 788/788/788 789/789/789
f 790/790/790 791/791/791 792/792/792
f 793/793/793 794/794/794 795/795/795
f 796/796/796 797/797/797 798/798/798
f 787/787/787 799/799/799 800/800/800
f 801/801/801 791/791/791 802/802/802
f 795/795/795 803/803/803 804/804/804
f 805/805/805 785/785/785 806/806/806
f 807/807/807 799/799/799 808/808/808
f 809/809/809 803/803/803 810/810/810
f 811/811/811 808/808/808 812/812/812
f 809/809/809 813/813/813 814/814/814
f 815/815/815 812/812/812 816/816/816
f 814/814/814 817/817/817 818/818/818
f 815/815/815 819/819/819 820/820/820
f 818/818/818 821/821/821 822/822/822
f 823/823/823 819/819/819 824/824/824
f 825/825/825 821/821/821 797/797/797
f 823/823/823 826/826/826 827/827/827
f 825/825/825 796/796/796 828/828/828
f 829/829/829 826/826/826 830/830/830
f 831/831/831 796/796/796 832/832/832
f 829/829/829 833/833/833 805/805/805
f 831/831/831 834/834/834 835/835/835
f 781/781/781 802/802/802 836/836/836
f 837/837/837 834/834/834 779/779/779
f 838/838/838 731/731/731 776/776/776
f 728/728/728 839/839/839 774/774/774
f 727/727/727 773/773/773 840/840/840
f 783/783/783 788/788/788 841/841/841
f 790/790/790 780/780/780 842/842/842
f 793/793/793 843/843/843 844/844/844
f 787/787/787 731/731/731 841/841/841
f 790/790/790 839/839/839 729/729/729
f 793/793/793 773/773/773 726/726/726
f 787/787/787 777/777/777 776/776/776
f 792/792/792 768/768/768 839/839/839
f 804/804/804 773/773/773 795/795/795
f 800/800/800 771/771/771 777/777/777
f 781/781/781 768/768/768 801/801/801
f 809/809/809 766/766/766 804/804/804
f 811/811/811 771/771/771 807/807/807
f 814/814/814 767/767/767 809/809/809
f 815/815/815 765/765/765 811/811/811
f 814/814/814 755/755/755 763/763/763
f 820/820/820 761/761/761 815/815/815
f 818/818/818 750/750/750 755/755/755
f 820/820/820 753/753/753 752/752/752
f 822/822/822 751/751/751 750/750/750
f 827/827/827 753/753/753 823/823/823
f 828/828/828 751/751/751 825/825/825
f 827/827/827 745/745/745 744/744/744
f 828/828/828 743/743/743 742/742/742
f 805/805/805 745/745/745 829/829/829
f 835/835/835 743/743/743 831/831/831
f 806/806/806 736/736/736 805/805/805
f 837/837/837 739/739/739 835/835/835
f 806/806/806 733/733/733 737/737/737
f 781/781/781 724/724/724 769/769/769
f 778/778/778 721/721/721 837/837/837
f 784/784/784 141/141/141 733/733/733
f 841/841/841 724/724/724 783/783/783
f 778/778/778 729/729/729 722/722/722
f 845/845/845 726/726/726 141/141/141
f 784/784/784 843/843/843 845/845/845
f 803/803/803 798/798/798 810/810/810
f 779/779/779 834/834/834 798/798/798
f 817/817/817 798/798/798 821/821/821
f 826/826/826 798/798/798 830/830/830
f 780/780/780 798/798/798 842/842/842
f 796/796/796 798/798/798 832/832/832
f 819/819/819 816/816/816 798/798/798
f 791/791/791 798/798/798 802/802/802
f 779/779/779 798/798/798 780/780/780
f 799/799/799 798/798/798 808/808/808
f 782/782/782 836/836/836 798/798/798
f 842/842/842 798/798/798 791/791/791
f 782/782/782 798/798/798 788/788/788
f 798/798/798 836/836/836 802/802/802
f 832/832/832 798/798/798 834/834/834
f 808/808/808 798/798/798 812/812/812
f 819/819/819 798/798/798 824/824/824
f 789/789/789 798/798/798 799/799/799
f 833/833/833 830/830/830 798/798/798
f 812/812/812 798/798/798 816/816/816
f 821/821/821 798/798/798 797/797/797
f 798/798/798 843/843/843 786/786/786
f 826/826/826 824/824/824 798/798/798
f 813/813/813 810/810/810 798/798/798
f 803/803/803 794/794/794 798/798/798
f 833/833/833 798/798/798 785/785/785
f 798/798/798 794/794/794 844/844/844
f 813/813/813 798/798/798 817/817/817
f 798/798/798 844/844/844 843/843/843
f 798/798/798 786/786/786 785/785/785
f 396/396/396 846/846/846 473/473/473
f 846/846/846 406/406/406 440/440/440
f 2/2/2 847/847/847 504/504/504
f 847/847/847 260/260/260 262/262/262
f 848/848/848 849/849/849 466/466/466
f 849/849/849 850/850/850 500/500/500
f 505/505/505 851/851/851 852/852/852
f 851/851/851 434/434/434 852/852/852
f 460/460/460 853/853/853 854/854/854
f 854/854/854 444/444/444 407/407/407
f 489/489/489 855/855/855 498/498/498
f 856/856/856 400/400/400 855/855/855
f 453/453/453 857/857/857 858/858/858
f 858/858/858 424/424/424 410/410/410
f 384/384/384 859/859/859 503/503/503
f 859/859/859 386/386/386 438/438/438
f 477/477/477 860/860/860 861/861/861
f 861/861/861 409/409/409 418/418/418
f 498/498/498 862/862/862 468/468/468
f 862/862/862 400/400/400 455/455/455
f 469/469/469 858/858/858 863/863/863
f 863/863/863 410/410/410 412/412/412
f 483/483/483 859/859/859 864/864/864
f 859/859/859 439/439/439 864/864/864
f 396/396/396 865/865/865 866/866/866
f 865/865/865 406/406/406 866/866/866
f 426/426/426 867/867/867 2/2/2
f 867/867/867 435/435/435 260/260/260
f 457/457/457 868/868/868 869/869/869
f 868/868/868 401/401/401 869/869/869
f 471/471/471 854/854/854 860/860/860
f 854/854/854 409/409/409 860/860/860
f 441/441/441 870/870/870 426/426/426
f 870/870/870 443/443/443 435/435/435
f 499/499/499 871/871/871 868/868/868
f 868/868/868 427/427/427 413/413/413
f 477/477/477 871/871/871 496/496/496
f 871/871/871 418/418/418 427/427/427
f 872/872/872 865/865/865 507/507/507
f 865/865/865 420/420/420 404/404/404
f 485/485/485 864/864/864 851/851/851
f 864/864/864 389/389/389 851/851/851
f 469/469/469 873/873/873 502/502/502
f 873/873/873 412/412/412 446/446/446
f 468/468/468 874/874/874 431/431/431
f 862/862/862 392/392/392 874/874/874
f 431/431/431 875/875/875 441/441/441
f 874/874/874 443/443/443 875/875/875
f 492/492/492 873/873/873 876/876/876
f 873/873/873 415/415/415 876/876/876
f 476/476/476 852/852/852 853/853/853
f 853/853/853 434/434/434 444/444/444
f 466/466/466 877/877/877 463/463/463
f 849/849/849 501/501/501 877/877/877
f 480/480/480 847/847/847 878/878/878
f 847/847/847 422/422/422 878/878/878
f 473/473/473 879/879/879 487/487/487
f 846/846/846 428/428/428 879/879/879
f 487/487/487 880/880/880 384/384/384
f 880/880/880 428/428/428 386/386/386
f 488/488/488 878/878/878 857/857/857
f 878/878/878 424/424/424 857/857/857
f 489/489/489 877/877/877 856/856/856
f 877/877/877 398/398/398 856/856/856
f 850/850/850 703/703/703 500/500/500
f 881/881/881 882/882/882 883/883/883
f 28/28/28 884/884/884 26/26/26
f 46/46/46 885/885/885 886/886/886
f 65/65/65 887/887/887 888/888/888
f 889/889/889 890/890/890 891/891/891
f 38/38/38 892/892/892 893/893/893
f 56/56/56 894/894/894 895/895/895
f 896/896/896 883/883/883 897/897/897
f 30/30/30 898/898/898 27/27/27
f 48/48/48 899/899/899 885/885/885
f 70/70/70 900/900/900 887/887/887
f 901/901/901 891/891/891 902/902/902
f 40/40/40 903/903/903 892/892/892
f 59/59/59 904/904/904 894/894/894
f 905/905/905 897/897/897 906/906/906
f 32/32/32 907/907/907 898/898/898
f 50/50/50 908/908/908 899/899/899
f 98/98/98 909/909/909 137/137/137
f 910/910/910 911/911/911 912/912/912
f 42/42/42 913/913/913 903/903/903
f 61/61/61 914/914/914 904/904/904
f 915/915/915 906/906/906 916/916/916
f 34/34/34 917/917/917 907/907/907
f 52/52/52 918/918/918 908/908/908
f 72/72/72 919/919/919 900/900/900
f 920/920/920 921/921/921 882/882/882
f 922/922/922 912/912/912 884/884/884
f 44/44/44 886/886/886 913/913/913
f 63/63/63 888/888/888 914/914/914
f 923/923/923 916/916/916 890/890/890
f 36/36/36 893/893/893 917/917/917
f 57/57/57 895/895/895 924/924/924
f 925/925/925 921/921/921 72/72/72
f 203/203/203 315/315/315 204/204/204
f 264/264/264 926/926/926 151/151/151
f 156/156/156 926/926/926 927/927/927
f 156/156/156 928/928/928 162/162/162
f 162/162/162 929/929/929 168/168/168
f 172/172/172 929/929/929 930/930/930
f 172/172/172 931/931/931 175/175/175
f 175/175/175 932/932/932 179/179/179
f 184/184/184 933/933/933 934/934/934
f 184/184/184 935/935/935 188/188/188
f 188/188/188 936/936/936 193/193/193
f 193/193/193 937/937/937 199/199/199
f 208/208/208 937/937/937 938/938/938
f 208/208/208 939/939/939 206/206/206
f 317/317/317 939/939/939 940/940/940
f 314/314/314 940/940/940 941/941/941
f 314/314/314 942/942/942 310/310/310
f 310/310/310 943/943/943 305/305/305
f 301/301/301 943/943/943 944/944/944
f 297/297/297 944/944/944 945/945/945
f 297/297/297 946/946/946 293/293/293
f 293/293/293 947/947/947 290/290/290
f 286/286/286 947/947/947 948/948/948
f 281/281/281 948/948/948 949/949/949
f 950/950/950 951/951/951 277/277/277
f 277/277/277 952/952/952 273/273/273
f 269/269/269 952/952/952 953/953/953
f 145/145/145 953/953/953 954/954/954
f 145/145/145 955/955/955 153/153/153
f 153/153/153 956/956/956 158/158/158
f 164/164/164 956/956/956 957/957/957
f 201/201/201 957/957/957 958/958/958
f 723/723/723 319/319/319 321/321/321
f 725/725/725 257/257/257 319/319/319
f 838/838/838 257/257/257 730/730/730
f 770/770/770 247/247/247 838/838/838
f 764/764/764 959/959/959 770/770/770
f 764/764/764 960/960/960 238/238/238
f 760/760/760 235/235/235 960/960/960
f 756/756/756 228/228/228 235/235/235
f 748/748/748 228/228/228 757/757/757
f 749/749/749 224/224/224 748/748/748
f 740/740/740 220/220/220 749/749/749
f 740/740/740 217/217/217 961/961/961
f 741/741/741 213/213/213 217/217/217
f 732/732/732 258/258/258 213/213/213
f 140/140/140 962/962/962 258/258/258
f 142/142/142 249/249/249 962/962/962
f 840/840/840 249/249/249 727/727/727
f 772/772/772 963/963/963 840/840/840
f 762/762/762 240/240/240 772/772/772
f 762/762/762 232/232/232 236/236/236
f 758/758/758 964/964/964 232/232/232
f 754/754/754 964/964/964 759/759/759
f 746/746/746 226/226/226 754/754/754
f 746/746/746 965/965/965 222/222/222
f 738/738/738 965/965/965 747/747/747
f 738/738/738 209/209/209 219/219/219
f 734/734/734 966/966/966 209/209/209
f 720/720/720 966/966/966 735/735/735
f 728/728/728 263/263/263 720/720/720
f 728/728/728 244/244/244 255/255/255
f 774/774/774 967/967/967 244/244/244
f 775/775/775 321/321/321 967/967/967
f 788/788/788 798/798/798 789/789/789
f 968/968/968 969/969/969 970/970/970
f 971/971/971 970/970/970 969/969/969
f 972/972/972 973/973/973 971/971/971
f 974/974/974 975/975/975 972/972/972
f 976/976/976 977/977/977 978/978/978
f 977/977/977 979/979/979 978/978/978
f 980/980/980 981/981/981 979/979/979
f 982/982/982 983/983/983 981/981/981
f 984/984/984 985/985/985 986/986/986
f 987/987/987 986/986/986 985/985/985
f 987/987/987 988/988/988 989/989/989
f 990/990/990 988/988/988 991/991/991
f 990/990/990 992/992/992 993/993/993
f 994/994/994 995/995/995 992/992/992
f 996/996/996 997/997/997 995/995/995
f 998/998/998 997/997/997 999/999/999
f 1000/1000/1000 1001/1001/1001 998/998/998
f 1000/1000/1000 1002/1002/1002 1003/1003/1003
f 1004/1004/1004 1005/1005/1005 1002/1002/1002
f 1006/1006/1006 1007/1007/1007 1005/1005/1005
f 1008/1008/1008 25/25/25 1007/1007/1007
f 26/26/26 1009/1009/1009 29/29/29
f 884/884/884 1010/1010/1010 1009/1009/1009
f 912/912/912 1011/1011/1011 1010/1010/1010
f 902/902/902 1012/1012/1012 1013/1013/1013
f 891/891/891 1014/1014/1014 1012/1012/1012
f 890/890/890 1015/1015/1015 1014/1014/1014
f 916/916/916 1016/1016/1016 1015/1015/1015
f 906/906/906 1017/1017/1017 1016/1016/1016
f 897/897/897 1018/1018/1018 1017/1017/1017
f 883/883/883 1019/1019/1019 1018/1018/1018
f 882/882/882 1020/1020/1020 1019/1019/1019
f 1021/1021/1021 395/395/395 1022/1022/1022
f 1023/1023/1023 475/475/475 1024/1024/1024
f 1025/1025/1025 479/479/479 1026/1026/1026
f 1027/1027/1027 482/482/482 1028/1028/1028
f 1029/1029/1029 491/491/491 1030/1030/1030
f 1031/1031/1031 456/456/456 1032/1032/1032
f 1033/1033/1033 467/467/467 1034/1034/1034
f 1035/1035/1035 497/497/497 1031/1031/1031
f 1030/1030/1030 493/493/493 1036/1036/1036
f 1037/1037/1037 490/490/490 1033/1033/1033
f 1038/1038/1038 452/452/452 1039/1039/1039
f 1040/1040/1040 383/383/383 1041/1041/1041
f 1042/1042/1042 486/486/486 1023/1023/1023
f 1028/1028/1028 484/484/484 1042/1042/1042
f 1026/1026/1026 481/481/481 1038/1038/1038
f 1043/1043/1043 478/478/478 1035/1035/1035
f 1024/1024/1024 459/459/459 1044/1044/1044
f 1045/1045/1045 474/474/474 1040/1040/1040
f 1046/1046/1046 472/472/472 1043/1043/1043
f 1047/1047/1047 470/470/470 1029/1029/1029
f 1034/1034/1034 430/430/430 1048/1048/1048
f 1049/1049/1049 462/462/462 1050/1050/1050
f 1050/1050/1050 464/464/464 1037/1037/1037
f 1044/1044/1044 461/461/461 1046/1046/1046
f 1032/1032/1032 458/458/458 1051/1051/1051
f 1039/1039/1039 454/454/454 1047/1047/1047
f 1052/1052/1052 425/425/425 1053/1053/1053
f 1048/1048/1048 432/432/432 1052/1052/1052
f 1053/1053/1053 1/1/1 1054/1054/1054
f 1022/1022/1022 397/397/397 1045/1045/1045
f 1041/1041/1041 385/385/385 1027/1027/1027
f 1054/1054/1054 3/3/3 1025/1025/1025
f 1055/1055/1055 1056/1056/1056 968/968/968
f 1057/1057/1057 1056/1056/1056 1058/1058/1058
f 1059/1059/1059 5/5/5 1057/1057/1057
f 1060/1060/1060 7/7/7 1059/1059/1059
f 1061/1061/1061 9/9/9 1060/1060/1060
f 1061/1061/1061 13/13/13 11/11/11
f 1062/1062/1062 13/13/13 1063/1063/1063
f 1064/1064/1064 15/15/15 1062/1062/1062
f 1065/1065/1065 21/21/21 20/20/20
f 1066/1066/1066 23/23/23 21/21/21
f 1067/1067/1067 23/23/23 1068/1068/1068
f 1067/1067/1067 1007/1007/1007 25/25/25
f 1069/1069/1069 1005/1005/1005 1007/1007/1007
f 1070/1070/1070 1002/1002/1002 1005/1005/1005
f 1071/1071/1071 1003/1003/1003 1002/1002/1002
f 1072/1072/1072 1003/1003/1003 1073/1073/1073
f 1074/1074/1074 1001/1001/1001 1072/1072/1072
f 1074/1074/1074 995/995/995 997/997/997
f 1075/1075/1075 992/992/992 995/995/995
f 1076/1076/1076 993/993/993 992/992/992
f 1077/1077/1077 993/993/993 1078/1078/1078
f 1077/1077/1077 989/989/989 988/988/988
f 1079/1079/1079 989/989/989 1080/1080/1080
f 1081/1081/1081 986/986/986 1079/1079/1079
f 1082/1082/1082 981/981/981 983/983/983
f 1083/1083/1083 979/979/979 981/981/981
f 1084/1084/1084 979/979/979 1085/1085/1085
f 1086/1086/1086 978/978/978 1084/1084/1084
f 1087/1087/1087 976/976/976 1086/1086/1086
f 1088/1088/1088 975/975/975 1087/1087/1087
f 1089/1089/1089 973/973/973 1088/1088/1088
f 1055/1055/1055 970/970/970 1089/1089/1089
f 1090/1090/1090 1091/1091/1091 1092/1092/1092
f 6/6/6 1091/1091/1091 4/4/4
f 6/6/6 1093/1093/1093 1094/1094/1094
f 10/10/10 1093/1093/1093 8/8/8
f 12/12/12 1095/1095/1095 10/10/10
f 14/14/14 1096/1096/1096 12/12/12
f 14/14/14 1097/1097/1097 1098/1098/1098
f 18/18/18 1097/1097/1097 16/16/16
f 1099/1099/1099 1100/1100/1100 1101/1101/1101
f 22/22/22 1100/1100/1100 19/19/19
f 22/22/22 1102/1102/1102 1103/1103/1103
f 24/24/24 1104/1104/1104 1102/1102/1102
f 1008/1008/1008 1105/1105/1105 1104/1104/1104
f 1006/1006/1006 1106/1106/1106 1105/1105/1105
f 1004/1004/1004 1107/1107/1107 1106/1106/1106
f 998/998/998 1107/1107/1107 1000/1000/1000
f 999/999/999 1108/1108/1108 998/998/998
f 999/999/999 1109/1109/1109 1110/1110/1110
f 996/996/996 1111/1111/1111 1109/1109/1109
f 994/994/994 1112/1112/1112 1111/1111/1111
f 991/991/991 1112/1112/1112 990/990/990
f 991/991/991 1113/1113/1113 1114/1114/1114
f 985/985/985 1113/1113/1113 987/987/987
f 1115/1115/1115 1116/1116/1116 985/985/985
f 1117/1117/1117 1118/1118/1118 1119/1119/1119
f 982/982/982 1120/1120/1120 1118/1118/1118
f 980/980/980 1121/1121/1121 1120/1120/1120
f 974/974/974 1121/1121/1121 977/977/977
f 972/972/972 1122/1122/1122 974/974/974
f 971/971/971 1123/1123/1123 972/972/972
f 969/969/969 1124/1124/1124 971/971/971
f 1090/1090/1090 1125/1125/1125 969/969/969
f 97/97/97 1126/1126/1126 909/909/909
f 97/97/97 1127/1127/1127 1128/1128/1128
f 83/83/83 1127/1127/1127 74/74/74
f 83/83/83 1129/1129/1129 1130/1130/1130
f 89/89/89 1131/1131/1131 1129/1129/1129
f 102/102/102 1131/1131/1131 96/96/96
f 106/106/106 1132/1132/1132 102/102/102
f 106/106/106 1133/1133/1133 1134/1134/1134
f 115/115/115 1135/1135/1135 110/110/110
f 115/115/115 1136/1136/1136 1137/1137/1137
f 119/119/119 1138/1138/1138 1136/1136/1136
f 128/128/128 1138/1138/1138 124/124/124
f 132/132/132 1139/1139/1139 128/128/128
f 132/132/132 1140/1140/1140 1141/1141/1141
f 136/136/136 1142/1142/1142 1140/1140/1140
f 143/143/143 1143/1143/1143 1142/1142/1142
f 87/87/87 1143/1143/1143 80/80/80
f 94/94/94 1144/1144/1144 87/87/87
f 100/100/100 1145/1145/1145 94/94/94
f 104/104/104 1146/1146/1146 100/100/100
f 104/104/104 1147/1147/1147 1148/1148/1148
f 108/108/108 1149/1149/1149 1147/1147/1147
f 113/113/113 1150/1150/1150 1149/1149/1149
f 1151/1151/1151 1150/1150/1150 117/117/117
f 126/126/126 1152/1152/1152 121/121/121
f 130/130/130 1153/1153/1153 126/126/126
f 134/134/134 1154/1154/1154 130/130/130
f 134/134/134 1155/1155/1155 1156/1156/1156
f 139/139/139 1157/1157/1157 1155/1155/1155
f 77/77/77 1158/1158/1158 1157/1157/1157
f 85/85/85 1159/1159/1159 1158/1158/1158
f 138/138/138 1126/1126/1126 1159/1159/1159
f 1160/1160/1160 202/202/202 1161/1161/1161
f 1162/1162/1162 165/165/165 1160/1160/1160
f 1163/1163/1163 159/159/159 1162/1162/1162
f 1163/1163/1163 146/146/146 154/154/154
f 1164/1164/1164 146/146/146 1165/1165/1165
f 1166/1166/1166 144/144/144 1164/1164/1164
f 1166/1166/1166 272/272/272 268/268/268
f 1167/1167/1167 276/276/276 272/272/272
f 1168/1168/1168 282/282/282 1169/1169/1169
f 1170/1170/1170 280/280/280 1168/1168/1168
f 1170/1170/1170 289/289/289 285/285/285
f 1171/1171/1171 292/292/292 289/289/289
f 1172/1172/1172 292/292/292 1173/1173/1173
f 1172/1172/1172 300/300/300 296/296/296
f 1174/1174/1174 304/304/304 300/300/300
f 1175/1175/1175 309/309/309 304/304/304
f 1176/1176/1176 309/309/309 1177/1177/1177
f 1178/1178/1178 313/313/313 1176/1176/1176
f 1178/1178/1178 205/205/205 207/207/207
f 1179/1179/1179 205/205/205 1180/1180/1180
f 1179/1179/1179 194/194/194 200/200/200
f 1181/1181/1181 194/194/194 1182/1182/1182
f 1183/1183/1183 189/189/189 1181/1181/1181
f 1184/1184/1184 185/185/185 1183/1183/1183
f 1185/1185/1185 176/176/176 180/180/180
f 1186/1186/1186 173/173/173 176/176/176
f 1187/1187/1187 173/173/173 1188/1188/1188
f 1189/1189/1189 169/169/169 1187/1187/1187
f 1189/1189/1189 157/157/157 163/163/163
f 1190/1190/1190 157/157/157 1191/1191/1191
f 1190/1190/1190 150/150/150 152/152/152
f 1192/1192/1192 202/202/202 150/150/150
f 4/4/4 968/968/968 1056/1056/1056
f 1/1/1 426/426/426 2/2/2
f 4/4/4 1056/1056/1056 5/5/5
f 6/6/6 5/5/5 7/7/7
f 8/8/8 7/7/7 9/9/9
f 10/10/10 9/9/9 11/11/11
f 13/13/13 14/14/14 12/12/12
f 14/14/14 13/13/13 15/15/15
f 16/16/16 15/15/15 17/17/17
f 19/19/19 1099/1099/1099 20/20/20
f 22/22/22 19/19/19 21/21/21
f 24/24/24 22/22/22 23/23/23
f 26/26/26 30/30/30 27/27/27
f 29/29/29 31/31/31 30/30/30
f 31/31/31 33/33/33 32/32/32
f 33/33/33 35/35/35 34/34/34
f 35/35/35 37/37/37 36/36/36
f 37/37/37 39/39/39 38/38/38
f 39/39/39 41/41/41 40/40/40
f 41/41/41 43/43/43 42/42/42
f 43/43/43 45/45/45 44/44/44
f 45/45/45 47/47/47 46/46/46
f 47/47/47 49/49/49 48/48/48
f 49/49/49 51/51/51 50/50/50
f 51/51/51 53/53/53 52/52/52
f 53/53/53 1193/1193/1193 54/54/54
f 55/55/55 58/58/58 56/56/56
f 58/58/58 60/60/60 59/59/59
f 60/60/60 62/62/62 61/61/61
f 62/62/62 64/64/64 63/63/63
f 64/64/64 69/69/69 65/65/65
f 66/66/66 376/376/376 67/67/67
f 69/69/69 71/71/71 70/70/70
f 71/71/71 925/925/925 72/72/72
f 73/73/73 83/83/83 74/74/74
f 76/76/76 85/85/85 77/77/77
f 79/79/79 87/87/87 80/80/80
f 82/82/82 89/89/89 83/83/83
f 84/84/84 138/138/138 85/85/85
f 86/86/86 94/94/94 87/87/87
f 88/88/88 96/96/96 89/89/89
f 90/90/90 1194/1194/1194 91/91/91
f 93/93/93 100/100/100 94/94/94
f 95/95/95 102/102/102 96/96/96
f 75/75/75 74/74/74 97/97/97
f 99/99/99 104/104/104 100/100/100
f 101/101/101 106/106/106 102/102/102
f 103/103/103 108/108/108 104/104/104
f 105/105/105 1195/1195/1195 106/106/106
f 107/107/107 113/113/113 108/108/108
f 109/109/109 115/115/115 110/110/110
f 112/112/112 117/117/117 113/113/113
f 114/114/114 119/119/119 115/115/115
f 116/116/116 1151/1151/1151 117/117/117
f 118/118/118 124/124/124 119/119/119
f 120/120/120 126/126/126 121/121/121
f 123/123/123 128/128/128 124/124/124
f 125/125/125 130/130/130 126/126/126
f 127/127/127 132/132/132 128/128/128
f 129/129/129 134/134/134 130/130/130
f 131/131/131 136/136/136 132/132/132
f 133/133/133 139/139/139 134/134/134
f 135/135/135 143/143/143 136/136/136
f 137/137/137 909/909/909 138/138/138
f 78/78/78 77/77/77 139/139/139
f 140/140/140 733/733/733 141/141/141
f 81/81/81 80/80/80 143/143/143
f 144/144/144 269/269/269 145/145/145
f 147/147/147 271/271/271 148/148/148
f 150/150/150 264/264/264 151/151/151
f 146/146/146 145/145/145 153/153/153
f 148/148/148 160/160/160 155/155/155
f 152/152/152 151/151/151 156/156/156
f 154/154/154 153/153/153 158/158/158
f 160/160/160 166/166/166 161/161/161
f 157/157/157 156/156/156 162/162/162
f 159/159/159 158/158/158 164/164/164
f 166/166/166 1196/1196/1196 167/167/167
f 163/163/163 162/162/162 168/168/168
f 167/167/167 1196/1196/1196 170/170/170
f 169/169/169 168/168/168 172/172/172
f 170/170/170 177/177/177 174/174/174
f 173/173/173 172/172/172 175/175/175
f 177/177/177 181/181/181 178/178/178
f 176/176/176 175/175/175 179/179/179
f 181/181/181 1197/1197/1197 182/182/182
f 183/183/183 1198/1198/1198 184/184/184
f 182/182/182 1197/1197/1197 186/186/186
f 185/185/185 184/184/184 188/188/188
f 186/186/186 1199/1199/1199 190/190/190
f 190/190/190 1199/1199/1199 191/191/191
f 189/189/189 188/188/188 193/193/193
f 195/195/195 1194/1194/1194 90/90/90
f 192/192/192 191/191/191 197/197/197
f 194/194/194 193/193/193 199/199/199
f 165/165/165 164/164/164 201/201/201
f 198/198/198 197/197/197 203/203/203
f 205/205/205 208/208/208 206/206/206
f 200/200/200 199/199/199 208/208/208
f 209/209/209 966/966/966 210/210/210
f 212/212/212 217/217/217 213/213/213
f 215/215/215 219/219/219 209/209/209
f 216/216/216 961/961/961 217/217/217
f 218/218/218 965/965/965 219/219/219
f 220/220/220 961/961/961 216/216/216
f 222/222/222 965/965/965 218/218/218
f 224/224/224 220/220/220 221/221/221
f 226/226/226 222/222/222 223/223/223
f 228/228/228 224/224/224 225/225/225
f 230/230/230 964/964/964 226/226/226
f 231/231/231 235/235/235 228/228/228
f 232/232/232 964/964/964 230/230/230
f 234/234/234 960/960/960 235/235/235
f 236/236/236 232/232/232 233/233/233
f 238/238/238 960/960/960 234/234/234
f 240/240/240 236/236/236 237/237/237
f 242/242/242 959/959/959 238/238/238
f 243/243/243 963/963/963 240/240/240
f 244/244/244 967/967/967 245/245/245
f 247/247/247 959/959/959 242/242/242
f 249/249/249 963/963/963 243/243/243
f 251/251/251 255/255/255 244/244/244
f 252/252/252 257/257/257 247/247/247
f 253/253/253 962/962/962 249/249/249
f 254/254/254 263/263/263 255/255/255
f 256/256/256 319/319/319 257/257/257
f 258/258/258 962/962/962 253/253/253
f 260/260/260 436/436/436 261/261/261
f 210/210/210 966/966/966 263/263/263
f 202/202/202 201/201/201 264/264/264
f 265/265/265 316/316/316 266/266/266
f 214/214/214 213/213/213 258/258/258
f 268/268/268 273/273/273 269/269/269
f 270/270/270 275/275/275 271/271/271
f 272/272/272 277/277/277 273/273/273
f 274/274/274 279/279/279 275/275/275
f 276/276/276 950/950/950 277/277/277
f 278/278/278 1200/1200/1200 279/279/279
f 280/280/280 286/286/286 281/281/281
f 283/283/283 1200/1200/1200 278/278/278
f 285/285/285 290/290/290 286/286/286
f 287/287/287 283/283/283 284/284/284
f 289/289/289 293/293/293 290/290/290
f 291/291/291 295/295/295 287/287/287
f 292/292/292 297/297/297 293/293/293
f 294/294/294 1201/1201/1201 295/295/295
f 296/296/296 301/301/301 297/297/297
f 298/298/298 1201/1201/1201 294/294/294
f 300/300/300 305/305/305 301/301/301
f 302/302/302 298/298/298 299/299/299
f 304/304/304 310/310/310 305/305/305
f 306/306/306 1202/1202/1202 302/302/302
f 307/307/307 1202/1202/1202 306/306/306
f 309/309/309 314/314/314 310/310/310
f 91/91/91 265/265/265 267/267/267
f 311/311/311 307/307/307 308/308/308
f 313/313/313 317/317/317 314/314/314
f 315/315/315 1203/1203/1203 195/195/195
f 316/316/316 311/311/311 312/312/312
f 207/207/207 206/206/206 317/317/317
f 318/318/318 321/321/321 319/319/319
f 201/201/201 958/958/958 320/320/320
f 245/245/245 967/967/967 321/321/321
f 322/322/322 377/377/377 323/323/323
f 325/325/325 378/378/378 326/326/326
f 328/328/328 379/379/379 329/329/329
f 331/331/331 380/380/380 332/332/332
f 334/334/334 381/381/381 335/335/335
f 337/337/337 341/341/341 338/338/338
f 340/340/340 382/382/382 338/338/338
f 68/68/68 67/67/67 342/342/342
f 324/324/324 323/323/323 344/344/344
f 346/346/346 325/325/325 327/327/327
f 348/348/348 328/328/328 330/330/330
f 350/350/350 331/331/331 333/333/333
f 352/352/352 334/334/334 336/336/336
f 337/337/337 339/339/339 354/354/354
f 343/343/343 342/342/342 356/356/356
f 345/345/345 344/344/344 358/358/358
f 360/360/360 346/346/346 347/347/347
f 362/362/362 348/348/348 349/349/349
f 350/350/350 351/351/351 364/364/364
f 352/352/352 353/353/353 366/366/366
f 355/355/355 354/354/354 368/368/368
f 357/357/357 356/356/356 370/370/370
f 359/359/359 358/358/358 372/372/372
f 374/374/374 360/360/360 361/361/361
f 66/66/66 362/362/362 363/363/363
f 322/322/322 365/365/365 364/364/364
f 378/378/378 367/367/367 366/366/366
f 379/379/379 369/369/369 368/368/368
f 371/371/371 370/370/370 332/332/332
f 373/373/373 372/372/372 335/335/335
f 340/340/340 374/374/374 375/375/375
f 383/383/383 487/487/487 384/384/384
f 386/386/386 428/428/428 387/387/387
f 389/389/389 439/439/439 390/390/390
f 392/392/392 455/455/455 393/393/393
f 395/395/395 507/507/507 396/396/396
f 398/398/398 449/449/449 399/399/399
f 401/401/401 413/413/413 402/402/402
f 404/404/404 421/421/421 405/405/405
f 407/407/407 494/494/494 408/408/408
f 410/410/410 447/447/447 411/411/411
f 413/413/413 427/427/427 414/414/414
f 415/415/415 446/446/446 416/416/416
f 418/418/418 409/409/409 408/408/408
f 420/420/420 686/686/686 421/421/421
f 422/422/422 495/495/495 423/423/423
f 425/425/425 441/441/441 426/426/426
f 418/418/418 419/419/419 414/414/414
f 428/428/428 440/440/440 429/429/429
f 430/430/430 468/468/468 431/431/431
f 389/389/389 391/391/391 433/433/433
f 435/435/435 450/450/450 436/436/436
f 386/386/386 388/388/388 437/437/437
f 439/439/439 438/438/438 437/437/437
f 406/406/406 405/405/405 429/429/429
f 432/432/432 431/431/431 441/441/441
f 392/392/392 394/394/394 442/442/442
f 444/444/444 434/434/434 433/433/433
f 446/446/446 412/412/412 411/411/411
f 424/424/424 423/423/423 447/447/447
f 398/398/398 501/501/501 448/448/448
f 435/435/435 443/443/443 442/442/442
f 451/451/451 719/719/719 429/429/429
f 452/452/452 488/488/488 453/453/453
f 455/455/455 400/400/400 399/399/399
f 456/456/456 499/499/499 457/457/457
f 459/459/459 476/476/476 460/460/460
f 462/462/462 466/466/466 463/463/463
f 465/465/465 848/848/848 466/466/466
f 467/467/467 498/498/498 468/468/468
f 454/454/454 453/453/453 469/469/469
f 461/461/461 460/460/460 471/471/471
f 397/397/397 396/396/396 473/473/473
f 475/475/475 505/505/505 476/476/476
f 472/472/472 471/471/471 477/477/477
f 479/479/479 504/504/504 480/480/480
f 482/482/482 503/503/503 483/483/483
f 484/484/484 483/483/483 485/485/485
f 474/474/474 473/473/473 487/487/487
f 481/481/481 480/480/480 488/488/488
f 464/464/464 463/463/463 489/489/489
f 491/491/491 502/502/502 492/492/492
f 444/444/444 445/445/445 494/494/494
f 422/422/422 262/262/262 261/261/261
f 478/478/478 477/477/477 496/496/496
f 490/490/490 489/489/489 498/498/498
f 497/497/497 496/496/496 499/499/499
f 500/500/500 703/703/703 448/448/448
f 470/470/470 469/469/469 502/502/502
f 385/385/385 384/384/384 503/503/503
f 3/3/3 2/2/2 504/504/504
f 486/486/486 485/485/485 505/505/505
f 506/506/506 872/872/872 507/507/507
f 508/508/508 584/584/584 509/509/509
f 511/511/511 673/673/673 512/512/512
f 514/514/514 669/669/669 515/515/515
f 517/517/517 521/521/521 518/518/518
f 520/520/520 548/548/548 518/518/518
f 522/522/522 665/665/665 523/523/523
f 525/525/525 678/678/678 526/526/526
f 528/528/528 1204/1204/1204 529/529/529
f 523/523/523 665/665/665 531/531/531
f 533/533/533 668/668/668 534/534/534
f 536/536/536 677/677/677 537/537/537
f 539/539/539 1204/1204/1204 540/540/540
f 542/542/542 649/649/649 543/543/543
f 545/545/545 682/682/682 546/546/546
f 548/548/548 611/611/611 549/549/549
f 551/551/551 652/652/652 552/552/552
f 554/554/554 681/681/681 555/555/555
f 557/557/557 676/676/676 558/558/558
f 560/560/560 656/656/656 561/561/561
f 563/563/563 680/680/680 564/564/564
f 566/566/566 672/672/672 567/567/567
f 569/569/569 660/660/660 570/570/570
f 572/572/572 679/679/679 573/573/573
f 575/575/575 683/683/683 576/576/576
f 578/578/578 663/663/663 579/579/579
f 581/581/581 675/675/675 582/582/582
f 584/584/584 646/646/646 585/585/585
f 587/587/587 674/674/674 588/588/588
f 590/590/590 670/670/670 591/591/591
f 593/593/593 671/671/671 594/594/594
f 596/596/596 683/683/683 575/575/575
f 598/598/598 667/667/667 599/599/599
f 601/601/601 664/664/664 602/602/602
f 604/604/604 666/666/666 605/605/605
f 607/607/607 662/662/662 608/608/608
f 610/610/610 539/539/539 611/611/611
f 613/613/613 661/661/661 614/614/614
f 616/616/616 659/659/659 617/617/617
f 619/619/619 606/606/606 605/605/605
f 621/621/621 658/658/658 622/622/622
f 624/624/624 655/655/655 625/625/625
f 627/627/627 657/657/657 628/628/628
f 630/630/630 654/654/654 631/631/631
f 633/633/633 651/651/651 634/634/634
f 636/636/636 653/653/653 637/637/637
f 639/639/639 650/650/650 640/640/640
f 642/642/642 648/648/648 643/643/643
f 645/645/645 528/528/528 646/646/646
f 648/648/648 645/645/645 647/647/647
f 649/649/649 540/540/540 645/645/645
f 540/540/540 1204/1204/1204 528/528/528
f 543/543/543 649/649/649 648/648/648
f 644/644/644 643/643/643 650/650/650
f 651/651/651 636/636/636 638/638/638
f 652/652/652 537/537/537 636/636/636
f 537/537/537 677/677/677 653/653/653
f 552/552/552 652/652/652 651/651/651
f 635/635/635 634/634/634 654/654/654
f 655/655/655 627/627/627 629/629/629
f 656/656/656 534/534/534 627/627/627
f 534/534/534 668/668/668 657/657/657
f 561/561/561 656/656/656 655/655/655
f 626/626/626 625/625/625 658/658/658
f 659/659/659 619/619/619 620/620/620
f 660/660/660 531/531/531 619/619/619
f 531/531/531 665/665/665 606/606/606
f 570/570/570 660/660/660 659/659/659
f 618/618/618 617/617/617 661/661/661
f 662/662/662 610/610/610 612/612/612
f 663/663/663 529/529/529 610/610/610
f 529/529/529 1204/1204/1204 539/539/539
f 601/601/601 607/607/607 609/609/609
f 526/526/526 579/579/579 607/607/607
f 579/579/579 663/663/663 662/662/662
f 522/522/522 604/604/604 606/606/606
f 664/664/664 609/609/609 604/604/604
f 609/609/609 608/608/608 666/666/666
f 603/603/603 602/602/602 667/667/667
f 527/527/527 603/603/603 598/598/598
f 526/526/526 601/601/601 603/603/603
f 600/600/600 599/599/599 628/628/628
f 589/589/589 600/600/600 657/657/657
f 588/588/588 598/598/598 600/600/600
f 597/597/597 575/575/575 515/515/515
f 599/599/599 597/597/597 669/669/669
f 667/667/667 596/596/596 597/597/597
f 670/670/670 593/593/593 595/595/595
f 637/637/637 653/653/653 593/593/593
f 653/653/653 677/677/677 671/671/671
f 566/566/566 590/590/590 592/592/592
f 512/512/512 673/673/673 590/590/590
f 673/673/673 637/637/637 670/670/670
f 533/533/533 587/587/587 589/589/589
f 672/672/672 592/592/592 587/587/587
f 592/592/592 591/591/591 674/674/674
f 586/586/586 585/585/585 675/675/675
f 557/557/557 586/586/586 581/581/581
f 509/509/509 584/584/584 586/586/586
f 583/583/583 582/582/582 594/594/594
f 536/536/536 583/583/583 671/671/671
f 676/676/676 581/581/581 583/583/583
f 580/580/580 579/579/579 526/526/526
f 582/582/582 580/580/580 678/678/678
f 675/675/675 578/578/578 580/580/580
f 577/577/577 576/576/576 679/679/679
f 516/516/516 577/577/577 572/572/572
f 515/515/515 575/575/575 577/577/577
f 622/622/622 572/572/572 574/574/574
f 679/679/679 569/569/569 571/571/571
f 568/568/568 567/567/567 680/680/680
f 513/513/513 568/568/568 563/563/563
f 512/512/512 566/566/566 568/568/568
f 631/631/631 563/563/563 565/565/565
f 680/680/680 560/560/560 562/562/562
f 559/559/559 558/558/558 681/681/681
f 510/510/510 559/559/559 554/554/554
f 509/509/509 557/557/557 559/559/559
f 640/640/640 554/554/554 556/556/556
f 681/681/681 551/551/551 553/553/553
f 550/550/550 549/549/549 682/682/682
f 519/519/519 550/550/550 545/545/545
f 518/518/518 548/548/548 550/550/550
f 614/614/614 545/545/545 547/547/547
f 682/682/682 542/542/542 544/544/544
f 541/541/541 540/540/540 649/649/649
f 549/549/549 541/541/541 542/542/542
f 611/611/611 539/539/539 541/541/541
f 538/538/538 537/537/537 652/652/652
f 558/558/558 538/538/538 551/551/551
f 676/676/676 536/536/536 538/538/538
f 535/535/535 534/534/534 656/656/656
f 567/567/567 535/535/535 560/560/560
f 672/672/672 533/533/533 535/535/535
f 532/532/532 531/531/531 660/660/660
f 576/576/576 532/532/532 569/569/569
f 683/683/683 523/523/523 532/532/532
f 530/530/530 529/529/529 663/663/663
f 585/585/585 530/530/530 578/578/578
f 646/646/646 528/528/528 530/530/530
f 674/674/674 525/525/525 527/527/527
f 591/591/591 595/595/595 525/525/525
f 595/595/595 594/594/594 678/678/678
f 524/524/524 523/523/523 683/683/683
f 602/602/602 524/524/524 596/596/596
f 664/664/664 522/522/522 524/524/524
f 666/666/666 520/520/520 521/521/521
f 608/608/608 612/612/612 520/520/520
f 612/612/612 611/611/611 548/548/548
f 661/661/661 517/517/517 519/519/519
f 617/617/617 620/620/620 517/517/517
f 620/620/620 605/605/605 521/521/521
f 658/658/658 514/514/514 516/516/516
f 625/625/625 629/629/629 514/514/514
f 629/629/629 628/628/628 669/669/669
f 654/654/654 511/511/511 513/513/513
f 634/634/634 638/638/638 511/511/511
f 638/638/638 637/637/637 673/673/673
f 650/650/650 508/508/508 510/510/510
f 643/643/643 647/647/647 508/508/508
f 647/647/647 646/646/646 584/584/584
f 684/684/684 451/451/451 405/405/405
f 685/685/685 684/684/684 421/421/421
f 687/687/687 417/417/417 416/416/416
f 688/688/688 416/416/416 411/411/411
f 689/689/689 411/411/411 447/447/447
f 690/690/690 447/447/447 423/423/423
f 692/692/692 691/691/691 423/423/423
f 693/693/693 692/692/692 495/495/495
f 694/694/694 693/693/693 261/261/261
f 695/695/695 694/694/694 436/436/436
f 695/695/695 450/450/450 442/442/442
f 696/696/696 442/442/442 394/394/394
f 697/697/697 394/394/394 393/393/393
f 698/698/698 393/393/393 399/399/399
f 700/700/700 699/699/699 399/399/399
f 701/701/701 700/700/700 449/449/449
f 702/702/702 701/701/701 448/448/448
f 704/704/704 702/702/702 703/703/703
f 706/706/706 403/403/403 402/402/402
f 707/707/707 402/402/402 414/414/414
f 708/708/708 414/414/414 419/419/419
f 709/709/709 419/419/419 408/408/408
f 711/711/711 710/710/710 408/408/408
f 712/712/712 711/711/711 494/494/494
f 713/713/713 712/712/712 445/445/445
f 714/714/714 713/713/713 433/433/433
f 714/714/714 391/391/391 390/390/390
f 715/715/715 390/390/390 437/437/437
f 716/716/716 437/437/437 388/388/388
f 717/717/717 388/388/388 387/387/387
f 719/719/719 718/718/718 387/387/387
f 720/720/720 735/735/735 721/721/721
f 723/723/723 769/769/769 724/724/724
f 142/142/142 141/141/141 726/726/726
f 728/728/728 720/720/720 722/722/722
f 730/730/730 725/725/725 724/724/724
f 732/732/732 737/737/737 733/733/733
f 734/734/734 739/739/739 721/721/721
f 732/732/732 741/741/741 736/736/736
f 738/738/738 743/743/743 739/739/739
f 740/740/740 745/745/745 736/736/736
f 738/738/738 747/747/747 742/742/742
f 740/740/740 749/749/749 744/744/744
f 746/746/746 751/751/751 742/742/742
f 748/748/748 753/753/753 744/744/744
f 746/746/746 754/754/754 750/750/750
f 748/748/748 757/757/757 752/752/752
f 754/754/754 759/759/759 755/755/755
f 756/756/756 761/761/761 752/752/752
f 758/758/758 763/763/763 755/755/755
f 760/760/760 765/765/765 761/761/761
f 762/762/762 767/767/767 763/763/763
f 764/764/764 771/771/771 765/765/765
f 762/762/762 772/772/772 766/766/766
f 723/723/723 775/775/775 768/768/768
f 770/770/770 777/777/777 771/771/771
f 772/772/772 840/840/840 773/773/773
f 774/774/774 839/839/839 768/768/768
f 770/770/770 838/838/838 776/776/776
f 778/778/778 837/837/837 779/779/779
f 781/781/781 836/836/836 782/782/782
f 784/784/784 806/806/806 785/785/785
f 787/787/787 841/841/841 788/788/788
f 790/790/790 842/842/842 791/791/791
f 793/793/793 844/844/844 794/794/794
f 787/787/787 789/789/789 799/799/799
f 801/801/801 792/792/792 791/791/791
f 795/795/795 794/794/794 803/803/803
f 805/805/805 833/833/833 785/785/785
f 807/807/807 800/800/800 799/799/799
f 809/809/809 804/804/804 803/803/803
f 811/811/811 807/807/807 808/808/808
f 809/809/809 810/810/810 813/813/813
f 815/815/815 811/811/811 812/812/812
f 814/814/814 813/813/813 817/817/817
f 815/815/815 816/816/816 819/819/819
f 818/818/818 817/817/817 821/821/821
f 823/823/823 820/820/820 819/819/819
f 825/825/825 822/822/822 821/821/821
f 823/823/823 824/824/824 826/826/826
f 825/825/825 797/797/797 796/796/796
f 829/829/829 827/827/827 826/826/826
f 831/831/831 828/828/828 796/796/796
f 829/829/829 830/830/830 833/833/833
f 831/831/831 832/832/832 834/834/834
f 781/781/781 801/801/801 802/802/802
f 837/837/837 835/835/835 834/834/834
f 838/838/838 730/730/730 731/731/731
f 728/728/728 729/729/729 839/839/839
f 727/727/727 726/726/726 773/773/773
f 783/783/783 782/782/782 788/788/788
f 790/790/790 778/778/778 780/780/780
f 793/793/793 845/845/845 843/843/843
f 787/787/787 776/776/776 731/731/731
f 790/790/790 792/792/792 839/839/839
f 793/793/793 795/795/795 773/773/773
f 787/787/787 800/800/800 777/777/777
f 792/792/792 801/801/801 768/768/768
f 804/804/804 766/766/766 773/773/773
f 800/800/800 807/807/807 771/771/771
f 781/781/781 769/769/769 768/768/768
f 809/809/809 767/767/767 766/766/766
f 811/811/811 765/765/765 771/771/771
f 814/814/814 763/763/763 767/767/767
f 815/815/815 761/761/761 765/765/765
f 814/814/814 818/818/818 755/755/755
f 820/820/820 752/752/752 761/761/761
f 818/818/818 822/822/822 750/750/750
f 820/820/820 823/823/823 753/753/753
f 822/822/822 825/825/825 751/751/751
f 827/827/827 744/744/744 753/753/753
f 828/828/828 742/742/742 751/751/751
f 827/827/827 829/829/829 745/745/745
f 828/828/828 831/831/831 743/743/743
f 805/805/805 736/736/736 745/745/745
f 835/835/835 739/739/739 743/743/743
f 806/806/806 737/737/737 736/736/736
f 837/837/837 721/721/721 739/739/739
f 806/806/806 784/784/784 733/733/733
f 781/781/781 783/783/783 724/724/724
f 778/778/778 722/722/722 721/721/721
f 784/784/784 845/845/845 141/141/141
f 841/841/841 731/731/731 724/724/724
f 778/778/778 790/790/790 729/729/729
f 845/845/845 793/793/793 726/726/726
f 784/784/784 786/786/786 843/843/843
f 396/396/396 866/866/866 846/846/846
f 846/846/846 866/866/866 406/406/406
f 2/2/2 867/867/867 847/847/847
f 847/847/847 867/867/867 260/260/260
f 848/848/848 1205/1205/1205 849/849/849
f 849/849/849 1205/1205/1205 850/850/850
f 505/505/505 485/485/485 851/851/851
f 851/851/851 389/389/389 434/434/434
f 460/460/460 476/476/476 853/853/853
f 854/854/854 853/853/853 444/444/444
f 489/489/489 856/856/856 855/855/855
f 856/856/856 398/398/398 400/400/400
f 453/453/453 488/488/488 857/857/857
f 858/858/858 857/857/857 424/424/424
f 384/384/384 880/880/880 859/859/859
f 859/859/859 880/880/880 386/386/386
f 477/477/477 471/471/471 860/860/860
f 861/861/861 860/860/860 409/409/409
f 498/498/498 855/855/855 862/862/862
f 862/862/862 855/855/855 400/400/400
f 469/469/469 453/453/453 858/858/858
f 863/863/863 858/858/858 410/410/410
f 483/483/483 503/503/503 859/859/859
f 859/859/859 438/438/438 439/439/439
f 396/396/396 507/507/507 865/865/865
f 865/865/865 404/404/404 406/406/406
f 426/426/426 870/870/870 867/867/867
f 867/867/867 870/870/870 435/435/435
f 457/457/457 499/499/499 868/868/868
f 868/868/868 413/413/413 401/401/401
f 471/471/471 460/460/460 854/854/854
f 854/854/854 407/407/407 409/409/409
f 441/441/441 875/875/875 870/870/870
f 870/870/870 875/875/875 443/443/443
f 499/499/499 496/496/496 871/871/871
f 868/868/868 871/871/871 427/427/427
f 477/477/477 861/861/861 871/871/871
f 871/871/871 861/861/861 418/418/418
f 872/872/872 1206/1206/1206 865/865/865
f 865/865/865 1206/1206/1206 420/420/420
f 485/485/485 483/483/483 864/864/864
f 864/864/864 439/439/439 389/389/389
f 469/469/469 863/863/863 873/873/873
f 873/873/873 863/863/863 412/412/412
f 468/468/468 862/862/862 874/874/874
f 862/862/862 455/455/455 392/392/392
f 431/431/431 874/874/874 875/875/875
f 874/874/874 392/392/392 443/443/443
f 492/492/492 502/502/502 873/873/873
f 873/873/873 446/446/446 415/415/415
f 476/476/476 505/505/505 852/852/852
f 853/853/853 852/852/852 434/434/434
f 466/466/466 849/849/849 877/877/877
f 849/849/849 500/500/500 501/501/501
f 480/480/480 504/504/504 847/847/847
f 847/847/847 262/262/262 422/422/422
f 473/473/473 846/846/846 879/879/879
f 846/846/846 440/440/440 428/428/428
f 487/487/487 879/879/879 880/880/880
f 880/880/880 879/879/879 428/428/428
f 488/488/488 480/480/480 878/878/878
f 878/878/878 422/422/422 424/424/424
f 489/489/489 463/463/463 877/877/877
f 877/877/877 501/501/501 398/398/398
f 850/850/850 705/705/705 703/703/703
f 881/881/881 920/920/920 882/882/882
f 28/28/28 922/922/922 884/884/884
f 46/46/46 48/48/48 885/885/885
f 65/65/65 70/70/70 887/887/887
f 889/889/889 923/923/923 890/890/890
f 38/38/38 40/40/40 892/892/892
f 56/56/56 59/59/59 894/894/894
f 896/896/896 881/881/881 883/883/883
f 30/30/30 32/32/32 898/898/898
f 48/48/48 50/50/50 899/899/899
f 70/70/70 72/72/72 900/900/900
f 901/901/901 889/889/889 891/891/891
f 40/40/40 42/42/42 903/903/903
f 59/59/59 61/61/61 904/904/904
f 905/905/905 896/896/896 897/897/897
f 32/32/32 34/34/34 907/907/907
f 50/50/50 52/52/52 908/908/908
f 98/98/98 97/97/97 909/909/909
f 910/910/910 1207/1207/1207 911/911/911
f 42/42/42 44/44/44 913/913/913
f 61/61/61 63/63/63 914/914/914
f 915/915/915 905/905/905 906/906/906
f 34/34/34 36/36/36 917/917/917
f 52/52/52 54/54/54 918/918/918
f 72/72/72 921/921/921 919/919/919
f 920/920/920 919/919/919 921/921/921
f 922/922/922 910/910/910 912/912/912
f 44/44/44 46/46/46 886/886/886
f 63/63/63 65/65/65 888/888/888
f 923/923/923 915/915/915 916/916/916
f 36/36/36 38/38/38 893/893/893
f 57/57/57 56/56/56 895/895/895
f 925/925/925 1020/1020/1020 921/921/921
f 203/203/203 1203/1203/1203 315/315/315
f 264/264/264 320/320/320 926/926/926
f 156/156/156 151/151/151 926/926/926
f 156/156/156 927/927/927 928/928/928
f 162/162/162 928/928/928 929/929/929
f 172/172/172 168/168/168 929/929/929
f 172/172/172 930/930/930 931/931/931
f 175/175/175 931/931/931 932/932/932
f 184/184/184 1198/1198/1198 933/933/933
f 184/184/184 934/934/934 935/935/935
f 188/188/188 935/935/935 936/936/936
f 193/193/193 936/936/936 937/937/937
f 208/208/208 199/199/199 937/937/937
f 208/208/208 938/938/938 939/939/939
f 317/317/317 206/206/206 939/939/939
f 314/314/314 317/317/317 940/940/940
f 314/314/314 941/941/941 942/942/942
f 310/310/310 942/942/942 943/943/943
f 301/301/301 305/305/305 943/943/943
f 297/297/297 301/301/301 944/944/944
f 297/297/297 945/945/945 946/946/946
f 293/293/293 946/946/946 947/947/947
f 286/286/286 290/290/290 947/947/947
f 281/281/281 286/286/286 948/948/948
f 950/950/950 1208/1208/1208 951/951/951
f 277/277/277 951/951/951 952/952/952
f 269/269/269 273/273/273 952/952/952
f 145/145/145 269/269/269 953/953/953
f 145/145/145 954/954/954 955/955/955
f 153/153/153 955/955/955 956/956/956
f 164/164/164 158/158/158 956/956/956
f 201/201/201 164/164/164 957/957/957
f 723/723/723 725/725/725 319/319/319
f 725/725/725 730/730/730 257/257/257
f 838/838/838 247/247/247 257/257/257
f 770/770/770 959/959/959 247/247/247
f 764/764/764 238/238/238 959/959/959
f 764/764/764 760/760/760 960/960/960
f 760/760/760 756/756/756 235/235/235
f 756/756/756 757/757/757 228/228/228
f 748/748/748 224/224/224 228/228/228
f 749/749/749 220/220/220 224/224/224
f 740/740/740 961/961/961 220/220/220
f 740/740/740 741/741/741 217/217/217
f 741/741/741 732/732/732 213/213/213
f 732/732/732 140/140/140 258/258/258
f 140/140/140 142/142/142 962/962/962
f 142/142/142 727/727/727 249/249/249
f 840/840/840 963/963/963 249/249/249
f 772/772/772 240/240/240 963/963/963
f 762/762/762 236/236/236 240/240/240
f 762/762/762 758/758/758 232/232/232
f 758/758/758 759/759/759 964/964/964
f 754/754/754 226/226/226 964/964/964
f 746/746/746 222/222/222 226/226/226
f 746/746/746 747/747/747 965/965/965
f 738/738/738 219/219/219 965/965/965
f 738/738/738 734/734/734 209/209/209
f 734/734/734 735/735/735 966/966/966
f 720/720/720 263/263/263 966/966/966
f 728/728/728 255/255/255 263/263/263
f 728/728/728 774/774/774 244/244/244
f 774/774/774 775/775/775 967/967/967
f 775/775/775 723/723/723 321/321/321
f 968/968/968 1090/1090/1090 969/969/969
f 971/971/971 973/973/973 970/970/970
f 972/972/972 975/975/975 973/973/973
f 974/974/974 976/976/976 975/975/975
f 976/976/976 974/974/974 977/977/977
f 977/977/977 980/980/980 979/979/979
f 980/980/980 982/982/982 981/981/981
f 982/982/982 1117/1117/1117 983/983/983
f 984/984/984 1115/1115/1115 985/985/985
f 987/987/987 989/989/989 986/986/986
f 987/987/987 991/991/991 988/988/988
f 990/990/990 993/993/993 988/988/988
f 990/990/990 994/994/994 992/992/992
f 994/994/994 996/996/996 995/995/995
f 996/996/996 999/999/999 997/997/997
f 998/998/998 1001/1001/1001 997/997/997
f 1000/1000/1000 1003/1003/1003 1001/1001/1001
f 1000/1000/1000 1004/1004/1004 1002/1002/1002
f 1004/1004/1004 1006/1006/1006 1005/1005/1005
f 1006/1006/1006 1008/1008/1008 1007/1007/1007
f 1008/1008/1008 24/24/24 25/25/25
f 26/26/26 884/884/884 1009/1009/1009
f 884/884/884 912/912/912 1010/1010/1010
f 912/912/912 911/911/911 1011/1011/1011
f 902/902/902 891/891/891 1012/1012/1012
f 891/891/891 890/890/890 1014/1014/1014
f 890/890/890 916/916/916 1015/1015/1015
f 916/916/916 906/906/906 1016/1016/1016
f 906/906/906 897/897/897 1017/1017/1017
f 897/897/897 883/883/883 1018/1018/1018
f 883/883/883 882/882/882 1019/1019/1019
f 882/882/882 921/921/921 1020/1020/1020
f 1021/1021/1021 506/506/506 395/395/395
f 1023/1023/1023 486/486/486 475/475/475
f 1025/1025/1025 3/3/3 479/479/479
f 1027/1027/1027 385/385/385 482/482/482
f 1029/1029/1029 470/470/470 491/491/491
f 1031/1031/1031 497/497/497 456/456/456
f 1033/1033/1033 490/490/490 467/467/467
f 1035/1035/1035 478/478/478 497/497/497
f 1030/1030/1030 491/491/491 493/493/493
f 1037/1037/1037 464/464/464 490/490/490
f 1038/1038/1038 481/481/481 452/452/452
f 1040/1040/1040 474/474/474 383/383/383
f 1042/1042/1042 484/484/484 486/486/486
f 1028/1028/1028 482/482/482 484/484/484
f 1026/1026/1026 479/479/479 481/481/481
f 1043/1043/1043 472/472/472 478/478/478
f 1024/1024/1024 475/475/475 459/459/459
f 1045/1045/1045 397/397/397 474/474/474
f 1046/1046/1046 461/461/461 472/472/472
f 1047/1047/1047 454/454/454 470/470/470
f 1034/1034/1034 467/467/467 430/430/430
f 1049/1049/1049 465/465/465 462/462/462
f 1050/1050/1050 462/462/462 464/464/464
f 1044/1044/1044 459/459/459 461/461/461
f 1032/1032/1032 456/456/456 458/458/458
f 1039/1039/1039 452/452/452 454/454/454
f 1052/1052/1052 432/432/432 425/425/425
f 1048/1048/1048 430/430/430 432/432/432
f 1053/1053/1053 425/425/425 1/1/1
f 1022/1022/1022 395/395/395 397/397/397
f 1041/1041/1041 383/383/383 385/385/385
f 1054/1054/1054 1/1/1 3/3/3
f 1055/1055/1055 1058/1058/1058 1056/1056/1056
f 1057/1057/1057 5/5/5 1056/1056/1056
f 1059/1059/1059 7/7/7 5/5/5
f 1060/1060/1060 9/9/9 7/7/7
f 1061/1061/1061 11/11/11 9/9/9
f 1061/1061/1061 1063/1063/1063 13/13/13
f 1062/1062/1062 15/15/15 13/13/13
f 1064/1064/1064 17/17/17 15/15/15
f 1065/1065/1065 1066/1066/1066 21/21/21
f 1066/1066/1066 1068/1068/1068 23/23/23
f 1067/1067/1067 25/25/25 23/23/23
f 1067/1067/1067 1069/1069/1069 1007/1007/1007
f 1069/1069/1069 1070/1070/1070 1005/1005/1005
f 1070/1070/1070 1071/1071/1071 1002/1002/1002
f 1071/1071/1071 1073/1073/1073 1003/1003/1003
f 1072/1072/1072 1001/1001/1001 1003/1003/1003
f 1074/1074/1074 997/997/997 1001/1001/1001
f 1074/1074/1074 1075/1075/1075 995/995/995
f 1075/1075/1075 1076/1076/1076 992/992/992
f 1076/1076/1076 1078/1078/1078 993/993/993
f 1077/1077/1077 988/988/988 993/993/993
f 1077/1077/1077 1080/1080/1080 989/989/989
f 1079/1079/1079 986/986/986 989/989/989
f 1081/1081/1081 984/984/984 986/986/986
f 1082/1082/1082 1083/1083/1083 981/981/981
f 1083/1083/1083 1085/1085/1085 979/979/979
f 1084/1084/1084 978/978/978 979/979/979
f 1086/1086/1086 976/976/976 978/978/978
f 1087/1087/1087 975/975/975 976/976/976
f 1088/1088/1088 973/973/973 975/975/975
f 1089/1089/1089 970/970/970 973/973/973
f 1055/1055/1055 968/968/968 970/970/970
f 1090/1090/1090 4/4/4 1091/1091/1091
f 6/6/6 1094/1094/1094 1091/1091/1091
f 6/6/6 8/8/8 1093/1093/1093
f 10/10/10 1095/1095/1095 1093/1093/1093
f 12/12/12 1096/1096/1096 1095/1095/1095
f 14/14/14 1098/1098/1098 1096/1096/1096
f 14/14/14 16/16/16 1097/1097/1097
f 18/18/18 1209/1209/1209 1097/1097/1097
f 1099/1099/1099 19/19/19 1100/1100/1100
f 22/22/22 1103/1103/1103 1100/1100/1100
f 22/22/22 24/24/24 1102/1102/1102
f 24/24/24 1008/1008/1008 1104/1104/1104
f 1008/1008/1008 1006/1006/1006 1105/1105/1105
f 1006/1006/1006 1004/1004/1004 1106/1106/1106
f 1004/1004/1004 1000/1000/1000 1107/1107/1107
f 998/998/998 1108/1108/1108 1107/1107/1107
f 999/999/999 1110/1110/1110 1108/1108/1108
f 999/999/999 996/996/996 1109/1109/1109
f 996/996/996 994/994/994 1111/1111/1111
f 994/994/994 990/990/990 1112/1112/1112
f 991/991/991 1114/1114/1114 1112/1112/1112
f 991/991/991 987/987/987 1113/1113/1113
f 985/985/985 1116/1116/1116 1113/1113/1113
f 1115/1115/1115 1210/1210/1210 1116/1116/1116
f 1117/1117/1117 982/982/982 1118/1118/1118
f 982/982/982 980/980/980 1120/1120/1120
f 980/980/980 977/977/977 1121/1121/1121
f 974/974/974 1122/1122/1122 1121/1121/1121
f 972/972/972 1123/1123/1123 1122/1122/1122
f 971/971/971 1124/1124/1124 1123/1123/1123
f 969/969/969 1125/1125/1125 1124/1124/1124
f 1090/1090/1090 1092/1092/1092 1125/1125/1125
f 97/97/97 1128/1128/1128 1126/1126/1126
f 97/97/97 74/74/74 1127/1127/1127
f 83/83/83 1130/1130/1130 1127/1127/1127
f 83/83/83 89/89/89 1129/1129/1129
f 89/89/89 96/96/96 1131/1131/1131
f 102/102/102 1132/1132/1132 1131/1131/1131
f 106/106/106 1134/1134/1134 1132/1132/1132
f 106/106/106 1195/1195/1195 1133/1133/1133
f 115/115/115 1137/1137/1137 1135/1135/1135
f 115/115/115 119/119/119 1136/1136/1136
f 119/119/119 124/124/124 1138/1138/1138
f 128/128/128 1139/1139/1139 1138/1138/1138
f 132/132/132 1141/1141/1141 1139/1139/1139
f 132/132/132 136/136/136 1140/1140/1140
f 136/136/136 143/143/143 1142/1142/1142
f 143/143/143 80/80/80 1143/1143/1143
f 87/87/87 1144/1144/1144 1143/1143/1143
f 94/94/94 1145/1145/1145 1144/1144/1144
f 100/100/100 1146/1146/1146 1145/1145/1145
f 104/104/104 1148/1148/1148 1146/1146/1146
f 104/104/104 108/108/108 1147/1147/1147
f 108/108/108 113/113/113 1149/1149/1149
f 113/113/113 117/117/117 1150/1150/1150
f 1151/1151/1151 1211/1211/1211 1150/1150/1150
f 126/126/126 1153/1153/1153 1152/1152/1152
f 130/130/130 1154/1154/1154 1153/1153/1153
f 134/134/134 1156/1156/1156 1154/1154/1154
f 134/134/134 139/139/139 1155/1155/1155
f 139/139/139 77/77/77 1157/1157/1157
f 77/77/77 85/85/85 1158/1158/1158
f 85/85/85 138/138/138 1159/1159/1159
f 138/138/138 909/909/909 1126/1126/1126
f 1160/1160/1160 165/165/165 202/202/202
f 1162/1162/1162 159/159/159 165/165/165
f 1163/1163/1163 154/154/154 159/159/159
f 1163/1163/1163 1165/1165/1165 146/146/146
f 1164/1164/1164 144/144/144 146/146/146
f 1166/1166/1166 268/268/268 144/144/144
f 1166/1166/1166 1167/1167/1167 272/272/272
f 1167/1167/1167 1212/1212/1212 276/276/276
f 1168/1168/1168 280/280/280 282/282/282
f 1170/1170/1170 285/285/285 280/280/280
f 1170/1170/1170 1171/1171/1171 289/289/289
f 1171/1171/1171 1173/1173/1173 292/292/292
f 1172/1172/1172 296/296/296 292/292/292
f 1172/1172/1172 1174/1174/1174 300/300/300
f 1174/1174/1174 1175/1175/1175 304/304/304
f 1175/1175/1175 1177/1177/1177 309/309/309
f 1176/1176/1176 313/313/313 309/309/309
f 1178/1178/1178 207/207/207 313/313/313
f 1178/1178/1178 1180/1180/1180 205/205/205
f 1179/1179/1179 200/200/200 205/205/205
f 1179/1179/1179 1182/1182/1182 194/194/194
f 1181/1181/1181 189/189/189 194/194/194
f 1183/1183/1183 185/185/185 189/189/189
f 1184/1184/1184 183/183/183 185/185/185
f 1185/1185/1185 1186/1186/1186 176/176/176
f 1186/1186/1186 1188/1188/1188 173/173/173
f 1187/1187/1187 169/169/169 173/173/173
f 1189/1189/1189 163/163/163 169/169/169
f 1189/1189/1189 1191/1191/1191 157/157/157
f 1190/1190/1190 152/152/152 157/157/157
f 1190/1190/1190 1192/1192/1192 150/150/150
f 1192/1192/1192 1161/1161/1161 202/202/202
f 4/4/4 1090/1090/1090 968/968/968
