# Blender 5.1.2
# www.blender.org
mtllib ArtVan_Detail.mtl
o ArtVan_Detail
v 2.327810 1.826712 -1.358463
v 2.332877 1.831625 -1.356819
v 2.339853 1.833424 -1.356028
v 2.346868 1.831625 -1.356301
v 2.352042 1.826712 -1.357565
v 2.353990 1.820000 -1.359482
v 2.352190 1.813288 -1.361537
v 2.347122 1.808375 -1.363181
v 2.340147 1.806576 -1.363972
v 2.333132 1.808375 -1.363699
v 2.327957 1.813288 -1.362435
v 2.326010 1.820000 -1.360518
v 2.317810 1.746712 -1.088463
v 2.322877 1.751625 -1.086819
v 2.329853 1.753424 -1.086028
v 2.336868 1.751625 -1.086301
v 2.342042 1.746712 -1.087565
v 2.343990 1.740000 -1.089482
v 2.342190 1.733288 -1.091537
v 2.337122 1.728375 -1.093181
v 2.330147 1.726576 -1.093972
v 2.323132 1.728375 -1.093699
v 2.317957 1.733288 -1.092435
v 2.316010 1.740000 -1.090518
v 2.317810 1.746712 -1.088463
v 2.322877 1.751625 -1.086819
v 2.329853 1.753424 -1.086028
v 2.336868 1.751625 -1.086301
v 2.342042 1.746712 -1.087565
v 2.343990 1.740000 -1.089482
v 2.342190 1.733288 -1.091537
v 2.337122 1.728375 -1.093181
v 2.330147 1.726576 -1.093972
v 2.323132 1.728375 -1.093699
v 2.317957 1.733288 -1.092435
v 2.316010 1.740000 -1.090518
v 2.327810 1.826712 -1.358463
v 2.332877 1.831625 -1.356819
v 2.339853 1.833424 -1.356028
v 2.346868 1.831625 -1.356301
v 2.352042 1.826712 -1.357565
v 2.353990 1.820000 -1.359482
v 2.352190 1.813288 -1.361537
v 2.347122 1.808375 -1.363181
v 2.340147 1.806576 -1.363972
v 2.333132 1.808375 -1.363699
v 2.327957 1.813288 -1.362435
v 2.326010 1.820000 -1.360518
v 2.328090 1.810000 -1.381182
v 2.323219 1.845000 -1.346523
v 2.293431 1.845000 -1.386053
v 2.326830 1.811192 -1.372215
v 2.325654 1.814691 -1.363850
v 2.324646 1.820251 -1.356675
v 2.319123 1.811192 -1.382443
v 2.317530 1.812611 -1.373157
v 2.316548 1.816150 -1.365075
v 2.315850 1.821072 -1.358762
v 2.310757 1.814691 -1.383618
v 2.309409 1.816172 -1.374476
v 2.309259 1.819138 -1.366985
v 2.309240 1.822965 -1.361583
v 2.305267 1.824793 -1.363984
v 2.314417 1.845000 -1.348963
v 2.306539 1.845000 -1.353604
v 2.300138 1.845000 -1.360119
v 2.323385 1.835945 -1.347703
v 2.314256 1.835660 -1.350419
v 2.306689 1.835812 -1.355056
v 2.301087 1.836000 -1.360815
v 2.323872 1.827497 -1.351168
v 2.314927 1.827434 -1.353921
v 2.307973 1.828328 -1.357894
v 2.303205 1.829062 -1.362428
v 2.294611 1.835945 -1.385888
v 2.298076 1.827497 -1.385401
v 2.303582 1.820251 -1.384627
v 2.293350 1.845000 -1.376920
v 2.294716 1.835582 -1.376441
v 2.298242 1.827443 -1.376099
v 2.303143 1.821095 -1.375600
v 2.295640 1.845000 -1.368068
v 2.297098 1.835759 -1.367800
v 2.300159 1.828320 -1.368272
v 2.304051 1.822968 -1.368466
v 2.323219 2.075000 -1.346523
v 2.328090 2.110000 -1.381182
v 2.293431 2.075000 -1.386053
v 2.323385 2.084056 -1.347703
v 2.323872 2.092503 -1.351168
v 2.324646 2.099749 -1.356675
v 2.314417 2.075000 -1.348963
v 2.314332 2.084418 -1.350408
v 2.314976 2.092557 -1.353891
v 2.315847 2.098905 -1.358740
v 2.306539 2.075000 -1.353604
v 2.306683 2.084241 -1.355080
v 2.307981 2.091680 -1.357893
v 2.309240 2.097033 -1.361580
v 2.305267 2.095207 -1.363984
v 2.319123 2.108808 -1.382443
v 2.310757 2.105309 -1.383618
v 2.303582 2.099749 -1.384627
v 2.326830 2.108808 -1.372215
v 2.317464 2.107389 -1.373243
v 2.309426 2.103851 -1.374527
v 2.303165 2.098928 -1.375597
v 2.325654 2.105309 -1.363850
v 2.316494 2.103828 -1.365074
v 2.309252 2.100862 -1.366994
v 2.304054 2.097035 -1.368465
v 2.293350 2.075000 -1.376920
v 2.295640 2.075000 -1.368068
v 2.300138 2.075000 -1.360119
v 2.294611 2.084056 -1.385888
v 2.294705 2.084341 -1.376364
v 2.297077 2.084188 -1.367812
v 2.301068 2.084000 -1.360840
v 2.298076 2.092503 -1.385401
v 2.298257 2.092566 -1.376044
v 2.300159 2.091672 -1.368264
v 2.303203 2.090939 -1.362431
v 2.342007 1.810000 -1.480209
v 2.307348 1.845000 -1.485080
v 2.346878 1.845000 -1.514869
v 2.333040 1.811192 -1.481470
v 2.324675 1.814691 -1.482645
v 2.317499 1.820251 -1.483654
v 2.343267 1.811192 -1.489177
v 2.333981 1.812611 -1.490770
v 2.325900 1.816150 -1.491751
v 2.319587 1.821072 -1.492449
v 2.344443 1.814691 -1.497542
v 2.335301 1.816172 -1.498890
v 2.327810 1.819138 -1.499040
v 2.322407 1.822965 -1.499059
v 2.324809 1.824793 -1.503032
v 2.309788 1.845000 -1.493882
v 2.314429 1.845000 -1.501760
v 2.320944 1.845000 -1.508162
v 2.308528 1.835945 -1.484915
v 2.311244 1.835660 -1.494043
v 2.315881 1.835812 -1.501610
v 2.321639 1.836000 -1.507212
v 2.311993 1.827497 -1.484428
v 2.314746 1.827434 -1.493372
v 2.318718 1.828328 -1.500326
v 2.323253 1.829062 -1.505094
v 2.346712 1.835945 -1.513689
v 2.346226 1.827497 -1.510224
v 2.345452 1.820251 -1.504717
v 2.337745 1.845000 -1.514949
v 2.337265 1.835582 -1.513583
v 2.336924 1.827443 -1.510058
v 2.336425 1.821095 -1.505157
v 2.328893 1.845000 -1.512660
v 2.328624 1.835759 -1.511201
v 2.329097 1.828320 -1.508140
v 2.329291 1.822968 -1.504248
v 2.342007 2.110000 -1.480209
v 2.346878 2.075000 -1.514869
v 2.307348 2.075000 -1.485080
v 2.343267 2.108808 -1.489177
v 2.344443 2.105309 -1.497542
v 2.345452 2.099749 -1.504717
v 2.333040 2.108808 -1.481469
v 2.334068 2.107389 -1.490835
v 2.335352 2.103851 -1.498873
v 2.336422 2.098928 -1.505134
v 2.324675 2.105309 -1.482645
v 2.325898 2.103828 -1.491805
v 2.327819 2.100862 -1.499047
v 2.329290 2.097035 -1.504245
v 2.324809 2.095207 -1.503032
v 2.337745 2.075000 -1.514949
v 2.328893 2.075000 -1.512659
v 2.320944 2.075000 -1.508161
v 2.346712 2.084056 -1.513688
v 2.337189 2.084341 -1.513594
v 2.328637 2.084188 -1.511222
v 2.321665 2.084000 -1.507231
v 2.346226 2.092503 -1.510223
v 2.336869 2.092566 -1.510043
v 2.329089 2.091672 -1.508141
v 2.323256 2.090939 -1.505096
v 2.308528 2.084056 -1.484914
v 2.311993 2.092503 -1.484427
v 2.317499 2.099749 -1.483653
v 2.309788 2.075000 -1.493882
v 2.311233 2.084418 -1.493966
v 2.314716 2.092557 -1.493323
v 2.319565 2.098905 -1.492452
v 2.314429 2.075000 -1.501760
v 2.315905 2.084241 -1.501616
v 2.318717 2.091680 -1.500318
v 2.322405 2.097033 -1.499059
v 2.337993 1.810000 -1.379791
v 2.372652 1.845000 -1.374920
v 2.333122 1.845000 -1.345131
v 2.346960 1.811192 -1.378530
v 2.355325 1.814691 -1.377355
v 2.362501 1.820251 -1.376346
v 2.336732 1.811192 -1.370823
v 2.346019 1.812611 -1.369230
v 2.354100 1.816150 -1.368249
v 2.360413 1.821072 -1.367551
v 2.335557 1.814691 -1.362458
v 2.344699 1.816172 -1.361110
v 2.352190 1.819138 -1.360960
v 2.357593 1.822965 -1.360941
v 2.355191 1.824793 -1.356968
v 2.370212 1.845000 -1.366118
v 2.365571 1.845000 -1.358240
v 2.359056 1.845000 -1.351838
v 2.371472 1.835945 -1.375085
v 2.368756 1.835660 -1.365957
v 2.364119 1.835812 -1.358390
v 2.358361 1.836000 -1.352788
v 2.368007 1.827497 -1.375572
v 2.365254 1.827434 -1.366628
v 2.361281 1.828328 -1.359674
v 2.356747 1.829062 -1.354906
v 2.333287 1.835945 -1.346311
v 2.333774 1.827497 -1.349776
v 2.334548 1.820251 -1.355283
v 2.342255 1.845000 -1.345051
v 2.342735 1.835582 -1.346417
v 2.343076 1.827443 -1.349942
v 2.343575 1.821095 -1.354843
v 2.351107 1.845000 -1.347340
v 2.351376 1.835759 -1.348799
v 2.350903 1.828320 -1.351860
v 2.350709 1.822968 -1.355752
v 2.337993 2.110000 -1.379791
v 2.333122 2.075000 -1.345131
v 2.372652 2.075000 -1.374920
v 2.336732 2.108808 -1.370823
v 2.335557 2.105309 -1.362458
v 2.334548 2.099749 -1.355283
v 2.346960 2.108808 -1.378530
v 2.345932 2.107389 -1.369165
v 2.344648 2.103851 -1.361126
v 2.343578 2.098928 -1.354865
v 2.355325 2.105309 -1.377355
v 2.354102 2.103828 -1.368195
v 2.352181 2.100862 -1.360953
v 2.350710 2.097035 -1.355754
v 2.355191 2.095207 -1.356968
v 2.342255 2.075000 -1.345051
v 2.351107 2.075000 -1.347340
v 2.359056 2.075000 -1.351838
v 2.333287 2.084056 -1.346311
v 2.342811 2.084341 -1.346406
v 2.351363 2.084188 -1.348778
v 2.358335 2.084000 -1.352769
v 2.333774 2.092503 -1.349776
v 2.343131 2.092566 -1.349957
v 2.350911 2.091672 -1.351859
v 2.356744 2.090939 -1.354904
v 2.371472 2.084056 -1.375085
v 2.368007 2.092503 -1.375572
v 2.362501 2.099749 -1.376346
v 2.370212 2.075000 -1.366118
v 2.368767 2.084418 -1.366033
v 2.365283 2.092557 -1.366677
v 2.360435 2.098905 -1.367548
v 2.365571 2.075000 -1.358240
v 2.364095 2.084241 -1.358384
v 2.361283 2.091680 -1.359682
v 2.357595 2.097033 -1.360941
v 2.351910 1.810000 -1.478817
v 2.356781 1.845000 -1.513477
v 2.386569 1.845000 -1.473946
v 2.353170 1.811192 -1.487785
v 2.354346 1.814691 -1.496150
v 2.355354 1.820251 -1.503325
v 2.360877 1.811192 -1.477557
v 2.362470 1.812611 -1.486843
v 2.363452 1.816150 -1.494924
v 2.364149 1.821072 -1.501238
v 2.369242 1.814691 -1.476382
v 2.370591 1.816172 -1.485524
v 2.370741 1.819138 -1.493015
v 2.370759 1.822965 -1.498417
v 2.374732 1.824793 -1.496016
v 2.365582 1.845000 -1.511036
v 2.373461 1.845000 -1.506396
v 2.379862 1.845000 -1.499881
v 2.356615 1.835945 -1.512297
v 2.365743 1.835660 -1.509581
v 2.373311 1.835812 -1.504944
v 2.378912 1.836000 -1.499185
v 2.356128 1.827497 -1.508832
v 2.365073 1.827434 -1.506079
v 2.372026 1.828328 -1.502106
v 2.376794 1.829062 -1.497572
v 2.385389 1.835945 -1.474112
v 2.381924 1.827497 -1.474599
v 2.376418 1.820251 -1.475373
v 2.386649 1.845000 -1.483080
v 2.385284 1.835582 -1.483559
v 2.381758 1.827443 -1.483901
v 2.376857 1.821095 -1.484400
v 2.384360 1.845000 -1.491932
v 2.382902 1.835759 -1.492200
v 2.379840 1.828320 -1.491728
v 2.375948 1.822968 -1.491534
v 2.351910 2.110000 -1.478817
v 2.386569 2.075000 -1.473946
v 2.356781 2.075000 -1.513477
v 2.360877 2.108808 -1.477557
v 2.369242 2.105309 -1.476382
v 2.376418 2.099749 -1.475373
v 2.353170 2.108808 -1.487785
v 2.362536 2.107389 -1.486756
v 2.370574 2.103851 -1.485473
v 2.376835 2.098928 -1.484403
v 2.354346 2.105309 -1.496150
v 2.363506 2.103828 -1.494926
v 2.370748 2.100862 -1.493006
v 2.375946 2.097035 -1.491534
v 2.374733 2.095207 -1.496016
v 2.386649 2.075000 -1.483080
v 2.384360 2.075000 -1.491932
v 2.379862 2.075000 -1.499881
v 2.385389 2.084056 -1.474112
v 2.385295 2.084341 -1.483636
v 2.382923 2.084188 -1.492188
v 2.378932 2.084000 -1.499160
v 2.381924 2.092503 -1.474599
v 2.381743 2.092566 -1.483956
v 2.379841 2.091672 -1.491736
v 2.376797 2.090939 -1.497569
v 2.356615 2.084056 -1.512297
v 2.356128 2.092503 -1.508832
v 2.355354 2.099749 -1.503325
v 2.365582 2.075000 -1.511036
v 2.365667 2.084418 -1.509592
v 2.365024 2.092557 -1.506108
v 2.364153 2.098905 -1.501260
v 2.373461 2.075000 -1.506396
v 2.373317 2.084241 -1.504920
v 2.372019 2.091680 -1.502107
v 2.370760 2.097033 -1.498420
v 2.287328 1.827500 -1.361176
v 2.286910 1.830500 -1.358206
v 2.284357 1.830500 -1.361594
v 2.287219 1.827602 -1.360408
v 2.287119 1.827902 -1.359691
v 2.287032 1.828379 -1.359076
v 2.286559 1.827602 -1.361284
v 2.286422 1.827724 -1.360488
v 2.286338 1.828027 -1.359796
v 2.286278 1.828449 -1.359254
v 2.285842 1.827902 -1.361385
v 2.285726 1.828029 -1.360601
v 2.285713 1.828284 -1.359959
v 2.285712 1.828611 -1.359496
v 2.285371 1.828768 -1.359702
v 2.286155 1.830500 -1.358415
v 2.285480 1.830500 -1.358812
v 2.284931 1.830500 -1.359371
v 2.286924 1.829724 -1.358307
v 2.286142 1.829700 -1.358539
v 2.285493 1.829713 -1.358937
v 2.285013 1.829729 -1.359430
v 2.286966 1.829000 -1.358604
v 2.286199 1.828995 -1.358840
v 2.285603 1.829071 -1.359180
v 2.285194 1.829134 -1.359569
v 2.284458 1.829724 -1.361580
v 2.284755 1.829000 -1.361538
v 2.285227 1.828379 -1.361471
v 2.284350 1.830500 -1.360811
v 2.284467 1.829693 -1.360770
v 2.284769 1.828995 -1.360741
v 2.285189 1.828451 -1.360698
v 2.284546 1.830500 -1.360052
v 2.284671 1.829708 -1.360029
v 2.284933 1.829071 -1.360070
v 2.285267 1.828612 -1.360086
v 2.286910 2.089500 -1.358206
v 2.287328 2.092500 -1.361176
v 2.284357 2.089500 -1.361594
v 2.286924 2.090276 -1.358307
v 2.286966 2.091000 -1.358604
v 2.287032 2.091621 -1.359076
v 2.286155 2.089500 -1.358415
v 2.286148 2.090307 -1.358539
v 2.286203 2.091005 -1.358837
v 2.286278 2.091549 -1.359253
v 2.285480 2.089500 -1.358812
v 2.285492 2.090292 -1.358939
v 2.285604 2.090930 -1.359180
v 2.285712 2.091388 -1.359496
v 2.285371 2.091232 -1.359702
v 2.286559 2.092398 -1.361284
v 2.285842 2.092098 -1.361385
v 2.285227 2.091621 -1.361471
v 2.287219 2.092398 -1.360408
v 2.286417 2.092276 -1.360496
v 2.285728 2.091973 -1.360606
v 2.285191 2.091551 -1.360698
v 2.287119 2.092098 -1.359691
v 2.286334 2.091971 -1.359795
v 2.285713 2.091717 -1.359960
v 2.285267 2.091389 -1.360086
v 2.284350 2.089500 -1.360811
v 2.284546 2.089500 -1.360052
v 2.284931 2.089500 -1.359371
v 2.284458 2.090276 -1.361580
v 2.284466 2.090301 -1.360763
v 2.284669 2.090287 -1.360030
v 2.285011 2.090271 -1.359433
v 2.284755 2.091000 -1.361538
v 2.284770 2.091006 -1.360736
v 2.284933 2.090929 -1.360069
v 2.285194 2.090866 -1.359569
v 2.306673 1.827500 -1.498824
v 2.303702 1.830500 -1.499241
v 2.307090 1.830500 -1.501794
v 2.305904 1.827602 -1.498931
v 2.305187 1.827902 -1.499032
v 2.304572 1.828379 -1.499119
v 2.306781 1.827602 -1.499592
v 2.305985 1.827724 -1.499729
v 2.305292 1.828027 -1.499813
v 2.304751 1.828449 -1.499872
v 2.306881 1.827902 -1.500309
v 2.306098 1.828029 -1.500425
v 2.305456 1.828284 -1.500437
v 2.304993 1.828611 -1.500439
v 2.305198 1.828768 -1.500780
v 2.303911 1.830500 -1.499995
v 2.304309 1.830500 -1.500671
v 2.304867 1.830500 -1.501219
v 2.303803 1.829724 -1.499227
v 2.304036 1.829700 -1.500009
v 2.304433 1.829713 -1.500658
v 2.304927 1.829729 -1.501138
v 2.304100 1.829000 -1.499185
v 2.304336 1.828995 -1.499952
v 2.304676 1.829071 -1.500548
v 2.305065 1.829134 -1.500956
v 2.307076 1.829724 -1.501693
v 2.307034 1.829000 -1.501396
v 2.306968 1.828379 -1.500924
v 2.306307 1.830500 -1.501801
v 2.306266 1.829693 -1.501684
v 2.306237 1.828995 -1.501382
v 2.306194 1.828451 -1.500962
v 2.305548 1.830500 -1.501605
v 2.305525 1.829708 -1.501480
v 2.305566 1.829071 -1.501217
v 2.305583 1.828612 -1.500884
v 2.306673 2.092500 -1.498824
v 2.307090 2.089500 -1.501794
v 2.303702 2.089500 -1.499241
v 2.306781 2.092398 -1.499592
v 2.306881 2.092098 -1.500309
v 2.306968 2.091621 -1.500924
v 2.305904 2.092398 -1.498931
v 2.305992 2.092276 -1.499734
v 2.306102 2.091973 -1.500423
v 2.306194 2.091551 -1.500960
v 2.305187 2.092098 -1.499032
v 2.305292 2.091971 -1.499817
v 2.305456 2.091717 -1.500438
v 2.305583 2.091389 -1.500884
v 2.305198 2.091232 -1.500780
v 2.306307 2.089500 -1.501801
v 2.305548 2.089500 -1.501605
v 2.304867 2.089500 -1.501219
v 2.307076 2.090276 -1.501693
v 2.306259 2.090301 -1.501685
v 2.305526 2.090287 -1.501482
v 2.304929 2.090271 -1.501140
v 2.307034 2.091000 -1.501396
v 2.306232 2.091006 -1.501381
v 2.305565 2.090929 -1.501218
v 2.305065 2.090866 -1.500957
v 2.303803 2.090276 -1.499227
v 2.304100 2.091000 -1.499185
v 2.304572 2.091621 -1.499119
v 2.303911 2.089500 -1.499995
v 2.304035 2.090307 -1.500003
v 2.304333 2.091005 -1.499947
v 2.304749 2.091549 -1.499873
v 2.304309 2.089500 -1.500671
v 2.304435 2.090292 -1.500658
v 2.304676 2.090930 -1.500547
v 2.304992 2.091388 -1.500439
v 2.287327 1.827500 -1.361176
v 2.290298 1.830500 -1.360759
v 2.286910 1.830500 -1.358205
v 2.288096 1.827602 -1.361068
v 2.288813 1.827902 -1.360968
v 2.289428 1.828379 -1.360881
v 2.287219 1.827602 -1.360408
v 2.288015 1.827724 -1.360271
v 2.288708 1.828027 -1.360187
v 2.289249 1.828449 -1.360127
v 2.287118 1.827902 -1.359691
v 2.287902 1.828029 -1.359575
v 2.288544 1.828284 -1.359562
v 2.289007 1.828611 -1.359561
v 2.288801 1.828768 -1.359220
v 2.290089 1.830500 -1.360004
v 2.289691 1.830500 -1.359329
v 2.289133 1.830500 -1.358780
v 2.290197 1.829724 -1.360773
v 2.289964 1.829700 -1.359990
v 2.289567 1.829713 -1.359342
v 2.289073 1.829729 -1.358862
v 2.289900 1.829000 -1.360815
v 2.289664 1.828995 -1.360048
v 2.289324 1.829071 -1.359452
v 2.288935 1.829134 -1.359043
v 2.286924 1.829724 -1.358307
v 2.286966 1.829000 -1.358604
v 2.287032 1.828379 -1.359076
v 2.287693 1.830500 -1.358199
v 2.287734 1.829693 -1.358316
v 2.287763 1.828995 -1.358618
v 2.287806 1.828451 -1.359038
v 2.288451 1.830500 -1.358395
v 2.288475 1.829708 -1.358520
v 2.288434 1.829071 -1.358782
v 2.288417 1.828612 -1.359116
v 2.287327 2.092500 -1.361176
v 2.286910 2.089500 -1.358205
v 2.290298 2.089500 -1.360759
v 2.287219 2.092398 -1.360408
v 2.287118 2.092098 -1.359691
v 2.287032 2.091621 -1.359076
v 2.288096 2.092398 -1.361068
v 2.288008 2.092276 -1.360265
v 2.287898 2.091973 -1.359576
v 2.287806 2.091551 -1.359040
v 2.288813 2.092098 -1.360968
v 2.288708 2.091971 -1.360182
v 2.288543 2.091717 -1.359562
v 2.288417 2.091389 -1.359116
v 2.288801 2.091232 -1.359220
v 2.287693 2.089500 -1.358199
v 2.288451 2.089500 -1.358395
v 2.289133 2.089500 -1.358780
v 2.286924 2.090276 -1.358307
v 2.287740 2.090301 -1.358315
v 2.288473 2.090287 -1.358518
v 2.289071 2.090271 -1.358860
v 2.286966 2.091000 -1.358604
v 2.287768 2.091006 -1.358619
v 2.288435 2.090929 -1.358782
v 2.288935 2.090866 -1.359043
v 2.290197 2.090276 -1.360773
v 2.289900 2.091000 -1.360815
v 2.289428 2.091621 -1.360881
v 2.290089 2.089500 -1.360004
v 2.289965 2.090307 -1.359997
v 2.289666 2.091005 -1.360052
v 2.289251 2.091549 -1.360127
v 2.289691 2.089500 -1.359329
v 2.289565 2.090292 -1.359341
v 2.289324 2.090930 -1.359453
v 2.289007 2.091388 -1.359560
v 2.306672 1.827500 -1.498824
v 2.307090 1.830500 -1.501794
v 2.309643 1.830500 -1.498406
v 2.306781 1.827602 -1.499592
v 2.306881 1.827902 -1.500309
v 2.306968 1.828379 -1.500924
v 2.307441 1.827602 -1.498716
v 2.307578 1.827724 -1.499511
v 2.307662 1.828027 -1.500204
v 2.307722 1.828449 -1.500745
v 2.308158 1.827902 -1.498615
v 2.308274 1.828029 -1.499398
v 2.308287 1.828284 -1.500040
v 2.308288 1.828611 -1.500504
v 2.308629 1.828768 -1.500298
v 2.307845 1.830500 -1.501585
v 2.308520 1.830500 -1.501187
v 2.309068 1.830500 -1.500629
v 2.307076 1.829724 -1.501693
v 2.307858 1.829700 -1.501460
v 2.308507 1.829713 -1.501063
v 2.308987 1.829729 -1.500569
v 2.307034 1.829000 -1.501396
v 2.307801 1.828995 -1.501160
v 2.308397 1.829071 -1.500820
v 2.308805 1.829134 -1.500431
v 2.309542 1.829724 -1.498420
v 2.309245 1.829000 -1.498462
v 2.308773 1.828379 -1.498528
v 2.309650 1.830500 -1.499189
v 2.309533 1.829693 -1.499230
v 2.309231 1.828995 -1.499259
v 2.308811 1.828451 -1.499302
v 2.309454 1.830500 -1.499948
v 2.309329 1.829708 -1.499971
v 2.309067 1.829071 -1.499930
v 2.308733 1.828612 -1.499914
v 2.306672 2.092500 -1.498824
v 2.309643 2.089500 -1.498406
v 2.307090 2.089500 -1.501794
v 2.307441 2.092398 -1.498716
v 2.308158 2.092098 -1.498615
v 2.308773 2.091621 -1.498528
v 2.306781 2.092398 -1.499592
v 2.307583 2.092276 -1.499504
v 2.308272 2.091973 -1.499394
v 2.308809 2.091551 -1.499302
v 2.306881 2.092098 -1.500309
v 2.307666 2.091971 -1.500204
v 2.308287 2.091717 -1.500040
v 2.308733 2.091389 -1.499914
v 2.308629 2.091232 -1.500298
v 2.309650 2.089500 -1.499189
v 2.309454 2.089500 -1.499948
v 2.309068 2.089500 -1.500629
v 2.309542 2.090276 -1.498420
v 2.309534 2.090301 -1.499236
v 2.309331 2.090287 -1.499970
v 2.308989 2.090271 -1.500567
v 2.309245 2.091000 -1.498462
v 2.309230 2.091006 -1.499264
v 2.309067 2.090929 -1.499931
v 2.308806 2.090866 -1.500431
v 2.307076 2.090276 -1.501693
v 2.307034 2.091000 -1.501396
v 2.306968 2.091621 -1.500924
v 2.307845 2.089500 -1.501585
v 2.307852 2.090307 -1.501461
v 2.307797 2.091005 -1.501163
v 2.307722 2.091549 -1.500747
v 2.308520 2.089500 -1.501187
v 2.308507 2.090292 -1.501061
v 2.308396 2.090930 -1.500820
v 2.308288 2.091388 -1.500504
v 2.352042 1.826712 1.357565
v 2.346868 1.831625 1.356301
v 2.339853 1.833424 1.356028
v 2.332877 1.831625 1.356819
v 2.327810 1.826712 1.358463
v 2.326010 1.820000 1.360518
v 2.327957 1.813288 1.362435
v 2.333132 1.808375 1.363699
v 2.340147 1.806576 1.363972
v 2.347122 1.808375 1.363181
v 2.352190 1.813288 1.361537
v 2.353990 1.820000 1.359482
v 2.342042 1.746712 1.087565
v 2.336868 1.751625 1.086301
v 2.329853 1.753424 1.086028
v 2.322877 1.751625 1.086819
v 2.317810 1.746712 1.088463
v 2.316010 1.740000 1.090518
v 2.317957 1.733288 1.092435
v 2.323132 1.728375 1.093699
v 2.330147 1.726576 1.093972
v 2.337122 1.728375 1.093181
v 2.342190 1.733288 1.091537
v 2.343990 1.740000 1.089482
v 2.342042 1.746712 1.087565
v 2.336868 1.751625 1.086301
v 2.329853 1.753424 1.086028
v 2.322877 1.751625 1.086819
v 2.317810 1.746712 1.088463
v 2.316010 1.740000 1.090518
v 2.317957 1.733288 1.092435
v 2.323132 1.728375 1.093699
v 2.330147 1.726576 1.093972
v 2.337122 1.728375 1.093181
v 2.342190 1.733288 1.091537
v 2.343990 1.740000 1.089482
v 2.352042 1.826712 1.357565
v 2.346868 1.831625 1.356301
v 2.339853 1.833424 1.356028
v 2.332877 1.831625 1.356819
v 2.327810 1.826712 1.358463
v 2.326010 1.820000 1.360518
v 2.327957 1.813288 1.362435
v 2.333132 1.808375 1.363699
v 2.340147 1.806576 1.363972
v 2.347122 1.808375 1.363181
v 2.352190 1.813288 1.361537
v 2.353990 1.820000 1.359482
v 2.342007 1.810000 1.480209
v 2.346878 1.845000 1.514869
v 2.307348 1.845000 1.485080
v 2.343267 1.811192 1.489177
v 2.344443 1.814691 1.497542
v 2.345452 1.820251 1.504717
v 2.333040 1.811192 1.481469
v 2.334068 1.812611 1.490835
v 2.335352 1.816150 1.498873
v 2.336422 1.821072 1.505134
v 2.324675 1.814691 1.482645
v 2.325898 1.816172 1.491805
v 2.327819 1.819138 1.499047
v 2.329290 1.822965 1.504245
v 2.324809 1.824793 1.503032
v 2.337745 1.845000 1.514949
v 2.328893 1.845000 1.512659
v 2.320944 1.845000 1.508161
v 2.346712 1.835945 1.513688
v 2.337189 1.835660 1.513594
v 2.328637 1.835812 1.511222
v 2.321665 1.836000 1.507231
v 2.346226 1.827497 1.510223
v 2.336869 1.827434 1.510043
v 2.329089 1.828328 1.508141
v 2.323256 1.829062 1.505096
v 2.308528 1.835945 1.484914
v 2.311993 1.827497 1.484427
v 2.317499 1.820251 1.483653
v 2.309788 1.845000 1.493882
v 2.311233 1.835582 1.493966
v 2.314716 1.827443 1.493323
v 2.319565 1.821095 1.492452
v 2.314429 1.845000 1.501760
v 2.315905 1.835759 1.501616
v 2.318717 1.828320 1.500318
v 2.322405 1.822968 1.499059
v 2.346878 2.075000 1.514869
v 2.342007 2.110000 1.480209
v 2.307348 2.075000 1.485080
v 2.346712 2.084056 1.513688
v 2.346226 2.092503 1.510223
v 2.345452 2.099749 1.504717
v 2.337745 2.075000 1.514949
v 2.337265 2.084418 1.513583
v 2.336924 2.092557 1.510057
v 2.336425 2.098905 1.505157
v 2.328893 2.075000 1.512659
v 2.328624 2.084241 1.511201
v 2.329097 2.091680 1.508139
v 2.329291 2.097033 1.504248
v 2.324809 2.095207 1.503032
v 2.333040 2.108808 1.481469
v 2.324675 2.105309 1.482645
v 2.317499 2.099749 1.483653
v 2.343267 2.108808 1.489177
v 2.333981 2.107389 1.490769
v 2.325900 2.103851 1.491751
v 2.319587 2.098928 1.492449
v 2.344443 2.105309 1.497542
v 2.335301 2.103828 1.498890
v 2.327810 2.100862 1.499040
v 2.322407 2.097035 1.499059
v 2.309788 2.075000 1.493882
v 2.314429 2.075000 1.501760
v 2.320944 2.075000 1.508161
v 2.308528 2.084056 1.484914
v 2.311244 2.084341 1.494043
v 2.315881 2.084188 1.501610
v 2.321639 2.084000 1.507212
v 2.311993 2.092503 1.484427
v 2.314746 2.092566 1.493372
v 2.318718 2.091672 1.500326
v 2.323253 2.090939 1.505094
v 2.328090 1.810000 1.381182
v 2.293431 1.845000 1.386053
v 2.323219 1.845000 1.346523
v 2.319123 1.811192 1.382443
v 2.310757 1.814691 1.383618
v 2.303582 1.820251 1.384627
v 2.326830 1.811192 1.372215
v 2.317464 1.812611 1.373243
v 2.309426 1.816150 1.374527
v 2.303165 1.821072 1.375597
v 2.325654 1.814691 1.363850
v 2.316494 1.816172 1.365074
v 2.309252 1.819138 1.366994
v 2.304054 1.822965 1.368465
v 2.305267 1.824793 1.363984
v 2.293350 1.845000 1.376920
v 2.295640 1.845000 1.368068
v 2.300138 1.845000 1.360119
v 2.294611 1.835945 1.385888
v 2.294705 1.835660 1.376364
v 2.297077 1.835812 1.367812
v 2.301068 1.836000 1.360840
v 2.298076 1.827497 1.385401
v 2.298257 1.827434 1.376044
v 2.300159 1.828328 1.368264
v 2.303203 1.829062 1.362431
v 2.323385 1.835945 1.347703
v 2.323872 1.827497 1.351168
v 2.324646 1.820251 1.356675
v 2.314417 1.845000 1.348963
v 2.314332 1.835582 1.350408
v 2.314976 1.827443 1.353891
v 2.315847 1.821095 1.358740
v 2.306539 1.845000 1.353604
v 2.306683 1.835759 1.355080
v 2.307981 1.828320 1.357893
v 2.309240 1.822968 1.361580
v 2.328090 2.110000 1.381182
v 2.323219 2.075000 1.346523
v 2.293431 2.075000 1.386053
v 2.326830 2.108808 1.372215
v 2.325654 2.105309 1.363850
v 2.324646 2.099749 1.356675
v 2.319123 2.108808 1.382443
v 2.317530 2.107389 1.373157
v 2.316548 2.103851 1.365075
v 2.315850 2.098928 1.358762
v 2.310757 2.105309 1.383618
v 2.309409 2.103828 1.374476
v 2.309259 2.100862 1.366985
v 2.309240 2.097035 1.361583
v 2.305267 2.095207 1.363984
v 2.314417 2.075000 1.348963
v 2.306539 2.075000 1.353604
v 2.300138 2.075000 1.360119
v 2.323385 2.084056 1.347703
v 2.314256 2.084341 1.350419
v 2.306689 2.084188 1.355056
v 2.301087 2.084000 1.360815
v 2.323872 2.092503 1.351168
v 2.314927 2.092566 1.353921
v 2.307973 2.091672 1.357894
v 2.303205 2.090939 1.362428
v 2.294611 2.084056 1.385888
v 2.298076 2.092503 1.385401
v 2.303582 2.099749 1.384627
v 2.293350 2.075000 1.376920
v 2.294716 2.084418 1.376441
v 2.298242 2.092557 1.376099
v 2.303143 2.098905 1.375600
v 2.295640 2.075000 1.368068
v 2.297098 2.084241 1.367800
v 2.300159 2.091680 1.368272
v 2.304051 2.097033 1.368466
v 2.351910 1.810000 1.478817
v 2.386569 1.845000 1.473946
v 2.356781 1.845000 1.513477
v 2.360877 1.811192 1.477557
v 2.369242 1.814691 1.476382
v 2.376418 1.820251 1.475373
v 2.353170 1.811192 1.487785
v 2.362536 1.812611 1.486756
v 2.370574 1.816150 1.485473
v 2.376835 1.821072 1.484403
v 2.354346 1.814691 1.496150
v 2.363506 1.816172 1.494926
v 2.370748 1.819138 1.493006
v 2.375946 1.822965 1.491534
v 2.374733 1.824793 1.496016
v 2.386649 1.845000 1.483080
v 2.384360 1.845000 1.491932
v 2.379862 1.845000 1.499881
v 2.385389 1.835945 1.474112
v 2.385295 1.835660 1.483636
v 2.382923 1.835812 1.492188
v 2.378932 1.836000 1.499160
v 2.381924 1.827497 1.474599
v 2.381743 1.827434 1.483956
v 2.379841 1.828328 1.491736
v 2.376797 1.829062 1.497569
v 2.356615 1.835945 1.512297
v 2.356128 1.827497 1.508832
v 2.355354 1.820251 1.503325
v 2.365582 1.845000 1.511036
v 2.365667 1.835582 1.509592
v 2.365024 1.827443 1.506108
v 2.364153 1.821095 1.501260
v 2.373461 1.845000 1.506396
v 2.373317 1.835759 1.504920
v 2.372019 1.828320 1.502107
v 2.370760 1.822968 1.498420
v 2.351910 2.110000 1.478817
v 2.356781 2.075000 1.513477
v 2.386569 2.075000 1.473946
v 2.353170 2.108808 1.487785
v 2.354346 2.105309 1.496150
v 2.355354 2.099749 1.503325
v 2.360877 2.108808 1.477557
v 2.362470 2.107389 1.486843
v 2.363452 2.103851 1.494924
v 2.364149 2.098928 1.501238
v 2.369242 2.105309 1.476382
v 2.370591 2.103828 1.485524
v 2.370741 2.100862 1.493015
v 2.370759 2.097035 1.498417
v 2.374732 2.095207 1.496016
v 2.365582 2.075000 1.511036
v 2.373461 2.075000 1.506396
v 2.379862 2.075000 1.499881
v 2.356615 2.084056 1.512297
v 2.365743 2.084341 1.509581
v 2.373311 2.084188 1.504944
v 2.378912 2.084000 1.499185
v 2.356128 2.092503 1.508832
v 2.365073 2.092566 1.506079
v 2.372026 2.091672 1.502106
v 2.376794 2.090939 1.497572
v 2.385389 2.084056 1.474112
v 2.381924 2.092503 1.474599
v 2.376418 2.099749 1.475373
v 2.386649 2.075000 1.483080
v 2.385284 2.084418 1.483559
v 2.381758 2.092557 1.483901
v 2.376857 2.098905 1.484400
v 2.384360 2.075000 1.491932
v 2.382902 2.084241 1.492200
v 2.379840 2.091680 1.491728
v 2.375948 2.097033 1.491534
v 2.337993 1.810000 1.379791
v 2.333122 1.845000 1.345131
v 2.372652 1.845000 1.374920
v 2.336732 1.811192 1.370823
v 2.335557 1.814691 1.362458
v 2.334548 1.820251 1.355283
v 2.346960 1.811192 1.378530
v 2.345932 1.812611 1.369165
v 2.344648 1.816150 1.361126
v 2.343578 1.821072 1.354865
v 2.355325 1.814691 1.377355
v 2.354102 1.816172 1.368195
v 2.352181 1.819138 1.360953
v 2.350710 1.822965 1.355754
v 2.355191 1.824793 1.356968
v 2.342255 1.845000 1.345051
v 2.351107 1.845000 1.347340
v 2.359056 1.845000 1.351838
v 2.333287 1.835945 1.346311
v 2.342811 1.835660 1.346406
v 2.351363 1.835812 1.348778
v 2.358335 1.836000 1.352769
v 2.333774 1.827497 1.349776
v 2.343131 1.827434 1.349957
v 2.350911 1.828328 1.351859
v 2.356744 1.829062 1.354904
v 2.371472 1.835945 1.375085
v 2.368007 1.827497 1.375572
v 2.362501 1.820251 1.376346
v 2.370212 1.845000 1.366118
v 2.368767 1.835582 1.366033
v 2.365283 1.827443 1.366677
v 2.360435 1.821095 1.367548
v 2.365571 1.845000 1.358240
v 2.364095 1.835759 1.358384
v 2.361283 1.828320 1.359682
v 2.357595 1.822968 1.360941
v 2.337993 2.110000 1.379791
v 2.372652 2.075000 1.374920
v 2.333122 2.075000 1.345131
v 2.346960 2.108808 1.378530
v 2.355325 2.105309 1.377355
v 2.362501 2.099749 1.376346
v 2.336732 2.108808 1.370823
v 2.346019 2.107389 1.369230
v 2.354100 2.103851 1.368249
v 2.360413 2.098928 1.367551
v 2.335557 2.105309 1.362458
v 2.344699 2.103828 1.361110
v 2.352190 2.100862 1.360960
v 2.357593 2.097035 1.360941
v 2.355191 2.095207 1.356968
v 2.370212 2.075000 1.366118
v 2.365571 2.075000 1.358240
v 2.359056 2.075000 1.351838
v 2.371472 2.084056 1.375085
v 2.368756 2.084341 1.365957
v 2.364119 2.084188 1.358390
v 2.358361 2.084000 1.352788
v 2.368007 2.092503 1.375572
v 2.365254 2.092566 1.366628
v 2.361281 2.091672 1.359674
v 2.356747 2.090939 1.354906
v 2.333287 2.084056 1.346311
v 2.333774 2.092503 1.349776
v 2.334548 2.099749 1.355283
v 2.342255 2.075000 1.345051
v 2.342735 2.084418 1.346417
v 2.343076 2.092557 1.349942
v 2.343575 2.098905 1.354843
v 2.351107 2.075000 1.347340
v 2.351376 2.084241 1.348799
v 2.350903 2.091680 1.351860
v 2.350709 2.097033 1.355752
v 2.306673 1.827500 1.498824
v 2.307090 1.830500 1.501794
v 2.303702 1.830500 1.499241
v 2.306781 1.827602 1.499592
v 2.306881 1.827902 1.500309
v 2.306968 1.828379 1.500924
v 2.305904 1.827602 1.498931
v 2.305992 1.827724 1.499734
v 2.306102 1.828027 1.500423
v 2.306194 1.828449 1.500960
v 2.305187 1.827902 1.499032
v 2.305292 1.828029 1.499817
v 2.305456 1.828284 1.500438
v 2.305583 1.828611 1.500884
v 2.305198 1.828768 1.500780
v 2.306307 1.830500 1.501801
v 2.305548 1.830500 1.501605
v 2.304867 1.830500 1.501219
v 2.307076 1.829724 1.501693
v 2.306259 1.829700 1.501685
v 2.305526 1.829713 1.501482
v 2.304929 1.829729 1.501140
v 2.307034 1.829000 1.501396
v 2.306232 1.828995 1.501381
v 2.305565 1.829071 1.501218
v 2.305065 1.829134 1.500957
v 2.303803 1.829724 1.499227
v 2.304100 1.829000 1.499185
v 2.304572 1.828379 1.499119
v 2.303911 1.830500 1.499995
v 2.304035 1.829693 1.500003
v 2.304333 1.828995 1.499947
v 2.304749 1.828451 1.499873
v 2.304309 1.830500 1.500671
v 2.304435 1.829708 1.500658
v 2.304676 1.829071 1.500547
v 2.304992 1.828612 1.500439
v 2.307090 2.089500 1.501794
v 2.306673 2.092500 1.498824
v 2.303702 2.089500 1.499241
v 2.307076 2.090276 1.501693
v 2.307034 2.091000 1.501396
v 2.306968 2.091621 1.500924
v 2.306307 2.089500 1.501801
v 2.306266 2.090307 1.501684
v 2.306237 2.091005 1.501382
v 2.306194 2.091549 1.500962
v 2.305548 2.089500 1.501605
v 2.305525 2.090292 1.501480
v 2.305566 2.090930 1.501217
v 2.305583 2.091388 1.500884
v 2.305198 2.091232 1.500780
v 2.305904 2.092398 1.498931
v 2.305187 2.092098 1.499032
v 2.304572 2.091621 1.499119
v 2.306781 2.092398 1.499592
v 2.305985 2.092276 1.499729
v 2.305292 2.091973 1.499813
v 2.304751 2.091551 1.499872
v 2.306881 2.092098 1.500309
v 2.306098 2.091971 1.500425
v 2.305456 2.091717 1.500437
v 2.304993 2.091389 1.500439
v 2.303911 2.089500 1.499995
v 2.304309 2.089500 1.500671
v 2.304867 2.089500 1.501219
v 2.303803 2.090276 1.499227
v 2.304036 2.090301 1.500009
v 2.304433 2.090287 1.500658
v 2.304927 2.090271 1.501138
v 2.304100 2.091000 1.499185
v 2.304336 2.091006 1.499952
v 2.304676 2.090929 1.500548
v 2.305065 2.090866 1.500956
v 2.287328 1.827500 1.361176
v 2.284357 1.830500 1.361594
v 2.286910 1.830500 1.358206
v 2.286559 1.827602 1.361284
v 2.285842 1.827902 1.361385
v 2.285227 1.828379 1.361471
v 2.287219 1.827602 1.360408
v 2.286417 1.827724 1.360496
v 2.285728 1.828027 1.360606
v 2.285191 1.828449 1.360698
v 2.287119 1.827902 1.359691
v 2.286334 1.828029 1.359795
v 2.285713 1.828284 1.359960
v 2.285267 1.828611 1.360086
v 2.285371 1.828768 1.359702
v 2.284350 1.830500 1.360811
v 2.284546 1.830500 1.360052
v 2.284931 1.830500 1.359371
v 2.284458 1.829724 1.361580
v 2.284466 1.829700 1.360763
v 2.284669 1.829713 1.360030
v 2.285011 1.829729 1.359433
v 2.284755 1.829000 1.361538
v 2.284770 1.828995 1.360736
v 2.284933 1.829071 1.360069
v 2.285194 1.829134 1.359569
v 2.286924 1.829724 1.358307
v 2.286966 1.829000 1.358604
v 2.287032 1.828379 1.359076
v 2.286155 1.830500 1.358415
v 2.286148 1.829693 1.358539
v 2.286203 1.828995 1.358837
v 2.286278 1.828451 1.359253
v 2.285480 1.830500 1.358812
v 2.285492 1.829708 1.358939
v 2.285604 1.829071 1.359180
v 2.285712 1.828612 1.359496
v 2.287328 2.092500 1.361176
v 2.286910 2.089500 1.358206
v 2.284357 2.089500 1.361594
v 2.287219 2.092398 1.360408
v 2.287119 2.092098 1.359691
v 2.287032 2.091621 1.359076
v 2.286559 2.092398 1.361284
v 2.286422 2.092276 1.360488
v 2.286338 2.091973 1.359796
v 2.286278 2.091551 1.359254
v 2.285842 2.092098 1.361385
v 2.285726 2.091971 1.360601
v 2.285713 2.091717 1.359959
v 2.285712 2.091389 1.359496
v 2.285371 2.091232 1.359702
v 2.286155 2.089500 1.358415
v 2.285480 2.089500 1.358812
v 2.284931 2.089500 1.359371
v 2.286924 2.090276 1.358307
v 2.286142 2.090301 1.358539
v 2.285493 2.090287 1.358937
v 2.285013 2.090271 1.359430
v 2.286966 2.091000 1.358604
v 2.286199 2.091006 1.358840
v 2.285603 2.090929 1.359180
v 2.285194 2.090866 1.359569
v 2.284458 2.090276 1.361580
v 2.284755 2.091000 1.361538
v 2.285227 2.091621 1.361471
v 2.284350 2.089500 1.360811
v 2.284467 2.090307 1.360770
v 2.284769 2.091005 1.360741
v 2.285189 2.091549 1.360698
v 2.284546 2.089500 1.360052
v 2.284671 2.090292 1.360029
v 2.284933 2.090930 1.360070
v 2.285267 2.091388 1.360086
v 2.306672 1.827500 1.498824
v 2.309643 1.830500 1.498406
v 2.307090 1.830500 1.501794
v 2.307441 1.827602 1.498716
v 2.308158 1.827902 1.498615
v 2.308773 1.828379 1.498528
v 2.306781 1.827602 1.499592
v 2.307583 1.827724 1.499504
v 2.308272 1.828027 1.499394
v 2.308809 1.828449 1.499302
v 2.306881 1.827902 1.500309
v 2.307666 1.828029 1.500204
v 2.308287 1.828284 1.500040
v 2.308733 1.828611 1.499914
v 2.308629 1.828768 1.500298
v 2.309650 1.830500 1.499189
v 2.309454 1.830500 1.499948
v 2.309068 1.830500 1.500629
v 2.309542 1.829724 1.498420
v 2.309534 1.829700 1.499236
v 2.309331 1.829713 1.499970
v 2.308989 1.829729 1.500567
v 2.309245 1.829000 1.498462
v 2.309230 1.828995 1.499264
v 2.309067 1.829071 1.499931
v 2.308806 1.829134 1.500431
v 2.307076 1.829724 1.501693
v 2.307034 1.829000 1.501396
v 2.306968 1.828379 1.500924
v 2.307845 1.830500 1.501585
v 2.307852 1.829693 1.501461
v 2.307797 1.828995 1.501163
v 2.307722 1.828451 1.500747
v 2.308520 1.830500 1.501187
v 2.308507 1.829708 1.501061
v 2.308396 1.829071 1.500820
v 2.308288 1.828612 1.500504
v 2.306672 2.092500 1.498824
v 2.307090 2.089500 1.501794
v 2.309643 2.089500 1.498406
v 2.306781 2.092398 1.499592
v 2.306881 2.092098 1.500309
v 2.306968 2.091621 1.500924
v 2.307441 2.092398 1.498716
v 2.307578 2.092276 1.499511
v 2.307662 2.091973 1.500204
v 2.307722 2.091551 1.500745
v 2.308158 2.092098 1.498615
v 2.308274 2.091971 1.499398
v 2.308287 2.091717 1.500040
v 2.308288 2.091389 1.500504
v 2.308629 2.091232 1.500298
v 2.307845 2.089500 1.501585
v 2.308520 2.089500 1.501187
v 2.309068 2.089500 1.500629
v 2.307076 2.090276 1.501693
v 2.307858 2.090301 1.501460
v 2.308507 2.090287 1.501063
v 2.308987 2.090271 1.500569
v 2.307034 2.091000 1.501396
v 2.307801 2.091006 1.501160
v 2.308397 2.090929 1.500820
v 2.308805 2.090866 1.500431
v 2.309542 2.090276 1.498420
v 2.309245 2.091000 1.498462
v 2.308773 2.091621 1.498528
v 2.309650 2.089500 1.499189
v 2.309533 2.090307 1.499230
v 2.309231 2.091005 1.499259
v 2.308811 2.091549 1.499302
v 2.309454 2.089500 1.499948
v 2.309329 2.090292 1.499971
v 2.309067 2.090930 1.499930
v 2.308733 2.091388 1.499914
v 2.287327 1.827500 1.361176
v 2.286910 1.830500 1.358205
v 2.290298 1.830500 1.360759
v 2.287219 1.827602 1.360408
v 2.287118 1.827902 1.359691
v 2.287032 1.828379 1.359076
v 2.288096 1.827602 1.361068
v 2.288008 1.827724 1.360265
v 2.287898 1.828027 1.359576
v 2.287806 1.828449 1.359040
v 2.288813 1.827902 1.360968
v 2.288708 1.828029 1.360182
v 2.288543 1.828284 1.359562
v 2.288417 1.828611 1.359116
v 2.288801 1.828768 1.359220
v 2.287693 1.830500 1.358199
v 2.288451 1.830500 1.358395
v 2.289133 1.830500 1.358780
v 2.286924 1.829724 1.358307
v 2.287740 1.829700 1.358315
v 2.288473 1.829713 1.358518
v 2.289071 1.829729 1.358860
v 2.286966 1.829000 1.358604
v 2.287768 1.828995 1.358619
v 2.288435 1.829071 1.358782
v 2.288935 1.829134 1.359043
v 2.290197 1.829724 1.360773
v 2.289900 1.829000 1.360815
v 2.289428 1.828379 1.360881
v 2.290089 1.830500 1.360004
v 2.289965 1.829693 1.359997
v 2.289666 1.828995 1.360052
v 2.289251 1.828451 1.360127
v 2.289691 1.830500 1.359329
v 2.289565 1.829708 1.359341
v 2.289324 1.829071 1.359453
v 2.289007 1.828612 1.359560
v 2.287327 2.092500 1.361176
v 2.290298 2.089500 1.360759
v 2.286910 2.089500 1.358205
v 2.288096 2.092398 1.361068
v 2.288813 2.092098 1.360968
v 2.289428 2.091621 1.360881
v 2.287219 2.092398 1.360408
v 2.288015 2.092276 1.360271
v 2.288708 2.091973 1.360187
v 2.289249 2.091551 1.360127
v 2.287118 2.092098 1.359691
v 2.287902 2.091971 1.359575
v 2.288544 2.091717 1.359562
v 2.289007 2.091389 1.359561
v 2.288801 2.091232 1.359220
v 2.290089 2.089500 1.360004
v 2.289691 2.089500 1.359329
v 2.289133 2.089500 1.358780
v 2.290197 2.090276 1.360773
v 2.289964 2.090301 1.359990
v 2.289567 2.090287 1.359342
v 2.289073 2.090271 1.358862
v 2.289900 2.091000 1.360815
v 2.289664 2.091006 1.360048
v 2.289324 2.090929 1.359452
v 2.288935 2.090866 1.359043
v 2.286924 2.090276 1.358307
v 2.286966 2.091000 1.358604
v 2.287032 2.091621 1.359076
v 2.287693 2.089500 1.358199
v 2.287734 2.090307 1.358316
v 2.287763 2.091005 1.358618
v 2.287806 2.091549 1.359038
v 2.288451 2.089500 1.358395
v 2.288475 2.090292 1.358520
v 2.288434 2.090930 1.358782
v 2.288417 2.091388 1.359116
vn 0.0355 0.2839 -0.9582
vn 0.0355 0.2840 -0.9582
vn -0.0355 -0.2839 0.9582
vn -0.0355 -0.2840 0.9582
vn -0.0355 -0.2841 0.9581
vn -0.8707 0.4794 0.1098
vn -0.9993 -0.0000 -0.0370
vn -0.5088 0.8304 0.2272
vn -0.0105 0.9589 0.2837
vn 0.4906 0.8304 0.2642
vn 0.8602 0.4794 0.1739
vn 0.9993 -0.0000 0.0370
vn 0.8707 -0.4794 -0.1098
vn 0.5088 -0.8304 -0.2272
vn 0.0105 -0.9589 -0.2837
vn -0.4906 -0.8304 -0.2642
vn -0.8602 -0.4794 -0.1739
vn -0.0755 -0.9955 0.0569
vn -0.1032 -0.9634 0.2473
vn -0.2964 -0.9283 0.2244
vn -0.2664 -0.9634 0.0314
vn -0.1336 -0.8642 0.4851
vn -0.3166 -0.8321 0.4554
vn -0.1604 -0.7056 0.6902
vn -0.3342 -0.6865 0.6458
vn -0.5251 -0.8318 0.1797
vn -0.5030 -0.8643 -0.0047
vn -0.5235 -0.7551 0.3947
vn -0.5233 -0.6353 0.5679
vn -0.7133 -0.6861 0.1431
vn -0.7075 -0.7058 -0.0360
vn -0.6903 -0.6352 0.3465
vn -0.6521 -0.5773 0.4914
vn -0.2048 -0.0669 0.9765
vn -0.3908 -0.0678 0.9180
vn -0.3901 -0.2623 0.8826
vn -0.2016 -0.2594 0.9445
vn -0.6144 -0.0648 0.7864
vn -0.6061 -0.2502 0.7551
vn -0.7971 -0.0628 0.6006
vn -0.7749 -0.2410 0.5843
vn -0.3644 -0.4950 0.7888
vn -0.1850 -0.4987 0.8468
vn -0.5643 -0.4635 0.6832
vn -0.7174 -0.4392 0.5408
vn -0.9951 -0.0669 -0.0723
vn -0.9635 -0.2592 -0.0670
vn -0.9558 -0.2634 0.1305
vn -0.9901 -0.0681 0.1229
vn -0.8648 -0.4989 -0.0561
vn -0.8588 -0.4951 0.1319
vn -0.8926 -0.2510 0.3744
vn -0.9253 -0.0654 0.3736
vn -0.8122 -0.4637 0.3539
vn -0.2048 0.0669 0.9765
vn -0.2012 0.2592 0.9446
vn -0.3889 0.2634 0.8828
vn -0.3910 0.0681 0.9179
vn -0.1845 0.4989 0.8468
vn -0.3635 0.4951 0.7891
vn -0.1604 0.7058 0.6900
vn -0.3342 0.6861 0.6462
vn -0.6060 0.2511 0.7548
vn -0.6142 0.0654 0.7865
vn -0.5641 0.4637 0.6832
vn -0.5233 0.6352 0.5681
vn -0.7753 0.2410 0.5838
vn -0.7970 0.0628 0.6007
vn -0.7176 0.4392 0.5405
vn -0.6521 0.5773 0.4914
vn -0.0755 0.9955 0.0569
vn -0.2661 0.9634 0.0310
vn -0.2974 0.9283 0.2230
vn -0.1036 0.9634 0.2474
vn -0.5031 0.8642 -0.0052
vn -0.5251 0.8321 0.1788
vn -0.7076 0.7056 -0.0360
vn -0.7129 0.6865 0.1432
vn -0.3175 0.8318 0.4553
vn -0.1342 0.8643 0.4848
vn -0.5237 0.7551 0.3944
vn -0.6901 0.6354 0.3465
vn -0.9951 0.0669 -0.0723
vn -0.9901 0.0678 0.1226
vn -0.9560 0.2623 0.1317
vn -0.9635 0.2594 -0.0666
vn -0.9252 0.0648 0.3738
vn -0.8929 0.2502 0.3745
vn -0.8587 0.4950 0.1328
vn -0.8650 0.4987 -0.0555
vn -0.8123 0.4635 0.3541
vn -0.0569 -0.9955 -0.0755
vn -0.2473 -0.9634 -0.1032
vn -0.2244 -0.9283 -0.2964
vn -0.0314 -0.9633 -0.2664
vn -0.4851 -0.8642 -0.1336
vn -0.4554 -0.8321 -0.3166
vn -0.6902 -0.7056 -0.1604
vn -0.6458 -0.6865 -0.3342
vn -0.1797 -0.8318 -0.5251
vn 0.0047 -0.8643 -0.5030
vn -0.3947 -0.7551 -0.5235
vn -0.5679 -0.6354 -0.5233
vn -0.1431 -0.6861 -0.7133
vn 0.0360 -0.7058 -0.7075
vn -0.3465 -0.6352 -0.6903
vn -0.4914 -0.5773 -0.6521
vn -0.9765 -0.0669 -0.2048
vn -0.9180 -0.0678 -0.3908
vn -0.8826 -0.2623 -0.3901
vn -0.9445 -0.2594 -0.2016
vn -0.7864 -0.0648 -0.6144
vn -0.7551 -0.2502 -0.6061
vn -0.6006 -0.0628 -0.7971
vn -0.5843 -0.2410 -0.7749
vn -0.7888 -0.4950 -0.3644
vn -0.8468 -0.4987 -0.1850
vn -0.6832 -0.4635 -0.5643
vn -0.5408 -0.4392 -0.7174
vn 0.0723 -0.0669 -0.9951
vn 0.0670 -0.2592 -0.9635
vn -0.1305 -0.2634 -0.9558
vn -0.1229 -0.0681 -0.9901
vn 0.0561 -0.4989 -0.8648
vn -0.1319 -0.4951 -0.8588
vn -0.3744 -0.2511 -0.8926
vn -0.3736 -0.0654 -0.9253
vn -0.3539 -0.4637 -0.8122
vn -0.0569 0.9955 -0.0755
vn -0.0310 0.9634 -0.2661
vn -0.2230 0.9283 -0.2974
vn -0.2474 0.9634 -0.1036
vn 0.0052 0.8642 -0.5031
vn -0.1788 0.8320 -0.5251
vn 0.0360 0.7056 -0.7077
vn -0.1432 0.6864 -0.7129
vn -0.4553 0.8318 -0.3175
vn -0.4848 0.8643 -0.1342
vn -0.3944 0.7551 -0.5237
vn -0.3465 0.6354 -0.6901
vn -0.6462 0.6861 -0.3342
vn -0.6900 0.7058 -0.1604
vn -0.5681 0.6352 -0.5233
vn -0.4914 0.5773 -0.6521
vn 0.0723 0.0669 -0.9951
vn -0.1226 0.0678 -0.9901
vn -0.1317 0.2623 -0.9560
vn 0.0666 0.2595 -0.9635
vn -0.3738 0.0648 -0.9252
vn -0.3745 0.2502 -0.8929
vn -0.6007 0.0628 -0.7970
vn -0.5839 0.2410 -0.7753
vn -0.1328 0.4950 -0.8587
vn 0.0555 0.4987 -0.8650
vn -0.3541 0.4635 -0.8123
vn -0.5405 0.4392 -0.7176
vn -0.9765 0.0669 -0.2048
vn -0.9446 0.2592 -0.2012
vn -0.8828 0.2634 -0.3889
vn -0.9179 0.0681 -0.3910
vn -0.8468 0.4989 -0.1845
vn -0.7891 0.4951 -0.3635
vn -0.7548 0.2511 -0.6060
vn -0.7865 0.0654 -0.6142
vn -0.6832 0.4637 -0.5641
vn 0.0569 -0.9955 0.0755
vn 0.2473 -0.9634 0.1032
vn 0.2244 -0.9283 0.2964
vn 0.0314 -0.9634 0.2664
vn 0.4851 -0.8642 0.1336
vn 0.4554 -0.8321 0.3166
vn 0.6902 -0.7056 0.1604
vn 0.6458 -0.6865 0.3342
vn 0.1797 -0.8318 0.5251
vn -0.0047 -0.8643 0.5030
vn 0.3947 -0.7551 0.5235
vn 0.5679 -0.6353 0.5233
vn 0.1431 -0.6861 0.7133
vn -0.0360 -0.7058 0.7075
vn 0.3465 -0.6351 0.6903
vn 0.4914 -0.5773 0.6521
vn 0.9765 -0.0669 0.2048
vn 0.9180 -0.0678 0.3908
vn 0.8826 -0.2623 0.3901
vn 0.9445 -0.2595 0.2016
vn 0.7864 -0.0648 0.6144
vn 0.7550 -0.2502 0.6061
vn 0.6006 -0.0628 0.7971
vn 0.5843 -0.2410 0.7749
vn 0.7888 -0.4950 0.3644
vn 0.8468 -0.4987 0.1850
vn 0.6832 -0.4635 0.5643
vn 0.5408 -0.4392 0.7174
vn -0.0723 -0.0669 0.9951
vn -0.0670 -0.2592 0.9635
vn 0.1305 -0.2634 0.9558
vn 0.1229 -0.0681 0.9901
vn -0.0561 -0.4989 0.8648
vn 0.1319 -0.4951 0.8588
vn 0.3744 -0.2511 0.8926
vn 0.3736 -0.0654 0.9253
vn 0.3539 -0.4637 0.8122
vn 0.0569 0.9955 0.0755
vn 0.0310 0.9634 0.2661
vn 0.2230 0.9283 0.2974
vn 0.2474 0.9634 0.1036
vn -0.0052 0.8642 0.5031
vn 0.1788 0.8321 0.5251
vn -0.0360 0.7056 0.7076
vn 0.1432 0.6865 0.7129
vn 0.4553 0.8318 0.3175
vn 0.4848 0.8643 0.1342
vn 0.3944 0.7551 0.5237
vn 0.3465 0.6354 0.6901
vn 0.6462 0.6861 0.3342
vn 0.6900 0.7058 0.1604
vn 0.5681 0.6352 0.5233
vn 0.4914 0.5773 0.6521
vn -0.0723 0.0669 0.9951
vn 0.1226 0.0678 0.9901
vn 0.1317 0.2623 0.9560
vn -0.0666 0.2595 0.9635
vn 0.3738 0.0648 0.9252
vn 0.3745 0.2502 0.8929
vn 0.6007 0.0628 0.7970
vn 0.5838 0.2410 0.7753
vn 0.1328 0.4950 0.8587
vn -0.0555 0.4987 0.8650
vn 0.3541 0.4635 0.8123
vn 0.5405 0.4392 0.7176
vn 0.9765 0.0669 0.2048
vn 0.9446 0.2592 0.2012
vn 0.8828 0.2634 0.3889
vn 0.9179 0.0681 0.3910
vn 0.8468 0.4989 0.1845
vn 0.7891 0.4951 0.3635
vn 0.7548 0.2511 0.6060
vn 0.7865 0.0654 0.6142
vn 0.6832 0.4637 0.5641
vn 0.0755 -0.9955 -0.0569
vn 0.1032 -0.9634 -0.2473
vn 0.2964 -0.9284 -0.2244
vn 0.2664 -0.9634 -0.0314
vn 0.1337 -0.8642 -0.4851
vn 0.3166 -0.8321 -0.4554
vn 0.1604 -0.7056 -0.6902
vn 0.3342 -0.6865 -0.6458
vn 0.5251 -0.8318 -0.1797
vn 0.5030 -0.8643 0.0047
vn 0.5235 -0.7551 -0.3947
vn 0.5233 -0.6354 -0.5678
vn 0.7133 -0.6861 -0.1431
vn 0.7075 -0.7058 0.0360
vn 0.6903 -0.6352 -0.3465
vn 0.6521 -0.5773 -0.4914
vn 0.2048 -0.0669 -0.9765
vn 0.3908 -0.0678 -0.9180
vn 0.3901 -0.2623 -0.8826
vn 0.2016 -0.2594 -0.9445
vn 0.6144 -0.0648 -0.7864
vn 0.6061 -0.2502 -0.7551
vn 0.7971 -0.0628 -0.6006
vn 0.7749 -0.2410 -0.5843
vn 0.3644 -0.4950 -0.7888
vn 0.1850 -0.4987 -0.8468
vn 0.5643 -0.4635 -0.6832
vn 0.7174 -0.4392 -0.5408
vn 0.9951 -0.0669 0.0723
vn 0.9635 -0.2592 0.0670
vn 0.9558 -0.2634 -0.1305
vn 0.9901 -0.0681 -0.1229
vn 0.8648 -0.4989 0.0561
vn 0.8588 -0.4951 -0.1319
vn 0.8926 -0.2511 -0.3744
vn 0.9253 -0.0654 -0.3736
vn 0.8122 -0.4637 -0.3539
vn 0.0755 0.9955 -0.0569
vn 0.2661 0.9634 -0.0310
vn 0.2974 0.9283 -0.2230
vn 0.1036 0.9634 -0.2474
vn 0.5031 0.8642 0.0052
vn 0.5251 0.8321 -0.1788
vn 0.7076 0.7056 0.0360
vn 0.7129 0.6865 -0.1432
vn 0.3175 0.8318 -0.4552
vn 0.1342 0.8643 -0.4848
vn 0.5237 0.7551 -0.3944
vn 0.6901 0.6354 -0.3465
vn 0.3342 0.6861 -0.6462
vn 0.1604 0.7058 -0.6900
vn 0.5233 0.6352 -0.5681
vn 0.6521 0.5773 -0.4914
vn 0.9951 0.0669 0.0723
vn 0.9901 0.0678 -0.1226
vn 0.9560 0.2623 -0.1317
vn 0.9635 0.2594 0.0666
vn 0.9252 0.0648 -0.3738
vn 0.8929 0.2502 -0.3745
vn 0.7970 0.0628 -0.6007
vn 0.7753 0.2410 -0.5838
vn 0.8587 0.4950 -0.1328
vn 0.8650 0.4987 0.0555
vn 0.8123 0.4635 -0.3541
vn 0.7176 0.4392 -0.5405
vn 0.2048 0.0669 -0.9765
vn 0.2012 0.2592 -0.9446
vn 0.3889 0.2634 -0.8828
vn 0.3910 0.0681 -0.9179
vn 0.1845 0.4989 -0.8468
vn 0.3635 0.4951 -0.7891
vn 0.6060 0.2510 -0.7548
vn 0.6142 0.0654 -0.7865
vn 0.5641 0.4637 -0.6832
vn -0.1420 -0.9887 0.0488
vn -0.1705 -0.9564 0.2371
vn -0.2963 -0.9284 0.2244
vn -0.1977 -0.8587 0.4727
vn -0.1506 -0.6174 0.7721
vn -0.5251 -0.8319 0.1797
vn -0.5029 -0.8643 -0.0047
vn -0.7132 -0.6862 0.1431
vn -0.7075 -0.7058 -0.0361
vn -0.6902 -0.6353 0.3464
vn -0.3160 -0.0523 0.9473
vn -0.3900 -0.2623 0.8826
vn -0.2665 -0.1976 0.9434
vn -0.6144 -0.0649 0.7863
vn -0.6061 -0.2502 0.7550
vn -0.7971 -0.0628 0.6005
vn -0.1697 -0.4728 0.8647
vn -0.5643 -0.4634 0.6833
vn -0.7174 -0.4391 0.5408
vn -0.9635 -0.2593 -0.0670
vn -0.9558 -0.2633 0.1304
vn -0.8588 -0.4951 0.1318
vn -0.8927 -0.2510 0.3744
vn -0.8123 -0.4637 0.3538
vn -0.3032 0.0479 0.9517
vn -0.2492 0.1918 0.9493
vn -0.1690 0.4731 0.8647
vn -0.3636 0.4951 0.7891
vn -0.1507 0.6176 0.7719
vn -0.3343 0.6861 0.6462
vn -0.6142 0.0654 0.7864
vn -0.5640 0.4637 0.6833
vn -0.5232 0.6352 0.5682
vn -0.7752 0.2410 0.5839
vn -0.7970 0.0627 0.6007
vn -0.7175 0.4392 0.5406
vn -0.6520 0.5773 0.4915
vn -0.1417 0.9887 0.0488
vn -0.2974 0.9283 0.2231
vn -0.1713 0.9562 0.2373
vn -0.5032 0.8642 -0.0052
vn -0.5251 0.8320 0.1789
vn -0.7077 0.7056 -0.0360
vn -0.7130 0.6864 0.1432
vn -0.3175 0.8319 0.4552
vn -0.1990 0.8588 0.4721
vn -0.5235 0.7552 0.3945
vn -0.6901 0.6354 0.3464
vn -0.9951 0.0669 -0.0724
vn -0.9901 0.0677 0.1226
vn -0.9560 0.2623 0.1316
vn -0.9635 0.2595 -0.0666
vn -0.8929 0.2501 0.3744
vn -0.8587 0.4950 0.1327
vn -0.8123 0.4635 0.3540
vn -0.1231 -0.9886 -0.0861
vn -0.2244 -0.9283 -0.2963
vn -0.0994 -0.9562 -0.2754
vn -0.6458 -0.6865 -0.3341
vn -0.1797 -0.8319 -0.5250
vn -0.0608 -0.8588 -0.5087
vn -0.3948 -0.7551 -0.5234
vn -0.5679 -0.6354 -0.5232
vn -0.0999 -0.6460 -0.7568
vn -0.3466 -0.6352 -0.6902
vn -0.4913 -0.5773 -0.6521
vn -0.9765 -0.0670 -0.2048
vn -0.8827 -0.2623 -0.3900
vn -0.9445 -0.2596 -0.2015
vn -0.7864 -0.0649 -0.6143
vn -0.7551 -0.2502 -0.6060
vn -0.6006 -0.0629 -0.7971
vn -0.5844 -0.2411 -0.7749
vn -0.7888 -0.4951 -0.3642
vn -0.8468 -0.4988 -0.1850
vn -0.6832 -0.4636 -0.5642
vn -0.5407 -0.4392 -0.7174
vn 0.1465 -0.0520 -0.9878
vn 0.0331 -0.1957 -0.9801
vn -0.1230 -0.0682 -0.9901
vn -0.1366 -0.4693 -0.8724
vn -0.1320 -0.4950 -0.8588
vn -0.3539 -0.4637 -0.8123
vn -0.1230 0.9887 -0.0861
vn -0.0987 0.9564 -0.2749
vn -0.2231 0.9283 -0.2974
vn -0.2475 0.9633 -0.1037
vn -0.0601 0.8587 -0.5090
vn -0.1789 0.8321 -0.5250
vn -0.0275 0.7013 -0.7123
vn -0.1432 0.6865 -0.7129
vn -0.4552 0.8318 -0.3175
vn -0.3945 0.7551 -0.5237
vn -0.5681 0.6351 -0.5234
vn 0.1603 0.0518 -0.9857
vn -0.1227 0.0678 -0.9901
vn -0.1317 0.2622 -0.9560
vn 0.0513 0.1962 -0.9792
vn -0.3738 0.0649 -0.9252
vn -0.3744 0.2502 -0.8929
vn -0.5839 0.2411 -0.7752
vn -0.0105 0.4953 -0.8687
vn -0.3540 0.4636 -0.8122
vn -0.5406 0.4394 -0.7175
vn -0.9446 0.2593 -0.2011
vn -0.8828 0.2636 -0.3889
vn -0.9179 0.0682 -0.3910
vn -0.8468 0.4990 -0.1844
vn -0.7548 0.2511 -0.6059
vn -0.6832 0.4638 -0.5640
vn 0.1231 -0.9887 0.0860
vn 0.2244 -0.9283 0.2963
vn 0.0994 -0.9562 0.2754
vn 0.4555 -0.8320 0.3167
vn 0.6902 -0.7056 0.1605
vn 0.6458 -0.6865 0.3341
vn 0.0608 -0.8588 0.5087
vn 0.3949 -0.7550 0.5235
vn 0.5679 -0.6355 0.5232
vn 0.0181 -0.6130 0.7898
vn 0.3466 -0.6352 0.6902
vn 0.4913 -0.5774 0.6520
vn 0.9765 -0.0669 0.2047
vn 0.8827 -0.2623 0.3899
vn 0.9445 -0.2595 0.2015
vn 0.7864 -0.0649 0.6144
vn 0.7551 -0.2502 0.6060
vn 0.5844 -0.2410 0.7749
vn 0.7888 -0.4951 0.3642
vn 0.6832 -0.4636 0.5642
vn 0.5407 -0.4392 0.7174
vn -0.1862 -0.0528 0.9811
vn -0.0891 -0.1965 0.9764
vn 0.1305 -0.2633 0.9558
vn 0.1229 -0.0682 0.9901
vn 0.0060 -0.4676 0.8839
vn 0.1319 -0.4950 0.8588
vn 0.3744 -0.2510 0.8926
vn 0.3539 -0.4637 0.8123
vn 0.1229 0.9887 0.0860
vn 0.0986 0.9564 0.2749
vn 0.2231 0.9283 0.2974
vn 0.0601 0.8587 0.5090
vn 0.1789 0.8321 0.5250
vn 0.0185 0.6128 0.7900
vn 0.4552 0.8318 0.3175
vn 0.4847 0.8643 0.1343
vn 0.3944 0.7551 0.5236
vn 0.3465 0.6355 0.6900
vn 0.4914 0.5774 0.6521
vn -0.1733 0.0485 0.9837
vn 0.1316 0.2622 0.9560
vn -0.0707 0.1905 0.9791
vn 0.3744 0.2501 0.8929
vn 0.5839 0.2411 0.7752
vn 0.0069 0.4673 0.8841
vn 0.3540 0.4635 0.8123
vn 0.5406 0.4393 0.7175
vn 0.9765 0.0669 0.2047
vn 0.9446 0.2593 0.2011
vn 0.8828 0.2635 0.3889
vn 0.9179 0.0682 0.3910
vn 0.8468 0.4990 0.1844
vn 0.7549 0.2511 0.6059
vn 0.7865 0.0655 0.6142
vn 0.6833 0.4638 0.5640
vn 0.1421 -0.9887 -0.0488
vn 0.1706 -0.9564 -0.2371
vn 0.2963 -0.9284 -0.2244
vn 0.2664 -0.9633 -0.0314
vn 0.1977 -0.8587 -0.4727
vn 0.3167 -0.8320 -0.4554
vn 0.2224 -0.7014 -0.6772
vn 0.3342 -0.6864 -0.6459
vn 0.5251 -0.8319 -0.1798
vn 0.5029 -0.8643 0.0046
vn 0.5235 -0.7550 -0.3947
vn 0.5234 -0.6353 -0.5679
vn 0.7132 -0.6862 -0.1431
vn 0.7075 -0.7058 0.0361
vn 0.6902 -0.6352 -0.3466
vn 0.6521 -0.5773 -0.4915
vn 0.2769 -0.0517 -0.9595
vn 0.3909 -0.0678 -0.9179
vn 0.2134 -0.1955 -0.9572
vn 0.6144 -0.0648 -0.7863
vn 0.6060 -0.2502 -0.7551
vn 0.7971 -0.0628 -0.6005
vn 0.2495 -0.4952 -0.8322
vn 0.5642 -0.4634 -0.6833
vn 0.7174 -0.4391 -0.5409
vn 0.9951 -0.0669 0.0724
vn 0.9901 -0.0682 -0.1228
vn 0.8588 -0.4951 -0.1318
vn 0.8927 -0.2510 -0.3744
vn 0.9253 -0.0654 -0.3737
vn 0.8123 -0.4636 -0.3539
vn 0.1418 0.9887 -0.0488
vn 0.2661 0.9635 -0.0310
vn 0.2974 0.9283 -0.2231
vn 0.1714 0.9562 -0.2373
vn 0.5251 0.8320 -0.1789
vn 0.7077 0.7056 0.0360
vn 0.7130 0.6864 -0.1432
vn 0.3175 0.8318 -0.4553
vn 0.1991 0.8587 -0.4722
vn 0.5236 0.7552 -0.3945
vn 0.3343 0.6861 -0.6462
vn 0.2226 0.7016 -0.6769
vn 0.5233 0.6352 -0.5680
vn 0.6520 0.5774 -0.4914
vn 0.9951 0.0669 0.0724
vn 0.9901 0.0677 -0.1226
vn 0.9560 0.2623 -0.1316
vn 0.9634 0.2595 0.0667
vn 0.8929 0.2501 -0.3745
vn 0.7970 0.0627 -0.6007
vn 0.7752 0.2410 -0.5839
vn 0.8587 0.4950 -0.1327
vn 0.8122 0.4636 -0.3541
vn 0.7175 0.4391 -0.5407
vn 0.2905 0.0514 -0.9555
vn 0.2313 0.1947 -0.9532
vn 0.3910 0.0682 -0.9178
vn 0.2484 0.4957 -0.8322
vn 0.3636 0.4950 -0.7891
vn 0.6060 0.2510 -0.7549
vn 0.6142 0.0654 -0.7864
vn 0.5641 0.4637 -0.6833
vn -0.6809 0.7324 -0.0000
vn -0.6577 0.7532 -0.0000
vn -0.4894 0.8721 -0.0000
vn -0.4749 0.8801 -0.0000
vn -0.7099 0.4226 0.5634
vn -0.3357 -0.4106 -0.8478
vn -0.0000 -1.0000 -0.0000
vn -0.4218 -0.9067 -0.0000
vn -0.4892 -0.8722 -0.0000
vn -0.3730 -0.9278 -0.0000
vn -0.5809 -0.8140 -0.0000
vn -0.3554 -0.9347 -0.0000
vn -0.6864 -0.4364 0.5818
vn -0.5918 0.3514 -0.7255
vn -0.6862 0.7274 -0.0000
vn 0.3821 0.9241 -0.0000
vn 0.3354 0.9421 -0.0000
vn 0.4886 0.8725 -0.0000
vn 0.6101 0.7923 -0.0000
vn 0.6194 0.7851 -0.0000
vn 0.6468 0.4042 -0.6468
vn -0.6965 -0.7176 -0.0000
vn 0.4023 -0.9155 -0.0000
vn 0.5664 -0.8241 -0.0000
vn 0.4248 -0.9053 -0.0000
vn 0.5772 -0.8166 -0.0000
vn -0.0000 -0.5300 -0.8480
vn -0.0867 0.9962 -0.0000
vn 0.2434 0.9699 -0.0000
vn -0.2869 -0.9580 -0.0000
vn 0.0355 0.2839 0.9582
vn 0.0355 0.2840 0.9582
vn -0.0355 -0.2839 -0.9582
vn -0.0355 -0.2840 -0.9582
vn -0.0355 -0.2841 -0.9581
vn 0.8602 0.4794 -0.1739
vn 0.9993 -0.0000 -0.0370
vn 0.4906 0.8304 -0.2642
vn -0.0105 0.9589 -0.2837
vn -0.5088 0.8304 -0.2272
vn -0.8707 0.4794 -0.1098
vn -0.9993 -0.0000 0.0370
vn -0.8602 -0.4794 0.1739
vn -0.4906 -0.8304 0.2642
vn 0.0105 -0.9589 0.2837
vn 0.5088 -0.8304 0.2272
vn 0.8707 -0.4794 0.1098
vn -0.0569 -0.9955 0.0755
vn -0.0310 -0.9634 0.2662
vn -0.2230 -0.9283 0.2974
vn -0.2474 -0.9633 0.1036
vn 0.0052 -0.8642 0.5031
vn -0.1788 -0.8321 0.5251
vn 0.0360 -0.7056 0.7076
vn -0.1432 -0.6865 0.7129
vn -0.4552 -0.8318 0.3175
vn -0.4848 -0.8643 0.1342
vn -0.3944 -0.7551 0.5237
vn -0.3465 -0.6354 0.6901
vn -0.6462 -0.6861 0.3342
vn -0.6900 -0.7058 0.1604
vn -0.5681 -0.6352 0.5233
vn -0.4914 -0.5773 0.6521
vn 0.0723 -0.0669 0.9951
vn -0.1226 -0.0678 0.9901
vn -0.1317 -0.2623 0.9560
vn 0.0666 -0.2595 0.9635
vn -0.3738 -0.0648 0.9252
vn -0.3745 -0.2502 0.8929
vn -0.6007 -0.0628 0.7970
vn -0.5839 -0.2410 0.7753
vn -0.1328 -0.4950 0.8587
vn 0.0555 -0.4987 0.8650
vn -0.3541 -0.4635 0.8123
vn -0.5406 -0.4392 0.7176
vn -0.9765 -0.0669 0.2048
vn -0.9446 -0.2592 0.2012
vn -0.8828 -0.2634 0.3889
vn -0.9179 -0.0681 0.3910
vn -0.8468 -0.4989 0.1845
vn -0.7891 -0.4951 0.3635
vn -0.7548 -0.2511 0.6060
vn -0.7865 -0.0654 0.6142
vn -0.6832 -0.4637 0.5641
vn 0.0723 0.0669 0.9951
vn 0.0670 0.2593 0.9635
vn -0.1305 0.2634 0.9558
vn -0.1229 0.0681 0.9901
vn 0.0561 0.4989 0.8648
vn -0.1319 0.4951 0.8588
vn 0.0360 0.7058 0.7075
vn -0.1431 0.6861 0.7133
vn -0.3744 0.2511 0.8926
vn -0.3736 0.0654 0.9253
vn -0.3539 0.4637 0.8122
vn -0.3465 0.6351 0.6903
vn -0.5843 0.2410 0.7749
vn -0.6006 0.0628 0.7971
vn -0.5408 0.4392 0.7174
vn -0.4914 0.5773 0.6521
vn -0.0569 0.9955 0.0755
vn -0.2473 0.9634 0.1032
vn -0.2244 0.9283 0.2964
vn -0.0314 0.9633 0.2664
vn -0.4851 0.8642 0.1336
vn -0.4554 0.8321 0.3166
vn -0.6902 0.7056 0.1604
vn -0.6458 0.6865 0.3342
vn -0.1797 0.8318 0.5251
vn 0.0047 0.8643 0.5030
vn -0.3947 0.7551 0.5235
vn -0.5679 0.6354 0.5233
vn -0.9765 0.0669 0.2048
vn -0.9180 0.0678 0.3908
vn -0.8826 0.2623 0.3901
vn -0.9445 0.2594 0.2016
vn -0.7864 0.0648 0.6144
vn -0.7551 0.2502 0.6061
vn -0.7888 0.4950 0.3644
vn -0.8468 0.4987 0.1850
vn -0.6832 0.4635 0.5643
vn -0.0755 -0.9955 -0.0569
vn -0.2662 -0.9634 -0.0310
vn -0.2974 -0.9283 -0.2230
vn -0.1036 -0.9634 -0.2474
vn -0.5031 -0.8642 0.0052
vn -0.5251 -0.8321 -0.1788
vn -0.7076 -0.7056 0.0360
vn -0.7129 -0.6865 -0.1432
vn -0.3175 -0.8318 -0.4552
vn -0.1342 -0.8643 -0.4848
vn -0.5237 -0.7551 -0.3944
vn -0.6901 -0.6354 -0.3465
vn -0.3342 -0.6861 -0.6462
vn -0.1604 -0.7058 -0.6900
vn -0.5233 -0.6352 -0.5681
vn -0.6521 -0.5773 -0.4914
vn -0.9951 -0.0669 0.0723
vn -0.9901 -0.0678 -0.1226
vn -0.9560 -0.2623 -0.1317
vn -0.9635 -0.2594 0.0666
vn -0.9252 -0.0648 -0.3738
vn -0.8929 -0.2502 -0.3745
vn -0.7970 -0.0628 -0.6007
vn -0.7753 -0.2410 -0.5839
vn -0.8587 -0.4950 -0.1328
vn -0.8650 -0.4987 0.0555
vn -0.8123 -0.4635 -0.3541
vn -0.7176 -0.4392 -0.5405
vn -0.2048 -0.0669 -0.9765
vn -0.2012 -0.2592 -0.9446
vn -0.3889 -0.2634 -0.8828
vn -0.3910 -0.0681 -0.9179
vn -0.1845 -0.4989 -0.8468
vn -0.3635 -0.4951 -0.7891
vn -0.6060 -0.2510 -0.7548
vn -0.6142 -0.0654 -0.7865
vn -0.5641 -0.4637 -0.6832
vn -0.0755 0.9955 -0.0569
vn -0.1032 0.9634 -0.2473
vn -0.2964 0.9283 -0.2244
vn -0.2664 0.9634 -0.0314
vn -0.1337 0.8642 -0.4851
vn -0.3166 0.8321 -0.4554
vn -0.1604 0.7056 -0.6902
vn -0.3342 0.6864 -0.6459
vn -0.5251 0.8318 -0.1797
vn -0.5030 0.8643 0.0047
vn -0.5235 0.7551 -0.3947
vn -0.5233 0.6353 -0.5679
vn -0.7133 0.6861 -0.1431
vn -0.7075 0.7058 0.0360
vn -0.6903 0.6352 -0.3465
vn -0.6521 0.5773 -0.4914
vn -0.2048 0.0669 -0.9765
vn -0.3908 0.0678 -0.9180
vn -0.3901 0.2623 -0.8827
vn -0.2016 0.2594 -0.9445
vn -0.6144 0.0648 -0.7864
vn -0.6061 0.2502 -0.7550
vn -0.7971 0.0628 -0.6006
vn -0.7749 0.2410 -0.5843
vn -0.3644 0.4950 -0.7888
vn -0.1850 0.4987 -0.8468
vn -0.5643 0.4635 -0.6832
vn -0.7174 0.4392 -0.5408
vn -0.9951 0.0669 0.0723
vn -0.9635 0.2592 0.0670
vn -0.9558 0.2634 -0.1305
vn -0.9901 0.0681 -0.1229
vn -0.8648 0.4989 0.0561
vn -0.8588 0.4951 -0.1319
vn -0.8926 0.2511 -0.3744
vn -0.9253 0.0654 -0.3736
vn -0.8122 0.4637 -0.3539
vn 0.0755 -0.9955 0.0569
vn 0.2661 -0.9634 0.0310
vn 0.2974 -0.9283 0.2230
vn 0.1036 -0.9634 0.2474
vn 0.5031 -0.8642 -0.0052
vn 0.5251 -0.8321 0.1788
vn 0.7076 -0.7056 -0.0360
vn 0.7129 -0.6865 0.1432
vn 0.3175 -0.8318 0.4552
vn 0.1342 -0.8643 0.4848
vn 0.5237 -0.7551 0.3944
vn 0.6901 -0.6354 0.3465
vn 0.3342 -0.6861 0.6462
vn 0.1604 -0.7058 0.6900
vn 0.5233 -0.6352 0.5681
vn 0.6521 -0.5773 0.4914
vn 0.9951 -0.0669 -0.0723
vn 0.9901 -0.0678 0.1226
vn 0.9560 -0.2623 0.1317
vn 0.9635 -0.2595 -0.0666
vn 0.9252 -0.0648 0.3738
vn 0.8929 -0.2502 0.3744
vn 0.7970 -0.0628 0.6007
vn 0.7753 -0.2410 0.5838
vn 0.8587 -0.4950 0.1328
vn 0.8650 -0.4987 -0.0555
vn 0.8123 -0.4635 0.3541
vn 0.7176 -0.4392 0.5405
vn 0.2048 -0.0669 0.9765
vn 0.2012 -0.2592 0.9446
vn 0.3889 -0.2634 0.8828
vn 0.3910 -0.0681 0.9179
vn 0.1845 -0.4989 0.8468
vn 0.3635 -0.4951 0.7891
vn 0.6060 -0.2510 0.7548
vn 0.6142 -0.0654 0.7865
vn 0.5641 -0.4637 0.6832
vn 0.0755 0.9955 0.0569
vn 0.1032 0.9634 0.2473
vn 0.2964 0.9284 0.2243
vn 0.2664 0.9634 0.0314
vn 0.1337 0.8642 0.4851
vn 0.3166 0.8321 0.4554
vn 0.1604 0.7056 0.6902
vn 0.3342 0.6864 0.6459
vn 0.5251 0.8318 0.1797
vn 0.5030 0.8643 -0.0047
vn 0.5235 0.7551 0.3947
vn 0.5233 0.6353 0.5678
vn 0.7133 0.6861 0.1431
vn 0.7075 0.7058 -0.0360
vn 0.6903 0.6352 0.3465
vn 0.6521 0.5773 0.4914
vn 0.2048 0.0669 0.9765
vn 0.3908 0.0678 0.9180
vn 0.3901 0.2623 0.8826
vn 0.2016 0.2595 0.9445
vn 0.6144 0.0648 0.7864
vn 0.6061 0.2502 0.7551
vn 0.7971 0.0628 0.6005
vn 0.7749 0.2410 0.5843
vn 0.3644 0.4950 0.7888
vn 0.1850 0.4987 0.8468
vn 0.5643 0.4635 0.6832
vn 0.7174 0.4392 0.5408
vn 0.9951 0.0669 -0.0723
vn 0.9635 0.2592 -0.0670
vn 0.9558 0.2634 0.1305
vn 0.9901 0.0681 0.1229
vn 0.8648 0.4989 -0.0560
vn 0.8588 0.4951 0.1319
vn 0.8926 0.2511 0.3744
vn 0.9253 0.0654 0.3736
vn 0.8122 0.4637 0.3539
vn 0.0569 -0.9955 -0.0755
vn 0.0310 -0.9634 -0.2662
vn 0.2231 -0.9283 -0.2974
vn 0.2474 -0.9633 -0.1036
vn -0.0052 -0.8642 -0.5031
vn 0.1788 -0.8321 -0.5251
vn -0.0360 -0.7056 -0.7076
vn 0.1432 -0.6865 -0.7129
vn 0.4552 -0.8318 -0.3175
vn 0.4848 -0.8643 -0.1342
vn 0.3944 -0.7551 -0.5237
vn 0.3465 -0.6354 -0.6901
vn 0.6462 -0.6861 -0.3342
vn 0.6900 -0.7058 -0.1604
vn 0.5681 -0.6352 -0.5233
vn 0.4914 -0.5773 -0.6521
vn -0.0723 -0.0669 -0.9951
vn 0.1226 -0.0678 -0.9901
vn 0.1317 -0.2623 -0.9560
vn -0.0666 -0.2594 -0.9635
vn 0.3738 -0.0648 -0.9252
vn 0.3745 -0.2502 -0.8929
vn 0.6007 -0.0628 -0.7970
vn 0.5838 -0.2410 -0.7753
vn 0.1328 -0.4950 -0.8587
vn -0.0555 -0.4987 -0.8650
vn 0.3541 -0.4635 -0.8123
vn 0.5405 -0.4392 -0.7176
vn 0.9765 -0.0669 -0.2048
vn 0.9446 -0.2592 -0.2012
vn 0.8828 -0.2634 -0.3889
vn 0.9179 -0.0681 -0.3910
vn 0.8468 -0.4989 -0.1845
vn 0.7891 -0.4951 -0.3635
vn 0.7548 -0.2511 -0.6060
vn 0.7865 -0.0654 -0.6142
vn 0.6832 -0.4637 -0.5641
vn 0.0569 0.9955 -0.0755
vn 0.2473 0.9634 -0.1032
vn 0.2244 0.9283 -0.2964
vn 0.0314 0.9634 -0.2664
vn 0.4851 0.8642 -0.1337
vn 0.4554 0.8321 -0.3166
vn 0.6902 0.7056 -0.1604
vn 0.6458 0.6865 -0.3342
vn 0.1797 0.8318 -0.5251
vn -0.0047 0.8643 -0.5030
vn 0.3947 0.7551 -0.5235
vn 0.5679 0.6354 -0.5233
vn 0.1431 0.6861 -0.7133
vn -0.0360 0.7058 -0.7075
vn 0.3465 0.6351 -0.6903
vn 0.4914 0.5773 -0.6521
vn 0.9765 0.0669 -0.2048
vn 0.9180 0.0678 -0.3908
vn 0.8826 0.2623 -0.3901
vn 0.9445 0.2595 -0.2016
vn 0.7864 0.0648 -0.6144
vn 0.7551 0.2502 -0.6061
vn 0.6006 0.0628 -0.7971
vn 0.5843 0.2410 -0.7749
vn 0.7888 0.4950 -0.3644
vn 0.8468 0.4987 -0.1850
vn 0.6832 0.4635 -0.5643
vn 0.5408 0.4392 -0.7174
vn -0.0723 0.0669 -0.9951
vn -0.0670 0.2592 -0.9635
vn 0.1305 0.2634 -0.9558
vn 0.1229 0.0681 -0.9901
vn -0.0561 0.4989 -0.8648
vn 0.1319 0.4951 -0.8588
vn 0.3744 0.2511 -0.8926
vn 0.3736 0.0654 -0.9253
vn 0.3539 0.4637 -0.8122
vn -0.1230 -0.9887 0.0861
vn -0.0986 -0.9564 0.2750
vn -0.2230 -0.9284 0.2974
vn -0.2474 -0.9634 0.1036
vn -0.0597 -0.8587 0.5090
vn -0.1788 -0.8321 0.5250
vn -0.1000 -0.6458 0.7570
vn -0.1431 -0.6865 0.7129
vn -0.4553 -0.8318 0.3175
vn -0.4848 -0.8643 0.1341
vn -0.3945 -0.7550 0.5237
vn -0.6901 -0.7058 0.1603
vn -0.5680 -0.6351 0.5234
vn 0.1465 -0.0520 0.9878
vn -0.1227 -0.0678 0.9901
vn 0.0326 -0.1961 0.9800
vn -0.3738 -0.0649 0.9252
vn -0.3744 -0.2502 0.8929
vn -0.5839 -0.2411 0.7752
vn -0.1328 -0.4949 0.8587
vn -0.1373 -0.4690 0.8724
vn -0.5406 -0.4393 0.7175
vn -0.9446 -0.2594 0.2011
vn -0.8828 -0.2635 0.3888
vn -0.9179 -0.0682 0.3910
vn -0.8468 -0.4990 0.1844
vn -0.7549 -0.2511 0.6059
vn -0.7865 -0.0654 0.6141
vn -0.6832 -0.4638 0.5640
vn 0.1603 0.0518 0.9857
vn 0.0518 0.1959 0.9793
vn -0.1230 0.0682 0.9901
vn -0.0094 0.4956 0.8685
vn -0.1320 0.4951 0.8588
vn -0.0275 0.7016 0.7120
vn -0.1432 0.6861 0.7133
vn -0.3538 0.4638 0.8122
vn -0.3464 0.6353 0.6902
vn -0.5843 0.2411 0.7749
vn -0.6006 0.0629 0.7971
vn -0.5407 0.4392 0.7174
vn -0.4914 0.5774 0.6520
vn -0.1230 0.9887 0.0861
vn -0.2244 0.9284 0.2963
vn -0.0994 0.9562 0.2753
vn -0.4851 0.8642 0.1337
vn -0.4554 0.8321 0.3167
vn -0.6901 0.7057 0.1606
vn -0.6458 0.6865 0.3341
vn -0.1797 0.8319 0.5250
vn -0.0612 0.8588 0.5086
vn -0.3947 0.7552 0.5234
vn -0.5680 0.6354 0.5231
vn -0.8827 0.2623 0.3900
vn -0.9445 0.2595 0.2015
vn -0.7864 0.0649 0.6143
vn -0.7551 0.2502 0.6060
vn -0.7888 0.4951 0.3643
vn -0.8467 0.4988 0.1851
vn -0.6833 0.4636 0.5641
vn -0.1420 -0.9887 -0.0488
vn -0.2661 -0.9634 -0.0310
vn -0.2973 -0.9284 -0.2230
vn -0.1713 -0.9562 -0.2374
vn -0.5031 -0.8642 0.0053
vn -0.5250 -0.8321 -0.1788
vn -0.7077 -0.7056 0.0361
vn -0.7130 -0.6864 -0.1432
vn -0.3175 -0.8319 -0.4552
vn -0.1988 -0.8588 -0.4721
vn -0.5236 -0.7552 -0.3945
vn -0.3341 -0.6861 -0.6462
vn -0.1505 -0.6176 -0.7719
vn -0.6520 -0.5774 -0.4913
vn -0.9901 -0.0677 -0.1226
vn -0.9560 -0.2623 -0.1316
vn -0.9634 -0.2595 0.0666
vn -0.9253 -0.0648 -0.3738
vn -0.8929 -0.2501 -0.3744
vn -0.7970 -0.0627 -0.6007
vn -0.7752 -0.2410 -0.5839
vn -0.8587 -0.4949 -0.1328
vn -0.8650 -0.4987 0.0556
vn -0.8123 -0.4634 -0.3541
vn -0.7175 -0.4393 -0.5406
vn -0.3160 -0.0522 -0.9473
vn -0.2660 -0.1973 -0.9436
vn -0.3890 -0.2634 -0.8828
vn -0.1689 -0.4730 -0.8647
vn -0.3636 -0.4951 -0.7891
vn -0.6059 -0.2511 -0.7548
vn -0.5640 -0.4637 -0.6833
vn -0.1418 0.9887 -0.0488
vn -0.1706 0.9564 -0.2370
vn -0.2664 0.9633 -0.0314
vn -0.1981 0.8587 -0.4727
vn -0.1507 0.6174 -0.7721
vn -0.5250 0.8319 -0.1798
vn -0.5030 0.8643 0.0046
vn -0.5233 0.7552 -0.3947
vn -0.5232 0.6353 -0.5680
vn -0.6904 0.6352 -0.3464
vn -0.6521 0.5772 -0.4915
vn -0.3032 0.0479 -0.9517
vn -0.3901 0.2623 -0.8826
vn -0.2499 0.1921 -0.9490
vn -0.6144 0.0649 -0.7863
vn -0.6060 0.2503 -0.7551
vn -0.7971 0.0628 -0.6005
vn -0.7749 0.2411 -0.5843
vn -0.3645 0.4950 -0.7888
vn -0.1699 0.4728 -0.8646
vn -0.5641 0.4634 -0.6834
vn -0.7173 0.4391 -0.5410
vn -0.9951 0.0669 0.0724
vn -0.9635 0.2593 0.0670
vn -0.9558 0.2634 -0.1304
vn -0.9901 0.0681 -0.1228
vn -0.8589 0.4950 -0.1318
vn -0.8927 0.2510 -0.3744
vn -0.8123 0.4637 -0.3537
vn 0.1421 -0.9887 0.0488
vn 0.2662 -0.9634 0.0310
vn 0.2973 -0.9284 0.2231
vn 0.1714 -0.9562 0.2374
vn 0.5030 -0.8643 -0.0052
vn 0.5250 -0.8321 0.1789
vn 0.7076 -0.7057 -0.0361
vn 0.7129 -0.6864 0.1432
vn 0.3175 -0.8318 0.4553
vn 0.1988 -0.8587 0.4723
vn 0.5236 -0.7551 0.3945
vn 0.6900 -0.6354 0.3466
vn 0.2224 -0.7017 0.6769
vn 0.5233 -0.6352 0.5680
vn 0.6520 -0.5774 0.4914
vn 0.9951 -0.0669 -0.0724
vn 0.9901 -0.0677 0.1226
vn 0.9560 -0.2623 0.1316
vn 0.9634 -0.2595 -0.0667
vn 0.9253 -0.0648 0.3738
vn 0.7970 -0.0627 0.6006
vn 0.7753 -0.2410 0.5839
vn 0.8587 -0.4950 0.1327
vn 0.8650 -0.4987 -0.0556
vn 0.7175 -0.4392 0.5406
vn 0.2769 -0.0516 0.9595
vn 0.2129 -0.1952 0.9574
vn 0.3890 -0.2634 0.8828
vn 0.3910 -0.0682 0.9178
vn 0.2483 -0.4957 0.8322
vn 0.3635 -0.4950 0.7892
vn 0.6059 -0.2509 0.7549
vn 0.6142 -0.0654 0.7864
vn 0.5640 -0.4636 0.6833
vn 0.1418 0.9887 0.0488
vn 0.1706 0.9564 0.2370
vn 0.2963 0.9284 0.2244
vn 0.2663 0.9634 0.0314
vn 0.1981 0.8587 0.4726
vn 0.3166 0.8321 0.4555
vn 0.2228 0.7015 0.6770
vn 0.3342 0.6864 0.6458
vn 0.5250 0.8319 0.1798
vn 0.5030 0.8643 -0.0046
vn 0.5233 0.7552 0.3948
vn 0.5232 0.6353 0.5680
vn 0.7133 0.6860 0.1431
vn 0.6904 0.6351 0.3464
vn 0.6522 0.5773 0.4914
vn 0.2905 0.0514 0.9555
vn 0.3901 0.2622 0.8826
vn 0.2319 0.1950 0.9530
vn 0.6144 0.0648 0.7863
vn 0.6060 0.2502 0.7551
vn 0.7749 0.2410 0.5844
vn 0.2497 0.4952 0.8321
vn 0.5641 0.4635 0.6833
vn 0.7173 0.4392 0.5409
vn 0.9951 0.0669 -0.0724
vn 0.9635 0.2593 -0.0670
vn 0.9901 0.0681 0.1228
vn 0.8588 0.4950 0.1319
vn 0.8926 0.2510 0.3744
vn 0.9253 0.0654 0.3737
vn 0.8123 0.4636 0.3538
vn 0.1230 -0.9887 -0.0860
vn 0.0985 -0.9564 -0.2750
vn 0.2230 -0.9283 -0.2974
vn 0.2474 -0.9634 -0.1036
vn 0.0597 -0.8587 -0.5090
vn 0.1788 -0.8321 -0.5250
vn 0.0182 -0.6128 -0.7900
vn 0.1431 -0.6865 -0.7129
vn 0.4553 -0.8318 -0.3174
vn 0.4848 -0.8643 -0.1341
vn 0.3945 -0.7551 -0.5237
vn 0.6900 -0.7058 -0.1603
vn 0.5680 -0.6352 -0.5234
vn 0.4914 -0.5774 -0.6520
vn -0.1862 -0.0528 -0.9811
vn 0.1317 -0.2622 -0.9560
vn -0.0886 -0.1969 -0.9764
vn 0.3744 -0.2501 -0.8929
vn 0.5839 -0.2411 -0.7752
vn 0.0068 -0.4673 -0.8841
vn 0.5406 -0.4393 -0.7175
vn 0.9765 -0.0669 -0.2047
vn 0.9446 -0.2593 -0.2011
vn 0.8828 -0.2635 -0.3888
vn 0.9179 -0.0682 -0.3909
vn 0.8468 -0.4989 -0.1844
vn 0.7549 -0.2511 -0.6059
vn 0.7865 -0.0655 -0.6141
vn 0.6832 -0.4637 -0.5640
vn 0.1229 0.9887 -0.0860
vn 0.2472 0.9635 -0.1032
vn 0.2244 0.9284 -0.2963
vn 0.0993 0.9562 -0.2753
vn 0.4850 0.8642 -0.1337
vn 0.4555 0.8320 -0.3167
vn 0.6901 0.7057 -0.1605
vn 0.6458 0.6865 -0.3341
vn 0.1798 0.8318 -0.5251
vn 0.0612 0.8588 -0.5087
vn 0.5680 0.6354 -0.5231
vn 0.1432 0.6860 -0.7134
vn 0.0185 0.6130 -0.7899
vn 0.3464 0.6352 -0.6903
vn 0.4913 0.5775 -0.6520
vn 0.9765 0.0669 -0.2047
vn 0.8827 0.2623 -0.3900
vn 0.9445 0.2595 -0.2015
vn 0.7863 0.0649 -0.6144
vn 0.7551 0.2502 -0.6060
vn 0.5843 0.2411 -0.7749
vn 0.7888 0.4951 -0.3642
vn 0.8467 0.4988 -0.1851
vn 0.6833 0.4636 -0.5641
vn 0.5408 0.4393 -0.7174
vn -0.1733 0.0485 -0.9837
vn -0.0712 0.1902 -0.9792
vn 0.0061 0.4676 -0.8839
vn 0.1319 0.4950 -0.8588
vn 0.3744 0.2510 -0.8926
vn 0.3538 0.4638 -0.8123
vn 0.4692 0.8831 -0.0000
vn 0.6468 0.4042 0.6468
vn 0.3567 -0.9342 -0.0000
vn 0.3327 -0.9430 -0.0000
vn -0.0000 -0.5300 0.8480
vn -0.4297 0.9030 -0.0000
vn -0.5225 0.8526 -0.0000
vn -0.7099 0.4226 -0.5634
vn -0.3357 -0.4106 0.8478
vn -0.6096 -0.7927 -0.0000
vn -0.6864 -0.4364 -0.5818
vn -0.5918 0.3514 0.7255
vn -0.2424 0.9702 -0.0000
vn 0.2858 -0.9583 -0.0000
vt 0.818182 0.000000
vt 0.636364 0.000000
vt 0.727273 0.000000
vt 0.909091 0.000000
vt 0.545455 0.000000
vt 1.000000 0.000000
vt 0.454545 0.000000
vt 0.000000 0.000000
vt 0.363636 0.000000
vt 0.090909 0.000000
vt 0.272727 0.000000
vt 0.181818 0.000000
vt 0.000000 1.000000
vt 1.000000 1.000000
vt 1.000000 0.916667
vt 0.000000 0.916667
vt 0.000000 0.083333
vt 1.000000 0.083333
vt 0.000000 0.166667
vt 1.000000 0.166667
vt 0.000000 0.250000
vt 1.000000 0.250000
vt 0.000000 0.333333
vt 1.000000 0.333333
vt 0.000000 0.416667
vt 1.000000 0.416667
vt 0.000000 0.500000
vt 1.000000 0.500000
vt 0.000000 0.583333
vt 1.000000 0.583333
vt 0.000000 0.666667
vt 1.000000 0.666667
vt 0.000000 0.750000
vt 1.000000 0.750000
vt 0.000000 0.833333
vt 1.000000 0.833333
s 1
usemtl Veh_GlossBlack
f 10/1/1 8/2/2 9/3/2
f 11/4/1 8/2/2 10/1/1
f 11/4/1 7/5/1 8/2/2
f 12/6/1 7/5/1 11/4/1
f 12/6/1 6/7/1 7/5/1
f 1/8/1 6/7/1 12/6/1
f 1/8/1 5/9/1 6/7/1
f 2/10/2 5/9/1 1/8/1
f 2/10/2 4/11/1 5/9/1
f 3/12/2 4/11/1 2/10/2
f 20/2/3 22/1/3 21/3/4
f 20/2/3 23/4/3 22/1/3
f 19/5/3 23/4/3 20/2/3
f 18/7/3 23/4/3 19/5/3
f 18/7/3 24/6/3 23/4/3
f 17/9/3 24/6/3 18/7/3
f 17/9/3 13/8/3 24/6/3
f 16/11/4 13/8/3 17/9/3
f 16/11/4 14/10/3 13/8/3
f 15/12/5 14/10/3 16/11/4
f 25/13/6 37/14/6 48/15/7 36/16/7
f 26/17/8 38/18/8 37/6/6 25/8/6
f 27/19/9 39/20/9 38/18/8 26/17/8
f 28/21/10 40/22/10 39/20/9 27/19/9
f 29/23/11 41/24/11 40/22/10 28/21/10
f 30/25/12 42/26/12 41/24/11 29/23/11
f 31/27/13 43/28/13 42/26/12 30/25/12
f 32/29/14 44/30/14 43/28/13 31/27/13
f 33/31/15 45/32/15 44/30/14 32/29/14
f 34/33/16 46/34/16 45/32/15 33/31/15
f 35/35/17 47/36/17 46/34/16 34/33/16
f 36/16/7 48/15/7 47/36/17 35/35/17
f 49/8/18 52/8/19 56/8/20 55/8/21
f 52/8/19 53/8/22 57/8/23 56/8/20
f 53/8/22 54/8/24 58/8/25 57/8/23
f 55/8/21 56/8/20 60/8/26 59/8/27
f 56/8/20 57/8/23 61/8/28 60/8/26
f 57/8/23 58/8/25 62/8/29 61/8/28
f 59/8/27 60/8/26 81/8/30 77/8/31
f 60/8/26 61/8/28 85/8/32 81/8/30
f 61/8/28 62/8/29 63/8/33 85/8/32
f 50/8/34 64/8/35 68/8/36 67/8/37
f 64/8/35 65/8/38 69/8/39 68/8/36
f 65/8/38 66/8/40 70/8/41 69/8/39
f 67/8/37 68/8/36 72/8/42 71/8/43
f 68/8/36 69/8/39 73/8/44 72/8/42
f 69/8/39 70/8/41 74/8/45 73/8/44
f 71/8/43 72/8/42 58/8/25 54/8/24
f 72/8/42 73/8/44 62/8/29 58/8/25
f 73/8/44 74/8/45 63/8/33 62/8/29
f 51/8/46 75/8/47 79/8/48 78/8/49
f 75/8/47 76/8/50 80/8/51 79/8/48
f 76/8/50 77/8/31 81/8/30 80/8/51
f 78/8/49 79/8/48 83/8/52 82/8/53
f 79/8/48 80/8/51 84/8/54 83/8/52
f 80/8/51 81/8/30 85/8/32 84/8/54
f 82/8/53 83/8/52 70/8/41 66/8/40
f 83/8/52 84/8/54 74/8/45 70/8/41
f 84/8/54 85/8/32 63/8/33 74/8/45
f 86/8/55 89/8/56 93/8/57 92/8/58
f 89/8/56 90/8/59 94/8/60 93/8/57
f 90/8/59 91/8/61 95/8/62 94/8/60
f 92/8/58 93/8/57 97/8/63 96/8/64
f 93/8/57 94/8/60 98/8/65 97/8/63
f 94/8/60 95/8/62 99/8/66 98/8/65
f 96/8/64 97/8/63 118/8/67 114/8/68
f 97/8/63 98/8/65 122/8/69 118/8/67
f 98/8/65 99/8/66 100/8/70 122/8/69
f 87/8/71 101/8/72 105/8/73 104/8/74
f 101/8/72 102/8/75 106/8/76 105/8/73
f 102/8/75 103/8/77 107/8/78 106/8/76
f 104/8/74 105/8/73 109/8/79 108/8/80
f 105/8/73 106/8/76 110/8/81 109/8/79
f 106/8/76 107/8/78 111/8/82 110/8/81
f 108/8/80 109/8/79 95/8/62 91/8/61
f 109/8/79 110/8/81 99/8/66 95/8/62
f 110/8/81 111/8/82 100/8/70 99/8/66
f 88/8/83 112/8/84 116/8/85 115/8/86
f 112/8/84 113/8/87 117/8/88 116/8/85
f 113/8/87 114/8/68 118/8/67 117/8/88
f 115/8/86 116/8/85 120/8/89 119/8/90
f 116/8/85 117/8/88 121/8/91 120/8/89
f 117/8/88 118/8/67 122/8/69 121/8/91
f 119/8/90 120/8/89 107/8/78 103/8/77
f 120/8/89 121/8/91 111/8/82 107/8/78
f 121/8/91 122/8/69 100/8/70 111/8/82
f 123/8/92 126/8/93 130/8/94 129/8/95
f 126/8/93 127/8/96 131/8/97 130/8/94
f 127/8/96 128/8/98 132/8/99 131/8/97
f 129/8/95 130/8/94 134/8/100 133/8/101
f 130/8/94 131/8/97 135/8/102 134/8/100
f 131/8/97 132/8/99 136/8/103 135/8/102
f 133/8/101 134/8/100 155/8/104 151/8/105
f 134/8/100 135/8/102 159/8/106 155/8/104
f 135/8/102 136/8/103 137/8/107 159/8/106
f 124/8/108 138/8/109 142/8/110 141/8/111
f 138/8/109 139/8/112 143/8/113 142/8/110
f 139/8/112 140/8/114 144/8/115 143/8/113
f 141/8/111 142/8/110 146/8/116 145/8/117
f 142/8/110 143/8/113 147/8/118 146/8/116
f 143/8/113 144/8/115 148/8/119 147/8/118
f 145/8/117 146/8/116 132/8/99 128/8/98
f 146/8/116 147/8/118 136/8/103 132/8/99
f 147/8/118 148/8/119 137/8/107 136/8/103
f 125/8/120 149/8/121 153/8/122 152/8/123
f 149/8/121 150/8/124 154/8/125 153/8/122
f 150/8/124 151/8/105 155/8/104 154/8/125
f 152/8/123 153/8/122 157/8/126 156/8/127
f 153/8/122 154/8/125 158/8/128 157/8/126
f 154/8/125 155/8/104 159/8/106 158/8/128
f 156/8/127 157/8/126 144/8/115 140/8/114
f 157/8/126 158/8/128 148/8/119 144/8/115
f 158/8/128 159/8/106 137/8/107 148/8/119
f 160/8/129 163/8/130 167/8/131 166/8/132
f 163/8/130 164/8/133 168/8/134 167/8/131
f 164/8/133 165/8/135 169/8/136 168/8/134
f 166/8/132 167/8/131 171/8/137 170/8/138
f 167/8/131 168/8/134 172/8/139 171/8/137
f 168/8/134 169/8/136 173/8/140 172/8/139
f 170/8/138 171/8/137 192/8/141 188/8/142
f 171/8/137 172/8/139 196/8/143 192/8/141
f 172/8/139 173/8/140 174/8/144 196/8/143
f 161/8/145 175/8/146 179/8/147 178/8/148
f 175/8/146 176/8/149 180/8/150 179/8/147
f 176/8/149 177/8/151 181/8/152 180/8/150
f 178/8/148 179/8/147 183/8/153 182/8/154
f 179/8/147 180/8/150 184/8/155 183/8/153
f 180/8/150 181/8/152 185/8/156 184/8/155
f 182/8/154 183/8/153 169/8/136 165/8/135
f 183/8/153 184/8/155 173/8/140 169/8/136
f 184/8/155 185/8/156 174/8/144 173/8/140
f 162/8/157 186/8/158 190/8/159 189/8/160
f 186/8/158 187/8/161 191/8/162 190/8/159
f 187/8/161 188/8/142 192/8/141 191/8/162
f 189/8/160 190/8/159 194/8/163 193/8/164
f 190/8/159 191/8/162 195/8/165 194/8/163
f 191/8/162 192/8/141 196/8/143 195/8/165
f 193/8/164 194/8/163 181/8/152 177/8/151
f 194/8/163 195/8/165 185/8/156 181/8/152
f 195/8/165 196/8/143 174/8/144 185/8/156
f 197/8/166 200/8/167 204/8/168 203/8/169
f 200/8/167 201/8/170 205/8/171 204/8/168
f 201/8/170 202/8/172 206/8/173 205/8/171
f 203/8/169 204/8/168 208/8/174 207/8/175
f 204/8/168 205/8/171 209/8/176 208/8/174
f 205/8/171 206/8/173 210/8/177 209/8/176
f 207/8/175 208/8/174 229/8/178 225/8/179
f 208/8/174 209/8/176 233/8/180 229/8/178
f 209/8/176 210/8/177 211/8/181 233/8/180
f 198/8/182 212/8/183 216/8/184 215/8/185
f 212/8/183 213/8/186 217/8/187 216/8/184
f 213/8/186 214/8/188 218/8/189 217/8/187
f 215/8/185 216/8/184 220/8/190 219/8/191
f 216/8/184 217/8/187 221/8/192 220/8/190
f 217/8/187 218/8/189 222/8/193 221/8/192
f 219/8/191 220/8/190 206/8/173 202/8/172
f 220/8/190 221/8/192 210/8/177 206/8/173
f 221/8/192 222/8/193 211/8/181 210/8/177
f 199/8/194 223/8/195 227/8/196 226/8/197
f 223/8/195 224/8/198 228/8/199 227/8/196
f 224/8/198 225/8/179 229/8/178 228/8/199
f 226/8/197 227/8/196 231/8/200 230/8/201
f 227/8/196 228/8/199 232/8/202 231/8/200
f 228/8/199 229/8/178 233/8/180 232/8/202
f 230/8/201 231/8/200 218/8/189 214/8/188
f 231/8/200 232/8/202 222/8/193 218/8/189
f 232/8/202 233/8/180 211/8/181 222/8/193
f 234/8/203 237/8/204 241/8/205 240/8/206
f 237/8/204 238/8/207 242/8/208 241/8/205
f 238/8/207 239/8/209 243/8/210 242/8/208
f 240/8/206 241/8/205 245/8/211 244/8/212
f 241/8/205 242/8/208 246/8/213 245/8/211
f 242/8/208 243/8/210 247/8/214 246/8/213
f 244/8/212 245/8/211 266/8/215 262/8/216
f 245/8/211 246/8/213 270/8/217 266/8/215
f 246/8/213 247/8/214 248/8/218 270/8/217
f 235/8/219 249/8/220 253/8/221 252/8/222
f 249/8/220 250/8/223 254/8/224 253/8/221
f 250/8/223 251/8/225 255/8/226 254/8/224
f 252/8/222 253/8/221 257/8/227 256/8/228
f 253/8/221 254/8/224 258/8/229 257/8/227
f 254/8/224 255/8/226 259/8/230 258/8/229
f 256/8/228 257/8/227 243/8/210 239/8/209
f 257/8/227 258/8/229 247/8/214 243/8/210
f 258/8/229 259/8/230 248/8/218 247/8/214
f 236/8/231 260/8/232 264/8/233 263/8/234
f 260/8/232 261/8/235 265/8/236 264/8/233
f 261/8/235 262/8/216 266/8/215 265/8/236
f 263/8/234 264/8/233 268/8/237 267/8/238
f 264/8/233 265/8/236 269/8/239 268/8/237
f 265/8/236 266/8/215 270/8/217 269/8/239
f 267/8/238 268/8/237 255/8/226 251/8/225
f 268/8/237 269/8/239 259/8/230 255/8/226
f 269/8/239 270/8/217 248/8/218 259/8/230
f 271/8/240 274/8/241 278/8/242 277/8/243
f 274/8/241 275/8/244 279/8/245 278/8/242
f 275/8/244 276/8/246 280/8/247 279/8/245
f 277/8/243 278/8/242 282/8/248 281/8/249
f 278/8/242 279/8/245 283/8/250 282/8/248
f 279/8/245 280/8/247 284/8/251 283/8/250
f 281/8/249 282/8/248 303/8/252 299/8/253
f 282/8/248 283/8/250 307/8/254 303/8/252
f 283/8/250 284/8/251 285/8/255 307/8/254
f 272/8/256 286/8/257 290/8/258 289/8/259
f 286/8/257 287/8/260 291/8/261 290/8/258
f 287/8/260 288/8/262 292/8/263 291/8/261
f 289/8/259 290/8/258 294/8/264 293/8/265
f 290/8/258 291/8/261 295/8/266 294/8/264
f 291/8/261 292/8/263 296/8/267 295/8/266
f 293/8/265 294/8/264 280/8/247 276/8/246
f 294/8/264 295/8/266 284/8/251 280/8/247
f 295/8/266 296/8/267 285/8/255 284/8/251
f 273/8/268 297/8/269 301/8/270 300/8/271
f 297/8/269 298/8/272 302/8/273 301/8/270
f 298/8/272 299/8/253 303/8/252 302/8/273
f 300/8/271 301/8/270 305/8/274 304/8/275
f 301/8/270 302/8/273 306/8/276 305/8/274
f 302/8/273 303/8/252 307/8/254 306/8/276
f 304/8/275 305/8/274 292/8/263 288/8/262
f 305/8/274 306/8/276 296/8/267 292/8/263
f 306/8/276 307/8/254 285/8/255 296/8/267
f 308/8/277 311/8/278 315/8/279 314/8/280
f 311/8/278 312/8/281 316/8/282 315/8/279
f 312/8/281 313/8/283 317/8/284 316/8/282
f 314/8/280 315/8/279 319/8/285 318/8/286
f 315/8/279 316/8/282 320/8/287 319/8/285
f 316/8/282 317/8/284 321/8/288 320/8/287
f 318/8/286 319/8/285 340/8/289 336/8/290
f 319/8/285 320/8/287 344/8/291 340/8/289
f 320/8/287 321/8/288 322/8/292 344/8/291
f 309/8/293 323/8/294 327/8/295 326/8/296
f 323/8/294 324/8/297 328/8/298 327/8/295
f 324/8/297 325/8/299 329/8/300 328/8/298
f 326/8/296 327/8/295 331/8/301 330/8/302
f 327/8/295 328/8/298 332/8/303 331/8/301
f 328/8/298 329/8/300 333/8/304 332/8/303
f 330/8/302 331/8/301 317/8/284 313/8/283
f 331/8/301 332/8/303 321/8/288 317/8/284
f 332/8/303 333/8/304 322/8/292 321/8/288
f 310/8/305 334/8/306 338/8/307 337/8/308
f 334/8/306 335/8/309 339/8/310 338/8/307
f 335/8/309 336/8/290 340/8/289 339/8/310
f 337/8/308 338/8/307 342/8/311 341/8/312
f 338/8/307 339/8/310 343/8/313 342/8/311
f 339/8/310 340/8/289 344/8/291 343/8/313
f 341/8/312 342/8/311 329/8/300 325/8/299
f 342/8/311 343/8/313 333/8/304 329/8/300
f 343/8/313 344/8/291 322/8/292 333/8/304
f 123/8/92 49/8/18 55/8/21 126/8/93
f 126/8/93 55/8/21 59/8/27 127/8/96
f 127/8/96 59/8/27 77/8/31 128/8/98
f 128/8/98 77/8/31 76/8/50 145/8/117
f 145/8/117 76/8/50 75/8/47 141/8/111
f 141/8/111 75/8/47 51/8/46 124/8/108
f 50/8/34 86/8/55 92/8/58 64/8/35
f 64/8/35 92/8/58 96/8/64 65/8/38
f 65/8/38 96/8/64 114/8/68 66/8/40
f 66/8/40 114/8/68 113/8/87 82/8/53
f 82/8/53 113/8/87 112/8/84 78/8/49
f 78/8/49 112/8/84 88/8/83 51/8/46
f 87/8/71 160/8/129 166/8/132 101/8/72
f 101/8/72 166/8/132 170/8/138 102/8/75
f 102/8/75 170/8/138 188/8/142 103/8/77
f 103/8/77 188/8/142 187/8/161 119/8/90
f 119/8/90 187/8/161 186/8/158 115/8/86
f 115/8/86 186/8/158 162/8/157 88/8/83
f 161/8/145 125/8/120 152/8/123 175/8/146
f 175/8/146 152/8/123 156/8/127 176/8/149
f 176/8/149 156/8/127 140/8/114 177/8/151
f 177/8/151 140/8/114 139/8/112 193/8/164
f 193/8/164 139/8/112 138/8/109 189/8/160
f 189/8/160 138/8/109 124/8/108 162/8/157
f 271/8/240 123/8/92 129/8/95 274/8/241
f 274/8/241 129/8/95 133/8/101 275/8/244
f 275/8/244 133/8/101 151/8/105 276/8/246
f 276/8/246 151/8/105 150/8/124 293/8/265
f 293/8/265 150/8/124 149/8/121 289/8/259
f 289/8/259 149/8/121 125/8/120 272/8/256
f 160/8/129 308/8/277 314/8/280 163/8/130
f 163/8/130 314/8/280 318/8/286 164/8/133
f 164/8/133 318/8/286 336/8/290 165/8/135
f 165/8/135 336/8/290 335/8/309 182/8/154
f 182/8/154 335/8/309 334/8/306 178/8/148
f 178/8/148 334/8/306 310/8/305 161/8/145
f 309/8/293 273/8/268 300/8/271 323/8/294
f 323/8/294 300/8/271 304/8/275 324/8/297
f 324/8/297 304/8/275 288/8/262 325/8/299
f 325/8/299 288/8/262 287/8/260 341/8/312
f 341/8/312 287/8/260 286/8/257 337/8/308
f 337/8/308 286/8/257 272/8/256 310/8/305
f 197/8/166 271/8/240 277/8/243 200/8/167
f 200/8/167 277/8/243 281/8/249 201/8/170
f 201/8/170 281/8/249 299/8/253 202/8/172
f 202/8/172 299/8/253 298/8/272 219/8/191
f 219/8/191 298/8/272 297/8/269 215/8/185
f 215/8/185 297/8/269 273/8/268 198/8/182
f 308/8/277 234/8/203 240/8/206 311/8/278
f 311/8/278 240/8/206 244/8/212 312/8/281
f 312/8/281 244/8/212 262/8/216 313/8/283
f 313/8/283 262/8/216 261/8/235 330/8/302
f 330/8/302 261/8/235 260/8/232 326/8/296
f 326/8/296 260/8/232 236/8/231 309/8/293
f 235/8/219 199/8/194 226/8/197 249/8/220
f 249/8/220 226/8/197 230/8/201 250/8/223
f 250/8/223 230/8/201 214/8/188 251/8/225
f 251/8/225 214/8/188 213/8/186 267/8/238
f 267/8/238 213/8/186 212/8/183 263/8/234
f 263/8/234 212/8/183 198/8/182 236/8/231
f 49/8/18 197/8/166 203/8/169 52/8/19
f 52/8/19 203/8/169 207/8/175 53/8/22
f 53/8/22 207/8/175 225/8/179 54/8/24
f 54/8/24 225/8/179 224/8/198 71/8/43
f 71/8/43 224/8/198 223/8/195 67/8/37
f 67/8/37 223/8/195 199/8/194 50/8/34
f 234/8/203 87/8/71 104/8/74 237/8/204
f 237/8/204 104/8/74 108/8/80 238/8/207
f 238/8/207 108/8/80 91/8/61 239/8/209
f 239/8/209 91/8/61 90/8/59 256/8/228
f 256/8/228 90/8/59 89/8/56 252/8/222
f 252/8/222 89/8/56 86/8/55 235/8/219
f 123/8/92 271/8/240 197/8/166 49/8/18
f 51/8/46 88/8/83 162/8/157 124/8/108
f 199/8/194 235/8/219 86/8/55 50/8/34
f 308/8/277 160/8/129 87/8/71 234/8/203
f 125/8/120 161/8/145 310/8/305 272/8/256
f 273/8/268 309/8/293 236/8/231 198/8/182
f 650/1/573 648/2/573 649/3/574
f 651/4/573 648/2/573 650/1/573
f 651/4/573 647/5/573 648/2/573
f 652/6/573 647/5/573 651/4/573
f 652/6/573 646/7/573 647/5/573
f 641/8/573 646/7/573 652/6/573
f 641/8/573 645/9/573 646/7/573
f 642/10/573 645/9/573 641/8/573
f 642/10/573 644/11/573 645/9/573
f 643/12/574 644/11/573 642/10/573
f 660/2/575 662/1/575 661/3/576
f 659/5/575 662/1/575 660/2/575
f 659/5/575 663/4/575 662/1/575
f 658/7/575 663/4/575 659/5/575
f 658/7/575 664/6/575 663/4/575
f 657/9/575 664/6/575 658/7/575
f 657/9/575 653/8/575 664/6/575
f 657/9/575 654/10/575 653/8/575
f 656/11/575 654/10/575 657/9/575
f 655/12/577 654/10/575 656/11/575
f 665/13/578 677/14/578 688/15/579 676/16/579
f 666/17/580 678/18/580 677/6/578 665/8/578
f 667/19/581 679/20/581 678/18/580 666/17/580
f 668/21/582 680/22/582 679/20/581 667/19/581
f 669/23/583 681/24/583 680/22/582 668/21/582
f 670/25/584 682/26/584 681/24/583 669/23/583
f 671/27/585 683/28/585 682/26/584 670/25/584
f 672/29/586 684/30/586 683/28/585 671/27/585
f 673/31/587 685/32/587 684/30/586 672/29/586
f 674/33/588 686/34/588 685/32/587 673/31/587
f 675/35/589 687/36/589 686/34/588 674/33/588
f 676/16/579 688/15/579 687/36/589 675/35/589
f 689/8/590 692/8/591 696/8/592 695/8/593
f 692/8/591 693/8/594 697/8/595 696/8/592
f 693/8/594 694/8/596 698/8/597 697/8/595
f 695/8/593 696/8/592 700/8/598 699/8/599
f 696/8/592 697/8/595 701/8/600 700/8/598
f 697/8/595 698/8/597 702/8/601 701/8/600
f 699/8/599 700/8/598 721/8/602 717/8/603
f 700/8/598 701/8/600 725/8/604 721/8/602
f 701/8/600 702/8/601 703/8/605 725/8/604
f 690/8/606 704/8/607 708/8/608 707/8/609
f 704/8/607 705/8/610 709/8/611 708/8/608
f 705/8/610 706/8/612 710/8/613 709/8/611
f 707/8/609 708/8/608 712/8/614 711/8/615
f 708/8/608 709/8/611 713/8/616 712/8/614
f 709/8/611 710/8/613 714/8/617 713/8/616
f 711/8/615 712/8/614 698/8/597 694/8/596
f 712/8/614 713/8/616 702/8/601 698/8/597
f 713/8/616 714/8/617 703/8/605 702/8/601
f 691/8/618 715/8/619 719/8/620 718/8/621
f 715/8/619 716/8/622 720/8/623 719/8/620
f 716/8/622 717/8/603 721/8/602 720/8/623
f 718/8/621 719/8/620 723/8/624 722/8/625
f 719/8/620 720/8/623 724/8/626 723/8/624
f 720/8/623 721/8/602 725/8/604 724/8/626
f 722/8/625 723/8/624 710/8/613 706/8/612
f 723/8/624 724/8/626 714/8/617 710/8/613
f 724/8/626 725/8/604 703/8/605 714/8/617
f 726/8/627 729/8/628 733/8/629 732/8/630
f 729/8/628 730/8/631 734/8/632 733/8/629
f 730/8/631 731/8/633 735/8/634 734/8/632
f 732/8/630 733/8/629 737/8/635 736/8/636
f 733/8/629 734/8/632 738/8/637 737/8/635
f 734/8/632 735/8/634 739/8/638 738/8/637
f 736/8/636 737/8/635 758/8/639 754/8/640
f 737/8/635 738/8/637 762/8/641 758/8/639
f 738/8/637 739/8/638 740/8/642 762/8/641
f 727/8/643 741/8/644 745/8/645 744/8/646
f 741/8/644 742/8/647 746/8/648 745/8/645
f 742/8/647 743/8/649 747/8/650 746/8/648
f 744/8/646 745/8/645 749/8/651 748/8/652
f 745/8/645 746/8/648 750/8/653 749/8/651
f 746/8/648 747/8/650 751/8/654 750/8/653
f 748/8/652 749/8/651 735/8/634 731/8/633
f 749/8/651 750/8/653 739/8/638 735/8/634
f 750/8/653 751/8/654 740/8/642 739/8/638
f 728/8/655 752/8/656 756/8/657 755/8/658
f 752/8/656 753/8/659 757/8/660 756/8/657
f 753/8/659 754/8/640 758/8/639 757/8/660
f 755/8/658 756/8/657 760/8/661 759/8/662
f 756/8/657 757/8/660 761/8/663 760/8/661
f 757/8/660 758/8/639 762/8/641 761/8/663
f 759/8/662 760/8/661 747/8/650 743/8/649
f 760/8/661 761/8/663 751/8/654 747/8/650
f 761/8/663 762/8/641 740/8/642 751/8/654
f 763/8/664 766/8/665 770/8/666 769/8/667
f 766/8/665 767/8/668 771/8/669 770/8/666
f 767/8/668 768/8/670 772/8/671 771/8/669
f 769/8/667 770/8/666 774/8/672 773/8/673
f 770/8/666 771/8/669 775/8/674 774/8/672
f 771/8/669 772/8/671 776/8/675 775/8/674
f 773/8/673 774/8/672 795/8/676 791/8/677
f 774/8/672 775/8/674 799/8/678 795/8/676
f 775/8/674 776/8/675 777/8/679 799/8/678
f 764/8/680 778/8/681 782/8/682 781/8/683
f 778/8/681 779/8/684 783/8/685 782/8/682
f 779/8/684 780/8/686 784/8/687 783/8/685
f 781/8/683 782/8/682 786/8/688 785/8/689
f 782/8/682 783/8/685 787/8/690 786/8/688
f 783/8/685 784/8/687 788/8/691 787/8/690
f 785/8/689 786/8/688 772/8/671 768/8/670
f 786/8/688 787/8/690 776/8/675 772/8/671
f 787/8/690 788/8/691 777/8/679 776/8/675
f 765/8/692 789/8/693 793/8/694 792/8/695
f 789/8/693 790/8/696 794/8/697 793/8/694
f 790/8/696 791/8/677 795/8/676 794/8/697
f 792/8/695 793/8/694 797/8/698 796/8/699
f 793/8/694 794/8/697 798/8/700 797/8/698
f 794/8/697 795/8/676 799/8/678 798/8/700
f 796/8/699 797/8/698 784/8/687 780/8/686
f 797/8/698 798/8/700 788/8/691 784/8/687
f 798/8/700 799/8/678 777/8/679 788/8/691
f 800/8/701 803/8/702 807/8/703 806/8/704
f 803/8/702 804/8/705 808/8/706 807/8/703
f 804/8/705 805/8/707 809/8/708 808/8/706
f 806/8/704 807/8/703 811/8/709 810/8/710
f 807/8/703 808/8/706 812/8/711 811/8/709
f 808/8/706 809/8/708 813/8/712 812/8/711
f 810/8/710 811/8/709 832/8/713 828/8/714
f 811/8/709 812/8/711 836/8/715 832/8/713
f 812/8/711 813/8/712 814/8/716 836/8/715
f 801/8/717 815/8/718 819/8/719 818/8/720
f 815/8/718 816/8/721 820/8/722 819/8/719
f 816/8/721 817/8/723 821/8/724 820/8/722
f 818/8/720 819/8/719 823/8/725 822/8/726
f 819/8/719 820/8/722 824/8/727 823/8/725
f 820/8/722 821/8/724 825/8/728 824/8/727
f 822/8/726 823/8/725 809/8/708 805/8/707
f 823/8/725 824/8/727 813/8/712 809/8/708
f 824/8/727 825/8/728 814/8/716 813/8/712
f 802/8/729 826/8/730 830/8/731 829/8/732
f 826/8/730 827/8/733 831/8/734 830/8/731
f 827/8/733 828/8/714 832/8/713 831/8/734
f 829/8/732 830/8/731 834/8/735 833/8/736
f 830/8/731 831/8/734 835/8/737 834/8/735
f 831/8/734 832/8/713 836/8/715 835/8/737
f 833/8/736 834/8/735 821/8/724 817/8/723
f 834/8/735 835/8/737 825/8/728 821/8/724
f 835/8/737 836/8/715 814/8/716 825/8/728
f 837/8/738 840/8/739 844/8/740 843/8/741
f 840/8/739 841/8/742 845/8/743 844/8/740
f 841/8/742 842/8/744 846/8/745 845/8/743
f 843/8/741 844/8/740 848/8/746 847/8/747
f 844/8/740 845/8/743 849/8/748 848/8/746
f 845/8/743 846/8/745 850/8/749 849/8/748
f 847/8/747 848/8/746 869/8/750 865/8/751
f 848/8/746 849/8/748 873/8/752 869/8/750
f 849/8/748 850/8/749 851/8/753 873/8/752
f 838/8/754 852/8/755 856/8/756 855/8/757
f 852/8/755 853/8/758 857/8/759 856/8/756
f 853/8/758 854/8/760 858/8/761 857/8/759
f 855/8/757 856/8/756 860/8/762 859/8/763
f 856/8/756 857/8/759 861/8/764 860/8/762
f 857/8/759 858/8/761 862/8/765 861/8/764
f 859/8/763 860/8/762 846/8/745 842/8/744
f 860/8/762 861/8/764 850/8/749 846/8/745
f 861/8/764 862/8/765 851/8/753 850/8/749
f 839/8/766 863/8/767 867/8/768 866/8/769
f 863/8/767 864/8/770 868/8/771 867/8/768
f 864/8/770 865/8/751 869/8/750 868/8/771
f 866/8/769 867/8/768 871/8/772 870/8/773
f 867/8/768 868/8/771 872/8/774 871/8/772
f 868/8/771 869/8/750 873/8/752 872/8/774
f 870/8/773 871/8/772 858/8/761 854/8/760
f 871/8/772 872/8/774 862/8/765 858/8/761
f 872/8/774 873/8/752 851/8/753 862/8/765
f 874/8/775 877/8/776 881/8/777 880/8/778
f 877/8/776 878/8/779 882/8/780 881/8/777
f 878/8/779 879/8/781 883/8/782 882/8/780
f 880/8/778 881/8/777 885/8/783 884/8/784
f 881/8/777 882/8/780 886/8/785 885/8/783
f 882/8/780 883/8/782 887/8/786 886/8/785
f 884/8/784 885/8/783 906/8/787 902/8/788
f 885/8/783 886/8/785 910/8/789 906/8/787
f 886/8/785 887/8/786 888/8/790 910/8/789
f 875/8/791 889/8/792 893/8/793 892/8/794
f 889/8/792 890/8/795 894/8/796 893/8/793
f 890/8/795 891/8/797 895/8/798 894/8/796
f 892/8/794 893/8/793 897/8/799 896/8/800
f 893/8/793 894/8/796 898/8/801 897/8/799
f 894/8/796 895/8/798 899/8/802 898/8/801
f 896/8/800 897/8/799 883/8/782 879/8/781
f 897/8/799 898/8/801 887/8/786 883/8/782
f 898/8/801 899/8/802 888/8/790 887/8/786
f 876/8/803 900/8/804 904/8/805 903/8/806
f 900/8/804 901/8/807 905/8/808 904/8/805
f 901/8/807 902/8/788 906/8/787 905/8/808
f 903/8/806 904/8/805 908/8/809 907/8/810
f 904/8/805 905/8/808 909/8/811 908/8/809
f 905/8/808 906/8/787 910/8/789 909/8/811
f 907/8/810 908/8/809 895/8/798 891/8/797
f 908/8/809 909/8/811 899/8/802 895/8/798
f 909/8/811 910/8/789 888/8/790 899/8/802
f 911/8/812 914/8/813 918/8/814 917/8/815
f 914/8/813 915/8/816 919/8/817 918/8/814
f 915/8/816 916/8/818 920/8/819 919/8/817
f 917/8/815 918/8/814 922/8/820 921/8/821
f 918/8/814 919/8/817 923/8/822 922/8/820
f 919/8/817 920/8/819 924/8/823 923/8/822
f 921/8/821 922/8/820 943/8/824 939/8/825
f 922/8/820 923/8/822 947/8/826 943/8/824
f 923/8/822 924/8/823 925/8/827 947/8/826
f 912/8/828 926/8/829 930/8/830 929/8/831
f 926/8/829 927/8/832 931/8/833 930/8/830
f 927/8/832 928/8/834 932/8/835 931/8/833
f 929/8/831 930/8/830 934/8/836 933/8/837
f 930/8/830 931/8/833 935/8/838 934/8/836
f 931/8/833 932/8/835 936/8/839 935/8/838
f 933/8/837 934/8/836 920/8/819 916/8/818
f 934/8/836 935/8/838 924/8/823 920/8/819
f 935/8/838 936/8/839 925/8/827 924/8/823
f 913/8/840 937/8/841 941/8/842 940/8/843
f 937/8/841 938/8/844 942/8/845 941/8/842
f 938/8/844 939/8/825 943/8/824 942/8/845
f 940/8/843 941/8/842 945/8/846 944/8/847
f 941/8/842 942/8/845 946/8/848 945/8/846
f 942/8/845 943/8/824 947/8/826 946/8/848
f 944/8/847 945/8/846 932/8/835 928/8/834
f 945/8/846 946/8/848 936/8/839 932/8/835
f 946/8/848 947/8/826 925/8/827 936/8/839
f 948/8/849 951/8/850 955/8/851 954/8/852
f 951/8/850 952/8/853 956/8/854 955/8/851
f 952/8/853 953/8/855 957/8/856 956/8/854
f 954/8/852 955/8/851 959/8/857 958/8/858
f 955/8/851 956/8/854 960/8/859 959/8/857
f 956/8/854 957/8/856 961/8/860 960/8/859
f 958/8/858 959/8/857 980/8/861 976/8/862
f 959/8/857 960/8/859 984/8/863 980/8/861
f 960/8/859 961/8/860 962/8/864 984/8/863
f 949/8/865 963/8/866 967/8/867 966/8/868
f 963/8/866 964/8/869 968/8/870 967/8/867
f 964/8/869 965/8/871 969/8/872 968/8/870
f 966/8/868 967/8/867 971/8/873 970/8/874
f 967/8/867 968/8/870 972/8/875 971/8/873
f 968/8/870 969/8/872 973/8/876 972/8/875
f 970/8/874 971/8/873 957/8/856 953/8/855
f 971/8/873 972/8/875 961/8/860 957/8/856
f 972/8/875 973/8/876 962/8/864 961/8/860
f 950/8/877 974/8/878 978/8/879 977/8/880
f 974/8/878 975/8/881 979/8/882 978/8/879
f 975/8/881 976/8/862 980/8/861 979/8/882
f 977/8/880 978/8/879 982/8/883 981/8/884
f 978/8/879 979/8/882 983/8/885 982/8/883
f 979/8/882 980/8/861 984/8/863 983/8/885
f 981/8/884 982/8/883 969/8/872 965/8/871
f 982/8/883 983/8/885 973/8/876 969/8/872
f 983/8/885 984/8/863 962/8/864 973/8/876
f 763/8/664 689/8/590 695/8/593 766/8/665
f 766/8/665 695/8/593 699/8/599 767/8/668
f 767/8/668 699/8/599 717/8/603 768/8/670
f 768/8/670 717/8/603 716/8/622 785/8/689
f 785/8/689 716/8/622 715/8/619 781/8/683
f 781/8/683 715/8/619 691/8/618 764/8/680
f 690/8/606 726/8/627 732/8/630 704/8/607
f 704/8/607 732/8/630 736/8/636 705/8/610
f 705/8/610 736/8/636 754/8/640 706/8/612
f 706/8/612 754/8/640 753/8/659 722/8/625
f 722/8/625 753/8/659 752/8/656 718/8/621
f 718/8/621 752/8/656 728/8/655 691/8/618
f 727/8/643 800/8/701 806/8/704 741/8/644
f 741/8/644 806/8/704 810/8/710 742/8/647
f 742/8/647 810/8/710 828/8/714 743/8/649
f 743/8/649 828/8/714 827/8/733 759/8/662
f 759/8/662 827/8/733 826/8/730 755/8/658
f 755/8/658 826/8/730 802/8/729 728/8/655
f 801/8/717 765/8/692 792/8/695 815/8/718
f 815/8/718 792/8/695 796/8/699 816/8/721
f 816/8/721 796/8/699 780/8/686 817/8/723
f 817/8/723 780/8/686 779/8/684 833/8/736
f 833/8/736 779/8/684 778/8/681 829/8/732
f 829/8/732 778/8/681 764/8/680 802/8/729
f 911/8/812 763/8/664 769/8/667 914/8/813
f 914/8/813 769/8/667 773/8/673 915/8/816
f 915/8/816 773/8/673 791/8/677 916/8/818
f 916/8/818 791/8/677 790/8/696 933/8/837
f 933/8/837 790/8/696 789/8/693 929/8/831
f 929/8/831 789/8/693 765/8/692 912/8/828
f 800/8/701 948/8/849 954/8/852 803/8/702
f 803/8/702 954/8/852 958/8/858 804/8/705
f 804/8/705 958/8/858 976/8/862 805/8/707
f 805/8/707 976/8/862 975/8/881 822/8/726
f 822/8/726 975/8/881 974/8/878 818/8/720
f 818/8/720 974/8/878 950/8/877 801/8/717
f 949/8/865 913/8/840 940/8/843 963/8/866
f 963/8/866 940/8/843 944/8/847 964/8/869
f 964/8/869 944/8/847 928/8/834 965/8/871
f 965/8/871 928/8/834 927/8/832 981/8/884
f 981/8/884 927/8/832 926/8/829 977/8/880
f 977/8/880 926/8/829 912/8/828 950/8/877
f 837/8/738 911/8/812 917/8/815 840/8/739
f 840/8/739 917/8/815 921/8/821 841/8/742
f 841/8/742 921/8/821 939/8/825 842/8/744
f 842/8/744 939/8/825 938/8/844 859/8/763
f 859/8/763 938/8/844 937/8/841 855/8/757
f 855/8/757 937/8/841 913/8/840 838/8/754
f 948/8/849 874/8/775 880/8/778 951/8/850
f 951/8/850 880/8/778 884/8/784 952/8/853
f 952/8/853 884/8/784 902/8/788 953/8/855
f 953/8/855 902/8/788 901/8/807 970/8/874
f 970/8/874 901/8/807 900/8/804 966/8/868
f 966/8/868 900/8/804 876/8/803 949/8/865
f 875/8/791 839/8/766 866/8/769 889/8/792
f 889/8/792 866/8/769 870/8/773 890/8/795
f 890/8/795 870/8/773 854/8/760 891/8/797
f 891/8/797 854/8/760 853/8/758 907/8/810
f 907/8/810 853/8/758 852/8/755 903/8/806
f 903/8/806 852/8/755 838/8/754 876/8/803
f 689/8/590 837/8/738 843/8/741 692/8/591
f 692/8/591 843/8/741 847/8/747 693/8/594
f 693/8/594 847/8/747 865/8/751 694/8/596
f 694/8/596 865/8/751 864/8/770 711/8/615
f 711/8/615 864/8/770 863/8/767 707/8/609
f 707/8/609 863/8/767 839/8/766 690/8/606
f 874/8/775 727/8/643 744/8/646 877/8/776
f 877/8/776 744/8/646 748/8/652 878/8/779
f 878/8/779 748/8/652 731/8/633 879/8/781
f 879/8/781 731/8/633 730/8/631 896/8/800
f 896/8/800 730/8/631 729/8/628 892/8/794
f 892/8/794 729/8/628 726/8/627 875/8/791
f 763/8/664 911/8/812 837/8/738 689/8/590
f 691/8/618 728/8/655 802/8/729 764/8/680
f 839/8/766 875/8/791 726/8/627 690/8/606
f 948/8/849 800/8/701 727/8/643 874/8/775
f 765/8/692 801/8/717 950/8/877 912/8/828
f 913/8/840 949/8/865 876/8/803 838/8/754
usemtl Veh_Chrome
f 345/8/314 348/8/315 352/8/316 351/8/21
f 348/8/315 349/8/317 353/8/23 352/8/316
f 349/8/317 350/8/318 354/8/25 353/8/23
f 351/8/21 352/8/316 356/8/319 355/8/320
f 352/8/316 353/8/23 357/8/28 356/8/319
f 353/8/23 354/8/25 358/8/29 357/8/28
f 355/8/320 356/8/319 377/8/321 373/8/322
f 356/8/319 357/8/28 381/8/323 377/8/321
f 357/8/28 358/8/29 359/8/33 381/8/323
f 346/8/324 360/8/35 364/8/325 363/8/326
f 360/8/35 361/8/327 365/8/328 364/8/325
f 361/8/327 362/8/329 366/8/41 365/8/328
f 363/8/326 364/8/325 368/8/42 367/8/330
f 364/8/325 365/8/328 369/8/331 368/8/42
f 365/8/328 366/8/41 370/8/332 369/8/331
f 367/8/330 368/8/42 354/8/25 350/8/318
f 368/8/42 369/8/331 358/8/29 354/8/25
f 369/8/331 370/8/332 359/8/33 358/8/29
f 347/8/46 371/8/333 375/8/334 374/8/49
f 371/8/333 372/8/50 376/8/335 375/8/334
f 372/8/50 373/8/322 377/8/321 376/8/335
f 374/8/49 375/8/334 379/8/336 378/8/53
f 375/8/334 376/8/335 380/8/337 379/8/336
f 376/8/335 377/8/321 381/8/323 380/8/337
f 378/8/53 379/8/336 366/8/41 362/8/329
f 379/8/336 380/8/337 370/8/332 366/8/41
f 380/8/337 381/8/323 359/8/33 370/8/332
f 382/8/338 385/8/339 389/8/57 388/8/58
f 385/8/339 386/8/340 390/8/341 389/8/57
f 386/8/340 387/8/342 391/8/343 390/8/341
f 388/8/58 389/8/57 393/8/63 392/8/344
f 389/8/57 390/8/341 394/8/345 393/8/63
f 390/8/341 391/8/343 395/8/346 394/8/345
f 392/8/344 393/8/63 414/8/347 410/8/348
f 393/8/63 394/8/345 418/8/349 414/8/347
f 394/8/345 395/8/346 396/8/350 418/8/349
f 383/8/351 397/8/72 401/8/352 400/8/353
f 397/8/72 398/8/354 402/8/355 401/8/352
f 398/8/354 399/8/356 403/8/357 402/8/355
f 400/8/353 401/8/352 405/8/358 404/8/359
f 401/8/352 402/8/355 406/8/360 405/8/358
f 402/8/355 403/8/357 407/8/361 406/8/360
f 404/8/359 405/8/358 391/8/343 387/8/342
f 405/8/358 406/8/360 395/8/346 391/8/343
f 406/8/360 407/8/361 396/8/350 395/8/346
f 384/8/362 408/8/363 412/8/364 411/8/365
f 408/8/363 409/8/87 413/8/366 412/8/364
f 409/8/87 410/8/348 414/8/347 413/8/366
f 411/8/365 412/8/364 416/8/367 415/8/90
f 412/8/364 413/8/366 417/8/368 416/8/367
f 413/8/366 414/8/347 418/8/349 417/8/368
f 415/8/90 416/8/367 403/8/357 399/8/356
f 416/8/367 417/8/368 407/8/361 403/8/357
f 417/8/368 418/8/349 396/8/350 407/8/361
f 419/8/369 422/8/93 426/8/370 425/8/371
f 422/8/93 423/8/96 427/8/97 426/8/370
f 423/8/96 424/8/98 428/8/372 427/8/97
f 425/8/371 426/8/370 430/8/373 429/8/374
f 426/8/370 427/8/97 431/8/375 430/8/373
f 427/8/97 428/8/372 432/8/376 431/8/375
f 429/8/374 430/8/373 451/8/104 447/8/377
f 430/8/373 431/8/375 455/8/378 451/8/104
f 431/8/375 432/8/376 433/8/379 455/8/378
f 420/8/380 434/8/109 438/8/381 437/8/382
f 434/8/109 435/8/383 439/8/384 438/8/381
f 435/8/383 436/8/385 440/8/386 439/8/384
f 437/8/382 438/8/381 442/8/387 441/8/388
f 438/8/381 439/8/384 443/8/389 442/8/387
f 439/8/384 440/8/386 444/8/390 443/8/389
f 441/8/388 442/8/387 428/8/372 424/8/98
f 442/8/387 443/8/389 432/8/376 428/8/372
f 443/8/389 444/8/390 433/8/379 432/8/376
f 421/8/391 445/8/392 449/8/122 448/8/393
f 445/8/392 446/8/394 450/8/395 449/8/122
f 446/8/394 447/8/377 451/8/104 450/8/395
f 448/8/393 449/8/122 453/8/126 452/8/127
f 449/8/122 450/8/395 454/8/396 453/8/126
f 450/8/395 451/8/104 455/8/378 454/8/396
f 452/8/127 453/8/126 440/8/386 436/8/385
f 453/8/126 454/8/396 444/8/390 440/8/386
f 454/8/396 455/8/378 433/8/379 444/8/390
f 456/8/397 459/8/398 463/8/399 462/8/400
f 459/8/398 460/8/401 464/8/402 463/8/399
f 460/8/401 461/8/403 465/8/404 464/8/402
f 462/8/400 463/8/399 467/8/405 466/8/138
f 463/8/399 464/8/402 468/8/406 467/8/405
f 464/8/402 465/8/404 469/8/140 468/8/406
f 466/8/138 467/8/405 488/8/141 484/8/142
f 467/8/405 468/8/406 492/8/407 488/8/141
f 468/8/406 469/8/140 470/8/144 492/8/407
f 457/8/408 471/8/409 475/8/410 474/8/411
f 471/8/409 472/8/412 476/8/413 475/8/410
f 472/8/412 473/8/151 477/8/414 476/8/413
f 474/8/411 475/8/410 479/8/153 478/8/415
f 475/8/410 476/8/413 480/8/416 479/8/153
f 476/8/413 477/8/414 481/8/417 480/8/416
f 478/8/415 479/8/153 465/8/404 461/8/403
f 479/8/153 480/8/416 469/8/140 465/8/404
f 480/8/416 481/8/417 470/8/144 469/8/140
f 458/8/157 482/8/418 486/8/419 485/8/420
f 482/8/418 483/8/421 487/8/162 486/8/419
f 483/8/421 484/8/142 488/8/141 487/8/162
f 485/8/420 486/8/419 490/8/422 489/8/164
f 486/8/419 487/8/162 491/8/423 490/8/422
f 487/8/162 488/8/141 492/8/407 491/8/423
f 489/8/164 490/8/422 477/8/414 473/8/151
f 490/8/422 491/8/423 481/8/417 477/8/414
f 491/8/423 492/8/407 470/8/144 481/8/417
f 493/8/424 496/8/167 500/8/425 499/8/426
f 496/8/167 497/8/170 501/8/427 500/8/425
f 497/8/170 498/8/428 502/8/429 501/8/427
f 499/8/426 500/8/425 504/8/174 503/8/430
f 500/8/425 501/8/427 505/8/431 504/8/174
f 501/8/427 502/8/429 506/8/432 505/8/431
f 503/8/430 504/8/174 525/8/178 521/8/433
f 504/8/174 505/8/431 529/8/434 525/8/178
f 505/8/431 506/8/432 507/8/435 529/8/434
f 494/8/436 508/8/183 512/8/437 511/8/438
f 508/8/183 509/8/439 513/8/440 512/8/437
f 509/8/439 510/8/188 514/8/441 513/8/440
f 511/8/438 512/8/437 516/8/442 515/8/191
f 512/8/437 513/8/440 517/8/443 516/8/442
f 513/8/440 514/8/441 518/8/444 517/8/443
f 515/8/191 516/8/442 502/8/429 498/8/428
f 516/8/442 517/8/443 506/8/432 502/8/429
f 517/8/443 518/8/444 507/8/435 506/8/432
f 495/8/445 519/8/446 523/8/447 522/8/448
f 519/8/446 520/8/449 524/8/450 523/8/447
f 520/8/449 521/8/433 525/8/178 524/8/450
f 522/8/448 523/8/447 527/8/451 526/8/201
f 523/8/447 524/8/450 528/8/452 527/8/451
f 524/8/450 525/8/178 529/8/434 528/8/452
f 526/8/201 527/8/451 514/8/441 510/8/188
f 527/8/451 528/8/452 518/8/444 514/8/441
f 528/8/452 529/8/434 507/8/435 518/8/444
f 530/8/453 533/8/454 537/8/455 536/8/206
f 533/8/454 534/8/456 538/8/457 537/8/455
f 534/8/456 535/8/458 539/8/210 538/8/457
f 536/8/206 537/8/455 541/8/459 540/8/460
f 537/8/455 538/8/457 542/8/461 541/8/459
f 538/8/457 539/8/210 543/8/462 542/8/461
f 540/8/460 541/8/459 562/8/215 558/8/216
f 541/8/459 542/8/461 566/8/217 562/8/215
f 542/8/461 543/8/462 544/8/463 566/8/217
f 531/8/464 545/8/220 549/8/465 548/8/466
f 545/8/220 546/8/223 550/8/467 549/8/465
f 546/8/223 547/8/225 551/8/468 550/8/467
f 548/8/466 549/8/465 553/8/227 552/8/469
f 549/8/465 550/8/467 554/8/470 553/8/227
f 550/8/467 551/8/468 555/8/471 554/8/470
f 552/8/469 553/8/227 539/8/210 535/8/458
f 553/8/227 554/8/470 543/8/462 539/8/210
f 554/8/470 555/8/471 544/8/463 543/8/462
f 532/8/472 556/8/473 560/8/474 559/8/475
f 556/8/473 557/8/476 561/8/236 560/8/474
f 557/8/476 558/8/216 562/8/215 561/8/236
f 559/8/475 560/8/474 564/8/477 563/8/478
f 560/8/474 561/8/236 565/8/479 564/8/477
f 561/8/236 562/8/215 566/8/217 565/8/479
f 563/8/478 564/8/477 551/8/468 547/8/225
f 564/8/477 565/8/479 555/8/471 551/8/468
f 565/8/479 566/8/217 544/8/463 555/8/471
f 567/8/480 570/8/481 574/8/482 573/8/483
f 570/8/481 571/8/484 575/8/485 574/8/482
f 571/8/484 572/8/486 576/8/487 575/8/485
f 573/8/483 574/8/482 578/8/488 577/8/489
f 574/8/482 575/8/485 579/8/490 578/8/488
f 575/8/485 576/8/487 580/8/491 579/8/490
f 577/8/489 578/8/488 599/8/492 595/8/493
f 578/8/488 579/8/490 603/8/494 599/8/492
f 579/8/490 580/8/491 581/8/495 603/8/494
f 568/8/496 582/8/497 586/8/258 585/8/498
f 582/8/497 583/8/499 587/8/500 586/8/258
f 583/8/499 584/8/501 588/8/263 587/8/500
f 585/8/498 586/8/258 590/8/264 589/8/502
f 586/8/258 587/8/500 591/8/503 590/8/264
f 587/8/500 588/8/263 592/8/504 591/8/503
f 589/8/502 590/8/264 576/8/487 572/8/486
f 590/8/264 591/8/503 580/8/491 576/8/487
f 591/8/503 592/8/504 581/8/495 580/8/491
f 569/8/505 593/8/269 597/8/270 596/8/506
f 593/8/269 594/8/272 598/8/507 597/8/270
f 594/8/272 595/8/493 599/8/492 598/8/507
f 596/8/506 597/8/270 601/8/508 600/8/509
f 597/8/270 598/8/507 602/8/510 601/8/508
f 598/8/507 599/8/492 603/8/494 602/8/510
f 600/8/509 601/8/508 588/8/263 584/8/501
f 601/8/508 602/8/510 592/8/504 588/8/263
f 602/8/510 603/8/494 581/8/495 592/8/504
f 604/8/511 607/8/512 611/8/513 610/8/514
f 607/8/512 608/8/281 612/8/515 611/8/513
f 608/8/281 609/8/516 613/8/517 612/8/515
f 610/8/514 611/8/513 615/8/518 614/8/519
f 611/8/513 612/8/515 616/8/520 615/8/518
f 612/8/515 613/8/517 617/8/288 616/8/520
f 614/8/519 615/8/518 636/8/521 632/8/522
f 615/8/518 616/8/520 640/8/523 636/8/521
f 616/8/520 617/8/288 618/8/524 640/8/523
f 605/8/525 619/8/526 623/8/527 622/8/528
f 619/8/526 620/8/297 624/8/529 623/8/527
f 620/8/297 621/8/530 625/8/531 624/8/529
f 622/8/528 623/8/527 627/8/532 626/8/302
f 623/8/527 624/8/529 628/8/533 627/8/532
f 624/8/529 625/8/531 629/8/534 628/8/533
f 626/8/302 627/8/532 613/8/517 609/8/516
f 627/8/532 628/8/533 617/8/288 613/8/517
f 628/8/533 629/8/534 618/8/524 617/8/288
f 606/8/535 630/8/536 634/8/307 633/8/537
f 630/8/536 631/8/538 635/8/539 634/8/307
f 631/8/538 632/8/522 636/8/521 635/8/539
f 633/8/537 634/8/307 638/8/540 637/8/541
f 634/8/307 635/8/539 639/8/542 638/8/540
f 635/8/539 636/8/521 640/8/523 639/8/542
f 637/8/541 638/8/540 625/8/531 621/8/530
f 638/8/540 639/8/542 629/8/534 625/8/531
f 639/8/542 640/8/523 618/8/524 629/8/534
f 419/8/369 345/8/314 351/8/21 422/8/93
f 422/8/93 351/8/21 355/8/320 423/8/96
f 423/8/96 355/8/320 373/8/322 424/8/98
f 424/8/98 373/8/322 372/8/50 441/8/388
f 441/8/388 372/8/50 371/8/333 437/8/382
f 437/8/382 371/8/333 347/8/46 420/8/380
f 346/8/324 382/8/338 388/8/58 360/8/35
f 360/8/35 388/8/58 392/8/344 361/8/327
f 361/8/327 392/8/344 410/8/348 362/8/329
f 362/8/329 410/8/348 409/8/87 378/8/53
f 378/8/53 409/8/87 408/8/363 374/8/49
f 374/8/49 408/8/363 384/8/362 347/8/46
f 383/8/351 456/8/397 462/8/400 397/8/72
f 397/8/72 462/8/400 466/8/138 398/8/354
f 398/8/354 466/8/138 484/8/142 399/8/356
f 399/8/356 484/8/142 483/8/421 415/8/90
f 415/8/90 483/8/421 482/8/418 411/8/365
f 411/8/365 482/8/418 458/8/157 384/8/362
f 457/8/408 421/8/391 448/8/393 471/8/409
f 471/8/409 448/8/393 452/8/127 472/8/412
f 472/8/412 452/8/127 436/8/385 473/8/151
f 473/8/151 436/8/385 435/8/383 489/8/164
f 489/8/164 435/8/383 434/8/109 485/8/420
f 485/8/420 434/8/109 420/8/380 458/8/157
f 567/8/543 419/8/543 425/8/544 570/8/545
f 570/8/545 425/8/544 429/8/546 571/8/546
f 571/8/547 429/8/547 447/8/547 572/8/547
f 572/8/548 447/8/377 446/8/394 589/8/548
f 589/8/549 446/8/549 445/8/549 585/8/549
f 585/8/498 445/8/392 421/8/391 568/8/496
f 456/8/550 604/8/551 610/8/552 459/8/553
f 459/8/553 610/8/552 614/8/554 460/8/554
f 460/8/555 614/8/555 632/8/555 461/8/555
f 461/8/556 632/8/556 631/8/556 478/8/556
f 478/8/557 631/8/557 630/8/557 474/8/557
f 474/8/411 630/8/536 606/8/535 457/8/408
f 605/8/525 569/8/505 596/8/506 619/8/526
f 619/8/526 596/8/506 600/8/509 620/8/297
f 620/8/297 600/8/509 584/8/501 621/8/530
f 621/8/530 584/8/501 583/8/499 637/8/541
f 637/8/541 583/8/499 582/8/497 633/8/537
f 633/8/537 582/8/497 568/8/496 606/8/535
f 493/8/424 567/8/480 573/8/483 496/8/167
f 496/8/167 573/8/483 577/8/489 497/8/170
f 497/8/170 577/8/489 595/8/493 498/8/428
f 498/8/428 595/8/493 594/8/272 515/8/191
f 515/8/191 594/8/272 593/8/269 511/8/438
f 511/8/438 593/8/269 569/8/505 494/8/436
f 604/8/511 530/8/453 536/8/206 607/8/512
f 607/8/512 536/8/206 540/8/460 608/8/281
f 608/8/281 540/8/460 558/8/216 609/8/516
f 609/8/516 558/8/216 557/8/476 626/8/302
f 626/8/302 557/8/476 556/8/473 622/8/528
f 622/8/528 556/8/473 532/8/472 605/8/525
f 531/8/464 495/8/445 522/8/448 545/8/220
f 545/8/220 522/8/448 526/8/201 546/8/223
f 546/8/223 526/8/201 510/8/188 547/8/225
f 547/8/225 510/8/188 509/8/439 563/8/478
f 563/8/478 509/8/439 508/8/183 559/8/475
f 559/8/475 508/8/183 494/8/436 532/8/472
f 345/8/558 493/8/559 499/8/560 348/8/561
f 348/8/561 499/8/560 503/8/562 349/8/562
f 349/8/563 503/8/563 521/8/563 350/8/563
f 350/8/318 521/8/433 520/8/449 367/8/330
f 367/8/564 520/8/564 519/8/564 363/8/564
f 363/8/326 519/8/446 495/8/445 346/8/324
f 530/8/565 383/8/565 400/8/566 533/8/567
f 533/8/567 400/8/566 404/8/568 534/8/568
f 534/8/569 404/8/569 387/8/569 535/8/569
f 535/8/458 387/8/342 386/8/340 552/8/469
f 552/8/570 386/8/570 385/8/570 548/8/570
f 548/8/466 385/8/339 382/8/338 531/8/464
f 419/8/571 567/8/571 493/8/559 345/8/558
f 347/8/46 384/8/362 458/8/157 420/8/380
f 495/8/445 531/8/464 382/8/338 346/8/324
f 604/8/551 456/8/550 383/8/572 530/8/572
f 421/8/391 457/8/408 606/8/535 568/8/496
f 569/8/505 605/8/525 532/8/472 494/8/436
f 985/8/886 988/8/887 992/8/888 991/8/889
f 988/8/887 989/8/890 993/8/891 992/8/888
f 989/8/890 990/8/892 994/8/893 993/8/891
f 991/8/889 992/8/888 996/8/894 995/8/895
f 992/8/888 993/8/891 997/8/896 996/8/894
f 993/8/891 994/8/893 998/8/601 997/8/896
f 995/8/895 996/8/894 1017/8/602 1013/8/897
f 996/8/894 997/8/896 1021/8/898 1017/8/602
f 997/8/896 998/8/601 999/8/605 1021/8/898
f 986/8/899 1000/8/900 1004/8/608 1003/8/901
f 1000/8/900 1001/8/902 1005/8/903 1004/8/608
f 1001/8/902 1002/8/612 1006/8/904 1005/8/903
f 1003/8/901 1004/8/608 1008/8/905 1007/8/906
f 1004/8/608 1005/8/903 1009/8/616 1008/8/905
f 1005/8/903 1006/8/904 1010/8/907 1009/8/616
f 1007/8/906 1008/8/905 994/8/893 990/8/892
f 1008/8/905 1009/8/616 998/8/601 994/8/893
f 1009/8/616 1010/8/907 999/8/605 998/8/601
f 987/8/618 1011/8/908 1015/8/909 1014/8/910
f 1011/8/908 1012/8/911 1016/8/623 1015/8/909
f 1012/8/911 1013/8/897 1017/8/602 1016/8/623
f 1014/8/910 1015/8/909 1019/8/912 1018/8/913
f 1015/8/909 1016/8/623 1020/8/914 1019/8/912
f 1016/8/623 1017/8/602 1021/8/898 1020/8/914
f 1018/8/913 1019/8/912 1006/8/904 1002/8/612
f 1019/8/912 1020/8/914 1010/8/907 1006/8/904
f 1020/8/914 1021/8/898 999/8/605 1010/8/907
f 1022/8/915 1025/8/916 1029/8/629 1028/8/917
f 1025/8/916 1026/8/918 1030/8/919 1029/8/629
f 1026/8/918 1027/8/920 1031/8/921 1030/8/919
f 1028/8/917 1029/8/629 1033/8/635 1032/8/636
f 1029/8/629 1030/8/919 1034/8/922 1033/8/635
f 1030/8/919 1031/8/921 1035/8/923 1034/8/922
f 1032/8/636 1033/8/635 1054/8/924 1050/8/925
f 1033/8/635 1034/8/922 1058/8/926 1054/8/924
f 1034/8/922 1035/8/923 1036/8/927 1058/8/926
f 1023/8/928 1037/8/644 1041/8/929 1040/8/930
f 1037/8/644 1038/8/931 1042/8/932 1041/8/929
f 1038/8/931 1039/8/933 1043/8/934 1042/8/932
f 1040/8/930 1041/8/929 1045/8/935 1044/8/936
f 1041/8/929 1042/8/932 1046/8/937 1045/8/935
f 1042/8/932 1043/8/934 1047/8/938 1046/8/937
f 1044/8/936 1045/8/935 1031/8/921 1027/8/920
f 1045/8/935 1046/8/937 1035/8/923 1031/8/921
f 1046/8/937 1047/8/938 1036/8/927 1035/8/923
f 1024/8/655 1048/8/656 1052/8/939 1051/8/940
f 1048/8/656 1049/8/941 1053/8/942 1052/8/939
f 1049/8/941 1050/8/925 1054/8/924 1053/8/942
f 1051/8/940 1052/8/939 1056/8/943 1055/8/944
f 1052/8/939 1053/8/942 1057/8/945 1056/8/943
f 1053/8/942 1054/8/924 1058/8/926 1057/8/945
f 1055/8/944 1056/8/943 1043/8/934 1039/8/933
f 1056/8/943 1057/8/945 1047/8/938 1043/8/934
f 1057/8/945 1058/8/926 1036/8/927 1047/8/938
f 1059/8/946 1062/8/947 1066/8/948 1065/8/949
f 1062/8/947 1063/8/950 1067/8/951 1066/8/948
f 1063/8/950 1064/8/952 1068/8/953 1067/8/951
f 1065/8/949 1066/8/948 1070/8/954 1069/8/955
f 1066/8/948 1067/8/951 1071/8/956 1070/8/954
f 1067/8/951 1068/8/953 1072/8/675 1071/8/956
f 1069/8/955 1070/8/954 1091/8/957 1087/8/958
f 1070/8/954 1071/8/956 1095/8/678 1091/8/957
f 1071/8/956 1072/8/675 1073/8/959 1095/8/678
f 1060/8/680 1074/8/960 1078/8/961 1077/8/962
f 1074/8/960 1075/8/963 1079/8/964 1078/8/961
f 1075/8/963 1076/8/965 1080/8/966 1079/8/964
f 1077/8/962 1078/8/961 1082/8/967 1081/8/968
f 1078/8/961 1079/8/964 1083/8/969 1082/8/967
f 1079/8/964 1080/8/966 1084/8/970 1083/8/969
f 1081/8/968 1082/8/967 1068/8/953 1064/8/952
f 1082/8/967 1083/8/969 1072/8/675 1068/8/953
f 1083/8/969 1084/8/970 1073/8/959 1072/8/675
f 1061/8/971 1085/8/972 1089/8/973 1088/8/695
f 1085/8/972 1086/8/974 1090/8/975 1089/8/973
f 1086/8/974 1087/8/958 1091/8/957 1090/8/975
f 1088/8/695 1089/8/973 1093/8/976 1092/8/699
f 1089/8/973 1090/8/975 1094/8/977 1093/8/976
f 1090/8/975 1091/8/957 1095/8/678 1094/8/977
f 1092/8/699 1093/8/976 1080/8/966 1076/8/965
f 1093/8/976 1094/8/977 1084/8/970 1080/8/966
f 1094/8/977 1095/8/678 1073/8/959 1084/8/970
f 1096/8/978 1099/8/979 1103/8/703 1102/8/980
f 1099/8/979 1100/8/981 1104/8/706 1103/8/703
f 1100/8/981 1101/8/982 1105/8/708 1104/8/706
f 1102/8/980 1103/8/703 1107/8/983 1106/8/984
f 1103/8/703 1104/8/706 1108/8/985 1107/8/983
f 1104/8/706 1105/8/708 1109/8/986 1108/8/985
f 1106/8/984 1107/8/983 1128/8/713 1124/8/714
f 1107/8/983 1108/8/985 1132/8/987 1128/8/713
f 1108/8/985 1109/8/986 1110/8/988 1132/8/987
f 1097/8/989 1111/8/718 1115/8/990 1114/8/991
f 1111/8/718 1112/8/992 1116/8/993 1115/8/990
f 1112/8/992 1113/8/994 1117/8/995 1116/8/993
f 1114/8/991 1115/8/990 1119/8/996 1118/8/997
f 1115/8/990 1116/8/993 1120/8/998 1119/8/996
f 1116/8/993 1117/8/995 1121/8/999 1120/8/998
f 1118/8/997 1119/8/996 1105/8/708 1101/8/982
f 1119/8/996 1120/8/998 1109/8/986 1105/8/708
f 1120/8/998 1121/8/999 1110/8/988 1109/8/986
f 1098/8/1000 1122/8/1001 1126/8/1002 1125/8/1003
f 1122/8/1001 1123/8/733 1127/8/1004 1126/8/1002
f 1123/8/733 1124/8/714 1128/8/713 1127/8/1004
f 1125/8/1003 1126/8/1002 1130/8/1005 1129/8/736
f 1126/8/1002 1127/8/1004 1131/8/1006 1130/8/1005
f 1127/8/1004 1128/8/713 1132/8/987 1131/8/1006
f 1129/8/736 1130/8/1005 1117/8/995 1113/8/994
f 1130/8/1005 1131/8/1006 1121/8/999 1117/8/995
f 1131/8/1006 1132/8/987 1110/8/988 1121/8/999
f 1133/8/1007 1136/8/1008 1140/8/1009 1139/8/1010
f 1136/8/1008 1137/8/1011 1141/8/1012 1140/8/1009
f 1137/8/1011 1138/8/1013 1142/8/1014 1141/8/1012
f 1139/8/1010 1140/8/1009 1144/8/1015 1143/8/1016
f 1140/8/1009 1141/8/1012 1145/8/1017 1144/8/1015
f 1141/8/1012 1142/8/1014 1146/8/1018 1145/8/1017
f 1143/8/1016 1144/8/1015 1165/8/750 1161/8/1019
f 1144/8/1015 1145/8/1017 1169/8/1020 1165/8/750
f 1145/8/1017 1146/8/1018 1147/8/1021 1169/8/1020
f 1134/8/1022 1148/8/1023 1152/8/1024 1151/8/1025
f 1148/8/1023 1149/8/1026 1153/8/759 1152/8/1024
f 1149/8/1026 1150/8/1027 1154/8/1028 1153/8/759
f 1151/8/1025 1152/8/1024 1156/8/1029 1155/8/1030
f 1152/8/1024 1153/8/759 1157/8/764 1156/8/1029
f 1153/8/759 1154/8/1028 1158/8/1031 1157/8/764
f 1155/8/1030 1156/8/1029 1142/8/1014 1138/8/1013
f 1156/8/1029 1157/8/764 1146/8/1018 1142/8/1014
f 1157/8/764 1158/8/1031 1147/8/1021 1146/8/1018
f 1135/8/1032 1159/8/1033 1163/8/1034 1162/8/1035
f 1159/8/1033 1160/8/1036 1164/8/1037 1163/8/1034
f 1160/8/1036 1161/8/1019 1165/8/750 1164/8/1037
f 1162/8/1035 1163/8/1034 1167/8/1038 1166/8/1039
f 1163/8/1034 1164/8/1037 1168/8/1040 1167/8/1038
f 1164/8/1037 1165/8/750 1169/8/1020 1168/8/1040
f 1166/8/1039 1167/8/1038 1154/8/1028 1150/8/1027
f 1167/8/1038 1168/8/1040 1158/8/1031 1154/8/1028
f 1168/8/1040 1169/8/1020 1147/8/1021 1158/8/1031
f 1170/8/1041 1173/8/1042 1177/8/1043 1176/8/1044
f 1173/8/1042 1174/8/1045 1178/8/1046 1177/8/1043
f 1174/8/1045 1175/8/1047 1179/8/1048 1178/8/1046
f 1176/8/1044 1177/8/1043 1181/8/1049 1180/8/1050
f 1177/8/1043 1178/8/1046 1182/8/1051 1181/8/1049
f 1178/8/1046 1179/8/1048 1183/8/1052 1182/8/1051
f 1180/8/1050 1181/8/1049 1202/8/1053 1198/8/788
f 1181/8/1049 1182/8/1051 1206/8/1054 1202/8/1053
f 1182/8/1051 1183/8/1052 1184/8/1055 1206/8/1054
f 1171/8/1056 1185/8/792 1189/8/1057 1188/8/1058
f 1185/8/792 1186/8/1059 1190/8/1060 1189/8/1057
f 1186/8/1059 1187/8/797 1191/8/1061 1190/8/1060
f 1188/8/1058 1189/8/1057 1193/8/799 1192/8/1062
f 1189/8/1057 1190/8/1060 1194/8/1063 1193/8/799
f 1190/8/1060 1191/8/1061 1195/8/1064 1194/8/1063
f 1192/8/1062 1193/8/799 1179/8/1048 1175/8/1047
f 1193/8/799 1194/8/1063 1183/8/1052 1179/8/1048
f 1194/8/1063 1195/8/1064 1184/8/1055 1183/8/1052
f 1172/8/1065 1196/8/1066 1200/8/805 1199/8/1067
f 1196/8/1066 1197/8/807 1201/8/1068 1200/8/805
f 1197/8/807 1198/8/788 1202/8/1053 1201/8/1068
f 1199/8/1067 1200/8/805 1204/8/1069 1203/8/1070
f 1200/8/805 1201/8/1068 1205/8/1071 1204/8/1069
f 1201/8/1068 1202/8/1053 1206/8/1054 1205/8/1071
f 1203/8/1070 1204/8/1069 1191/8/1061 1187/8/797
f 1204/8/1069 1205/8/1071 1195/8/1064 1191/8/1061
f 1205/8/1071 1206/8/1054 1184/8/1055 1195/8/1064
f 1207/8/1072 1210/8/1073 1214/8/1074 1213/8/1075
f 1210/8/1073 1211/8/1076 1215/8/1077 1214/8/1074
f 1211/8/1076 1212/8/1078 1216/8/1079 1215/8/1077
f 1213/8/1075 1214/8/1074 1218/8/1080 1217/8/1081
f 1214/8/1074 1215/8/1077 1219/8/1082 1218/8/1080
f 1215/8/1077 1216/8/1079 1220/8/823 1219/8/1082
f 1217/8/1081 1218/8/1080 1239/8/824 1235/8/1083
f 1218/8/1080 1219/8/1082 1243/8/1084 1239/8/824
f 1219/8/1082 1220/8/823 1221/8/1085 1243/8/1084
f 1208/8/1086 1222/8/829 1226/8/1087 1225/8/1088
f 1222/8/829 1223/8/832 1227/8/1089 1226/8/1087
f 1223/8/832 1224/8/834 1228/8/1090 1227/8/1089
f 1225/8/1088 1226/8/1087 1230/8/836 1229/8/1091
f 1226/8/1087 1227/8/1089 1231/8/838 1230/8/836
f 1227/8/1089 1228/8/1090 1232/8/1092 1231/8/838
f 1229/8/1091 1230/8/836 1216/8/1079 1212/8/1078
f 1230/8/836 1231/8/838 1220/8/823 1216/8/1079
f 1231/8/838 1232/8/1092 1221/8/1085 1220/8/823
f 1209/8/1093 1233/8/1094 1237/8/1095 1236/8/1096
f 1233/8/1094 1234/8/1097 1238/8/845 1237/8/1095
f 1234/8/1097 1235/8/1083 1239/8/824 1238/8/845
f 1236/8/1096 1237/8/1095 1241/8/1098 1240/8/1099
f 1237/8/1095 1238/8/845 1242/8/1100 1241/8/1098
f 1238/8/845 1239/8/824 1243/8/1084 1242/8/1100
f 1240/8/1099 1241/8/1098 1228/8/1090 1224/8/834
f 1241/8/1098 1242/8/1100 1232/8/1092 1228/8/1090
f 1242/8/1100 1243/8/1084 1221/8/1085 1232/8/1092
f 1244/8/1101 1247/8/1102 1251/8/1103 1250/8/1104
f 1247/8/1102 1248/8/1105 1252/8/1106 1251/8/1103
f 1248/8/1105 1249/8/1107 1253/8/1108 1252/8/1106
f 1250/8/1104 1251/8/1103 1255/8/1109 1254/8/1110
f 1251/8/1103 1252/8/1106 1256/8/859 1255/8/1109
f 1252/8/1106 1253/8/1108 1257/8/1111 1256/8/859
f 1254/8/1110 1255/8/1109 1276/8/1112 1272/8/1113
f 1255/8/1109 1256/8/859 1280/8/1114 1276/8/1112
f 1256/8/859 1257/8/1111 1258/8/1115 1280/8/1114
f 1245/8/1116 1259/8/866 1263/8/1117 1262/8/1118
f 1259/8/866 1260/8/1119 1264/8/1120 1263/8/1117
f 1260/8/1119 1261/8/871 1265/8/1121 1264/8/1120
f 1262/8/1118 1263/8/1117 1267/8/1122 1266/8/1123
f 1263/8/1117 1264/8/1120 1268/8/1124 1267/8/1122
f 1264/8/1120 1265/8/1121 1269/8/1125 1268/8/1124
f 1266/8/1123 1267/8/1122 1253/8/1108 1249/8/1107
f 1267/8/1122 1268/8/1124 1257/8/1111 1253/8/1108
f 1268/8/1124 1269/8/1125 1258/8/1115 1257/8/1111
f 1246/8/1126 1270/8/1127 1274/8/879 1273/8/880
f 1270/8/1127 1271/8/1128 1275/8/1129 1274/8/879
f 1271/8/1128 1272/8/1113 1276/8/1112 1275/8/1129
f 1273/8/880 1274/8/879 1278/8/1130 1277/8/884
f 1274/8/879 1275/8/1129 1279/8/1131 1278/8/1130
f 1275/8/1129 1276/8/1112 1280/8/1114 1279/8/1131
f 1277/8/884 1278/8/1130 1265/8/1121 1261/8/871
f 1278/8/1130 1279/8/1131 1269/8/1125 1265/8/1121
f 1279/8/1131 1280/8/1114 1258/8/1115 1269/8/1125
f 1059/8/946 985/8/886 991/8/889 1062/8/947
f 1062/8/947 991/8/889 995/8/895 1063/8/950
f 1063/8/950 995/8/895 1013/8/897 1064/8/952
f 1064/8/952 1013/8/897 1012/8/911 1081/8/968
f 1081/8/968 1012/8/911 1011/8/908 1077/8/962
f 1077/8/962 1011/8/908 987/8/618 1060/8/680
f 986/8/899 1022/8/915 1028/8/917 1000/8/900
f 1000/8/900 1028/8/917 1032/8/636 1001/8/902
f 1001/8/902 1032/8/636 1050/8/925 1002/8/612
f 1002/8/612 1050/8/925 1049/8/941 1018/8/913
f 1018/8/913 1049/8/941 1048/8/656 1014/8/910
f 1014/8/910 1048/8/656 1024/8/655 987/8/618
f 1023/8/928 1096/8/978 1102/8/980 1037/8/644
f 1037/8/644 1102/8/980 1106/8/984 1038/8/931
f 1038/8/931 1106/8/984 1124/8/714 1039/8/933
f 1039/8/933 1124/8/714 1123/8/733 1055/8/944
f 1055/8/944 1123/8/733 1122/8/1001 1051/8/940
f 1051/8/940 1122/8/1001 1098/8/1000 1024/8/655
f 1097/8/989 1061/8/971 1088/8/695 1111/8/718
f 1111/8/718 1088/8/695 1092/8/699 1112/8/992
f 1112/8/992 1092/8/699 1076/8/965 1113/8/994
f 1113/8/994 1076/8/965 1075/8/963 1129/8/736
f 1129/8/736 1075/8/963 1074/8/960 1125/8/1003
f 1125/8/1003 1074/8/960 1060/8/680 1098/8/1000
f 1207/8/1132 1059/8/1132 1065/8/561 1210/8/560
f 1210/8/560 1065/8/561 1069/8/562 1211/8/562
f 1211/8/1133 1069/8/1133 1087/8/1133 1212/8/1133
f 1212/8/1078 1087/8/958 1086/8/974 1229/8/1091
f 1229/8/564 1086/8/564 1085/8/564 1225/8/564
f 1225/8/1088 1085/8/972 1061/8/971 1208/8/1086
f 1096/8/1134 1244/8/1135 1250/8/567 1099/8/566
f 1099/8/566 1250/8/567 1254/8/568 1100/8/568
f 1100/8/1136 1254/8/1136 1272/8/1136 1101/8/1136
f 1101/8/982 1272/8/1113 1271/8/1128 1118/8/997
f 1118/8/570 1271/8/570 1270/8/570 1114/8/570
f 1114/8/991 1270/8/1127 1246/8/1126 1097/8/989
f 1245/8/1116 1209/8/1093 1236/8/1096 1259/8/866
f 1259/8/866 1236/8/1096 1240/8/1099 1260/8/1119
f 1260/8/1119 1240/8/1099 1224/8/834 1261/8/871
f 1261/8/871 1224/8/834 1223/8/832 1277/8/884
f 1277/8/884 1223/8/832 1222/8/829 1273/8/880
f 1273/8/880 1222/8/829 1208/8/1086 1246/8/1126
f 1133/8/1007 1207/8/1072 1213/8/1075 1136/8/1008
f 1136/8/1008 1213/8/1075 1217/8/1081 1137/8/1011
f 1137/8/1011 1217/8/1081 1235/8/1083 1138/8/1013
f 1138/8/1013 1235/8/1083 1234/8/1097 1155/8/1030
f 1155/8/1030 1234/8/1097 1233/8/1094 1151/8/1025
f 1151/8/1025 1233/8/1094 1209/8/1093 1134/8/1022
f 1244/8/1101 1170/8/1041 1176/8/1044 1247/8/1102
f 1247/8/1102 1176/8/1044 1180/8/1050 1248/8/1105
f 1248/8/1105 1180/8/1050 1198/8/788 1249/8/1107
f 1249/8/1107 1198/8/788 1197/8/807 1266/8/1123
f 1266/8/1123 1197/8/807 1196/8/1066 1262/8/1118
f 1262/8/1118 1196/8/1066 1172/8/1065 1245/8/1116
f 1171/8/1056 1135/8/1032 1162/8/1035 1185/8/792
f 1185/8/792 1162/8/1035 1166/8/1039 1186/8/1059
f 1186/8/1059 1166/8/1039 1150/8/1027 1187/8/797
f 1187/8/797 1150/8/1027 1149/8/1026 1203/8/1070
f 1203/8/1070 1149/8/1026 1148/8/1023 1199/8/1067
f 1199/8/1067 1148/8/1023 1134/8/1022 1172/8/1065
f 985/8/1137 1133/8/1138 1139/8/545 988/8/544
f 988/8/544 1139/8/545 1143/8/546 989/8/546
f 989/8/1139 1143/8/1139 1161/8/1139 990/8/1139
f 990/8/892 1161/8/1140 1160/8/1140 1007/8/906
f 1007/8/549 1160/8/549 1159/8/549 1003/8/549
f 1003/8/901 1159/8/1033 1135/8/1032 986/8/899
f 1170/8/1141 1023/8/1141 1040/8/553 1173/8/552
f 1173/8/552 1040/8/553 1044/8/554 1174/8/554
f 1174/8/1142 1044/8/1142 1027/8/1142 1175/8/1142
f 1175/8/1143 1027/8/1143 1026/8/1143 1192/8/1143
f 1192/8/557 1026/8/557 1025/8/557 1188/8/557
f 1188/8/1058 1025/8/916 1022/8/915 1171/8/1056
f 1059/8/1144 1207/8/1144 1133/8/1138 985/8/1137
f 987/8/618 1024/8/655 1098/8/1000 1060/8/680
f 1135/8/1032 1171/8/1056 1022/8/915 986/8/899
f 1244/8/1135 1096/8/1134 1023/8/1145 1170/8/1145
f 1061/8/971 1097/8/989 1246/8/1126 1208/8/1086
f 1209/8/1093 1245/8/1116 1172/8/1065 1134/8/1022
