# Blender 5.1.2
# www.blender.org
mtllib ArtVan_Face.mtl
o ArtVan_Face
v 3.125000 0.665000 1.070000
v 3.100000 0.665000 1.045000
v 3.125000 0.640000 1.045000
v 3.112517 0.665000 1.066660
v 3.125000 0.652516 1.066660
v 3.113045 0.653045 1.063416
v 3.103340 0.652516 1.045000
v 3.103340 0.665000 1.057484
v 3.106584 0.653045 1.056955
v 3.125000 0.643340 1.057484
v 3.112517 0.643340 1.045000
v 3.113045 0.646584 1.056955
v 3.125000 0.640000 -1.045000
v 3.100000 0.665000 -1.045000
v 3.125000 0.665000 -1.070000
v 3.112517 0.643340 -1.045000
v 3.125000 0.643340 -1.057484
v 3.113045 0.646584 -1.056955
v 3.103340 0.665000 -1.057484
v 3.103340 0.652516 -1.045000
v 3.106584 0.653045 -1.056955
v 3.125000 0.652516 -1.066660
v 3.112517 0.665000 -1.066660
v 3.113045 0.653045 -1.063416
v 3.125000 1.285000 -1.070000
v 3.100000 1.299645 -1.045000
v 3.125000 1.327678 -1.052322
v 3.112742 1.289674 -1.066299
v 3.125000 1.299796 -1.067409
v 3.113120 1.301831 -1.064702
v 3.103701 1.311618 -1.050363
v 3.103701 1.294970 -1.057258
v 3.106477 1.305564 -1.059292
v 3.125000 1.315383 -1.060952
v 3.112741 1.321755 -1.053010
v 3.113120 1.312030 -1.060477
v 3.125000 1.352322 -1.027678
v 3.100000 1.345000 -0.999645
v 3.125000 1.370000 -0.985000
v 3.112742 1.353011 -1.021755
v 3.125000 1.360952 -1.015383
v 3.113120 1.360477 -1.012030
v 3.103701 1.357258 -0.994970
v 3.103701 1.350363 -1.011618
v 3.106477 1.359292 -1.005564
v 3.125000 1.367409 -0.999796
v 3.112741 1.366299 -0.989674
v 3.113120 1.364702 -1.001831
v 3.125000 1.370000 0.985000
v 3.100000 1.345000 0.999645
v 3.125000 1.352322 1.027678
v 3.112741 1.366299 0.989674
v 3.125000 1.367409 0.999796
v 3.113120 1.364702 1.001831
v 3.103701 1.350363 1.011618
v 3.103701 1.357258 0.994970
v 3.106478 1.359292 1.005565
v 3.125000 1.360952 1.015383
v 3.112741 1.353010 1.021755
v 3.113120 1.360477 1.012030
v 3.125000 1.285000 1.070000
v 3.125000 1.327678 1.052322
v 3.100000 1.299645 1.045000
v 3.125000 1.299796 1.067409
v 3.112741 1.289674 1.066299
v 3.113120 1.301831 1.064702
v 3.112742 1.321755 1.053011
v 3.125000 1.315383 1.060952
v 3.113120 1.312030 1.060477
v 3.103701 1.294970 1.057258
v 3.103701 1.311618 1.050363
v 3.106477 1.305564 1.059292
v 3.295000 0.640000 1.045000
v 3.320000 0.665000 1.045000
v 3.295000 0.665000 1.070000
v 3.307484 0.643340 1.045000
v 3.295000 0.643340 1.057484
v 3.306955 0.646584 1.056955
v 3.316660 0.665000 1.057484
v 3.316660 0.652516 1.045000
v 3.313416 0.653045 1.056955
v 3.295000 0.652516 1.066660
v 3.307484 0.665000 1.066660
v 3.306955 0.653045 1.063416
v 3.295000 0.640000 -1.045000
v 3.295000 0.665000 -1.070000
v 3.320000 0.665000 -1.045000
v 3.295000 0.643340 -1.057484
v 3.307484 0.643340 -1.045000
v 3.306955 0.646584 -1.056955
v 3.307484 0.665000 -1.066660
v 3.295000 0.652516 -1.066660
v 3.306955 0.653045 -1.063416
v 3.316660 0.652516 -1.045000
v 3.316660 0.665000 -1.057484
v 3.313416 0.653045 -1.056955
v 3.295000 1.285000 -1.070000
v 3.295000 1.327678 -1.052322
v 3.320000 1.299645 -1.045000
v 3.295000 1.299796 -1.067409
v 3.307258 1.289674 -1.066299
v 3.306880 1.301831 -1.064702
v 3.307258 1.321755 -1.053011
v 3.295000 1.315383 -1.060952
v 3.306880 1.312030 -1.060477
v 3.316298 1.294970 -1.057258
v 3.316299 1.311618 -1.050363
v 3.313522 1.305564 -1.059292
v 3.295000 1.352322 -1.027678
v 3.295000 1.370000 -0.985000
v 3.320000 1.345000 -0.999645
v 3.295000 1.360952 -1.015383
v 3.307258 1.353010 -1.021755
v 3.306881 1.360477 -1.012030
v 3.307258 1.366299 -0.989674
v 3.295000 1.367409 -0.999796
v 3.306880 1.364702 -1.001831
v 3.316299 1.350363 -1.011618
v 3.316299 1.357258 -0.994970
v 3.313522 1.359292 -1.005565
v 3.295000 1.370000 0.985000
v 3.295000 1.352322 1.027678
v 3.320000 1.345000 0.999645
v 3.295000 1.367409 0.999796
v 3.307258 1.366299 0.989674
v 3.306880 1.364702 1.001831
v 3.307258 1.353011 1.021755
v 3.295000 1.360952 1.015383
v 3.306880 1.360477 1.012030
v 3.316298 1.357258 0.994970
v 3.316299 1.350363 1.011618
v 3.313522 1.359292 1.005564
v 3.295000 1.327678 1.052322
v 3.295000 1.285000 1.070000
v 3.320000 1.299645 1.045000
v 3.295000 1.315383 1.060952
v 3.307258 1.321755 1.053010
v 3.306880 1.312030 1.060477
v 3.307258 1.289674 1.066299
v 3.295000 1.299796 1.067409
v 3.306880 1.301831 1.064702
v 3.316299 1.311618 1.050363
v 3.316299 1.294970 1.057258
v 3.313522 1.305564 1.059292
v 2.850000 1.350000 1.030000
v 2.870000 1.330000 1.030000
v 2.870000 1.350000 1.050000
v 2.852672 1.340013 1.030000
v 2.852672 1.350000 1.039987
v 2.855268 1.340436 1.039564
v 2.870000 1.332672 1.039987
v 2.860013 1.332672 1.030000
v 2.860436 1.335268 1.039564
v 2.860013 1.350000 1.047328
v 2.870000 1.340013 1.047328
v 2.860436 1.340436 1.044733
v 3.300000 1.330000 1.030000
v 3.333016 1.345185 1.030000
v 3.310801 1.350000 1.050000
v 3.312131 1.331148 1.030000
v 3.301038 1.333552 1.039987
v 3.312701 1.334633 1.039564
v 3.329643 1.346709 1.039987
v 3.324250 1.336722 1.030000
v 3.321233 1.338557 1.039564
v 3.305003 1.340894 1.047328
v 3.321489 1.348476 1.047328
v 3.315492 1.339802 1.044733
v 3.336984 1.349815 1.030000
v 3.333231 1.375900 1.030000
v 3.319953 1.360677 1.050000
v 3.341291 1.358860 1.030000
v 3.334661 1.351259 1.039987
v 3.338757 1.359942 1.039564
v 3.331409 1.373859 1.039987
v 3.339913 1.368435 1.030000
v 3.337787 1.366683 1.039564
v 3.328409 1.355246 1.047328
v 3.326535 1.368271 1.047328
v 3.334356 1.362749 1.044733
v 3.250000 1.430000 1.030000
v 3.243396 1.410439 1.050000
v 3.249115 1.427379 1.040000
v 3.246698 1.420220 1.047320
v 2.850000 1.440000 1.030000
v 2.870000 1.438444 1.050000
v 2.869944 1.458504 1.030000
v 2.852682 1.439781 1.039987
v 2.852654 1.449798 1.030000
v 2.855260 1.449162 1.039564
v 2.869982 1.448450 1.047328
v 2.860023 1.439210 1.047328
v 2.860428 1.448760 1.044733
v 2.859975 1.456590 1.030000
v 2.869962 1.455813 1.039987
v 2.860414 1.453944 1.039564
v 2.870000 1.330000 -1.030000
v 2.850000 1.350000 -1.030000
v 2.870000 1.350000 -1.050000
v 2.860013 1.332672 -1.030000
v 2.870000 1.332672 -1.039987
v 2.860436 1.335268 -1.039564
v 2.852672 1.350000 -1.039987
v 2.852672 1.340013 -1.030000
v 2.855268 1.340436 -1.039564
v 2.870000 1.340013 -1.047328
v 2.860013 1.350000 -1.047328
v 2.860436 1.340436 -1.044733
v 3.300000 1.330000 -1.030000
v 3.310801 1.350000 -1.050000
v 3.333016 1.345185 -1.030000
v 3.301038 1.333552 -1.039987
v 3.312131 1.331148 -1.030000
v 3.312701 1.334633 -1.039564
v 3.321489 1.348476 -1.047328
v 3.305003 1.340894 -1.047328
v 3.315492 1.339802 -1.044733
v 3.324250 1.336722 -1.030000
v 3.329643 1.346709 -1.039987
v 3.321233 1.338557 -1.039564
v 3.336984 1.349815 -1.030000
v 3.319953 1.360677 -1.050000
v 3.333231 1.375900 -1.030000
v 3.334661 1.351259 -1.039987
v 3.341291 1.358860 -1.030000
v 3.338757 1.359942 -1.039564
v 3.326535 1.368271 -1.047328
v 3.328409 1.355246 -1.047328
v 3.334356 1.362749 -1.044733
v 3.339913 1.368435 -1.030000
v 3.331409 1.373859 -1.039987
v 3.337787 1.366683 -1.039564
v 3.243396 1.410439 -1.050000
v 3.250000 1.430000 -1.030000
v 3.246698 1.420220 -1.047320
v 3.249115 1.427379 -1.040000
v 2.869944 1.458504 -1.030000
v 2.870000 1.438444 -1.050000
v 2.850000 1.440000 -1.030000
v 2.869961 1.455813 -1.039987
v 2.859974 1.456590 -1.030000
v 2.860414 1.453944 -1.039564
v 2.860023 1.439210 -1.047328
v 2.869982 1.448450 -1.047328
v 2.860428 1.448760 -1.044733
v 2.852654 1.449798 -1.030000
v 2.852682 1.439781 -1.039987
v 2.855259 1.449162 -1.039564
v 3.320000 0.910000 1.030000
v 3.310000 0.910000 1.020000
v 3.320000 0.900000 1.020000
v 3.315006 0.910000 1.028664
v 3.320000 0.905006 1.028664
v 3.315218 0.905218 1.027366
v 3.311336 0.905006 1.020000
v 3.311336 0.910000 1.024993
v 3.312634 0.905218 1.024782
v 3.320000 0.901336 1.024993
v 3.315006 0.901336 1.020000
v 3.315218 0.902634 1.024782
v 3.320000 0.900000 -1.020000
v 3.310000 0.910000 -1.020000
v 3.320000 0.910000 -1.030000
v 3.315006 0.901336 -1.020000
v 3.320000 0.901336 -1.024993
v 3.315218 0.902634 -1.024782
v 3.311336 0.910000 -1.024993
v 3.311336 0.905006 -1.020000
v 3.312634 0.905218 -1.024782
v 3.320000 0.905006 -1.028664
v 3.315006 0.910000 -1.028664
v 3.315218 0.905218 -1.027366
v 3.320000 1.270000 -1.030000
v 3.310000 1.270000 -1.020000
v 3.320000 1.280000 -1.020000
v 3.315006 1.270000 -1.028664
v 3.320000 1.274993 -1.028664
v 3.315218 1.274782 -1.027366
v 3.311336 1.274993 -1.020000
v 3.311336 1.270000 -1.024993
v 3.312634 1.274782 -1.024782
v 3.320000 1.278664 -1.024993
v 3.315006 1.278664 -1.020000
v 3.315218 1.277366 -1.024782
v 3.320000 1.270000 1.030000
v 3.320000 1.280000 1.020000
v 3.310000 1.270000 1.020000
v 3.320000 1.274993 1.028664
v 3.315006 1.270000 1.028664
v 3.315218 1.274782 1.027366
v 3.315006 1.278664 1.020000
v 3.320000 1.278664 1.024993
v 3.315218 1.277366 1.024782
v 3.311336 1.270000 1.024993
v 3.311336 1.274993 1.020000
v 3.312634 1.274782 1.024782
v 3.322000 0.900000 1.020000
v 3.332000 0.910000 1.020000
v 3.322000 0.910000 1.030000
v 3.326993 0.901336 1.020000
v 3.322000 0.901336 1.024993
v 3.326782 0.902634 1.024782
v 3.330664 0.910000 1.024993
v 3.330664 0.905006 1.020000
v 3.329366 0.905218 1.024782
v 3.322000 0.905006 1.028664
v 3.326993 0.910000 1.028664
v 3.326782 0.905218 1.027366
v 3.322000 0.900000 -1.020000
v 3.322000 0.910000 -1.030000
v 3.332000 0.910000 -1.020000
v 3.322000 0.901336 -1.024993
v 3.326993 0.901336 -1.020000
v 3.326782 0.902634 -1.024782
v 3.326993 0.910000 -1.028664
v 3.322000 0.905006 -1.028664
v 3.326782 0.905218 -1.027366
v 3.330664 0.905006 -1.020000
v 3.330664 0.910000 -1.024993
v 3.329366 0.905218 -1.024782
v 3.322000 1.270000 -1.030000
v 3.322000 1.280000 -1.020000
v 3.332000 1.270000 -1.020000
v 3.322000 1.274993 -1.028664
v 3.326993 1.270000 -1.028664
v 3.326782 1.274782 -1.027366
v 3.326993 1.278664 -1.020000
v 3.322000 1.278664 -1.024993
v 3.326782 1.277366 -1.024782
v 3.330664 1.270000 -1.024993
v 3.330664 1.274993 -1.020000
v 3.329366 1.274782 -1.024782
v 3.322000 1.280000 1.020000
v 3.322000 1.270000 1.030000
v 3.332000 1.270000 1.020000
v 3.322000 1.278664 1.024993
v 3.326993 1.278664 1.020000
v 3.326782 1.277366 1.024782
v 3.326993 1.270000 1.028664
v 3.322000 1.274993 1.028664
v 3.326782 1.274782 1.027366
v 3.330664 1.274993 1.020000
v 3.330664 1.270000 1.024993
v 3.329366 1.274782 1.024782
v 3.332000 1.227000 -0.620000
v 3.330000 1.227000 -0.622000
v 3.332000 1.225000 -0.622000
v 3.331001 1.227000 -0.620267
v 3.332000 1.226001 -0.620267
v 3.331043 1.226044 -0.620527
v 3.330267 1.226001 -0.622000
v 3.330267 1.227000 -0.621001
v 3.330526 1.226044 -0.621044
v 3.332000 1.225267 -0.621001
v 3.331001 1.225267 -0.622000
v 3.331043 1.225527 -0.621044
v 3.332000 1.225000 -0.998000
v 3.330000 1.227000 -0.998000
v 3.332000 1.227000 -1.000000
v 3.331001 1.225267 -0.998000
v 3.332000 1.225267 -0.998999
v 3.331043 1.225527 -0.998956
v 3.330267 1.227000 -0.998999
v 3.330267 1.226001 -0.998000
v 3.330526 1.226044 -0.998956
v 3.332000 1.226001 -0.999733
v 3.331001 1.227000 -0.999733
v 3.331043 1.226044 -0.999473
v 3.332000 1.243000 -1.000000
v 3.330000 1.243000 -0.998000
v 3.332000 1.245000 -0.998000
v 3.331001 1.243000 -0.999733
v 3.332000 1.243999 -0.999733
v 3.331043 1.243956 -0.999473
v 3.330267 1.243999 -0.998000
v 3.330267 1.243000 -0.998999
v 3.330526 1.243956 -0.998956
v 3.332000 1.244733 -0.998999
v 3.331001 1.244733 -0.998000
v 3.331043 1.244473 -0.998956
v 3.332000 1.243000 -0.620000
v 3.332000 1.245000 -0.622000
v 3.330000 1.243000 -0.622000
v 3.332000 1.243999 -0.620267
v 3.331001 1.243000 -0.620267
v 3.331043 1.243956 -0.620527
v 3.331001 1.244733 -0.622000
v 3.332000 1.244733 -0.621001
v 3.331043 1.244473 -0.621044
v 3.330267 1.243000 -0.621001
v 3.330267 1.243999 -0.622000
v 3.330526 1.243956 -0.621044
v 3.334000 1.225000 -0.622000
v 3.336000 1.227000 -0.622000
v 3.334000 1.227000 -0.620000
v 3.334999 1.225267 -0.622000
v 3.334000 1.225267 -0.621001
v 3.334956 1.225527 -0.621044
v 3.335733 1.227000 -0.621001
v 3.335733 1.226001 -0.622000
v 3.335473 1.226044 -0.621044
v 3.334000 1.226001 -0.620267
v 3.334999 1.227000 -0.620267
v 3.334956 1.226044 -0.620527
v 3.334000 1.225000 -0.998000
v 3.334000 1.227000 -1.000000
v 3.336000 1.227000 -0.998000
v 3.334000 1.225267 -0.998999
v 3.334999 1.225267 -0.998000
v 3.334956 1.225527 -0.998956
v 3.334999 1.227000 -0.999733
v 3.334000 1.226001 -0.999733
v 3.334956 1.226044 -0.999473
v 3.335733 1.226001 -0.998000
v 3.335733 1.227000 -0.998999
v 3.335473 1.226044 -0.998956
v 3.334000 1.243000 -1.000000
v 3.334000 1.245000 -0.998000
v 3.336000 1.243000 -0.998000
v 3.334000 1.243999 -0.999733
v 3.334999 1.243000 -0.999733
v 3.334956 1.243956 -0.999473
v 3.334999 1.244733 -0.998000
v 3.334000 1.244733 -0.998999
v 3.334956 1.244473 -0.998956
v 3.335733 1.243000 -0.998999
v 3.335733 1.243999 -0.998000
v 3.335473 1.243956 -0.998956
v 3.334000 1.245000 -0.622000
v 3.334000 1.243000 -0.620000
v 3.336000 1.243000 -0.622000
v 3.334000 1.244733 -0.621001
v 3.334999 1.244733 -0.622000
v 3.334956 1.244473 -0.621044
v 3.334999 1.243000 -0.620267
v 3.334000 1.243999 -0.620267
v 3.334956 1.243956 -0.620527
v 3.335733 1.243999 -0.622000
v 3.335733 1.243000 -0.621001
v 3.335473 1.243956 -0.621044
v 3.332000 1.227000 1.000000
v 3.330000 1.227000 0.998000
v 3.332000 1.225000 0.998000
v 3.331001 1.227000 0.999733
v 3.332000 1.226001 0.999733
v 3.331043 1.226044 0.999473
v 3.330267 1.226001 0.998000
v 3.330267 1.227000 0.998999
v 3.330526 1.226044 0.998956
v 3.332000 1.225267 0.998999
v 3.331001 1.225267 0.998000
v 3.331043 1.225527 0.998956
v 3.332000 1.225000 0.622000
v 3.330000 1.227000 0.622000
v 3.332000 1.227000 0.620000
v 3.331001 1.225267 0.622000
v 3.332000 1.225267 0.621001
v 3.331043 1.225527 0.621044
v 3.330267 1.227000 0.621001
v 3.330267 1.226001 0.622000
v 3.330526 1.226044 0.621044
v 3.332000 1.226001 0.620267
v 3.331001 1.227000 0.620267
v 3.331043 1.226044 0.620527
v 3.332000 1.243000 0.620000
v 3.330000 1.243000 0.622000
v 3.332000 1.245000 0.622000
v 3.331001 1.243000 0.620267
v 3.332000 1.243999 0.620267
v 3.331043 1.243956 0.620527
v 3.330267 1.243999 0.622000
v 3.330267 1.243000 0.621001
v 3.330526 1.243956 0.621044
v 3.332000 1.244733 0.621001
v 3.331001 1.244733 0.622000
v 3.331043 1.244473 0.621044
v 3.332000 1.243000 1.000000
v 3.332000 1.245000 0.998000
v 3.330000 1.243000 0.998000
v 3.332000 1.243999 0.999733
v 3.331001 1.243000 0.999733
v 3.331043 1.243956 0.999473
v 3.331001 1.244733 0.998000
v 3.332000 1.244733 0.998999
v 3.331043 1.244473 0.998956
v 3.330267 1.243000 0.998999
v 3.330267 1.243999 0.998000
v 3.330526 1.243956 0.998956
v 3.334000 1.225000 0.998000
v 3.336000 1.227000 0.998000
v 3.334000 1.227000 1.000000
v 3.334999 1.225267 0.998000
v 3.334000 1.225267 0.998999
v 3.334956 1.225527 0.998956
v 3.335733 1.227000 0.998999
v 3.335733 1.226001 0.998000
v 3.335473 1.226044 0.998956
v 3.334000 1.226001 0.999733
v 3.334999 1.227000 0.999733
v 3.334956 1.226044 0.999473
v 3.334000 1.225000 0.622000
v 3.334000 1.227000 0.620000
v 3.336000 1.227000 0.622000
v 3.334000 1.225267 0.621001
v 3.334999 1.225267 0.622000
v 3.334956 1.225527 0.621044
v 3.334999 1.227000 0.620267
v 3.334000 1.226001 0.620267
v 3.334956 1.226044 0.620527
v 3.335733 1.226001 0.622000
v 3.335733 1.227000 0.621001
v 3.335473 1.226044 0.621044
v 3.334000 1.243000 0.620000
v 3.334000 1.245000 0.622000
v 3.336000 1.243000 0.622000
v 3.334000 1.243999 0.620267
v 3.334999 1.243000 0.620267
v 3.334956 1.243956 0.620527
v 3.334999 1.244733 0.622000
v 3.334000 1.244733 0.621001
v 3.334956 1.244473 0.621044
v 3.335733 1.243000 0.621001
v 3.335733 1.243999 0.622000
v 3.335473 1.243956 0.621044
v 3.334000 1.245000 0.998000
v 3.334000 1.243000 1.000000
v 3.336000 1.243000 0.998000
v 3.334000 1.244733 0.998999
v 3.334999 1.244733 0.998000
v 3.334956 1.244473 0.998956
v 3.334999 1.243000 0.999733
v 3.334000 1.243999 0.999733
v 3.334956 1.243956 0.999473
v 3.335733 1.243999 0.998000
v 3.335733 1.243000 0.998999
v 3.335473 1.243956 0.998956
v 3.332000 0.962000 0.520000
v 3.330000 0.962000 0.518000
v 3.332000 0.960000 0.518000
v 3.331001 0.962000 0.519733
v 3.332000 0.961001 0.519733
v 3.331043 0.961043 0.519473
v 3.330267 0.961001 0.518000
v 3.330267 0.962000 0.518999
v 3.330526 0.961043 0.518956
v 3.332000 0.960267 0.518999
v 3.331001 0.960267 0.518000
v 3.331043 0.960527 0.518956
v 3.332000 0.960000 -0.518000
v 3.330000 0.962000 -0.518000
v 3.332000 0.962000 -0.520000
v 3.331001 0.960267 -0.518000
v 3.332000 0.960267 -0.518999
v 3.331043 0.960527 -0.518956
v 3.330267 0.962000 -0.518999
v 3.330267 0.961001 -0.518000
v 3.330526 0.961043 -0.518956
v 3.332000 0.961001 -0.519733
v 3.331001 0.962000 -0.519733
v 3.331043 0.961043 -0.519473
v 3.332000 0.968000 -0.520000
v 3.330000 0.968000 -0.518000
v 3.332000 0.970000 -0.518000
v 3.331001 0.968000 -0.519733
v 3.332000 0.968999 -0.519733
v 3.331043 0.968956 -0.519473
v 3.330267 0.968999 -0.518000
v 3.330267 0.968000 -0.518999
v 3.330526 0.968956 -0.518956
v 3.332000 0.969733 -0.518999
v 3.331001 0.969733 -0.518000
v 3.331043 0.969473 -0.518956
v 3.332000 0.968000 0.520000
v 3.332000 0.970000 0.518000
v 3.330000 0.968000 0.518000
v 3.332000 0.968999 0.519733
v 3.331001 0.968000 0.519733
v 3.331043 0.968956 0.519473
v 3.331001 0.969733 0.518000
v 3.332000 0.969733 0.518999
v 3.331043 0.969473 0.518956
v 3.330267 0.968000 0.518999
v 3.330267 0.968999 0.518000
v 3.330526 0.968956 0.518956
v 3.334000 0.960000 0.518000
v 3.336000 0.962000 0.518000
v 3.334000 0.962000 0.520000
v 3.334999 0.960267 0.518000
v 3.334000 0.960267 0.518999
v 3.334956 0.960527 0.518956
v 3.335733 0.962000 0.518999
v 3.335733 0.961001 0.518000
v 3.335473 0.961043 0.518956
v 3.334000 0.961001 0.519733
v 3.334999 0.962000 0.519733
v 3.334956 0.961043 0.519473
v 3.334000 0.960000 -0.518000
v 3.334000 0.962000 -0.520000
v 3.336000 0.962000 -0.518000
v 3.334000 0.960267 -0.518999
v 3.334999 0.960267 -0.518000
v 3.334956 0.960527 -0.518956
v 3.334999 0.962000 -0.519733
v 3.334000 0.961001 -0.519733
v 3.334956 0.961043 -0.519473
v 3.335733 0.961001 -0.518000
v 3.335733 0.962000 -0.518999
v 3.335473 0.961043 -0.518956
v 3.334000 0.968000 -0.520000
v 3.334000 0.970000 -0.518000
v 3.336000 0.968000 -0.518000
v 3.334000 0.968999 -0.519733
v 3.334999 0.968000 -0.519733
v 3.334956 0.968956 -0.519473
v 3.334999 0.969733 -0.518000
v 3.334000 0.969733 -0.518999
v 3.334956 0.969473 -0.518956
v 3.335733 0.968000 -0.518999
v 3.335733 0.968999 -0.518000
v 3.335473 0.968956 -0.518956
v 3.334000 0.970000 0.518000
v 3.334000 0.968000 0.520000
v 3.336000 0.968000 0.518000
v 3.334000 0.969733 0.518999
v 3.334999 0.969733 0.518000
v 3.334956 0.969473 0.518956
v 3.334999 0.968000 0.519733
v 3.334000 0.968999 0.519733
v 3.334956 0.968956 0.519473
v 3.335733 0.968999 0.518000
v 3.335733 0.968000 0.518999
v 3.335473 0.968956 0.518956
v 3.332000 1.007000 0.520000
v 3.330000 1.007000 0.518000
v 3.332000 1.005000 0.518000
v 3.331001 1.007000 0.519733
v 3.332000 1.006001 0.519733
v 3.331043 1.006044 0.519473
v 3.330267 1.006001 0.518000
v 3.330267 1.007000 0.518999
v 3.330526 1.006044 0.518956
v 3.332000 1.005267 0.518999
v 3.331001 1.005267 0.518000
v 3.331043 1.005527 0.518956
v 3.332000 1.005000 -0.518000
v 3.330000 1.007000 -0.518000
v 3.332000 1.007000 -0.520000
v 3.331001 1.005267 -0.518000
v 3.332000 1.005267 -0.518999
v 3.331043 1.005527 -0.518956
v 3.330267 1.007000 -0.518999
v 3.330267 1.006001 -0.518000
v 3.330526 1.006044 -0.518956
v 3.332000 1.006001 -0.519733
v 3.331001 1.007000 -0.519733
v 3.331043 1.006044 -0.519473
v 3.332000 1.013000 -0.520000
v 3.330000 1.013000 -0.518000
v 3.332000 1.015000 -0.518000
v 3.331001 1.013000 -0.519733
v 3.332000 1.013999 -0.519733
v 3.331043 1.013956 -0.519473
v 3.330267 1.013999 -0.518000
v 3.330267 1.013000 -0.518999
v 3.330526 1.013956 -0.518956
v 3.332000 1.014733 -0.518999
v 3.331001 1.014733 -0.518000
v 3.331043 1.014473 -0.518956
v 3.332000 1.013000 0.520000
v 3.332000 1.015000 0.518000
v 3.330000 1.013000 0.518000
v 3.332000 1.013999 0.519733
v 3.331001 1.013000 0.519733
v 3.331043 1.013956 0.519473
v 3.331001 1.014733 0.518000
v 3.332000 1.014733 0.518999
v 3.331043 1.014473 0.518956
v 3.330267 1.013000 0.518999
v 3.330267 1.013999 0.518000
v 3.330526 1.013956 0.518956
v 3.334000 1.005000 0.518000
v 3.336000 1.007000 0.518000
v 3.334000 1.007000 0.520000
v 3.334999 1.005267 0.518000
v 3.334000 1.005267 0.518999
v 3.334956 1.005527 0.518956
v 3.335733 1.007000 0.518999
v 3.335733 1.006001 0.518000
v 3.335473 1.006044 0.518956
v 3.334000 1.006001 0.519733
v 3.334999 1.007000 0.519733
v 3.334956 1.006044 0.519473
v 3.334000 1.005000 -0.518000
v 3.334000 1.007000 -0.520000
v 3.336000 1.007000 -0.518000
v 3.334000 1.005267 -0.518999
v 3.334999 1.005267 -0.518000
v 3.334956 1.005527 -0.518956
v 3.334999 1.007000 -0.519733
v 3.334000 1.006001 -0.519733
v 3.334956 1.006044 -0.519473
v 3.335733 1.006001 -0.518000
v 3.335733 1.007000 -0.518999
v 3.335473 1.006044 -0.518956
v 3.334000 1.013000 -0.520000
v 3.334000 1.015000 -0.518000
v 3.336000 1.013000 -0.518000
v 3.334000 1.013999 -0.519733
v 3.334999 1.013000 -0.519733
v 3.334956 1.013956 -0.519473
v 3.334999 1.014733 -0.518000
v 3.334000 1.014733 -0.518999
v 3.334956 1.014473 -0.518956
v 3.335733 1.013000 -0.518999
v 3.335733 1.013999 -0.518000
v 3.335473 1.013956 -0.518956
v 3.334000 1.015000 0.518000
v 3.334000 1.013000 0.520000
v 3.336000 1.013000 0.518000
v 3.334000 1.014733 0.518999
v 3.334999 1.014733 0.518000
v 3.334956 1.014473 0.518956
v 3.334999 1.013000 0.519733
v 3.334000 1.013999 0.519733
v 3.334956 1.013956 0.519473
v 3.335733 1.013999 0.518000
v 3.335733 1.013000 0.518999
v 3.335473 1.013956 0.518956
v 3.332000 1.052000 0.520000
v 3.330000 1.052000 0.518000
v 3.332000 1.050000 0.518000
v 3.331001 1.052000 0.519733
v 3.332000 1.051001 0.519733
v 3.331043 1.051044 0.519473
v 3.330267 1.051001 0.518000
v 3.330267 1.052000 0.518999
v 3.330526 1.051044 0.518956
v 3.332000 1.050267 0.518999
v 3.331001 1.050267 0.518000
v 3.331043 1.050527 0.518956
v 3.332000 1.050000 -0.518000
v 3.330000 1.052000 -0.518000
v 3.332000 1.052000 -0.520000
v 3.331001 1.050267 -0.518000
v 3.332000 1.050267 -0.518999
v 3.331043 1.050527 -0.518956
v 3.330267 1.052000 -0.518999
v 3.330267 1.051001 -0.518000
v 3.330526 1.051044 -0.518956
v 3.332000 1.051001 -0.519733
v 3.331001 1.052000 -0.519733
v 3.331043 1.051044 -0.519473
v 3.332000 1.058000 -0.520000
v 3.330000 1.058000 -0.518000
v 3.332000 1.060000 -0.518000
v 3.331001 1.058000 -0.519733
v 3.332000 1.058999 -0.519733
v 3.331043 1.058956 -0.519473
v 3.330267 1.058999 -0.518000
v 3.330267 1.058000 -0.518999
v 3.330526 1.058956 -0.518956
v 3.332000 1.059733 -0.518999
v 3.331001 1.059733 -0.518000
v 3.331043 1.059473 -0.518956
v 3.332000 1.058000 0.520000
v 3.332000 1.060000 0.518000
v 3.330000 1.058000 0.518000
v 3.332000 1.058999 0.519733
v 3.331001 1.058000 0.519733
v 3.331043 1.058957 0.519473
v 3.331001 1.059733 0.518000
v 3.332000 1.059733 0.518999
v 3.331043 1.059473 0.518956
v 3.330267 1.058000 0.518999
v 3.330267 1.058999 0.518000
v 3.330526 1.058957 0.518956
v 3.334000 1.050000 0.518000
v 3.336000 1.052000 0.518000
v 3.334000 1.052000 0.520000
v 3.334999 1.050267 0.518000
v 3.334000 1.050267 0.518999
v 3.334956 1.050527 0.518956
v 3.335733 1.052000 0.518999
v 3.335733 1.051001 0.518000
v 3.335473 1.051044 0.518956
v 3.334000 1.051001 0.519733
v 3.334999 1.052000 0.519733
v 3.334956 1.051044 0.519473
v 3.334000 1.050000 -0.518000
v 3.334000 1.052000 -0.520000
v 3.336000 1.052000 -0.518000
v 3.334000 1.050267 -0.518999
v 3.334999 1.050267 -0.518000
v 3.334956 1.050527 -0.518956
v 3.334999 1.052000 -0.519733
v 3.334000 1.051001 -0.519733
v 3.334956 1.051044 -0.519473
v 3.335733 1.051001 -0.518000
v 3.335733 1.052000 -0.518999
v 3.335473 1.051044 -0.518956
v 3.334000 1.058000 -0.520000
v 3.334000 1.060000 -0.518000
v 3.336000 1.058000 -0.518000
v 3.334000 1.058999 -0.519733
v 3.334999 1.058000 -0.519733
v 3.334956 1.058957 -0.519473
v 3.334999 1.059733 -0.518000
v 3.334000 1.059733 -0.518999
v 3.334956 1.059473 -0.518956
v 3.335733 1.058000 -0.518999
v 3.335733 1.058999 -0.518000
v 3.335473 1.058957 -0.518956
v 3.334000 1.060000 0.518000
v 3.334000 1.058000 0.520000
v 3.336000 1.058000 0.518000
v 3.334000 1.059733 0.518999
v 3.334999 1.059733 0.518000
v 3.334956 1.059473 0.518956
v 3.334999 1.058000 0.519733
v 3.334000 1.058999 0.519733
v 3.334956 1.058957 0.519473
v 3.335733 1.058999 0.518000
v 3.335733 1.058000 0.518999
v 3.335473 1.058957 0.518956
v 3.332000 1.097000 0.520000
v 3.330000 1.097000 0.518000
v 3.332000 1.095000 0.518000
v 3.331001 1.097000 0.519733
v 3.332000 1.096001 0.519733
v 3.331043 1.096044 0.519473
v 3.330267 1.096001 0.518000
v 3.330267 1.097000 0.518999
v 3.330526 1.096044 0.518956
v 3.332000 1.095267 0.518999
v 3.331001 1.095267 0.518000
v 3.331043 1.095527 0.518956
v 3.332000 1.095000 -0.518000
v 3.330000 1.097000 -0.518000
v 3.332000 1.097000 -0.520000
v 3.331001 1.095267 -0.518000
v 3.332000 1.095267 -0.518999
v 3.331043 1.095527 -0.518956
v 3.330267 1.097000 -0.518999
v 3.330267 1.096001 -0.518000
v 3.330526 1.096044 -0.518956
v 3.332000 1.096001 -0.519733
v 3.331001 1.097000 -0.519733
v 3.331043 1.096044 -0.519473
v 3.332000 1.103000 -0.520000
v 3.330000 1.103000 -0.518000
v 3.332000 1.105000 -0.518000
v 3.331001 1.103000 -0.519733
v 3.332000 1.103999 -0.519733
v 3.331043 1.103956 -0.519473
v 3.330267 1.103999 -0.518000
v 3.330267 1.103000 -0.518999
v 3.330526 1.103956 -0.518956
v 3.332000 1.104733 -0.518999
v 3.331001 1.104733 -0.518000
v 3.331043 1.104473 -0.518956
v 3.332000 1.103000 0.520000
v 3.332000 1.105000 0.518000
v 3.330000 1.103000 0.518000
v 3.332000 1.103999 0.519733
v 3.331001 1.103000 0.519733
v 3.331043 1.103957 0.519473
v 3.331001 1.104733 0.518000
v 3.332000 1.104733 0.518999
v 3.331043 1.104473 0.518956
v 3.330267 1.103000 0.518999
v 3.330267 1.103999 0.518000
v 3.330526 1.103957 0.518956
v 3.334000 1.095000 0.518000
v 3.336000 1.097000 0.518000
v 3.334000 1.097000 0.520000
v 3.334999 1.095267 0.518000
v 3.334000 1.095267 0.518999
v 3.334956 1.095527 0.518956
v 3.335733 1.097000 0.518999
v 3.335733 1.096001 0.518000
v 3.335473 1.096044 0.518956
v 3.334000 1.096001 0.519733
v 3.334999 1.097000 0.519733
v 3.334956 1.096044 0.519473
v 3.334000 1.095000 -0.518000
v 3.334000 1.097000 -0.520000
v 3.336000 1.097000 -0.518000
v 3.334000 1.095267 -0.518999
v 3.334999 1.095267 -0.518000
v 3.334956 1.095527 -0.518956
v 3.334999 1.097000 -0.519733
v 3.334000 1.096001 -0.519733
v 3.334956 1.096044 -0.519473
v 3.335733 1.096001 -0.518000
v 3.335733 1.097000 -0.518999
v 3.335473 1.096044 -0.518956
v 3.334000 1.103000 -0.520000
v 3.334000 1.105000 -0.518000
v 3.336000 1.103000 -0.518000
v 3.334000 1.103999 -0.519733
v 3.334999 1.103000 -0.519733
v 3.334956 1.103957 -0.519473
v 3.334999 1.104733 -0.518000
v 3.334000 1.104733 -0.518999
v 3.334956 1.104473 -0.518956
v 3.335733 1.103000 -0.518999
v 3.335733 1.103999 -0.518000
v 3.335473 1.103957 -0.518956
v 3.334000 1.105000 0.518000
v 3.334000 1.103000 0.520000
v 3.336000 1.103000 0.518000
v 3.334000 1.104733 0.518999
v 3.334999 1.104733 0.518000
v 3.334956 1.104473 0.518956
v 3.334999 1.103000 0.519733
v 3.334000 1.103999 0.519733
v 3.334956 1.103957 0.519473
v 3.335733 1.103999 0.518000
v 3.335733 1.103000 0.518999
v 3.335473 1.103957 0.518956
v 3.332000 1.142000 0.520000
v 3.330000 1.142000 0.518000
v 3.332000 1.140000 0.518000
v 3.331001 1.142000 0.519733
v 3.332000 1.141001 0.519733
v 3.331043 1.141044 0.519473
v 3.330267 1.141001 0.518000
v 3.330267 1.142000 0.518999
v 3.330526 1.141044 0.518956
v 3.332000 1.140267 0.518999
v 3.331001 1.140267 0.518000
v 3.331043 1.140527 0.518956
v 3.332000 1.140000 -0.518000
v 3.330000 1.142000 -0.518000
v 3.332000 1.142000 -0.520000
v 3.331001 1.140267 -0.518000
v 3.332000 1.140267 -0.518999
v 3.331043 1.140527 -0.518956
v 3.330267 1.142000 -0.518999
v 3.330267 1.141001 -0.518000
v 3.330526 1.141044 -0.518956
v 3.332000 1.141001 -0.519733
v 3.331001 1.142000 -0.519733
v 3.331043 1.141044 -0.519473
v 3.332000 1.148000 -0.520000
v 3.330000 1.148000 -0.518000
v 3.332000 1.150000 -0.518000
v 3.331001 1.148000 -0.519733
v 3.332000 1.148999 -0.519733
v 3.331043 1.148956 -0.519473
v 3.330267 1.148999 -0.518000
v 3.330267 1.148000 -0.518999
v 3.330526 1.148956 -0.518956
v 3.332000 1.149733 -0.518999
v 3.331001 1.149733 -0.518000
v 3.331043 1.149473 -0.518956
v 3.332000 1.148000 0.520000
v 3.332000 1.150000 0.518000
v 3.330000 1.148000 0.518000
v 3.332000 1.148999 0.519733
v 3.331001 1.148000 0.519733
v 3.331043 1.148956 0.519473
v 3.331001 1.149733 0.518000
v 3.332000 1.149733 0.518999
v 3.331043 1.149473 0.518956
v 3.330267 1.148000 0.518999
v 3.330267 1.148999 0.518000
v 3.330526 1.148956 0.518956
v 3.334000 1.140000 0.518000
v 3.336000 1.142000 0.518000
v 3.334000 1.142000 0.520000
v 3.334999 1.140267 0.518000
v 3.334000 1.140267 0.518999
v 3.334956 1.140527 0.518956
v 3.335733 1.142000 0.518999
v 3.335733 1.141001 0.518000
v 3.335473 1.141044 0.518956
v 3.334000 1.141001 0.519733
v 3.334999 1.142000 0.519733
v 3.334956 1.141044 0.519473
v 3.334000 1.140000 -0.518000
v 3.334000 1.142000 -0.520000
v 3.336000 1.142000 -0.518000
v 3.334000 1.140267 -0.518999
v 3.334999 1.140267 -0.518000
v 3.334956 1.140527 -0.518956
v 3.334999 1.142000 -0.519733
v 3.334000 1.141001 -0.519733
v 3.334956 1.141044 -0.519473
v 3.335733 1.141001 -0.518000
v 3.335733 1.142000 -0.518999
v 3.335473 1.141044 -0.518956
v 3.334000 1.148000 -0.520000
v 3.334000 1.150000 -0.518000
v 3.336000 1.148000 -0.518000
v 3.334000 1.148999 -0.519733
v 3.334999 1.148000 -0.519733
v 3.334956 1.148956 -0.519473
v 3.334999 1.149733 -0.518000
v 3.334000 1.149733 -0.518999
v 3.334956 1.149473 -0.518956
v 3.335733 1.148000 -0.518999
v 3.335733 1.148999 -0.518000
v 3.335473 1.148956 -0.518956
v 3.334000 1.150000 0.518000
v 3.334000 1.148000 0.520000
v 3.336000 1.148000 0.518000
v 3.334000 1.149733 0.518999
v 3.334999 1.149733 0.518000
v 3.334956 1.149473 0.518956
v 3.334999 1.148000 0.519733
v 3.334000 1.148999 0.519733
v 3.334956 1.148956 0.519473
v 3.335733 1.148999 0.518000
v 3.335733 1.148000 0.518999
v 3.335473 1.148956 0.518956
v 3.332000 1.187000 0.520000
v 3.330000 1.187000 0.518000
v 3.332000 1.185000 0.518000
v 3.331001 1.187000 0.519733
v 3.332000 1.186001 0.519733
v 3.331043 1.186044 0.519473
v 3.330267 1.186001 0.518000
v 3.330267 1.187000 0.518999
v 3.330526 1.186044 0.518956
v 3.332000 1.185267 0.518999
v 3.331001 1.185267 0.518000
v 3.331043 1.185527 0.518956
v 3.332000 1.185000 -0.518000
v 3.330000 1.187000 -0.518000
v 3.332000 1.187000 -0.520000
v 3.331001 1.185267 -0.518000
v 3.332000 1.185267 -0.518999
v 3.331043 1.185527 -0.518956
v 3.330267 1.187000 -0.518999
v 3.330267 1.186001 -0.518000
v 3.330526 1.186043 -0.518956
v 3.332000 1.186001 -0.519733
v 3.331001 1.187000 -0.519733
v 3.331043 1.186043 -0.519473
v 3.332000 1.193000 -0.520000
v 3.330000 1.193000 -0.518000
v 3.332000 1.195000 -0.518000
v 3.331001 1.193000 -0.519733
v 3.332000 1.193999 -0.519733
v 3.331043 1.193956 -0.519473
v 3.330267 1.193999 -0.518000
v 3.330267 1.193000 -0.518999
v 3.330526 1.193956 -0.518956
v 3.332000 1.194733 -0.518999
v 3.331001 1.194733 -0.518000
v 3.331043 1.194473 -0.518956
v 3.332000 1.193000 0.520000
v 3.332000 1.195000 0.518000
v 3.330000 1.193000 0.518000
v 3.332000 1.193999 0.519733
v 3.331001 1.193000 0.519733
v 3.331043 1.193956 0.519473
v 3.331001 1.194733 0.518000
v 3.332000 1.194733 0.518999
v 3.331043 1.194473 0.518956
v 3.330267 1.193000 0.518999
v 3.330267 1.193999 0.518000
v 3.330526 1.193956 0.518956
v 3.334000 1.185000 0.518000
v 3.336000 1.187000 0.518000
v 3.334000 1.187000 0.520000
v 3.334999 1.185267 0.518000
v 3.334000 1.185267 0.518999
v 3.334956 1.185527 0.518956
v 3.335733 1.187000 0.518999
v 3.335733 1.186001 0.518000
v 3.335473 1.186043 0.518956
v 3.334000 1.186001 0.519733
v 3.334999 1.187000 0.519733
v 3.334956 1.186043 0.519473
v 3.334000 1.185000 -0.518000
v 3.334000 1.187000 -0.520000
v 3.336000 1.187000 -0.518000
v 3.334000 1.185267 -0.518999
v 3.334999 1.185267 -0.518000
v 3.334956 1.185527 -0.518956
v 3.334999 1.187000 -0.519733
v 3.334000 1.186001 -0.519733
v 3.334956 1.186043 -0.519473
v 3.335733 1.186001 -0.518000
v 3.335733 1.187000 -0.518999
v 3.335473 1.186043 -0.518956
v 3.334000 1.193000 -0.520000
v 3.334000 1.195000 -0.518000
v 3.336000 1.193000 -0.518000
v 3.334000 1.193999 -0.519733
v 3.334999 1.193000 -0.519733
v 3.334956 1.193956 -0.519473
v 3.334999 1.194733 -0.518000
v 3.334000 1.194733 -0.518999
v 3.334956 1.194473 -0.518956
v 3.335733 1.193000 -0.518999
v 3.335733 1.193999 -0.518000
v 3.335473 1.193956 -0.518956
v 3.334000 1.195000 0.518000
v 3.334000 1.193000 0.520000
v 3.336000 1.193000 0.518000
v 3.334000 1.194733 0.518999
v 3.334999 1.194733 0.518000
v 3.334956 1.194473 0.518956
v 3.334999 1.193000 0.519733
v 3.334000 1.193999 0.519733
v 3.334956 1.193956 0.519473
v 3.335733 1.193999 0.518000
v 3.335733 1.193000 0.518999
v 3.335473 1.193956 0.518956
v 3.316000 0.706000 0.800000
v 3.310000 0.706000 0.794000
v 3.316000 0.700000 0.794000
v 3.313004 0.706000 0.799198
v 3.316000 0.703004 0.799198
v 3.313130 0.703131 0.798420
v 3.310801 0.703004 0.794000
v 3.310801 0.706000 0.796996
v 3.311580 0.703131 0.796869
v 3.316000 0.700802 0.796996
v 3.313004 0.700802 0.794000
v 3.313130 0.701580 0.796869
v 3.316000 0.700000 -0.794000
v 3.310000 0.706000 -0.794000
v 3.316000 0.706000 -0.800000
v 3.313004 0.700802 -0.794000
v 3.316000 0.700802 -0.796996
v 3.313130 0.701580 -0.796869
v 3.310801 0.706000 -0.796996
v 3.310801 0.703004 -0.794000
v 3.311580 0.703131 -0.796869
v 3.316000 0.703004 -0.799198
v 3.313004 0.706000 -0.799198
v 3.313130 0.703131 -0.798420
v 3.316000 0.744000 -0.800000
v 3.310000 0.744000 -0.794000
v 3.316000 0.750000 -0.794000
v 3.313004 0.744000 -0.799198
v 3.316000 0.746996 -0.799198
v 3.313130 0.746869 -0.798420
v 3.310801 0.746996 -0.794000
v 3.310801 0.744000 -0.796996
v 3.311580 0.746869 -0.796869
v 3.316000 0.749198 -0.796996
v 3.313004 0.749198 -0.794000
v 3.313130 0.748420 -0.796869
v 3.316000 0.744000 0.800000
v 3.316000 0.750000 0.794000
v 3.310000 0.744000 0.794000
v 3.316000 0.746996 0.799198
v 3.313004 0.744000 0.799198
v 3.313130 0.746869 0.798420
v 3.313004 0.749198 0.794000
v 3.316000 0.749198 0.796996
v 3.313130 0.748420 0.796869
v 3.310801 0.744000 0.796996
v 3.310801 0.746996 0.794000
v 3.311580 0.746869 0.796869
v 3.318000 0.700000 0.794000
v 3.324000 0.706000 0.794000
v 3.318000 0.706000 0.800000
v 3.320996 0.700802 0.794000
v 3.318000 0.700802 0.796996
v 3.320869 0.701580 0.796869
v 3.323198 0.706000 0.796996
v 3.323198 0.703004 0.794000
v 3.322419 0.703131 0.796869
v 3.318000 0.703004 0.799198
v 3.320996 0.706000 0.799198
v 3.320869 0.703131 0.798420
v 3.318000 0.700000 -0.794000
v 3.318000 0.706000 -0.800000
v 3.324000 0.706000 -0.794000
v 3.318000 0.700802 -0.796996
v 3.320996 0.700802 -0.794000
v 3.320869 0.701580 -0.796869
v 3.320996 0.706000 -0.799198
v 3.318000 0.703004 -0.799198
v 3.320869 0.703131 -0.798420
v 3.323198 0.703004 -0.794000
v 3.323198 0.706000 -0.796996
v 3.322419 0.703131 -0.796869
v 3.318000 0.744000 -0.800000
v 3.318000 0.750000 -0.794000
v 3.324000 0.744000 -0.794000
v 3.318000 0.746996 -0.799198
v 3.320996 0.744000 -0.799198
v 3.320869 0.746869 -0.798420
v 3.320996 0.749198 -0.794000
v 3.318000 0.749198 -0.796996
v 3.320869 0.748420 -0.796869
v 3.323198 0.744000 -0.796996
v 3.323198 0.746996 -0.794000
v 3.322419 0.746869 -0.796869
v 3.318000 0.750000 0.794000
v 3.318000 0.744000 0.800000
v 3.324000 0.744000 0.794000
v 3.318000 0.749198 0.796996
v 3.320996 0.749198 0.794000
v 3.320869 0.748420 0.796869
v 3.320996 0.744000 0.799198
v 3.318000 0.746996 0.799198
v 3.320869 0.746869 0.798420
v 3.323198 0.746996 0.794000
v 3.323198 0.744000 0.796996
v 3.322419 0.746869 0.796869
v 3.240000 0.310000 1.060000
v 3.270000 0.280000 1.060000
v 3.270000 0.310000 1.090000
v 3.244008 0.295020 1.060000
v 3.244008 0.310000 1.074980
v 3.247901 0.295654 1.074346
v 3.270000 0.284008 1.074980
v 3.255020 0.284008 1.060000
v 3.255654 0.287901 1.074346
v 3.255020 0.310000 1.085992
v 3.270000 0.295020 1.085992
v 3.255654 0.295654 1.082099
v 3.390000 0.310000 1.090000
v 3.405142 0.280000 1.060000
v 3.438181 0.310000 1.066137
v 3.391467 0.295020 1.084870
v 3.407965 0.310000 1.087934
v 3.408735 0.295654 1.082907
v 3.421084 0.284008 1.061942
v 3.397025 0.284008 1.073858
v 3.412647 0.287901 1.075155
v 3.425651 0.310000 1.079175
v 3.433212 0.295020 1.064195
v 3.421185 0.295654 1.076741
v 3.550714 0.280000 0.868936
v 3.580000 0.310000 0.880000
v 3.565357 0.284019 0.874468
v 3.576076 0.295000 0.878518
v 3.570000 0.280000 0.598931
v 3.600000 0.310000 0.600000
v 3.585000 0.284019 0.599465
v 3.595981 0.295000 0.599857
v 3.570000 0.280000 -0.598931
v 3.600000 0.310000 -0.600000
v 3.585000 0.284019 -0.599465
v 3.595981 0.295000 -0.599857
v 3.550714 0.280000 -0.868936
v 3.580000 0.310000 -0.880000
v 3.565357 0.284019 -0.874468
v 3.576076 0.295000 -0.878518
v 3.438181 0.310000 -1.066137
v 3.405142 0.280000 -1.060000
v 3.390000 0.310000 -1.090000
v 3.433212 0.295020 -1.064195
v 3.425651 0.310000 -1.079175
v 3.421185 0.295654 -1.076741
v 3.397025 0.284008 -1.073858
v 3.421084 0.284008 -1.061942
v 3.412647 0.287901 -1.075155
v 3.407965 0.310000 -1.087934
v 3.391467 0.295020 -1.084870
v 3.408735 0.295654 -1.082907
v 3.240000 0.310000 -1.060000
v 3.270000 0.310000 -1.090000
v 3.270000 0.280000 -1.060000
v 3.244008 0.310000 -1.074980
v 3.244008 0.295020 -1.060000
v 3.247901 0.295654 -1.074346
v 3.270000 0.295020 -1.085992
v 3.255020 0.310000 -1.085992
v 3.255654 0.295654 -1.082099
v 3.255020 0.284008 -1.060000
v 3.270000 0.284008 -1.074980
v 3.255654 0.287901 -1.074346
v 3.270000 0.660000 1.090000
v 3.270000 0.690000 1.060000
v 3.240000 0.660000 1.060000
v 3.270000 0.674980 1.085992
v 3.255020 0.660000 1.085992
v 3.255654 0.674346 1.082099
v 3.255020 0.685992 1.060000
v 3.270000 0.685992 1.074980
v 3.255654 0.682099 1.074346
v 3.244008 0.660000 1.074980
v 3.244008 0.674980 1.060000
v 3.247901 0.674346 1.074346
v 3.390000 0.660000 1.090000
v 3.438181 0.660000 1.066137
v 3.405142 0.690000 1.060000
v 3.407965 0.660000 1.087934
v 3.391467 0.674980 1.084870
v 3.408735 0.674346 1.082907
v 3.433212 0.674980 1.064195
v 3.425651 0.660000 1.079175
v 3.421185 0.674346 1.076740
v 3.397025 0.685992 1.073858
v 3.421084 0.685992 1.061942
v 3.412647 0.682099 1.075154
v 3.580000 0.660000 0.880000
v 3.550714 0.690000 0.868936
v 3.576076 0.675000 0.878518
v 3.565357 0.685981 0.874468
v 3.600000 0.660000 0.600000
v 3.570000 0.690000 0.598931
v 3.595981 0.675000 0.599857
v 3.585000 0.685981 0.599465
v 3.600000 0.660000 -0.600000
v 3.570000 0.690000 -0.598931
v 3.595981 0.675000 -0.599857
v 3.585000 0.685981 -0.599465
v 3.580000 0.660000 -0.880000
v 3.550714 0.690000 -0.868936
v 3.576076 0.675000 -0.878518
v 3.565357 0.685981 -0.874468
v 3.438181 0.660000 -1.066137
v 3.390000 0.660000 -1.090000
v 3.405142 0.690000 -1.060000
v 3.425651 0.660000 -1.079175
v 3.433212 0.674980 -1.064195
v 3.421185 0.674346 -1.076740
v 3.391467 0.674980 -1.084870
v 3.407965 0.660000 -1.087934
v 3.408735 0.674346 -1.082907
v 3.421084 0.685992 -1.061942
v 3.397025 0.685992 -1.073858
v 3.412647 0.682099 -1.075154
v 3.270000 0.660000 -1.090000
v 3.240000 0.660000 -1.060000
v 3.270000 0.690000 -1.060000
v 3.255020 0.660000 -1.085992
v 3.270000 0.674980 -1.085992
v 3.255654 0.674346 -1.082099
v 3.244008 0.674980 -1.060000
v 3.244008 0.660000 -1.074980
v 3.247901 0.674346 -1.074346
v 3.270000 0.685992 -1.074980
v 3.255020 0.685992 -1.060000
v 3.255654 0.682099 -1.074346
v 3.601000 0.383000 0.160000
v 3.598000 0.383000 0.157000
v 3.601000 0.380000 0.157000
v 3.599502 0.383000 0.159599
v 3.601000 0.381502 0.159599
v 3.599566 0.381565 0.159210
v 3.598401 0.381502 0.157000
v 3.598401 0.383000 0.158498
v 3.598790 0.381565 0.158435
v 3.601000 0.380401 0.158498
v 3.599502 0.380401 0.157000
v 3.599566 0.380790 0.158435
v 3.601000 0.380000 -0.157000
v 3.598000 0.383000 -0.157000
v 3.601000 0.383000 -0.160000
v 3.599502 0.380401 -0.157000
v 3.601000 0.380401 -0.158498
v 3.599566 0.380790 -0.158435
v 3.598401 0.383000 -0.158498
v 3.598401 0.381502 -0.157000
v 3.598790 0.381565 -0.158435
v 3.601000 0.381502 -0.159599
v 3.599502 0.383000 -0.159599
v 3.599566 0.381565 -0.159210
v 3.601000 0.487000 -0.160000
v 3.598000 0.487000 -0.157000
v 3.601000 0.490000 -0.157000
v 3.599502 0.487000 -0.159599
v 3.601000 0.488498 -0.159599
v 3.599566 0.488435 -0.159210
v 3.598401 0.488498 -0.157000
v 3.598401 0.487000 -0.158498
v 3.598790 0.488435 -0.158435
v 3.601000 0.489599 -0.158498
v 3.599502 0.489599 -0.157000
v 3.599566 0.489210 -0.158435
v 3.601000 0.487000 0.160000
v 3.601000 0.490000 0.157000
v 3.598000 0.487000 0.157000
v 3.601000 0.488498 0.159599
v 3.599502 0.487000 0.159599
v 3.599566 0.488435 0.159210
v 3.599502 0.489599 0.157000
v 3.601000 0.489599 0.158498
v 3.599566 0.489210 0.158435
v 3.598401 0.487000 0.158498
v 3.598401 0.488498 0.157000
v 3.598790 0.488435 0.158435
v 3.603000 0.380000 0.157000
v 3.606000 0.383000 0.157000
v 3.603000 0.383000 0.160000
v 3.604498 0.380401 0.157000
v 3.603000 0.380401 0.158498
v 3.604434 0.380790 0.158435
v 3.605599 0.383000 0.158498
v 3.605599 0.381502 0.157000
v 3.605210 0.381565 0.158435
v 3.603000 0.381502 0.159599
v 3.604498 0.383000 0.159599
v 3.604434 0.381565 0.159210
v 3.603000 0.380000 -0.157000
v 3.603000 0.383000 -0.160000
v 3.606000 0.383000 -0.157000
v 3.603000 0.380401 -0.158498
v 3.604498 0.380401 -0.157000
v 3.604435 0.380790 -0.158435
v 3.604498 0.383000 -0.159599
v 3.603000 0.381502 -0.159599
v 3.604435 0.381565 -0.159210
v 3.605599 0.381502 -0.157000
v 3.605599 0.383000 -0.158498
v 3.605210 0.381565 -0.158435
v 3.603000 0.487000 -0.160000
v 3.603000 0.490000 -0.157000
v 3.606000 0.487000 -0.157000
v 3.603000 0.488498 -0.159599
v 3.604498 0.487000 -0.159599
v 3.604435 0.488435 -0.159210
v 3.604498 0.489599 -0.157000
v 3.603000 0.489599 -0.158498
v 3.604435 0.489210 -0.158435
v 3.605599 0.487000 -0.158498
v 3.605599 0.488498 -0.157000
v 3.605210 0.488435 -0.158435
v 3.603000 0.490000 0.157000
v 3.603000 0.487000 0.160000
v 3.606000 0.487000 0.157000
v 3.603000 0.489599 0.158498
v 3.604498 0.489599 0.157000
v 3.604435 0.489210 0.158435
v 3.604498 0.487000 0.159599
v 3.603000 0.488498 0.159599
v 3.604435 0.488435 0.159210
v 3.605599 0.488498 0.157000
v 3.605599 0.487000 0.158498
v 3.605210 0.488435 0.158435
vn -0.1336 -0.1296 0.9825
vn -0.9825 -0.1296 0.1336
vn -0.1296 -0.9831 0.1296
vn -0.4951 -0.1212 0.8604
vn -0.1216 -0.4915 0.8623
vn -0.4474 -0.4474 0.7744
vn -0.8623 -0.4916 0.1216
vn -0.8603 -0.1212 0.4952
vn -0.7744 -0.4474 0.4474
vn -0.1216 -0.8623 0.4915
vn -0.4915 -0.8623 0.1216
vn -0.4473 -0.7744 0.4473
vn -0.1296 -0.9831 -0.1296
vn -0.9825 -0.1296 -0.1336
vn -0.1336 -0.1296 -0.9825
vn -0.4915 -0.8623 -0.1216
vn -0.1216 -0.8623 -0.4915
vn -0.4473 -0.7744 -0.4473
vn -0.8603 -0.1212 -0.4952
vn -0.8623 -0.4916 -0.1216
vn -0.7744 -0.4474 -0.4474
vn -0.1216 -0.4915 -0.8623
vn -0.4951 -0.1212 -0.8604
vn -0.4474 -0.4474 -0.7744
vn -0.1260 0.0732 -0.9893
vn -0.9810 0.0754 -0.1788
vn -0.1309 0.6474 -0.7509
vn -0.4765 0.0634 -0.8769
vn -0.0922 0.2667 -0.9594
vn -0.3911 0.2300 -0.8911
vn -0.8490 0.3311 -0.4118
vn -0.8515 0.0574 -0.5212
vn -0.7304 0.2614 -0.6311
vn -0.0922 0.4898 -0.8670
vn -0.4793 0.5744 -0.6636
vn -0.3911 0.4675 -0.7928
vn -0.1309 0.7509 -0.6474
vn -0.9804 0.1819 -0.0753
vn -0.1309 0.9887 -0.0732
vn -0.4793 0.6636 -0.5744
vn -0.0922 0.8670 -0.4898
vn -0.3911 0.7928 -0.4675
vn -0.8490 0.5253 -0.0571
vn -0.8490 0.4118 -0.3311
vn -0.7304 0.6311 -0.2614
vn -0.0922 0.9594 -0.2667
vn -0.4793 0.8754 -0.0631
vn -0.3911 0.8911 -0.2300
vn -0.1309 0.9887 0.0732
vn -0.9804 0.1819 0.0753
vn -0.1309 0.7509 0.6474
vn -0.4793 0.8754 0.0631
vn -0.0922 0.9594 0.2667
vn -0.3911 0.8911 0.2300
vn -0.8490 0.4118 0.3311
vn -0.8490 0.5253 0.0571
vn -0.7304 0.6311 0.2614
vn -0.0922 0.8670 0.4898
vn -0.4793 0.6636 0.5744
vn -0.3911 0.7928 0.4675
vn -0.1260 0.0732 0.9893
vn -0.1309 0.6474 0.7509
vn -0.9810 0.0754 0.1788
vn -0.0922 0.2667 0.9594
vn -0.4765 0.0634 0.8769
vn -0.3911 0.2300 0.8911
vn -0.4793 0.5744 0.6636
vn -0.0922 0.4898 0.8670
vn -0.3911 0.4675 0.7928
vn -0.8515 0.0574 0.5211
vn -0.8490 0.3311 0.4118
vn -0.7304 0.2614 0.6311
vn 0.1296 -0.9831 0.1296
vn 0.9825 -0.1296 0.1336
vn 0.1336 -0.1296 0.9825
vn 0.4915 -0.8623 0.1216
vn 0.1216 -0.8623 0.4915
vn 0.4473 -0.7744 0.4473
vn 0.8603 -0.1212 0.4952
vn 0.8623 -0.4915 0.1216
vn 0.7744 -0.4473 0.4473
vn 0.1216 -0.4915 0.8623
vn 0.4951 -0.1212 0.8604
vn 0.4473 -0.4473 0.7744
vn 0.1296 -0.9831 -0.1296
vn 0.1336 -0.1296 -0.9825
vn 0.9825 -0.1296 -0.1336
vn 0.1216 -0.8623 -0.4915
vn 0.4915 -0.8623 -0.1216
vn 0.4473 -0.7744 -0.4473
vn 0.4951 -0.1212 -0.8604
vn 0.1216 -0.4915 -0.8623
vn 0.4473 -0.4473 -0.7744
vn 0.8623 -0.4915 -0.1216
vn 0.8603 -0.1212 -0.4951
vn 0.7744 -0.4473 -0.4473
vn 0.1260 0.0732 -0.9893
vn 0.1309 0.6474 -0.7509
vn 0.9810 0.0754 -0.1788
vn 0.0922 0.2667 -0.9594
vn 0.4765 0.0634 -0.8769
vn 0.3911 0.2300 -0.8911
vn 0.4793 0.5744 -0.6636
vn 0.0922 0.4898 -0.8670
vn 0.3911 0.4675 -0.7928
vn 0.8515 0.0574 -0.5211
vn 0.8490 0.3311 -0.4118
vn 0.7304 0.2614 -0.6311
vn 0.1309 0.7509 -0.6474
vn 0.1309 0.9887 -0.0732
vn 0.9804 0.1819 -0.0753
vn 0.0922 0.8670 -0.4898
vn 0.4793 0.6636 -0.5744
vn 0.3911 0.7928 -0.4675
vn 0.4793 0.8754 -0.0631
vn 0.0922 0.9594 -0.2667
vn 0.3911 0.8911 -0.2300
vn 0.8490 0.4118 -0.3311
vn 0.8490 0.5253 -0.0571
vn 0.7304 0.6311 -0.2614
vn 0.1309 0.9887 0.0732
vn 0.1309 0.7509 0.6474
vn 0.9804 0.1819 0.0753
vn 0.0922 0.9594 0.2667
vn 0.4793 0.8754 0.0631
vn 0.3911 0.8911 0.2300
vn 0.4793 0.6636 0.5744
vn 0.0922 0.8670 0.4898
vn 0.3911 0.7928 0.4675
vn 0.8490 0.5253 0.0571
vn 0.8490 0.4118 0.3311
vn 0.7304 0.6311 0.2614
vn 0.1309 0.6474 0.7509
vn 0.1260 0.0732 0.9893
vn 0.9810 0.0754 0.1788
vn 0.0922 0.4898 0.8670
vn 0.4793 0.5744 0.6636
vn 0.3911 0.4675 0.7928
vn 0.4765 0.0634 0.8769
vn 0.0922 0.2667 0.9594
vn 0.3911 0.2300 0.8911
vn 0.8490 0.3311 0.4118
vn 0.8515 0.0574 0.5212
vn 0.7304 0.2614 0.6311
vn -0.9830 -0.1296 0.1297
vn -0.1296 -0.9817 0.1398
vn -0.1296 -0.1325 0.9827
vn -0.8623 -0.1215 0.4917
vn -0.1207 -0.8573 0.5005
vn -0.4916 -0.8623 0.1216
vn -0.4916 -0.1216 0.8623
vn -0.1210 -0.4944 0.8608
vn -0.4473 -0.4474 0.7744
vn 0.0462 -0.9864 0.1578
vn 0.7073 -0.6893 0.1568
vn 0.0890 -0.1964 0.9765
vn 0.2510 -0.9550 0.1581
vn 0.0441 -0.8540 0.5183
vn 0.2248 -0.8481 0.4798
vn 0.5939 -0.6174 0.5158
vn 0.5617 -0.8121 0.1581
vn 0.4977 -0.7226 0.4798
vn 0.0617 -0.5187 0.8527
vn 0.3411 -0.3961 0.8525
vn 0.2756 -0.5991 0.7517
vn 0.8225 -0.5507 0.1423
vn 0.6464 0.7512 0.1333
vn 0.1712 0.0198 0.9850
vn 0.9796 -0.1527 0.1307
vn 0.7120 -0.4918 0.5013
vn 0.8748 -0.1311 0.4665
vn 0.5714 0.6514 0.4991
vn 0.8968 0.4227 0.1307
vn 0.8023 0.3724 0.4665
vn 0.4399 -0.2451 0.8640
vn 0.3650 0.3346 0.8688
vn 0.6033 0.0868 0.7928
vn 0.3171 0.9391 0.1322
vn 0.0469 0.1388 0.9892
vn 0.2783 0.8241 0.4933
vn 0.1662 0.4921 0.8545
vn -0.9825 0.1320 0.1313
vn -0.1202 0.1296 0.9842
vn -0.0581 0.9896 0.1313
vn -0.8599 0.1237 0.4953
vn -0.8514 0.5092 0.1259
vn -0.7606 0.4611 0.4570
vn -0.0865 0.4928 0.8658
vn -0.4849 0.1232 0.8659
vn -0.4220 0.4548 0.7843
vn -0.4441 0.8871 0.1259
vn -0.0590 0.8667 0.4953
vn -0.4029 0.7930 0.4570
vn -0.1296 -0.9817 -0.1398
vn -0.9830 -0.1296 -0.1297
vn -0.1296 -0.1325 -0.9827
vn -0.4916 -0.8623 -0.1216
vn -0.1207 -0.8573 -0.5005
vn -0.4473 -0.7744 -0.4474
vn -0.8623 -0.1215 -0.4917
vn -0.1210 -0.4944 -0.8608
vn -0.4916 -0.1216 -0.8623
vn -0.4473 -0.4473 -0.7744
vn 0.0462 -0.9864 -0.1578
vn 0.0890 -0.1964 -0.9765
vn 0.7073 -0.6893 -0.1568
vn 0.0441 -0.8540 -0.5183
vn 0.2510 -0.9550 -0.1581
vn 0.2248 -0.8481 -0.4798
vn 0.3411 -0.3961 -0.8525
vn 0.0617 -0.5187 -0.8527
vn 0.2756 -0.5991 -0.7517
vn 0.5617 -0.8121 -0.1581
vn 0.5939 -0.6174 -0.5158
vn 0.4977 -0.7226 -0.4798
vn 0.8225 -0.5507 -0.1423
vn 0.1712 0.0198 -0.9850
vn 0.6464 0.7512 -0.1333
vn 0.7120 -0.4918 -0.5013
vn 0.9796 -0.1527 -0.1307
vn 0.8748 -0.1311 -0.4665
vn 0.3650 0.3346 -0.8688
vn 0.4399 -0.2451 -0.8639
vn 0.6033 0.0868 -0.7928
vn 0.8968 0.4227 -0.1307
vn 0.5714 0.6514 -0.4991
vn 0.8023 0.3724 -0.4665
vn 0.0469 0.1388 -0.9892
vn 0.3171 0.9391 -0.1322
vn 0.1662 0.4921 -0.8545
vn 0.2783 0.8241 -0.4933
vn -0.0581 0.9896 -0.1313
vn -0.1202 0.1296 -0.9842
vn -0.9825 0.1320 -0.1312
vn -0.0590 0.8667 -0.4953
vn -0.4441 0.8871 -0.1259
vn -0.4029 0.7930 -0.4570
vn -0.4849 0.1232 -0.8659
vn -0.0865 0.4928 -0.8658
vn -0.4220 0.4548 -0.7843
vn -0.8514 0.5092 -0.1259
vn -0.8599 0.1237 -0.4953
vn -0.7606 0.4611 -0.4570
vn -0.1296 -0.1296 0.9831
vn -0.9831 -0.1296 0.1296
vn -0.4915 -0.1216 0.8623
vn -0.8623 -0.4915 0.1216
vn -0.8623 -0.1216 0.4915
vn -0.7744 -0.4474 0.4473
vn -0.9831 -0.1296 -0.1296
vn -0.1296 -0.1296 -0.9831
vn -0.4474 -0.7744 -0.4473
vn -0.8623 -0.1216 -0.4915
vn -0.8623 -0.4915 -0.1216
vn -0.7744 -0.4474 -0.4473
vn -0.4915 -0.1216 -0.8623
vn -0.1296 0.1296 -0.9831
vn -0.9831 0.1296 -0.1295
vn -0.1296 0.9831 -0.1296
vn -0.4915 0.1216 -0.8623
vn -0.1216 0.4915 -0.8623
vn -0.4474 0.4474 -0.7744
vn -0.8623 0.4915 -0.1216
vn -0.8623 0.1216 -0.4915
vn -0.7745 0.4474 -0.4473
vn -0.1216 0.8623 -0.4916
vn -0.4915 0.8623 -0.1216
vn -0.4473 0.7744 -0.4473
vn -0.1296 0.1296 0.9831
vn -0.1296 0.9831 0.1296
vn -0.9831 0.1296 0.1296
vn -0.1216 0.4915 0.8623
vn -0.4915 0.1216 0.8623
vn -0.4474 0.4474 0.7744
vn -0.4915 0.8623 0.1216
vn -0.1216 0.8623 0.4916
vn -0.4473 0.7744 0.4473
vn -0.8623 0.1216 0.4915
vn -0.8623 0.4915 0.1216
vn -0.7745 0.4474 0.4473
vn 0.9831 -0.1296 0.1296
vn 0.1296 -0.1296 0.9831
vn 0.4473 -0.7744 0.4474
vn 0.8623 -0.1216 0.4916
vn 0.7744 -0.4473 0.4474
vn 0.4916 -0.1216 0.8623
vn 0.1296 -0.1296 -0.9831
vn 0.9831 -0.1296 -0.1296
vn 0.4473 -0.7744 -0.4474
vn 0.4916 -0.1216 -0.8623
vn 0.8623 -0.1216 -0.4916
vn 0.7744 -0.4473 -0.4474
vn 0.1296 0.1296 -0.9831
vn 0.1296 0.9831 -0.1296
vn 0.9831 0.1296 -0.1296
vn 0.1216 0.4915 -0.8623
vn 0.4915 0.1216 -0.8623
vn 0.4474 0.4473 -0.7744
vn 0.4915 0.8623 -0.1216
vn 0.1216 0.8623 -0.4916
vn 0.4473 0.7744 -0.4473
vn 0.8623 0.1216 -0.4916
vn 0.8623 0.4915 -0.1216
vn 0.7744 0.4473 -0.4474
vn 0.1296 0.9831 0.1296
vn 0.1296 0.1296 0.9831
vn 0.9831 0.1296 0.1296
vn 0.1216 0.8623 0.4916
vn 0.4915 0.8623 0.1216
vn 0.4473 0.7744 0.4473
vn 0.4915 0.1216 0.8623
vn 0.1216 0.4915 0.8623
vn 0.4474 0.4473 0.7744
vn 0.8623 0.4915 0.1216
vn 0.8623 0.1216 0.4916
vn 0.7744 0.4473 0.4474
vn -0.9831 -0.1295 0.1295
vn -0.1295 -0.9831 0.1296
vn -0.4915 -0.1215 0.8624
vn -0.4473 -0.4474 0.7745
vn -0.8624 -0.4915 0.1215
vn -0.8623 -0.1215 0.4915
vn -0.1216 -0.8623 0.4916
vn -0.4915 -0.8624 0.1216
vn -0.4473 -0.7745 0.4473
vn -0.1295 -0.9831 -0.1296
vn -0.9831 -0.1295 -0.1295
vn -0.4915 -0.8624 -0.1216
vn -0.1215 -0.8623 -0.4916
vn -0.4473 -0.7745 -0.4474
vn -0.8624 -0.1215 -0.4915
vn -0.8624 -0.4915 -0.1215
vn -0.1216 -0.4915 -0.8624
vn -0.4915 -0.1215 -0.8624
vn -0.4473 -0.4473 -0.7745
vn -0.9831 0.1295 -0.1295
vn -0.1295 0.9831 -0.1296
vn -0.4915 0.1215 -0.8624
vn -0.1216 0.4915 -0.8624
vn -0.4473 0.4473 -0.7745
vn -0.8624 0.4915 -0.1215
vn -0.8623 0.1215 -0.4915
vn -0.7744 0.4474 -0.4473
vn -0.4915 0.8623 -0.1215
vn -0.4473 0.7745 -0.4473
vn -0.9831 0.1295 0.1295
vn -0.4915 0.1215 0.8623
vn -0.4473 0.4473 0.7745
vn -0.4473 0.7745 0.4474
vn -0.8624 0.1215 0.4915
vn -0.8624 0.4915 0.1215
vn -0.7745 0.4473 0.4473
vn 0.1216 -0.8623 0.4916
vn 0.4473 -0.7745 0.4474
vn 0.8623 -0.1215 0.4916
vn 0.8623 -0.4916 0.1216
vn 0.7744 -0.4474 0.4474
vn 0.1215 -0.4916 0.8623
vn 0.4915 -0.1215 0.8623
vn 0.4473 -0.4474 0.7744
vn 0.1215 -0.8623 -0.4916
vn 0.4473 -0.7745 -0.4473
vn 0.4915 -0.1216 -0.8623
vn 0.1215 -0.4915 -0.8623
vn 0.4473 -0.4474 -0.7744
vn 0.8623 -0.4916 -0.1216
vn 0.8623 -0.1215 -0.4916
vn 0.7744 -0.4474 -0.4473
vn 0.1216 0.4916 -0.8623
vn 0.4473 0.4474 -0.7744
vn 0.4916 0.8623 -0.1216
vn 0.1216 0.8623 -0.4915
vn 0.4473 0.7745 -0.4474
vn 0.8623 0.1215 -0.4916
vn 0.7744 0.4474 -0.4473
vn 0.4916 0.8623 0.1216
vn 0.4473 0.7745 0.4473
vn 0.4915 0.1215 0.8623
vn 0.1215 0.4915 0.8623
vn 0.4473 0.4474 0.7744
vn 0.8623 0.1215 0.4916
vn 0.7744 0.4474 0.4473
vn -0.1216 -0.4915 0.8624
vn -0.4473 -0.4473 0.7745
vn -0.4915 0.1215 -0.8623
vn -0.4473 0.4474 -0.7745
vn -0.7745 0.4473 -0.4473
vn -0.1295 0.9831 0.1296
vn -0.1216 0.4915 0.8624
vn -0.4915 0.8623 0.1215
vn -0.1215 0.8623 0.4916
vn 0.1215 -0.8623 0.4915
vn 0.4915 -0.1216 0.8623
vn 0.1216 -0.8623 -0.4916
vn 0.4473 -0.7745 -0.4474
vn 0.4915 -0.1215 -0.8623
vn 0.4915 0.1215 -0.8623
vn 0.1215 0.8623 0.4916
vn -0.1216 -0.4916 0.8623
vn -0.7745 -0.4473 0.4473
vn -0.1215 -0.8623 0.4915
vn -0.4915 -0.8624 0.1215
vn -0.4915 -0.8624 -0.1215
vn -0.1215 -0.8623 -0.4915
vn -0.4473 -0.7745 -0.4473
vn -0.8623 -0.1215 -0.4915
vn -0.7745 -0.4473 -0.4473
vn -0.1215 -0.4915 -0.8623
vn -0.1216 0.4916 -0.8623
vn -0.8624 0.4915 -0.1214
vn -0.8624 0.1215 -0.4915
vn -0.1215 0.8623 -0.4915
vn -0.4915 0.8624 -0.1215
vn -0.4915 0.1215 0.8624
vn -0.4915 0.8624 0.1215
vn -0.1215 0.8623 0.4915
vn -0.4473 0.7745 0.4473
vn -0.8624 0.4915 0.1214
vn 0.7745 -0.4473 0.4474
vn 0.4473 -0.4473 0.7745
vn 0.1295 -0.9831 -0.1296
vn 0.1215 -0.8623 -0.4915
vn 0.4915 -0.8623 -0.1215
vn 0.1215 -0.4916 -0.8623
vn 0.4473 -0.4473 -0.7745
vn 0.8623 -0.4916 -0.1215
vn 0.7745 -0.4473 -0.4473
vn 0.4473 0.4473 -0.7745
vn 0.4473 0.7744 -0.4474
vn 0.8623 0.4916 -0.1216
vn 0.7745 0.4473 -0.4474
vn 0.1215 0.8623 0.4915
vn 0.4915 0.8623 0.1215
vn 0.1215 0.4916 0.8623
vn 0.4473 0.4473 0.7745
vn 0.8623 0.4916 0.1215
vn 0.7745 0.4473 0.4473
vn -0.4915 -0.1215 0.8623
vn -0.8624 -0.1215 0.4915
vn -0.4915 -0.8623 0.1215
vn -0.4915 -0.8623 -0.1215
vn 0.8623 -0.1215 0.4915
vn 0.7744 -0.4474 0.4473
vn 0.1216 -0.4916 0.8623
vn 0.4916 -0.1215 -0.8623
vn 0.4473 -0.4474 -0.7745
vn 0.8623 -0.1215 -0.4915
vn 0.4916 0.1216 -0.8623
vn 0.8623 0.1215 -0.4915
vn 0.4473 0.7745 0.4474
vn 0.4916 0.1215 0.8623
vn 0.4473 0.4474 0.7745
vn 0.8623 0.1215 0.4915
vn -0.4916 -0.8623 0.1215
vn -0.4474 -0.7744 0.4473
vn -0.1216 -0.8623 -0.4916
vn -0.4916 0.1215 -0.8623
vn -0.4474 0.4473 -0.7745
vn -0.4474 0.7744 -0.4473
vn -0.1295 0.9831 0.1295
vn -0.1215 0.4915 0.8623
vn 0.9831 -0.1296 0.1295
vn 0.4916 -0.8623 0.1216
vn 0.4474 -0.7744 0.4473
vn 0.8623 -0.1216 0.4915
vn 0.7745 -0.4473 0.4473
vn 0.4474 -0.4474 0.7744
vn 0.4916 -0.8623 -0.1216
vn 0.4474 -0.7744 -0.4473
vn 0.4474 -0.4473 -0.7744
vn 0.7745 -0.4474 -0.4473
vn 0.1295 0.9831 -0.1296
vn 0.9831 0.1296 -0.1295
vn 0.1215 0.4915 -0.8623
vn 0.4473 0.7745 -0.4473
vn 0.8623 0.1216 -0.4915
vn 0.1295 0.9831 0.1296
vn 0.1216 0.8623 0.4915
vn -0.1216 0.8623 -0.4915
vn -0.1216 0.8623 0.4915
vn 0.8623 -0.1216 -0.4915
vn 0.7744 0.4473 -0.4473
vn 0.8623 0.1216 0.4915
vn 0.7745 0.4474 0.4473
vn -0.7744 -0.4473 0.4473
vn -0.1215 -0.8623 0.4916
vn -0.4915 0.8624 -0.1216
vn -0.4915 0.8624 0.1216
vn -0.7744 0.4474 0.4473
vn 0.1295 -0.9831 0.1296
vn 0.1215 -0.8623 0.4916
vn 0.1215 0.4916 -0.8623
vn 0.7744 0.4474 -0.4474
vn 0.1295 0.1296 0.9831
vn 0.8623 0.4916 0.1216
vn -0.1295 -0.9831 -0.1295
vn -0.4915 -0.1216 -0.8624
vn -0.1215 0.4915 -0.8623
vn -0.1215 0.8623 -0.4916
vn -0.4915 0.1216 0.8624
vn 0.4473 -0.7745 0.4473
vn 0.4474 -0.7745 -0.4473
vn 0.4474 0.4474 -0.7744
vn 0.1215 0.8623 -0.4916
vn 0.7745 0.4473 -0.4473
vn -0.7744 -0.4473 0.4474
vn -0.9831 0.1296 -0.1296
vn -0.7744 0.4473 -0.4474
vn -0.4474 0.7744 0.4473
vn 0.4474 -0.7744 -0.4474
vn 0.4474 0.7744 -0.4474
vn 0.4474 0.7744 0.4473
vn -0.1294 -0.9828 0.1321
vn -0.1286 -0.1383 0.9820
vn -0.8623 -0.1216 0.4916
vn -0.1196 -0.8608 0.4947
vn -0.4473 -0.7744 0.4474
vn -0.1185 -0.4988 0.8585
vn -0.4473 -0.4473 0.7744
vn 0.0568 -0.1530 0.9866
vn 0.0951 -0.9768 0.1919
vn 0.7507 -0.1530 0.6427
vn 0.0551 -0.5127 0.8568
vn 0.2745 -0.1513 0.9496
vn 0.2468 -0.4708 0.8470
vn 0.3710 -0.8520 0.3695
vn 0.0699 -0.8521 0.5187
vn 0.2938 -0.7496 0.5931
vn 0.5890 -0.1513 0.7938
vn 0.6491 -0.5126 0.5620
vn 0.5241 -0.4708 0.7097
vn 0.1406 -0.9886 0.0542
vn 0.9261 -0.1413 0.3497
vn 0.4879 -0.8528 0.1863
vn 0.8089 -0.5019 0.3062
vn 0.1333 -0.9911 0.0048
vn 0.9909 -0.1302 0.0353
vn 0.5038 -0.8636 0.0180
vn 0.8668 -0.4977 0.0309
vn 0.1333 -0.9911 -0.0048
vn 0.9909 -0.1302 -0.0353
vn 0.5038 -0.8636 -0.0180
vn 0.8668 -0.4977 -0.0309
vn 0.1406 -0.9886 -0.0542
vn 0.9261 -0.1413 -0.3497
vn 0.4879 -0.8528 -0.1863
vn 0.8089 -0.5019 -0.3062
vn 0.7507 -0.1530 -0.6427
vn 0.0951 -0.9768 -0.1919
vn 0.0568 -0.1530 -0.9866
vn 0.6491 -0.5126 -0.5620
vn 0.5890 -0.1513 -0.7938
vn 0.5241 -0.4708 -0.7097
vn 0.0699 -0.8521 -0.5188
vn 0.3710 -0.8520 -0.3695
vn 0.2938 -0.7496 -0.5931
vn 0.2745 -0.1513 -0.9496
vn 0.0551 -0.5127 -0.8568
vn 0.2468 -0.4708 -0.8470
vn -0.1286 -0.1383 -0.9820
vn -0.1294 -0.9828 -0.1321
vn -0.8623 -0.1216 -0.4916
vn -0.7744 -0.4473 -0.4474
vn -0.1185 -0.4988 -0.8585
vn -0.1196 -0.8608 -0.4947
vn -0.1286 0.1383 0.9820
vn -0.1293 0.9828 0.1321
vn -0.1185 0.4988 0.8585
vn -0.4916 0.1216 0.8623
vn -0.4473 0.4473 0.7744
vn -0.1196 0.8608 0.4947
vn -0.4473 0.7744 0.4474
vn -0.8623 0.1216 0.4916
vn -0.7744 0.4473 0.4474
vn 0.0568 0.1530 0.9866
vn 0.7507 0.1530 0.6427
vn 0.0951 0.9768 0.1919
vn 0.2745 0.1513 0.9496
vn 0.0551 0.5127 0.8568
vn 0.2469 0.4708 0.8470
vn 0.6491 0.5126 0.5620
vn 0.5890 0.1513 0.7938
vn 0.5241 0.4708 0.7097
vn 0.0699 0.8521 0.5188
vn 0.3710 0.8520 0.3695
vn 0.2938 0.7496 0.5931
vn 0.9261 0.1413 0.3497
vn 0.1406 0.9886 0.0542
vn 0.8089 0.5019 0.3062
vn 0.4879 0.8528 0.1863
vn 0.9909 0.1302 0.0353
vn 0.1333 0.9911 0.0048
vn 0.8668 0.4977 0.0309
vn 0.5038 0.8636 0.0180
vn 0.9909 0.1302 -0.0353
vn 0.1333 0.9911 -0.0048
vn 0.8668 0.4977 -0.0309
vn 0.5038 0.8636 -0.0180
vn 0.9261 0.1413 -0.3497
vn 0.1406 0.9886 -0.0542
vn 0.8089 0.5019 -0.3062
vn 0.4879 0.8528 -0.1863
vn 0.7507 0.1530 -0.6427
vn 0.0568 0.1530 -0.9866
vn 0.0951 0.9768 -0.1919
vn 0.5890 0.1513 -0.7938
vn 0.6491 0.5126 -0.5620
vn 0.5241 0.4708 -0.7097
vn 0.0551 0.5127 -0.8568
vn 0.2745 0.1513 -0.9496
vn 0.2469 0.4708 -0.8470
vn 0.3710 0.8520 -0.3695
vn 0.0699 0.8521 -0.5187
vn 0.2938 0.7496 -0.5931
vn -0.1286 0.1383 -0.9820
vn -0.1293 0.9828 -0.1321
vn -0.4916 0.1216 -0.8623
vn -0.1185 0.4988 -0.8585
vn -0.4473 0.4473 -0.7744
vn -0.8623 0.4916 -0.1216
vn -0.8623 0.1216 -0.4916
vn -0.7744 0.4474 -0.4474
vn -0.1196 0.8608 -0.4947
vn -0.4473 0.7744 -0.4474
vn -0.9831 -0.1296 0.1297
vn -0.8623 -0.4916 0.1217
vn -0.8623 -0.4916 -0.1217
vn -0.9830 0.1296 -0.1297
vn -0.8623 0.4916 -0.1217
vn -0.9830 0.1296 0.1297
vn -0.4474 0.7744 0.4474
vn -0.8623 0.4916 0.1217
vn -0.7744 0.4474 0.4474
vn 0.9831 -0.1296 -0.1295
vn 0.1216 -0.4916 -0.8623
vn 0.8623 -0.4915 -0.1215
vn 0.8624 -0.1216 -0.4915
vn 0.9831 0.1295 -0.1295
vn 0.8624 0.1216 -0.4915
vn 0.8623 0.4915 -0.1215
vn 0.9831 0.1295 0.1295
vn 0.4473 0.7744 0.4474
vn 0.1216 0.4916 0.8623
vn 0.8623 0.4915 0.1215
s 1
usemtl Veh_PaintWhite
f 1//1 4//4 6//6 5//5
f 4//4 8//8 9//9 6//6
f 2//2 7//7 9//9 8//8
f 7//7 11//11 12//12 9//9
f 3//3 10//10 12//12 11//11
f 10//10 5//5 6//6 12//12
f 6//6 9//9 12//12
f 13//13 16//16 18//18 17//17
f 16//16 20//20 21//21 18//18
f 14//14 19//19 21//21 20//20
f 19//19 23//23 24//24 21//21
f 15//15 22//22 24//24 23//23
f 22//22 17//17 18//18 24//24
f 18//18 21//21 24//24
f 25//25 28//28 30//30 29//29
f 28//28 32//32 33//33 30//30
f 26//26 31//31 33//33 32//32
f 31//31 35//35 36//36 33//33
f 27//27 34//34 36//36 35//35
f 34//34 29//29 30//30 36//36
f 30//30 33//33 36//36
f 37//37 40//40 42//42 41//41
f 40//40 44//44 45//45 42//42
f 38//38 43//43 45//45 44//44
f 43//43 47//47 48//48 45//45
f 39//39 46//46 48//48 47//47
f 46//46 41//41 42//42 48//48
f 42//42 45//45 48//48
f 49//49 52//52 54//54 53//53
f 52//52 56//56 57//57 54//54
f 50//50 55//55 57//57 56//56
f 55//55 59//59 60//60 57//57
f 51//51 58//58 60//60 59//59
f 58//58 53//53 54//54 60//60
f 54//54 57//57 60//60
f 61//61 64//64 66//66 65//65
f 64//64 68//68 69//69 66//66
f 62//62 67//67 69//69 68//68
f 67//67 71//71 72//72 69//69
f 63//63 70//70 72//72 71//71
f 70//70 65//65 66//66 72//72
f 66//66 69//69 72//72
f 73//73 76//76 78//78 77//77
f 76//76 80//80 81//81 78//78
f 74//74 79//79 81//81 80//80
f 79//79 83//83 84//84 81//81
f 75//75 82//82 84//84 83//83
f 82//82 77//77 78//78 84//84
f 78//78 81//81 84//84
f 85//85 88//88 90//90 89//89
f 88//88 92//92 93//93 90//90
f 86//86 91//91 93//93 92//92
f 91//91 95//95 96//96 93//93
f 87//87 94//94 96//96 95//95
f 94//94 89//89 90//90 96//96
f 90//90 93//93 96//96
f 97//97 100//100 102//102 101//101
f 100//100 104//104 105//105 102//102
f 98//98 103//103 105//105 104//104
f 103//103 107//107 108//108 105//105
f 99//99 106//106 108//108 107//107
f 106//106 101//101 102//102 108//108
f 102//102 105//105 108//108
f 109//109 112//112 114//114 113//113
f 112//112 116//116 117//117 114//114
f 110//110 115//115 117//117 116//116
f 115//115 119//119 120//120 117//117
f 111//111 118//118 120//120 119//119
f 118//118 113//113 114//114 120//120
f 114//114 117//117 120//120
f 121//121 124//124 126//126 125//125
f 124//124 128//128 129//129 126//126
f 122//122 127//127 129//129 128//128
f 127//127 131//131 132//132 129//129
f 123//123 130//130 132//132 131//131
f 130//130 125//125 126//126 132//132
f 126//126 129//129 132//132
f 133//133 136//136 138//138 137//137
f 136//136 140//140 141//141 138//138
f 134//134 139//139 141//141 140//140
f 139//139 143//143 144//144 141//141
f 135//135 142//142 144//144 143//143
f 142//142 137//137 138//138 144//144
f 138//138 141//141 144//144
f 63//63 2//2 8//8 70//70
f 70//70 8//8 4//4 65//65
f 65//65 4//4 1//1 61//61
f 2//2 14//14 20//20 7//7
f 7//7 20//20 16//16 11//11
f 11//11 16//16 13//13 3//3
f 14//14 26//26 32//32 19//19
f 19//19 32//32 28//28 23//23
f 23//23 28//28 25//25 15//15
f 26//26 38//38 44//44 31//31
f 31//31 44//44 40//40 35//35
f 35//35 40//40 37//37 27//27
f 38//38 50//50 56//56 43//43
f 43//43 56//56 52//52 47//47
f 47//47 52//52 49//49 39//39
f 50//50 63//63 71//71 55//55
f 55//55 71//71 67//67 59//59
f 59//59 67//67 62//62 51//51
f 73//73 85//85 89//89 76//76
f 76//76 89//89 94//94 80//80
f 80//80 94//94 87//87 74//74
f 86//86 97//97 101//101 91//91
f 91//91 101//101 106//106 95//95
f 95//95 106//106 99//99 87//87
f 98//98 109//109 113//113 103//103
f 103//103 113//113 118//118 107//107
f 107//107 118//118 111//111 99//99
f 110//110 121//121 125//125 115//115
f 115//115 125//125 130//130 119//119
f 119//119 130//130 123//123 111//111
f 122//122 133//133 137//137 127//127
f 127//127 137//137 142//142 131//131
f 131//131 142//142 135//135 123//123
f 134//134 75//75 83//83 139//139
f 139//139 83//83 79//79 143//143
f 143//143 79//79 74//74 135//135
f 51//51 122//122 128//128 58//58
f 58//58 128//128 124//124 53//53
f 53//53 124//124 121//121 49//49
f 109//109 37//37 41//41 112//112
f 112//112 41//41 46//46 116//116
f 116//116 46//46 39//39 110//110
f 27//27 98//98 104//104 34//34
f 34//34 104//104 100//100 29//29
f 29//29 100//100 97//97 25//25
f 85//85 13//13 17//17 88//88
f 88//88 17//17 22//22 92//92
f 92//92 22//22 15//15 86//86
f 3//3 73//73 77//77 10//10
f 10//10 77//77 82//82 5//5
f 5//5 82//82 75//75 1//1
f 133//133 62//62 68//68 136//136
f 136//136 68//68 64//64 140//140
f 140//140 64//64 61//61 134//134
f 61//61 1//1 75//75 134//134
f 2//2 63//63 50//50 38//38 26//26 14//14
f 3//3 13//13 85//85 73//73
f 15//15 25//25 97//97 86//86
f 27//27 37//37 109//109 98//98
f 39//39 49//49 121//121 110//110
f 51//51 62//62 133//133 122//122
f 74//74 87//87 99//99 111//111 123//123 135//135
f 145//145 148//7 150//9 149//148
f 148//7 152//150 153//12 150//9
f 146//146 151//149 153//12 152//150
f 151//149 155//152 156//153 153//12
f 147//147 154//151 156//153 155//152
f 154//151 149//148 150//9 156//153
f 150//9 153//12 156//153
f 157//154 160//157 162//159 161//158
f 160//157 164//161 165//162 162//159
f 158//155 163//160 165//162 164//161
f 163//160 167//164 168//165 165//162
f 159//156 166//163 168//165 167//164
f 166//163 161//158 162//159 168//165
f 162//159 165//162 168//165
f 169//166 172//169 174//171 173//170
f 172//169 176//173 177//174 174//171
f 170//167 175//172 177//174 176//173
f 175//172 179//176 180//177 177//174
f 171//168 178//175 180//177 179//176
f 178//175 173//170 174//171 180//177
f 174//171 177//174 180//177
f 185//182 188//185 190//187 189//186
f 188//185 192//189 193//190 190//187
f 186//183 191//188 193//190 192//189
f 191//188 195//192 196//193 193//190
f 187//184 194//191 196//193 195//192
f 194//191 189//186 190//187 196//193
f 190//187 193//190 196//193
f 197//194 200//197 202//199 201//198
f 200//197 204//20 205//21 202//199
f 198//195 203//200 205//21 204//20
f 203//200 207//202 208//203 205//21
f 199//196 206//201 208//203 207//202
f 206//201 201//198 202//199 208//203
f 202//199 205//21 208//203
f 209//204 212//207 214//209 213//208
f 212//207 216//211 217//212 214//209
f 210//205 215//210 217//212 216//211
f 215//210 219//214 220//215 217//212
f 211//206 218//213 220//215 219//214
f 218//213 213//208 214//209 220//215
f 214//209 217//212 220//215
f 221//216 224//219 226//221 225//220
f 224//219 228//223 229//224 226//221
f 222//217 227//222 229//224 228//223
f 227//222 231//226 232//227 229//224
f 223//218 230//225 232//227 231//226
f 230//225 225//220 226//221 232//227
f 226//221 229//224 232//227
f 237//232 240//235 242//237 241//236
f 240//235 244//239 245//240 242//237
f 238//233 243//238 245//240 244//239
f 243//238 247//242 248//243 245//240
f 239//234 246//241 248//243 247//242
f 246//241 241//236 242//237 248//243
f 242//237 245//240 248//243
f 185//182 145//145 149//148 188//185
f 188//185 149//148 154//151 192//189
f 192//189 154//151 147//147 186//183
f 146//146 157//154 161//158 151//149
f 151//149 161//158 166//163 155//152
f 155//152 166//163 159//156 147//147
f 158//155 169//166 173//170 163//160
f 163//160 173//170 178//175 167//164
f 167//164 178//175 171//168 159//156
f 170//167 181//178 183//180 175//172
f 175//172 183//180 184//181 179//176
f 179//176 184//181 182//179 171//168
f 181//178 187//184 195//192 183//180
f 183//180 195//192 191//188 184//181
f 184//181 191//188 186//183 182//179
f 199//196 210//205 216//211 206//201
f 206//201 216//211 212//207 201//198
f 201//198 212//207 209//204 197//194
f 210//205 222//217 228//223 215//210
f 215//210 228//223 224//219 219//214
f 219//214 224//219 221//216 211//206
f 222//217 233//228 235//230 227//222
f 227//222 235//230 236//231 231//226
f 231//226 236//231 234//229 223//218
f 233//228 238//233 244//239 235//230
f 235//230 244//239 240//235 236//231
f 236//231 240//235 237//232 234//229
f 238//233 199//196 207//202 243//238
f 243//238 207//202 203//200 247//242
f 247//242 203//200 198//195 239//234
f 223//218 170//167 176//173 230//225
f 230//225 176//173 172//169 225//220
f 225//220 172//169 169//166 221//216
f 157//154 209//204 213//208 160//157
f 160//157 213//208 218//213 164//161
f 164//161 218//213 211//206 158//155
f 197//194 146//146 152//150 200//197
f 200//197 152//150 148//7 204//20
f 204//20 148//7 145//145 198//195
f 187//184 237//232 241//236 194//191
f 194//191 241//236 246//241 189//186
f 189//186 246//241 239//234 185//182
f 185//182 239//234 198//195 145//145
f 147//147 159//156 171//168 182//179 186//183
f 146//146 197//194 209//204 157//154
f 158//155 211//206 221//216 169//166
f 170//167 223//218 234//229 181//178
f 181//178 234//229 237//232 187//184
f 199//196 238//233 233//228 222//217 210//205
usemtl Veh_GlossBlack
f 249//244 252//246 254//6 253//5
f 252//246 256//248 257//249 254//6
f 250//245 255//247 257//249 256//248
f 255//247 259//11 260//12 257//249
f 251//3 258//10 260//12 259//11
f 258//10 253//5 254//6 260//12
f 254//6 257//249 260//12
f 261//13 264//16 266//252 265//17
f 264//16 268//254 269//255 266//252
f 262//250 267//253 269//255 268//254
f 267//253 271//256 272//24 269//255
f 263//251 270//22 272//24 271//256
f 270//22 265//17 266//252 272//24
f 266//252 269//255 272//24
f 273//257 276//260 278//262 277//261
f 276//260 280//264 281//265 278//262
f 274//258 279//263 281//265 280//264
f 279//263 283//267 284//268 281//265
f 275//259 282//266 284//268 283//267
f 282//266 277//261 278//262 284//268
f 278//262 281//265 284//268
f 285//269 288//272 290//274 289//273
f 288//272 292//276 293//277 290//274
f 286//270 291//275 293//277 292//276
f 291//275 295//279 296//280 293//277
f 287//271 294//278 296//280 295//279
f 294//278 289//273 290//274 296//280
f 290//274 293//277 296//280
f 297//73 300//76 302//283 301//77
f 300//76 304//80 305//285 302//283
f 298//281 303//284 305//285 304//80
f 303//284 307//286 308//84 305//285
f 299//282 306//82 308//84 307//286
f 306//82 301//77 302//283 308//84
f 302//283 305//285 308//84
f 309//85 312//88 314//289 313//89
f 312//88 316//92 317//93 314//289
f 310//287 315//290 317//93 316//92
f 315//290 319//291 320//292 317//93
f 311//288 318//94 320//292 319//291
f 318//94 313//89 314//289 320//292
f 314//289 317//93 320//292
f 321//293 324//296 326//298 325//297
f 324//296 328//300 329//301 326//298
f 322//294 327//299 329//301 328//300
f 327//299 331//303 332//304 329//301
f 323//295 330//302 332//304 331//303
f 330//302 325//297 326//298 332//304
f 326//298 329//301 332//304
f 333//305 336//308 338//310 337//309
f 336//308 340//312 341//313 338//310
f 334//306 339//311 341//313 340//312
f 339//311 343//315 344//316 341//313
f 335//307 342//314 344//316 343//315
f 342//314 337//309 338//310 344//316
f 338//310 341//313 344//316
f 287//271 250//245 256//248 294//278
f 294//278 256//248 252//246 289//273
f 289//273 252//246 249//244 285//269
f 250//245 262//250 268//254 255//247
f 255//247 268//254 264//16 259//11
f 259//11 264//16 261//13 251//3
f 262//250 274//258 280//264 267//253
f 267//253 280//264 276//260 271//256
f 271//256 276//260 273//257 263//251
f 274//258 287//271 295//279 279//263
f 279//263 295//279 291//275 283//267
f 283//267 291//275 286//270 275//259
f 297//73 309//85 313//89 300//76
f 300//76 313//89 318//94 304//80
f 304//80 318//94 311//288 298//281
f 310//287 321//293 325//297 315//290
f 315//290 325//297 330//302 319//291
f 319//291 330//302 323//295 311//288
f 322//294 333//305 337//309 327//299
f 327//299 337//309 342//314 331//303
f 331//303 342//314 335//307 323//295
f 334//306 299//282 307//286 339//311
f 339//311 307//286 303//284 343//315
f 343//315 303//284 298//281 335//307
f 275//259 322//294 328//300 282//266
f 282//266 328//300 324//296 277//261
f 277//261 324//296 321//293 273//257
f 309//85 261//13 265//17 312//88
f 312//88 265//17 270//22 316//92
f 316//92 270//22 263//251 310//287
f 251//3 297//73 301//77 258//10
f 258//10 301//77 306//82 253//5
f 253//5 306//82 299//282 249//244
f 333//305 286//270 292//276 336//308
f 336//308 292//276 288//272 340//312
f 340//312 288//272 285//269 334//306
f 285//269 249//244 299//282 334//306
f 250//245 287//271 274//258 262//250
f 251//3 261//13 309//85 297//73
f 263//251 273//257 321//293 310//287
f 275//259 286//270 333//305 322//294
f 298//281 311//288 323//295 335//307
f 1113//244 1116//246 1118//384 1117//5
f 1116//246 1120//248 1121//506 1118//384
f 1114//245 1119//247 1121//506 1120//248
f 1119//247 1123//11 1124//12 1121//506
f 1115//3 1122//323 1124//12 1123//11
f 1122//323 1117//5 1118//384 1124//12
f 1118//384 1121//506 1124//12
f 1125//13 1128//16 1130//18 1129//456
f 1128//16 1132//254 1133//407 1130//18
f 1126//250 1131//253 1133//407 1132//254
f 1131//253 1135//256 1136//335 1133//407
f 1127//251 1134//22 1136//335 1135//256
f 1134//22 1129//456 1130//18 1136//335
f 1130//18 1133//407 1136//335
f 1137//257 1140//260 1142//340 1141//261
f 1140//260 1144//264 1145//508 1142//340
f 1138//507 1143//263 1145//508 1144//264
f 1143//263 1147//267 1148//459 1145//508
f 1139//259 1146//266 1148//459 1147//267
f 1146//266 1141//261 1142//340 1148//459
f 1142//340 1145//508 1148//459
f 1149//269 1152//272 1154//348 1153//273
f 1152//272 1156//276 1157//509 1154//348
f 1150//270 1155//275 1157//509 1156//276
f 1155//275 1159//279 1160//352 1157//509
f 1151//271 1158//278 1160//352 1159//279
f 1158//278 1153//273 1154//348 1160//352
f 1154//348 1157//509 1160//352
f 1161//73 1164//76 1166//283 1165//353
f 1164//76 1168//356 1169//285 1166//283
f 1162//281 1167//284 1169//285 1168//356
f 1167//284 1171//393 1172//420 1169//285
f 1163//282 1170//82 1172//420 1171//393
f 1170//82 1165//353 1166//283 1172//420
f 1166//283 1169//285 1172//420
f 1173//85 1176//394 1178//510 1177//89
f 1176//394 1180//92 1181//425 1178//510
f 1174//287 1179//363 1181//425 1180//92
f 1179//363 1183//291 1184//96 1181//425
f 1175//288 1182//366 1184//96 1183//291
f 1182//366 1177//89 1178//510 1184//96
f 1178//510 1181//425 1184//96
f 1185//293 1188//296 1190//428 1189//297
f 1188//296 1192//300 1193//511 1190//428
f 1186//294 1191//299 1193//511 1192//300
f 1191//299 1195//430 1196//304 1193//511
f 1187//295 1194//302 1196//304 1195//430
f 1194//302 1189//297 1190//428 1196//304
f 1190//428 1193//511 1196//304
f 1197//305 1200//308 1202//512 1201//433
f 1200//308 1204//312 1205//435 1202//512
f 1198//306 1203//311 1205//435 1204//312
f 1203//311 1207//315 1208//316 1205//435
f 1199//307 1206//495 1208//316 1207//315
f 1206//495 1201//433 1202//512 1208//316
f 1202//512 1205//435 1208//316
f 1151//271 1114//245 1120//248 1158//278
f 1158//278 1120//248 1116//246 1153//273
f 1153//273 1116//246 1113//244 1149//269
f 1114//245 1126//250 1132//254 1119//247
f 1119//247 1132//254 1128//16 1123//11
f 1123//11 1128//16 1125//13 1115//3
f 1126//250 1138//507 1144//264 1131//253
f 1131//253 1144//264 1140//260 1135//256
f 1135//256 1140//260 1137//257 1127//251
f 1138//507 1151//271 1159//279 1143//263
f 1143//263 1159//279 1155//275 1147//267
f 1147//267 1155//275 1150//270 1139//259
f 1161//73 1173//85 1177//89 1164//76
f 1164//76 1177//89 1182//366 1168//356
f 1168//356 1182//366 1175//288 1162//281
f 1174//287 1185//293 1189//297 1179//363
f 1179//363 1189//297 1194//302 1183//291
f 1183//291 1194//302 1187//295 1175//288
f 1186//294 1197//305 1201//433 1191//299
f 1191//299 1201//433 1206//495 1195//430
f 1195//430 1206//495 1199//307 1187//295
f 1198//306 1163//282 1171//393 1203//311
f 1203//311 1171//393 1167//284 1207//315
f 1207//315 1167//284 1162//281 1199//307
f 1139//259 1186//294 1192//300 1146//266
f 1146//266 1192//300 1188//296 1141//261
f 1141//261 1188//296 1185//293 1137//257
f 1173//85 1125//13 1129//456 1176//394
f 1176//394 1129//456 1134//22 1180//92
f 1180//92 1134//22 1127//251 1174//287
f 1115//3 1161//73 1165//353 1122//323
f 1122//323 1165//353 1170//82 1117//5
f 1117//5 1170//82 1163//282 1113//244
f 1197//305 1150//270 1156//276 1200//308
f 1200//308 1156//276 1152//272 1204//312
f 1204//312 1152//272 1149//269 1198//306
f 1149//269 1113//244 1163//282 1198//306
f 1114//245 1151//271 1138//507 1126//250
f 1115//3 1125//13 1173//85 1161//73
f 1127//251 1137//257 1185//293 1174//287
f 1139//259 1150//270 1197//305 1186//294
f 1162//281 1175//288 1187//295 1199//307
usemtl Veh_Headlight
f 345//244 348//319 350//320 349//5
f 348//319 352//322 353//249 350//320
f 346//317 351//321 353//249 352//322
f 351//321 355//324 356//325 353//249
f 347//318 354//323 356//325 355//324
f 354//323 349//5 350//320 356//325
f 350//320 353//249 356//325
f 357//326 360//328 362//330 361//329
f 360//328 364//332 365//255 362//330
f 358//327 363//331 365//255 364//332
f 363//331 367//334 368//335 365//255
f 359//251 366//333 368//335 367//334
f 366//333 361//329 362//330 368//335
f 362//330 365//255 368//335
f 369//257 372//338 374//340 373//339
f 372//338 376//342 377//343 374//340
f 370//336 375//341 377//343 376//342
f 375//341 379//344 380//345 377//343
f 371//337 378//266 380//345 379//344
f 378//266 373//339 374//340 380//345
f 374//340 377//343 380//345
f 381//269 384//272 386//348 385//347
f 384//272 388//276 389//349 386//348
f 382//270 387//275 389//349 388//276
f 387//275 391//351 392//352 389//349
f 383//346 390//350 392//352 391//351
f 390//350 385//347 386//348 392//352
f 386//348 389//349 392//352
f 393//73 396//76 398//354 397//353
f 396//76 400//356 401//357 398//354
f 394//281 399//355 401//357 400//356
f 399//355 403//359 404//360 401//357
f 395//282 402//358 404//360 403//359
f 402//358 397//353 398//354 404//360
f 398//354 401//357 404//360
f 405//85 408//361 410//362 409//89
f 408//361 412//364 413//365 410//362
f 406//287 411//363 413//365 412//364
f 411//363 415//367 416//368 413//365
f 407//288 414//366 416//368 415//367
f 414//366 409//89 410//362 416//368
f 410//362 413//365 416//368
f 417//293 420//369 422//370 421//297
f 420//369 424//372 425//373 422//370
f 418//294 423//371 425//373 424//372
f 423//371 427//303 428//375 425//373
f 419//295 426//374 428//375 427//303
f 426//374 421//297 422//370 428//375
f 422//370 425//373 428//375
f 429//305 432//308 434//377 433//376
f 432//308 436//379 437//380 434//377
f 430//306 435//378 437//380 436//379
f 435//378 439//381 440//382 437//380
f 431//307 438//314 440//382 439//381
f 438//314 433//376 434//377 440//382
f 434//377 437//380 440//382
f 383//346 346//317 352//322 390//350
f 390//350 352//322 348//319 385//347
f 385//347 348//319 345//244 381//269
f 346//317 358//327 364//332 351//321
f 351//321 364//332 360//328 355//324
f 355//324 360//328 357//326 347//318
f 358//327 370//336 376//342 363//331
f 363//331 376//342 372//338 367//334
f 367//334 372//338 369//257 359//251
f 370//336 383//346 391//351 375//341
f 375//341 391//351 387//275 379//344
f 379//344 387//275 382//270 371//337
f 393//73 405//85 409//89 396//76
f 396//76 409//89 414//366 400//356
f 400//356 414//366 407//288 394//281
f 406//287 417//293 421//297 411//363
f 411//363 421//297 426//374 415//367
f 415//367 426//374 419//295 407//288
f 418//294 429//305 433//376 423//371
f 423//371 433//376 438//314 427//303
f 427//303 438//314 431//307 419//295
f 430//306 395//282 403//359 435//378
f 435//378 403//359 399//355 439//381
f 439//381 399//355 394//281 431//307
f 381//269 430//306 436//379 384//272
f 384//272 436//379 432//308 388//276
f 388//276 432//308 429//305 382//270
f 417//293 369//257 373//339 420//369
f 420//369 373//339 378//266 424//372
f 424//372 378//266 371//337 418//294
f 359//251 406//287 412//364 366//333
f 366//333 412//364 408//361 361//329
f 361//329 408//361 405//85 357//326
f 395//282 345//244 349//5 402//358
f 402//358 349//5 354//323 397//353
f 397//353 354//323 347//318 393//73
f 381//269 345//244 395//282 430//306
f 346//317 383//346 370//336 358//327
f 347//318 357//326 405//85 393//73
f 359//251 369//257 417//293 406//287
f 371//337 382//270 429//305 418//294
f 394//281 407//288 419//295 431//307
f 441//244 444//319 446//384 445//383
f 444//319 448//322 449//249 446//384
f 442//317 447//321 449//249 448//322
f 447//321 451//324 452//325 449//249
f 443//318 450//323 452//325 451//324
f 450//323 445//383 446//384 452//325
f 446//384 449//249 452//325
f 453//326 456//328 458//330 457//329
f 456//328 460//332 461//255 458//330
f 454//327 459//331 461//255 460//332
f 459//331 463//256 464//335 461//255
f 455//251 462//22 464//335 463//256
f 462//22 457//329 458//330 464//335
f 458//330 461//255 464//335
f 465//257 468//385 470//386 469//261
f 468//385 472//342 473//387 470//386
f 466//336 471//341 473//387 472//342
f 471//341 475//267 476//345 473//387
f 467//337 474//266 476//345 475//267
f 474//266 469//261 470//386 476//345
f 470//386 473//387 476//345
f 477//269 480//389 482//348 481//347
f 480//389 484//391 485//349 482//348
f 478//388 483//390 485//349 484//391
f 483//390 487//351 488//352 485//349
f 479//346 486//350 488//352 487//351
f 486//350 481//347 482//348 488//352
f 482//348 485//349 488//352
f 489//73 492//76 494//354 493//392
f 492//76 496//80 497//357 494//354
f 490//281 495//355 497//357 496//80
f 495//355 499//393 500//360 497//357
f 491//282 498//358 500//360 499//393
f 498//358 493//392 494//354 500//360
f 494//354 497//357 500//360
f 501//85 504//394 506//395 505//89
f 504//394 508//364 509//365 506//395
f 502//287 507//396 509//365 508//364
f 507//396 511//367 512//368 509//365
f 503//288 510//366 512//368 511//367
f 510//366 505//89 506//395 512//368
f 506//395 509//365 512//368
f 513//293 516//369 518//370 517//397
f 516//369 520//300 521//373 518//370
f 514//294 519//299 521//373 520//300
f 519//299 523//303 524//375 521//373
f 515//295 522//374 524//375 523//303
f 522//374 517//397 518//370 524//375
f 518//370 521//373 524//375
f 525//305 528//398 530//377 529//309
f 528//398 532//379 533//380 530//377
f 526//306 531//378 533//380 532//379
f 531//378 535//381 536//382 533//380
f 527//307 534//314 536//382 535//381
f 534//314 529//309 530//377 536//382
f 530//377 533//380 536//382
f 479//346 442//317 448//322 486//350
f 486//350 448//322 444//319 481//347
f 481//347 444//319 441//244 477//269
f 442//317 454//327 460//332 447//321
f 447//321 460//332 456//328 451//324
f 451//324 456//328 453//326 443//318
f 454//327 466//336 472//342 459//331
f 459//331 472//342 468//385 463//256
f 463//256 468//385 465//257 455//251
f 466//336 479//346 487//351 471//341
f 471//341 487//351 483//390 475//267
f 475//267 483//390 478//388 467//337
f 489//73 501//85 505//89 492//76
f 492//76 505//89 510//366 496//80
f 496//80 510//366 503//288 490//281
f 502//287 513//293 517//397 507//396
f 507//396 517//397 522//374 511//367
f 511//367 522//374 515//295 503//288
f 514//294 525//305 529//309 519//299
f 519//299 529//309 534//314 523//303
f 523//303 534//314 527//307 515//295
f 526//306 491//282 499//393 531//378
f 531//378 499//393 495//355 535//381
f 535//381 495//355 490//281 527//307
f 443//318 489//73 493//392 450//323
f 450//323 493//392 498//358 445//383
f 445//383 498//358 491//282 441//244
f 525//305 478//388 484//391 528//398
f 528//398 484//391 480//389 532//379
f 532//379 480//389 477//269 526//306
f 513//293 465//257 469//261 516//369
f 516//369 469//261 474//266 520//300
f 520//300 474//266 467//337 514//294
f 455//251 502//287 508//364 462//22
f 462//22 508//364 504//394 457//329
f 457//329 504//394 501//85 453//326
f 477//269 441//244 491//282 526//306
f 442//317 479//346 466//336 454//327
f 443//318 453//326 501//85 489//73
f 455//251 465//257 513//293 502//287
f 467//337 478//388 525//305 514//294
f 490//281 503//288 515//295 527//307
usemtl Veh_BlackPlastic
f 537//244 540//319 542//384 541//399
f 540//319 544//322 545//400 542//384
f 538//317 543//321 545//400 544//322
f 543//321 547//402 548//325 545//400
f 539//318 546//401 548//325 547//402
f 546//401 541//399 542//384 548//325
f 542//384 545//400 548//325
f 549//326 552//403 554//405 553//404
f 552//403 556//332 557//407 554//405
f 550//327 555//406 557//407 556//332
f 555//406 559//334 560//335 557//407
f 551//251 558//408 560//335 559//334
f 558//408 553//404 554//405 560//335
f 554//405 557//407 560//335
f 561//257 564//338 566//340 565//409
f 564//338 568//411 569//387 566//340
f 562//336 567//410 569//387 568//411
f 567//410 571//413 572//345 569//387
f 563//337 570//412 572//345 571//413
f 570//412 565//409 566//340 572//345
f 566//340 569//387 572//345
f 573//269 576//272 578//348 577//414
f 576//272 580//416 581//417 578//348
f 574//388 579//415 581//417 580//416
f 579//415 583//418 584//352 581//417
f 575//346 582//350 584//352 583//418
f 582//350 577//414 578//348 584//352
f 578//348 581//417 584//352
f 585//73 588//76 590//354 589//392
f 588//76 592//356 593//419 590//354
f 586//281 591//355 593//419 592//356
f 591//355 595//359 596//420 593//419
f 587//282 594//358 596//420 595//359
f 594//358 589//392 590//354 596//420
f 590//354 593//419 596//420
f 597//421 600//422 602//362 601//423
f 600//422 604//424 605//425 602//362
f 598//287 603//396 605//425 604//424
f 603//396 607//367 608//427 605//425
f 599//288 606//426 608//427 607//367
f 606//426 601//423 602//362 608//427
f 602//362 605//425 608//427
f 609//293 612//369 614//428 613//297
f 612//369 616//372 617//429 614//428
f 610//294 615//299 617//429 616//372
f 615//299 619//430 620//431 617//429
f 611//295 618//374 620//431 619//430
f 618//374 613//297 614//428 620//431
f 614//428 617//429 620//431
f 621//305 624//432 626//377 625//433
f 624//432 628//434 629//435 626//377
f 622//306 627//378 629//435 628//434
f 627//378 631//381 632//437 629//435
f 623//307 630//436 632//437 631//381
f 630//436 625//433 626//377 632//437
f 626//377 629//435 632//437
f 575//346 538//317 544//322 582//350
f 582//350 544//322 540//319 577//414
f 577//414 540//319 537//244 573//269
f 538//317 550//327 556//332 543//321
f 543//321 556//332 552//403 547//402
f 547//402 552//403 549//326 539//318
f 550//327 562//336 568//411 555//406
f 555//406 568//411 564//338 559//334
f 559//334 564//338 561//257 551//251
f 562//336 575//346 583//418 567//410
f 567//410 583//418 579//415 571//413
f 571//413 579//415 574//388 563//337
f 585//73 597//421 601//423 588//76
f 588//76 601//423 606//426 592//356
f 592//356 606//426 599//288 586//281
f 598//287 609//293 613//297 603//396
f 603//396 613//297 618//374 607//367
f 607//367 618//374 611//295 599//288
f 610//294 621//305 625//433 615//299
f 615//299 625//433 630//436 619//430
f 619//430 630//436 623//307 611//295
f 622//306 587//282 595//359 627//378
f 627//378 595//359 591//355 631//381
f 631//381 591//355 586//281 623//307
f 551//251 598//287 604//424 558//408
f 558//408 604//424 600//422 553//404
f 553//404 600//422 597//421 549//326
f 587//282 537//244 541//399 594//358
f 594//358 541//399 546//401 589//392
f 589//392 546//401 539//318 585//73
f 563//337 610//294 616//372 570//412
f 570//412 616//372 612//369 565//409
f 565//409 612//369 609//293 561//257
f 621//305 574//388 580//416 624//432
f 624//432 580//416 576//272 628//434
f 628//434 576//272 573//269 622//306
f 573//269 537//244 587//282 622//306
f 538//317 575//346 562//336 550//327
f 539//318 549//326 597//421 585//73
f 551//251 561//257 609//293 598//287
f 563//337 574//388 621//305 610//294
f 586//281 599//288 611//295 623//307
f 633//244 636//438 638//384 637//5
f 636//438 640//439 641//400 638//384
f 634//317 639//321 641//400 640//439
f 639//321 643//440 644//325 641//400
f 635//318 642//323 644//325 643//440
f 642//323 637//5 638//384 644//325
f 638//384 641//400 644//325
f 645//326 648//441 650//330 649//329
f 648//441 652//332 653//407 650//330
f 646//327 651//331 653//407 652//332
f 651//331 655//256 656//335 653//407
f 647//251 654//22 656//335 655//256
f 654//22 649//329 650//330 656//335
f 650//330 653//407 656//335
f 657//257 660//385 662//340 661//261
f 660//385 664//411 665//387 662//340
f 658//336 663//341 665//387 664//411
f 663//341 667//344 668//345 665//387
f 659//337 666//266 668//345 667//344
f 666//266 661//261 662//340 668//345
f 662//340 665//387 668//345
f 669//269 672//272 674//348 673//273
f 672//272 676//391 677//349 674//348
f 670//388 675//390 677//349 676//391
f 675//390 679//351 680//352 677//349
f 671//346 678//350 680//352 679//351
f 678//350 673//273 674//348 680//352
f 674//348 677//349 680//352
f 681//73 684//76 686//354 685//353
f 684//76 688//80 689//443 686//354
f 682//281 687//442 689//443 688//80
f 687//442 691//286 692//360 689//443
f 683//282 690//444 692//360 691//286
f 690//444 685//353 686//354 692//360
f 686//354 689//443 692//360
f 693//85 696//394 698//395 697//89
f 696//394 700//364 701//446 698//395
f 694//287 699//445 701//446 700//364
f 699//445 703//447 704//368 701//446
f 695//288 702//366 704//368 703//447
f 702//366 697//89 698//395 704//368
f 698//395 701//446 704//368
f 705//293 708//369 710//370 709//448
f 708//369 712//300 713//373 710//370
f 706//294 711//299 713//373 712//300
f 711//299 715//303 716//375 713//373
f 707//295 714//449 716//375 715//303
f 714//449 709//448 710//370 716//375
f 710//370 713//373 716//375
f 717//305 720//308 722//450 721//309
f 720//308 724//379 725//452 722//450
f 718//306 723//451 725//452 724//379
f 723//451 727//453 728//382 725//452
f 719//307 726//314 728//382 727//453
f 726//314 721//309 722//450 728//382
f 722//450 725//452 728//382
f 671//346 634//317 640//439 678//350
f 678//350 640//439 636//438 673//273
f 673//273 636//438 633//244 669//269
f 634//317 646//327 652//332 639//321
f 639//321 652//332 648//441 643//440
f 643//440 648//441 645//326 635//318
f 646//327 658//336 664//411 651//331
f 651//331 664//411 660//385 655//256
f 655//256 660//385 657//257 647//251
f 658//336 671//346 679//351 663//341
f 663//341 679//351 675//390 667//344
f 667//344 675//390 670//388 659//337
f 681//73 693//85 697//89 684//76
f 684//76 697//89 702//366 688//80
f 688//80 702//366 695//288 682//281
f 694//287 705//293 709//448 699//445
f 699//445 709//448 714//449 703//447
f 703//447 714//449 707//295 695//288
f 706//294 717//305 721//309 711//299
f 711//299 721//309 726//314 715//303
f 715//303 726//314 719//307 707//295
f 718//306 683//282 691//286 723//451
f 723//451 691//286 687//442 727//453
f 727//453 687//442 682//281 719//307
f 669//269 718//306 724//379 672//272
f 672//272 724//379 720//308 676//391
f 676//391 720//308 717//305 670//388
f 705//293 657//257 661//261 708//369
f 708//369 661//261 666//266 712//300
f 712//300 666//266 659//337 706//294
f 647//251 694//287 700//364 654//22
f 654//22 700//364 696//394 649//329
f 649//329 696//394 693//85 645//326
f 683//282 633//244 637//5 690//444
f 690//444 637//5 642//323 685//353
f 685//353 642//323 635//318 681//73
f 669//269 633//244 683//282 718//306
f 634//317 671//346 658//336 646//327
f 635//318 645//326 693//85 681//73
f 647//251 657//257 705//293 694//287
f 659//337 670//388 717//305 706//294
f 682//281 695//288 707//295 719//307
f 729//244 732//438 734//384 733//5
f 732//438 736//322 737//400 734//384
f 730//317 735//321 737//400 736//322
f 735//321 739//454 740//455 737//400
f 731//3 738//323 740//455 739//454
f 738//323 733//5 734//384 740//455
f 734//384 737//400 740//455
f 741//13 744//441 746//252 745//456
f 744//441 748//332 749//407 746//252
f 742//327 747//331 749//407 748//332
f 747//331 751//256 752//335 749//407
f 743//251 750//22 752//335 751//256
f 750//22 745//456 746//252 752//335
f 746//252 749//407 752//335
f 753//257 756//457 758//458 757//261
f 756//457 760//411 761//387 758//458
f 754//336 759//341 761//387 760//411
f 759//341 763//344 764//459 761//387
f 755//337 762//266 764//459 763//344
f 762//266 757//261 758//458 764//459
f 758//458 761//387 764//459
f 765//269 768//461 770//348 769//273
f 768//461 772//416 773//417 770//348
f 766//460 771//415 773//417 772//416
f 771//415 775//351 776//352 773//417
f 767//346 774//350 776//352 775//351
f 774//350 769//273 770//348 776//352
f 770//348 773//417 776//352
f 777//73 780//463 782//464 781//353
f 780//463 784//356 785//466 782//464
f 778//462 783//465 785//466 784//356
f 783//465 787//359 788//467 785//466
f 779//282 786//444 788//467 787//359
f 786//444 781//353 782//464 788//467
f 782//464 785//466 788//467
f 789//85 792//394 794//469 793//468
f 792//394 796//92 797//470 794//469
f 790//287 795//396 797//470 796//92
f 795//396 799//447 800//471 797//470
f 791//288 798//366 800//471 799//447
f 798//366 793//468 794//469 800//471
f 794//469 797//470 800//471
f 801//293 804//474 806//370 805//297
f 804//474 808//372 809//475 806//370
f 802//472 807//299 809//475 808//372
f 807//299 811//303 812//375 809//475
f 803//473 810//476 812//375 811//303
f 810//476 805//297 806//370 812//375
f 806//370 809//475 812//375
f 813//477 816//478 818//377 817//309
f 816//478 820//379 821//380 818//377
f 814//306 819//378 821//380 820//379
f 819//378 823//453 824//382 821//380
f 815//307 822//314 824//382 823//453
f 822//314 817//309 818//377 824//382
f 818//377 821//380 824//382
f 767//346 730//317 736//322 774//350
f 774//350 736//322 732//438 769//273
f 769//273 732//438 729//244 765//269
f 730//317 742//327 748//332 735//321
f 735//321 748//332 744//441 739//454
f 739//454 744//441 741//13 731//3
f 742//327 754//336 760//411 747//331
f 747//331 760//411 756//457 751//256
f 751//256 756//457 753//257 743//251
f 754//336 767//346 775//351 759//341
f 759//341 775//351 771//415 763//344
f 763//344 771//415 766//460 755//337
f 777//73 789//85 793//468 780//463
f 780//463 793//468 798//366 784//356
f 784//356 798//366 791//288 778//462
f 790//287 801//293 805//297 795//396
f 795//396 805//297 810//476 799//447
f 799//447 810//476 803//473 791//288
f 802//472 813//477 817//309 807//299
f 807//299 817//309 822//314 811//303
f 811//303 822//314 815//307 803//473
f 814//306 779//282 787//359 819//378
f 819//378 787//359 783//465 823//453
f 823//453 783//465 778//462 815//307
f 755//337 802//472 808//372 762//266
f 762//266 808//372 804//474 757//261
f 757//261 804//474 801//293 753//257
f 789//85 741//13 745//456 792//394
f 792//394 745//456 750//22 796//92
f 796//92 750//22 743//251 790//287
f 731//3 777//73 781//353 738//323
f 738//323 781//353 786//444 733//5
f 733//5 786//444 779//282 729//244
f 813//477 766//460 772//416 816//478
f 816//478 772//416 768//461 820//379
f 820//379 768//461 765//269 814//306
f 765//269 729//244 779//282 814//306
f 730//317 767//346 754//336 742//327
f 731//3 741//13 789//85 777//73
f 743//251 753//257 801//293 790//287
f 755//337 766//460 813//477 802//472
f 778//462 791//288 803//473 815//307
f 825//244 828//438 830//384 829//5
f 828//438 832//322 833//400 830//384
f 826//317 831//321 833//400 832//322
f 831//321 835//440 836//455 833//400
f 827//3 834//323 836//455 835//440
f 834//323 829//5 830//384 836//455
f 830//384 833//400 836//455
f 837//13 840//441 842//252 841//456
f 840//441 844//332 845//407 842//252
f 838//327 843//331 845//407 844//332
f 843//331 847//256 848//335 845//407
f 839//251 846//22 848//335 847//256
f 846//22 841//456 842//252 848//335
f 842//252 845//407 848//335
f 849//257 852//260 854//340 853//261
f 852//260 856//411 857//387 854//340
f 850//336 855//341 857//387 856//411
f 855//341 859//344 860//459 857//387
f 851//337 858//479 860//459 859//344
f 858//479 853//261 854//340 860//459
f 854//340 857//387 860//459
f 861//269 864//272 866//348 865//273
f 864//272 868//480 869//417 866//348
f 862//460 867//390 869//417 868//480
f 867//390 871//351 872//352 869//417
f 863//346 870//350 872//352 871//351
f 870//350 865//273 866//348 872//352
f 866//348 869//417 872//352
f 873//73 876//463 878//464 877//353
f 876//463 880//356 881//466 878//464
f 874//462 879//465 881//466 880//356
f 879//465 883//359 884//467 881//466
f 875//282 882//444 884//467 883//359
f 882//444 877//353 878//464 884//467
f 878//464 881//466 884//467
f 885//85 888//394 890//469 889//468
f 888//394 892//92 893//470 890//469
f 886//287 891//396 893//470 892//92
f 891//396 895//481 896//427 893//470
f 887//288 894//366 896//427 895//481
f 894//366 889//468 890//469 896//427
f 890//469 893//470 896//427
f 897//293 900//369 902//370 901//297
f 900//369 904//372 905//475 902//370
f 898//294 903//299 905//475 904//372
f 903//299 907//303 908//482 905//475
f 899//473 906//476 908//482 907//303
f 906//476 901//297 902//370 908//482
f 902//370 905//475 908//482
f 909//305 912//478 914//377 913//309
f 912//478 916//379 917//380 914//377
f 910//306 915//378 917//380 916//379
f 915//378 919//483 920//484 917//380
f 911//307 918//314 920//484 919//483
f 918//314 913//309 914//377 920//484
f 914//377 917//380 920//484
f 863//346 826//317 832//322 870//350
f 870//350 832//322 828//438 865//273
f 865//273 828//438 825//244 861//269
f 826//317 838//327 844//332 831//321
f 831//321 844//332 840//441 835//440
f 835//440 840//441 837//13 827//3
f 838//327 850//336 856//411 843//331
f 843//331 856//411 852//260 847//256
f 847//256 852//260 849//257 839//251
f 850//336 863//346 871//351 855//341
f 855//341 871//351 867//390 859//344
f 859//344 867//390 862//460 851//337
f 873//73 885//85 889//468 876//463
f 876//463 889//468 894//366 880//356
f 880//356 894//366 887//288 874//462
f 886//287 897//293 901//297 891//396
f 891//396 901//297 906//476 895//481
f 895//481 906//476 899//473 887//288
f 898//294 909//305 913//309 903//299
f 903//299 913//309 918//314 907//303
f 907//303 918//314 911//307 899//473
f 910//306 875//282 883//359 915//378
f 915//378 883//359 879//465 919//483
f 919//483 879//465 874//462 911//307
f 861//269 910//306 916//379 864//272
f 864//272 916//379 912//478 868//480
f 868//480 912//478 909//305 862//460
f 897//293 849//257 853//261 900//369
f 900//369 853//261 858//479 904//372
f 904//372 858//479 851//337 898//294
f 839//251 886//287 892//92 846//22
f 846//22 892//92 888//394 841//456
f 841//456 888//394 885//85 837//13
f 875//282 825//244 829//5 882//444
f 882//444 829//5 834//323 877//353
f 877//353 834//323 827//3 873//73
f 861//269 825//244 875//282 910//306
f 826//317 863//346 850//336 838//327
f 827//3 837//13 885//85 873//73
f 839//251 849//257 897//293 886//287
f 851//337 862//460 909//305 898//294
f 874//462 887//288 899//473 911//307
f 921//244 924//246 926//384 925//5
f 924//246 928//439 929//485 926//384
f 922//317 927//321 929//485 928//439
f 927//321 931//402 932//325 929//485
f 923//318 930//486 932//325 931//402
f 930//486 925//5 926//384 932//325
f 926//384 929//485 932//325
f 933//326 936//403 938//330 937//329
f 936//403 940//332 941//407 938//330
f 934//327 939//331 941//407 940//332
f 939//331 943//256 944//335 941//407
f 935//251 942//22 944//335 943//256
f 942//22 937//329 938//330 944//335
f 938//330 941//407 944//335
f 945//257 948//385 950//340 949//261
f 948//385 952//411 953//343 950//340
f 946//336 951//341 953//343 952//411
f 951//341 955//487 956//345 953//343
f 947//337 954//266 956//345 955//487
f 954//266 949//261 950//340 956//345
f 950//340 953//343 956//345
f 957//269 960//272 962//348 961//273
f 960//272 964//391 965//349 962//348
f 958//388 963//488 965//349 964//391
f 963//488 967//351 968//489 965//349
f 959//346 966//350 968//489 967//351
f 966//350 961//273 962//348 968//489
f 962//348 965//349 968//489
f 969//490 972//76 974//354 973//491
f 972//76 976//80 977//357 974//354
f 970//281 975//442 977//357 976//80
f 975//442 979//286 980//360 977//357
f 971//282 978//444 980//360 979//286
f 978//444 973//491 974//354 980//360
f 974//354 977//357 980//360
f 981//421 984//361 986//395 985//89
f 984//361 988//92 989//446 986//395
f 982//287 987//445 989//446 988//92
f 987//445 991//367 992//368 989//446
f 983//288 990//94 992//368 991//367
f 990//94 985//89 986//395 992//368
f 986//395 989//446 992//368
f 993//293 996//492 998//370 997//448
f 996//492 1000//300 1001//373 998//370
f 994//472 999//299 1001//373 1000//300
f 999//299 1003//430 1004//493 1001//373
f 995//295 1002//449 1004//493 1003//430
f 1002//449 997//448 998//370 1004//493
f 998//370 1001//373 1004//493
f 1005//477 1008//308 1010//450 1009//309
f 1008//308 1012//379 1013//452 1010//450
f 1006//494 1011//451 1013//452 1012//379
f 1011//451 1015//453 1016//382 1013//452
f 1007//307 1014//495 1016//382 1015//453
f 1014//495 1009//309 1010//450 1016//382
f 1010//450 1013//452 1016//382
f 959//346 922//317 928//439 966//350
f 966//350 928//439 924//246 961//273
f 961//273 924//246 921//244 957//269
f 922//317 934//327 940//332 927//321
f 927//321 940//332 936//403 931//402
f 931//402 936//403 933//326 923//318
f 934//327 946//336 952//411 939//331
f 939//331 952//411 948//385 943//256
f 943//256 948//385 945//257 935//251
f 946//336 959//346 967//351 951//341
f 951//341 967//351 963//488 955//487
f 955//487 963//488 958//388 947//337
f 969//490 981//421 985//89 972//76
f 972//76 985//89 990//94 976//80
f 976//80 990//94 983//288 970//281
f 982//287 993//293 997//448 987//445
f 987//445 997//448 1002//449 991//367
f 991//367 1002//449 995//295 983//288
f 994//472 1005//477 1009//309 999//299
f 999//299 1009//309 1014//495 1003//430
f 1003//430 1014//495 1007//307 995//295
f 1006//494 971//282 979//286 1011//451
f 1011//451 979//286 975//442 1015//453
f 1015//453 975//442 970//281 1007//307
f 947//337 994//472 1000//300 954//266
f 954//266 1000//300 996//492 949//261
f 949//261 996//492 993//293 945//257
f 981//421 933//326 937//329 984//361
f 984//361 937//329 942//22 988//92
f 988//92 942//22 935//251 982//287
f 923//318 969//490 973//491 930//486
f 930//486 973//491 978//444 925//5
f 925//5 978//444 971//282 921//244
f 1005//477 958//388 964//391 1008//308
f 1008//308 964//391 960//272 1012//379
f 1012//379 960//272 957//269 1006//494
f 957//269 921//244 971//282 1006//494
f 922//317 959//346 946//336 934//327
f 923//318 933//326 981//421 969//490
f 935//251 945//257 993//293 982//287
f 947//337 958//388 1005//477 994//472
f 970//281 983//288 995//295 1007//307
f 1017//244 1020//319 1022//384 1021//5
f 1020//319 1024//322 1025//400 1022//384
f 1018//317 1023//321 1025//400 1024//322
f 1023//321 1027//454 1028//455 1025//400
f 1019//3 1026//10 1028//455 1027//454
f 1026//10 1021//5 1022//384 1028//455
f 1022//384 1025//400 1028//455
f 1029//496 1032//441 1034//405 1033//404
f 1032//441 1036//332 1037//407 1034//405
f 1030//327 1035//331 1037//407 1036//332
f 1035//331 1039//497 1040//335 1037//407
f 1031//251 1038//408 1040//335 1039//497
f 1038//408 1033//404 1034//405 1040//335
f 1034//405 1037//407 1040//335
f 1041//257 1044//338 1046//340 1045//498
f 1044//338 1048//411 1049//387 1046//340
f 1042//336 1047//341 1049//387 1048//411
f 1047//341 1051//344 1052//345 1049//387
f 1043//337 1050//499 1052//345 1051//344
f 1050//499 1045//498 1046//340 1052//345
f 1046//340 1049//387 1052//345
f 1053//269 1056//272 1058//348 1057//500
f 1056//272 1060//391 1061//349 1058//348
f 1054//388 1059//415 1061//349 1060//391
f 1059//415 1063//351 1064//352 1061//349
f 1055//346 1062//350 1064//352 1063//351
f 1062//350 1057//500 1058//348 1064//352
f 1058//348 1061//349 1064//352
f 1065//73 1068//76 1070//501 1069//77
f 1068//76 1072//80 1073//81 1070//501
f 1066//281 1071//284 1073//81 1072//80
f 1071//284 1075//393 1076//360 1073//81
f 1067//282 1074//358 1076//360 1075//393
f 1074//358 1069//77 1070//501 1076//360
f 1070//501 1073//81 1076//360
f 1077//85 1080//88 1082//502 1081//89
f 1080//88 1084//364 1085//365 1082//502
f 1078//287 1083//396 1085//365 1084//364
f 1083//396 1087//291 1088//471 1085//365
f 1079//288 1086//366 1088//471 1087//291
f 1086//366 1081//89 1082//502 1088//471
f 1082//502 1085//365 1088//471
f 1089//293 1092//369 1094//503 1093//397
f 1092//369 1096//504 1097//373 1094//503
f 1090//294 1095//299 1097//373 1096//504
f 1095//299 1099//430 1100//505 1097//373
f 1091//295 1098//374 1100//505 1099//430
f 1098//374 1093//397 1094//503 1100//505
f 1094//503 1097//373 1100//505
f 1101//305 1104//398 1106//377 1105//309
f 1104//398 1108//379 1109//380 1106//377
f 1102//306 1107//378 1109//380 1108//379
f 1107//378 1111//381 1112//484 1109//380
f 1103//307 1110//495 1112//484 1111//381
f 1110//495 1105//309 1106//377 1112//484
f 1106//377 1109//380 1112//484
f 1055//346 1018//317 1024//322 1062//350
f 1062//350 1024//322 1020//319 1057//500
f 1057//500 1020//319 1017//244 1053//269
f 1018//317 1030//327 1036//332 1023//321
f 1023//321 1036//332 1032//441 1027//454
f 1027//454 1032//441 1029//496 1019//3
f 1030//327 1042//336 1048//411 1035//331
f 1035//331 1048//411 1044//338 1039//497
f 1039//497 1044//338 1041//257 1031//251
f 1042//336 1055//346 1063//351 1047//341
f 1047//341 1063//351 1059//415 1051//344
f 1051//344 1059//415 1054//388 1043//337
f 1065//73 1077//85 1081//89 1068//76
f 1068//76 1081//89 1086//366 1072//80
f 1072//80 1086//366 1079//288 1066//281
f 1078//287 1089//293 1093//397 1083//396
f 1083//396 1093//397 1098//374 1087//291
f 1087//291 1098//374 1091//295 1079//288
f 1090//294 1101//305 1105//309 1095//299
f 1095//299 1105//309 1110//495 1099//430
f 1099//430 1110//495 1103//307 1091//295
f 1102//306 1067//282 1075//393 1107//378
f 1107//378 1075//393 1071//284 1111//381
f 1111//381 1071//284 1066//281 1103//307
f 1031//251 1078//287 1084//364 1038//408
f 1038//408 1084//364 1080//88 1033//404
f 1033//404 1080//88 1077//85 1029//496
f 1067//282 1017//244 1021//5 1074//358
f 1074//358 1021//5 1026//10 1069//77
f 1069//77 1026//10 1019//3 1065//73
f 1043//337 1090//294 1096//504 1050//499
f 1050//499 1096//504 1092//369 1045//498
f 1045//498 1092//369 1089//293 1041//257
f 1101//305 1054//388 1060//391 1104//398
f 1104//398 1060//391 1056//272 1108//379
f 1108//379 1056//272 1053//269 1102//306
f 1053//269 1017//244 1067//282 1102//306
f 1018//317 1055//346 1042//336 1030//327
f 1019//3 1029//496 1077//85 1065//73
f 1031//251 1041//257 1089//293 1078//287
f 1043//337 1054//388 1101//305 1090//294
f 1066//281 1079//288 1091//295 1103//307
f 1209//245 1212//7 1214//9 1213//515
f 1212//7 1216//11 1217//517 1214//9
f 1210//513 1215//516 1217//517 1216//11
f 1215//516 1219//518 1220//519 1217//517
f 1211//514 1218//151 1220//519 1219//518
f 1218//151 1213//515 1214//9 1220//519
f 1214//9 1217//517 1220//519
f 1221//520 1224//523 1226//525 1225//524
f 1224//523 1228//527 1229//528 1226//525
f 1222//521 1227//526 1229//528 1228//527
f 1227//526 1231//530 1232//531 1229//528
f 1223//522 1230//529 1232//531 1231//530
f 1230//529 1225//524 1226//525 1232//531
f 1226//525 1229//528 1232//531
f 1249//548 1252//551 1254//553 1253//552
f 1252//551 1256//555 1257//556 1254//553
f 1250//549 1255//554 1257//556 1256//555
f 1255//554 1259//558 1260//559 1257//556
f 1251//550 1258//557 1260//559 1259//558
f 1258//557 1253//552 1254//553 1260//559
f 1254//553 1257//556 1260//559
f 1261//250 1264//562 1266//563 1265//20
f 1264//562 1268//202 1269//203 1266//563
f 1262//560 1267//564 1269//203 1268//202
f 1267//564 1271//565 1272//199 1269//203
f 1263//561 1270//16 1272//199 1271//565
f 1270//16 1265//20 1266//563 1272//199
f 1266//563 1269//203 1272//199
f 1273//566 1276//568 1278//570 1277//569
f 1276//568 1280//571 1281//572 1278//570
f 1274//567 1279//275 1281//572 1280//571
f 1279//275 1283//279 1284//574 1281//572
f 1275//271 1282//573 1284//574 1283//279
f 1282//573 1277//569 1278//570 1284//574
f 1278//570 1281//572 1284//574
f 1285//575 1288//578 1290//580 1289//579
f 1288//578 1292//582 1293//583 1290//580
f 1286//576 1291//581 1293//583 1292//582
f 1291//581 1295//585 1296//586 1293//583
f 1287//577 1294//584 1296//586 1295//585
f 1294//584 1289//579 1290//580 1296//586
f 1290//580 1293//583 1296//586
f 1313//603 1316//606 1318//608 1317//607
f 1316//606 1320//610 1321//611 1318//608
f 1314//604 1319//609 1321//611 1320//610
f 1319//609 1323//613 1324//614 1321//611
f 1315//605 1322//612 1324//614 1323//613
f 1322//612 1317//607 1318//608 1324//614
f 1318//608 1321//611 1324//614
f 1325//615 1328//617 1330//619 1329//618
f 1328//617 1332//621 1333//622 1330//619
f 1326//507 1331//620 1333//622 1332//621
f 1331//620 1335//267 1336//624 1333//622
f 1327//616 1334//623 1336//624 1335//267
f 1334//623 1329//618 1330//619 1336//624
f 1330//619 1333//622 1336//624
f 1263//561 1210//513 1216//11 1270//16
f 1270//16 1216//11 1212//7 1265//20
f 1265//20 1212//7 1209//245 1261//250
f 1210//513 1222//521 1228//527 1215//516
f 1215//516 1228//527 1224//523 1219//518
f 1219//518 1224//523 1221//520 1211//514
f 1222//521 1233//532 1235//534 1227//526
f 1227//526 1235//534 1236//535 1231//530
f 1231//530 1236//535 1234//533 1223//522
f 1233//532 1237//536 1239//538 1235//534
f 1235//534 1239//538 1240//539 1236//535
f 1236//535 1240//539 1238//537 1234//533
f 1237//536 1241//540 1243//542 1239//538
f 1239//538 1243//542 1244//543 1240//539
f 1240//539 1244//543 1242//541 1238//537
f 1241//540 1245//544 1247//546 1243//542
f 1243//542 1247//546 1248//547 1244//543
f 1244//543 1248//547 1246//545 1242//541
f 1245//544 1250//549 1256//555 1247//546
f 1247//546 1256//555 1252//551 1248//547
f 1248//547 1252//551 1249//548 1246//545
f 1250//549 1263//561 1271//565 1255//554
f 1255//554 1271//565 1267//564 1259//558
f 1259//558 1267//564 1262//560 1251//550
f 1273//566 1285//575 1289//579 1276//568
f 1276//568 1289//579 1294//584 1280//571
f 1280//571 1294//584 1287//577 1274//567
f 1286//576 1297//587 1299//589 1291//581
f 1291//581 1299//589 1300//590 1295//585
f 1295//585 1300//590 1298//588 1287//577
f 1297//587 1301//591 1303//593 1299//589
f 1299//589 1303//593 1304//594 1300//590
f 1300//590 1304//594 1302//592 1298//588
f 1301//591 1305//595 1307//597 1303//593
f 1303//593 1307//597 1308//598 1304//594
f 1304//594 1308//598 1306//596 1302//592
f 1305//595 1309//599 1311//601 1307//597
f 1307//597 1311//601 1312//602 1308//598
f 1308//598 1312//602 1310//600 1306//596
f 1309//599 1313//603 1317//607 1311//601
f 1311//601 1317//607 1322//612 1312//602
f 1312//602 1322//612 1315//605 1310//600
f 1314//604 1325//615 1329//618 1319//609
f 1319//609 1329//618 1334//623 1323//613
f 1323//613 1334//623 1327//616 1315//605
f 1326//507 1275//271 1283//279 1331//620
f 1331//620 1283//279 1279//275 1335//267
f 1335//267 1279//275 1274//567 1327//616
f 1251//550 1314//604 1320//610 1258//557
f 1258//557 1320//610 1316//606 1253//552
f 1253//552 1316//606 1313//603 1249//548
f 1285//575 1221//520 1225//524 1288//578
f 1288//578 1225//524 1230//529 1292//582
f 1292//582 1230//529 1223//522 1286//576
f 1211//514 1273//566 1277//569 1218//151
f 1218//151 1277//569 1282//573 1213//515
f 1213//515 1282//573 1275//271 1209//245
f 1325//615 1262//560 1268//202 1328//617
f 1328//617 1268//202 1264//562 1332//621
f 1332//621 1264//562 1261//250 1326//507
f 1261//250 1209//245 1275//271 1326//507
f 1210//513 1263//561 1250//549 1245//544 1241//540 1237//536 1233//532 1222//521
f 1211//514 1221//520 1285//575 1273//566
f 1223//522 1234//533 1297//587 1286//576
f 1234//533 1238//537 1301//591 1297//587
f 1238//537 1242//541 1305//595 1301//591
f 1242//541 1246//545 1309//599 1305//595
f 1246//545 1249//548 1313//603 1309//599
f 1251//550 1262//560 1325//615 1314//604
f 1274//567 1287//577 1298//588 1302//592 1306//596 1310//600 1315//605 1327//616
usemtl Van_Plate
f 1337//244 1340//151 1342//6 1341//5
f 1340//151 1344//515 1345//9 1342//6
f 1338//625 1343//626 1345//9 1344//515
f 1343//626 1347//11 1348//325 1345//9
f 1339//3 1346//323 1348//325 1347//11
f 1346//323 1341//5 1342//6 1348//325
f 1342//6 1345//9 1348//325
f 1349//13 1352//16 1354//199 1353//456
f 1352//16 1356//627 1357//21 1354//199
f 1350//195 1355//562 1357//21 1356//627
f 1355//562 1359//202 1360//24 1357//21
f 1351//251 1358//22 1360//24 1359//202
f 1358//22 1353//456 1354//199 1360//24
f 1354//199 1357//21 1360//24
f 1361//257 1364//617 1366//262 1365//261
f 1364//617 1368//621 1369//622 1366//262
f 1362//628 1367//629 1369//622 1368//621
f 1367//629 1371//267 1372//459 1369//622
f 1363//259 1370//266 1372//459 1371//267
f 1370//266 1365//261 1366//262 1372//459
f 1366//262 1369//622 1372//459
f 1373//269 1376//272 1378//274 1377//569
f 1376//272 1380//276 1381//631 1378//274
f 1374//270 1379//275 1381//631 1380//276
f 1379//275 1383//632 1384//633 1381//631
f 1375//630 1382//573 1384//633 1383//632
f 1382//573 1377//569 1378//274 1384//633
f 1378//274 1381//631 1384//633
f 1385//73 1388//76 1390//501 1389//77
f 1388//76 1392//356 1393//357 1390//501
f 1386//281 1391//284 1393//357 1392//356
f 1391//284 1395//393 1396//360 1393//357
f 1387//282 1394//444 1396//360 1395//393
f 1394//444 1389//77 1390//501 1396//360
f 1390//501 1393//357 1396//360
f 1397//85 1400//88 1402//289 1401//89
f 1400//88 1404//635 1405//365 1402//289
f 1398//287 1403//363 1405//365 1404//635
f 1403//363 1407//637 1408//292 1405//365
f 1399//634 1406//636 1408//292 1407//637
f 1406//636 1401//89 1402//289 1408//292
f 1402//289 1405//365 1408//292
f 1409//293 1412//369 1414//370 1413//297
f 1412//369 1416//372 1417//475 1414//370
f 1410//294 1415//299 1417//475 1416//372
f 1415//299 1419//640 1420//304 1417//475
f 1411//638 1418//639 1420//304 1419//640
f 1418//639 1413//297 1414//370 1420//304
f 1414//370 1417//475 1420//304
f 1421//305 1424//478 1426//642 1425//309
f 1424//478 1428//643 1429//380 1426//642
f 1422//306 1427//311 1429//380 1428//643
f 1427//311 1431//483 1432//316 1429//380
f 1423//641 1430//644 1432//316 1431//483
f 1430//644 1425//309 1426//642 1432//316
f 1426//642 1429//380 1432//316
f 1375//630 1338//625 1344//515 1382//573
f 1382//573 1344//515 1340//151 1377//569
f 1377//569 1340//151 1337//244 1373//269
f 1338//625 1350//195 1356//627 1343//626
f 1343//626 1356//627 1352//16 1347//11
f 1347//11 1352//16 1349//13 1339//3
f 1350//195 1362//628 1368//621 1355//562
f 1355//562 1368//621 1364//617 1359//202
f 1359//202 1364//617 1361//257 1351//251
f 1362//628 1375//630 1383//632 1367//629
f 1367//629 1383//632 1379//275 1371//267
f 1371//267 1379//275 1374//270 1363//259
f 1385//73 1397//85 1401//89 1388//76
f 1388//76 1401//89 1406//636 1392//356
f 1392//356 1406//636 1399//634 1386//281
f 1398//287 1409//293 1413//297 1403//363
f 1403//363 1413//297 1418//639 1407//637
f 1407//637 1418//639 1411//638 1399//634
f 1410//294 1421//305 1425//309 1415//299
f 1415//299 1425//309 1430//644 1419//640
f 1419//640 1430//644 1423//641 1411//638
f 1422//306 1387//282 1395//393 1427//311
f 1427//311 1395//393 1391//284 1431//483
f 1431//483 1391//284 1386//281 1423//641
f 1373//269 1422//306 1428//643 1376//272
f 1376//272 1428//643 1424//478 1380//276
f 1380//276 1424//478 1421//305 1374//270
f 1409//293 1361//257 1365//261 1412//369
f 1412//369 1365//261 1370//266 1416//372
f 1416//372 1370//266 1363//259 1410//294
f 1351//251 1398//287 1404//635 1358//22
f 1358//22 1404//635 1400//88 1353//456
f 1353//456 1400//88 1397//85 1349//13
f 1387//282 1337//244 1341//5 1394//444
f 1394//444 1341//5 1346//323 1389//77
f 1389//77 1346//323 1339//3 1385//73
f 1373//269 1337//244 1387//282 1422//306
f 1338//625 1375//630 1362//628 1350//195
f 1339//3 1349//13 1397//85 1385//73
f 1351//251 1361//257 1409//293 1398//287
f 1363//259 1374//270 1421//305 1410//294
f 1386//281 1399//634 1411//638 1423//641
